
===========================================================================
report_checks -path_delay min (Hold)
============================================================================
======================= nom_tt_025C_1v80 Corner ===================================

Startpoint: _3165_ (rising edge-triggered flip-flop clocked by clk)
Endpoint: _3166_ (rising edge-triggered flip-flop clocked by clk)
Path Group: clk
Path Type: min

Fanout         Cap        Slew       Delay        Time   Description
---------------------------------------------------------------------------------------------
                                  0.000000    0.000000   clock clk (rise edge)
                                  0.000000    0.000000   clock source latency
     1    0.020000    0.095779    0.066087    0.066087 ^ clk (in)
                                                         clk (net)
                      0.095805    0.000000    0.066087 ^ clkbuf_0_clk/A (sky130_fd_sc_hd__clkbuf_16)
    16    0.094658    0.110614    0.199662    0.265749 ^ clkbuf_0_clk/X (sky130_fd_sc_hd__clkbuf_16)
                                                         clknet_0_clk (net)
                      0.110815    0.003356    0.269105 ^ clkbuf_4_0_0_clk/A (sky130_fd_sc_hd__clkbuf_8)
    24    0.065579    0.123215    0.209510    0.478615 ^ clkbuf_4_0_0_clk/X (sky130_fd_sc_hd__clkbuf_8)
                                                         clknet_4_0_0_clk (net)
                      0.123603    0.005617    0.484232 ^ _3165_/CLK (sky130_fd_sc_hd__dfrtp_1)
     2    0.003932    0.053715    0.351944    0.836176 ^ _3165_/Q (sky130_fd_sc_hd__dfrtp_1)
                                                         sclk_s0 (net)
                      0.053715    0.000062    0.836238 ^ hold25/A (sky130_fd_sc_hd__dlygate4sd3_1)
     2    0.005260    0.074340    0.557599    1.393837 ^ hold25/X (sky130_fd_sc_hd__dlygate4sd3_1)
                                                         net30 (net)
                      0.074340    0.000136    1.393973 ^ _3166_/D (sky130_fd_sc_hd__dfrtp_1)
                                              1.393973   data arrival time

                                  0.000000    0.000000   clock clk (rise edge)
                                  0.000000    0.000000   clock source latency
     1    0.020000    0.095779    0.066087    0.066087 ^ clk (in)
                                                         clk (net)
                      0.095805    0.000000    0.066087 ^ clkbuf_0_clk/A (sky130_fd_sc_hd__clkbuf_16)
    16    0.094658    0.110614    0.199662    0.265749 ^ clkbuf_0_clk/X (sky130_fd_sc_hd__clkbuf_16)
                                                         clknet_0_clk (net)
                      0.110815    0.003356    0.269105 ^ clkbuf_4_0_0_clk/A (sky130_fd_sc_hd__clkbuf_8)
    24    0.065579    0.123215    0.209510    0.478615 ^ clkbuf_4_0_0_clk/X (sky130_fd_sc_hd__clkbuf_8)
                                                         clknet_4_0_0_clk (net)
                      0.123620    0.005735    0.484350 ^ _3166_/CLK (sky130_fd_sc_hd__dfrtp_1)
                                  0.500000    0.984350   clock uncertainty
                                  0.000000    0.984350   clock reconvergence pessimism
                                 -0.030113    0.954238   library hold time
                                              0.954238   data required time
---------------------------------------------------------------------------------------------
                                              0.954238   data required time
                                             -1.393973   data arrival time
---------------------------------------------------------------------------------------------
                                              0.439735   slack (MET)


Startpoint: _3058_ (rising edge-triggered flip-flop clocked by clk)
Endpoint: _3068_ (rising edge-triggered flip-flop clocked by clk)
Path Group: clk
Path Type: min

Fanout         Cap        Slew       Delay        Time   Description
---------------------------------------------------------------------------------------------
                                  0.000000    0.000000   clock clk (rise edge)
                                  0.000000    0.000000   clock source latency
     1    0.020000    0.095779    0.066087    0.066087 ^ clk (in)
                                                         clk (net)
                      0.095805    0.000000    0.066087 ^ clkbuf_0_clk/A (sky130_fd_sc_hd__clkbuf_16)
    16    0.094658    0.110614    0.199662    0.265749 ^ clkbuf_0_clk/X (sky130_fd_sc_hd__clkbuf_16)
                                                         clknet_0_clk (net)
                      0.110797    0.003163    0.268912 ^ clkbuf_4_12_0_clk/A (sky130_fd_sc_hd__clkbuf_8)
     8    0.055901    0.107020    0.199581    0.468493 ^ clkbuf_4_12_0_clk/X (sky130_fd_sc_hd__clkbuf_8)
                                                         clknet_4_12_0_clk (net)
                      0.107048    0.001668    0.470162 ^ _3058_/CLK (sky130_fd_sc_hd__dfrtp_4)
     2    0.021079    0.092066    0.459904    0.930066 ^ _3058_/Q (sky130_fd_sc_hd__dfrtp_4)
                                                         my_sum_sub.al_sb_eff (net)
                      0.092066    0.000797    0.930863 ^ _2211_/A (sky130_fd_sc_hd__xor2_4)
    14    0.044829    0.081284    0.141524    1.072387 v _2211_/X (sky130_fd_sc_hd__xor2_4)
                                                         _0546_ (net)
                      0.081462    0.003310    1.075697 v _2229_/A1 (sky130_fd_sc_hd__a21oi_1)
     1    0.007155    0.167207    0.193693    1.269390 ^ _2229_/Y (sky130_fd_sc_hd__a21oi_1)
                                                         _0564_ (net)
                      0.167264    0.000396    1.269786 ^ _2230_/A1 (sky130_fd_sc_hd__mux2_1)
     1    0.002592    0.039835    0.152909    1.422695 ^ _2230_/X (sky130_fd_sc_hd__mux2_1)
                                                         _0327_ (net)
                      0.039835    0.000056    1.422751 ^ _3068_/D (sky130_fd_sc_hd__dfrtp_4)
                                              1.422751   data arrival time

                                  0.000000    0.000000   clock clk (rise edge)
                                  0.000000    0.000000   clock source latency
     1    0.020000    0.095779    0.066087    0.066087 ^ clk (in)
                                                         clk (net)
                      0.095805    0.000000    0.066087 ^ clkbuf_0_clk/A (sky130_fd_sc_hd__clkbuf_16)
    16    0.094658    0.110614    0.199662    0.265749 ^ clkbuf_0_clk/X (sky130_fd_sc_hd__clkbuf_16)
                                                         clknet_0_clk (net)
                      0.110825    0.003460    0.269209 ^ clkbuf_4_14_0_clk/A (sky130_fd_sc_hd__clkbuf_8)
    11    0.062213    0.117386    0.207506    0.476715 ^ clkbuf_4_14_0_clk/X (sky130_fd_sc_hd__clkbuf_8)
                                                         clknet_4_14_0_clk (net)
                      0.117398    0.001244    0.477959 ^ _3068_/CLK (sky130_fd_sc_hd__dfrtp_4)
                                  0.500000    0.977959   clock uncertainty
                                  0.000000    0.977959   clock reconvergence pessimism
                                 -0.023798    0.954161   library hold time
                                              0.954161   data required time
---------------------------------------------------------------------------------------------
                                              0.954161   data required time
                                             -1.422751   data arrival time
---------------------------------------------------------------------------------------------
                                              0.468591   slack (MET)


Startpoint: _3114_ (rising edge-triggered flip-flop clocked by clk)
Endpoint: _3087_ (rising edge-triggered flip-flop clocked by clk)
Path Group: clk
Path Type: min

Fanout         Cap        Slew       Delay        Time   Description
---------------------------------------------------------------------------------------------
                                  0.000000    0.000000   clock clk (rise edge)
                                  0.000000    0.000000   clock source latency
     1    0.020000    0.095779    0.066087    0.066087 ^ clk (in)
                                                         clk (net)
                      0.095805    0.000000    0.066087 ^ clkbuf_0_clk/A (sky130_fd_sc_hd__clkbuf_16)
    16    0.094658    0.110614    0.199662    0.265749 ^ clkbuf_0_clk/X (sky130_fd_sc_hd__clkbuf_16)
                                                         clknet_0_clk (net)
                      0.110680    0.002494    0.268243 ^ clkbuf_4_5_0_clk/A (sky130_fd_sc_hd__clkbuf_8)
    10    0.056613    0.108440    0.200680    0.468923 ^ clkbuf_4_5_0_clk/X (sky130_fd_sc_hd__clkbuf_8)
                                                         clknet_4_5_0_clk (net)
                      0.108464    0.001553    0.470477 ^ _3114_/CLK (sky130_fd_sc_hd__dfrtp_1)
     2    0.005385    0.064695    0.356146    0.826623 ^ _3114_/Q (sky130_fd_sc_hd__dfrtp_1)
                                                         shift_in[3] (net)
                      0.064695    0.000089    0.826712 ^ _2140_/A (sky130_fd_sc_hd__or3_1)
     2    0.010477    0.103323    0.150477    0.977188 ^ _2140_/X (sky130_fd_sc_hd__or3_1)
                                                         _0501_ (net)
                      0.103323    0.000311    0.977499 ^ _2146_/B (sky130_fd_sc_hd__or3b_1)
     1    0.005840    0.063388    0.133844    1.111343 ^ _2146_/X (sky130_fd_sc_hd__or3b_1)
                                                         _0505_ (net)
                      0.063388    0.000215    1.111558 ^ _2147_/B (sky130_fd_sc_hd__nand2_2)
     7    0.026983    0.111815    0.115312    1.226870 v _2147_/Y (sky130_fd_sc_hd__nand2_2)
                                                         _0506_ (net)
                      0.111869    0.002036    1.228906 v _2153_/B1 (sky130_fd_sc_hd__o22a_1)
     1    0.002982    0.037547    0.197811    1.426717 v _2153_/X (sky130_fd_sc_hd__o22a_1)
                                                         _0346_ (net)
                      0.037548    0.000097    1.426814 v _3087_/D (sky130_fd_sc_hd__dfrtp_4)
                                              1.426814   data arrival time

                                  0.000000    0.000000   clock clk (rise edge)
                                  0.000000    0.000000   clock source latency
     1    0.020000    0.095779    0.066087    0.066087 ^ clk (in)
                                                         clk (net)
                      0.095805    0.000000    0.066087 ^ clkbuf_0_clk/A (sky130_fd_sc_hd__clkbuf_16)
    16    0.094658    0.110614    0.199662    0.265749 ^ clkbuf_0_clk/X (sky130_fd_sc_hd__clkbuf_16)
                                                         clknet_0_clk (net)
                      0.110825    0.003460    0.269209 ^ clkbuf_4_14_0_clk/A (sky130_fd_sc_hd__clkbuf_8)
    11    0.062213    0.117386    0.207506    0.476715 ^ clkbuf_4_14_0_clk/X (sky130_fd_sc_hd__clkbuf_8)
                                                         clknet_4_14_0_clk (net)
                      0.117410    0.001636    0.478351 ^ _3087_/CLK (sky130_fd_sc_hd__dfrtp_4)
                                  0.500000    0.978351   clock uncertainty
                                  0.000000    0.978351   clock reconvergence pessimism
                                 -0.022511    0.955840   library hold time
                                              0.955840   data required time
---------------------------------------------------------------------------------------------
                                              0.955840   data required time
                                             -1.426814   data arrival time
---------------------------------------------------------------------------------------------
                                              0.470975   slack (MET)


Startpoint: _3114_ (rising edge-triggered flip-flop clocked by clk)
Endpoint: _3090_ (rising edge-triggered flip-flop clocked by clk)
Path Group: clk
Path Type: min

Fanout         Cap        Slew       Delay        Time   Description
---------------------------------------------------------------------------------------------
                                  0.000000    0.000000   clock clk (rise edge)
                                  0.000000    0.000000   clock source latency
     1    0.020000    0.095779    0.066087    0.066087 ^ clk (in)
                                                         clk (net)
                      0.095805    0.000000    0.066087 ^ clkbuf_0_clk/A (sky130_fd_sc_hd__clkbuf_16)
    16    0.094658    0.110614    0.199662    0.265749 ^ clkbuf_0_clk/X (sky130_fd_sc_hd__clkbuf_16)
                                                         clknet_0_clk (net)
                      0.110680    0.002494    0.268243 ^ clkbuf_4_5_0_clk/A (sky130_fd_sc_hd__clkbuf_8)
    10    0.056613    0.108440    0.200680    0.468923 ^ clkbuf_4_5_0_clk/X (sky130_fd_sc_hd__clkbuf_8)
                                                         clknet_4_5_0_clk (net)
                      0.108464    0.001553    0.470477 ^ _3114_/CLK (sky130_fd_sc_hd__dfrtp_1)
     2    0.005385    0.064695    0.356146    0.826623 ^ _3114_/Q (sky130_fd_sc_hd__dfrtp_1)
                                                         shift_in[3] (net)
                      0.064695    0.000089    0.826712 ^ _2140_/A (sky130_fd_sc_hd__or3_1)
     2    0.010477    0.103323    0.150477    0.977188 ^ _2140_/X (sky130_fd_sc_hd__or3_1)
                                                         _0501_ (net)
                      0.103323    0.000311    0.977499 ^ _2146_/B (sky130_fd_sc_hd__or3b_1)
     1    0.005840    0.063388    0.133844    1.111343 ^ _2146_/X (sky130_fd_sc_hd__or3b_1)
                                                         _0505_ (net)
                      0.063388    0.000215    1.111558 ^ _2147_/B (sky130_fd_sc_hd__nand2_2)
     7    0.026983    0.111815    0.115312    1.226870 v _2147_/Y (sky130_fd_sc_hd__nand2_2)
                                                         _0506_ (net)
                      0.111853    0.001703    1.228573 v _2150_/B1 (sky130_fd_sc_hd__o22a_1)
     1    0.003017    0.037722    0.198085    1.426658 v _2150_/X (sky130_fd_sc_hd__o22a_1)
                                                         _0349_ (net)
                      0.037722    0.000096    1.426754 v _3090_/D (sky130_fd_sc_hd__dfrtp_4)
                                              1.426754   data arrival time

                                  0.000000    0.000000   clock clk (rise edge)
                                  0.000000    0.000000   clock source latency
     1    0.020000    0.095779    0.066087    0.066087 ^ clk (in)
                                                         clk (net)
                      0.095805    0.000000    0.066087 ^ clkbuf_0_clk/A (sky130_fd_sc_hd__clkbuf_16)
    16    0.094658    0.110614    0.199662    0.265749 ^ clkbuf_0_clk/X (sky130_fd_sc_hd__clkbuf_16)
                                                         clknet_0_clk (net)
                      0.110749    0.002556    0.268306 ^ clkbuf_4_9_0_clk/A (sky130_fd_sc_hd__clkbuf_8)
     7    0.054427    0.104678    0.197841    0.466146 ^ clkbuf_4_9_0_clk/X (sky130_fd_sc_hd__clkbuf_8)
                                                         clknet_4_9_0_clk (net)
                      0.104712    0.001799    0.467945 ^ _3090_/CLK (sky130_fd_sc_hd__dfrtp_4)
                                  0.500000    0.967945   clock uncertainty
                                  0.000000    0.967945   clock reconvergence pessimism
                                 -0.025476    0.942469   library hold time
                                              0.942469   data required time
---------------------------------------------------------------------------------------------
                                              0.942469   data required time
                                             -1.426754   data arrival time
---------------------------------------------------------------------------------------------
                                              0.484285   slack (MET)


Startpoint: _3114_ (rising edge-triggered flip-flop clocked by clk)
Endpoint: _3088_ (rising edge-triggered flip-flop clocked by clk)
Path Group: clk
Path Type: min

Fanout         Cap        Slew       Delay        Time   Description
---------------------------------------------------------------------------------------------
                                  0.000000    0.000000   clock clk (rise edge)
                                  0.000000    0.000000   clock source latency
     1    0.020000    0.095779    0.066087    0.066087 ^ clk (in)
                                                         clk (net)
                      0.095805    0.000000    0.066087 ^ clkbuf_0_clk/A (sky130_fd_sc_hd__clkbuf_16)
    16    0.094658    0.110614    0.199662    0.265749 ^ clkbuf_0_clk/X (sky130_fd_sc_hd__clkbuf_16)
                                                         clknet_0_clk (net)
                      0.110680    0.002494    0.268243 ^ clkbuf_4_5_0_clk/A (sky130_fd_sc_hd__clkbuf_8)
    10    0.056613    0.108440    0.200680    0.468923 ^ clkbuf_4_5_0_clk/X (sky130_fd_sc_hd__clkbuf_8)
                                                         clknet_4_5_0_clk (net)
                      0.108464    0.001553    0.470477 ^ _3114_/CLK (sky130_fd_sc_hd__dfrtp_1)
     2    0.005385    0.064695    0.356146    0.826623 ^ _3114_/Q (sky130_fd_sc_hd__dfrtp_1)
                                                         shift_in[3] (net)
                      0.064695    0.000089    0.826712 ^ _2140_/A (sky130_fd_sc_hd__or3_1)
     2    0.010477    0.103323    0.150477    0.977188 ^ _2140_/X (sky130_fd_sc_hd__or3_1)
                                                         _0501_ (net)
                      0.103323    0.000311    0.977499 ^ _2146_/B (sky130_fd_sc_hd__or3b_1)
     1    0.005840    0.063388    0.133844    1.111343 ^ _2146_/X (sky130_fd_sc_hd__or3b_1)
                                                         _0505_ (net)
                      0.063388    0.000215    1.111558 ^ _2147_/B (sky130_fd_sc_hd__nand2_2)
     7    0.026983    0.111815    0.115312    1.226870 v _2147_/Y (sky130_fd_sc_hd__nand2_2)
                                                         _0506_ (net)
                      0.111830    0.001071    1.227941 v _2152_/B1 (sky130_fd_sc_hd__o22a_1)
     1    0.003773    0.041260    0.203517    1.431458 v _2152_/X (sky130_fd_sc_hd__o22a_1)
                                                         _0347_ (net)
                      0.041260    0.000136    1.431595 v _3088_/D (sky130_fd_sc_hd__dfrtp_4)
                                              1.431595   data arrival time

                                  0.000000    0.000000   clock clk (rise edge)
                                  0.000000    0.000000   clock source latency
     1    0.020000    0.095779    0.066087    0.066087 ^ clk (in)
                                                         clk (net)
                      0.095805    0.000000    0.066087 ^ clkbuf_0_clk/A (sky130_fd_sc_hd__clkbuf_16)
    16    0.094658    0.110614    0.199662    0.265749 ^ clkbuf_0_clk/X (sky130_fd_sc_hd__clkbuf_16)
                                                         clknet_0_clk (net)
                      0.110680    0.002494    0.268243 ^ clkbuf_4_5_0_clk/A (sky130_fd_sc_hd__clkbuf_8)
    10    0.056613    0.108440    0.200680    0.468923 ^ clkbuf_4_5_0_clk/X (sky130_fd_sc_hd__clkbuf_8)
                                                         clknet_4_5_0_clk (net)
                      0.108449    0.001038    0.469961 ^ _3088_/CLK (sky130_fd_sc_hd__dfrtp_4)
                                  0.500000    0.969961   clock uncertainty
                                  0.000000    0.969961   clock reconvergence pessimism
                                 -0.026057    0.943905   library hold time
                                              0.943905   data required time
---------------------------------------------------------------------------------------------
                                              0.943905   data required time
                                             -1.431595   data arrival time
---------------------------------------------------------------------------------------------
                                              0.487690   slack (MET)


Startpoint: _3059_ (rising edge-triggered flip-flop clocked by clk)
Endpoint: _3062_ (rising edge-triggered flip-flop clocked by clk)
Path Group: clk
Path Type: min

Fanout         Cap        Slew       Delay        Time   Description
---------------------------------------------------------------------------------------------
                                  0.000000    0.000000   clock clk (rise edge)
                                  0.000000    0.000000   clock source latency
     1    0.020000    0.095779    0.066087    0.066087 ^ clk (in)
                                                         clk (net)
                      0.095805    0.000000    0.066087 ^ clkbuf_0_clk/A (sky130_fd_sc_hd__clkbuf_16)
    16    0.094658    0.110614    0.199662    0.265749 ^ clkbuf_0_clk/X (sky130_fd_sc_hd__clkbuf_16)
                                                         clknet_0_clk (net)
                      0.110797    0.003163    0.268912 ^ clkbuf_4_12_0_clk/A (sky130_fd_sc_hd__clkbuf_8)
     8    0.055901    0.107020    0.199581    0.468493 ^ clkbuf_4_12_0_clk/X (sky130_fd_sc_hd__clkbuf_8)
                                                         clknet_4_12_0_clk (net)
                      0.107038    0.001399    0.469893 ^ _3059_/CLK (sky130_fd_sc_hd__dfrtp_4)
    16    0.054705    0.173177    0.533864    1.003757 ^ _3059_/Q (sky130_fd_sc_hd__dfrtp_4)
                                                         my_sum_sub.al_b_larger (net)
                      0.173207    0.002350    1.006108 ^ _2261_/A1 (sky130_fd_sc_hd__a21o_1)
     1    0.002321    0.031766    0.129908    1.136016 ^ _2261_/X (sky130_fd_sc_hd__a21o_1)
                                                         _0590_ (net)
                      0.031766    0.000047    1.136063 ^ _2262_/B1 (sky130_fd_sc_hd__o21ai_1)
     1    0.004944    0.056021    0.063358    1.199421 v _2262_/Y (sky130_fd_sc_hd__o21ai_1)
                                                         _0591_ (net)
                      0.056021    0.000111    1.199533 v _2263_/B (sky130_fd_sc_hd__xnor2_1)
     1    0.002413    0.045353    0.124072    1.323605 ^ _2263_/Y (sky130_fd_sc_hd__xnor2_1)
                                                         _0592_ (net)
                      0.045353    0.000051    1.323655 ^ _2264_/A1 (sky130_fd_sc_hd__mux2_1)
     1    0.002491    0.039082    0.114835    1.438491 ^ _2264_/X (sky130_fd_sc_hd__mux2_1)
                                                         _0321_ (net)
                      0.039082    0.000054    1.438545 ^ _3062_/D (sky130_fd_sc_hd__dfrtp_1)
                                              1.438545   data arrival time

                                  0.000000    0.000000   clock clk (rise edge)
                                  0.000000    0.000000   clock source latency
     1    0.020000    0.095779    0.066087    0.066087 ^ clk (in)
                                                         clk (net)
                      0.095805    0.000000    0.066087 ^ clkbuf_0_clk/A (sky130_fd_sc_hd__clkbuf_16)
    16    0.094658    0.110614    0.199662    0.265749 ^ clkbuf_0_clk/X (sky130_fd_sc_hd__clkbuf_16)
                                                         clknet_0_clk (net)
                      0.110829    0.003508    0.269257 ^ clkbuf_4_13_0_clk/A (sky130_fd_sc_hd__clkbuf_8)
    10    0.057366    0.109640    0.201654    0.470911 ^ clkbuf_4_13_0_clk/X (sky130_fd_sc_hd__clkbuf_8)
                                                         clknet_4_13_0_clk (net)
                      0.109646    0.000950    0.471862 ^ _3062_/CLK (sky130_fd_sc_hd__dfrtp_1)
                                  0.500000    0.971862   clock uncertainty
                                  0.000000    0.971862   clock reconvergence pessimism
                                 -0.024700    0.947162   library hold time
                                              0.947162   data required time
---------------------------------------------------------------------------------------------
                                              0.947162   data required time
                                             -1.438545   data arrival time
---------------------------------------------------------------------------------------------
                                              0.491383   slack (MET)


Startpoint: _3085_ (rising edge-triggered flip-flop clocked by clk)
Endpoint: _3047_ (rising edge-triggered flip-flop clocked by clk)
Path Group: clk
Path Type: min

Fanout         Cap        Slew       Delay        Time   Description
---------------------------------------------------------------------------------------------
                                  0.000000    0.000000   clock clk (rise edge)
                                  0.000000    0.000000   clock source latency
     1    0.020000    0.095779    0.066087    0.066087 ^ clk (in)
                                                         clk (net)
                      0.095805    0.000000    0.066087 ^ clkbuf_0_clk/A (sky130_fd_sc_hd__clkbuf_16)
    16    0.094658    0.110614    0.199662    0.265749 ^ clkbuf_0_clk/X (sky130_fd_sc_hd__clkbuf_16)
                                                         clknet_0_clk (net)
                      0.110669    0.002310    0.268059 ^ clkbuf_4_6_0_clk/A (sky130_fd_sc_hd__clkbuf_8)
    12    0.053868    0.103792    0.197120    0.465179 ^ clkbuf_4_6_0_clk/X (sky130_fd_sc_hd__clkbuf_8)
                                                         clknet_4_6_0_clk (net)
                      0.103827    0.001796    0.466975 ^ _3085_/CLK (sky130_fd_sc_hd__dfrtp_4)
    20    0.072246    0.218629    0.566317    1.033291 ^ _3085_/Q (sky130_fd_sc_hd__dfrtp_4)
                                                         acc_reg[6] (net)
                      0.218651    0.002346    1.035637 ^ _2308_/A (sky130_fd_sc_hd__and2_2)
     3    0.023671    0.132050    0.259408    1.295045 ^ _2308_/X (sky130_fd_sc_hd__and2_2)
                                                         _0630_ (net)
                      0.132061    0.001308    1.296353 ^ _2370_/B2 (sky130_fd_sc_hd__a221o_1)
     1    0.002650    0.040026    0.151213    1.447566 ^ _2370_/X (sky130_fd_sc_hd__a221o_1)
                                                         _0306_ (net)
                      0.040026    0.000058    1.447624 ^ _3047_/D (sky130_fd_sc_hd__dfrtp_1)
                                              1.447624   data arrival time

                                  0.000000    0.000000   clock clk (rise edge)
                                  0.000000    0.000000   clock source latency
     1    0.020000    0.095779    0.066087    0.066087 ^ clk (in)
                                                         clk (net)
                      0.095805    0.000000    0.066087 ^ clkbuf_0_clk/A (sky130_fd_sc_hd__clkbuf_16)
    16    0.094658    0.110614    0.199662    0.265749 ^ clkbuf_0_clk/X (sky130_fd_sc_hd__clkbuf_16)
                                                         clknet_0_clk (net)
                      0.110829    0.003506    0.269255 ^ clkbuf_4_15_0_clk/A (sky130_fd_sc_hd__clkbuf_8)
    13    0.060153    0.113790    0.204562    0.473817 ^ clkbuf_4_15_0_clk/X (sky130_fd_sc_hd__clkbuf_8)
                                                         clknet_4_15_0_clk (net)
                      0.113830    0.002021    0.475838 ^ _3047_/CLK (sky130_fd_sc_hd__dfrtp_1)
                                  0.500000    0.975838   clock uncertainty
                                  0.000000    0.975838   clock reconvergence pessimism
                                 -0.024325    0.951513   library hold time
                                              0.951513   data required time
---------------------------------------------------------------------------------------------
                                              0.951513   data required time
                                             -1.447624   data arrival time
---------------------------------------------------------------------------------------------
                                              0.496111   slack (MET)


Startpoint: _3114_ (rising edge-triggered flip-flop clocked by clk)
Endpoint: _3082_ (rising edge-triggered flip-flop clocked by clk)
Path Group: clk
Path Type: min

Fanout         Cap        Slew       Delay        Time   Description
---------------------------------------------------------------------------------------------
                                  0.000000    0.000000   clock clk (rise edge)
                                  0.000000    0.000000   clock source latency
     1    0.020000    0.095779    0.066087    0.066087 ^ clk (in)
                                                         clk (net)
                      0.095805    0.000000    0.066087 ^ clkbuf_0_clk/A (sky130_fd_sc_hd__clkbuf_16)
    16    0.094658    0.110614    0.199662    0.265749 ^ clkbuf_0_clk/X (sky130_fd_sc_hd__clkbuf_16)
                                                         clknet_0_clk (net)
                      0.110680    0.002494    0.268243 ^ clkbuf_4_5_0_clk/A (sky130_fd_sc_hd__clkbuf_8)
    10    0.056613    0.108440    0.200680    0.468923 ^ clkbuf_4_5_0_clk/X (sky130_fd_sc_hd__clkbuf_8)
                                                         clknet_4_5_0_clk (net)
                      0.108464    0.001553    0.470477 ^ _3114_/CLK (sky130_fd_sc_hd__dfrtp_1)
     2    0.005385    0.064695    0.356146    0.826623 ^ _3114_/Q (sky130_fd_sc_hd__dfrtp_1)
                                                         shift_in[3] (net)
                      0.064695    0.000089    0.826712 ^ _2140_/A (sky130_fd_sc_hd__or3_1)
     2    0.010477    0.103323    0.150477    0.977188 ^ _2140_/X (sky130_fd_sc_hd__or3_1)
                                                         _0501_ (net)
                      0.103324    0.000561    0.977749 ^ _2142_/A2 (sky130_fd_sc_hd__a2111o_2)
     1    0.018638    0.094211    0.199185    1.176934 ^ _2142_/X (sky130_fd_sc_hd__a2111o_2)
                                                         _0503_ (net)
                      0.094212    0.000460    1.177394 ^ _2143_/B (sky130_fd_sc_hd__nor2_8)
    17    0.071581    0.059814    0.076142    1.253536 v _2143_/Y (sky130_fd_sc_hd__nor2_8)
                                                         _0504_ (net)
                      0.060384    0.004613    1.258149 v _2158_/S (sky130_fd_sc_hd__mux2_1)
     1    0.002564    0.039510    0.194030    1.452178 ^ _2158_/X (sky130_fd_sc_hd__mux2_1)
                                                         _0341_ (net)
                      0.039510    0.000056    1.452234 ^ _3082_/D (sky130_fd_sc_hd__dfrtp_4)
                                              1.452234   data arrival time

                                  0.000000    0.000000   clock clk (rise edge)
                                  0.000000    0.000000   clock source latency
     1    0.020000    0.095779    0.066087    0.066087 ^ clk (in)
                                                         clk (net)
                      0.095805    0.000000    0.066087 ^ clkbuf_0_clk/A (sky130_fd_sc_hd__clkbuf_16)
    16    0.094658    0.110614    0.199662    0.265749 ^ clkbuf_0_clk/X (sky130_fd_sc_hd__clkbuf_16)
                                                         clknet_0_clk (net)
                      0.110752    0.002595    0.268344 ^ clkbuf_4_7_0_clk/A (sky130_fd_sc_hd__clkbuf_8)
    17    0.062819    0.118024    0.207981    0.476324 ^ clkbuf_4_7_0_clk/X (sky130_fd_sc_hd__clkbuf_8)
                                                         clknet_4_7_0_clk (net)
                      0.118090    0.002572    0.478897 ^ _3082_/CLK (sky130_fd_sc_hd__dfrtp_4)
                                  0.500000    0.978897   clock uncertainty
                                  0.000000    0.978897   clock reconvergence pessimism
                                 -0.023636    0.955260   library hold time
                                              0.955260   data required time
---------------------------------------------------------------------------------------------
                                              0.955260   data required time
                                             -1.452234   data arrival time
---------------------------------------------------------------------------------------------
                                              0.496973   slack (MET)


Startpoint: _3048_ (rising edge-triggered flip-flop clocked by clk)
Endpoint: _3067_ (rising edge-triggered flip-flop clocked by clk)
Path Group: clk
Path Type: min

Fanout         Cap        Slew       Delay        Time   Description
---------------------------------------------------------------------------------------------
                                  0.000000    0.000000   clock clk (rise edge)
                                  0.000000    0.000000   clock source latency
     1    0.020000    0.095779    0.066087    0.066087 ^ clk (in)
                                                         clk (net)
                      0.095805    0.000000    0.066087 ^ clkbuf_0_clk/A (sky130_fd_sc_hd__clkbuf_16)
    16    0.094658    0.110614    0.199662    0.265749 ^ clkbuf_0_clk/X (sky130_fd_sc_hd__clkbuf_16)
                                                         clknet_0_clk (net)
                      0.110829    0.003508    0.269257 ^ clkbuf_4_13_0_clk/A (sky130_fd_sc_hd__clkbuf_8)
    10    0.057366    0.109640    0.201654    0.470911 ^ clkbuf_4_13_0_clk/X (sky130_fd_sc_hd__clkbuf_8)
                                                         clknet_4_13_0_clk (net)
                      0.109667    0.001675    0.472586 ^ _3048_/CLK (sky130_fd_sc_hd__dfrtp_1)
     3    0.008458    0.088933    0.377239    0.849825 ^ _3048_/Q (sky130_fd_sc_hd__dfrtp_1)
                                                         my_sum_sub.al_ma[7] (net)
                      0.088933    0.000273    0.850098 ^ _2175_/B (sky130_fd_sc_hd__and2b_1)
     2    0.004970    0.058754    0.139228    0.989327 ^ _2175_/X (sky130_fd_sc_hd__and2b_1)
                                                         _0510_ (net)
                      0.058754    0.000078    0.989404 ^ _2206_/B (sky130_fd_sc_hd__or2_1)
     2    0.008370    0.087830    0.129131    1.118535 ^ _2206_/X (sky130_fd_sc_hd__or2_1)
                                                         _0541_ (net)
                      0.087830    0.000174    1.118709 ^ _2207_/A (sky130_fd_sc_hd__inv_2)
     2    0.009076    0.034054    0.049459    1.168168 v _2207_/Y (sky130_fd_sc_hd__inv_2)
                                                         _0542_ (net)
                      0.034055    0.000270    1.168437 v _2238_/A (sky130_fd_sc_hd__xnor2_1)
     1    0.003546    0.056300    0.150759    1.319197 ^ _2238_/Y (sky130_fd_sc_hd__xnor2_1)
                                                         _0572_ (net)
                      0.056300    0.000119    1.319315 ^ _2239_/A1 (sky130_fd_sc_hd__mux2_1)
     1    0.003976    0.050383    0.129744    1.449060 ^ _2239_/X (sky130_fd_sc_hd__mux2_1)
                                                         _0326_ (net)
                      0.050383    0.000150    1.449209 ^ _3067_/D (sky130_fd_sc_hd__dfrtp_4)
                                              1.449209   data arrival time

                                  0.000000    0.000000   clock clk (rise edge)
                                  0.000000    0.000000   clock source latency
     1    0.020000    0.095779    0.066087    0.066087 ^ clk (in)
                                                         clk (net)
                      0.095805    0.000000    0.066087 ^ clkbuf_0_clk/A (sky130_fd_sc_hd__clkbuf_16)
    16    0.094658    0.110614    0.199662    0.265749 ^ clkbuf_0_clk/X (sky130_fd_sc_hd__clkbuf_16)
                                                         clknet_0_clk (net)
                      0.110829    0.003506    0.269255 ^ clkbuf_4_15_0_clk/A (sky130_fd_sc_hd__clkbuf_8)
    13    0.060153    0.113790    0.204562    0.473817 ^ clkbuf_4_15_0_clk/X (sky130_fd_sc_hd__clkbuf_8)
                                                         clknet_4_15_0_clk (net)
                      0.113860    0.002582    0.476399 ^ _3067_/CLK (sky130_fd_sc_hd__dfrtp_4)
                                  0.500000    0.976399   clock uncertainty
                                  0.000000    0.976399   clock reconvergence pessimism
                                 -0.026474    0.949925   library hold time
                                              0.949925   data required time
---------------------------------------------------------------------------------------------
                                              0.949925   data required time
                                             -1.449209   data arrival time
---------------------------------------------------------------------------------------------
                                              0.499284   slack (MET)


Startpoint: _3114_ (rising edge-triggered flip-flop clocked by clk)
Endpoint: _3084_ (rising edge-triggered flip-flop clocked by clk)
Path Group: clk
Path Type: min

Fanout         Cap        Slew       Delay        Time   Description
---------------------------------------------------------------------------------------------
                                  0.000000    0.000000   clock clk (rise edge)
                                  0.000000    0.000000   clock source latency
     1    0.020000    0.095779    0.066087    0.066087 ^ clk (in)
                                                         clk (net)
                      0.095805    0.000000    0.066087 ^ clkbuf_0_clk/A (sky130_fd_sc_hd__clkbuf_16)
    16    0.094658    0.110614    0.199662    0.265749 ^ clkbuf_0_clk/X (sky130_fd_sc_hd__clkbuf_16)
                                                         clknet_0_clk (net)
                      0.110680    0.002494    0.268243 ^ clkbuf_4_5_0_clk/A (sky130_fd_sc_hd__clkbuf_8)
    10    0.056613    0.108440    0.200680    0.468923 ^ clkbuf_4_5_0_clk/X (sky130_fd_sc_hd__clkbuf_8)
                                                         clknet_4_5_0_clk (net)
                      0.108464    0.001553    0.470477 ^ _3114_/CLK (sky130_fd_sc_hd__dfrtp_1)
     2    0.005385    0.064695    0.356146    0.826623 ^ _3114_/Q (sky130_fd_sc_hd__dfrtp_1)
                                                         shift_in[3] (net)
                      0.064695    0.000089    0.826712 ^ _2140_/A (sky130_fd_sc_hd__or3_1)
     2    0.010477    0.103323    0.150477    0.977188 ^ _2140_/X (sky130_fd_sc_hd__or3_1)
                                                         _0501_ (net)
                      0.103324    0.000561    0.977749 ^ _2142_/A2 (sky130_fd_sc_hd__a2111o_2)
     1    0.018638    0.094211    0.199185    1.176934 ^ _2142_/X (sky130_fd_sc_hd__a2111o_2)
                                                         _0503_ (net)
                      0.094212    0.000460    1.177394 ^ _2143_/B (sky130_fd_sc_hd__nor2_8)
    17    0.071581    0.059814    0.076142    1.253536 v _2143_/Y (sky130_fd_sc_hd__nor2_8)
                                                         _0504_ (net)
                      0.060192    0.003761    1.257296 v _2156_/S (sky130_fd_sc_hd__mux2_1)
     1    0.002783    0.041162    0.195588    1.452885 ^ _2156_/X (sky130_fd_sc_hd__mux2_1)
                                                         _0343_ (net)
                      0.041162    0.000066    1.452951 ^ _3084_/D (sky130_fd_sc_hd__dfrtp_4)
                                              1.452951   data arrival time

                                  0.000000    0.000000   clock clk (rise edge)
                                  0.000000    0.000000   clock source latency
     1    0.020000    0.095779    0.066087    0.066087 ^ clk (in)
                                                         clk (net)
                      0.095805    0.000000    0.066087 ^ clkbuf_0_clk/A (sky130_fd_sc_hd__clkbuf_16)
    16    0.094658    0.110614    0.199662    0.265749 ^ clkbuf_0_clk/X (sky130_fd_sc_hd__clkbuf_16)
                                                         clknet_0_clk (net)
                      0.110752    0.002595    0.268344 ^ clkbuf_4_7_0_clk/A (sky130_fd_sc_hd__clkbuf_8)
    17    0.062819    0.118024    0.207981    0.476324 ^ clkbuf_4_7_0_clk/X (sky130_fd_sc_hd__clkbuf_8)
                                                         clknet_4_7_0_clk (net)
                      0.118035    0.001272    0.477597 ^ _3084_/CLK (sky130_fd_sc_hd__dfrtp_4)
                                  0.500000    0.977597   clock uncertainty
                                  0.000000    0.977597   clock reconvergence pessimism
                                 -0.023987    0.953610   library hold time
                                              0.953610   data required time
---------------------------------------------------------------------------------------------
                                              0.953610   data required time
                                             -1.452951   data arrival time
---------------------------------------------------------------------------------------------
                                              0.499341   slack (MET)


Startpoint: _2998_ (rising edge-triggered flip-flop clocked by clk)
Endpoint: _3012_ (rising edge-triggered flip-flop clocked by clk)
Path Group: clk
Path Type: min

Fanout         Cap        Slew       Delay        Time   Description
---------------------------------------------------------------------------------------------
                                  0.000000    0.000000   clock clk (rise edge)
                                  0.000000    0.000000   clock source latency
     1    0.020000    0.095779    0.066087    0.066087 ^ clk (in)
                                                         clk (net)
                      0.095805    0.000000    0.066087 ^ clkbuf_0_clk/A (sky130_fd_sc_hd__clkbuf_16)
    16    0.094658    0.110614    0.199662    0.265749 ^ clkbuf_0_clk/X (sky130_fd_sc_hd__clkbuf_16)
                                                         clknet_0_clk (net)
                      0.110815    0.003356    0.269105 ^ clkbuf_4_0_0_clk/A (sky130_fd_sc_hd__clkbuf_8)
    24    0.065579    0.123215    0.209510    0.478615 ^ clkbuf_4_0_0_clk/X (sky130_fd_sc_hd__clkbuf_8)
                                                         clknet_4_0_0_clk (net)
                      0.123320    0.002980    0.481595 ^ _2998_/CLK (sky130_fd_sc_hd__dfrtp_1)
     2    0.006049    0.069911    0.366098    0.847693 ^ _2998_/Q (sky130_fd_sc_hd__dfrtp_1)
                                                         my_divider.counter[1] (net)
                      0.069911    0.000168    0.847861 ^ _1548_/B (sky130_fd_sc_hd__or4b_1)
     3    0.011670    0.113988    0.163981    1.011842 ^ _1548_/X (sky130_fd_sc_hd__or4b_1)
                                                         _1093_ (net)
                      0.113988    0.000326    1.012168 ^ _2689_/B (sky130_fd_sc_hd__and2_4)
    17    0.068267    0.201532    0.280401    1.292569 ^ _2689_/X (sky130_fd_sc_hd__and2_4)
                                                         _0972_ (net)
                      0.201794    0.005954    1.298524 ^ _2697_/A2 (sky130_fd_sc_hd__a22o_1)
     1    0.002478    0.041398    0.166685    1.465209 ^ _2697_/X (sky130_fd_sc_hd__a22o_1)
                                                         _0271_ (net)
                      0.041398    0.000052    1.465261 ^ _3012_/D (sky130_fd_sc_hd__dfrtp_1)
                                              1.465261   data arrival time

                                  0.000000    0.000000   clock clk (rise edge)
                                  0.000000    0.000000   clock source latency
     1    0.020000    0.095779    0.066087    0.066087 ^ clk (in)
                                                         clk (net)
                      0.095805    0.000000    0.066087 ^ clkbuf_0_clk/A (sky130_fd_sc_hd__clkbuf_16)
    16    0.094658    0.110614    0.199662    0.265749 ^ clkbuf_0_clk/X (sky130_fd_sc_hd__clkbuf_16)
                                                         clknet_0_clk (net)
                      0.110799    0.003186    0.268935 ^ clkbuf_4_2_0_clk/A (sky130_fd_sc_hd__clkbuf_8)
    18    0.064744    0.121094    0.210168    0.479103 ^ clkbuf_4_2_0_clk/X (sky130_fd_sc_hd__clkbuf_8)
                                                         clknet_4_2_0_clk (net)
                      0.121171    0.002811    0.481914 ^ _3012_/CLK (sky130_fd_sc_hd__dfrtp_1)
                                  0.500000    0.981914   clock uncertainty
                                  0.000000    0.981914   clock reconvergence pessimism
                                 -0.023608    0.958306   library hold time
                                              0.958306   data required time
---------------------------------------------------------------------------------------------
                                              0.958306   data required time
                                             -1.465261   data arrival time
---------------------------------------------------------------------------------------------
                                              0.506955   slack (MET)


Startpoint: _3114_ (rising edge-triggered flip-flop clocked by clk)
Endpoint: _3079_ (rising edge-triggered flip-flop clocked by clk)
Path Group: clk
Path Type: min

Fanout         Cap        Slew       Delay        Time   Description
---------------------------------------------------------------------------------------------
                                  0.000000    0.000000   clock clk (rise edge)
                                  0.000000    0.000000   clock source latency
     1    0.020000    0.095779    0.066087    0.066087 ^ clk (in)
                                                         clk (net)
                      0.095805    0.000000    0.066087 ^ clkbuf_0_clk/A (sky130_fd_sc_hd__clkbuf_16)
    16    0.094658    0.110614    0.199662    0.265749 ^ clkbuf_0_clk/X (sky130_fd_sc_hd__clkbuf_16)
                                                         clknet_0_clk (net)
                      0.110680    0.002494    0.268243 ^ clkbuf_4_5_0_clk/A (sky130_fd_sc_hd__clkbuf_8)
    10    0.056613    0.108440    0.200680    0.468923 ^ clkbuf_4_5_0_clk/X (sky130_fd_sc_hd__clkbuf_8)
                                                         clknet_4_5_0_clk (net)
                      0.108464    0.001553    0.470477 ^ _3114_/CLK (sky130_fd_sc_hd__dfrtp_1)
     2    0.005385    0.064695    0.356146    0.826623 ^ _3114_/Q (sky130_fd_sc_hd__dfrtp_1)
                                                         shift_in[3] (net)
                      0.064695    0.000089    0.826712 ^ _2140_/A (sky130_fd_sc_hd__or3_1)
     2    0.010477    0.103323    0.150477    0.977188 ^ _2140_/X (sky130_fd_sc_hd__or3_1)
                                                         _0501_ (net)
                      0.103324    0.000561    0.977749 ^ _2142_/A2 (sky130_fd_sc_hd__a2111o_2)
     1    0.018638    0.094211    0.199185    1.176934 ^ _2142_/X (sky130_fd_sc_hd__a2111o_2)
                                                         _0503_ (net)
                      0.094212    0.000460    1.177394 ^ _2143_/B (sky130_fd_sc_hd__nor2_8)
    17    0.071581    0.059814    0.076142    1.253536 v _2143_/Y (sky130_fd_sc_hd__nor2_8)
                                                         _0504_ (net)
                      0.060491    0.005033    1.258569 v _2161_/S (sky130_fd_sc_hd__mux2_1)
     1    0.002413    0.038393    0.192939    1.451507 ^ _2161_/X (sky130_fd_sc_hd__mux2_1)
                                                         _0338_ (net)
                      0.038393    0.000050    1.451557 ^ _3079_/D (sky130_fd_sc_hd__dfrtp_4)
                                              1.451557   data arrival time

                                  0.000000    0.000000   clock clk (rise edge)
                                  0.000000    0.000000   clock source latency
     1    0.020000    0.095779    0.066087    0.066087 ^ clk (in)
                                                         clk (net)
                      0.095805    0.000000    0.066087 ^ clkbuf_0_clk/A (sky130_fd_sc_hd__clkbuf_16)
    16    0.094658    0.110614    0.199662    0.265749 ^ clkbuf_0_clk/X (sky130_fd_sc_hd__clkbuf_16)
                                                         clknet_0_clk (net)
                      0.110669    0.002310    0.268059 ^ clkbuf_4_6_0_clk/A (sky130_fd_sc_hd__clkbuf_8)
    12    0.053868    0.103792    0.197120    0.465179 ^ clkbuf_4_6_0_clk/X (sky130_fd_sc_hd__clkbuf_8)
                                                         clknet_4_6_0_clk (net)
                      0.103829    0.001842    0.467021 ^ _3079_/CLK (sky130_fd_sc_hd__dfrtp_4)
                                  0.500000    0.967021   clock uncertainty
                                  0.000000    0.967021   clock reconvergence pessimism
                                 -0.025351    0.941670   library hold time
                                              0.941670   data required time
---------------------------------------------------------------------------------------------
                                              0.941670   data required time
                                             -1.451557   data arrival time
---------------------------------------------------------------------------------------------
                                              0.509887   slack (MET)


Startpoint: _3051_ (rising edge-triggered flip-flop clocked by clk)
Endpoint: _3063_ (rising edge-triggered flip-flop clocked by clk)
Path Group: clk
Path Type: min

Fanout         Cap        Slew       Delay        Time   Description
---------------------------------------------------------------------------------------------
                                  0.000000    0.000000   clock clk (rise edge)
                                  0.000000    0.000000   clock source latency
     1    0.020000    0.095779    0.066087    0.066087 ^ clk (in)
                                                         clk (net)
                      0.095805    0.000000    0.066087 ^ clkbuf_0_clk/A (sky130_fd_sc_hd__clkbuf_16)
    16    0.094658    0.110614    0.199662    0.265749 ^ clkbuf_0_clk/X (sky130_fd_sc_hd__clkbuf_16)
                                                         clknet_0_clk (net)
                      0.110829    0.003508    0.269257 ^ clkbuf_4_13_0_clk/A (sky130_fd_sc_hd__clkbuf_8)
    10    0.057366    0.109640    0.201654    0.470911 ^ clkbuf_4_13_0_clk/X (sky130_fd_sc_hd__clkbuf_8)
                                                         clknet_4_13_0_clk (net)
                      0.109643    0.000783    0.471694 ^ _3051_/CLK (sky130_fd_sc_hd__dfrtp_1)
     4    0.009731    0.069597    0.414510    0.886204 v _3051_/Q (sky130_fd_sc_hd__dfrtp_1)
                                                         my_sum_sub.al_mb[2] (net)
                      0.069597    0.000336    0.886540 v _2217_/A (sky130_fd_sc_hd__nand2_1)
     1    0.003805    0.048012    0.070487    0.957027 ^ _2217_/Y (sky130_fd_sc_hd__nand2_1)
                                                         _0552_ (net)
                      0.048012    0.000133    0.957159 ^ _2221_/B1 (sky130_fd_sc_hd__o21a_1)
     2    0.006164    0.069342    0.130398    1.087557 ^ _2221_/X (sky130_fd_sc_hd__o21a_1)
                                                         _0556_ (net)
                      0.069342    0.000170    1.087727 ^ _2257_/A0 (sky130_fd_sc_hd__mux2_1)
     1    0.006146    0.067531    0.145915    1.233642 ^ _2257_/X (sky130_fd_sc_hd__mux2_1)
                                                         _0587_ (net)
                      0.067531    0.000238    1.233880 ^ _2258_/B (sky130_fd_sc_hd__xnor2_1)
     1    0.003322    0.054148    0.114911    1.348791 ^ _2258_/Y (sky130_fd_sc_hd__xnor2_1)
                                                         _0588_ (net)
                      0.054148    0.000111    1.348902 ^ _2259_/A1 (sky130_fd_sc_hd__mux2_1)
     1    0.002450    0.038780    0.117528    1.466430 ^ _2259_/X (sky130_fd_sc_hd__mux2_1)
                                                         _0322_ (net)
                      0.038780    0.000052    1.466482 ^ _3063_/D (sky130_fd_sc_hd__dfrtp_1)
                                              1.466482   data arrival time

                                  0.000000    0.000000   clock clk (rise edge)
                                  0.000000    0.000000   clock source latency
     1    0.020000    0.095779    0.066087    0.066087 ^ clk (in)
                                                         clk (net)
                      0.095805    0.000000    0.066087 ^ clkbuf_0_clk/A (sky130_fd_sc_hd__clkbuf_16)
    16    0.094658    0.110614    0.199662    0.265749 ^ clkbuf_0_clk/X (sky130_fd_sc_hd__clkbuf_16)
                                                         clknet_0_clk (net)
                      0.110829    0.003506    0.269255 ^ clkbuf_4_15_0_clk/A (sky130_fd_sc_hd__clkbuf_8)
    13    0.060153    0.113790    0.204562    0.473817 ^ clkbuf_4_15_0_clk/X (sky130_fd_sc_hd__clkbuf_8)
                                                         clknet_4_15_0_clk (net)
                      0.113869    0.002719    0.476535 ^ _3063_/CLK (sky130_fd_sc_hd__dfrtp_1)
                                  0.500000    0.976536   clock uncertainty
                                  0.000000    0.976536   clock reconvergence pessimism
                                 -0.024061    0.952475   library hold time
                                              0.952475   data required time
---------------------------------------------------------------------------------------------
                                              0.952475   data required time
                                             -1.466482   data arrival time
---------------------------------------------------------------------------------------------
                                              0.514007   slack (MET)


Startpoint: _3114_ (rising edge-triggered flip-flop clocked by clk)
Endpoint: _3081_ (rising edge-triggered flip-flop clocked by clk)
Path Group: clk
Path Type: min

Fanout         Cap        Slew       Delay        Time   Description
---------------------------------------------------------------------------------------------
                                  0.000000    0.000000   clock clk (rise edge)
                                  0.000000    0.000000   clock source latency
     1    0.020000    0.095779    0.066087    0.066087 ^ clk (in)
                                                         clk (net)
                      0.095805    0.000000    0.066087 ^ clkbuf_0_clk/A (sky130_fd_sc_hd__clkbuf_16)
    16    0.094658    0.110614    0.199662    0.265749 ^ clkbuf_0_clk/X (sky130_fd_sc_hd__clkbuf_16)
                                                         clknet_0_clk (net)
                      0.110680    0.002494    0.268243 ^ clkbuf_4_5_0_clk/A (sky130_fd_sc_hd__clkbuf_8)
    10    0.056613    0.108440    0.200680    0.468923 ^ clkbuf_4_5_0_clk/X (sky130_fd_sc_hd__clkbuf_8)
                                                         clknet_4_5_0_clk (net)
                      0.108464    0.001553    0.470477 ^ _3114_/CLK (sky130_fd_sc_hd__dfrtp_1)
     2    0.005385    0.064695    0.356146    0.826623 ^ _3114_/Q (sky130_fd_sc_hd__dfrtp_1)
                                                         shift_in[3] (net)
                      0.064695    0.000089    0.826712 ^ _2140_/A (sky130_fd_sc_hd__or3_1)
     2    0.010477    0.103323    0.150477    0.977188 ^ _2140_/X (sky130_fd_sc_hd__or3_1)
                                                         _0501_ (net)
                      0.103324    0.000561    0.977749 ^ _2142_/A2 (sky130_fd_sc_hd__a2111o_2)
     1    0.018638    0.094211    0.199185    1.176934 ^ _2142_/X (sky130_fd_sc_hd__a2111o_2)
                                                         _0503_ (net)
                      0.094212    0.000460    1.177394 ^ _2143_/B (sky130_fd_sc_hd__nor2_8)
    17    0.071581    0.059814    0.076142    1.253536 v _2143_/Y (sky130_fd_sc_hd__nor2_8)
                                                         _0504_ (net)
                      0.060408    0.004712    1.258248 v _2159_/S (sky130_fd_sc_hd__mux2_1)
     1    0.003062    0.043285    0.197795    1.456043 ^ _2159_/X (sky130_fd_sc_hd__mux2_1)
                                                         _0340_ (net)
                      0.043285    0.000097    1.456140 ^ _3081_/D (sky130_fd_sc_hd__dfrtp_4)
                                              1.456140   data arrival time

                                  0.000000    0.000000   clock clk (rise edge)
                                  0.000000    0.000000   clock source latency
     1    0.020000    0.095779    0.066087    0.066087 ^ clk (in)
                                                         clk (net)
                      0.095805    0.000000    0.066087 ^ clkbuf_0_clk/A (sky130_fd_sc_hd__clkbuf_16)
    16    0.094658    0.110614    0.199662    0.265749 ^ clkbuf_0_clk/X (sky130_fd_sc_hd__clkbuf_16)
                                                         clknet_0_clk (net)
                      0.110669    0.002310    0.268059 ^ clkbuf_4_6_0_clk/A (sky130_fd_sc_hd__clkbuf_8)
    12    0.053868    0.103792    0.197120    0.465179 ^ clkbuf_4_6_0_clk/X (sky130_fd_sc_hd__clkbuf_8)
                                                         clknet_4_6_0_clk (net)
                      0.103826    0.001771    0.466950 ^ _3081_/CLK (sky130_fd_sc_hd__dfrtp_4)
                                  0.500000    0.966950   clock uncertainty
                                  0.000000    0.966950   clock reconvergence pessimism
                                 -0.026369    0.940581   library hold time
                                              0.940581   data required time
---------------------------------------------------------------------------------------------
                                              0.940581   data required time
                                             -1.456140   data arrival time
---------------------------------------------------------------------------------------------
                                              0.515559   slack (MET)


Startpoint: _3114_ (rising edge-triggered flip-flop clocked by clk)
Endpoint: _3080_ (rising edge-triggered flip-flop clocked by clk)
Path Group: clk
Path Type: min

Fanout         Cap        Slew       Delay        Time   Description
---------------------------------------------------------------------------------------------
                                  0.000000    0.000000   clock clk (rise edge)
                                  0.000000    0.000000   clock source latency
     1    0.020000    0.095779    0.066087    0.066087 ^ clk (in)
                                                         clk (net)
                      0.095805    0.000000    0.066087 ^ clkbuf_0_clk/A (sky130_fd_sc_hd__clkbuf_16)
    16    0.094658    0.110614    0.199662    0.265749 ^ clkbuf_0_clk/X (sky130_fd_sc_hd__clkbuf_16)
                                                         clknet_0_clk (net)
                      0.110680    0.002494    0.268243 ^ clkbuf_4_5_0_clk/A (sky130_fd_sc_hd__clkbuf_8)
    10    0.056613    0.108440    0.200680    0.468923 ^ clkbuf_4_5_0_clk/X (sky130_fd_sc_hd__clkbuf_8)
                                                         clknet_4_5_0_clk (net)
                      0.108464    0.001553    0.470477 ^ _3114_/CLK (sky130_fd_sc_hd__dfrtp_1)
     2    0.005385    0.064695    0.356146    0.826623 ^ _3114_/Q (sky130_fd_sc_hd__dfrtp_1)
                                                         shift_in[3] (net)
                      0.064695    0.000089    0.826712 ^ _2140_/A (sky130_fd_sc_hd__or3_1)
     2    0.010477    0.103323    0.150477    0.977188 ^ _2140_/X (sky130_fd_sc_hd__or3_1)
                                                         _0501_ (net)
                      0.103324    0.000561    0.977749 ^ _2142_/A2 (sky130_fd_sc_hd__a2111o_2)
     1    0.018638    0.094211    0.199185    1.176934 ^ _2142_/X (sky130_fd_sc_hd__a2111o_2)
                                                         _0503_ (net)
                      0.094212    0.000460    1.177394 ^ _2143_/B (sky130_fd_sc_hd__nor2_8)
    17    0.071581    0.059814    0.076142    1.253536 v _2143_/Y (sky130_fd_sc_hd__nor2_8)
                                                         _0504_ (net)
                      0.060468    0.004944    1.258480 v _2160_/S (sky130_fd_sc_hd__mux2_1)
     1    0.003307    0.045152    0.199667    1.458147 ^ _2160_/X (sky130_fd_sc_hd__mux2_1)
                                                         _0339_ (net)
                      0.045174    0.000113    1.458260 ^ _3080_/D (sky130_fd_sc_hd__dfrtp_4)
                                              1.458260   data arrival time

                                  0.000000    0.000000   clock clk (rise edge)
                                  0.000000    0.000000   clock source latency
     1    0.020000    0.095779    0.066087    0.066087 ^ clk (in)
                                                         clk (net)
                      0.095805    0.000000    0.066087 ^ clkbuf_0_clk/A (sky130_fd_sc_hd__clkbuf_16)
    16    0.094658    0.110614    0.199662    0.265749 ^ clkbuf_0_clk/X (sky130_fd_sc_hd__clkbuf_16)
                                                         clknet_0_clk (net)
                      0.110669    0.002310    0.268059 ^ clkbuf_4_6_0_clk/A (sky130_fd_sc_hd__clkbuf_8)
    12    0.053868    0.103792    0.197120    0.465179 ^ clkbuf_4_6_0_clk/X (sky130_fd_sc_hd__clkbuf_8)
                                                         clknet_4_6_0_clk (net)
                      0.103826    0.001782    0.466961 ^ _3080_/CLK (sky130_fd_sc_hd__dfrtp_4)
                                  0.500000    0.966961   clock uncertainty
                                  0.000000    0.966961   clock reconvergence pessimism
                                 -0.026762    0.940199   library hold time
                                              0.940199   data required time
---------------------------------------------------------------------------------------------
                                              0.940199   data required time
                                             -1.458260   data arrival time
---------------------------------------------------------------------------------------------
                                              0.518061   slack (MET)


Startpoint: _3114_ (rising edge-triggered flip-flop clocked by clk)
Endpoint: _3085_ (rising edge-triggered flip-flop clocked by clk)
Path Group: clk
Path Type: min

Fanout         Cap        Slew       Delay        Time   Description
---------------------------------------------------------------------------------------------
                                  0.000000    0.000000   clock clk (rise edge)
                                  0.000000    0.000000   clock source latency
     1    0.020000    0.095779    0.066087    0.066087 ^ clk (in)
                                                         clk (net)
                      0.095805    0.000000    0.066087 ^ clkbuf_0_clk/A (sky130_fd_sc_hd__clkbuf_16)
    16    0.094658    0.110614    0.199662    0.265749 ^ clkbuf_0_clk/X (sky130_fd_sc_hd__clkbuf_16)
                                                         clknet_0_clk (net)
                      0.110680    0.002494    0.268243 ^ clkbuf_4_5_0_clk/A (sky130_fd_sc_hd__clkbuf_8)
    10    0.056613    0.108440    0.200680    0.468923 ^ clkbuf_4_5_0_clk/X (sky130_fd_sc_hd__clkbuf_8)
                                                         clknet_4_5_0_clk (net)
                      0.108464    0.001553    0.470477 ^ _3114_/CLK (sky130_fd_sc_hd__dfrtp_1)
     2    0.005385    0.064695    0.356146    0.826623 ^ _3114_/Q (sky130_fd_sc_hd__dfrtp_1)
                                                         shift_in[3] (net)
                      0.064695    0.000089    0.826712 ^ _2140_/A (sky130_fd_sc_hd__or3_1)
     2    0.010477    0.103323    0.150477    0.977188 ^ _2140_/X (sky130_fd_sc_hd__or3_1)
                                                         _0501_ (net)
                      0.103324    0.000561    0.977749 ^ _2142_/A2 (sky130_fd_sc_hd__a2111o_2)
     1    0.018638    0.094211    0.199185    1.176934 ^ _2142_/X (sky130_fd_sc_hd__a2111o_2)
                                                         _0503_ (net)
                      0.094212    0.000460    1.177394 ^ _2143_/B (sky130_fd_sc_hd__nor2_8)
    17    0.071581    0.059814    0.076142    1.253536 v _2143_/Y (sky130_fd_sc_hd__nor2_8)
                                                         _0504_ (net)
                      0.060456    0.004898    1.258434 v _2155_/S (sky130_fd_sc_hd__mux2_1)
     1    0.004124    0.051450    0.205171    1.463605 ^ _2155_/X (sky130_fd_sc_hd__mux2_1)
                                                         _0344_ (net)
                      0.051450    0.000159    1.463764 ^ _3085_/D (sky130_fd_sc_hd__dfrtp_4)
                                              1.463764   data arrival time

                                  0.000000    0.000000   clock clk (rise edge)
                                  0.000000    0.000000   clock source latency
     1    0.020000    0.095779    0.066087    0.066087 ^ clk (in)
                                                         clk (net)
                      0.095805    0.000000    0.066087 ^ clkbuf_0_clk/A (sky130_fd_sc_hd__clkbuf_16)
    16    0.094658    0.110614    0.199662    0.265749 ^ clkbuf_0_clk/X (sky130_fd_sc_hd__clkbuf_16)
                                                         clknet_0_clk (net)
                      0.110669    0.002310    0.268059 ^ clkbuf_4_6_0_clk/A (sky130_fd_sc_hd__clkbuf_8)
    12    0.053868    0.103792    0.197120    0.465179 ^ clkbuf_4_6_0_clk/X (sky130_fd_sc_hd__clkbuf_8)
                                                         clknet_4_6_0_clk (net)
                      0.103827    0.001796    0.466975 ^ _3085_/CLK (sky130_fd_sc_hd__dfrtp_4)
                                  0.500000    0.966975   clock uncertainty
                                  0.000000    0.966975   clock reconvergence pessimism
                                 -0.028068    0.938906   library hold time
                                              0.938906   data required time
---------------------------------------------------------------------------------------------
                                              0.938906   data required time
                                             -1.463764   data arrival time
---------------------------------------------------------------------------------------------
                                              0.524858   slack (MET)


Startpoint: _2998_ (rising edge-triggered flip-flop clocked by clk)
Endpoint: _3003_ (rising edge-triggered flip-flop clocked by clk)
Path Group: clk
Path Type: min

Fanout         Cap        Slew       Delay        Time   Description
---------------------------------------------------------------------------------------------
                                  0.000000    0.000000   clock clk (rise edge)
                                  0.000000    0.000000   clock source latency
     1    0.020000    0.095779    0.066087    0.066087 ^ clk (in)
                                                         clk (net)
                      0.095805    0.000000    0.066087 ^ clkbuf_0_clk/A (sky130_fd_sc_hd__clkbuf_16)
    16    0.094658    0.110614    0.199662    0.265749 ^ clkbuf_0_clk/X (sky130_fd_sc_hd__clkbuf_16)
                                                         clknet_0_clk (net)
                      0.110815    0.003356    0.269105 ^ clkbuf_4_0_0_clk/A (sky130_fd_sc_hd__clkbuf_8)
    24    0.065579    0.123215    0.209510    0.478615 ^ clkbuf_4_0_0_clk/X (sky130_fd_sc_hd__clkbuf_8)
                                                         clknet_4_0_0_clk (net)
                      0.123320    0.002980    0.481595 ^ _2998_/CLK (sky130_fd_sc_hd__dfrtp_1)
     2    0.006049    0.069911    0.366098    0.847693 ^ _2998_/Q (sky130_fd_sc_hd__dfrtp_1)
                                                         my_divider.counter[1] (net)
                      0.069911    0.000168    0.847861 ^ _1548_/B (sky130_fd_sc_hd__or4b_1)
     3    0.011670    0.113988    0.163981    1.011842 ^ _1548_/X (sky130_fd_sc_hd__or4b_1)
                                                         _1093_ (net)
                      0.113988    0.000326    1.012168 ^ _2689_/B (sky130_fd_sc_hd__and2_4)
    17    0.068267    0.201532    0.280401    1.292569 ^ _2689_/X (sky130_fd_sc_hd__and2_4)
                                                         _0972_ (net)
                      0.201727    0.005151    1.297720 ^ _2761_/A1 (sky130_fd_sc_hd__a31o_1)
     1    0.002910    0.041077    0.165467    1.463187 ^ _2761_/X (sky130_fd_sc_hd__a31o_1)
                                                         _0262_ (net)
                      0.041077    0.000090    1.463277 ^ _3003_/D (sky130_fd_sc_hd__dfrtp_1)
                                              1.463277   data arrival time

                                  0.000000    0.000000   clock clk (rise edge)
                                  0.000000    0.000000   clock source latency
     1    0.020000    0.095779    0.066087    0.066087 ^ clk (in)
                                                         clk (net)
                      0.095805    0.000000    0.066087 ^ clkbuf_0_clk/A (sky130_fd_sc_hd__clkbuf_16)
    16    0.094658    0.110614    0.199662    0.265749 ^ clkbuf_0_clk/X (sky130_fd_sc_hd__clkbuf_16)
                                                         clknet_0_clk (net)
                      0.110779    0.002949    0.268699 ^ clkbuf_4_10_0_clk/A (sky130_fd_sc_hd__clkbuf_8)
    10    0.051793    0.100494    0.194865    0.463564 ^ clkbuf_4_10_0_clk/X (sky130_fd_sc_hd__clkbuf_8)
                                                         clknet_4_10_0_clk (net)
                      0.100507    0.001186    0.464750 ^ _3003_/CLK (sky130_fd_sc_hd__dfrtp_1)
                                  0.500000    0.964750   clock uncertainty
                                  0.000000    0.964750   clock reconvergence pessimism
                                 -0.026363    0.938387   library hold time
                                              0.938387   data required time
---------------------------------------------------------------------------------------------
                                              0.938387   data required time
                                             -1.463277   data arrival time
---------------------------------------------------------------------------------------------
                                              0.524890   slack (MET)


Startpoint: _3126_ (rising edge-triggered flip-flop clocked by clk)
Endpoint: _3126_ (rising edge-triggered flip-flop clocked by clk)
Path Group: clk
Path Type: min

Fanout         Cap        Slew       Delay        Time   Description
---------------------------------------------------------------------------------------------
                                  0.000000    0.000000   clock clk (rise edge)
                                  0.000000    0.000000   clock source latency
     1    0.020000    0.095779    0.066087    0.066087 ^ clk (in)
                                                         clk (net)
                      0.095805    0.000000    0.066087 ^ clkbuf_0_clk/A (sky130_fd_sc_hd__clkbuf_16)
    16    0.094658    0.110614    0.199662    0.265749 ^ clkbuf_0_clk/X (sky130_fd_sc_hd__clkbuf_16)
                                                         clknet_0_clk (net)
                      0.110817    0.003381    0.269130 ^ clkbuf_4_1_0_clk/A (sky130_fd_sc_hd__clkbuf_8)
    16    0.063469    0.119051    0.208820    0.477950 ^ clkbuf_4_1_0_clk/X (sky130_fd_sc_hd__clkbuf_8)
                                                         clknet_4_1_0_clk (net)
                      0.119099    0.002247    0.480197 ^ _3126_/CLK (sky130_fd_sc_hd__dfrtp_1)
     2    0.004503    0.057975    0.354181    0.834378 ^ _3126_/Q (sky130_fd_sc_hd__dfrtp_1)
                                                         shift_in[15] (net)
                      0.057975    0.000077    0.834455 ^ _2105_/A1 (sky130_fd_sc_hd__mux2_1)
     1    0.002516    0.039137    0.119354    0.953809 ^ _2105_/X (sky130_fd_sc_hd__mux2_1)
                                                         _0222_ (net)
                      0.039137    0.000057    0.953866 ^ hold27/A (sky130_fd_sc_hd__dlygate4sd3_1)
     1    0.002458    0.050011    0.529714    1.483580 ^ hold27/X (sky130_fd_sc_hd__dlygate4sd3_1)
                                                         net32 (net)
                      0.050011    0.000051    1.483631 ^ _3126_/D (sky130_fd_sc_hd__dfrtp_1)
                                              1.483631   data arrival time

                                  0.000000    0.000000   clock clk (rise edge)
                                  0.000000    0.000000   clock source latency
     1    0.020000    0.095779    0.066087    0.066087 ^ clk (in)
                                                         clk (net)
                      0.095805    0.000000    0.066087 ^ clkbuf_0_clk/A (sky130_fd_sc_hd__clkbuf_16)
    16    0.094658    0.110614    0.199662    0.265749 ^ clkbuf_0_clk/X (sky130_fd_sc_hd__clkbuf_16)
                                                         clknet_0_clk (net)
                      0.110817    0.003381    0.269130 ^ clkbuf_4_1_0_clk/A (sky130_fd_sc_hd__clkbuf_8)
    16    0.063469    0.119051    0.208820    0.477950 ^ clkbuf_4_1_0_clk/X (sky130_fd_sc_hd__clkbuf_8)
                                                         clknet_4_1_0_clk (net)
                      0.119099    0.002247    0.480197 ^ _3126_/CLK (sky130_fd_sc_hd__dfrtp_1)
                                  0.500000    0.980197   clock uncertainty
                                  0.000000    0.980197   clock reconvergence pessimism
                                 -0.025680    0.954517   library hold time
                                              0.954517   data required time
---------------------------------------------------------------------------------------------
                                              0.954517   data required time
                                             -1.483631   data arrival time
---------------------------------------------------------------------------------------------
                                              0.529114   slack (MET)


Startpoint: _3079_ (rising edge-triggered flip-flop clocked by clk)
Endpoint: _3041_ (rising edge-triggered flip-flop clocked by clk)
Path Group: clk
Path Type: min

Fanout         Cap        Slew       Delay        Time   Description
---------------------------------------------------------------------------------------------
                                  0.000000    0.000000   clock clk (rise edge)
                                  0.000000    0.000000   clock source latency
     1    0.020000    0.095779    0.066087    0.066087 ^ clk (in)
                                                         clk (net)
                      0.095805    0.000000    0.066087 ^ clkbuf_0_clk/A (sky130_fd_sc_hd__clkbuf_16)
    16    0.094658    0.110614    0.199662    0.265749 ^ clkbuf_0_clk/X (sky130_fd_sc_hd__clkbuf_16)
                                                         clknet_0_clk (net)
                      0.110669    0.002310    0.268059 ^ clkbuf_4_6_0_clk/A (sky130_fd_sc_hd__clkbuf_8)
    12    0.053868    0.103792    0.197120    0.465179 ^ clkbuf_4_6_0_clk/X (sky130_fd_sc_hd__clkbuf_8)
                                                         clknet_4_6_0_clk (net)
                      0.103829    0.001842    0.467021 ^ _3079_/CLK (sky130_fd_sc_hd__dfrtp_4)
    17    0.055507    0.175206    0.533938    1.000959 ^ _3079_/Q (sky130_fd_sc_hd__dfrtp_4)
                                                         acc_reg[0] (net)
                      0.175216    0.001707    1.002666 ^ _2360_/A (sky130_fd_sc_hd__and2_1)
     3    0.014143    0.147640    0.225618    1.228284 ^ _2360_/X (sky130_fd_sc_hd__and2_1)
                                                         _0676_ (net)
                      0.147640    0.000286    1.228570 ^ _2381_/B (sky130_fd_sc_hd__and2_1)
     1    0.003522    0.052934    0.147473    1.376044 ^ _2381_/X (sky130_fd_sc_hd__and2_1)
                                                         _0689_ (net)
                      0.052934    0.000120    1.376164 ^ _2382_/C1 (sky130_fd_sc_hd__a221o_1)
     1    0.003659    0.048404    0.104925    1.481089 ^ _2382_/X (sky130_fd_sc_hd__a221o_1)
                                                         _0300_ (net)
                      0.048404    0.000126    1.481215 ^ _3041_/D (sky130_fd_sc_hd__dfrtp_2)
                                              1.481215   data arrival time

                                  0.000000    0.000000   clock clk (rise edge)
                                  0.000000    0.000000   clock source latency
     1    0.020000    0.095779    0.066087    0.066087 ^ clk (in)
                                                         clk (net)
                      0.095805    0.000000    0.066087 ^ clkbuf_0_clk/A (sky130_fd_sc_hd__clkbuf_16)
    16    0.094658    0.110614    0.199662    0.265749 ^ clkbuf_0_clk/X (sky130_fd_sc_hd__clkbuf_16)
                                                         clknet_0_clk (net)
                      0.110829    0.003506    0.269255 ^ clkbuf_4_15_0_clk/A (sky130_fd_sc_hd__clkbuf_8)
    13    0.060153    0.113790    0.204562    0.473817 ^ clkbuf_4_15_0_clk/X (sky130_fd_sc_hd__clkbuf_8)
                                                         clknet_4_15_0_clk (net)
                      0.113813    0.001612    0.475429 ^ _3041_/CLK (sky130_fd_sc_hd__dfrtp_2)
                                  0.500000    0.975429   clock uncertainty
                                  0.000000    0.975429   clock reconvergence pessimism
                                 -0.025973    0.949456   library hold time
                                              0.949456   data required time
---------------------------------------------------------------------------------------------
                                              0.949456   data required time
                                             -1.481215   data arrival time
---------------------------------------------------------------------------------------------
                                              0.531759   slack (MET)


Startpoint: _3093_ (rising edge-triggered flip-flop clocked by clk)
Endpoint: _3059_ (rising edge-triggered flip-flop clocked by clk)
Path Group: clk
Path Type: min

Fanout         Cap        Slew       Delay        Time   Description
---------------------------------------------------------------------------------------------
                                  0.000000    0.000000   clock clk (rise edge)
                                  0.000000    0.000000   clock source latency
     1    0.020000    0.095779    0.066087    0.066087 ^ clk (in)
                                                         clk (net)
                      0.095805    0.000000    0.066087 ^ clkbuf_0_clk/A (sky130_fd_sc_hd__clkbuf_16)
    16    0.094658    0.110614    0.199662    0.265749 ^ clkbuf_0_clk/X (sky130_fd_sc_hd__clkbuf_16)
                                                         clknet_0_clk (net)
                      0.110793    0.003112    0.268861 ^ clkbuf_4_3_0_clk/A (sky130_fd_sc_hd__clkbuf_8)
    11    0.053966    0.104170    0.197711    0.466572 ^ clkbuf_4_3_0_clk/X (sky130_fd_sc_hd__clkbuf_8)
                                                         clknet_4_3_0_clk (net)
                      0.104177    0.000977    0.467549 ^ _3093_/CLK (sky130_fd_sc_hd__dfrtp_4)
     7    0.028017    0.109088    0.474361    0.941910 ^ _3093_/Q (sky130_fd_sc_hd__dfrtp_4)
                                                         acc_reg[14] (net)
                      0.109097    0.001094    0.943004 ^ _2278_/A2 (sky130_fd_sc_hd__a21oi_4)
    20    0.081432    0.111183    0.169694    1.112698 v _2278_/Y (sky130_fd_sc_hd__a21oi_4)
                                                         _0604_ (net)
                      0.112316    0.008931    1.121630 v _2279_/A (sky130_fd_sc_hd__inv_2)
     4    0.014669    0.076524    0.108387    1.230017 ^ _2279_/Y (sky130_fd_sc_hd__inv_2)
                                                         _0605_ (net)
                      0.076525    0.000351    1.230369 ^ _2281_/B (sky130_fd_sc_hd__nor2_2)
     9    0.030183    0.074127    0.086881    1.317249 v _2281_/Y (sky130_fd_sc_hd__nor2_2)
                                                         _0607_ (net)
                      0.074171    0.001495    1.318744 v _2282_/B1 (sky130_fd_sc_hd__a21o_1)
     1    0.003194    0.033116    0.160992    1.479736 v _2282_/X (sky130_fd_sc_hd__a21o_1)
                                                         _0318_ (net)
                      0.033116    0.000080    1.479816 v _3059_/D (sky130_fd_sc_hd__dfrtp_4)
                                              1.479816   data arrival time

                                  0.000000    0.000000   clock clk (rise edge)
                                  0.000000    0.000000   clock source latency
     1    0.020000    0.095779    0.066087    0.066087 ^ clk (in)
                                                         clk (net)
                      0.095805    0.000000    0.066087 ^ clkbuf_0_clk/A (sky130_fd_sc_hd__clkbuf_16)
    16    0.094658    0.110614    0.199662    0.265749 ^ clkbuf_0_clk/X (sky130_fd_sc_hd__clkbuf_16)
                                                         clknet_0_clk (net)
                      0.110797    0.003163    0.268912 ^ clkbuf_4_12_0_clk/A (sky130_fd_sc_hd__clkbuf_8)
     8    0.055901    0.107020    0.199581    0.468493 ^ clkbuf_4_12_0_clk/X (sky130_fd_sc_hd__clkbuf_8)
                                                         clknet_4_12_0_clk (net)
                      0.107038    0.001399    0.469893 ^ _3059_/CLK (sky130_fd_sc_hd__dfrtp_4)
                                  0.500000    0.969893   clock uncertainty
                                  0.000000    0.969893   clock reconvergence pessimism
                                 -0.023081    0.946812   library hold time
                                              0.946812   data required time
---------------------------------------------------------------------------------------------
                                              0.946812   data required time
                                             -1.479816   data arrival time
---------------------------------------------------------------------------------------------
                                              0.533005   slack (MET)


Startpoint: _3154_ (rising edge-triggered flip-flop clocked by clk)
Endpoint: _3146_ (rising edge-triggered flip-flop clocked by clk)
Path Group: clk
Path Type: min

Fanout         Cap        Slew       Delay        Time   Description
---------------------------------------------------------------------------------------------
                                  0.000000    0.000000   clock clk (rise edge)
                                  0.000000    0.000000   clock source latency
     1    0.020000    0.095779    0.066087    0.066087 ^ clk (in)
                                                         clk (net)
                      0.095805    0.000000    0.066087 ^ clkbuf_0_clk/A (sky130_fd_sc_hd__clkbuf_16)
    16    0.094658    0.110614    0.199662    0.265749 ^ clkbuf_0_clk/X (sky130_fd_sc_hd__clkbuf_16)
                                                         clknet_0_clk (net)
                      0.110815    0.003356    0.269105 ^ clkbuf_4_0_0_clk/A (sky130_fd_sc_hd__clkbuf_8)
    24    0.065579    0.123215    0.209510    0.478615 ^ clkbuf_4_0_0_clk/X (sky130_fd_sc_hd__clkbuf_8)
                                                         clknet_4_0_0_clk (net)
                      0.123404    0.003970    0.482585 ^ _3154_/CLK (sky130_fd_sc_hd__dfrtp_1)
     4    0.013607    0.129827    0.413996    0.896582 ^ _3154_/Q (sky130_fd_sc_hd__dfrtp_1)
                                                         state[2] (net)
                      0.129827    0.000452    0.897034 ^ _1517_/A (sky130_fd_sc_hd__nor2_1)
     4    0.010468    0.053863    0.095776    0.992809 v _1517_/Y (sky130_fd_sc_hd__nor2_1)
                                                         _1067_ (net)
                      0.053863    0.000224    0.993033 v _1521_/A2 (sky130_fd_sc_hd__o21a_1)
     1    0.005933    0.044400    0.181877    1.174910 v _1521_/X (sky130_fd_sc_hd__o21a_1)
                                                         _1071_ (net)
                      0.044401    0.000234    1.175144 v _1522_/A (sky130_fd_sc_hd__inv_2)
     3    0.009883    0.051197    0.062780    1.237924 ^ _1522_/Y (sky130_fd_sc_hd__inv_2)
                                                         _1072_ (net)
                      0.051216    0.000250    1.238174 ^ _1523_/B (sky130_fd_sc_hd__nor2_1)
     3    0.008945    0.044906    0.058658    1.296832 v _1523_/Y (sky130_fd_sc_hd__nor2_1)
                                                         _1073_ (net)
                      0.044908    0.000303    1.297135 v _1532_/A2 (sky130_fd_sc_hd__a31o_1)
     1    0.003067    0.035204    0.199817    1.496952 v _1532_/X (sky130_fd_sc_hd__a31o_1)
                                                         _0242_ (net)
                      0.035204    0.000076    1.497028 v _3146_/D (sky130_fd_sc_hd__dfrtp_1)
                                              1.497028   data arrival time

                                  0.000000    0.000000   clock clk (rise edge)
                                  0.000000    0.000000   clock source latency
     1    0.020000    0.095779    0.066087    0.066087 ^ clk (in)
                                                         clk (net)
                      0.095805    0.000000    0.066087 ^ clkbuf_0_clk/A (sky130_fd_sc_hd__clkbuf_16)
    16    0.094658    0.110614    0.199662    0.265749 ^ clkbuf_0_clk/X (sky130_fd_sc_hd__clkbuf_16)
                                                         clknet_0_clk (net)
                      0.110815    0.003356    0.269105 ^ clkbuf_4_0_0_clk/A (sky130_fd_sc_hd__clkbuf_8)
    24    0.065579    0.123215    0.209510    0.478615 ^ clkbuf_4_0_0_clk/X (sky130_fd_sc_hd__clkbuf_8)
                                                         clknet_4_0_0_clk (net)
                      0.123565    0.005343    0.483958 ^ _3146_/CLK (sky130_fd_sc_hd__dfrtp_1)
                                  0.500000    0.983958   clock uncertainty
                                  0.000000    0.983958   clock reconvergence pessimism
                                 -0.023870    0.960088   library hold time
                                              0.960088   data required time
---------------------------------------------------------------------------------------------
                                              0.960088   data required time
                                             -1.497028   data arrival time
---------------------------------------------------------------------------------------------
                                              0.536940   slack (MET)


Startpoint: _3061_ (rising edge-triggered flip-flop clocked by clk)
Endpoint: _3018_ (rising edge-triggered flip-flop clocked by clk)
Path Group: clk
Path Type: min

Fanout         Cap        Slew       Delay        Time   Description
---------------------------------------------------------------------------------------------
                                  0.000000    0.000000   clock clk (rise edge)
                                  0.000000    0.000000   clock source latency
     1    0.020000    0.095779    0.066087    0.066087 ^ clk (in)
                                                         clk (net)
                      0.095805    0.000000    0.066087 ^ clkbuf_0_clk/A (sky130_fd_sc_hd__clkbuf_16)
    16    0.094658    0.110614    0.199662    0.265749 ^ clkbuf_0_clk/X (sky130_fd_sc_hd__clkbuf_16)
                                                         clknet_0_clk (net)
                      0.110829    0.003506    0.269255 ^ clkbuf_4_15_0_clk/A (sky130_fd_sc_hd__clkbuf_8)
    13    0.060153    0.113790    0.204562    0.473817 ^ clkbuf_4_15_0_clk/X (sky130_fd_sc_hd__clkbuf_8)
                                                         clknet_4_15_0_clk (net)
                      0.113872    0.002754    0.476570 ^ _3061_/CLK (sky130_fd_sc_hd__dfrtp_1)
     4    0.013046    0.125232    0.407108    0.883678 ^ _3061_/Q (sky130_fd_sc_hd__dfrtp_1)
                                                         my_sum_sub.cm_mant[1] (net)
                      0.125232    0.000520    0.884199 ^ _2648_/B2 (sky130_fd_sc_hd__o221a_1)
     3    0.008175    0.099342    0.227078    1.111276 ^ _2648_/X (sky130_fd_sc_hd__o221a_1)
                                                         _0947_ (net)
                      0.099342    0.000274    1.111550 ^ _2685_/B (sky130_fd_sc_hd__and2_1)
     2    0.011071    0.118967    0.186647    1.298196 ^ _2685_/X (sky130_fd_sc_hd__and2_1)
                                                         _0970_ (net)
                      0.118967    0.000450    1.298647 ^ _2686_/A3 (sky130_fd_sc_hd__a32o_1)
     1    0.003161    0.051940    0.175366    1.474013 ^ _2686_/X (sky130_fd_sc_hd__a32o_1)
                                                         _0277_ (net)
                      0.051942    0.000105    1.474117 ^ _3018_/D (sky130_fd_sc_hd__dfrtp_1)
                                              1.474117   data arrival time

                                  0.000000    0.000000   clock clk (rise edge)
                                  0.000000    0.000000   clock source latency
     1    0.020000    0.095779    0.066087    0.066087 ^ clk (in)
                                                         clk (net)
                      0.095805    0.000000    0.066087 ^ clkbuf_0_clk/A (sky130_fd_sc_hd__clkbuf_16)
    16    0.094658    0.110614    0.199662    0.265749 ^ clkbuf_0_clk/X (sky130_fd_sc_hd__clkbuf_16)
                                                         clknet_0_clk (net)
                      0.110779    0.002949    0.268699 ^ clkbuf_4_10_0_clk/A (sky130_fd_sc_hd__clkbuf_8)
    10    0.051793    0.100494    0.194865    0.463564 ^ clkbuf_4_10_0_clk/X (sky130_fd_sc_hd__clkbuf_8)
                                                         clknet_4_10_0_clk (net)
                      0.100501    0.000964    0.464528 ^ _3018_/CLK (sky130_fd_sc_hd__dfrtp_1)
                                  0.500000    0.964528   clock uncertainty
                                  0.000000    0.964528   clock reconvergence pessimism
                                 -0.028626    0.935902   library hold time
                                              0.935902   data required time
---------------------------------------------------------------------------------------------
                                              0.935902   data required time
                                             -1.474117   data arrival time
---------------------------------------------------------------------------------------------
                                              0.538215   slack (MET)


Startpoint: _3082_ (rising edge-triggered flip-flop clocked by clk)
Endpoint: _3044_ (rising edge-triggered flip-flop clocked by clk)
Path Group: clk
Path Type: min

Fanout         Cap        Slew       Delay        Time   Description
---------------------------------------------------------------------------------------------
                                  0.000000    0.000000   clock clk (rise edge)
                                  0.000000    0.000000   clock source latency
     1    0.020000    0.095779    0.066087    0.066087 ^ clk (in)
                                                         clk (net)
                      0.095805    0.000000    0.066087 ^ clkbuf_0_clk/A (sky130_fd_sc_hd__clkbuf_16)
    16    0.094658    0.110614    0.199662    0.265749 ^ clkbuf_0_clk/X (sky130_fd_sc_hd__clkbuf_16)
                                                         clknet_0_clk (net)
                      0.110752    0.002595    0.268344 ^ clkbuf_4_7_0_clk/A (sky130_fd_sc_hd__clkbuf_8)
    17    0.062819    0.118024    0.207981    0.476324 ^ clkbuf_4_7_0_clk/X (sky130_fd_sc_hd__clkbuf_8)
                                                         clknet_4_7_0_clk (net)
                      0.118090    0.002572    0.478897 ^ _3082_/CLK (sky130_fd_sc_hd__dfrtp_4)
    22    0.079345    0.237071    0.584644    1.063541 ^ _3082_/Q (sky130_fd_sc_hd__dfrtp_4)
                                                         acc_reg[3] (net)
                      0.237199    0.005083    1.068624 ^ _2332_/A (sky130_fd_sc_hd__and2_1)
     2    0.006253    0.076621    0.187078    1.255702 ^ _2332_/X (sky130_fd_sc_hd__and2_1)
                                                         _0651_ (net)
                      0.076621    0.000155    1.255857 ^ _2375_/B (sky130_fd_sc_hd__and2_1)
     1    0.002957    0.047470    0.124911    1.380768 ^ _2375_/X (sky130_fd_sc_hd__and2_1)
                                                         _0686_ (net)
                      0.047470    0.000065    1.380834 ^ _2376_/C1 (sky130_fd_sc_hd__a221o_1)
     1    0.004117    0.052360    0.106036    1.486870 ^ _2376_/X (sky130_fd_sc_hd__a221o_1)
                                                         _0303_ (net)
                      0.052360    0.000155    1.487025 ^ _3044_/D (sky130_fd_sc_hd__dfrtp_1)
                                              1.487025   data arrival time

                                  0.000000    0.000000   clock clk (rise edge)
                                  0.000000    0.000000   clock source latency
     1    0.020000    0.095779    0.066087    0.066087 ^ clk (in)
                                                         clk (net)
                      0.095805    0.000000    0.066087 ^ clkbuf_0_clk/A (sky130_fd_sc_hd__clkbuf_16)
    16    0.094658    0.110614    0.199662    0.265749 ^ clkbuf_0_clk/X (sky130_fd_sc_hd__clkbuf_16)
                                                         clknet_0_clk (net)
                      0.110829    0.003506    0.269255 ^ clkbuf_4_15_0_clk/A (sky130_fd_sc_hd__clkbuf_8)
    13    0.060153    0.113790    0.204562    0.473817 ^ clkbuf_4_15_0_clk/X (sky130_fd_sc_hd__clkbuf_8)
                                                         clknet_4_15_0_clk (net)
                      0.113817    0.001719    0.475535 ^ _3044_/CLK (sky130_fd_sc_hd__dfrtp_1)
                                  0.500000    0.975535   clock uncertainty
                                  0.000000    0.975535   clock reconvergence pessimism
                                 -0.026891    0.948645   library hold time
                                              0.948645   data required time
---------------------------------------------------------------------------------------------
                                              0.948645   data required time
                                             -1.487025   data arrival time
---------------------------------------------------------------------------------------------
                                              0.538380   slack (MET)


Startpoint: _3037_ (rising edge-triggered flip-flop clocked by clk)
Endpoint: _3074_ (rising edge-triggered flip-flop clocked by clk)
Path Group: clk
Path Type: min

Fanout         Cap        Slew       Delay        Time   Description
---------------------------------------------------------------------------------------------
                                  0.000000    0.000000   clock clk (rise edge)
                                  0.000000    0.000000   clock source latency
     1    0.020000    0.095779    0.066087    0.066087 ^ clk (in)
                                                         clk (net)
                      0.095805    0.000000    0.066087 ^ clkbuf_0_clk/A (sky130_fd_sc_hd__clkbuf_16)
    16    0.094658    0.110614    0.199662    0.265749 ^ clkbuf_0_clk/X (sky130_fd_sc_hd__clkbuf_16)
                                                         clknet_0_clk (net)
                      0.110767    0.002795    0.268544 ^ clkbuf_4_11_0_clk/A (sky130_fd_sc_hd__clkbuf_8)
    13    0.055869    0.107200    0.200015    0.468559 ^ clkbuf_4_11_0_clk/X (sky130_fd_sc_hd__clkbuf_8)
                                                         clknet_4_11_0_clk (net)
                      0.107208    0.000994    0.469553 ^ _3037_/CLK (sky130_fd_sc_hd__dfrtp_1)
     2    0.005800    0.067971    0.358477    0.828030 ^ _3037_/Q (sky130_fd_sc_hd__dfrtp_1)
                                                         my_sum_sub.al_exp[4] (net)
                      0.067971    0.000127    0.828158 ^ _2167_/A1 (sky130_fd_sc_hd__mux2_1)
     1    0.003671    0.047938    0.131712    0.959870 ^ _2167_/X (sky130_fd_sc_hd__mux2_1)
                                                         _0333_ (net)
                      0.047963    0.000129    0.959999 ^ hold68/A (sky130_fd_sc_hd__dlygate4sd3_1)
     1    0.003223    0.056610    0.539796    1.499795 ^ hold68/X (sky130_fd_sc_hd__dlygate4sd3_1)
                                                         net73 (net)
                      0.056610    0.000106    1.499901 ^ _3074_/D (sky130_fd_sc_hd__dfrtp_2)
                                              1.499901   data arrival time

                                  0.000000    0.000000   clock clk (rise edge)
                                  0.000000    0.000000   clock source latency
     1    0.020000    0.095779    0.066087    0.066087 ^ clk (in)
                                                         clk (net)
                      0.095805    0.000000    0.066087 ^ clkbuf_0_clk/A (sky130_fd_sc_hd__clkbuf_16)
    16    0.094658    0.110614    0.199662    0.265749 ^ clkbuf_0_clk/X (sky130_fd_sc_hd__clkbuf_16)
                                                         clknet_0_clk (net)
                      0.110825    0.003460    0.269209 ^ clkbuf_4_14_0_clk/A (sky130_fd_sc_hd__clkbuf_8)
    11    0.062213    0.117386    0.207506    0.476715 ^ clkbuf_4_14_0_clk/X (sky130_fd_sc_hd__clkbuf_8)
                                                         clknet_4_14_0_clk (net)
                      0.117402    0.001388    0.478104 ^ _3074_/CLK (sky130_fd_sc_hd__dfrtp_2)
                                  0.500000    0.978104   clock uncertainty
                                  0.000000    0.978104   clock reconvergence pessimism
                                 -0.027167    0.950937   library hold time
                                              0.950937   data required time
---------------------------------------------------------------------------------------------
                                              0.950937   data required time
                                             -1.499901   data arrival time
---------------------------------------------------------------------------------------------
                                              0.548964   slack (MET)


Startpoint: _3112_ (rising edge-triggered flip-flop clocked by clk)
Endpoint: _3111_ (rising edge-triggered flip-flop clocked by clk)
Path Group: clk
Path Type: min

Fanout         Cap        Slew       Delay        Time   Description
---------------------------------------------------------------------------------------------
                                  0.000000    0.000000   clock clk (rise edge)
                                  0.000000    0.000000   clock source latency
     1    0.020000    0.095779    0.066087    0.066087 ^ clk (in)
                                                         clk (net)
                      0.095805    0.000000    0.066087 ^ clkbuf_0_clk/A (sky130_fd_sc_hd__clkbuf_16)
    16    0.094658    0.110614    0.199662    0.265749 ^ clkbuf_0_clk/X (sky130_fd_sc_hd__clkbuf_16)
                                                         clknet_0_clk (net)
                      0.110680    0.002494    0.268243 ^ clkbuf_4_5_0_clk/A (sky130_fd_sc_hd__clkbuf_8)
    10    0.056613    0.108440    0.200680    0.468923 ^ clkbuf_4_5_0_clk/X (sky130_fd_sc_hd__clkbuf_8)
                                                         clknet_4_5_0_clk (net)
                      0.108463    0.001537    0.470460 ^ _3112_/CLK (sky130_fd_sc_hd__dfrtp_1)
     3    0.007127    0.078414    0.367878    0.838338 ^ _3112_/Q (sky130_fd_sc_hd__dfrtp_1)
                                                         shift_in[1] (net)
                      0.078414    0.000118    0.838457 ^ _2120_/A0 (sky130_fd_sc_hd__mux2_1)
     1    0.002364    0.038170    0.122417    0.960874 ^ _2120_/X (sky130_fd_sc_hd__mux2_1)
                                                         _0207_ (net)
                      0.038170    0.000053    0.960926 ^ hold117/A (sky130_fd_sc_hd__dlygate4sd3_1)
     1    0.003729    0.061386    0.540752    1.501678 ^ hold117/X (sky130_fd_sc_hd__dlygate4sd3_1)
                                                         net122 (net)
                      0.061386    0.000129    1.501807 ^ _3111_/D (sky130_fd_sc_hd__dfrtp_1)
                                              1.501807   data arrival time

                                  0.000000    0.000000   clock clk (rise edge)
                                  0.000000    0.000000   clock source latency
     1    0.020000    0.095779    0.066087    0.066087 ^ clk (in)
                                                         clk (net)
                      0.095805    0.000000    0.066087 ^ clkbuf_0_clk/A (sky130_fd_sc_hd__clkbuf_16)
    16    0.094658    0.110614    0.199662    0.265749 ^ clkbuf_0_clk/X (sky130_fd_sc_hd__clkbuf_16)
                                                         clknet_0_clk (net)
                      0.110752    0.002595    0.268344 ^ clkbuf_4_7_0_clk/A (sky130_fd_sc_hd__clkbuf_8)
    17    0.062819    0.118024    0.207981    0.476324 ^ clkbuf_4_7_0_clk/X (sky130_fd_sc_hd__clkbuf_8)
                                                         clknet_4_7_0_clk (net)
                      0.118072    0.002241    0.478566 ^ _3111_/CLK (sky130_fd_sc_hd__dfrtp_1)
                                  0.500000    0.978566   clock uncertainty
                                  0.000000    0.978566   clock reconvergence pessimism
                                 -0.028183    0.950382   library hold time
                                              0.950382   data required time
---------------------------------------------------------------------------------------------
                                              0.950382   data required time
                                             -1.501807   data arrival time
---------------------------------------------------------------------------------------------
                                              0.551425   slack (MET)


Startpoint: _3066_ (rising edge-triggered flip-flop clocked by clk)
Endpoint: _3019_ (rising edge-triggered flip-flop clocked by clk)
Path Group: clk
Path Type: min

Fanout         Cap        Slew       Delay        Time   Description
---------------------------------------------------------------------------------------------
                                  0.000000    0.000000   clock clk (rise edge)
                                  0.000000    0.000000   clock source latency
     1    0.020000    0.095779    0.066087    0.066087 ^ clk (in)
                                                         clk (net)
                      0.095805    0.000000    0.066087 ^ clkbuf_0_clk/A (sky130_fd_sc_hd__clkbuf_16)
    16    0.094658    0.110614    0.199662    0.265749 ^ clkbuf_0_clk/X (sky130_fd_sc_hd__clkbuf_16)
                                                         clknet_0_clk (net)
                      0.110829    0.003506    0.269255 ^ clkbuf_4_15_0_clk/A (sky130_fd_sc_hd__clkbuf_8)
    13    0.060153    0.113790    0.204562    0.473817 ^ clkbuf_4_15_0_clk/X (sky130_fd_sc_hd__clkbuf_8)
                                                         clknet_4_15_0_clk (net)
                      0.113859    0.002566    0.476382 ^ _3066_/CLK (sky130_fd_sc_hd__dfrtp_2)
     5    0.019685    0.109618    0.424400    0.900783 ^ _3066_/Q (sky130_fd_sc_hd__dfrtp_2)
                                                         my_sum_sub.cm_mant[6] (net)
                      0.109636    0.001426    0.902208 ^ _2444_/A (sky130_fd_sc_hd__or2_2)
     9    0.028306    0.150794    0.211143    1.113351 ^ _2444_/X (sky130_fd_sc_hd__or2_2)
                                                         _0743_ (net)
                      0.150794    0.000394    1.113745 ^ _2683_/A1 (sky130_fd_sc_hd__a21o_1)
     2    0.013856    0.125085    0.195812    1.309558 ^ _2683_/X (sky130_fd_sc_hd__a21o_1)
                                                         _0969_ (net)
                      0.125089    0.000581    1.310139 ^ _2684_/A3 (sky130_fd_sc_hd__a32o_1)
     1    0.003268    0.052841    0.177710    1.487849 ^ _2684_/X (sky130_fd_sc_hd__a32o_1)
                                                         _0278_ (net)
                      0.052842    0.000109    1.487958 ^ _3019_/D (sky130_fd_sc_hd__dfrtp_1)
                                              1.487958   data arrival time

                                  0.000000    0.000000   clock clk (rise edge)
                                  0.000000    0.000000   clock source latency
     1    0.020000    0.095779    0.066087    0.066087 ^ clk (in)
                                                         clk (net)
                      0.095805    0.000000    0.066087 ^ clkbuf_0_clk/A (sky130_fd_sc_hd__clkbuf_16)
    16    0.094658    0.110614    0.199662    0.265749 ^ clkbuf_0_clk/X (sky130_fd_sc_hd__clkbuf_16)
                                                         clknet_0_clk (net)
                      0.110757    0.002659    0.268408 ^ clkbuf_4_8_0_clk/A (sky130_fd_sc_hd__clkbuf_8)
     9    0.050881    0.099055    0.193582    0.461991 ^ clkbuf_4_8_0_clk/X (sky130_fd_sc_hd__clkbuf_8)
                                                         clknet_4_8_0_clk (net)
                      0.099082    0.001571    0.463562 ^ _3019_/CLK (sky130_fd_sc_hd__dfrtp_1)
                                  0.500000    0.963561   clock uncertainty
                                  0.000000    0.963561   clock reconvergence pessimism
                                 -0.029007    0.934554   library hold time
                                              0.934554   data required time
---------------------------------------------------------------------------------------------
                                              0.934554   data required time
                                             -1.487958   data arrival time
---------------------------------------------------------------------------------------------
                                              0.553404   slack (MET)


Startpoint: _3010_ (rising edge-triggered flip-flop clocked by clk)
Endpoint: _3011_ (rising edge-triggered flip-flop clocked by clk)
Path Group: clk
Path Type: min

Fanout         Cap        Slew       Delay        Time   Description
---------------------------------------------------------------------------------------------
                                  0.000000    0.000000   clock clk (rise edge)
                                  0.000000    0.000000   clock source latency
     1    0.020000    0.095779    0.066087    0.066087 ^ clk (in)
                                                         clk (net)
                      0.095805    0.000000    0.066087 ^ clkbuf_0_clk/A (sky130_fd_sc_hd__clkbuf_16)
    16    0.094658    0.110614    0.199662    0.265749 ^ clkbuf_0_clk/X (sky130_fd_sc_hd__clkbuf_16)
                                                         clknet_0_clk (net)
                      0.110799    0.003186    0.268935 ^ clkbuf_4_2_0_clk/A (sky130_fd_sc_hd__clkbuf_8)
    18    0.064744    0.121094    0.210168    0.479103 ^ clkbuf_4_2_0_clk/X (sky130_fd_sc_hd__clkbuf_8)
                                                         clknet_4_2_0_clk (net)
                      0.121171    0.002796    0.481898 ^ _3010_/CLK (sky130_fd_sc_hd__dfrtp_1)
     2    0.006334    0.072150    0.367256    0.849155 ^ _3010_/Q (sky130_fd_sc_hd__dfrtp_1)
                                                         div_quotient[0] (net)
                      0.072150    0.000169    0.849324 ^ _2698_/A1 (sky130_fd_sc_hd__a22o_1)
     1    0.002196    0.039175    0.125795    0.975119 ^ _2698_/X (sky130_fd_sc_hd__a22o_1)
                                                         _0270_ (net)
                      0.039175    0.000046    0.975165 ^ hold159/A (sky130_fd_sc_hd__dlygate4sd3_1)
     1    0.003181    0.056230    0.536521    1.511686 ^ hold159/X (sky130_fd_sc_hd__dlygate4sd3_1)
                                                         net164 (net)
                      0.056230    0.000103    1.511788 ^ _3011_/D (sky130_fd_sc_hd__dfrtp_1)
                                              1.511788   data arrival time

                                  0.000000    0.000000   clock clk (rise edge)
                                  0.000000    0.000000   clock source latency
     1    0.020000    0.095779    0.066087    0.066087 ^ clk (in)
                                                         clk (net)
                      0.095805    0.000000    0.066087 ^ clkbuf_0_clk/A (sky130_fd_sc_hd__clkbuf_16)
    16    0.094658    0.110614    0.199662    0.265749 ^ clkbuf_0_clk/X (sky130_fd_sc_hd__clkbuf_16)
                                                         clknet_0_clk (net)
                      0.110799    0.003186    0.268935 ^ clkbuf_4_2_0_clk/A (sky130_fd_sc_hd__clkbuf_8)
    18    0.064744    0.121094    0.210168    0.479103 ^ clkbuf_4_2_0_clk/X (sky130_fd_sc_hd__clkbuf_8)
                                                         clknet_4_2_0_clk (net)
                      0.121170    0.002779    0.481882 ^ _3011_/CLK (sky130_fd_sc_hd__dfrtp_1)
                                  0.500000    0.981882   clock uncertainty
                                  0.000000    0.981882   clock reconvergence pessimism
                                 -0.026688    0.955194   library hold time
                                              0.955194   data required time
---------------------------------------------------------------------------------------------
                                              0.955194   data required time
                                             -1.511788   data arrival time
---------------------------------------------------------------------------------------------
                                              0.556595   slack (MET)


Startpoint: _3125_ (rising edge-triggered flip-flop clocked by clk)
Endpoint: _3109_ (rising edge-triggered flip-flop clocked by clk)
Path Group: clk
Path Type: min

Fanout         Cap        Slew       Delay        Time   Description
---------------------------------------------------------------------------------------------
                                  0.000000    0.000000   clock clk (rise edge)
                                  0.000000    0.000000   clock source latency
     1    0.020000    0.095779    0.066087    0.066087 ^ clk (in)
                                                         clk (net)
                      0.095805    0.000000    0.066087 ^ clkbuf_0_clk/A (sky130_fd_sc_hd__clkbuf_16)
    16    0.094658    0.110614    0.199662    0.265749 ^ clkbuf_0_clk/X (sky130_fd_sc_hd__clkbuf_16)
                                                         clknet_0_clk (net)
                      0.110817    0.003381    0.269130 ^ clkbuf_4_1_0_clk/A (sky130_fd_sc_hd__clkbuf_8)
    16    0.063469    0.119051    0.208820    0.477950 ^ clkbuf_4_1_0_clk/X (sky130_fd_sc_hd__clkbuf_8)
                                                         clknet_4_1_0_clk (net)
                      0.119105    0.002380    0.480330 ^ _3125_/CLK (sky130_fd_sc_hd__dfrtp_1)
     1    0.002537    0.043136    0.339411    0.819741 ^ _3125_/Q (sky130_fd_sc_hd__dfrtp_1)
                                                         shift_in[14] (net)
                      0.043136    0.000058    0.819799 ^ hold91/A (sky130_fd_sc_hd__dlygate4sd3_1)
     3    0.007156    0.091028    0.568739    1.388538 ^ hold91/X (sky130_fd_sc_hd__dlygate4sd3_1)
                                                         net96 (net)
                      0.091028    0.000136    1.388674 ^ _2125_/A0 (sky130_fd_sc_hd__mux2_1)
     1    0.002405    0.038349    0.127082    1.515756 ^ _2125_/X (sky130_fd_sc_hd__mux2_1)
                                                         _0205_ (net)
                      0.038349    0.000050    1.515805 ^ _3109_/D (sky130_fd_sc_hd__dfrtp_2)
                                              1.515805   data arrival time

                                  0.000000    0.000000   clock clk (rise edge)
                                  0.000000    0.000000   clock source latency
     1    0.020000    0.095779    0.066087    0.066087 ^ clk (in)
                                                         clk (net)
                      0.095805    0.000000    0.066087 ^ clkbuf_0_clk/A (sky130_fd_sc_hd__clkbuf_16)
    16    0.094658    0.110614    0.199662    0.265749 ^ clkbuf_0_clk/X (sky130_fd_sc_hd__clkbuf_16)
                                                         clknet_0_clk (net)
                      0.110817    0.003381    0.269130 ^ clkbuf_4_1_0_clk/A (sky130_fd_sc_hd__clkbuf_8)
    16    0.063469    0.119051    0.208820    0.477950 ^ clkbuf_4_1_0_clk/X (sky130_fd_sc_hd__clkbuf_8)
                                                         clknet_4_1_0_clk (net)
                      0.119114    0.002538    0.480488 ^ _3109_/CLK (sky130_fd_sc_hd__dfrtp_2)
                                  0.500000    0.980488   clock uncertainty
                                  0.000000    0.980488   clock reconvergence pessimism
                                 -0.023185    0.957304   library hold time
                                              0.957304   data required time
---------------------------------------------------------------------------------------------
                                              0.957304   data required time
                                             -1.515805   data arrival time
---------------------------------------------------------------------------------------------
                                              0.558502   slack (MET)


Startpoint: _3093_ (rising edge-triggered flip-flop clocked by clk)
Endpoint: _3037_ (rising edge-triggered flip-flop clocked by clk)
Path Group: clk
Path Type: min

Fanout         Cap        Slew       Delay        Time   Description
---------------------------------------------------------------------------------------------
                                  0.000000    0.000000   clock clk (rise edge)
                                  0.000000    0.000000   clock source latency
     1    0.020000    0.095779    0.066087    0.066087 ^ clk (in)
                                                         clk (net)
                      0.095805    0.000000    0.066087 ^ clkbuf_0_clk/A (sky130_fd_sc_hd__clkbuf_16)
    16    0.094658    0.110614    0.199662    0.265749 ^ clkbuf_0_clk/X (sky130_fd_sc_hd__clkbuf_16)
                                                         clknet_0_clk (net)
                      0.110793    0.003112    0.268861 ^ clkbuf_4_3_0_clk/A (sky130_fd_sc_hd__clkbuf_8)
    11    0.053966    0.104170    0.197711    0.466572 ^ clkbuf_4_3_0_clk/X (sky130_fd_sc_hd__clkbuf_8)
                                                         clknet_4_3_0_clk (net)
                      0.104177    0.000977    0.467549 ^ _3093_/CLK (sky130_fd_sc_hd__dfrtp_4)
     7    0.028017    0.109088    0.474361    0.941910 ^ _3093_/Q (sky130_fd_sc_hd__dfrtp_4)
                                                         acc_reg[14] (net)
                      0.109097    0.001094    0.943004 ^ _2278_/A2 (sky130_fd_sc_hd__a21oi_4)
    20    0.081432    0.111183    0.169694    1.112698 v _2278_/Y (sky130_fd_sc_hd__a21oi_4)
                                                         _0604_ (net)
                      0.112316    0.008931    1.121630 v _2279_/A (sky130_fd_sc_hd__inv_2)
     4    0.014669    0.076524    0.108387    1.230017 ^ _2279_/Y (sky130_fd_sc_hd__inv_2)
                                                         _0605_ (net)
                      0.076525    0.000351    1.230369 ^ _2281_/B (sky130_fd_sc_hd__nor2_2)
     9    0.030183    0.074127    0.086881    1.317249 v _2281_/Y (sky130_fd_sc_hd__nor2_2)
                                                         _0607_ (net)
                      0.074167    0.001433    1.318683 v _2389_/A2 (sky130_fd_sc_hd__a21o_1)
     1    0.003281    0.033374    0.185225    1.503907 v _2389_/X (sky130_fd_sc_hd__a21o_1)
                                                         _0296_ (net)
                      0.033374    0.000107    1.504015 v _3037_/D (sky130_fd_sc_hd__dfrtp_1)
                                              1.504015   data arrival time

                                  0.000000    0.000000   clock clk (rise edge)
                                  0.000000    0.000000   clock source latency
     1    0.020000    0.095779    0.066087    0.066087 ^ clk (in)
                                                         clk (net)
                      0.095805    0.000000    0.066087 ^ clkbuf_0_clk/A (sky130_fd_sc_hd__clkbuf_16)
    16    0.094658    0.110614    0.199662    0.265749 ^ clkbuf_0_clk/X (sky130_fd_sc_hd__clkbuf_16)
                                                         clknet_0_clk (net)
                      0.110767    0.002795    0.268544 ^ clkbuf_4_11_0_clk/A (sky130_fd_sc_hd__clkbuf_8)
    13    0.055869    0.107200    0.200015    0.468559 ^ clkbuf_4_11_0_clk/X (sky130_fd_sc_hd__clkbuf_8)
                                                         clknet_4_11_0_clk (net)
                      0.107208    0.000994    0.469553 ^ _3037_/CLK (sky130_fd_sc_hd__dfrtp_1)
                                  0.500000    0.969553   clock uncertainty
                                  0.000000    0.969553   clock reconvergence pessimism
                                 -0.026856    0.942697   library hold time
                                              0.942697   data required time
---------------------------------------------------------------------------------------------
                                              0.942697   data required time
                                             -1.504015   data arrival time
---------------------------------------------------------------------------------------------
                                              0.561318   slack (MET)


Startpoint: _3120_ (rising edge-triggered flip-flop clocked by clk)
Endpoint: _3119_ (rising edge-triggered flip-flop clocked by clk)
Path Group: clk
Path Type: min

Fanout         Cap        Slew       Delay        Time   Description
---------------------------------------------------------------------------------------------
                                  0.000000    0.000000   clock clk (rise edge)
                                  0.000000    0.000000   clock source latency
     1    0.020000    0.095779    0.066087    0.066087 ^ clk (in)
                                                         clk (net)
                      0.095805    0.000000    0.066087 ^ clkbuf_0_clk/A (sky130_fd_sc_hd__clkbuf_16)
    16    0.094658    0.110614    0.199662    0.265749 ^ clkbuf_0_clk/X (sky130_fd_sc_hd__clkbuf_16)
                                                         clknet_0_clk (net)
                      0.110751    0.002584    0.268334 ^ clkbuf_4_4_0_clk/A (sky130_fd_sc_hd__clkbuf_8)
    11    0.055333    0.106119    0.198941    0.467275 ^ clkbuf_4_4_0_clk/X (sky130_fd_sc_hd__clkbuf_8)
                                                         clknet_4_4_0_clk (net)
                      0.106151    0.001767    0.469042 ^ _3120_/CLK (sky130_fd_sc_hd__dfrtp_1)
     1    0.002391    0.042081    0.333363    0.802404 ^ _3120_/Q (sky130_fd_sc_hd__dfrtp_1)
                                                         shift_in[9] (net)
                      0.042081    0.000051    0.802456 ^ hold76/A (sky130_fd_sc_hd__dlygate4sd3_1)
     3    0.007832    0.097176    0.573572    1.376028 ^ hold76/X (sky130_fd_sc_hd__dlygate4sd3_1)
                                                         net81 (net)
                      0.097176    0.000158    1.376186 ^ _2112_/A0 (sky130_fd_sc_hd__mux2_1)
     1    0.002582    0.039768    0.130613    1.506798 ^ _2112_/X (sky130_fd_sc_hd__mux2_1)
                                                         _0215_ (net)
                      0.039768    0.000056    1.506855 ^ _3119_/D (sky130_fd_sc_hd__dfrtp_1)
                                              1.506855   data arrival time

                                  0.000000    0.000000   clock clk (rise edge)
                                  0.000000    0.000000   clock source latency
     1    0.020000    0.095779    0.066087    0.066087 ^ clk (in)
                                                         clk (net)
                      0.095805    0.000000    0.066087 ^ clkbuf_0_clk/A (sky130_fd_sc_hd__clkbuf_16)
    16    0.094658    0.110614    0.199662    0.265749 ^ clkbuf_0_clk/X (sky130_fd_sc_hd__clkbuf_16)
                                                         clknet_0_clk (net)
                      0.110680    0.002494    0.268243 ^ clkbuf_4_5_0_clk/A (sky130_fd_sc_hd__clkbuf_8)
    10    0.056613    0.108440    0.200680    0.468923 ^ clkbuf_4_5_0_clk/X (sky130_fd_sc_hd__clkbuf_8)
                                                         clknet_4_5_0_clk (net)
                      0.108456    0.001313    0.470236 ^ _3119_/CLK (sky130_fd_sc_hd__dfrtp_1)
                                  0.500000    0.970236   clock uncertainty
                                  0.000000    0.970236   clock reconvergence pessimism
                                 -0.025005    0.945231   library hold time
                                              0.945231   data required time
---------------------------------------------------------------------------------------------
                                              0.945231   data required time
                                             -1.506855   data arrival time
---------------------------------------------------------------------------------------------
                                              0.561624   slack (MET)


Startpoint: _3157_ (rising edge-triggered flip-flop clocked by clk)
Endpoint: _3143_ (rising edge-triggered flip-flop clocked by clk)
Path Group: clk
Path Type: min

Fanout         Cap        Slew       Delay        Time   Description
---------------------------------------------------------------------------------------------
                                  0.000000    0.000000   clock clk (rise edge)
                                  0.000000    0.000000   clock source latency
     1    0.020000    0.095779    0.066087    0.066087 ^ clk (in)
                                                         clk (net)
                      0.095805    0.000000    0.066087 ^ clkbuf_0_clk/A (sky130_fd_sc_hd__clkbuf_16)
    16    0.094658    0.110614    0.199662    0.265749 ^ clkbuf_0_clk/X (sky130_fd_sc_hd__clkbuf_16)
                                                         clknet_0_clk (net)
                      0.110815    0.003356    0.269105 ^ clkbuf_4_0_0_clk/A (sky130_fd_sc_hd__clkbuf_8)
    24    0.065579    0.123215    0.209510    0.478615 ^ clkbuf_4_0_0_clk/X (sky130_fd_sc_hd__clkbuf_8)
                                                         clknet_4_0_0_clk (net)
                      0.123621    0.005743    0.484358 ^ _3157_/CLK (sky130_fd_sc_hd__dfrtp_1)
     4    0.012940    0.124330    0.410123    0.894481 ^ _3157_/Q (sky130_fd_sc_hd__dfrtp_1)
                                                         state[5] (net)
                      0.124330    0.000378    0.894859 ^ _1513_/B (sky130_fd_sc_hd__nor2_1)
     2    0.005817    0.047687    0.070387    0.965246 v _1513_/Y (sky130_fd_sc_hd__nor2_1)
                                                         _1063_ (net)
                      0.047687    0.000178    0.965424 v _1519_/A2 (sky130_fd_sc_hd__o31a_1)
     5    0.018547    0.098421    0.347079    1.312504 v _1519_/X (sky130_fd_sc_hd__o31a_1)
                                                         _1069_ (net)
                      0.098426    0.000724    1.313228 v _1520_/A (sky130_fd_sc_hd__inv_2)
     3    0.008907    0.054207    0.082303    1.395531 ^ _1520_/Y (sky130_fd_sc_hd__inv_2)
                                                         _1070_ (net)
                      0.054207    0.000220    1.395751 ^ _1538_/A1 (sky130_fd_sc_hd__mux2_1)
     1    0.003500    0.046628    0.125884    1.521635 ^ _1538_/X (sky130_fd_sc_hd__mux2_1)
                                                         _0239_ (net)
                      0.046650    0.000094    1.521729 ^ _3143_/D (sky130_fd_sc_hd__dfrtp_1)
                                              1.521729   data arrival time

                                  0.000000    0.000000   clock clk (rise edge)
                                  0.000000    0.000000   clock source latency
     1    0.020000    0.095779    0.066087    0.066087 ^ clk (in)
                                                         clk (net)
                      0.095805    0.000000    0.066087 ^ clkbuf_0_clk/A (sky130_fd_sc_hd__clkbuf_16)
    16    0.094658    0.110614    0.199662    0.265749 ^ clkbuf_0_clk/X (sky130_fd_sc_hd__clkbuf_16)
                                                         clknet_0_clk (net)
                      0.110815    0.003356    0.269105 ^ clkbuf_4_0_0_clk/A (sky130_fd_sc_hd__clkbuf_8)
    24    0.065579    0.123215    0.209510    0.478615 ^ clkbuf_4_0_0_clk/X (sky130_fd_sc_hd__clkbuf_8)
                                                         clknet_4_0_0_clk (net)
                      0.123524    0.005032    0.483648 ^ _3143_/CLK (sky130_fd_sc_hd__dfrtp_1)
                                  0.500000    0.983648   clock uncertainty
                                  0.000000    0.983648   clock reconvergence pessimism
                                 -0.024377    0.959271   library hold time
                                              0.959271   data required time
---------------------------------------------------------------------------------------------
                                              0.959271   data required time
                                             -1.521729   data arrival time
---------------------------------------------------------------------------------------------
                                              0.562458   slack (MET)


Startpoint: _3125_ (rising edge-triggered flip-flop clocked by clk)
Endpoint: _3125_ (rising edge-triggered flip-flop clocked by clk)
Path Group: clk
Path Type: min

Fanout         Cap        Slew       Delay        Time   Description
---------------------------------------------------------------------------------------------
                                  0.000000    0.000000   clock clk (rise edge)
                                  0.000000    0.000000   clock source latency
     1    0.020000    0.095779    0.066087    0.066087 ^ clk (in)
                                                         clk (net)
                      0.095805    0.000000    0.066087 ^ clkbuf_0_clk/A (sky130_fd_sc_hd__clkbuf_16)
    16    0.094658    0.110614    0.199662    0.265749 ^ clkbuf_0_clk/X (sky130_fd_sc_hd__clkbuf_16)
                                                         clknet_0_clk (net)
                      0.110817    0.003381    0.269130 ^ clkbuf_4_1_0_clk/A (sky130_fd_sc_hd__clkbuf_8)
    16    0.063469    0.119051    0.208820    0.477950 ^ clkbuf_4_1_0_clk/X (sky130_fd_sc_hd__clkbuf_8)
                                                         clknet_4_1_0_clk (net)
                      0.119105    0.002380    0.480330 ^ _3125_/CLK (sky130_fd_sc_hd__dfrtp_1)
     1    0.002537    0.043136    0.339411    0.819741 ^ _3125_/Q (sky130_fd_sc_hd__dfrtp_1)
                                                         shift_in[14] (net)
                      0.043136    0.000058    0.819799 ^ hold91/A (sky130_fd_sc_hd__dlygate4sd3_1)
     3    0.007156    0.091028    0.568739    1.388538 ^ hold91/X (sky130_fd_sc_hd__dlygate4sd3_1)
                                                         net96 (net)
                      0.091028    0.000120    1.388658 ^ _2106_/A1 (sky130_fd_sc_hd__mux2_1)
     1    0.002813    0.041516    0.132949    1.521608 ^ _2106_/X (sky130_fd_sc_hd__mux2_1)
                                                         _0221_ (net)
                      0.041516    0.000065    1.521673 ^ _3125_/D (sky130_fd_sc_hd__dfrtp_1)
                                              1.521673   data arrival time

                                  0.000000    0.000000   clock clk (rise edge)
                                  0.000000    0.000000   clock source latency
     1    0.020000    0.095779    0.066087    0.066087 ^ clk (in)
                                                         clk (net)
                      0.095805    0.000000    0.066087 ^ clkbuf_0_clk/A (sky130_fd_sc_hd__clkbuf_16)
    16    0.094658    0.110614    0.199662    0.265749 ^ clkbuf_0_clk/X (sky130_fd_sc_hd__clkbuf_16)
                                                         clknet_0_clk (net)
                      0.110817    0.003381    0.269130 ^ clkbuf_4_1_0_clk/A (sky130_fd_sc_hd__clkbuf_8)
    16    0.063469    0.119051    0.208820    0.477950 ^ clkbuf_4_1_0_clk/X (sky130_fd_sc_hd__clkbuf_8)
                                                         clknet_4_1_0_clk (net)
                      0.119105    0.002380    0.480330 ^ _3125_/CLK (sky130_fd_sc_hd__dfrtp_1)
                                  0.500000    0.980330   clock uncertainty
                                  0.000000    0.980330   clock reconvergence pessimism
                                 -0.023915    0.956415   library hold time
                                              0.956415   data required time
---------------------------------------------------------------------------------------------
                                              0.956415   data required time
                                             -1.521673   data arrival time
---------------------------------------------------------------------------------------------
                                              0.565258   slack (MET)


Startpoint: _2998_ (rising edge-triggered flip-flop clocked by clk)
Endpoint: _3173_ (rising edge-triggered flip-flop clocked by clk)
Path Group: clk
Path Type: min

Fanout         Cap        Slew       Delay        Time   Description
---------------------------------------------------------------------------------------------
                                  0.000000    0.000000   clock clk (rise edge)
                                  0.000000    0.000000   clock source latency
     1    0.020000    0.095779    0.066087    0.066087 ^ clk (in)
                                                         clk (net)
                      0.095805    0.000000    0.066087 ^ clkbuf_0_clk/A (sky130_fd_sc_hd__clkbuf_16)
    16    0.094658    0.110614    0.199662    0.265749 ^ clkbuf_0_clk/X (sky130_fd_sc_hd__clkbuf_16)
                                                         clknet_0_clk (net)
                      0.110815    0.003356    0.269105 ^ clkbuf_4_0_0_clk/A (sky130_fd_sc_hd__clkbuf_8)
    24    0.065579    0.123215    0.209510    0.478615 ^ clkbuf_4_0_0_clk/X (sky130_fd_sc_hd__clkbuf_8)
                                                         clknet_4_0_0_clk (net)
                      0.123320    0.002980    0.481595 ^ _2998_/CLK (sky130_fd_sc_hd__dfrtp_1)
     2    0.006049    0.069911    0.366098    0.847693 ^ _2998_/Q (sky130_fd_sc_hd__dfrtp_1)
                                                         my_divider.counter[1] (net)
                      0.069911    0.000168    0.847861 ^ _1548_/B (sky130_fd_sc_hd__or4b_1)
     3    0.011670    0.113988    0.163981    1.011842 ^ _1548_/X (sky130_fd_sc_hd__or4b_1)
                                                         _1093_ (net)
                      0.113988    0.000326    1.012168 ^ _2689_/B (sky130_fd_sc_hd__and2_4)
    17    0.068267    0.201532    0.280401    1.292569 ^ _2689_/X (sky130_fd_sc_hd__and2_4)
                                                         _0972_ (net)
                      0.201811    0.006129    1.298698 ^ _2691_/A (sky130_fd_sc_hd__nor2_4)
    16    0.057811    0.100511    0.130327    1.429026 v _2691_/Y (sky130_fd_sc_hd__nor2_4)
                                                         _0974_ (net)
                      0.100542    0.001443    1.430468 v _2692_/A (sky130_fd_sc_hd__inv_2)
     2    0.010754    0.061290    0.089785    1.520253 ^ _2692_/Y (sky130_fd_sc_hd__inv_2)
                                                         my_divider.en_r (net)
                      0.061291    0.000302    1.520555 ^ _3173_/D (sky130_fd_sc_hd__dfrtp_1)
                                              1.520555   data arrival time

                                  0.000000    0.000000   clock clk (rise edge)
                                  0.000000    0.000000   clock source latency
     1    0.020000    0.095779    0.066087    0.066087 ^ clk (in)
                                                         clk (net)
                      0.095805    0.000000    0.066087 ^ clkbuf_0_clk/A (sky130_fd_sc_hd__clkbuf_16)
    16    0.094658    0.110614    0.199662    0.265749 ^ clkbuf_0_clk/X (sky130_fd_sc_hd__clkbuf_16)
                                                         clknet_0_clk (net)
                      0.110799    0.003186    0.268935 ^ clkbuf_4_2_0_clk/A (sky130_fd_sc_hd__clkbuf_8)
    18    0.064744    0.121094    0.210168    0.479103 ^ clkbuf_4_2_0_clk/X (sky130_fd_sc_hd__clkbuf_8)
                                                         clknet_4_2_0_clk (net)
                      0.121137    0.002192    0.481295 ^ _3173_/CLK (sky130_fd_sc_hd__dfrtp_1)
                                  0.500000    0.981295   clock uncertainty
                                  0.000000    0.981295   clock reconvergence pessimism
                                 -0.027744    0.953552   library hold time
                                              0.953552   data required time
---------------------------------------------------------------------------------------------
                                              0.953552   data required time
                                             -1.520555   data arrival time
---------------------------------------------------------------------------------------------
                                              0.567003   slack (MET)


Startpoint: _3122_ (rising edge-triggered flip-flop clocked by clk)
Endpoint: _3121_ (rising edge-triggered flip-flop clocked by clk)
Path Group: clk
Path Type: min

Fanout         Cap        Slew       Delay        Time   Description
---------------------------------------------------------------------------------------------
                                  0.000000    0.000000   clock clk (rise edge)
                                  0.000000    0.000000   clock source latency
     1    0.020000    0.095779    0.066087    0.066087 ^ clk (in)
                                                         clk (net)
                      0.095805    0.000000    0.066087 ^ clkbuf_0_clk/A (sky130_fd_sc_hd__clkbuf_16)
    16    0.094658    0.110614    0.199662    0.265749 ^ clkbuf_0_clk/X (sky130_fd_sc_hd__clkbuf_16)
                                                         clknet_0_clk (net)
                      0.110751    0.002584    0.268334 ^ clkbuf_4_4_0_clk/A (sky130_fd_sc_hd__clkbuf_8)
    11    0.055333    0.106119    0.198941    0.467275 ^ clkbuf_4_4_0_clk/X (sky130_fd_sc_hd__clkbuf_8)
                                                         clknet_4_4_0_clk (net)
                      0.106146    0.001636    0.468911 ^ _3122_/CLK (sky130_fd_sc_hd__dfrtp_1)
     1    0.002230    0.040544    0.332031    0.800942 ^ _3122_/Q (sky130_fd_sc_hd__dfrtp_1)
                                                         shift_in[11] (net)
                      0.040945    0.000047    0.800989 ^ hold86/A (sky130_fd_sc_hd__dlygate4sd3_1)
     3    0.008583    0.103115    0.578988    1.379977 ^ hold86/X (sky130_fd_sc_hd__dlygate4sd3_1)
                                                         net91 (net)
                      0.103115    0.000185    1.380162 ^ _2110_/A0 (sky130_fd_sc_hd__mux2_1)
     1    0.002361    0.038146    0.130890    1.511052 ^ _2110_/X (sky130_fd_sc_hd__mux2_1)
                                                         _0217_ (net)
                      0.038146    0.000049    1.511101 ^ _3121_/D (sky130_fd_sc_hd__dfrtp_1)
                                              1.511101   data arrival time

                                  0.000000    0.000000   clock clk (rise edge)
                                  0.000000    0.000000   clock source latency
     1    0.020000    0.095779    0.066087    0.066087 ^ clk (in)
                                                         clk (net)
                      0.095805    0.000000    0.066087 ^ clkbuf_0_clk/A (sky130_fd_sc_hd__clkbuf_16)
    16    0.094658    0.110614    0.199662    0.265749 ^ clkbuf_0_clk/X (sky130_fd_sc_hd__clkbuf_16)
                                                         clknet_0_clk (net)
                      0.110751    0.002584    0.268334 ^ clkbuf_4_4_0_clk/A (sky130_fd_sc_hd__clkbuf_8)
    11    0.055333    0.106119    0.198941    0.467275 ^ clkbuf_4_4_0_clk/X (sky130_fd_sc_hd__clkbuf_8)
                                                         clknet_4_4_0_clk (net)
                      0.106151    0.001777    0.469052 ^ _3121_/CLK (sky130_fd_sc_hd__dfrtp_1)
                                  0.500000    0.969052   clock uncertainty
                                  0.000000    0.969052   clock reconvergence pessimism
                                 -0.024982    0.944070   library hold time
                                              0.944070   data required time
---------------------------------------------------------------------------------------------
                                              0.944070   data required time
                                             -1.511101   data arrival time
---------------------------------------------------------------------------------------------
                                              0.567031   slack (MET)


Startpoint: _3125_ (rising edge-triggered flip-flop clocked by clk)
Endpoint: _3124_ (rising edge-triggered flip-flop clocked by clk)
Path Group: clk
Path Type: min

Fanout         Cap        Slew       Delay        Time   Description
---------------------------------------------------------------------------------------------
                                  0.000000    0.000000   clock clk (rise edge)
                                  0.000000    0.000000   clock source latency
     1    0.020000    0.095779    0.066087    0.066087 ^ clk (in)
                                                         clk (net)
                      0.095805    0.000000    0.066087 ^ clkbuf_0_clk/A (sky130_fd_sc_hd__clkbuf_16)
    16    0.094658    0.110614    0.199662    0.265749 ^ clkbuf_0_clk/X (sky130_fd_sc_hd__clkbuf_16)
                                                         clknet_0_clk (net)
                      0.110817    0.003381    0.269130 ^ clkbuf_4_1_0_clk/A (sky130_fd_sc_hd__clkbuf_8)
    16    0.063469    0.119051    0.208820    0.477950 ^ clkbuf_4_1_0_clk/X (sky130_fd_sc_hd__clkbuf_8)
                                                         clknet_4_1_0_clk (net)
                      0.119105    0.002380    0.480330 ^ _3125_/CLK (sky130_fd_sc_hd__dfrtp_1)
     1    0.002537    0.043136    0.339411    0.819741 ^ _3125_/Q (sky130_fd_sc_hd__dfrtp_1)
                                                         shift_in[14] (net)
                      0.043136    0.000058    0.819799 ^ hold91/A (sky130_fd_sc_hd__dlygate4sd3_1)
     3    0.007156    0.091028    0.568739    1.388538 ^ hold91/X (sky130_fd_sc_hd__dlygate4sd3_1)
                                                         net96 (net)
                      0.091028    0.000113    1.388652 ^ _2107_/A0 (sky130_fd_sc_hd__mux2_1)
     1    0.003346    0.045574    0.134593    1.523244 ^ _2107_/X (sky130_fd_sc_hd__mux2_1)
                                                         _0220_ (net)
                      0.045574    0.000113    1.523357 ^ _3124_/D (sky130_fd_sc_hd__dfrtp_1)
                                              1.523357   data arrival time

                                  0.000000    0.000000   clock clk (rise edge)
                                  0.000000    0.000000   clock source latency
     1    0.020000    0.095779    0.066087    0.066087 ^ clk (in)
                                                         clk (net)
                      0.095805    0.000000    0.066087 ^ clkbuf_0_clk/A (sky130_fd_sc_hd__clkbuf_16)
    16    0.094658    0.110614    0.199662    0.265749 ^ clkbuf_0_clk/X (sky130_fd_sc_hd__clkbuf_16)
                                                         clknet_0_clk (net)
                      0.110817    0.003381    0.269130 ^ clkbuf_4_1_0_clk/A (sky130_fd_sc_hd__clkbuf_8)
    16    0.063469    0.119051    0.208820    0.477950 ^ clkbuf_4_1_0_clk/X (sky130_fd_sc_hd__clkbuf_8)
                                                         clknet_4_1_0_clk (net)
                      0.119121    0.002649    0.480599 ^ _3124_/CLK (sky130_fd_sc_hd__dfrtp_1)
                                  0.500000    0.980599   clock uncertainty
                                  0.000000    0.980599   clock reconvergence pessimism
                                 -0.024755    0.955843   library hold time
                                              0.955843   data required time
---------------------------------------------------------------------------------------------
                                              0.955843   data required time
                                             -1.523357   data arrival time
---------------------------------------------------------------------------------------------
                                              0.567514   slack (MET)


Startpoint: _3076_ (rising edge-triggered flip-flop clocked by clk)
Endpoint: _3022_ (rising edge-triggered flip-flop clocked by clk)
Path Group: clk
Path Type: min

Fanout         Cap        Slew       Delay        Time   Description
---------------------------------------------------------------------------------------------
                                  0.000000    0.000000   clock clk (rise edge)
                                  0.000000    0.000000   clock source latency
     1    0.020000    0.095779    0.066087    0.066087 ^ clk (in)
                                                         clk (net)
                      0.095805    0.000000    0.066087 ^ clkbuf_0_clk/A (sky130_fd_sc_hd__clkbuf_16)
    16    0.094658    0.110614    0.199662    0.265749 ^ clkbuf_0_clk/X (sky130_fd_sc_hd__clkbuf_16)
                                                         clknet_0_clk (net)
                      0.110767    0.002795    0.268544 ^ clkbuf_4_11_0_clk/A (sky130_fd_sc_hd__clkbuf_8)
    13    0.055869    0.107200    0.200015    0.468559 ^ clkbuf_4_11_0_clk/X (sky130_fd_sc_hd__clkbuf_8)
                                                         clknet_4_11_0_clk (net)
                      0.107208    0.001004    0.469563 ^ _3076_/CLK (sky130_fd_sc_hd__dfrtp_2)
     6    0.021076    0.081868    0.460374    0.929937 v _3076_/Q (sky130_fd_sc_hd__dfrtp_2)
                                                         my_sum_sub.cm_exp[6] (net)
                      0.081874    0.000801    0.930738 v _2637_/B2 (sky130_fd_sc_hd__o32a_1)
     2    0.005800    0.057372    0.182231    1.112969 v _2637_/X (sky130_fd_sc_hd__o32a_1)
                                                         _0936_ (net)
                      0.057372    0.000127    1.113096 v _2670_/B (sky130_fd_sc_hd__nand2_1)
     1    0.003959    0.048649    0.073860    1.186957 ^ _2670_/Y (sky130_fd_sc_hd__nand2_1)
                                                         _0960_ (net)
                      0.048649    0.000140    1.187097 ^ _2671_/C (sky130_fd_sc_hd__or4_4)
     7    0.024013    0.080407    0.153153    1.340250 ^ _2671_/X (sky130_fd_sc_hd__or4_4)
                                                         _0961_ (net)
                      0.080415    0.000843    1.341093 ^ _2676_/A2 (sky130_fd_sc_hd__a32o_1)
     1    0.002984    0.050452    0.161767    1.502860 ^ _2676_/X (sky130_fd_sc_hd__a32o_1)
                                                         _0281_ (net)
                      0.050452    0.000072    1.502931 ^ _3022_/D (sky130_fd_sc_hd__dfrtp_1)
                                              1.502931   data arrival time

                                  0.000000    0.000000   clock clk (rise edge)
                                  0.000000    0.000000   clock source latency
     1    0.020000    0.095779    0.066087    0.066087 ^ clk (in)
                                                         clk (net)
                      0.095805    0.000000    0.066087 ^ clkbuf_0_clk/A (sky130_fd_sc_hd__clkbuf_16)
    16    0.094658    0.110614    0.199662    0.265749 ^ clkbuf_0_clk/X (sky130_fd_sc_hd__clkbuf_16)
                                                         clknet_0_clk (net)
                      0.110757    0.002659    0.268408 ^ clkbuf_4_8_0_clk/A (sky130_fd_sc_hd__clkbuf_8)
     9    0.050881    0.099055    0.193582    0.461991 ^ clkbuf_4_8_0_clk/X (sky130_fd_sc_hd__clkbuf_8)
                                                         clknet_4_8_0_clk (net)
                      0.099081    0.001540    0.463530 ^ _3022_/CLK (sky130_fd_sc_hd__dfrtp_1)
                                  0.500000    0.963530   clock uncertainty
                                  0.000000    0.963530   clock reconvergence pessimism
                                 -0.028510    0.935021   library hold time
                                              0.935021   data required time
---------------------------------------------------------------------------------------------
                                              0.935021   data required time
                                             -1.502931   data arrival time
---------------------------------------------------------------------------------------------
                                              0.567911   slack (MET)


Startpoint: _3015_ (rising edge-triggered flip-flop clocked by clk)
Endpoint: _3016_ (rising edge-triggered flip-flop clocked by clk)
Path Group: clk
Path Type: min

Fanout         Cap        Slew       Delay        Time   Description
---------------------------------------------------------------------------------------------
                                  0.000000    0.000000   clock clk (rise edge)
                                  0.000000    0.000000   clock source latency
     1    0.020000    0.095779    0.066087    0.066087 ^ clk (in)
                                                         clk (net)
                      0.095805    0.000000    0.066087 ^ clkbuf_0_clk/A (sky130_fd_sc_hd__clkbuf_16)
    16    0.094658    0.110614    0.199662    0.265749 ^ clkbuf_0_clk/X (sky130_fd_sc_hd__clkbuf_16)
                                                         clknet_0_clk (net)
                      0.110799    0.003186    0.268935 ^ clkbuf_4_2_0_clk/A (sky130_fd_sc_hd__clkbuf_8)
    18    0.064744    0.121094    0.210168    0.479103 ^ clkbuf_4_2_0_clk/X (sky130_fd_sc_hd__clkbuf_8)
                                                         clknet_4_2_0_clk (net)
                      0.121122    0.001826    0.480929 ^ _3015_/CLK (sky130_fd_sc_hd__dfrtp_1)
     2    0.006698    0.075028    0.369671    0.850600 ^ _3015_/Q (sky130_fd_sc_hd__dfrtp_1)
                                                         div_quotient[5] (net)
                      0.075028    0.000225    0.850825 ^ _2693_/A1 (sky130_fd_sc_hd__a22o_1)
     1    0.003001    0.045682    0.133362    0.984187 ^ _2693_/X (sky130_fd_sc_hd__a22o_1)
                                                         _0275_ (net)
                      0.045682    0.000076    0.984263 ^ hold31/A (sky130_fd_sc_hd__dlygate4sd3_1)
     1    0.003132    0.055798    0.538187    1.522450 ^ hold31/X (sky130_fd_sc_hd__dlygate4sd3_1)
                                                         net36 (net)
                      0.055798    0.000101    1.522551 ^ _3016_/D (sky130_fd_sc_hd__dfrtp_1)
                                              1.522551   data arrival time

                                  0.000000    0.000000   clock clk (rise edge)
                                  0.000000    0.000000   clock source latency
     1    0.020000    0.095779    0.066087    0.066087 ^ clk (in)
                                                         clk (net)
                      0.095805    0.000000    0.066087 ^ clkbuf_0_clk/A (sky130_fd_sc_hd__clkbuf_16)
    16    0.094658    0.110614    0.199662    0.265749 ^ clkbuf_0_clk/X (sky130_fd_sc_hd__clkbuf_16)
                                                         clknet_0_clk (net)
                      0.110799    0.003186    0.268935 ^ clkbuf_4_2_0_clk/A (sky130_fd_sc_hd__clkbuf_8)
    18    0.064744    0.121094    0.210168    0.479103 ^ clkbuf_4_2_0_clk/X (sky130_fd_sc_hd__clkbuf_8)
                                                         clknet_4_2_0_clk (net)
                      0.121112    0.001543    0.480646 ^ _3016_/CLK (sky130_fd_sc_hd__dfrtp_1)
                                  0.500000    0.980646   clock uncertainty
                                  0.000000    0.980646   clock reconvergence pessimism
                                 -0.026606    0.954039   library hold time
                                              0.954039   data required time
---------------------------------------------------------------------------------------------
                                              0.954039   data required time
                                             -1.522551   data arrival time
---------------------------------------------------------------------------------------------
                                              0.568512   slack (MET)


Startpoint: _3168_ (rising edge-triggered flip-flop clocked by clk)
Endpoint: _3153_ (rising edge-triggered flip-flop clocked by clk)
Path Group: clk
Path Type: min

Fanout         Cap        Slew       Delay        Time   Description
---------------------------------------------------------------------------------------------
                                  0.000000    0.000000   clock clk (rise edge)
                                  0.000000    0.000000   clock source latency
     1    0.020000    0.095779    0.066087    0.066087 ^ clk (in)
                                                         clk (net)
                      0.095805    0.000000    0.066087 ^ clkbuf_0_clk/A (sky130_fd_sc_hd__clkbuf_16)
    16    0.094658    0.110614    0.199662    0.265749 ^ clkbuf_0_clk/X (sky130_fd_sc_hd__clkbuf_16)
                                                         clknet_0_clk (net)
                      0.110815    0.003356    0.269105 ^ clkbuf_4_0_0_clk/A (sky130_fd_sc_hd__clkbuf_8)
    24    0.065579    0.123215    0.209510    0.478615 ^ clkbuf_4_0_0_clk/X (sky130_fd_sc_hd__clkbuf_8)
                                                         clknet_4_0_0_clk (net)
                      0.123589    0.005521    0.484136 ^ _3168_/CLK (sky130_fd_sc_hd__dfstp_4)
    11    0.034990    0.109208    0.691299    1.175435 ^ _3168_/Q (sky130_fd_sc_hd__dfstp_4)
                                                         ss_s1 (net)
                      0.109208    0.001370    1.176805 ^ _2122_/B (sky130_fd_sc_hd__or3b_4)
    17    0.081155    0.267521    0.304432    1.481237 ^ _2122_/X (sky130_fd_sc_hd__or3b_4)
                                                         _0500_ (net)
                      0.267521    0.001140    1.482377 ^ _2123_/A (sky130_fd_sc_hd__inv_2)
     1    0.002390    0.042808    0.041254    1.523631 v _2123_/Y (sky130_fd_sc_hd__inv_2)
                                                         _0004_ (net)
                      0.042808    0.000050    1.523680 v _3153_/D (sky130_fd_sc_hd__dfrtp_1)
                                              1.523680   data arrival time

                                  0.000000    0.000000   clock clk (rise edge)
                                  0.000000    0.000000   clock source latency
     1    0.020000    0.095779    0.066087    0.066087 ^ clk (in)
                                                         clk (net)
                      0.095805    0.000000    0.066087 ^ clkbuf_0_clk/A (sky130_fd_sc_hd__clkbuf_16)
    16    0.094658    0.110614    0.199662    0.265749 ^ clkbuf_0_clk/X (sky130_fd_sc_hd__clkbuf_16)
                                                         clknet_0_clk (net)
                      0.110815    0.003356    0.269105 ^ clkbuf_4_0_0_clk/A (sky130_fd_sc_hd__clkbuf_8)
    24    0.065579    0.123215    0.209510    0.478615 ^ clkbuf_4_0_0_clk/X (sky130_fd_sc_hd__clkbuf_8)
                                                         clknet_4_0_0_clk (net)
                      0.123258    0.001928    0.480543 ^ _3153_/CLK (sky130_fd_sc_hd__dfrtp_1)
                                  0.500000    0.980543   clock uncertainty
                                  0.000000    0.980543   clock reconvergence pessimism
                                 -0.027033    0.953510   library hold time
                                              0.953510   data required time
---------------------------------------------------------------------------------------------
                                              0.953510   data required time
                                             -1.523680   data arrival time
---------------------------------------------------------------------------------------------
                                              0.570170   slack (MET)


Startpoint: _3076_ (rising edge-triggered flip-flop clocked by clk)
Endpoint: _3020_ (rising edge-triggered flip-flop clocked by clk)
Path Group: clk
Path Type: min

Fanout         Cap        Slew       Delay        Time   Description
---------------------------------------------------------------------------------------------
                                  0.000000    0.000000   clock clk (rise edge)
                                  0.000000    0.000000   clock source latency
     1    0.020000    0.095779    0.066087    0.066087 ^ clk (in)
                                                         clk (net)
                      0.095805    0.000000    0.066087 ^ clkbuf_0_clk/A (sky130_fd_sc_hd__clkbuf_16)
    16    0.094658    0.110614    0.199662    0.265749 ^ clkbuf_0_clk/X (sky130_fd_sc_hd__clkbuf_16)
                                                         clknet_0_clk (net)
                      0.110767    0.002795    0.268544 ^ clkbuf_4_11_0_clk/A (sky130_fd_sc_hd__clkbuf_8)
    13    0.055869    0.107200    0.200015    0.468559 ^ clkbuf_4_11_0_clk/X (sky130_fd_sc_hd__clkbuf_8)
                                                         clknet_4_11_0_clk (net)
                      0.107208    0.001004    0.469563 ^ _3076_/CLK (sky130_fd_sc_hd__dfrtp_2)
     6    0.021076    0.081868    0.460374    0.929937 v _3076_/Q (sky130_fd_sc_hd__dfrtp_2)
                                                         my_sum_sub.cm_exp[6] (net)
                      0.081874    0.000801    0.930738 v _2637_/B2 (sky130_fd_sc_hd__o32a_1)
     2    0.005800    0.057372    0.182231    1.112969 v _2637_/X (sky130_fd_sc_hd__o32a_1)
                                                         _0936_ (net)
                      0.057372    0.000127    1.113096 v _2670_/B (sky130_fd_sc_hd__nand2_1)
     1    0.003959    0.048649    0.073860    1.186957 ^ _2670_/Y (sky130_fd_sc_hd__nand2_1)
                                                         _0960_ (net)
                      0.048649    0.000140    1.187097 ^ _2671_/C (sky130_fd_sc_hd__or4_4)
     7    0.024013    0.080407    0.153153    1.340250 ^ _2671_/X (sky130_fd_sc_hd__or4_4)
                                                         _0961_ (net)
                      0.080411    0.000651    1.340901 ^ _2681_/A2 (sky130_fd_sc_hd__a32o_1)
     1    0.003224    0.052468    0.163961    1.504862 ^ _2681_/X (sky130_fd_sc_hd__a32o_1)
                                                         _0279_ (net)
                      0.052470    0.000108    1.504969 ^ _3020_/D (sky130_fd_sc_hd__dfrtp_1)
                                              1.504969   data arrival time

                                  0.000000    0.000000   clock clk (rise edge)
                                  0.000000    0.000000   clock source latency
     1    0.020000    0.095779    0.066087    0.066087 ^ clk (in)
                                                         clk (net)
                      0.095805    0.000000    0.066087 ^ clkbuf_0_clk/A (sky130_fd_sc_hd__clkbuf_16)
    16    0.094658    0.110614    0.199662    0.265749 ^ clkbuf_0_clk/X (sky130_fd_sc_hd__clkbuf_16)
                                                         clknet_0_clk (net)
                      0.110757    0.002659    0.268408 ^ clkbuf_4_8_0_clk/A (sky130_fd_sc_hd__clkbuf_8)
     9    0.050881    0.099055    0.193582    0.461991 ^ clkbuf_4_8_0_clk/X (sky130_fd_sc_hd__clkbuf_8)
                                                         clknet_4_8_0_clk (net)
                      0.099078    0.001469    0.463460 ^ _3020_/CLK (sky130_fd_sc_hd__dfrtp_1)
                                  0.500000    0.963460   clock uncertainty
                                  0.000000    0.963460   clock reconvergence pessimism
                                 -0.028930    0.934530   library hold time
                                              0.934530   data required time
---------------------------------------------------------------------------------------------
                                              0.934530   data required time
                                             -1.504969   data arrival time
---------------------------------------------------------------------------------------------
                                              0.570440   slack (MET)


Startpoint: _3123_ (rising edge-triggered flip-flop clocked by clk)
Endpoint: _3123_ (rising edge-triggered flip-flop clocked by clk)
Path Group: clk
Path Type: min

Fanout         Cap        Slew       Delay        Time   Description
---------------------------------------------------------------------------------------------
                                  0.000000    0.000000   clock clk (rise edge)
                                  0.000000    0.000000   clock source latency
     1    0.020000    0.095779    0.066087    0.066087 ^ clk (in)
                                                         clk (net)
                      0.095805    0.000000    0.066087 ^ clkbuf_0_clk/A (sky130_fd_sc_hd__clkbuf_16)
    16    0.094658    0.110614    0.199662    0.265749 ^ clkbuf_0_clk/X (sky130_fd_sc_hd__clkbuf_16)
                                                         clknet_0_clk (net)
                      0.110751    0.002584    0.268334 ^ clkbuf_4_4_0_clk/A (sky130_fd_sc_hd__clkbuf_8)
    11    0.055333    0.106119    0.198941    0.467275 ^ clkbuf_4_4_0_clk/X (sky130_fd_sc_hd__clkbuf_8)
                                                         clknet_4_4_0_clk (net)
                      0.106149    0.001712    0.468987 ^ _3123_/CLK (sky130_fd_sc_hd__dfrtp_1)
     1    0.002053    0.039410    0.330570    0.799557 ^ _3123_/Q (sky130_fd_sc_hd__dfrtp_1)
                                                         shift_in[12] (net)
                      0.039410    0.000042    0.799598 ^ hold80/A (sky130_fd_sc_hd__dlygate4sd3_1)
     3    0.008736    0.104328    0.579634    1.379232 ^ hold80/X (sky130_fd_sc_hd__dlygate4sd3_1)
                                                         net85 (net)
                      0.104328    0.000239    1.379471 ^ _2108_/A1 (sky130_fd_sc_hd__mux2_1)
     1    0.002506    0.039201    0.135028    1.514499 ^ _2108_/X (sky130_fd_sc_hd__mux2_1)
                                                         _0219_ (net)
                      0.039201    0.000053    1.514552 ^ _3123_/D (sky130_fd_sc_hd__dfrtp_1)
                                              1.514552   data arrival time

                                  0.000000    0.000000   clock clk (rise edge)
                                  0.000000    0.000000   clock source latency
     1    0.020000    0.095779    0.066087    0.066087 ^ clk (in)
                                                         clk (net)
                      0.095805    0.000000    0.066087 ^ clkbuf_0_clk/A (sky130_fd_sc_hd__clkbuf_16)
    16    0.094658    0.110614    0.199662    0.265749 ^ clkbuf_0_clk/X (sky130_fd_sc_hd__clkbuf_16)
                                                         clknet_0_clk (net)
                      0.110751    0.002584    0.268334 ^ clkbuf_4_4_0_clk/A (sky130_fd_sc_hd__clkbuf_8)
    11    0.055333    0.106119    0.198941    0.467275 ^ clkbuf_4_4_0_clk/X (sky130_fd_sc_hd__clkbuf_8)
                                                         clknet_4_4_0_clk (net)
                      0.106149    0.001712    0.468987 ^ _3123_/CLK (sky130_fd_sc_hd__dfrtp_1)
                                  0.500000    0.968987   clock uncertainty
                                  0.000000    0.968987   clock reconvergence pessimism
                                 -0.025202    0.943785   library hold time
                                              0.943785   data required time
---------------------------------------------------------------------------------------------
                                              0.943785   data required time
                                             -1.514552   data arrival time
---------------------------------------------------------------------------------------------
                                              0.570767   slack (MET)


Startpoint: _3168_ (rising edge-triggered flip-flop clocked by clk)
Endpoint: _3157_ (rising edge-triggered flip-flop clocked by clk)
Path Group: clk
Path Type: min

Fanout         Cap        Slew       Delay        Time   Description
---------------------------------------------------------------------------------------------
                                  0.000000    0.000000   clock clk (rise edge)
                                  0.000000    0.000000   clock source latency
     1    0.020000    0.095779    0.066087    0.066087 ^ clk (in)
                                                         clk (net)
                      0.095805    0.000000    0.066087 ^ clkbuf_0_clk/A (sky130_fd_sc_hd__clkbuf_16)
    16    0.094658    0.110614    0.199662    0.265749 ^ clkbuf_0_clk/X (sky130_fd_sc_hd__clkbuf_16)
                                                         clknet_0_clk (net)
                      0.110815    0.003356    0.269105 ^ clkbuf_4_0_0_clk/A (sky130_fd_sc_hd__clkbuf_8)
    24    0.065579    0.123215    0.209510    0.478615 ^ clkbuf_4_0_0_clk/X (sky130_fd_sc_hd__clkbuf_8)
                                                         clknet_4_0_0_clk (net)
                      0.123589    0.005521    0.484136 ^ _3168_/CLK (sky130_fd_sc_hd__dfstp_4)
    11    0.032200    0.071360    0.525279    1.009415 v _3168_/Q (sky130_fd_sc_hd__dfstp_4)
                                                         ss_s1 (net)
                      0.071363    0.001315    1.010730 v _2788_/A (sky130_fd_sc_hd__nor2_1)
     2    0.006587    0.137103    0.152767    1.163496 ^ _2788_/Y (sky130_fd_sc_hd__nor2_1)
                                                         _1040_ (net)
                      0.137103    0.000128    1.163625 ^ _2791_/A2 (sky130_fd_sc_hd__a21bo_1)
     1    0.004147    0.044979    0.133132    1.296757 ^ _2791_/X (sky130_fd_sc_hd__a21bo_1)
                                                         _1043_ (net)
                      0.044979    0.000157    1.296913 ^ _2795_/A2 (sky130_fd_sc_hd__a22o_1)
     1    0.005163    0.063434    0.143378    1.440291 ^ _2795_/X (sky130_fd_sc_hd__a22o_1)
                                                         _1047_ (net)
                      0.063434    0.000219    1.440510 ^ _2796_/B1 (sky130_fd_sc_hd__a31o_1)
     1    0.002702    0.039618    0.092029    1.532539 ^ _2796_/X (sky130_fd_sc_hd__a31o_1)
                                                         _0010_ (net)
                      0.039618    0.000061    1.532600 ^ _3157_/D (sky130_fd_sc_hd__dfrtp_1)
                                              1.532600   data arrival time

                                  0.000000    0.000000   clock clk (rise edge)
                                  0.000000    0.000000   clock source latency
     1    0.020000    0.095779    0.066087    0.066087 ^ clk (in)
                                                         clk (net)
                      0.095805    0.000000    0.066087 ^ clkbuf_0_clk/A (sky130_fd_sc_hd__clkbuf_16)
    16    0.094658    0.110614    0.199662    0.265749 ^ clkbuf_0_clk/X (sky130_fd_sc_hd__clkbuf_16)
                                                         clknet_0_clk (net)
                      0.110815    0.003356    0.269105 ^ clkbuf_4_0_0_clk/A (sky130_fd_sc_hd__clkbuf_8)
    24    0.065579    0.123215    0.209510    0.478615 ^ clkbuf_4_0_0_clk/X (sky130_fd_sc_hd__clkbuf_8)
                                                         clknet_4_0_0_clk (net)
                      0.123621    0.005743    0.484358 ^ _3157_/CLK (sky130_fd_sc_hd__dfrtp_1)
                                  0.500000    0.984358   clock uncertainty
                                  0.000000    0.984358   clock reconvergence pessimism
                                 -0.022904    0.961454   library hold time
                                              0.961454   data required time
---------------------------------------------------------------------------------------------
                                              0.961454   data required time
                                             -1.532600   data arrival time
---------------------------------------------------------------------------------------------
                                              0.571146   slack (MET)


Startpoint: _3017_ (rising edge-triggered flip-flop clocked by clk)
Endpoint: _3017_ (rising edge-triggered flip-flop clocked by clk)
Path Group: clk
Path Type: min

Fanout         Cap        Slew       Delay        Time   Description
---------------------------------------------------------------------------------------------
                                  0.000000    0.000000   clock clk (rise edge)
                                  0.000000    0.000000   clock source latency
     1    0.020000    0.095779    0.066087    0.066087 ^ clk (in)
                                                         clk (net)
                      0.095805    0.000000    0.066087 ^ clkbuf_0_clk/A (sky130_fd_sc_hd__clkbuf_16)
    16    0.094658    0.110614    0.199662    0.265749 ^ clkbuf_0_clk/X (sky130_fd_sc_hd__clkbuf_16)
                                                         clknet_0_clk (net)
                      0.110757    0.002659    0.268408 ^ clkbuf_4_8_0_clk/A (sky130_fd_sc_hd__clkbuf_8)
     9    0.050881    0.099055    0.193582    0.461991 ^ clkbuf_4_8_0_clk/X (sky130_fd_sc_hd__clkbuf_8)
                                                         clknet_4_8_0_clk (net)
                      0.099073    0.001324    0.463315 ^ _3017_/CLK (sky130_fd_sc_hd__dfrtp_1)
     1    0.002687    0.044279    0.333166    0.796481 ^ _3017_/Q (sky130_fd_sc_hd__dfrtp_1)
                                                         my_sum_sub.result[0] (net)
                      0.044279    0.000062    0.796543 ^ hold29/A (sky130_fd_sc_hd__dlygate4sd3_1)
     2    0.008106    0.099360    0.576375    1.372918 ^ hold29/X (sky130_fd_sc_hd__dlygate4sd3_1)
                                                         net34 (net)
                      0.099360    0.000183    1.373101 ^ _2688_/B1 (sky130_fd_sc_hd__a32o_1)
     1    0.003468    0.054530    0.133486    1.506587 ^ _2688_/X (sky130_fd_sc_hd__a32o_1)
                                                         _0276_ (net)
                      0.054530    0.000091    1.506678 ^ _3017_/D (sky130_fd_sc_hd__dfrtp_1)
                                              1.506678   data arrival time

                                  0.000000    0.000000   clock clk (rise edge)
                                  0.000000    0.000000   clock source latency
     1    0.020000    0.095779    0.066087    0.066087 ^ clk (in)
                                                         clk (net)
                      0.095805    0.000000    0.066087 ^ clkbuf_0_clk/A (sky130_fd_sc_hd__clkbuf_16)
    16    0.094658    0.110614    0.199662    0.265749 ^ clkbuf_0_clk/X (sky130_fd_sc_hd__clkbuf_16)
                                                         clknet_0_clk (net)
                      0.110757    0.002659    0.268408 ^ clkbuf_4_8_0_clk/A (sky130_fd_sc_hd__clkbuf_8)
     9    0.050881    0.099055    0.193582    0.461991 ^ clkbuf_4_8_0_clk/X (sky130_fd_sc_hd__clkbuf_8)
                                                         clknet_4_8_0_clk (net)
                      0.099073    0.001324    0.463315 ^ _3017_/CLK (sky130_fd_sc_hd__dfrtp_1)
                                  0.500000    0.963315   clock uncertainty
                                  0.000000    0.963315   clock reconvergence pessimism
                                 -0.029360    0.933955   library hold time
                                              0.933955   data required time
---------------------------------------------------------------------------------------------
                                              0.933955   data required time
                                             -1.506678   data arrival time
---------------------------------------------------------------------------------------------
                                              0.572724   slack (MET)


Startpoint: _3122_ (rising edge-triggered flip-flop clocked by clk)
Endpoint: _3106_ (rising edge-triggered flip-flop clocked by clk)
Path Group: clk
Path Type: min

Fanout         Cap        Slew       Delay        Time   Description
---------------------------------------------------------------------------------------------
                                  0.000000    0.000000   clock clk (rise edge)
                                  0.000000    0.000000   clock source latency
     1    0.020000    0.095779    0.066087    0.066087 ^ clk (in)
                                                         clk (net)
                      0.095805    0.000000    0.066087 ^ clkbuf_0_clk/A (sky130_fd_sc_hd__clkbuf_16)
    16    0.094658    0.110614    0.199662    0.265749 ^ clkbuf_0_clk/X (sky130_fd_sc_hd__clkbuf_16)
                                                         clknet_0_clk (net)
                      0.110751    0.002584    0.268334 ^ clkbuf_4_4_0_clk/A (sky130_fd_sc_hd__clkbuf_8)
    11    0.055333    0.106119    0.198941    0.467275 ^ clkbuf_4_4_0_clk/X (sky130_fd_sc_hd__clkbuf_8)
                                                         clknet_4_4_0_clk (net)
                      0.106146    0.001636    0.468911 ^ _3122_/CLK (sky130_fd_sc_hd__dfrtp_1)
     1    0.002230    0.040544    0.332031    0.800942 ^ _3122_/Q (sky130_fd_sc_hd__dfrtp_1)
                                                         shift_in[11] (net)
                      0.040945    0.000047    0.800989 ^ hold86/A (sky130_fd_sc_hd__dlygate4sd3_1)
     3    0.008583    0.103115    0.578988    1.379977 ^ hold86/X (sky130_fd_sc_hd__dlygate4sd3_1)
                                                         net91 (net)
                      0.103115    0.000146    1.380123 ^ _2128_/A0 (sky130_fd_sc_hd__mux2_1)
     1    0.003146    0.043954    0.137151    1.517274 ^ _2128_/X (sky130_fd_sc_hd__mux2_1)
                                                         _0202_ (net)
                      0.043954    0.000105    1.517379 ^ _3106_/D (sky130_fd_sc_hd__dfrtp_4)
                                              1.517379   data arrival time

                                  0.000000    0.000000   clock clk (rise edge)
                                  0.000000    0.000000   clock source latency
     1    0.020000    0.095779    0.066087    0.066087 ^ clk (in)
                                                         clk (net)
                      0.095805    0.000000    0.066087 ^ clkbuf_0_clk/A (sky130_fd_sc_hd__clkbuf_16)
    16    0.094658    0.110614    0.199662    0.265749 ^ clkbuf_0_clk/X (sky130_fd_sc_hd__clkbuf_16)
                                                         clknet_0_clk (net)
                      0.110751    0.002584    0.268334 ^ clkbuf_4_4_0_clk/A (sky130_fd_sc_hd__clkbuf_8)
    11    0.055333    0.106119    0.198941    0.467275 ^ clkbuf_4_4_0_clk/X (sky130_fd_sc_hd__clkbuf_8)
                                                         clknet_4_4_0_clk (net)
                      0.106151    0.001767    0.469042 ^ _3106_/CLK (sky130_fd_sc_hd__dfrtp_4)
                                  0.500000    0.969042   clock uncertainty
                                  0.000000    0.969042   clock reconvergence pessimism
                                 -0.026191    0.942851   library hold time
                                              0.942851   data required time
---------------------------------------------------------------------------------------------
                                              0.942851   data required time
                                             -1.517379   data arrival time
---------------------------------------------------------------------------------------------
                                              0.574528   slack (MET)


Startpoint: _3123_ (rising edge-triggered flip-flop clocked by clk)
Endpoint: _3122_ (rising edge-triggered flip-flop clocked by clk)
Path Group: clk
Path Type: min

Fanout         Cap        Slew       Delay        Time   Description
---------------------------------------------------------------------------------------------
                                  0.000000    0.000000   clock clk (rise edge)
                                  0.000000    0.000000   clock source latency
     1    0.020000    0.095779    0.066087    0.066087 ^ clk (in)
                                                         clk (net)
                      0.095805    0.000000    0.066087 ^ clkbuf_0_clk/A (sky130_fd_sc_hd__clkbuf_16)
    16    0.094658    0.110614    0.199662    0.265749 ^ clkbuf_0_clk/X (sky130_fd_sc_hd__clkbuf_16)
                                                         clknet_0_clk (net)
                      0.110751    0.002584    0.268334 ^ clkbuf_4_4_0_clk/A (sky130_fd_sc_hd__clkbuf_8)
    11    0.055333    0.106119    0.198941    0.467275 ^ clkbuf_4_4_0_clk/X (sky130_fd_sc_hd__clkbuf_8)
                                                         clknet_4_4_0_clk (net)
                      0.106149    0.001712    0.468987 ^ _3123_/CLK (sky130_fd_sc_hd__dfrtp_1)
     1    0.002053    0.039410    0.330570    0.799557 ^ _3123_/Q (sky130_fd_sc_hd__dfrtp_1)
                                                         shift_in[12] (net)
                      0.039410    0.000042    0.799598 ^ hold80/A (sky130_fd_sc_hd__dlygate4sd3_1)
     3    0.008736    0.104328    0.579634    1.379232 ^ hold80/X (sky130_fd_sc_hd__dlygate4sd3_1)
                                                         net85 (net)
                      0.104328    0.000202    1.379434 ^ _2109_/A0 (sky130_fd_sc_hd__mux2_1)
     1    0.003213    0.044554    0.138100    1.517534 ^ _2109_/X (sky130_fd_sc_hd__mux2_1)
                                                         _0218_ (net)
                      0.044554    0.000106    1.517640 ^ _3122_/D (sky130_fd_sc_hd__dfrtp_1)
                                              1.517640   data arrival time

                                  0.000000    0.000000   clock clk (rise edge)
                                  0.000000    0.000000   clock source latency
     1    0.020000    0.095779    0.066087    0.066087 ^ clk (in)
                                                         clk (net)
                      0.095805    0.000000    0.066087 ^ clkbuf_0_clk/A (sky130_fd_sc_hd__clkbuf_16)
    16    0.094658    0.110614    0.199662    0.265749 ^ clkbuf_0_clk/X (sky130_fd_sc_hd__clkbuf_16)
                                                         clknet_0_clk (net)
                      0.110751    0.002584    0.268334 ^ clkbuf_4_4_0_clk/A (sky130_fd_sc_hd__clkbuf_8)
    11    0.055333    0.106119    0.198941    0.467275 ^ clkbuf_4_4_0_clk/X (sky130_fd_sc_hd__clkbuf_8)
                                                         clknet_4_4_0_clk (net)
                      0.106146    0.001636    0.468911 ^ _3122_/CLK (sky130_fd_sc_hd__dfrtp_1)
                                  0.500000    0.968911   clock uncertainty
                                  0.000000    0.968911   clock reconvergence pessimism
                                 -0.026316    0.942595   library hold time
                                              0.942595   data required time
---------------------------------------------------------------------------------------------
                                              0.942595   data required time
                                             -1.517640   data arrival time
---------------------------------------------------------------------------------------------
                                              0.575045   slack (MET)


Startpoint: _3126_ (rising edge-triggered flip-flop clocked by clk)
Endpoint: _3110_ (rising edge-triggered flip-flop clocked by clk)
Path Group: clk
Path Type: min

Fanout         Cap        Slew       Delay        Time   Description
---------------------------------------------------------------------------------------------
                                  0.000000    0.000000   clock clk (rise edge)
                                  0.000000    0.000000   clock source latency
     1    0.020000    0.095779    0.066087    0.066087 ^ clk (in)
                                                         clk (net)
                      0.095805    0.000000    0.066087 ^ clkbuf_0_clk/A (sky130_fd_sc_hd__clkbuf_16)
    16    0.094658    0.110614    0.199662    0.265749 ^ clkbuf_0_clk/X (sky130_fd_sc_hd__clkbuf_16)
                                                         clknet_0_clk (net)
                      0.110817    0.003381    0.269130 ^ clkbuf_4_1_0_clk/A (sky130_fd_sc_hd__clkbuf_8)
    16    0.063469    0.119051    0.208820    0.477950 ^ clkbuf_4_1_0_clk/X (sky130_fd_sc_hd__clkbuf_8)
                                                         clknet_4_1_0_clk (net)
                      0.119099    0.002247    0.480197 ^ _3126_/CLK (sky130_fd_sc_hd__dfrtp_1)
     2    0.004503    0.057975    0.354181    0.834378 ^ _3126_/Q (sky130_fd_sc_hd__dfrtp_1)
                                                         shift_in[15] (net)
                      0.057975    0.000073    0.834451 ^ hold107/A (sky130_fd_sc_hd__dlygate4sd3_1)
     2    0.006229    0.082825    0.566258    1.400708 ^ hold107/X (sky130_fd_sc_hd__dlygate4sd3_1)
                                                         net112 (net)
                      0.082825    0.000195    1.400903 ^ _2124_/A0 (sky130_fd_sc_hd__mux2_1)
     1    0.003288    0.045036    0.131306    1.532209 ^ _2124_/X (sky130_fd_sc_hd__mux2_1)
                                                         _0206_ (net)
                      0.045036    0.000110    1.532319 ^ _3110_/D (sky130_fd_sc_hd__dfrtp_1)
                                              1.532319   data arrival time

                                  0.000000    0.000000   clock clk (rise edge)
                                  0.000000    0.000000   clock source latency
     1    0.020000    0.095779    0.066087    0.066087 ^ clk (in)
                                                         clk (net)
                      0.095805    0.000000    0.066087 ^ clkbuf_0_clk/A (sky130_fd_sc_hd__clkbuf_16)
    16    0.094658    0.110614    0.199662    0.265749 ^ clkbuf_0_clk/X (sky130_fd_sc_hd__clkbuf_16)
                                                         clknet_0_clk (net)
                      0.110817    0.003381    0.269130 ^ clkbuf_4_1_0_clk/A (sky130_fd_sc_hd__clkbuf_8)
    16    0.063469    0.119051    0.208820    0.477950 ^ clkbuf_4_1_0_clk/X (sky130_fd_sc_hd__clkbuf_8)
                                                         clknet_4_1_0_clk (net)
                      0.119114    0.002541    0.480491 ^ _3110_/CLK (sky130_fd_sc_hd__dfrtp_1)
                                  0.500000    0.980491   clock uncertainty
                                  0.000000    0.980491   clock reconvergence pessimism
                                 -0.024645    0.955846   library hold time
                                              0.955846   data required time
---------------------------------------------------------------------------------------------
                                              0.955846   data required time
                                             -1.532319   data arrival time
---------------------------------------------------------------------------------------------
                                              0.576473   slack (MET)


Startpoint: _3119_ (rising edge-triggered flip-flop clocked by clk)
Endpoint: _3118_ (rising edge-triggered flip-flop clocked by clk)
Path Group: clk
Path Type: min

Fanout         Cap        Slew       Delay        Time   Description
---------------------------------------------------------------------------------------------
                                  0.000000    0.000000   clock clk (rise edge)
                                  0.000000    0.000000   clock source latency
     1    0.020000    0.095779    0.066087    0.066087 ^ clk (in)
                                                         clk (net)
                      0.095805    0.000000    0.066087 ^ clkbuf_0_clk/A (sky130_fd_sc_hd__clkbuf_16)
    16    0.094658    0.110614    0.199662    0.265749 ^ clkbuf_0_clk/X (sky130_fd_sc_hd__clkbuf_16)
                                                         clknet_0_clk (net)
                      0.110680    0.002494    0.268243 ^ clkbuf_4_5_0_clk/A (sky130_fd_sc_hd__clkbuf_8)
    10    0.056613    0.108440    0.200680    0.468923 ^ clkbuf_4_5_0_clk/X (sky130_fd_sc_hd__clkbuf_8)
                                                         clknet_4_5_0_clk (net)
                      0.108456    0.001313    0.470236 ^ _3119_/CLK (sky130_fd_sc_hd__dfrtp_1)
     1    0.003290    0.048913    0.341655    0.811891 ^ _3119_/Q (sky130_fd_sc_hd__dfrtp_1)
                                                         shift_in[8] (net)
                      0.048913    0.000108    0.811999 ^ hold63/A (sky130_fd_sc_hd__dlygate4sd3_1)
     3    0.008173    0.099925    0.578373    1.390372 ^ hold63/X (sky130_fd_sc_hd__dlygate4sd3_1)
                                                         net68 (net)
                      0.099925    0.000269    1.390640 ^ _2113_/A0 (sky130_fd_sc_hd__mux2_1)
     1    0.002529    0.039372    0.131139    1.521779 ^ _2113_/X (sky130_fd_sc_hd__mux2_1)
                                                         _0214_ (net)
                      0.039372    0.000055    1.521834 ^ _3118_/D (sky130_fd_sc_hd__dfrtp_1)
                                              1.521834   data arrival time

                                  0.000000    0.000000   clock clk (rise edge)
                                  0.000000    0.000000   clock source latency
     1    0.020000    0.095779    0.066087    0.066087 ^ clk (in)
                                                         clk (net)
                      0.095805    0.000000    0.066087 ^ clkbuf_0_clk/A (sky130_fd_sc_hd__clkbuf_16)
    16    0.094658    0.110614    0.199662    0.265749 ^ clkbuf_0_clk/X (sky130_fd_sc_hd__clkbuf_16)
                                                         clknet_0_clk (net)
                      0.110680    0.002494    0.268243 ^ clkbuf_4_5_0_clk/A (sky130_fd_sc_hd__clkbuf_8)
    10    0.056613    0.108440    0.200680    0.468923 ^ clkbuf_4_5_0_clk/X (sky130_fd_sc_hd__clkbuf_8)
                                                         clknet_4_5_0_clk (net)
                      0.108456    0.001328    0.470252 ^ _3118_/CLK (sky130_fd_sc_hd__dfrtp_1)
                                  0.500000    0.970252   clock uncertainty
                                  0.000000    0.970252   clock reconvergence pessimism
                                 -0.024923    0.945329   library hold time
                                              0.945329   data required time
---------------------------------------------------------------------------------------------
                                              0.945329   data required time
                                             -1.521834   data arrival time
---------------------------------------------------------------------------------------------
                                              0.576505   slack (MET)


Startpoint: _3076_ (rising edge-triggered flip-flop clocked by clk)
Endpoint: _3021_ (rising edge-triggered flip-flop clocked by clk)
Path Group: clk
Path Type: min

Fanout         Cap        Slew       Delay        Time   Description
---------------------------------------------------------------------------------------------
                                  0.000000    0.000000   clock clk (rise edge)
                                  0.000000    0.000000   clock source latency
     1    0.020000    0.095779    0.066087    0.066087 ^ clk (in)
                                                         clk (net)
                      0.095805    0.000000    0.066087 ^ clkbuf_0_clk/A (sky130_fd_sc_hd__clkbuf_16)
    16    0.094658    0.110614    0.199662    0.265749 ^ clkbuf_0_clk/X (sky130_fd_sc_hd__clkbuf_16)
                                                         clknet_0_clk (net)
                      0.110767    0.002795    0.268544 ^ clkbuf_4_11_0_clk/A (sky130_fd_sc_hd__clkbuf_8)
    13    0.055869    0.107200    0.200015    0.468559 ^ clkbuf_4_11_0_clk/X (sky130_fd_sc_hd__clkbuf_8)
                                                         clknet_4_11_0_clk (net)
                      0.107208    0.001004    0.469563 ^ _3076_/CLK (sky130_fd_sc_hd__dfrtp_2)
     6    0.021076    0.081868    0.460374    0.929937 v _3076_/Q (sky130_fd_sc_hd__dfrtp_2)
                                                         my_sum_sub.cm_exp[6] (net)
                      0.081874    0.000801    0.930738 v _2637_/B2 (sky130_fd_sc_hd__o32a_1)
     2    0.005800    0.057372    0.182231    1.112969 v _2637_/X (sky130_fd_sc_hd__o32a_1)
                                                         _0936_ (net)
                      0.057372    0.000127    1.113096 v _2670_/B (sky130_fd_sc_hd__nand2_1)
     1    0.003959    0.048649    0.073860    1.186957 ^ _2670_/Y (sky130_fd_sc_hd__nand2_1)
                                                         _0960_ (net)
                      0.048649    0.000140    1.187097 ^ _2671_/C (sky130_fd_sc_hd__or4_4)
     7    0.024013    0.080407    0.153153    1.340250 ^ _2671_/X (sky130_fd_sc_hd__or4_4)
                                                         _0961_ (net)
                      0.080410    0.000571    1.340821 ^ _2679_/A2 (sky130_fd_sc_hd__a32o_1)
     1    0.003902    0.058242    0.169366    1.510186 ^ _2679_/X (sky130_fd_sc_hd__a32o_1)
                                                         _0280_ (net)
                      0.058242    0.000143    1.510329 ^ _3021_/D (sky130_fd_sc_hd__dfrtp_1)
                                              1.510329   data arrival time

                                  0.000000    0.000000   clock clk (rise edge)
                                  0.000000    0.000000   clock source latency
     1    0.020000    0.095779    0.066087    0.066087 ^ clk (in)
                                                         clk (net)
                      0.095805    0.000000    0.066087 ^ clkbuf_0_clk/A (sky130_fd_sc_hd__clkbuf_16)
    16    0.094658    0.110614    0.199662    0.265749 ^ clkbuf_0_clk/X (sky130_fd_sc_hd__clkbuf_16)
                                                         clknet_0_clk (net)
                      0.110757    0.002659    0.268408 ^ clkbuf_4_8_0_clk/A (sky130_fd_sc_hd__clkbuf_8)
     9    0.050881    0.099055    0.193582    0.461991 ^ clkbuf_4_8_0_clk/X (sky130_fd_sc_hd__clkbuf_8)
                                                         clknet_4_8_0_clk (net)
                      0.099078    0.001459    0.463450 ^ _3021_/CLK (sky130_fd_sc_hd__dfrtp_1)
                                  0.500000    0.963450   clock uncertainty
                                  0.000000    0.963450   clock reconvergence pessimism
                                 -0.030132    0.933318   library hold time
                                              0.933318   data required time
---------------------------------------------------------------------------------------------
                                              0.933318   data required time
                                             -1.510329   data arrival time
---------------------------------------------------------------------------------------------
                                              0.577011   slack (MET)


Startpoint: _3014_ (rising edge-triggered flip-flop clocked by clk)
Endpoint: _3014_ (rising edge-triggered flip-flop clocked by clk)
Path Group: clk
Path Type: min

Fanout         Cap        Slew       Delay        Time   Description
---------------------------------------------------------------------------------------------
                                  0.000000    0.000000   clock clk (rise edge)
                                  0.000000    0.000000   clock source latency
     1    0.020000    0.095779    0.066087    0.066087 ^ clk (in)
                                                         clk (net)
                      0.095805    0.000000    0.066087 ^ clkbuf_0_clk/A (sky130_fd_sc_hd__clkbuf_16)
    16    0.094658    0.110614    0.199662    0.265749 ^ clkbuf_0_clk/X (sky130_fd_sc_hd__clkbuf_16)
                                                         clknet_0_clk (net)
                      0.110799    0.003186    0.268935 ^ clkbuf_4_2_0_clk/A (sky130_fd_sc_hd__clkbuf_8)
    18    0.064744    0.121094    0.210168    0.479103 ^ clkbuf_4_2_0_clk/X (sky130_fd_sc_hd__clkbuf_8)
                                                         clknet_4_2_0_clk (net)
                      0.121173    0.002838    0.481940 ^ _3014_/CLK (sky130_fd_sc_hd__dfrtp_1)
     3    0.009720    0.098017    0.389828    0.871768 ^ _3014_/Q (sky130_fd_sc_hd__dfrtp_1)
                                                         div_quotient[4] (net)
                      0.098017    0.000141    0.871909 ^ _2695_/B2 (sky130_fd_sc_hd__a22o_1)
     1    0.002907    0.044910    0.130937    1.002846 ^ _2695_/X (sky130_fd_sc_hd__a22o_1)
                                                         _0273_ (net)
                      0.044910    0.000072    1.002918 ^ hold85/A (sky130_fd_sc_hd__dlygate4sd3_1)
     1    0.002550    0.050791    0.532463    1.535380 ^ hold85/X (sky130_fd_sc_hd__dlygate4sd3_1)
                                                         net90 (net)
                      0.050791    0.000056    1.535437 ^ _3014_/D (sky130_fd_sc_hd__dfrtp_1)
                                              1.535437   data arrival time

                                  0.000000    0.000000   clock clk (rise edge)
                                  0.000000    0.000000   clock source latency
     1    0.020000    0.095779    0.066087    0.066087 ^ clk (in)
                                                         clk (net)
                      0.095805    0.000000    0.066087 ^ clkbuf_0_clk/A (sky130_fd_sc_hd__clkbuf_16)
    16    0.094658    0.110614    0.199662    0.265749 ^ clkbuf_0_clk/X (sky130_fd_sc_hd__clkbuf_16)
                                                         clknet_0_clk (net)
                      0.110799    0.003186    0.268935 ^ clkbuf_4_2_0_clk/A (sky130_fd_sc_hd__clkbuf_8)
    18    0.064744    0.121094    0.210168    0.479103 ^ clkbuf_4_2_0_clk/X (sky130_fd_sc_hd__clkbuf_8)
                                                         clknet_4_2_0_clk (net)
                      0.121173    0.002838    0.481940 ^ _3014_/CLK (sky130_fd_sc_hd__dfrtp_1)
                                  0.500000    0.981940   clock uncertainty
                                  0.000000    0.981940   clock reconvergence pessimism
                                 -0.025558    0.956382   library hold time
                                              0.956382   data required time
---------------------------------------------------------------------------------------------
                                              0.956382   data required time
                                             -1.535437   data arrival time
---------------------------------------------------------------------------------------------
                                              0.579054   slack (MET)


Startpoint: _3076_ (rising edge-triggered flip-flop clocked by clk)
Endpoint: _3023_ (rising edge-triggered flip-flop clocked by clk)
Path Group: clk
Path Type: min

Fanout         Cap        Slew       Delay        Time   Description
---------------------------------------------------------------------------------------------
                                  0.000000    0.000000   clock clk (rise edge)
                                  0.000000    0.000000   clock source latency
     1    0.020000    0.095779    0.066087    0.066087 ^ clk (in)
                                                         clk (net)
                      0.095805    0.000000    0.066087 ^ clkbuf_0_clk/A (sky130_fd_sc_hd__clkbuf_16)
    16    0.094658    0.110614    0.199662    0.265749 ^ clkbuf_0_clk/X (sky130_fd_sc_hd__clkbuf_16)
                                                         clknet_0_clk (net)
                      0.110767    0.002795    0.268544 ^ clkbuf_4_11_0_clk/A (sky130_fd_sc_hd__clkbuf_8)
    13    0.055869    0.107200    0.200015    0.468559 ^ clkbuf_4_11_0_clk/X (sky130_fd_sc_hd__clkbuf_8)
                                                         clknet_4_11_0_clk (net)
                      0.107208    0.001004    0.469563 ^ _3076_/CLK (sky130_fd_sc_hd__dfrtp_2)
     6    0.021076    0.081868    0.460374    0.929937 v _3076_/Q (sky130_fd_sc_hd__dfrtp_2)
                                                         my_sum_sub.cm_exp[6] (net)
                      0.081874    0.000801    0.930738 v _2637_/B2 (sky130_fd_sc_hd__o32a_1)
     2    0.005800    0.057372    0.182231    1.112969 v _2637_/X (sky130_fd_sc_hd__o32a_1)
                                                         _0936_ (net)
                      0.057372    0.000127    1.113096 v _2670_/B (sky130_fd_sc_hd__nand2_1)
     1    0.003959    0.048649    0.073860    1.186957 ^ _2670_/Y (sky130_fd_sc_hd__nand2_1)
                                                         _0960_ (net)
                      0.048649    0.000140    1.187097 ^ _2671_/C (sky130_fd_sc_hd__or4_4)
     7    0.024013    0.080407    0.153153    1.340250 ^ _2671_/X (sky130_fd_sc_hd__or4_4)
                                                         _0961_ (net)
                      0.080407    0.000342    1.340592 ^ _2673_/A2 (sky130_fd_sc_hd__a32o_1)
     1    0.004290    0.061641    0.172347    1.512939 ^ _2673_/X (sky130_fd_sc_hd__a32o_1)
                                                         _0282_ (net)
                      0.061641    0.000162    1.513101 ^ _3023_/D (sky130_fd_sc_hd__dfrtp_1)
                                              1.513101   data arrival time

                                  0.000000    0.000000   clock clk (rise edge)
                                  0.000000    0.000000   clock source latency
     1    0.020000    0.095779    0.066087    0.066087 ^ clk (in)
                                                         clk (net)
                      0.095805    0.000000    0.066087 ^ clkbuf_0_clk/A (sky130_fd_sc_hd__clkbuf_16)
    16    0.094658    0.110614    0.199662    0.265749 ^ clkbuf_0_clk/X (sky130_fd_sc_hd__clkbuf_16)
                                                         clknet_0_clk (net)
                      0.110779    0.002949    0.268699 ^ clkbuf_4_10_0_clk/A (sky130_fd_sc_hd__clkbuf_8)
    10    0.051793    0.100494    0.194865    0.463564 ^ clkbuf_4_10_0_clk/X (sky130_fd_sc_hd__clkbuf_8)
                                                         clknet_4_10_0_clk (net)
                      0.100501    0.000958    0.464521 ^ _3023_/CLK (sky130_fd_sc_hd__dfrtp_1)
                                  0.500000    0.964521   clock uncertainty
                                  0.000000    0.964521   clock reconvergence pessimism
                                 -0.030645    0.933877   library hold time
                                              0.933877   data required time
---------------------------------------------------------------------------------------------
                                              0.933877   data required time
                                             -1.513101   data arrival time
---------------------------------------------------------------------------------------------
                                              0.579225   slack (MET)


Startpoint: _3121_ (rising edge-triggered flip-flop clocked by clk)
Endpoint: _3105_ (rising edge-triggered flip-flop clocked by clk)
Path Group: clk
Path Type: min

Fanout         Cap        Slew       Delay        Time   Description
---------------------------------------------------------------------------------------------
                                  0.000000    0.000000   clock clk (rise edge)
                                  0.000000    0.000000   clock source latency
     1    0.020000    0.095779    0.066087    0.066087 ^ clk (in)
                                                         clk (net)
                      0.095805    0.000000    0.066087 ^ clkbuf_0_clk/A (sky130_fd_sc_hd__clkbuf_16)
    16    0.094658    0.110614    0.199662    0.265749 ^ clkbuf_0_clk/X (sky130_fd_sc_hd__clkbuf_16)
                                                         clknet_0_clk (net)
                      0.110751    0.002584    0.268334 ^ clkbuf_4_4_0_clk/A (sky130_fd_sc_hd__clkbuf_8)
    11    0.055333    0.106119    0.198941    0.467275 ^ clkbuf_4_4_0_clk/X (sky130_fd_sc_hd__clkbuf_8)
                                                         clknet_4_4_0_clk (net)
                      0.106151    0.001777    0.469052 ^ _3121_/CLK (sky130_fd_sc_hd__dfrtp_1)
     1    0.002785    0.045027    0.336614    0.805666 ^ _3121_/Q (sky130_fd_sc_hd__dfrtp_1)
                                                         shift_in[10] (net)
                      0.045027    0.000090    0.805756 ^ hold78/A (sky130_fd_sc_hd__dlygate4sd3_1)
     3    0.008517    0.102631    0.579745    1.385502 ^ hold78/X (sky130_fd_sc_hd__dlygate4sd3_1)
                                                         net83 (net)
                      0.102631    0.000278    1.385779 ^ _2129_/A0 (sky130_fd_sc_hd__mux2_1)
     1    0.003058    0.043280    0.136281    1.522060 ^ _2129_/X (sky130_fd_sc_hd__mux2_1)
                                                         _0201_ (net)
                      0.043280    0.000100    1.522160 ^ _3105_/D (sky130_fd_sc_hd__dfrtp_2)
                                              1.522160   data arrival time

                                  0.000000    0.000000   clock clk (rise edge)
                                  0.000000    0.000000   clock source latency
     1    0.020000    0.095779    0.066087    0.066087 ^ clk (in)
                                                         clk (net)
                      0.095805    0.000000    0.066087 ^ clkbuf_0_clk/A (sky130_fd_sc_hd__clkbuf_16)
    16    0.094658    0.110614    0.199662    0.265749 ^ clkbuf_0_clk/X (sky130_fd_sc_hd__clkbuf_16)
                                                         clknet_0_clk (net)
                      0.110751    0.002584    0.268334 ^ clkbuf_4_4_0_clk/A (sky130_fd_sc_hd__clkbuf_8)
    11    0.055333    0.106119    0.198941    0.467275 ^ clkbuf_4_4_0_clk/X (sky130_fd_sc_hd__clkbuf_8)
                                                         clknet_4_4_0_clk (net)
                      0.106142    0.001554    0.468828 ^ _3105_/CLK (sky130_fd_sc_hd__dfrtp_2)
                                  0.500000    0.968828   clock uncertainty
                                  0.000000    0.968828   clock reconvergence pessimism
                                 -0.025969    0.942860   library hold time
                                              0.942860   data required time
---------------------------------------------------------------------------------------------
                                              0.942860   data required time
                                             -1.522160   data arrival time
---------------------------------------------------------------------------------------------
                                              0.579300   slack (MET)


Startpoint: _3069_ (rising edge-triggered flip-flop clocked by clk)
Endpoint: _3069_ (rising edge-triggered flip-flop clocked by clk)
Path Group: clk
Path Type: min

Fanout         Cap        Slew       Delay        Time   Description
---------------------------------------------------------------------------------------------
                                  0.000000    0.000000   clock clk (rise edge)
                                  0.000000    0.000000   clock source latency
     1    0.020000    0.095779    0.066087    0.066087 ^ clk (in)
                                                         clk (net)
                      0.095805    0.000000    0.066087 ^ clkbuf_0_clk/A (sky130_fd_sc_hd__clkbuf_16)
    16    0.094658    0.110614    0.199662    0.265749 ^ clkbuf_0_clk/X (sky130_fd_sc_hd__clkbuf_16)
                                                         clknet_0_clk (net)
                      0.110797    0.003163    0.268912 ^ clkbuf_4_12_0_clk/A (sky130_fd_sc_hd__clkbuf_8)
     8    0.055901    0.107020    0.199581    0.468493 ^ clkbuf_4_12_0_clk/X (sky130_fd_sc_hd__clkbuf_8)
                                                         clknet_4_12_0_clk (net)
                      0.107047    0.001656    0.470150 ^ _3069_/CLK (sky130_fd_sc_hd__dfrtp_1)
     1    0.002777    0.044969    0.336884    0.807034 ^ _3069_/Q (sky130_fd_sc_hd__dfrtp_1)
                                                         my_sum_sub.cm_sign (net)
                      0.044969    0.000091    0.807125 ^ hold143/A (sky130_fd_sc_hd__dlygate4sd3_1)
     2    0.009309    0.109527    0.585409    1.392534 ^ hold143/X (sky130_fd_sc_hd__dlygate4sd3_1)
                                                         net148 (net)
                      0.109527    0.000224    1.392758 ^ _2173_/A0 (sky130_fd_sc_hd__mux2_1)
     1    0.002343    0.038012    0.132956    1.525713 ^ _2173_/X (sky130_fd_sc_hd__mux2_1)
                                                         _0328_ (net)
                      0.038012    0.000047    1.525760 ^ _3069_/D (sky130_fd_sc_hd__dfrtp_1)
                                              1.525760   data arrival time

                                  0.000000    0.000000   clock clk (rise edge)
                                  0.000000    0.000000   clock source latency
     1    0.020000    0.095779    0.066087    0.066087 ^ clk (in)
                                                         clk (net)
                      0.095805    0.000000    0.066087 ^ clkbuf_0_clk/A (sky130_fd_sc_hd__clkbuf_16)
    16    0.094658    0.110614    0.199662    0.265749 ^ clkbuf_0_clk/X (sky130_fd_sc_hd__clkbuf_16)
                                                         clknet_0_clk (net)
                      0.110797    0.003163    0.268912 ^ clkbuf_4_12_0_clk/A (sky130_fd_sc_hd__clkbuf_8)
     8    0.055901    0.107020    0.199581    0.468493 ^ clkbuf_4_12_0_clk/X (sky130_fd_sc_hd__clkbuf_8)
                                                         clknet_4_12_0_clk (net)
                      0.107047    0.001656    0.470150 ^ _3069_/CLK (sky130_fd_sc_hd__dfrtp_1)
                                  0.500000    0.970150   clock uncertainty
                                  0.000000    0.970150   clock reconvergence pessimism
                                 -0.024832    0.945317   library hold time
                                              0.945317   data required time
---------------------------------------------------------------------------------------------
                                              0.945317   data required time
                                             -1.525760   data arrival time
---------------------------------------------------------------------------------------------
                                              0.580443   slack (MET)


Startpoint: _3077_ (rising edge-triggered flip-flop clocked by clk)
Endpoint: _3077_ (rising edge-triggered flip-flop clocked by clk)
Path Group: clk
Path Type: min

Fanout         Cap        Slew       Delay        Time   Description
---------------------------------------------------------------------------------------------
                                  0.000000    0.000000   clock clk (rise edge)
                                  0.000000    0.000000   clock source latency
     1    0.020000    0.095779    0.066087    0.066087 ^ clk (in)
                                                         clk (net)
                      0.095805    0.000000    0.066087 ^ clkbuf_0_clk/A (sky130_fd_sc_hd__clkbuf_16)
    16    0.094658    0.110614    0.199662    0.265749 ^ clkbuf_0_clk/X (sky130_fd_sc_hd__clkbuf_16)
                                                         clknet_0_clk (net)
                      0.110767    0.002795    0.268544 ^ clkbuf_4_11_0_clk/A (sky130_fd_sc_hd__clkbuf_8)
    13    0.055869    0.107200    0.200015    0.468559 ^ clkbuf_4_11_0_clk/X (sky130_fd_sc_hd__clkbuf_8)
                                                         clknet_4_11_0_clk (net)
                      0.107208    0.001012    0.469571 ^ _3077_/CLK (sky130_fd_sc_hd__dfrtp_1)
     4    0.010902    0.107668    0.391726    0.861297 ^ _3077_/Q (sky130_fd_sc_hd__dfrtp_1)
                                                         my_sum_sub.cm_exp[7] (net)
                      0.107668    0.000355    0.861652 ^ hold176/A (sky130_fd_sc_hd__dlygate4sd3_1)
     1    0.002428    0.049780    0.549720    1.411371 ^ hold176/X (sky130_fd_sc_hd__dlygate4sd3_1)
                                                         net181 (net)
                      0.049780    0.000054    1.411426 ^ _2164_/A0 (sky130_fd_sc_hd__mux2_1)
     1    0.002668    0.040411    0.114992    1.526418 ^ _2164_/X (sky130_fd_sc_hd__mux2_1)
                                                         _0336_ (net)
                      0.040411    0.000061    1.526479 ^ _3077_/D (sky130_fd_sc_hd__dfrtp_1)
                                              1.526479   data arrival time

                                  0.000000    0.000000   clock clk (rise edge)
                                  0.000000    0.000000   clock source latency
     1    0.020000    0.095779    0.066087    0.066087 ^ clk (in)
                                                         clk (net)
                      0.095805    0.000000    0.066087 ^ clkbuf_0_clk/A (sky130_fd_sc_hd__clkbuf_16)
    16    0.094658    0.110614    0.199662    0.265749 ^ clkbuf_0_clk/X (sky130_fd_sc_hd__clkbuf_16)
                                                         clknet_0_clk (net)
                      0.110767    0.002795    0.268544 ^ clkbuf_4_11_0_clk/A (sky130_fd_sc_hd__clkbuf_8)
    13    0.055869    0.107200    0.200015    0.468559 ^ clkbuf_4_11_0_clk/X (sky130_fd_sc_hd__clkbuf_8)
                                                         clknet_4_11_0_clk (net)
                      0.107208    0.001012    0.469571 ^ _3077_/CLK (sky130_fd_sc_hd__dfrtp_1)
                                  0.500000    0.969571   clock uncertainty
                                  0.000000    0.969571   clock reconvergence pessimism
                                 -0.025309    0.944262   library hold time
                                              0.944262   data required time
---------------------------------------------------------------------------------------------
                                              0.944262   data required time
                                             -1.526479   data arrival time
---------------------------------------------------------------------------------------------
                                              0.582216   slack (MET)


Startpoint: _3111_ (rising edge-triggered flip-flop clocked by clk)
Endpoint: _3095_ (rising edge-triggered flip-flop clocked by clk)
Path Group: clk
Path Type: min

Fanout         Cap        Slew       Delay        Time   Description
---------------------------------------------------------------------------------------------
                                  0.000000    0.000000   clock clk (rise edge)
                                  0.000000    0.000000   clock source latency
     1    0.020000    0.095779    0.066087    0.066087 ^ clk (in)
                                                         clk (net)
                      0.095805    0.000000    0.066087 ^ clkbuf_0_clk/A (sky130_fd_sc_hd__clkbuf_16)
    16    0.094658    0.110614    0.199662    0.265749 ^ clkbuf_0_clk/X (sky130_fd_sc_hd__clkbuf_16)
                                                         clknet_0_clk (net)
                      0.110752    0.002595    0.268344 ^ clkbuf_4_7_0_clk/A (sky130_fd_sc_hd__clkbuf_8)
    17    0.062819    0.118024    0.207981    0.476324 ^ clkbuf_4_7_0_clk/X (sky130_fd_sc_hd__clkbuf_8)
                                                         clknet_4_7_0_clk (net)
                      0.118072    0.002241    0.478566 ^ _3111_/CLK (sky130_fd_sc_hd__dfrtp_1)
     1    0.002716    0.044499    0.340498    0.819063 ^ _3111_/Q (sky130_fd_sc_hd__dfrtp_1)
                                                         shift_in[0] (net)
                      0.044499    0.000086    0.819150 ^ hold116/A (sky130_fd_sc_hd__dlygate4sd3_1)
     3    0.008201    0.100110    0.577202    1.396352 ^ hold116/X (sky130_fd_sc_hd__dlygate4sd3_1)
                                                         net121 (net)
                      0.100110    0.000187    1.396539 ^ _2139_/A0 (sky130_fd_sc_hd__mux2_1)
     1    0.002700    0.040561    0.132569    1.529109 ^ _2139_/X (sky130_fd_sc_hd__mux2_1)
                                                         _0354_ (net)
                      0.040561    0.000061    1.529170 ^ _3095_/D (sky130_fd_sc_hd__dfrtp_4)
                                              1.529170   data arrival time

                                  0.000000    0.000000   clock clk (rise edge)
                                  0.000000    0.000000   clock source latency
     1    0.020000    0.095779    0.066087    0.066087 ^ clk (in)
                                                         clk (net)
                      0.095805    0.000000    0.066087 ^ clkbuf_0_clk/A (sky130_fd_sc_hd__clkbuf_16)
    16    0.094658    0.110614    0.199662    0.265749 ^ clkbuf_0_clk/X (sky130_fd_sc_hd__clkbuf_16)
                                                         clknet_0_clk (net)
                      0.110680    0.002494    0.268243 ^ clkbuf_4_5_0_clk/A (sky130_fd_sc_hd__clkbuf_8)
    10    0.056613    0.108440    0.200680    0.468923 ^ clkbuf_4_5_0_clk/X (sky130_fd_sc_hd__clkbuf_8)
                                                         clknet_4_5_0_clk (net)
                      0.108464    0.001550    0.470473 ^ _3095_/CLK (sky130_fd_sc_hd__dfrtp_4)
                                  0.500000    0.970473   clock uncertainty
                                  0.000000    0.970473   clock reconvergence pessimism
                                 -0.025169    0.945304   library hold time
                                              0.945304   data required time
---------------------------------------------------------------------------------------------
                                              0.945304   data required time
                                             -1.529170   data arrival time
---------------------------------------------------------------------------------------------
                                              0.583865   slack (MET)


Startpoint: _3080_ (rising edge-triggered flip-flop clocked by clk)
Endpoint: _3042_ (rising edge-triggered flip-flop clocked by clk)
Path Group: clk
Path Type: min

Fanout         Cap        Slew       Delay        Time   Description
---------------------------------------------------------------------------------------------
                                  0.000000    0.000000   clock clk (rise edge)
                                  0.000000    0.000000   clock source latency
     1    0.020000    0.095779    0.066087    0.066087 ^ clk (in)
                                                         clk (net)
                      0.095805    0.000000    0.066087 ^ clkbuf_0_clk/A (sky130_fd_sc_hd__clkbuf_16)
    16    0.094658    0.110614    0.199662    0.265749 ^ clkbuf_0_clk/X (sky130_fd_sc_hd__clkbuf_16)
                                                         clknet_0_clk (net)
                      0.110669    0.002310    0.268059 ^ clkbuf_4_6_0_clk/A (sky130_fd_sc_hd__clkbuf_8)
    12    0.053868    0.103792    0.197120    0.465179 ^ clkbuf_4_6_0_clk/X (sky130_fd_sc_hd__clkbuf_8)
                                                         clknet_4_6_0_clk (net)
                      0.103826    0.001782    0.466961 ^ _3080_/CLK (sky130_fd_sc_hd__dfrtp_4)
    20    0.069321    0.211011    0.560334    1.027295 ^ _3080_/Q (sky130_fd_sc_hd__dfrtp_4)
                                                         acc_reg[1] (net)
                      0.211067    0.003354    1.030650 ^ _2350_/A (sky130_fd_sc_hd__and2_1)
     4    0.016970    0.173711    0.252688    1.283338 ^ _2350_/X (sky130_fd_sc_hd__and2_1)
                                                         _0667_ (net)
                      0.173711    0.000361    1.283699 ^ _2379_/B (sky130_fd_sc_hd__and2_1)
     1    0.003174    0.050518    0.150404    1.434103 ^ _2379_/X (sky130_fd_sc_hd__and2_1)
                                                         _0688_ (net)
                      0.050518    0.000074    1.434178 ^ _2380_/C1 (sky130_fd_sc_hd__a221o_1)
     1    0.002567    0.039300    0.095851    1.530029 ^ _2380_/X (sky130_fd_sc_hd__a221o_1)
                                                         _0301_ (net)
                      0.039300    0.000057    1.530086 ^ _3042_/D (sky130_fd_sc_hd__dfrtp_1)
                                              1.530086   data arrival time

                                  0.000000    0.000000   clock clk (rise edge)
                                  0.000000    0.000000   clock source latency
     1    0.020000    0.095779    0.066087    0.066087 ^ clk (in)
                                                         clk (net)
                      0.095805    0.000000    0.066087 ^ clkbuf_0_clk/A (sky130_fd_sc_hd__clkbuf_16)
    16    0.094658    0.110614    0.199662    0.265749 ^ clkbuf_0_clk/X (sky130_fd_sc_hd__clkbuf_16)
                                                         clknet_0_clk (net)
                      0.110797    0.003163    0.268912 ^ clkbuf_4_12_0_clk/A (sky130_fd_sc_hd__clkbuf_8)
     8    0.055901    0.107020    0.199581    0.468493 ^ clkbuf_4_12_0_clk/X (sky130_fd_sc_hd__clkbuf_8)
                                                         clknet_4_12_0_clk (net)
                      0.107026    0.000930    0.469424 ^ _3042_/CLK (sky130_fd_sc_hd__dfrtp_1)
                                  0.500000    0.969424   clock uncertainty
                                  0.000000    0.969424   clock reconvergence pessimism
                                 -0.025103    0.944321   library hold time
                                              0.944321   data required time
---------------------------------------------------------------------------------------------
                                              0.944321   data required time
                                             -1.530086   data arrival time
---------------------------------------------------------------------------------------------
                                              0.585765   slack (MET)


Startpoint: _3112_ (rising edge-triggered flip-flop clocked by clk)
Endpoint: _3112_ (rising edge-triggered flip-flop clocked by clk)
Path Group: clk
Path Type: min

Fanout         Cap        Slew       Delay        Time   Description
---------------------------------------------------------------------------------------------
                                  0.000000    0.000000   clock clk (rise edge)
                                  0.000000    0.000000   clock source latency
     1    0.020000    0.095779    0.066087    0.066087 ^ clk (in)
                                                         clk (net)
                      0.095805    0.000000    0.066087 ^ clkbuf_0_clk/A (sky130_fd_sc_hd__clkbuf_16)
    16    0.094658    0.110614    0.199662    0.265749 ^ clkbuf_0_clk/X (sky130_fd_sc_hd__clkbuf_16)
                                                         clknet_0_clk (net)
                      0.110680    0.002494    0.268243 ^ clkbuf_4_5_0_clk/A (sky130_fd_sc_hd__clkbuf_8)
    10    0.056613    0.108440    0.200680    0.468923 ^ clkbuf_4_5_0_clk/X (sky130_fd_sc_hd__clkbuf_8)
                                                         clknet_4_5_0_clk (net)
                      0.108463    0.001537    0.470460 ^ _3112_/CLK (sky130_fd_sc_hd__dfrtp_1)
     3    0.007127    0.078414    0.367878    0.838338 ^ _3112_/Q (sky130_fd_sc_hd__dfrtp_1)
                                                         shift_in[1] (net)
                      0.078414    0.000175    0.838513 ^ hold147/A (sky130_fd_sc_hd__dlygate4sd3_1)
     2    0.005608    0.077351    0.567367    1.405880 ^ hold147/X (sky130_fd_sc_hd__dlygate4sd3_1)
                                                         net152 (net)
                      0.077351    0.000153    1.406033 ^ _2119_/A1 (sky130_fd_sc_hd__mux2_1)
     1    0.002549    0.039519    0.126199    1.532232 ^ _2119_/X (sky130_fd_sc_hd__mux2_1)
                                                         _0208_ (net)
                      0.039519    0.000056    1.532288 ^ _3112_/D (sky130_fd_sc_hd__dfrtp_1)
                                              1.532288   data arrival time

                                  0.000000    0.000000   clock clk (rise edge)
                                  0.000000    0.000000   clock source latency
     1    0.020000    0.095779    0.066087    0.066087 ^ clk (in)
                                                         clk (net)
                      0.095805    0.000000    0.066087 ^ clkbuf_0_clk/A (sky130_fd_sc_hd__clkbuf_16)
    16    0.094658    0.110614    0.199662    0.265749 ^ clkbuf_0_clk/X (sky130_fd_sc_hd__clkbuf_16)
                                                         clknet_0_clk (net)
                      0.110680    0.002494    0.268243 ^ clkbuf_4_5_0_clk/A (sky130_fd_sc_hd__clkbuf_8)
    10    0.056613    0.108440    0.200680    0.468923 ^ clkbuf_4_5_0_clk/X (sky130_fd_sc_hd__clkbuf_8)
                                                         clknet_4_5_0_clk (net)
                      0.108463    0.001537    0.470460 ^ _3112_/CLK (sky130_fd_sc_hd__dfrtp_1)
                                  0.500000    0.970460   clock uncertainty
                                  0.000000    0.970460   clock reconvergence pessimism
                                 -0.024952    0.945508   library hold time
                                              0.945508   data required time
---------------------------------------------------------------------------------------------
                                              0.945508   data required time
                                             -1.532288   data arrival time
---------------------------------------------------------------------------------------------
                                              0.586780   slack (MET)


Startpoint: _3154_ (rising edge-triggered flip-flop clocked by clk)
Endpoint: _3145_ (rising edge-triggered flip-flop clocked by clk)
Path Group: clk
Path Type: min

Fanout         Cap        Slew       Delay        Time   Description
---------------------------------------------------------------------------------------------
                                  0.000000    0.000000   clock clk (rise edge)
                                  0.000000    0.000000   clock source latency
     1    0.020000    0.095779    0.066087    0.066087 ^ clk (in)
                                                         clk (net)
                      0.095805    0.000000    0.066087 ^ clkbuf_0_clk/A (sky130_fd_sc_hd__clkbuf_16)
    16    0.094658    0.110614    0.199662    0.265749 ^ clkbuf_0_clk/X (sky130_fd_sc_hd__clkbuf_16)
                                                         clknet_0_clk (net)
                      0.110815    0.003356    0.269105 ^ clkbuf_4_0_0_clk/A (sky130_fd_sc_hd__clkbuf_8)
    24    0.065579    0.123215    0.209510    0.478615 ^ clkbuf_4_0_0_clk/X (sky130_fd_sc_hd__clkbuf_8)
                                                         clknet_4_0_0_clk (net)
                      0.123404    0.003970    0.482585 ^ _3154_/CLK (sky130_fd_sc_hd__dfrtp_1)
     4    0.013607    0.129827    0.413996    0.896582 ^ _3154_/Q (sky130_fd_sc_hd__dfrtp_1)
                                                         state[2] (net)
                      0.129827    0.000452    0.897034 ^ _1517_/A (sky130_fd_sc_hd__nor2_1)
     4    0.010468    0.053863    0.095776    0.992809 v _1517_/Y (sky130_fd_sc_hd__nor2_1)
                                                         _1067_ (net)
                      0.053863    0.000224    0.993033 v _1521_/A2 (sky130_fd_sc_hd__o21a_1)
     1    0.005933    0.044400    0.181877    1.174910 v _1521_/X (sky130_fd_sc_hd__o21a_1)
                                                         _1071_ (net)
                      0.044401    0.000234    1.175144 v _1522_/A (sky130_fd_sc_hd__inv_2)
     3    0.009883    0.051197    0.062780    1.237924 ^ _1522_/Y (sky130_fd_sc_hd__inv_2)
                                                         _1072_ (net)
                      0.051215    0.000165    1.238089 ^ _1530_/A1 (sky130_fd_sc_hd__o21a_1)
     2    0.006142    0.068540    0.138034    1.376123 ^ _1530_/X (sky130_fd_sc_hd__o21a_1)
                                                         _1079_ (net)
                      0.068540    0.000147    1.376270 ^ _1534_/A_N (sky130_fd_sc_hd__and2b_1)
     1    0.002942    0.033644    0.175685    1.551955 v _1534_/X (sky130_fd_sc_hd__and2b_1)
                                                         _0241_ (net)
                      0.033644    0.000096    1.552051 v _3145_/D (sky130_fd_sc_hd__dfrtp_1)
                                              1.552051   data arrival time

                                  0.000000    0.000000   clock clk (rise edge)
                                  0.000000    0.000000   clock source latency
     1    0.020000    0.095779    0.066087    0.066087 ^ clk (in)
                                                         clk (net)
                      0.095805    0.000000    0.066087 ^ clkbuf_0_clk/A (sky130_fd_sc_hd__clkbuf_16)
    16    0.094658    0.110614    0.199662    0.265749 ^ clkbuf_0_clk/X (sky130_fd_sc_hd__clkbuf_16)
                                                         clknet_0_clk (net)
                      0.110815    0.003356    0.269105 ^ clkbuf_4_0_0_clk/A (sky130_fd_sc_hd__clkbuf_8)
    24    0.065579    0.123215    0.209510    0.478615 ^ clkbuf_4_0_0_clk/X (sky130_fd_sc_hd__clkbuf_8)
                                                         clknet_4_0_0_clk (net)
                      0.123499    0.004830    0.483445 ^ _3145_/CLK (sky130_fd_sc_hd__dfrtp_1)
                                  0.500000    0.983445   clock uncertainty
                                  0.000000    0.983445   clock reconvergence pessimism
                                 -0.023250    0.960194   library hold time
                                              0.960194   data required time
---------------------------------------------------------------------------------------------
                                              0.960194   data required time
                                             -1.552051   data arrival time
---------------------------------------------------------------------------------------------
                                              0.591856   slack (MET)


Startpoint: _3124_ (rising edge-triggered flip-flop clocked by clk)
Endpoint: _3108_ (rising edge-triggered flip-flop clocked by clk)
Path Group: clk
Path Type: min

Fanout         Cap        Slew       Delay        Time   Description
---------------------------------------------------------------------------------------------
                                  0.000000    0.000000   clock clk (rise edge)
                                  0.000000    0.000000   clock source latency
     1    0.020000    0.095779    0.066087    0.066087 ^ clk (in)
                                                         clk (net)
                      0.095805    0.000000    0.066087 ^ clkbuf_0_clk/A (sky130_fd_sc_hd__clkbuf_16)
    16    0.094658    0.110614    0.199662    0.265749 ^ clkbuf_0_clk/X (sky130_fd_sc_hd__clkbuf_16)
                                                         clknet_0_clk (net)
                      0.110817    0.003381    0.269130 ^ clkbuf_4_1_0_clk/A (sky130_fd_sc_hd__clkbuf_8)
    16    0.063469    0.119051    0.208820    0.477950 ^ clkbuf_4_1_0_clk/X (sky130_fd_sc_hd__clkbuf_8)
                                                         clknet_4_1_0_clk (net)
                      0.119121    0.002649    0.480599 ^ _3124_/CLK (sky130_fd_sc_hd__dfrtp_1)
     1    0.002976    0.046484    0.343035    0.823634 ^ _3124_/Q (sky130_fd_sc_hd__dfrtp_1)
                                                         shift_in[13] (net)
                      0.046484    0.000097    0.823731 ^ hold90/A (sky130_fd_sc_hd__dlygate4sd3_1)
     3    0.007773    0.096706    0.574539    1.398270 ^ hold90/X (sky130_fd_sc_hd__dlygate4sd3_1)
                                                         net95 (net)
                      0.096706    0.000215    1.398485 ^ _2126_/A0 (sky130_fd_sc_hd__mux2_1)
     1    0.003250    0.044743    0.135770    1.534255 ^ _2126_/X (sky130_fd_sc_hd__mux2_1)
                                                         _0204_ (net)
                      0.044743    0.000111    1.534366 ^ _3108_/D (sky130_fd_sc_hd__dfrtp_2)
                                              1.534366   data arrival time

                                  0.000000    0.000000   clock clk (rise edge)
                                  0.000000    0.000000   clock source latency
     1    0.020000    0.095779    0.066087    0.066087 ^ clk (in)
                                                         clk (net)
                      0.095805    0.000000    0.066087 ^ clkbuf_0_clk/A (sky130_fd_sc_hd__clkbuf_16)
    16    0.094658    0.110614    0.199662    0.265749 ^ clkbuf_0_clk/X (sky130_fd_sc_hd__clkbuf_16)
                                                         clknet_0_clk (net)
                      0.110751    0.002584    0.268334 ^ clkbuf_4_4_0_clk/A (sky130_fd_sc_hd__clkbuf_8)
    11    0.055333    0.106119    0.198941    0.467275 ^ clkbuf_4_4_0_clk/X (sky130_fd_sc_hd__clkbuf_8)
                                                         clknet_4_4_0_clk (net)
                      0.106139    0.001458    0.468733 ^ _3108_/CLK (sky130_fd_sc_hd__dfrtp_2)
                                  0.500000    0.968733   clock uncertainty
                                  0.000000    0.968733   clock reconvergence pessimism
                                 -0.026270    0.942463   library hold time
                                              0.942463   data required time
---------------------------------------------------------------------------------------------
                                              0.942463   data required time
                                             -1.534366   data arrival time
---------------------------------------------------------------------------------------------
                                              0.591903   slack (MET)


Startpoint: _3162_ (rising edge-triggered flip-flop clocked by clk)
Endpoint: _3160_ (rising edge-triggered flip-flop clocked by clk)
Path Group: clk
Path Type: min

Fanout         Cap        Slew       Delay        Time   Description
---------------------------------------------------------------------------------------------
                                  0.000000    0.000000   clock clk (rise edge)
                                  0.000000    0.000000   clock source latency
     1    0.020000    0.095779    0.066087    0.066087 ^ clk (in)
                                                         clk (net)
                      0.095805    0.000000    0.066087 ^ clkbuf_0_clk/A (sky130_fd_sc_hd__clkbuf_16)
    16    0.094658    0.110614    0.199662    0.265749 ^ clkbuf_0_clk/X (sky130_fd_sc_hd__clkbuf_16)
                                                         clknet_0_clk (net)
                      0.110799    0.003186    0.268935 ^ clkbuf_4_2_0_clk/A (sky130_fd_sc_hd__clkbuf_8)
    18    0.064744    0.121094    0.210168    0.479103 ^ clkbuf_4_2_0_clk/X (sky130_fd_sc_hd__clkbuf_8)
                                                         clknet_4_2_0_clk (net)
                      0.121101    0.001083    0.480186 ^ _3162_/CLK (sky130_fd_sc_hd__dfrtp_1)
     2    0.008886    0.091855    0.384371    0.864557 ^ _3162_/Q (sky130_fd_sc_hd__dfrtp_1)
                                                         my_sum_sub.start (net)
                      0.091855    0.000184    0.864741 ^ hold173/A (sky130_fd_sc_hd__dlygate4sd3_1)
     1    0.002750    0.052506    0.548182    1.412923 ^ hold173/X (sky130_fd_sc_hd__dlygate4sd3_1)
                                                         net178 (net)
                      0.052506    0.000067    1.412990 ^ _2787_/B (sky130_fd_sc_hd__and2_1)
     1    0.003211    0.049406    0.120008    1.532998 ^ _2787_/X (sky130_fd_sc_hd__and2_1)
                                                         _0003_ (net)
                      0.049406    0.000106    1.533104 ^ _3160_/D (sky130_fd_sc_hd__dfrtp_4)
                                              1.533104   data arrival time

                                  0.000000    0.000000   clock clk (rise edge)
                                  0.000000    0.000000   clock source latency
     1    0.020000    0.095779    0.066087    0.066087 ^ clk (in)
                                                         clk (net)
                      0.095805    0.000000    0.066087 ^ clkbuf_0_clk/A (sky130_fd_sc_hd__clkbuf_16)
    16    0.094658    0.110614    0.199662    0.265749 ^ clkbuf_0_clk/X (sky130_fd_sc_hd__clkbuf_16)
                                                         clknet_0_clk (net)
                      0.110793    0.003112    0.268861 ^ clkbuf_4_3_0_clk/A (sky130_fd_sc_hd__clkbuf_8)
    11    0.053966    0.104170    0.197711    0.466572 ^ clkbuf_4_3_0_clk/X (sky130_fd_sc_hd__clkbuf_8)
                                                         clknet_4_3_0_clk (net)
                      0.104173    0.000733    0.467304 ^ _3160_/CLK (sky130_fd_sc_hd__dfrtp_4)
                                  0.500000    0.967304   clock uncertainty
                                  0.000000    0.967304   clock reconvergence pessimism
                                 -0.027596    0.939709   library hold time
                                              0.939709   data required time
---------------------------------------------------------------------------------------------
                                              0.939709   data required time
                                             -1.533104   data arrival time
---------------------------------------------------------------------------------------------
                                              0.593395   slack (MET)


Startpoint: _3026_ (rising edge-triggered flip-flop clocked by clk)
Endpoint: _3026_ (rising edge-triggered flip-flop clocked by clk)
Path Group: clk
Path Type: min

Fanout         Cap        Slew       Delay        Time   Description
---------------------------------------------------------------------------------------------
                                  0.000000    0.000000   clock clk (rise edge)
                                  0.000000    0.000000   clock source latency
     1    0.020000    0.095779    0.066087    0.066087 ^ clk (in)
                                                         clk (net)
                      0.095805    0.000000    0.066087 ^ clkbuf_0_clk/A (sky130_fd_sc_hd__clkbuf_16)
    16    0.094658    0.110614    0.199662    0.265749 ^ clkbuf_0_clk/X (sky130_fd_sc_hd__clkbuf_16)
                                                         clknet_0_clk (net)
                      0.110767    0.002795    0.268544 ^ clkbuf_4_11_0_clk/A (sky130_fd_sc_hd__clkbuf_8)
    13    0.055869    0.107200    0.200015    0.468559 ^ clkbuf_4_11_0_clk/X (sky130_fd_sc_hd__clkbuf_8)
                                                         clknet_4_11_0_clk (net)
                      0.107201    0.000593    0.469152 ^ _3026_/CLK (sky130_fd_sc_hd__dfrtp_1)
     1    0.002841    0.045457    0.337473    0.806625 ^ _3026_/Q (sky130_fd_sc_hd__dfrtp_1)
                                                         my_sum_sub.result[9] (net)
                      0.045457    0.000091    0.806716 ^ hold164/A (sky130_fd_sc_hd__dlygate4sd3_1)
     2    0.009537    0.111607    0.587149    1.393865 ^ hold164/X (sky130_fd_sc_hd__dlygate4sd3_1)
                                                         net169 (net)
                      0.111607    0.000224    1.394089 ^ _2666_/A2 (sky130_fd_sc_hd__a22o_1)
     1    0.002383    0.039794    0.143486    1.537575 ^ _2666_/X (sky130_fd_sc_hd__a22o_1)
                                                         _0285_ (net)
                      0.039794    0.000050    1.537625 ^ _3026_/D (sky130_fd_sc_hd__dfrtp_1)
                                              1.537625   data arrival time

                                  0.000000    0.000000   clock clk (rise edge)
                                  0.000000    0.000000   clock source latency
     1    0.020000    0.095779    0.066087    0.066087 ^ clk (in)
                                                         clk (net)
                      0.095805    0.000000    0.066087 ^ clkbuf_0_clk/A (sky130_fd_sc_hd__clkbuf_16)
    16    0.094658    0.110614    0.199662    0.265749 ^ clkbuf_0_clk/X (sky130_fd_sc_hd__clkbuf_16)
                                                         clknet_0_clk (net)
                      0.110767    0.002795    0.268544 ^ clkbuf_4_11_0_clk/A (sky130_fd_sc_hd__clkbuf_8)
    13    0.055869    0.107200    0.200015    0.468559 ^ clkbuf_4_11_0_clk/X (sky130_fd_sc_hd__clkbuf_8)
                                                         clknet_4_11_0_clk (net)
                      0.107201    0.000593    0.469152 ^ _3026_/CLK (sky130_fd_sc_hd__dfrtp_1)
                                  0.500000    0.969152   clock uncertainty
                                  0.000000    0.969152   clock reconvergence pessimism
                                 -0.025182    0.943970   library hold time
                                              0.943970   data required time
---------------------------------------------------------------------------------------------
                                              0.943970   data required time
                                             -1.537625   data arrival time
---------------------------------------------------------------------------------------------
                                              0.593655   slack (MET)


Startpoint: _3027_ (rising edge-triggered flip-flop clocked by clk)
Endpoint: _3027_ (rising edge-triggered flip-flop clocked by clk)
Path Group: clk
Path Type: min

Fanout         Cap        Slew       Delay        Time   Description
---------------------------------------------------------------------------------------------
                                  0.000000    0.000000   clock clk (rise edge)
                                  0.000000    0.000000   clock source latency
     1    0.020000    0.095779    0.066087    0.066087 ^ clk (in)
                                                         clk (net)
                      0.095805    0.000000    0.066087 ^ clkbuf_0_clk/A (sky130_fd_sc_hd__clkbuf_16)
    16    0.094658    0.110614    0.199662    0.265749 ^ clkbuf_0_clk/X (sky130_fd_sc_hd__clkbuf_16)
                                                         clknet_0_clk (net)
                      0.110779    0.002949    0.268699 ^ clkbuf_4_10_0_clk/A (sky130_fd_sc_hd__clkbuf_8)
    10    0.051793    0.100494    0.194865    0.463564 ^ clkbuf_4_10_0_clk/X (sky130_fd_sc_hd__clkbuf_8)
                                                         clknet_4_10_0_clk (net)
                      0.100508    0.001201    0.464765 ^ _3027_/CLK (sky130_fd_sc_hd__dfrtp_1)
     1    0.003000    0.046672    0.336290    0.801055 ^ _3027_/Q (sky130_fd_sc_hd__dfrtp_1)
                                                         my_sum_sub.result[10] (net)
                      0.046672    0.000077    0.801132 ^ hold174/A (sky130_fd_sc_hd__dlygate4sd3_1)
     2    0.009586    0.112072    0.587876    1.389008 ^ hold174/X (sky130_fd_sc_hd__dlygate4sd3_1)
                                                         net179 (net)
                      0.112072    0.000135    1.389143 ^ _2665_/A2 (sky130_fd_sc_hd__a22o_1)
     1    0.002407    0.039982    0.143803    1.532946 ^ _2665_/X (sky130_fd_sc_hd__a22o_1)
                                                         _0286_ (net)
                      0.039982    0.000051    1.532997 ^ _3027_/D (sky130_fd_sc_hd__dfrtp_1)
                                              1.532997   data arrival time

                                  0.000000    0.000000   clock clk (rise edge)
                                  0.000000    0.000000   clock source latency
     1    0.020000    0.095779    0.066087    0.066087 ^ clk (in)
                                                         clk (net)
                      0.095805    0.000000    0.066087 ^ clkbuf_0_clk/A (sky130_fd_sc_hd__clkbuf_16)
    16    0.094658    0.110614    0.199662    0.265749 ^ clkbuf_0_clk/X (sky130_fd_sc_hd__clkbuf_16)
                                                         clknet_0_clk (net)
                      0.110779    0.002949    0.268699 ^ clkbuf_4_10_0_clk/A (sky130_fd_sc_hd__clkbuf_8)
    10    0.051793    0.100494    0.194865    0.463564 ^ clkbuf_4_10_0_clk/X (sky130_fd_sc_hd__clkbuf_8)
                                                         clknet_4_10_0_clk (net)
                      0.100508    0.001201    0.464765 ^ _3027_/CLK (sky130_fd_sc_hd__dfrtp_1)
                                  0.500000    0.964765   clock uncertainty
                                  0.000000    0.964765   clock reconvergence pessimism
                                 -0.026135    0.938630   library hold time
                                              0.938630   data required time
---------------------------------------------------------------------------------------------
                                              0.938630   data required time
                                             -1.532997   data arrival time
---------------------------------------------------------------------------------------------
                                              0.594367   slack (MET)


Startpoint: _3114_ (rising edge-triggered flip-flop clocked by clk)
Endpoint: _3113_ (rising edge-triggered flip-flop clocked by clk)
Path Group: clk
Path Type: min

Fanout         Cap        Slew       Delay        Time   Description
---------------------------------------------------------------------------------------------
                                  0.000000    0.000000   clock clk (rise edge)
                                  0.000000    0.000000   clock source latency
     1    0.020000    0.095779    0.066087    0.066087 ^ clk (in)
                                                         clk (net)
                      0.095805    0.000000    0.066087 ^ clkbuf_0_clk/A (sky130_fd_sc_hd__clkbuf_16)
    16    0.094658    0.110614    0.199662    0.265749 ^ clkbuf_0_clk/X (sky130_fd_sc_hd__clkbuf_16)
                                                         clknet_0_clk (net)
                      0.110680    0.002494    0.268243 ^ clkbuf_4_5_0_clk/A (sky130_fd_sc_hd__clkbuf_8)
    10    0.056613    0.108440    0.200680    0.468923 ^ clkbuf_4_5_0_clk/X (sky130_fd_sc_hd__clkbuf_8)
                                                         clknet_4_5_0_clk (net)
                      0.108464    0.001553    0.470477 ^ _3114_/CLK (sky130_fd_sc_hd__dfrtp_1)
     2    0.005385    0.064695    0.356146    0.826623 ^ _3114_/Q (sky130_fd_sc_hd__dfrtp_1)
                                                         shift_in[3] (net)
                      0.064751    0.000128    0.826751 ^ hold166/A (sky130_fd_sc_hd__dlygate4sd3_1)
     3    0.008540    0.102838    0.585929    1.412680 ^ hold166/X (sky130_fd_sc_hd__dlygate4sd3_1)
                                                         net171 (net)
                      0.102838    0.000234    1.412915 ^ _2118_/A0 (sky130_fd_sc_hd__mux2_1)
     1    0.003323    0.045392    0.138464    1.551378 ^ _2118_/X (sky130_fd_sc_hd__mux2_1)
                                                         _0209_ (net)
                      0.045392    0.000111    1.551489 ^ _3113_/D (sky130_fd_sc_hd__dfrtp_1)
                                              1.551489   data arrival time

                                  0.000000    0.000000   clock clk (rise edge)
                                  0.000000    0.000000   clock source latency
     1    0.020000    0.095779    0.066087    0.066087 ^ clk (in)
                                                         clk (net)
                      0.095805    0.000000    0.066087 ^ clkbuf_0_clk/A (sky130_fd_sc_hd__clkbuf_16)
    16    0.094658    0.110614    0.199662    0.265749 ^ clkbuf_0_clk/X (sky130_fd_sc_hd__clkbuf_16)
                                                         clknet_0_clk (net)
                      0.110752    0.002595    0.268344 ^ clkbuf_4_7_0_clk/A (sky130_fd_sc_hd__clkbuf_8)
    17    0.062819    0.118024    0.207981    0.476324 ^ clkbuf_4_7_0_clk/X (sky130_fd_sc_hd__clkbuf_8)
                                                         clknet_4_7_0_clk (net)
                      0.118080    0.002390    0.478714 ^ _3113_/CLK (sky130_fd_sc_hd__dfrtp_1)
                                  0.500000    0.978714   clock uncertainty
                                  0.000000    0.978714   clock reconvergence pessimism
                                 -0.024860    0.953854   library hold time
                                              0.953854   data required time
---------------------------------------------------------------------------------------------
                                              0.953854   data required time
                                             -1.551489   data arrival time
---------------------------------------------------------------------------------------------
                                              0.597635   slack (MET)


Startpoint: _3032_ (rising edge-triggered flip-flop clocked by clk)
Endpoint: _3032_ (rising edge-triggered flip-flop clocked by clk)
Path Group: clk
Path Type: min

Fanout         Cap        Slew       Delay        Time   Description
---------------------------------------------------------------------------------------------
                                  0.000000    0.000000   clock clk (rise edge)
                                  0.000000    0.000000   clock source latency
     1    0.020000    0.095779    0.066087    0.066087 ^ clk (in)
                                                         clk (net)
                      0.095805    0.000000    0.066087 ^ clkbuf_0_clk/A (sky130_fd_sc_hd__clkbuf_16)
    16    0.094658    0.110614    0.199662    0.265749 ^ clkbuf_0_clk/X (sky130_fd_sc_hd__clkbuf_16)
                                                         clknet_0_clk (net)
                      0.110767    0.002795    0.268544 ^ clkbuf_4_11_0_clk/A (sky130_fd_sc_hd__clkbuf_8)
    13    0.055869    0.107200    0.200015    0.468559 ^ clkbuf_4_11_0_clk/X (sky130_fd_sc_hd__clkbuf_8)
                                                         clknet_4_11_0_clk (net)
                      0.107207    0.000965    0.469524 ^ _3032_/CLK (sky130_fd_sc_hd__dfrtp_1)
     2    0.010370    0.103315    0.388558    0.858082 ^ _3032_/Q (sky130_fd_sc_hd__dfrtp_1)
                                                         my_sum_sub.result[15] (net)
                      0.103315    0.000182    0.858263 ^ _2660_/A1 (sky130_fd_sc_hd__a22o_1)
     1    0.002918    0.044175    0.142696    1.000960 ^ _2660_/X (sky130_fd_sc_hd__a22o_1)
                                                         _0291_ (net)
                      0.044175    0.000073    1.001033 ^ hold144/A (sky130_fd_sc_hd__dlygate4sd3_1)
     1    0.003153    0.055998    0.537907    1.538940 ^ hold144/X (sky130_fd_sc_hd__dlygate4sd3_1)
                                                         net149 (net)
                      0.055998    0.000079    1.539019 ^ _3032_/D (sky130_fd_sc_hd__dfrtp_1)
                                              1.539019   data arrival time

                                  0.000000    0.000000   clock clk (rise edge)
                                  0.000000    0.000000   clock source latency
     1    0.020000    0.095779    0.066087    0.066087 ^ clk (in)
                                                         clk (net)
                      0.095805    0.000000    0.066087 ^ clkbuf_0_clk/A (sky130_fd_sc_hd__clkbuf_16)
    16    0.094658    0.110614    0.199662    0.265749 ^ clkbuf_0_clk/X (sky130_fd_sc_hd__clkbuf_16)
                                                         clknet_0_clk (net)
                      0.110767    0.002795    0.268544 ^ clkbuf_4_11_0_clk/A (sky130_fd_sc_hd__clkbuf_8)
    13    0.055869    0.107200    0.200015    0.468559 ^ clkbuf_4_11_0_clk/X (sky130_fd_sc_hd__clkbuf_8)
                                                         clknet_4_11_0_clk (net)
                      0.107207    0.000965    0.469524 ^ _3032_/CLK (sky130_fd_sc_hd__dfrtp_1)
                                  0.500000    0.969524   clock uncertainty
                                  0.000000    0.969524   clock reconvergence pessimism
                                 -0.028552    0.940972   library hold time
                                              0.940972   data required time
---------------------------------------------------------------------------------------------
                                              0.940972   data required time
                                             -1.539019   data arrival time
---------------------------------------------------------------------------------------------
                                              0.598047   slack (MET)


Startpoint: _3114_ (rising edge-triggered flip-flop clocked by clk)
Endpoint: _3114_ (rising edge-triggered flip-flop clocked by clk)
Path Group: clk
Path Type: min

Fanout         Cap        Slew       Delay        Time   Description
---------------------------------------------------------------------------------------------
                                  0.000000    0.000000   clock clk (rise edge)
                                  0.000000    0.000000   clock source latency
     1    0.020000    0.095779    0.066087    0.066087 ^ clk (in)
                                                         clk (net)
                      0.095805    0.000000    0.066087 ^ clkbuf_0_clk/A (sky130_fd_sc_hd__clkbuf_16)
    16    0.094658    0.110614    0.199662    0.265749 ^ clkbuf_0_clk/X (sky130_fd_sc_hd__clkbuf_16)
                                                         clknet_0_clk (net)
                      0.110680    0.002494    0.268243 ^ clkbuf_4_5_0_clk/A (sky130_fd_sc_hd__clkbuf_8)
    10    0.056613    0.108440    0.200680    0.468923 ^ clkbuf_4_5_0_clk/X (sky130_fd_sc_hd__clkbuf_8)
                                                         clknet_4_5_0_clk (net)
                      0.108464    0.001553    0.470477 ^ _3114_/CLK (sky130_fd_sc_hd__dfrtp_1)
     2    0.005385    0.064695    0.356146    0.826623 ^ _3114_/Q (sky130_fd_sc_hd__dfrtp_1)
                                                         shift_in[3] (net)
                      0.064751    0.000128    0.826751 ^ hold166/A (sky130_fd_sc_hd__dlygate4sd3_1)
     3    0.008540    0.102838    0.585929    1.412680 ^ hold166/X (sky130_fd_sc_hd__dlygate4sd3_1)
                                                         net171 (net)
                      0.102838    0.000268    1.412948 ^ _2117_/A1 (sky130_fd_sc_hd__mux2_1)
     1    0.002444    0.038743    0.134022    1.546970 ^ _2117_/X (sky130_fd_sc_hd__mux2_1)
                                                         _0210_ (net)
                      0.038743    0.000052    1.547022 ^ _3114_/D (sky130_fd_sc_hd__dfrtp_1)
                                              1.547022   data arrival time

                                  0.000000    0.000000   clock clk (rise edge)
                                  0.000000    0.000000   clock source latency
     1    0.020000    0.095779    0.066087    0.066087 ^ clk (in)
                                                         clk (net)
                      0.095805    0.000000    0.066087 ^ clkbuf_0_clk/A (sky130_fd_sc_hd__clkbuf_16)
    16    0.094658    0.110614    0.199662    0.265749 ^ clkbuf_0_clk/X (sky130_fd_sc_hd__clkbuf_16)
                                                         clknet_0_clk (net)
                      0.110680    0.002494    0.268243 ^ clkbuf_4_5_0_clk/A (sky130_fd_sc_hd__clkbuf_8)
    10    0.056613    0.108440    0.200680    0.468923 ^ clkbuf_4_5_0_clk/X (sky130_fd_sc_hd__clkbuf_8)
                                                         clknet_4_5_0_clk (net)
                      0.108464    0.001553    0.470477 ^ _3114_/CLK (sky130_fd_sc_hd__dfrtp_1)
                                  0.500000    0.970477   clock uncertainty
                                  0.000000    0.970477   clock reconvergence pessimism
                                 -0.024791    0.945686   library hold time
                                              0.945686   data required time
---------------------------------------------------------------------------------------------
                                              0.945686   data required time
                                             -1.547022   data arrival time
---------------------------------------------------------------------------------------------
                                              0.601336   slack (MET)


Startpoint: _3081_ (rising edge-triggered flip-flop clocked by clk)
Endpoint: _3043_ (rising edge-triggered flip-flop clocked by clk)
Path Group: clk
Path Type: min

Fanout         Cap        Slew       Delay        Time   Description
---------------------------------------------------------------------------------------------
                                  0.000000    0.000000   clock clk (rise edge)
                                  0.000000    0.000000   clock source latency
     1    0.020000    0.095779    0.066087    0.066087 ^ clk (in)
                                                         clk (net)
                      0.095805    0.000000    0.066087 ^ clkbuf_0_clk/A (sky130_fd_sc_hd__clkbuf_16)
    16    0.094658    0.110614    0.199662    0.265749 ^ clkbuf_0_clk/X (sky130_fd_sc_hd__clkbuf_16)
                                                         clknet_0_clk (net)
                      0.110669    0.002310    0.268059 ^ clkbuf_4_6_0_clk/A (sky130_fd_sc_hd__clkbuf_8)
    12    0.053868    0.103792    0.197120    0.465179 ^ clkbuf_4_6_0_clk/X (sky130_fd_sc_hd__clkbuf_8)
                                                         clknet_4_6_0_clk (net)
                      0.103826    0.001771    0.466950 ^ _3081_/CLK (sky130_fd_sc_hd__dfrtp_4)
    21    0.074253    0.224447    0.570115    1.037065 ^ _3081_/Q (sky130_fd_sc_hd__dfrtp_4)
                                                         acc_reg[2] (net)
                      0.224458    0.001938    1.039003 ^ _2340_/A (sky130_fd_sc_hd__and2_1)
     3    0.015914    0.163975    0.248839    1.287842 ^ _2340_/X (sky130_fd_sc_hd__and2_1)
                                                         _0658_ (net)
                      0.163975    0.000281    1.288123 ^ _2377_/B (sky130_fd_sc_hd__and2_1)
     1    0.003859    0.055993    0.153273    1.441396 ^ _2377_/X (sky130_fd_sc_hd__and2_1)
                                                         _0687_ (net)
                      0.055995    0.000104    1.441500 ^ _2378_/C1 (sky130_fd_sc_hd__a221o_1)
     1    0.004112    0.052363    0.109069    1.550569 ^ _2378_/X (sky130_fd_sc_hd__a221o_1)
                                                         _0302_ (net)
                      0.052363    0.000155    1.550724 ^ _3043_/D (sky130_fd_sc_hd__dfrtp_1)
                                              1.550724   data arrival time

                                  0.000000    0.000000   clock clk (rise edge)
                                  0.000000    0.000000   clock source latency
     1    0.020000    0.095779    0.066087    0.066087 ^ clk (in)
                                                         clk (net)
                      0.095805    0.000000    0.066087 ^ clkbuf_0_clk/A (sky130_fd_sc_hd__clkbuf_16)
    16    0.094658    0.110614    0.199662    0.265749 ^ clkbuf_0_clk/X (sky130_fd_sc_hd__clkbuf_16)
                                                         clknet_0_clk (net)
                      0.110829    0.003506    0.269255 ^ clkbuf_4_15_0_clk/A (sky130_fd_sc_hd__clkbuf_8)
    13    0.060153    0.113790    0.204562    0.473817 ^ clkbuf_4_15_0_clk/X (sky130_fd_sc_hd__clkbuf_8)
                                                         clknet_4_15_0_clk (net)
                      0.113811    0.001538    0.475355 ^ _3043_/CLK (sky130_fd_sc_hd__dfrtp_1)
                                  0.500000    0.975355   clock uncertainty
                                  0.000000    0.975355   clock reconvergence pessimism
                                 -0.026892    0.948463   library hold time
                                              0.948463   data required time
---------------------------------------------------------------------------------------------
                                              0.948463   data required time
                                             -1.550724   data arrival time
---------------------------------------------------------------------------------------------
                                              0.602261   slack (MET)


Startpoint: _3014_ (rising edge-triggered flip-flop clocked by clk)
Endpoint: _3015_ (rising edge-triggered flip-flop clocked by clk)
Path Group: clk
Path Type: min

Fanout         Cap        Slew       Delay        Time   Description
---------------------------------------------------------------------------------------------
                                  0.000000    0.000000   clock clk (rise edge)
                                  0.000000    0.000000   clock source latency
     1    0.020000    0.095779    0.066087    0.066087 ^ clk (in)
                                                         clk (net)
                      0.095805    0.000000    0.066087 ^ clkbuf_0_clk/A (sky130_fd_sc_hd__clkbuf_16)
    16    0.094658    0.110614    0.199662    0.265749 ^ clkbuf_0_clk/X (sky130_fd_sc_hd__clkbuf_16)
                                                         clknet_0_clk (net)
                      0.110799    0.003186    0.268935 ^ clkbuf_4_2_0_clk/A (sky130_fd_sc_hd__clkbuf_8)
    18    0.064744    0.121094    0.210168    0.479103 ^ clkbuf_4_2_0_clk/X (sky130_fd_sc_hd__clkbuf_8)
                                                         clknet_4_2_0_clk (net)
                      0.121173    0.002838    0.481940 ^ _3014_/CLK (sky130_fd_sc_hd__dfrtp_1)
     3    0.009720    0.098017    0.389828    0.871768 ^ _3014_/Q (sky130_fd_sc_hd__dfrtp_1)
                                                         div_quotient[4] (net)
                      0.098017    0.000238    0.872006 ^ _2694_/A1 (sky130_fd_sc_hd__a22o_1)
     1    0.003615    0.050764    0.146246    1.018252 ^ _2694_/X (sky130_fd_sc_hd__a22o_1)
                                                         _0274_ (net)
                      0.050764    0.000134    1.018387 ^ hold161/A (sky130_fd_sc_hd__dlygate4sd3_1)
     1    0.003027    0.054886    0.538868    1.557254 ^ hold161/X (sky130_fd_sc_hd__dlygate4sd3_1)
                                                         net166 (net)
                      0.054886    0.000098    1.557353 ^ _3015_/D (sky130_fd_sc_hd__dfrtp_1)
                                              1.557353   data arrival time

                                  0.000000    0.000000   clock clk (rise edge)
                                  0.000000    0.000000   clock source latency
     1    0.020000    0.095779    0.066087    0.066087 ^ clk (in)
                                                         clk (net)
                      0.095805    0.000000    0.066087 ^ clkbuf_0_clk/A (sky130_fd_sc_hd__clkbuf_16)
    16    0.094658    0.110614    0.199662    0.265749 ^ clkbuf_0_clk/X (sky130_fd_sc_hd__clkbuf_16)
                                                         clknet_0_clk (net)
                      0.110799    0.003186    0.268935 ^ clkbuf_4_2_0_clk/A (sky130_fd_sc_hd__clkbuf_8)
    18    0.064744    0.121094    0.210168    0.479103 ^ clkbuf_4_2_0_clk/X (sky130_fd_sc_hd__clkbuf_8)
                                                         clknet_4_2_0_clk (net)
                      0.121122    0.001826    0.480929 ^ _3015_/CLK (sky130_fd_sc_hd__dfrtp_1)
                                  0.500000    0.980929   clock uncertainty
                                  0.000000    0.980929   clock reconvergence pessimism
                                 -0.026416    0.954513   library hold time
                                              0.954513   data required time
---------------------------------------------------------------------------------------------
                                              0.954513   data required time
                                             -1.557353   data arrival time
---------------------------------------------------------------------------------------------
                                              0.602840   slack (MET)


Startpoint: _3024_ (rising edge-triggered flip-flop clocked by clk)
Endpoint: _3024_ (rising edge-triggered flip-flop clocked by clk)
Path Group: clk
Path Type: min

Fanout         Cap        Slew       Delay        Time   Description
---------------------------------------------------------------------------------------------
                                  0.000000    0.000000   clock clk (rise edge)
                                  0.000000    0.000000   clock source latency
     1    0.020000    0.095779    0.066087    0.066087 ^ clk (in)
                                                         clk (net)
                      0.095805    0.000000    0.066087 ^ clkbuf_0_clk/A (sky130_fd_sc_hd__clkbuf_16)
    16    0.094658    0.110614    0.199662    0.265749 ^ clkbuf_0_clk/X (sky130_fd_sc_hd__clkbuf_16)
                                                         clknet_0_clk (net)
                      0.110779    0.002949    0.268699 ^ clkbuf_4_10_0_clk/A (sky130_fd_sc_hd__clkbuf_8)
    10    0.051793    0.100494    0.194865    0.463564 ^ clkbuf_4_10_0_clk/X (sky130_fd_sc_hd__clkbuf_8)
                                                         clknet_4_10_0_clk (net)
                      0.100508    0.001210    0.464774 ^ _3024_/CLK (sky130_fd_sc_hd__dfrtp_1)
     1    0.003226    0.048416    0.338162    0.802936 ^ _3024_/Q (sky130_fd_sc_hd__dfrtp_1)
                                                         my_sum_sub.result[7] (net)
                      0.048416    0.000085    0.803021 ^ hold188/A (sky130_fd_sc_hd__dlygate4sd3_1)
     2    0.010676    0.122071    0.595907    1.398928 ^ hold188/X (sky130_fd_sc_hd__dlygate4sd3_1)
                                                         net193 (net)
                      0.122071    0.000147    1.399075 ^ _2668_/A2 (sky130_fd_sc_hd__a22o_1)
     1    0.002597    0.041526    0.148186    1.547262 ^ _2668_/X (sky130_fd_sc_hd__a22o_1)
                                                         _0283_ (net)
                      0.041526    0.000059    1.547320 ^ _3024_/D (sky130_fd_sc_hd__dfrtp_1)
                                              1.547320   data arrival time

                                  0.000000    0.000000   clock clk (rise edge)
                                  0.000000    0.000000   clock source latency
     1    0.020000    0.095779    0.066087    0.066087 ^ clk (in)
                                                         clk (net)
                      0.095805    0.000000    0.066087 ^ clkbuf_0_clk/A (sky130_fd_sc_hd__clkbuf_16)
    16    0.094658    0.110614    0.199662    0.265749 ^ clkbuf_0_clk/X (sky130_fd_sc_hd__clkbuf_16)
                                                         clknet_0_clk (net)
                      0.110779    0.002949    0.268699 ^ clkbuf_4_10_0_clk/A (sky130_fd_sc_hd__clkbuf_8)
    10    0.051793    0.100494    0.194865    0.463564 ^ clkbuf_4_10_0_clk/X (sky130_fd_sc_hd__clkbuf_8)
                                                         clknet_4_10_0_clk (net)
                      0.100508    0.001210    0.464774 ^ _3024_/CLK (sky130_fd_sc_hd__dfrtp_1)
                                  0.500000    0.964774   clock uncertainty
                                  0.000000    0.964774   clock reconvergence pessimism
                                 -0.026456    0.938317   library hold time
                                              0.938317   data required time
---------------------------------------------------------------------------------------------
                                              0.938317   data required time
                                             -1.547320   data arrival time
---------------------------------------------------------------------------------------------
                                              0.609003   slack (MET)


Startpoint: _3113_ (rising edge-triggered flip-flop clocked by clk)
Endpoint: _3097_ (rising edge-triggered flip-flop clocked by clk)
Path Group: clk
Path Type: min

Fanout         Cap        Slew       Delay        Time   Description
---------------------------------------------------------------------------------------------
                                  0.000000    0.000000   clock clk (rise edge)
                                  0.000000    0.000000   clock source latency
     1    0.020000    0.095779    0.066087    0.066087 ^ clk (in)
                                                         clk (net)
                      0.095805    0.000000    0.066087 ^ clkbuf_0_clk/A (sky130_fd_sc_hd__clkbuf_16)
    16    0.094658    0.110614    0.199662    0.265749 ^ clkbuf_0_clk/X (sky130_fd_sc_hd__clkbuf_16)
                                                         clknet_0_clk (net)
                      0.110752    0.002595    0.268344 ^ clkbuf_4_7_0_clk/A (sky130_fd_sc_hd__clkbuf_8)
    17    0.062819    0.118024    0.207981    0.476324 ^ clkbuf_4_7_0_clk/X (sky130_fd_sc_hd__clkbuf_8)
                                                         clknet_4_7_0_clk (net)
                      0.118080    0.002390    0.478714 ^ _3113_/CLK (sky130_fd_sc_hd__dfrtp_1)
     2    0.006048    0.069917    0.364156    0.842870 ^ _3113_/Q (sky130_fd_sc_hd__dfrtp_1)
                                                         shift_in[2] (net)
                      0.069917    0.000223    0.843092 ^ hold162/A (sky130_fd_sc_hd__dlygate4sd3_1)
     3    0.007932    0.097991    0.582788    1.425881 ^ hold162/X (sky130_fd_sc_hd__dlygate4sd3_1)
                                                         net167 (net)
                      0.097991    0.000166    1.426047 ^ _2137_/A0 (sky130_fd_sc_hd__mux2_1)
     1    0.003391    0.045829    0.137354    1.563401 ^ _2137_/X (sky130_fd_sc_hd__mux2_1)
                                                         _0356_ (net)
                      0.045829    0.000089    1.563490 ^ _3097_/D (sky130_fd_sc_hd__dfrtp_4)
                                              1.563490   data arrival time

                                  0.000000    0.000000   clock clk (rise edge)
                                  0.000000    0.000000   clock source latency
     1    0.020000    0.095779    0.066087    0.066087 ^ clk (in)
                                                         clk (net)
                      0.095805    0.000000    0.066087 ^ clkbuf_0_clk/A (sky130_fd_sc_hd__clkbuf_16)
    16    0.094658    0.110614    0.199662    0.265749 ^ clkbuf_0_clk/X (sky130_fd_sc_hd__clkbuf_16)
                                                         clknet_0_clk (net)
                      0.110752    0.002595    0.268344 ^ clkbuf_4_7_0_clk/A (sky130_fd_sc_hd__clkbuf_8)
    17    0.062819    0.118024    0.207981    0.476324 ^ clkbuf_4_7_0_clk/X (sky130_fd_sc_hd__clkbuf_8)
                                                         clknet_4_7_0_clk (net)
                      0.118080    0.002399    0.478723 ^ _3097_/CLK (sky130_fd_sc_hd__dfrtp_4)
                                  0.500000    0.978723   clock uncertainty
                                  0.000000    0.978723   clock reconvergence pessimism
                                 -0.024951    0.953773   library hold time
                                              0.953773   data required time
---------------------------------------------------------------------------------------------
                                              0.953773   data required time
                                             -1.563490   data arrival time
---------------------------------------------------------------------------------------------
                                              0.609717   slack (MET)


Startpoint: _3025_ (rising edge-triggered flip-flop clocked by clk)
Endpoint: _3025_ (rising edge-triggered flip-flop clocked by clk)
Path Group: clk
Path Type: min

Fanout         Cap        Slew       Delay        Time   Description
---------------------------------------------------------------------------------------------
                                  0.000000    0.000000   clock clk (rise edge)
                                  0.000000    0.000000   clock source latency
     1    0.020000    0.095779    0.066087    0.066087 ^ clk (in)
                                                         clk (net)
                      0.095805    0.000000    0.066087 ^ clkbuf_0_clk/A (sky130_fd_sc_hd__clkbuf_16)
    16    0.094658    0.110614    0.199662    0.265749 ^ clkbuf_0_clk/X (sky130_fd_sc_hd__clkbuf_16)
                                                         clknet_0_clk (net)
                      0.110749    0.002556    0.268306 ^ clkbuf_4_9_0_clk/A (sky130_fd_sc_hd__clkbuf_8)
     7    0.054427    0.104678    0.197841    0.466146 ^ clkbuf_4_9_0_clk/X (sky130_fd_sc_hd__clkbuf_8)
                                                         clknet_4_9_0_clk (net)
                      0.104679    0.000618    0.466764 ^ _3025_/CLK (sky130_fd_sc_hd__dfrtp_1)
     1    0.003003    0.046700    0.337880    0.804644 ^ _3025_/Q (sky130_fd_sc_hd__dfrtp_1)
                                                         my_sum_sub.result[8] (net)
                      0.046700    0.000076    0.804720 ^ hold165/A (sky130_fd_sc_hd__dlygate4sd3_1)
     2    0.010377    0.119316    0.593294    1.398014 ^ hold165/X (sky130_fd_sc_hd__dlygate4sd3_1)
                                                         net170 (net)
                      0.119316    0.000269    1.398283 ^ _2667_/A2 (sky130_fd_sc_hd__a22o_1)
     1    0.003917    0.052552    0.156961    1.555244 ^ _2667_/X (sky130_fd_sc_hd__a22o_1)
                                                         _0284_ (net)
                      0.052552    0.000146    1.555390 ^ _3025_/D (sky130_fd_sc_hd__dfrtp_1)
                                              1.555390   data arrival time

                                  0.000000    0.000000   clock clk (rise edge)
                                  0.000000    0.000000   clock source latency
     1    0.020000    0.095779    0.066087    0.066087 ^ clk (in)
                                                         clk (net)
                      0.095805    0.000000    0.066087 ^ clkbuf_0_clk/A (sky130_fd_sc_hd__clkbuf_16)
    16    0.094658    0.110614    0.199662    0.265749 ^ clkbuf_0_clk/X (sky130_fd_sc_hd__clkbuf_16)
                                                         clknet_0_clk (net)
                      0.110749    0.002556    0.268306 ^ clkbuf_4_9_0_clk/A (sky130_fd_sc_hd__clkbuf_8)
     7    0.054427    0.104678    0.197841    0.466146 ^ clkbuf_4_9_0_clk/X (sky130_fd_sc_hd__clkbuf_8)
                                                         clknet_4_9_0_clk (net)
                      0.104679    0.000618    0.466764 ^ _3025_/CLK (sky130_fd_sc_hd__dfrtp_1)
                                  0.500000    0.966764   clock uncertainty
                                  0.000000    0.966764   clock reconvergence pessimism
                                 -0.028181    0.938583   library hold time
                                              0.938583   data required time
---------------------------------------------------------------------------------------------
                                              0.938583   data required time
                                             -1.555390   data arrival time
---------------------------------------------------------------------------------------------
                                              0.616807   slack (MET)


Startpoint: _3076_ (rising edge-triggered flip-flop clocked by clk)
Endpoint: _3076_ (rising edge-triggered flip-flop clocked by clk)
Path Group: clk
Path Type: min

Fanout         Cap        Slew       Delay        Time   Description
---------------------------------------------------------------------------------------------
                                  0.000000    0.000000   clock clk (rise edge)
                                  0.000000    0.000000   clock source latency
     1    0.020000    0.095779    0.066087    0.066087 ^ clk (in)
                                                         clk (net)
                      0.095805    0.000000    0.066087 ^ clkbuf_0_clk/A (sky130_fd_sc_hd__clkbuf_16)
    16    0.094658    0.110614    0.199662    0.265749 ^ clkbuf_0_clk/X (sky130_fd_sc_hd__clkbuf_16)
                                                         clknet_0_clk (net)
                      0.110767    0.002795    0.268544 ^ clkbuf_4_11_0_clk/A (sky130_fd_sc_hd__clkbuf_8)
    13    0.055869    0.107200    0.200015    0.468559 ^ clkbuf_4_11_0_clk/X (sky130_fd_sc_hd__clkbuf_8)
                                                         clknet_4_11_0_clk (net)
                      0.107208    0.001004    0.469563 ^ _3076_/CLK (sky130_fd_sc_hd__dfrtp_2)
     6    0.022220    0.120642    0.430709    0.900271 ^ _3076_/Q (sky130_fd_sc_hd__dfrtp_2)
                                                         my_sum_sub.cm_exp[6] (net)
                      0.120644    0.000736    0.901007 ^ _2165_/A0 (sky130_fd_sc_hd__mux2_1)
     1    0.002079    0.035998    0.134677    1.035684 ^ _2165_/X (sky130_fd_sc_hd__mux2_1)
                                                         _0335_ (net)
                      0.035998    0.000044    1.035727 ^ hold115/A (sky130_fd_sc_hd__dlygate4sd3_1)
     1    0.002625    0.051414    0.530261    1.565989 ^ hold115/X (sky130_fd_sc_hd__dlygate4sd3_1)
                                                         net120 (net)
                      0.051414    0.000059    1.566048 ^ _3076_/D (sky130_fd_sc_hd__dfrtp_2)
                                              1.566048   data arrival time

                                  0.000000    0.000000   clock clk (rise edge)
                                  0.000000    0.000000   clock source latency
     1    0.020000    0.095779    0.066087    0.066087 ^ clk (in)
                                                         clk (net)
                      0.095805    0.000000    0.066087 ^ clkbuf_0_clk/A (sky130_fd_sc_hd__clkbuf_16)
    16    0.094658    0.110614    0.199662    0.265749 ^ clkbuf_0_clk/X (sky130_fd_sc_hd__clkbuf_16)
                                                         clknet_0_clk (net)
                      0.110767    0.002795    0.268544 ^ clkbuf_4_11_0_clk/A (sky130_fd_sc_hd__clkbuf_8)
    13    0.055869    0.107200    0.200015    0.468559 ^ clkbuf_4_11_0_clk/X (sky130_fd_sc_hd__clkbuf_8)
                                                         clknet_4_11_0_clk (net)
                      0.107208    0.001004    0.469563 ^ _3076_/CLK (sky130_fd_sc_hd__dfrtp_2)
                                  0.500000    0.969563   clock uncertainty
                                  0.000000    0.969563   clock reconvergence pessimism
                                 -0.027495    0.942068   library hold time
                                              0.942068   data required time
---------------------------------------------------------------------------------------------
                                              0.942068   data required time
                                             -1.566048   data arrival time
---------------------------------------------------------------------------------------------
                                              0.623980   slack (MET)


Startpoint: _3127_ (rising edge-triggered flip-flop clocked by clk)
Endpoint: _3078_ (rising edge-triggered flip-flop clocked by clk)
Path Group: clk
Path Type: min

Fanout         Cap        Slew       Delay        Time   Description
---------------------------------------------------------------------------------------------
                                  0.000000    0.000000   clock clk (rise edge)
                                  0.000000    0.000000   clock source latency
     1    0.020000    0.095779    0.066087    0.066087 ^ clk (in)
                                                         clk (net)
                      0.095805    0.000000    0.066087 ^ clkbuf_0_clk/A (sky130_fd_sc_hd__clkbuf_16)
    16    0.094658    0.110614    0.199662    0.265749 ^ clkbuf_0_clk/X (sky130_fd_sc_hd__clkbuf_16)
                                                         clknet_0_clk (net)
                      0.110669    0.002310    0.268059 ^ clkbuf_4_6_0_clk/A (sky130_fd_sc_hd__clkbuf_8)
    12    0.053868    0.103792    0.197120    0.465179 ^ clkbuf_4_6_0_clk/X (sky130_fd_sc_hd__clkbuf_8)
                                                         clknet_4_6_0_clk (net)
                      0.103831    0.001894    0.467073 ^ _3127_/CLK (sky130_fd_sc_hd__dfrtp_1)
     2    0.013703    0.130597    0.407448    0.874521 ^ _3127_/Q (sky130_fd_sc_hd__dfrtp_1)
                                                         shift_out[0] (net)
                      0.130597    0.000400    0.874921 ^ _2163_/A1 (sky130_fd_sc_hd__a32o_1)
     1    0.003452    0.054057    0.174222    1.049143 ^ _2163_/X (sky130_fd_sc_hd__a32o_1)
                                                         _0337_ (net)
                      0.054057    0.000122    1.049264 ^ hold200/A (sky130_fd_sc_hd__dlygate4sd3_1)
     1    0.002212    0.048163    0.532215    1.581479 ^ hold200/X (sky130_fd_sc_hd__dlygate4sd3_1)
                                                         net205 (net)
                      0.048163    0.000043    1.581522 ^ _3078_/D (sky130_fd_sc_hd__dfrtp_1)
                                              1.581522   data arrival time

                                  0.000000    0.000000   clock clk (rise edge)
                                  0.000000    0.000000   clock source latency
     1    0.020000    0.095779    0.066087    0.066087 ^ clk (in)
                                                         clk (net)
                      0.095805    0.000000    0.066087 ^ clkbuf_0_clk/A (sky130_fd_sc_hd__clkbuf_16)
    16    0.094658    0.110614    0.199662    0.265749 ^ clkbuf_0_clk/X (sky130_fd_sc_hd__clkbuf_16)
                                                         clknet_0_clk (net)
                      0.110815    0.003356    0.269105 ^ clkbuf_4_0_0_clk/A (sky130_fd_sc_hd__clkbuf_8)
    24    0.065579    0.123215    0.209510    0.478615 ^ clkbuf_4_0_0_clk/X (sky130_fd_sc_hd__clkbuf_8)
                                                         clknet_4_0_0_clk (net)
                      0.123294    0.002599    0.481215 ^ _3078_/CLK (sky130_fd_sc_hd__dfrtp_1)
                                  0.500000    0.981214   clock uncertainty
                                  0.000000    0.981214   clock reconvergence pessimism
                                 -0.024722    0.956492   library hold time
                                              0.956492   data required time
---------------------------------------------------------------------------------------------
                                              0.956492   data required time
                                             -1.581522   data arrival time
---------------------------------------------------------------------------------------------
                                              0.625030   slack (MET)


Startpoint: _3153_ (rising edge-triggered flip-flop clocked by clk)
Endpoint: _3162_ (rising edge-triggered flip-flop clocked by clk)
Path Group: clk
Path Type: min

Fanout         Cap        Slew       Delay        Time   Description
---------------------------------------------------------------------------------------------
                                  0.000000    0.000000   clock clk (rise edge)
                                  0.000000    0.000000   clock source latency
     1    0.020000    0.095779    0.066087    0.066087 ^ clk (in)
                                                         clk (net)
                      0.095805    0.000000    0.066087 ^ clkbuf_0_clk/A (sky130_fd_sc_hd__clkbuf_16)
    16    0.094658    0.110614    0.199662    0.265749 ^ clkbuf_0_clk/X (sky130_fd_sc_hd__clkbuf_16)
                                                         clknet_0_clk (net)
                      0.110815    0.003356    0.269105 ^ clkbuf_4_0_0_clk/A (sky130_fd_sc_hd__clkbuf_8)
    24    0.065579    0.123215    0.209510    0.478615 ^ clkbuf_4_0_0_clk/X (sky130_fd_sc_hd__clkbuf_8)
                                                         clknet_4_0_0_clk (net)
                      0.123258    0.001928    0.480543 ^ _3153_/CLK (sky130_fd_sc_hd__dfrtp_1)
     1    0.002165    0.040108    0.337832    0.818375 ^ _3153_/Q (sky130_fd_sc_hd__dfrtp_1)
                                                         state[1] (net)
                      0.040108    0.000045    0.818420 ^ hold177/A (sky130_fd_sc_hd__dlygate4sd3_1)
     4    0.010358    0.119078    0.591091    1.409511 ^ hold177/X (sky130_fd_sc_hd__dlygate4sd3_1)
                                                         net182 (net)
                      0.119078    0.000189    1.409700 ^ _2804_/C (sky130_fd_sc_hd__and3b_1)
     1    0.003305    0.054041    0.171463    1.581164 ^ _2804_/X (sky130_fd_sc_hd__and3b_1)
                                                         _0002_ (net)
                      0.054041    0.000085    1.581249 ^ _3162_/D (sky130_fd_sc_hd__dfrtp_1)
                                              1.581249   data arrival time

                                  0.000000    0.000000   clock clk (rise edge)
                                  0.000000    0.000000   clock source latency
     1    0.020000    0.095779    0.066087    0.066087 ^ clk (in)
                                                         clk (net)
                      0.095805    0.000000    0.066087 ^ clkbuf_0_clk/A (sky130_fd_sc_hd__clkbuf_16)
    16    0.094658    0.110614    0.199662    0.265749 ^ clkbuf_0_clk/X (sky130_fd_sc_hd__clkbuf_16)
                                                         clknet_0_clk (net)
                      0.110799    0.003186    0.268935 ^ clkbuf_4_2_0_clk/A (sky130_fd_sc_hd__clkbuf_8)
    18    0.064744    0.121094    0.210168    0.479103 ^ clkbuf_4_2_0_clk/X (sky130_fd_sc_hd__clkbuf_8)
                                                         clknet_4_2_0_clk (net)
                      0.121101    0.001083    0.480186 ^ _3162_/CLK (sky130_fd_sc_hd__dfrtp_1)
                                  0.500000    0.980186   clock uncertainty
                                  0.000000    0.980186   clock reconvergence pessimism
                                 -0.026243    0.953943   library hold time
                                              0.953943   data required time
---------------------------------------------------------------------------------------------
                                              0.953943   data required time
                                             -1.581249   data arrival time
---------------------------------------------------------------------------------------------
                                              0.627306   slack (MET)


Startpoint: _3075_ (rising edge-triggered flip-flop clocked by clk)
Endpoint: _3075_ (rising edge-triggered flip-flop clocked by clk)
Path Group: clk
Path Type: min

Fanout         Cap        Slew       Delay        Time   Description
---------------------------------------------------------------------------------------------
                                  0.000000    0.000000   clock clk (rise edge)
                                  0.000000    0.000000   clock source latency
     1    0.020000    0.095779    0.066087    0.066087 ^ clk (in)
                                                         clk (net)
                      0.095805    0.000000    0.066087 ^ clkbuf_0_clk/A (sky130_fd_sc_hd__clkbuf_16)
    16    0.094658    0.110614    0.199662    0.265749 ^ clkbuf_0_clk/X (sky130_fd_sc_hd__clkbuf_16)
                                                         clknet_0_clk (net)
                      0.110767    0.002795    0.268544 ^ clkbuf_4_11_0_clk/A (sky130_fd_sc_hd__clkbuf_8)
    13    0.055869    0.107200    0.200015    0.468559 ^ clkbuf_4_11_0_clk/X (sky130_fd_sc_hd__clkbuf_8)
                                                         clknet_4_11_0_clk (net)
                      0.107209    0.001062    0.469621 ^ _3075_/CLK (sky130_fd_sc_hd__dfrtp_1)
     4    0.014818    0.139786    0.415350    0.884971 ^ _3075_/Q (sky130_fd_sc_hd__dfrtp_1)
                                                         my_sum_sub.cm_exp[5] (net)
                      0.139786    0.000403    0.885375 ^ _2166_/A0 (sky130_fd_sc_hd__mux2_1)
     1    0.002420    0.038440    0.142241    1.027616 ^ _2166_/X (sky130_fd_sc_hd__mux2_1)
                                                         _0334_ (net)
                      0.038440    0.000053    1.027669 ^ hold113/A (sky130_fd_sc_hd__dlygate4sd3_1)
     1    0.003782    0.061811    0.541241    1.568910 ^ hold113/X (sky130_fd_sc_hd__dlygate4sd3_1)
                                                         net118 (net)
                      0.061811    0.000137    1.569047 ^ _3075_/D (sky130_fd_sc_hd__dfrtp_1)
                                              1.569047   data arrival time

                                  0.000000    0.000000   clock clk (rise edge)
                                  0.000000    0.000000   clock source latency
     1    0.020000    0.095779    0.066087    0.066087 ^ clk (in)
                                                         clk (net)
                      0.095805    0.000000    0.066087 ^ clkbuf_0_clk/A (sky130_fd_sc_hd__clkbuf_16)
    16    0.094658    0.110614    0.199662    0.265749 ^ clkbuf_0_clk/X (sky130_fd_sc_hd__clkbuf_16)
                                                         clknet_0_clk (net)
                      0.110767    0.002795    0.268544 ^ clkbuf_4_11_0_clk/A (sky130_fd_sc_hd__clkbuf_8)
    13    0.055869    0.107200    0.200015    0.468559 ^ clkbuf_4_11_0_clk/X (sky130_fd_sc_hd__clkbuf_8)
                                                         clknet_4_11_0_clk (net)
                      0.107209    0.001062    0.469621 ^ _3075_/CLK (sky130_fd_sc_hd__dfrtp_1)
                                  0.500000    0.969621   clock uncertainty
                                  0.000000    0.969621   clock reconvergence pessimism
                                 -0.029761    0.939861   library hold time
                                              0.939861   data required time
---------------------------------------------------------------------------------------------
                                              0.939861   data required time
                                             -1.569047   data arrival time
---------------------------------------------------------------------------------------------
                                              0.629187   slack (MET)


Startpoint: _3153_ (rising edge-triggered flip-flop clocked by clk)
Endpoint: _3164_ (rising edge-triggered flip-flop clocked by clk)
Path Group: clk
Path Type: min

Fanout         Cap        Slew       Delay        Time   Description
---------------------------------------------------------------------------------------------
                                  0.000000    0.000000   clock clk (rise edge)
                                  0.000000    0.000000   clock source latency
     1    0.020000    0.095779    0.066087    0.066087 ^ clk (in)
                                                         clk (net)
                      0.095805    0.000000    0.066087 ^ clkbuf_0_clk/A (sky130_fd_sc_hd__clkbuf_16)
    16    0.094658    0.110614    0.199662    0.265749 ^ clkbuf_0_clk/X (sky130_fd_sc_hd__clkbuf_16)
                                                         clknet_0_clk (net)
                      0.110815    0.003356    0.269105 ^ clkbuf_4_0_0_clk/A (sky130_fd_sc_hd__clkbuf_8)
    24    0.065579    0.123215    0.209510    0.478615 ^ clkbuf_4_0_0_clk/X (sky130_fd_sc_hd__clkbuf_8)
                                                         clknet_4_0_0_clk (net)
                      0.123258    0.001928    0.480543 ^ _3153_/CLK (sky130_fd_sc_hd__dfrtp_1)
     1    0.002165    0.040108    0.337832    0.818375 ^ _3153_/Q (sky130_fd_sc_hd__dfrtp_1)
                                                         state[1] (net)
                      0.040108    0.000045    0.818420 ^ hold177/A (sky130_fd_sc_hd__dlygate4sd3_1)
     4    0.010358    0.119078    0.591091    1.409511 ^ hold177/X (sky130_fd_sc_hd__dlygate4sd3_1)
                                                         net182 (net)
                      0.119078    0.000167    1.409678 ^ _2802_/B (sky130_fd_sc_hd__and3_1)
     1    0.004611    0.064552    0.176103    1.585781 ^ _2802_/X (sky130_fd_sc_hd__and3_1)
                                                         _0000_ (net)
                      0.064552    0.000190    1.585971 ^ _3164_/D (sky130_fd_sc_hd__dfrtp_1)
                                              1.585971   data arrival time

                                  0.000000    0.000000   clock clk (rise edge)
                                  0.000000    0.000000   clock source latency
     1    0.020000    0.095779    0.066087    0.066087 ^ clk (in)
                                                         clk (net)
                      0.095805    0.000000    0.066087 ^ clkbuf_0_clk/A (sky130_fd_sc_hd__clkbuf_16)
    16    0.094658    0.110614    0.199662    0.265749 ^ clkbuf_0_clk/X (sky130_fd_sc_hd__clkbuf_16)
                                                         clknet_0_clk (net)
                      0.110815    0.003356    0.269105 ^ clkbuf_4_0_0_clk/A (sky130_fd_sc_hd__clkbuf_8)
    24    0.065579    0.123215    0.209510    0.478615 ^ clkbuf_4_0_0_clk/X (sky130_fd_sc_hd__clkbuf_8)
                                                         clknet_4_0_0_clk (net)
                      0.123333    0.003162    0.481777 ^ _3164_/CLK (sky130_fd_sc_hd__dfrtp_1)
                                  0.500000    0.981777   clock uncertainty
                                  0.000000    0.981777   clock reconvergence pessimism
                                 -0.028120    0.953657   library hold time
                                              0.953657   data required time
---------------------------------------------------------------------------------------------
                                              0.953657   data required time
                                             -1.585971   data arrival time
---------------------------------------------------------------------------------------------
                                              0.632314   slack (MET)


Startpoint: _3107_ (rising edge-triggered flip-flop clocked by clk)
Endpoint: _3107_ (rising edge-triggered flip-flop clocked by clk)
Path Group: clk
Path Type: min

Fanout         Cap        Slew       Delay        Time   Description
---------------------------------------------------------------------------------------------
                                  0.000000    0.000000   clock clk (rise edge)
                                  0.000000    0.000000   clock source latency
     1    0.020000    0.095779    0.066087    0.066087 ^ clk (in)
                                                         clk (net)
                      0.095805    0.000000    0.066087 ^ clkbuf_0_clk/A (sky130_fd_sc_hd__clkbuf_16)
    16    0.094658    0.110614    0.199662    0.265749 ^ clkbuf_0_clk/X (sky130_fd_sc_hd__clkbuf_16)
                                                         clknet_0_clk (net)
                      0.110751    0.002584    0.268334 ^ clkbuf_4_4_0_clk/A (sky130_fd_sc_hd__clkbuf_8)
    11    0.055333    0.106119    0.198941    0.467275 ^ clkbuf_4_4_0_clk/X (sky130_fd_sc_hd__clkbuf_8)
                                                         clknet_4_4_0_clk (net)
                      0.106139    0.001451    0.468726 ^ _3107_/CLK (sky130_fd_sc_hd__dfrtp_2)
     6    0.021349    0.116781    0.427489    0.896215 ^ _3107_/Q (sky130_fd_sc_hd__dfrtp_2)
                                                         my_mul.x2[12] (net)
                      0.116781    0.000268    0.896484 ^ _2127_/A1 (sky130_fd_sc_hd__mux2_1)
     1    0.003651    0.047814    0.148181    1.044664 ^ _2127_/X (sky130_fd_sc_hd__mux2_1)
                                                         _0203_ (net)
                      0.047814    0.000126    1.044791 ^ hold81/A (sky130_fd_sc_hd__dlygate4sd3_1)
     1    0.002287    0.048697    0.530929    1.575720 ^ hold81/X (sky130_fd_sc_hd__dlygate4sd3_1)
                                                         net86 (net)
                      0.048697    0.000047    1.575767 ^ _3107_/D (sky130_fd_sc_hd__dfrtp_2)
                                              1.575767   data arrival time

                                  0.000000    0.000000   clock clk (rise edge)
                                  0.000000    0.000000   clock source latency
     1    0.020000    0.095779    0.066087    0.066087 ^ clk (in)
                                                         clk (net)
                      0.095805    0.000000    0.066087 ^ clkbuf_0_clk/A (sky130_fd_sc_hd__clkbuf_16)
    16    0.094658    0.110614    0.199662    0.265749 ^ clkbuf_0_clk/X (sky130_fd_sc_hd__clkbuf_16)
                                                         clknet_0_clk (net)
                      0.110751    0.002584    0.268334 ^ clkbuf_4_4_0_clk/A (sky130_fd_sc_hd__clkbuf_8)
    11    0.055333    0.106119    0.198941    0.467275 ^ clkbuf_4_4_0_clk/X (sky130_fd_sc_hd__clkbuf_8)
                                                         clknet_4_4_0_clk (net)
                      0.106139    0.001451    0.468726 ^ _3107_/CLK (sky130_fd_sc_hd__dfrtp_2)
                                  0.500000    0.968726   clock uncertainty
                                  0.000000    0.968726   clock reconvergence pessimism
                                 -0.027083    0.941643   library hold time
                                              0.941643   data required time
---------------------------------------------------------------------------------------------
                                              0.941643   data required time
                                             -1.575767   data arrival time
---------------------------------------------------------------------------------------------
                                              0.634124   slack (MET)


Startpoint: _3071_ (rising edge-triggered flip-flop clocked by clk)
Endpoint: _3071_ (rising edge-triggered flip-flop clocked by clk)
Path Group: clk
Path Type: min

Fanout         Cap        Slew       Delay        Time   Description
---------------------------------------------------------------------------------------------
                                  0.000000    0.000000   clock clk (rise edge)
                                  0.000000    0.000000   clock source latency
     1    0.020000    0.095779    0.066087    0.066087 ^ clk (in)
                                                         clk (net)
                      0.095805    0.000000    0.066087 ^ clkbuf_0_clk/A (sky130_fd_sc_hd__clkbuf_16)
    16    0.094658    0.110614    0.199662    0.265749 ^ clkbuf_0_clk/X (sky130_fd_sc_hd__clkbuf_16)
                                                         clknet_0_clk (net)
                      0.110825    0.003460    0.269209 ^ clkbuf_4_14_0_clk/A (sky130_fd_sc_hd__clkbuf_8)
    11    0.062213    0.117386    0.207506    0.476715 ^ clkbuf_4_14_0_clk/X (sky130_fd_sc_hd__clkbuf_8)
                                                         clknet_4_14_0_clk (net)
                      0.117399    0.001284    0.477999 ^ _3071_/CLK (sky130_fd_sc_hd__dfrtp_2)
     8    0.020763    0.114268    0.429624    0.907623 ^ _3071_/Q (sky130_fd_sc_hd__dfrtp_2)
                                                         my_sum_sub.cm_exp[1] (net)
                      0.114268    0.000550    0.908173 ^ _2170_/A0 (sky130_fd_sc_hd__mux2_1)
     1    0.003003    0.042830    0.139849    1.048023 ^ _2170_/X (sky130_fd_sc_hd__mux2_1)
                                                         _0330_ (net)
                      0.042830    0.000077    1.048100 ^ hold109/A (sky130_fd_sc_hd__dlygate4sd3_1)
     1    0.003247    0.056816    0.538333    1.586433 ^ hold109/X (sky130_fd_sc_hd__dlygate4sd3_1)
                                                         net114 (net)
                      0.056816    0.000110    1.586543 ^ _3071_/D (sky130_fd_sc_hd__dfrtp_2)
                                              1.586543   data arrival time

                                  0.000000    0.000000   clock clk (rise edge)
                                  0.000000    0.000000   clock source latency
     1    0.020000    0.095779    0.066087    0.066087 ^ clk (in)
                                                         clk (net)
                      0.095805    0.000000    0.066087 ^ clkbuf_0_clk/A (sky130_fd_sc_hd__clkbuf_16)
    16    0.094658    0.110614    0.199662    0.265749 ^ clkbuf_0_clk/X (sky130_fd_sc_hd__clkbuf_16)
                                                         clknet_0_clk (net)
                      0.110825    0.003460    0.269209 ^ clkbuf_4_14_0_clk/A (sky130_fd_sc_hd__clkbuf_8)
    11    0.062213    0.117386    0.207506    0.476715 ^ clkbuf_4_14_0_clk/X (sky130_fd_sc_hd__clkbuf_8)
                                                         clknet_4_14_0_clk (net)
                      0.117399    0.001284    0.477999 ^ _3071_/CLK (sky130_fd_sc_hd__dfrtp_2)
                                  0.500000    0.977999   clock uncertainty
                                  0.000000    0.977999   clock reconvergence pessimism
                                 -0.027210    0.950789   library hold time
                                              0.950789   data required time
---------------------------------------------------------------------------------------------
                                              0.950789   data required time
                                             -1.586543   data arrival time
---------------------------------------------------------------------------------------------
                                              0.635754   slack (MET)


Startpoint: _3162_ (rising edge-triggered flip-flop clocked by clk)
Endpoint: _3158_ (rising edge-triggered flip-flop clocked by clk)
Path Group: clk
Path Type: min

Fanout         Cap        Slew       Delay        Time   Description
---------------------------------------------------------------------------------------------
                                  0.000000    0.000000   clock clk (rise edge)
                                  0.000000    0.000000   clock source latency
     1    0.020000    0.095779    0.066087    0.066087 ^ clk (in)
                                                         clk (net)
                      0.095805    0.000000    0.066087 ^ clkbuf_0_clk/A (sky130_fd_sc_hd__clkbuf_16)
    16    0.094658    0.110614    0.199662    0.265749 ^ clkbuf_0_clk/X (sky130_fd_sc_hd__clkbuf_16)
                                                         clknet_0_clk (net)
                      0.110799    0.003186    0.268935 ^ clkbuf_4_2_0_clk/A (sky130_fd_sc_hd__clkbuf_8)
    18    0.064744    0.121094    0.210168    0.479103 ^ clkbuf_4_2_0_clk/X (sky130_fd_sc_hd__clkbuf_8)
                                                         clknet_4_2_0_clk (net)
                      0.121101    0.001083    0.480186 ^ _3162_/CLK (sky130_fd_sc_hd__dfrtp_1)
     2    0.008355    0.065639    0.411803    0.891989 v _3162_/Q (sky130_fd_sc_hd__dfrtp_1)
                                                         my_sum_sub.start (net)
                      0.065639    0.000313    0.892302 v _1506_/A (sky130_fd_sc_hd__inv_2)
     1    0.003594    0.029054    0.050797    0.943099 ^ _1506_/Y (sky130_fd_sc_hd__inv_2)
                                                         _1061_ (net)
                      0.029054    0.000124    0.943223 ^ _2801_/A2 (sky130_fd_sc_hd__a21o_1)
     1    0.002892    0.038236    0.098390    1.041613 ^ _2801_/X (sky130_fd_sc_hd__a21o_1)
                                                         _0006_ (net)
                      0.038236    0.000071    1.041684 ^ hold155/A (sky130_fd_sc_hd__dlygate4sd3_1)
     1    0.002990    0.054558    0.534424    1.576109 ^ hold155/X (sky130_fd_sc_hd__dlygate4sd3_1)
                                                         net160 (net)
                      0.054558    0.000067    1.576176 ^ _3158_/D (sky130_fd_sc_hd__dfstp_1)
                                              1.576176   data arrival time

                                  0.000000    0.000000   clock clk (rise edge)
                                  0.000000    0.000000   clock source latency
     1    0.020000    0.095779    0.066087    0.066087 ^ clk (in)
                                                         clk (net)
                      0.095805    0.000000    0.066087 ^ clkbuf_0_clk/A (sky130_fd_sc_hd__clkbuf_16)
    16    0.094658    0.110614    0.199662    0.265749 ^ clkbuf_0_clk/X (sky130_fd_sc_hd__clkbuf_16)
                                                         clknet_0_clk (net)
                      0.110793    0.003112    0.268861 ^ clkbuf_4_3_0_clk/A (sky130_fd_sc_hd__clkbuf_8)
    11    0.053966    0.104170    0.197711    0.466572 ^ clkbuf_4_3_0_clk/X (sky130_fd_sc_hd__clkbuf_8)
                                                         clknet_4_3_0_clk (net)
                      0.104175    0.000828    0.467400 ^ _3158_/CLK (sky130_fd_sc_hd__dfstp_1)
                                  0.500000    0.967400   clock uncertainty
                                  0.000000    0.967400   clock reconvergence pessimism
                                 -0.029418    0.937982   library hold time
                                              0.937982   data required time
---------------------------------------------------------------------------------------------
                                              0.937982   data required time
                                             -1.576176   data arrival time
---------------------------------------------------------------------------------------------
                                              0.638194   slack (MET)


Startpoint: _3104_ (rising edge-triggered flip-flop clocked by clk)
Endpoint: _3104_ (rising edge-triggered flip-flop clocked by clk)
Path Group: clk
Path Type: min

Fanout         Cap        Slew       Delay        Time   Description
---------------------------------------------------------------------------------------------
                                  0.000000    0.000000   clock clk (rise edge)
                                  0.000000    0.000000   clock source latency
     1    0.020000    0.095779    0.066087    0.066087 ^ clk (in)
                                                         clk (net)
                      0.095805    0.000000    0.066087 ^ clkbuf_0_clk/A (sky130_fd_sc_hd__clkbuf_16)
    16    0.094658    0.110614    0.199662    0.265749 ^ clkbuf_0_clk/X (sky130_fd_sc_hd__clkbuf_16)
                                                         clknet_0_clk (net)
                      0.110680    0.002494    0.268243 ^ clkbuf_4_5_0_clk/A (sky130_fd_sc_hd__clkbuf_8)
    10    0.056613    0.108440    0.200680    0.468923 ^ clkbuf_4_5_0_clk/X (sky130_fd_sc_hd__clkbuf_8)
                                                         clknet_4_5_0_clk (net)
                      0.108449    0.001063    0.469987 ^ _3104_/CLK (sky130_fd_sc_hd__dfrtp_2)
     6    0.022705    0.122804    0.432692    0.902679 ^ _3104_/Q (sky130_fd_sc_hd__dfrtp_2)
                                                         my_mul.x2[9] (net)
                      0.122804    0.000296    0.902975 ^ _2130_/A1 (sky130_fd_sc_hd__mux2_1)
     1    0.003886    0.049611    0.151747    1.054722 ^ _2130_/X (sky130_fd_sc_hd__mux2_1)
                                                         _0200_ (net)
                      0.049611    0.000137    1.054859 ^ hold77/A (sky130_fd_sc_hd__dlygate4sd3_1)
     1    0.002244    0.048388    0.531107    1.585965 ^ hold77/X (sky130_fd_sc_hd__dlygate4sd3_1)
                                                         net82 (net)
                      0.048388    0.000044    1.586009 ^ _3104_/D (sky130_fd_sc_hd__dfrtp_2)
                                              1.586009   data arrival time

                                  0.000000    0.000000   clock clk (rise edge)
                                  0.000000    0.000000   clock source latency
     1    0.020000    0.095779    0.066087    0.066087 ^ clk (in)
                                                         clk (net)
                      0.095805    0.000000    0.066087 ^ clkbuf_0_clk/A (sky130_fd_sc_hd__clkbuf_16)
    16    0.094658    0.110614    0.199662    0.265749 ^ clkbuf_0_clk/X (sky130_fd_sc_hd__clkbuf_16)
                                                         clknet_0_clk (net)
                      0.110680    0.002494    0.268243 ^ clkbuf_4_5_0_clk/A (sky130_fd_sc_hd__clkbuf_8)
    10    0.056613    0.108440    0.200680    0.468923 ^ clkbuf_4_5_0_clk/X (sky130_fd_sc_hd__clkbuf_8)
                                                         clknet_4_5_0_clk (net)
                      0.108449    0.001063    0.469987 ^ _3104_/CLK (sky130_fd_sc_hd__dfrtp_2)
                                  0.500000    0.969987   clock uncertainty
                                  0.000000    0.969987   clock reconvergence pessimism
                                 -0.026703    0.943283   library hold time
                                              0.943283   data required time
---------------------------------------------------------------------------------------------
                                              0.943283   data required time
                                             -1.586009   data arrival time
---------------------------------------------------------------------------------------------
                                              0.642726   slack (MET)


Startpoint: _3117_ (rising edge-triggered flip-flop clocked by clk)
Endpoint: _3117_ (rising edge-triggered flip-flop clocked by clk)
Path Group: clk
Path Type: min

Fanout         Cap        Slew       Delay        Time   Description
---------------------------------------------------------------------------------------------
                                  0.000000    0.000000   clock clk (rise edge)
                                  0.000000    0.000000   clock source latency
     1    0.020000    0.095779    0.066087    0.066087 ^ clk (in)
                                                         clk (net)
                      0.095805    0.000000    0.066087 ^ clkbuf_0_clk/A (sky130_fd_sc_hd__clkbuf_16)
    16    0.094658    0.110614    0.199662    0.265749 ^ clkbuf_0_clk/X (sky130_fd_sc_hd__clkbuf_16)
                                                         clknet_0_clk (net)
                      0.110815    0.003356    0.269105 ^ clkbuf_4_0_0_clk/A (sky130_fd_sc_hd__clkbuf_8)
    24    0.065579    0.123215    0.209510    0.478615 ^ clkbuf_4_0_0_clk/X (sky130_fd_sc_hd__clkbuf_8)
                                                         clknet_4_0_0_clk (net)
                      0.123627    0.005783    0.484399 ^ _3117_/CLK (sky130_fd_sc_hd__dfrtp_1)
     1    0.003020    0.046822    0.345008    0.829406 ^ _3117_/Q (sky130_fd_sc_hd__dfrtp_1)
                                                         shift_in[6] (net)
                      0.046822    0.000100    0.829506 ^ hold234/A (sky130_fd_sc_hd__dlygate4sd3_1)
     5    0.015216    0.163960    0.626519    1.456025 ^ hold234/X (sky130_fd_sc_hd__dlygate4sd3_1)
                                                         net239 (net)
                      0.163960    0.000464    1.456489 ^ _2114_/A1 (sky130_fd_sc_hd__mux2_1)
     1    0.002529    0.039372    0.151587    1.608077 ^ _2114_/X (sky130_fd_sc_hd__mux2_1)
                                                         _0213_ (net)
                      0.039372    0.000056    1.608132 ^ _3117_/D (sky130_fd_sc_hd__dfrtp_1)
                                              1.608132   data arrival time

                                  0.000000    0.000000   clock clk (rise edge)
                                  0.000000    0.000000   clock source latency
     1    0.020000    0.095779    0.066087    0.066087 ^ clk (in)
                                                         clk (net)
                      0.095805    0.000000    0.066087 ^ clkbuf_0_clk/A (sky130_fd_sc_hd__clkbuf_16)
    16    0.094658    0.110614    0.199662    0.265749 ^ clkbuf_0_clk/X (sky130_fd_sc_hd__clkbuf_16)
                                                         clknet_0_clk (net)
                      0.110815    0.003356    0.269105 ^ clkbuf_4_0_0_clk/A (sky130_fd_sc_hd__clkbuf_8)
    24    0.065579    0.123215    0.209510    0.478615 ^ clkbuf_4_0_0_clk/X (sky130_fd_sc_hd__clkbuf_8)
                                                         clknet_4_0_0_clk (net)
                      0.123627    0.005783    0.484399 ^ _3117_/CLK (sky130_fd_sc_hd__dfrtp_1)
                                  0.500000    0.984399   clock uncertainty
                                  0.000000    0.984399   clock reconvergence pessimism
                                 -0.022852    0.961547   library hold time
                                              0.961547   data required time
---------------------------------------------------------------------------------------------
                                              0.961547   data required time
                                             -1.608132   data arrival time
---------------------------------------------------------------------------------------------
                                              0.646585   slack (MET)


Startpoint: _3117_ (rising edge-triggered flip-flop clocked by clk)
Endpoint: _3116_ (rising edge-triggered flip-flop clocked by clk)
Path Group: clk
Path Type: min

Fanout         Cap        Slew       Delay        Time   Description
---------------------------------------------------------------------------------------------
                                  0.000000    0.000000   clock clk (rise edge)
                                  0.000000    0.000000   clock source latency
     1    0.020000    0.095779    0.066087    0.066087 ^ clk (in)
                                                         clk (net)
                      0.095805    0.000000    0.066087 ^ clkbuf_0_clk/A (sky130_fd_sc_hd__clkbuf_16)
    16    0.094658    0.110614    0.199662    0.265749 ^ clkbuf_0_clk/X (sky130_fd_sc_hd__clkbuf_16)
                                                         clknet_0_clk (net)
                      0.110815    0.003356    0.269105 ^ clkbuf_4_0_0_clk/A (sky130_fd_sc_hd__clkbuf_8)
    24    0.065579    0.123215    0.209510    0.478615 ^ clkbuf_4_0_0_clk/X (sky130_fd_sc_hd__clkbuf_8)
                                                         clknet_4_0_0_clk (net)
                      0.123627    0.005783    0.484399 ^ _3117_/CLK (sky130_fd_sc_hd__dfrtp_1)
     1    0.003020    0.046822    0.345008    0.829406 ^ _3117_/Q (sky130_fd_sc_hd__dfrtp_1)
                                                         shift_in[6] (net)
                      0.046822    0.000100    0.829506 ^ hold234/A (sky130_fd_sc_hd__dlygate4sd3_1)
     5    0.015216    0.163960    0.626519    1.456025 ^ hold234/X (sky130_fd_sc_hd__dlygate4sd3_1)
                                                         net239 (net)
                      0.163960    0.000488    1.456513 ^ _2115_/A0 (sky130_fd_sc_hd__mux2_1)
     1    0.002412    0.038513    0.148054    1.604567 ^ _2115_/X (sky130_fd_sc_hd__mux2_1)
                                                         _0212_ (net)
                      0.038514    0.000052    1.604619 ^ _3116_/D (sky130_fd_sc_hd__dfrtp_2)
                                              1.604619   data arrival time

                                  0.000000    0.000000   clock clk (rise edge)
                                  0.000000    0.000000   clock source latency
     1    0.020000    0.095779    0.066087    0.066087 ^ clk (in)
                                                         clk (net)
                      0.095805    0.000000    0.066087 ^ clkbuf_0_clk/A (sky130_fd_sc_hd__clkbuf_16)
    16    0.094658    0.110614    0.199662    0.265749 ^ clkbuf_0_clk/X (sky130_fd_sc_hd__clkbuf_16)
                                                         clknet_0_clk (net)
                      0.110817    0.003381    0.269130 ^ clkbuf_4_1_0_clk/A (sky130_fd_sc_hd__clkbuf_8)
    16    0.063469    0.119051    0.208820    0.477950 ^ clkbuf_4_1_0_clk/X (sky130_fd_sc_hd__clkbuf_8)
                                                         clknet_4_1_0_clk (net)
                      0.119074    0.001670    0.479620 ^ _3116_/CLK (sky130_fd_sc_hd__dfrtp_2)
                                  0.500000    0.979620   clock uncertainty
                                  0.000000    0.979620   clock reconvergence pessimism
                                 -0.023224    0.956396   library hold time
                                              0.956396   data required time
---------------------------------------------------------------------------------------------
                                              0.956396   data required time
                                             -1.604619   data arrival time
---------------------------------------------------------------------------------------------
                                              0.648223   slack (MET)


Startpoint: _3138_ (rising edge-triggered flip-flop clocked by clk)
Endpoint: _3137_ (rising edge-triggered flip-flop clocked by clk)
Path Group: clk
Path Type: min

Fanout         Cap        Slew       Delay        Time   Description
---------------------------------------------------------------------------------------------
                                  0.000000    0.000000   clock clk (rise edge)
                                  0.000000    0.000000   clock source latency
     1    0.020000    0.095779    0.066087    0.066087 ^ clk (in)
                                                         clk (net)
                      0.095805    0.000000    0.066087 ^ clkbuf_0_clk/A (sky130_fd_sc_hd__clkbuf_16)
    16    0.094658    0.110614    0.199662    0.265749 ^ clkbuf_0_clk/X (sky130_fd_sc_hd__clkbuf_16)
                                                         clknet_0_clk (net)
                      0.110751    0.002584    0.268334 ^ clkbuf_4_4_0_clk/A (sky130_fd_sc_hd__clkbuf_8)
    11    0.055333    0.106119    0.198941    0.467275 ^ clkbuf_4_4_0_clk/X (sky130_fd_sc_hd__clkbuf_8)
                                                         clknet_4_4_0_clk (net)
                      0.106135    0.001344    0.468619 ^ _3138_/CLK (sky130_fd_sc_hd__dfrtp_1)
     2    0.006160    0.070794    0.360456    0.829075 ^ _3138_/Q (sky130_fd_sc_hd__dfrtp_1)
                                                         shift_out[11] (net)
                      0.070794    0.000194    0.829269 ^ _2035_/A1 (sky130_fd_sc_hd__a221o_1)
     1    0.003150    0.046423    0.140920    0.970190 ^ _2035_/X (sky130_fd_sc_hd__a221o_1)
                                                         _0440_ (net)
                      0.046423    0.000072    0.970261 ^ _2036_/B2 (sky130_fd_sc_hd__o22a_1)
     1    0.002470    0.038642    0.106013    1.076274 ^ _2036_/X (sky130_fd_sc_hd__o22a_1)
                                                         _0233_ (net)
                      0.038642    0.000056    1.076330 ^ hold52/A (sky130_fd_sc_hd__dlygate4sd3_1)
     1    0.003021    0.054815    0.534833    1.611163 ^ hold52/X (sky130_fd_sc_hd__dlygate4sd3_1)
                                                         net57 (net)
                      0.054815    0.000100    1.611263 ^ _3137_/D (sky130_fd_sc_hd__dfrtp_1)
                                              1.611263   data arrival time

                                  0.000000    0.000000   clock clk (rise edge)
                                  0.000000    0.000000   clock source latency
     1    0.020000    0.095779    0.066087    0.066087 ^ clk (in)
                                                         clk (net)
                      0.095805    0.000000    0.066087 ^ clkbuf_0_clk/A (sky130_fd_sc_hd__clkbuf_16)
    16    0.094658    0.110614    0.199662    0.265749 ^ clkbuf_0_clk/X (sky130_fd_sc_hd__clkbuf_16)
                                                         clknet_0_clk (net)
                      0.110752    0.002595    0.268344 ^ clkbuf_4_7_0_clk/A (sky130_fd_sc_hd__clkbuf_8)
    17    0.062819    0.118024    0.207981    0.476324 ^ clkbuf_4_7_0_clk/X (sky130_fd_sc_hd__clkbuf_8)
                                                         clknet_4_7_0_clk (net)
                      0.118040    0.001456    0.477780 ^ _3137_/CLK (sky130_fd_sc_hd__dfrtp_1)
                                  0.500000    0.977780   clock uncertainty
                                  0.000000    0.977780   clock reconvergence pessimism
                                 -0.026823    0.950957   library hold time
                                              0.950957   data required time
---------------------------------------------------------------------------------------------
                                              0.950957   data required time
                                             -1.611263   data arrival time
---------------------------------------------------------------------------------------------
                                              0.660306   slack (MET)


Startpoint: _3143_ (rising edge-triggered flip-flop clocked by clk)
Endpoint: _3144_ (rising edge-triggered flip-flop clocked by clk)
Path Group: clk
Path Type: min

Fanout         Cap        Slew       Delay        Time   Description
---------------------------------------------------------------------------------------------
                                  0.000000    0.000000   clock clk (rise edge)
                                  0.000000    0.000000   clock source latency
     1    0.020000    0.095779    0.066087    0.066087 ^ clk (in)
                                                         clk (net)
                      0.095805    0.000000    0.066087 ^ clkbuf_0_clk/A (sky130_fd_sc_hd__clkbuf_16)
    16    0.094658    0.110614    0.199662    0.265749 ^ clkbuf_0_clk/X (sky130_fd_sc_hd__clkbuf_16)
                                                         clknet_0_clk (net)
                      0.110815    0.003356    0.269105 ^ clkbuf_4_0_0_clk/A (sky130_fd_sc_hd__clkbuf_8)
    24    0.065579    0.123215    0.209510    0.478615 ^ clkbuf_4_0_0_clk/X (sky130_fd_sc_hd__clkbuf_8)
                                                         clknet_4_0_0_clk (net)
                      0.123524    0.005032    0.483648 ^ _3143_/CLK (sky130_fd_sc_hd__dfrtp_1)
     4    0.011107    0.109321    0.399038    0.882686 ^ _3143_/Q (sky130_fd_sc_hd__dfrtp_1)
                                                         bit_count[0] (net)
                      0.109321    0.000235    0.882921 ^ _1536_/A2 (sky130_fd_sc_hd__a21o_1)
     1    0.004084    0.044794    0.130491    1.013412 ^ _1536_/X (sky130_fd_sc_hd__a21o_1)
                                                         _1083_ (net)
                      0.044794    0.000152    1.013564 ^ _1537_/A2 (sky130_fd_sc_hd__a21oi_1)
     1    0.002851    0.028010    0.058455    1.072018 v _1537_/Y (sky130_fd_sc_hd__a21oi_1)
                                                         _0240_ (net)
                      0.028010    0.000071    1.072090 v hold184/A (sky130_fd_sc_hd__dlygate4sd3_1)
     1    0.002847    0.053449    0.541975    1.614064 v hold184/X (sky130_fd_sc_hd__dlygate4sd3_1)
                                                         net189 (net)
                      0.053449    0.000092    1.614156 v _3144_/D (sky130_fd_sc_hd__dfrtp_1)
                                              1.614156   data arrival time

                                  0.000000    0.000000   clock clk (rise edge)
                                  0.000000    0.000000   clock source latency
     1    0.020000    0.095779    0.066087    0.066087 ^ clk (in)
                                                         clk (net)
                      0.095805    0.000000    0.066087 ^ clkbuf_0_clk/A (sky130_fd_sc_hd__clkbuf_16)
    16    0.094658    0.110614    0.199662    0.265749 ^ clkbuf_0_clk/X (sky130_fd_sc_hd__clkbuf_16)
                                                         clknet_0_clk (net)
                      0.110815    0.003356    0.269105 ^ clkbuf_4_0_0_clk/A (sky130_fd_sc_hd__clkbuf_8)
    24    0.065579    0.123215    0.209510    0.478615 ^ clkbuf_4_0_0_clk/X (sky130_fd_sc_hd__clkbuf_8)
                                                         clknet_4_0_0_clk (net)
                      0.123474    0.004623    0.483238 ^ _3144_/CLK (sky130_fd_sc_hd__dfrtp_1)
                                  0.500000    0.983238   clock uncertainty
                                  0.000000    0.983238   clock reconvergence pessimism
                                 -0.031311    0.951927   library hold time
                                              0.951927   data required time
---------------------------------------------------------------------------------------------
                                              0.951927   data required time
                                             -1.614156   data arrival time
---------------------------------------------------------------------------------------------
                                              0.662230   slack (MET)


Startpoint: _3118_ (rising edge-triggered flip-flop clocked by clk)
Endpoint: _3102_ (rising edge-triggered flip-flop clocked by clk)
Path Group: clk
Path Type: min

Fanout         Cap        Slew       Delay        Time   Description
---------------------------------------------------------------------------------------------
                                  0.000000    0.000000   clock clk (rise edge)
                                  0.000000    0.000000   clock source latency
     1    0.020000    0.095779    0.066087    0.066087 ^ clk (in)
                                                         clk (net)
                      0.095805    0.000000    0.066087 ^ clkbuf_0_clk/A (sky130_fd_sc_hd__clkbuf_16)
    16    0.094658    0.110614    0.199662    0.265749 ^ clkbuf_0_clk/X (sky130_fd_sc_hd__clkbuf_16)
                                                         clknet_0_clk (net)
                      0.110680    0.002494    0.268243 ^ clkbuf_4_5_0_clk/A (sky130_fd_sc_hd__clkbuf_8)
    10    0.056613    0.108440    0.200680    0.468923 ^ clkbuf_4_5_0_clk/X (sky130_fd_sc_hd__clkbuf_8)
                                                         clknet_4_5_0_clk (net)
                      0.108456    0.001328    0.470252 ^ _3118_/CLK (sky130_fd_sc_hd__dfrtp_1)
     1    0.003059    0.047124    0.339738    0.809990 ^ _3118_/Q (sky130_fd_sc_hd__dfrtp_1)
                                                         shift_in[7] (net)
                      0.047124    0.000103    0.810093 ^ hold87/A (sky130_fd_sc_hd__dlygate4sd3_1)
     5    0.018894    0.198132    0.651728    1.461821 ^ hold87/X (sky130_fd_sc_hd__dlygate4sd3_1)
                                                         net92 (net)
                      0.198132    0.000433    1.462254 ^ _2132_/A0 (sky130_fd_sc_hd__mux2_1)
     1    0.002629    0.040018    0.158158    1.620412 ^ _2132_/X (sky130_fd_sc_hd__mux2_1)
                                                         _0198_ (net)
                      0.040018    0.000058    1.620471 ^ _3102_/D (sky130_fd_sc_hd__dfrtp_4)
                                              1.620471   data arrival time

                                  0.000000    0.000000   clock clk (rise edge)
                                  0.000000    0.000000   clock source latency
     1    0.020000    0.095779    0.066087    0.066087 ^ clk (in)
                                                         clk (net)
                      0.095805    0.000000    0.066087 ^ clkbuf_0_clk/A (sky130_fd_sc_hd__clkbuf_16)
    16    0.094658    0.110614    0.199662    0.265749 ^ clkbuf_0_clk/X (sky130_fd_sc_hd__clkbuf_16)
                                                         clknet_0_clk (net)
                      0.110752    0.002595    0.268344 ^ clkbuf_4_7_0_clk/A (sky130_fd_sc_hd__clkbuf_8)
    17    0.062819    0.118024    0.207981    0.476324 ^ clkbuf_4_7_0_clk/X (sky130_fd_sc_hd__clkbuf_8)
                                                         clknet_4_7_0_clk (net)
                      0.118039    0.001414    0.477739 ^ _3102_/CLK (sky130_fd_sc_hd__dfrtp_4)
                                  0.500000    0.977739   clock uncertainty
                                  0.000000    0.977739   clock reconvergence pessimism
                                 -0.023749    0.953990   library hold time
                                              0.953990   data required time
---------------------------------------------------------------------------------------------
                                              0.953990   data required time
                                             -1.620471   data arrival time
---------------------------------------------------------------------------------------------
                                              0.666481   slack (MET)


Startpoint: _3070_ (rising edge-triggered flip-flop clocked by clk)
Endpoint: _3070_ (rising edge-triggered flip-flop clocked by clk)
Path Group: clk
Path Type: min

Fanout         Cap        Slew       Delay        Time   Description
---------------------------------------------------------------------------------------------
                                  0.000000    0.000000   clock clk (rise edge)
                                  0.000000    0.000000   clock source latency
     1    0.020000    0.095779    0.066087    0.066087 ^ clk (in)
                                                         clk (net)
                      0.095805    0.000000    0.066087 ^ clkbuf_0_clk/A (sky130_fd_sc_hd__clkbuf_16)
    16    0.094658    0.110614    0.199662    0.265749 ^ clkbuf_0_clk/X (sky130_fd_sc_hd__clkbuf_16)
                                                         clknet_0_clk (net)
                      0.110825    0.003460    0.269209 ^ clkbuf_4_14_0_clk/A (sky130_fd_sc_hd__clkbuf_8)
    11    0.062213    0.117386    0.207506    0.476715 ^ clkbuf_4_14_0_clk/X (sky130_fd_sc_hd__clkbuf_8)
                                                         clknet_4_14_0_clk (net)
                      0.117400    0.001322    0.478037 ^ _3070_/CLK (sky130_fd_sc_hd__dfrtp_4)
     8    0.022883    0.096371    0.467729    0.945765 ^ _3070_/Q (sky130_fd_sc_hd__dfrtp_4)
                                                         my_sum_sub.cm_exp[0] (net)
                      0.096435    0.000648    0.946414 ^ _2171_/A0 (sky130_fd_sc_hd__mux2_1)
     1    0.003403    0.045887    0.136904    1.083317 ^ _2171_/X (sky130_fd_sc_hd__mux2_1)
                                                         _0329_ (net)
                      0.045887    0.000115    1.083432 ^ hold102/A (sky130_fd_sc_hd__dlygate4sd3_1)
     1    0.002755    0.052532    0.534714    1.618146 ^ hold102/X (sky130_fd_sc_hd__dlygate4sd3_1)
                                                         net107 (net)
                      0.052532    0.000064    1.618210 ^ _3070_/D (sky130_fd_sc_hd__dfrtp_4)
                                              1.618210   data arrival time

                                  0.000000    0.000000   clock clk (rise edge)
                                  0.000000    0.000000   clock source latency
     1    0.020000    0.095779    0.066087    0.066087 ^ clk (in)
                                                         clk (net)
                      0.095805    0.000000    0.066087 ^ clkbuf_0_clk/A (sky130_fd_sc_hd__clkbuf_16)
    16    0.094658    0.110614    0.199662    0.265749 ^ clkbuf_0_clk/X (sky130_fd_sc_hd__clkbuf_16)
                                                         clknet_0_clk (net)
                      0.110825    0.003460    0.269209 ^ clkbuf_4_14_0_clk/A (sky130_fd_sc_hd__clkbuf_8)
    11    0.062213    0.117386    0.207506    0.476715 ^ clkbuf_4_14_0_clk/X (sky130_fd_sc_hd__clkbuf_8)
                                                         clknet_4_14_0_clk (net)
                      0.117400    0.001322    0.478037 ^ _3070_/CLK (sky130_fd_sc_hd__dfrtp_4)
                                  0.500000    0.978037   clock uncertainty
                                  0.000000    0.978037   clock reconvergence pessimism
                                 -0.026436    0.951600   library hold time
                                              0.951600   data required time
---------------------------------------------------------------------------------------------
                                              0.951600   data required time
                                             -1.618210   data arrival time
---------------------------------------------------------------------------------------------
                                              0.666610   slack (MET)


Startpoint: _3154_ (rising edge-triggered flip-flop clocked by clk)
Endpoint: _3152_ (rising edge-triggered flip-flop clocked by clk)
Path Group: clk
Path Type: min

Fanout         Cap        Slew       Delay        Time   Description
---------------------------------------------------------------------------------------------
                                  0.000000    0.000000   clock clk (rise edge)
                                  0.000000    0.000000   clock source latency
     1    0.020000    0.095779    0.066087    0.066087 ^ clk (in)
                                                         clk (net)
                      0.095805    0.000000    0.066087 ^ clkbuf_0_clk/A (sky130_fd_sc_hd__clkbuf_16)
    16    0.094658    0.110614    0.199662    0.265749 ^ clkbuf_0_clk/X (sky130_fd_sc_hd__clkbuf_16)
                                                         clknet_0_clk (net)
                      0.110815    0.003356    0.269105 ^ clkbuf_4_0_0_clk/A (sky130_fd_sc_hd__clkbuf_8)
    24    0.065579    0.123215    0.209510    0.478615 ^ clkbuf_4_0_0_clk/X (sky130_fd_sc_hd__clkbuf_8)
                                                         clknet_4_0_0_clk (net)
                      0.123404    0.003970    0.482585 ^ _3154_/CLK (sky130_fd_sc_hd__dfrtp_1)
     4    0.013607    0.129827    0.413996    0.896582 ^ _3154_/Q (sky130_fd_sc_hd__dfrtp_1)
                                                         state[2] (net)
                      0.129827    0.000471    0.897052 ^ hold249/A (sky130_fd_sc_hd__dlygate4sd3_1)
     2    0.007657    0.095516    0.597311    1.494363 ^ hold249/X (sky130_fd_sc_hd__dlygate4sd3_1)
                                                         net254 (net)
                      0.095629    0.000283    1.494646 ^ _2800_/A1 (sky130_fd_sc_hd__a211o_1)
     1    0.004180    0.046983    0.133484    1.628131 ^ _2800_/X (sky130_fd_sc_hd__a211o_1)
                                                         _0007_ (net)
                      0.046983    0.000155    1.628286 ^ _3152_/D (sky130_fd_sc_hd__dfstp_1)
                                              1.628286   data arrival time

                                  0.000000    0.000000   clock clk (rise edge)
                                  0.000000    0.000000   clock source latency
     1    0.020000    0.095779    0.066087    0.066087 ^ clk (in)
                                                         clk (net)
                      0.095805    0.000000    0.066087 ^ clkbuf_0_clk/A (sky130_fd_sc_hd__clkbuf_16)
    16    0.094658    0.110614    0.199662    0.265749 ^ clkbuf_0_clk/X (sky130_fd_sc_hd__clkbuf_16)
                                                         clknet_0_clk (net)
                      0.110815    0.003356    0.269105 ^ clkbuf_4_0_0_clk/A (sky130_fd_sc_hd__clkbuf_8)
    24    0.065579    0.123215    0.209510    0.478615 ^ clkbuf_4_0_0_clk/X (sky130_fd_sc_hd__clkbuf_8)
                                                         clknet_4_0_0_clk (net)
                      0.123633    0.005821    0.484437 ^ _3152_/CLK (sky130_fd_sc_hd__dfstp_1)
                                  0.500000    0.984437   clock uncertainty
                                  0.000000    0.984437   clock reconvergence pessimism
                                 -0.025500    0.958937   library hold time
                                              0.958937   data required time
---------------------------------------------------------------------------------------------
                                              0.958937   data required time
                                             -1.628286   data arrival time
---------------------------------------------------------------------------------------------
                                              0.669349   slack (MET)


Startpoint: _3133_ (rising edge-triggered flip-flop clocked by clk)
Endpoint: _3132_ (rising edge-triggered flip-flop clocked by clk)
Path Group: clk
Path Type: min

Fanout         Cap        Slew       Delay        Time   Description
---------------------------------------------------------------------------------------------
                                  0.000000    0.000000   clock clk (rise edge)
                                  0.000000    0.000000   clock source latency
     1    0.020000    0.095779    0.066087    0.066087 ^ clk (in)
                                                         clk (net)
                      0.095805    0.000000    0.066087 ^ clkbuf_0_clk/A (sky130_fd_sc_hd__clkbuf_16)
    16    0.094658    0.110614    0.199662    0.265749 ^ clkbuf_0_clk/X (sky130_fd_sc_hd__clkbuf_16)
                                                         clknet_0_clk (net)
                      0.110669    0.002310    0.268059 ^ clkbuf_4_6_0_clk/A (sky130_fd_sc_hd__clkbuf_8)
    12    0.053868    0.103792    0.197120    0.465179 ^ clkbuf_4_6_0_clk/X (sky130_fd_sc_hd__clkbuf_8)
                                                         clknet_4_6_0_clk (net)
                      0.103814    0.001477    0.466656 ^ _3133_/CLK (sky130_fd_sc_hd__dfrtp_1)
     2    0.006648    0.074618    0.362909    0.829565 ^ _3133_/Q (sky130_fd_sc_hd__dfrtp_1)
                                                         shift_out[6] (net)
                      0.074618    0.000102    0.829667 ^ _2072_/A1 (sky130_fd_sc_hd__a221o_1)
     1    0.003408    0.048434    0.144500    0.974166 ^ _2072_/X (sky130_fd_sc_hd__a221o_1)
                                                         _0472_ (net)
                      0.048434    0.000111    0.974278 ^ _2073_/B2 (sky130_fd_sc_hd__o22a_1)
     1    0.002819    0.041513    0.109363    1.083640 ^ _2073_/X (sky130_fd_sc_hd__o22a_1)
                                                         _0228_ (net)
                      0.041513    0.000092    1.083732 ^ hold56/A (sky130_fd_sc_hd__dlygate4sd3_1)
     1    0.003146    0.055921    0.536956    1.620688 ^ hold56/X (sky130_fd_sc_hd__dlygate4sd3_1)
                                                         net61 (net)
                      0.055921    0.000101    1.620790 ^ _3132_/D (sky130_fd_sc_hd__dfrtp_1)
                                              1.620790   data arrival time

                                  0.000000    0.000000   clock clk (rise edge)
                                  0.000000    0.000000   clock source latency
     1    0.020000    0.095779    0.066087    0.066087 ^ clk (in)
                                                         clk (net)
                      0.095805    0.000000    0.066087 ^ clkbuf_0_clk/A (sky130_fd_sc_hd__clkbuf_16)
    16    0.094658    0.110614    0.199662    0.265749 ^ clkbuf_0_clk/X (sky130_fd_sc_hd__clkbuf_16)
                                                         clknet_0_clk (net)
                      0.110752    0.002595    0.268344 ^ clkbuf_4_7_0_clk/A (sky130_fd_sc_hd__clkbuf_8)
    17    0.062819    0.118024    0.207981    0.476324 ^ clkbuf_4_7_0_clk/X (sky130_fd_sc_hd__clkbuf_8)
                                                         clknet_4_7_0_clk (net)
                      0.118039    0.001397    0.477721 ^ _3132_/CLK (sky130_fd_sc_hd__dfrtp_1)
                                  0.500000    0.977721   clock uncertainty
                                  0.000000    0.977721   clock reconvergence pessimism
                                 -0.027053    0.950668   library hold time
                                              0.950668   data required time
---------------------------------------------------------------------------------------------
                                              0.950668   data required time
                                             -1.620790   data arrival time
---------------------------------------------------------------------------------------------
                                              0.670121   slack (MET)


Startpoint: _3132_ (rising edge-triggered flip-flop clocked by clk)
Endpoint: _3131_ (rising edge-triggered flip-flop clocked by clk)
Path Group: clk
Path Type: min

Fanout         Cap        Slew       Delay        Time   Description
---------------------------------------------------------------------------------------------
                                  0.000000    0.000000   clock clk (rise edge)
                                  0.000000    0.000000   clock source latency
     1    0.020000    0.095779    0.066087    0.066087 ^ clk (in)
                                                         clk (net)
                      0.095805    0.000000    0.066087 ^ clkbuf_0_clk/A (sky130_fd_sc_hd__clkbuf_16)
    16    0.094658    0.110614    0.199662    0.265749 ^ clkbuf_0_clk/X (sky130_fd_sc_hd__clkbuf_16)
                                                         clknet_0_clk (net)
                      0.110752    0.002595    0.268344 ^ clkbuf_4_7_0_clk/A (sky130_fd_sc_hd__clkbuf_8)
    17    0.062819    0.118024    0.207981    0.476324 ^ clkbuf_4_7_0_clk/X (sky130_fd_sc_hd__clkbuf_8)
                                                         clknet_4_7_0_clk (net)
                      0.118039    0.001397    0.477721 ^ _3132_/CLK (sky130_fd_sc_hd__dfrtp_1)
     2    0.004814    0.060324    0.355880    0.833602 ^ _3132_/Q (sky130_fd_sc_hd__dfrtp_1)
                                                         shift_out[5] (net)
                      0.060324    0.000082    0.833684 ^ _2078_/A1 (sky130_fd_sc_hd__a221o_1)
     1    0.004039    0.053693    0.143829    0.977513 ^ _2078_/X (sky130_fd_sc_hd__a221o_1)
                                                         _0477_ (net)
                      0.053693    0.000146    0.977658 ^ _2079_/B2 (sky130_fd_sc_hd__o22a_1)
     1    0.002645    0.040095    0.109792    1.087450 ^ _2079_/X (sky130_fd_sc_hd__o22a_1)
                                                         _0227_ (net)
                      0.040095    0.000082    1.087532 ^ hold40/A (sky130_fd_sc_hd__dlygate4sd3_1)
     1    0.003160    0.056054    0.536632    1.624164 ^ hold40/X (sky130_fd_sc_hd__dlygate4sd3_1)
                                                         net45 (net)
                      0.056054    0.000081    1.624245 ^ _3131_/D (sky130_fd_sc_hd__dfrtp_1)
                                              1.624245   data arrival time

                                  0.000000    0.000000   clock clk (rise edge)
                                  0.000000    0.000000   clock source latency
     1    0.020000    0.095779    0.066087    0.066087 ^ clk (in)
                                                         clk (net)
                      0.095805    0.000000    0.066087 ^ clkbuf_0_clk/A (sky130_fd_sc_hd__clkbuf_16)
    16    0.094658    0.110614    0.199662    0.265749 ^ clkbuf_0_clk/X (sky130_fd_sc_hd__clkbuf_16)
                                                         clknet_0_clk (net)
                      0.110752    0.002595    0.268344 ^ clkbuf_4_7_0_clk/A (sky130_fd_sc_hd__clkbuf_8)
    17    0.062819    0.118024    0.207981    0.476324 ^ clkbuf_4_7_0_clk/X (sky130_fd_sc_hd__clkbuf_8)
                                                         clknet_4_7_0_clk (net)
                      0.118040    0.001457    0.477781 ^ _3131_/CLK (sky130_fd_sc_hd__dfrtp_1)
                                  0.500000    0.977781   clock uncertainty
                                  0.000000    0.977781   clock reconvergence pessimism
                                 -0.027080    0.950701   library hold time
                                              0.950701   data required time
---------------------------------------------------------------------------------------------
                                              0.950701   data required time
                                             -1.624245   data arrival time
---------------------------------------------------------------------------------------------
                                              0.673543   slack (MET)


Startpoint: _3118_ (rising edge-triggered flip-flop clocked by clk)
Endpoint: _3151_ (rising edge-triggered flip-flop clocked by clk)
Path Group: clk
Path Type: min

Fanout         Cap        Slew       Delay        Time   Description
---------------------------------------------------------------------------------------------
                                  0.000000    0.000000   clock clk (rise edge)
                                  0.000000    0.000000   clock source latency
     1    0.020000    0.095779    0.066087    0.066087 ^ clk (in)
                                                         clk (net)
                      0.095805    0.000000    0.066087 ^ clkbuf_0_clk/A (sky130_fd_sc_hd__clkbuf_16)
    16    0.094658    0.110614    0.199662    0.265749 ^ clkbuf_0_clk/X (sky130_fd_sc_hd__clkbuf_16)
                                                         clknet_0_clk (net)
                      0.110680    0.002494    0.268243 ^ clkbuf_4_5_0_clk/A (sky130_fd_sc_hd__clkbuf_8)
    10    0.056613    0.108440    0.200680    0.468923 ^ clkbuf_4_5_0_clk/X (sky130_fd_sc_hd__clkbuf_8)
                                                         clknet_4_5_0_clk (net)
                      0.108456    0.001328    0.470252 ^ _3118_/CLK (sky130_fd_sc_hd__dfrtp_1)
     1    0.003059    0.047124    0.339738    0.809990 ^ _3118_/Q (sky130_fd_sc_hd__dfrtp_1)
                                                         shift_in[7] (net)
                      0.047124    0.000103    0.810093 ^ hold87/A (sky130_fd_sc_hd__dlygate4sd3_1)
     5    0.018894    0.198132    0.651728    1.461821 ^ hold87/X (sky130_fd_sc_hd__dlygate4sd3_1)
                                                         net92 (net)
                      0.198133    0.000865    1.462686 ^ _1509_/A1 (sky130_fd_sc_hd__mux2_1)
     1    0.003578    0.047230    0.168550    1.631236 ^ _1509_/X (sky130_fd_sc_hd__mux2_1)
                                                         _0247_ (net)
                      0.047230    0.000129    1.631365 ^ _3151_/D (sky130_fd_sc_hd__dfrtp_2)
                                              1.631365   data arrival time

                                  0.000000    0.000000   clock clk (rise edge)
                                  0.000000    0.000000   clock source latency
     1    0.020000    0.095779    0.066087    0.066087 ^ clk (in)
                                                         clk (net)
                      0.095805    0.000000    0.066087 ^ clkbuf_0_clk/A (sky130_fd_sc_hd__clkbuf_16)
    16    0.094658    0.110614    0.199662    0.265749 ^ clkbuf_0_clk/X (sky130_fd_sc_hd__clkbuf_16)
                                                         clknet_0_clk (net)
                      0.110817    0.003381    0.269130 ^ clkbuf_4_1_0_clk/A (sky130_fd_sc_hd__clkbuf_8)
    16    0.063469    0.119051    0.208820    0.477950 ^ clkbuf_4_1_0_clk/X (sky130_fd_sc_hd__clkbuf_8)
                                                         clknet_4_1_0_clk (net)
                      0.119062    0.001257    0.479207 ^ _3151_/CLK (sky130_fd_sc_hd__dfrtp_2)
                                  0.500000    0.979207   clock uncertainty
                                  0.000000    0.979207   clock reconvergence pessimism
                                 -0.025014    0.954192   library hold time
                                              0.954192   data required time
---------------------------------------------------------------------------------------------
                                              0.954192   data required time
                                             -1.631365   data arrival time
---------------------------------------------------------------------------------------------
                                              0.677173   slack (MET)


Startpoint: _3130_ (rising edge-triggered flip-flop clocked by clk)
Endpoint: _3129_ (rising edge-triggered flip-flop clocked by clk)
Path Group: clk
Path Type: min

Fanout         Cap        Slew       Delay        Time   Description
---------------------------------------------------------------------------------------------
                                  0.000000    0.000000   clock clk (rise edge)
                                  0.000000    0.000000   clock source latency
     1    0.020000    0.095779    0.066087    0.066087 ^ clk (in)
                                                         clk (net)
                      0.095805    0.000000    0.066087 ^ clkbuf_0_clk/A (sky130_fd_sc_hd__clkbuf_16)
    16    0.094658    0.110614    0.199662    0.265749 ^ clkbuf_0_clk/X (sky130_fd_sc_hd__clkbuf_16)
                                                         clknet_0_clk (net)
                      0.110752    0.002595    0.268344 ^ clkbuf_4_7_0_clk/A (sky130_fd_sc_hd__clkbuf_8)
    17    0.062819    0.118024    0.207981    0.476324 ^ clkbuf_4_7_0_clk/X (sky130_fd_sc_hd__clkbuf_8)
                                                         clknet_4_7_0_clk (net)
                      0.118040    0.001445    0.477770 ^ _3130_/CLK (sky130_fd_sc_hd__dfrtp_1)
     2    0.005804    0.068004    0.362539    0.840308 ^ _3130_/Q (sky130_fd_sc_hd__dfrtp_1)
                                                         shift_out[3] (net)
                      0.068004    0.000118    0.840427 ^ _2090_/A1 (sky130_fd_sc_hd__a221o_1)
     1    0.002995    0.045222    0.138583    0.979010 ^ _2090_/X (sky130_fd_sc_hd__a221o_1)
                                                         _0487_ (net)
                      0.045222    0.000066    0.979075 ^ _2091_/B2 (sky130_fd_sc_hd__o22a_1)
     1    0.002378    0.037900    0.104906    1.083982 ^ _2091_/X (sky130_fd_sc_hd__o22a_1)
                                                         _0225_ (net)
                      0.037900    0.000052    1.084034 ^ hold42/A (sky130_fd_sc_hd__dlygate4sd3_1)
     1    0.002764    0.052597    0.532187    1.616221 ^ hold42/X (sky130_fd_sc_hd__dlygate4sd3_1)
                                                         net47 (net)
                      0.052597    0.000063    1.616283 ^ _3129_/D (sky130_fd_sc_hd__dfrtp_1)
                                              1.616283   data arrival time

                                  0.000000    0.000000   clock clk (rise edge)
                                  0.000000    0.000000   clock source latency
     1    0.020000    0.095779    0.066087    0.066087 ^ clk (in)
                                                         clk (net)
                      0.095805    0.000000    0.066087 ^ clkbuf_0_clk/A (sky130_fd_sc_hd__clkbuf_16)
    16    0.094658    0.110614    0.199662    0.265749 ^ clkbuf_0_clk/X (sky130_fd_sc_hd__clkbuf_16)
                                                         clknet_0_clk (net)
                      0.110669    0.002310    0.268059 ^ clkbuf_4_6_0_clk/A (sky130_fd_sc_hd__clkbuf_8)
    12    0.053868    0.103792    0.197120    0.465179 ^ clkbuf_4_6_0_clk/X (sky130_fd_sc_hd__clkbuf_8)
                                                         clknet_4_6_0_clk (net)
                      0.103824    0.001726    0.466905 ^ _3129_/CLK (sky130_fd_sc_hd__dfrtp_1)
                                  0.500000    0.966905   clock uncertainty
                                  0.000000    0.966905   clock reconvergence pessimism
                                 -0.028307    0.938597   library hold time
                                              0.938597   data required time
---------------------------------------------------------------------------------------------
                                              0.938597   data required time
                                             -1.616283   data arrival time
---------------------------------------------------------------------------------------------
                                              0.677686   slack (MET)


Startpoint: _3058_ (rising edge-triggered flip-flop clocked by clk)
Endpoint: _3058_ (rising edge-triggered flip-flop clocked by clk)
Path Group: clk
Path Type: min

Fanout         Cap        Slew       Delay        Time   Description
---------------------------------------------------------------------------------------------
                                  0.000000    0.000000   clock clk (rise edge)
                                  0.000000    0.000000   clock source latency
     1    0.020000    0.095779    0.066087    0.066087 ^ clk (in)
                                                         clk (net)
                      0.095805    0.000000    0.066087 ^ clkbuf_0_clk/A (sky130_fd_sc_hd__clkbuf_16)
    16    0.094658    0.110614    0.199662    0.265749 ^ clkbuf_0_clk/X (sky130_fd_sc_hd__clkbuf_16)
                                                         clknet_0_clk (net)
                      0.110797    0.003163    0.268912 ^ clkbuf_4_12_0_clk/A (sky130_fd_sc_hd__clkbuf_8)
     8    0.055901    0.107020    0.199581    0.468493 ^ clkbuf_4_12_0_clk/X (sky130_fd_sc_hd__clkbuf_8)
                                                         clknet_4_12_0_clk (net)
                      0.107048    0.001668    0.470162 ^ _3058_/CLK (sky130_fd_sc_hd__dfrtp_4)
     2    0.021079    0.092066    0.459904    0.930066 ^ _3058_/Q (sky130_fd_sc_hd__dfrtp_4)
                                                         my_sum_sub.al_sb_eff (net)
                      0.092066    0.000586    0.930652 ^ hold169/A (sky130_fd_sc_hd__dlygate4sd3_1)
     2    0.005080    0.072771    0.567234    1.497886 ^ hold169/X (sky130_fd_sc_hd__dlygate4sd3_1)
                                                         net174 (net)
                      0.072771    0.000085    1.497971 ^ _2284_/A0 (sky130_fd_sc_hd__mux2_1)
     1    0.003106    0.043643    0.126391    1.624362 ^ _2284_/X (sky130_fd_sc_hd__mux2_1)
                                                         _0317_ (net)
                      0.043643    0.000104    1.624466 ^ _3058_/D (sky130_fd_sc_hd__dfrtp_4)
                                              1.624466   data arrival time

                                  0.000000    0.000000   clock clk (rise edge)
                                  0.000000    0.000000   clock source latency
     1    0.020000    0.095779    0.066087    0.066087 ^ clk (in)
                                                         clk (net)
                      0.095805    0.000000    0.066087 ^ clkbuf_0_clk/A (sky130_fd_sc_hd__clkbuf_16)
    16    0.094658    0.110614    0.199662    0.265749 ^ clkbuf_0_clk/X (sky130_fd_sc_hd__clkbuf_16)
                                                         clknet_0_clk (net)
                      0.110797    0.003163    0.268912 ^ clkbuf_4_12_0_clk/A (sky130_fd_sc_hd__clkbuf_8)
     8    0.055901    0.107020    0.199581    0.468493 ^ clkbuf_4_12_0_clk/X (sky130_fd_sc_hd__clkbuf_8)
                                                         clknet_4_12_0_clk (net)
                      0.107048    0.001668    0.470162 ^ _3058_/CLK (sky130_fd_sc_hd__dfrtp_4)
                                  0.500000    0.970162   clock uncertainty
                                  0.000000    0.970162   clock reconvergence pessimism
                                 -0.026004    0.944158   library hold time
                                              0.944158   data required time
---------------------------------------------------------------------------------------------
                                              0.944158   data required time
                                             -1.624466   data arrival time
---------------------------------------------------------------------------------------------
                                              0.680308   slack (MET)


Startpoint: _3142_ (rising edge-triggered flip-flop clocked by clk)
Endpoint: _3141_ (rising edge-triggered flip-flop clocked by clk)
Path Group: clk
Path Type: min

Fanout         Cap        Slew       Delay        Time   Description
---------------------------------------------------------------------------------------------
                                  0.000000    0.000000   clock clk (rise edge)
                                  0.000000    0.000000   clock source latency
     1    0.020000    0.095779    0.066087    0.066087 ^ clk (in)
                                                         clk (net)
                      0.095805    0.000000    0.066087 ^ clkbuf_0_clk/A (sky130_fd_sc_hd__clkbuf_16)
    16    0.094658    0.110614    0.199662    0.265749 ^ clkbuf_0_clk/X (sky130_fd_sc_hd__clkbuf_16)
                                                         clknet_0_clk (net)
                      0.110793    0.003112    0.268861 ^ clkbuf_4_3_0_clk/A (sky130_fd_sc_hd__clkbuf_8)
    11    0.053966    0.104170    0.197711    0.466572 ^ clkbuf_4_3_0_clk/X (sky130_fd_sc_hd__clkbuf_8)
                                                         clknet_4_3_0_clk (net)
                      0.104178    0.001012    0.467584 ^ _3142_/CLK (sky130_fd_sc_hd__dfrtp_1)
     2    0.006076    0.070130    0.359188    0.826773 ^ _3142_/Q (sky130_fd_sc_hd__dfrtp_1)
                                                         shift_out[15] (net)
                      0.070130    0.000153    0.826925 ^ _2004_/A1 (sky130_fd_sc_hd__a221o_1)
     1    0.003482    0.049034    0.143400    0.970326 ^ _2004_/X (sky130_fd_sc_hd__a221o_1)
                                                         _0413_ (net)
                      0.049034    0.000116    0.970442 ^ _2005_/B2 (sky130_fd_sc_hd__o22a_1)
     1    0.003181    0.044499    0.112351    1.082793 ^ _2005_/X (sky130_fd_sc_hd__o22a_1)
                                                         _0237_ (net)
                      0.044499    0.000083    1.082876 ^ hold34/A (sky130_fd_sc_hd__dlygate4sd3_1)
     1    0.003138    0.055853    0.537859    1.620736 ^ hold34/X (sky130_fd_sc_hd__dlygate4sd3_1)
                                                         net39 (net)
                      0.055853    0.000101    1.620837 ^ _3141_/D (sky130_fd_sc_hd__dfrtp_1)
                                              1.620837   data arrival time

                                  0.000000    0.000000   clock clk (rise edge)
                                  0.000000    0.000000   clock source latency
     1    0.020000    0.095779    0.066087    0.066087 ^ clk (in)
                                                         clk (net)
                      0.095805    0.000000    0.066087 ^ clkbuf_0_clk/A (sky130_fd_sc_hd__clkbuf_16)
    16    0.094658    0.110614    0.199662    0.265749 ^ clkbuf_0_clk/X (sky130_fd_sc_hd__clkbuf_16)
                                                         clknet_0_clk (net)
                      0.110793    0.003112    0.268861 ^ clkbuf_4_3_0_clk/A (sky130_fd_sc_hd__clkbuf_8)
    11    0.053966    0.104170    0.197711    0.466572 ^ clkbuf_4_3_0_clk/X (sky130_fd_sc_hd__clkbuf_8)
                                                         clknet_4_3_0_clk (net)
                      0.104178    0.001011    0.467583 ^ _3141_/CLK (sky130_fd_sc_hd__dfrtp_1)
                                  0.500000    0.967583   clock uncertainty
                                  0.000000    0.967583   clock reconvergence pessimism
                                 -0.028936    0.938647   library hold time
                                              0.938647   data required time
---------------------------------------------------------------------------------------------
                                              0.938647   data required time
                                             -1.620837   data arrival time
---------------------------------------------------------------------------------------------
                                              0.682190   slack (MET)


Startpoint: _3103_ (rising edge-triggered flip-flop clocked by clk)
Endpoint: _3103_ (rising edge-triggered flip-flop clocked by clk)
Path Group: clk
Path Type: min

Fanout         Cap        Slew       Delay        Time   Description
---------------------------------------------------------------------------------------------
                                  0.000000    0.000000   clock clk (rise edge)
                                  0.000000    0.000000   clock source latency
     1    0.020000    0.095779    0.066087    0.066087 ^ clk (in)
                                                         clk (net)
                      0.095805    0.000000    0.066087 ^ clkbuf_0_clk/A (sky130_fd_sc_hd__clkbuf_16)
    16    0.094658    0.110614    0.199662    0.265749 ^ clkbuf_0_clk/X (sky130_fd_sc_hd__clkbuf_16)
                                                         clknet_0_clk (net)
                      0.110752    0.002595    0.268344 ^ clkbuf_4_7_0_clk/A (sky130_fd_sc_hd__clkbuf_8)
    17    0.062819    0.118024    0.207981    0.476324 ^ clkbuf_4_7_0_clk/X (sky130_fd_sc_hd__clkbuf_8)
                                                         clknet_4_7_0_clk (net)
                      0.118040    0.001457    0.477781 ^ _3103_/CLK (sky130_fd_sc_hd__dfrtp_4)
     7    0.025304    0.102302    0.473377    0.951159 ^ _3103_/Q (sky130_fd_sc_hd__dfrtp_4)
                                                         my_mul.x2[8] (net)
                      0.102302    0.000419    0.951578 ^ _2131_/A1 (sky130_fd_sc_hd__mux2_1)
     1    0.004399    0.053642    0.148177    1.099754 ^ _2131_/X (sky130_fd_sc_hd__mux2_1)
                                                         _0199_ (net)
                      0.053642    0.000167    1.099921 ^ hold64/A (sky130_fd_sc_hd__dlygate4sd3_1)
     1    0.002707    0.052127    0.536771    1.636692 ^ hold64/X (sky130_fd_sc_hd__dlygate4sd3_1)
                                                         net69 (net)
                      0.052127    0.000061    1.636754 ^ _3103_/D (sky130_fd_sc_hd__dfrtp_4)
                                              1.636754   data arrival time

                                  0.000000    0.000000   clock clk (rise edge)
                                  0.000000    0.000000   clock source latency
     1    0.020000    0.095779    0.066087    0.066087 ^ clk (in)
                                                         clk (net)
                      0.095805    0.000000    0.066087 ^ clkbuf_0_clk/A (sky130_fd_sc_hd__clkbuf_16)
    16    0.094658    0.110614    0.199662    0.265749 ^ clkbuf_0_clk/X (sky130_fd_sc_hd__clkbuf_16)
                                                         clknet_0_clk (net)
                      0.110752    0.002595    0.268344 ^ clkbuf_4_7_0_clk/A (sky130_fd_sc_hd__clkbuf_8)
    17    0.062819    0.118024    0.207981    0.476324 ^ clkbuf_4_7_0_clk/X (sky130_fd_sc_hd__clkbuf_8)
                                                         clknet_4_7_0_clk (net)
                      0.118040    0.001457    0.477781 ^ _3103_/CLK (sky130_fd_sc_hd__dfrtp_4)
                                  0.500000    0.977781   clock uncertainty
                                  0.000000    0.977781   clock reconvergence pessimism
                                 -0.026264    0.951517   library hold time
                                              0.951517   data required time
---------------------------------------------------------------------------------------------
                                              0.951517   data required time
                                             -1.636754   data arrival time
---------------------------------------------------------------------------------------------
                                              0.685237   slack (MET)


Startpoint: _3148_ (rising edge-triggered flip-flop clocked by clk)
Endpoint: _3148_ (rising edge-triggered flip-flop clocked by clk)
Path Group: clk
Path Type: min

Fanout         Cap        Slew       Delay        Time   Description
---------------------------------------------------------------------------------------------
                                  0.000000    0.000000   clock clk (rise edge)
                                  0.000000    0.000000   clock source latency
     1    0.020000    0.095779    0.066087    0.066087 ^ clk (in)
                                                         clk (net)
                      0.095805    0.000000    0.066087 ^ clkbuf_0_clk/A (sky130_fd_sc_hd__clkbuf_16)
    16    0.094658    0.110614    0.199662    0.265749 ^ clkbuf_0_clk/X (sky130_fd_sc_hd__clkbuf_16)
                                                         clknet_0_clk (net)
                      0.110817    0.003381    0.269130 ^ clkbuf_4_1_0_clk/A (sky130_fd_sc_hd__clkbuf_8)
    16    0.063469    0.119051    0.208820    0.477950 ^ clkbuf_4_1_0_clk/X (sky130_fd_sc_hd__clkbuf_8)
                                                         clknet_4_1_0_clk (net)
                      0.119086    0.001980    0.479930 ^ _3148_/CLK (sky130_fd_sc_hd__dfrtp_2)
     4    0.010623    0.071868    0.393895    0.873825 ^ _3148_/Q (sky130_fd_sc_hd__dfrtp_2)
                                                         op_reg[0] (net)
                      0.071868    0.000268    0.874093 ^ hold226/A (sky130_fd_sc_hd__dlygate4sd3_1)
     2    0.013111    0.144486    0.619514    1.493607 ^ hold226/X (sky130_fd_sc_hd__dlygate4sd3_1)
                                                         net231 (net)
                      0.144486    0.000175    1.493782 ^ _1512_/A0 (sky130_fd_sc_hd__mux2_1)
     1    0.003091    0.043504    0.148789    1.642571 ^ _1512_/X (sky130_fd_sc_hd__mux2_1)
                                                         _0244_ (net)
                      0.043504    0.000076    1.642647 ^ _3148_/D (sky130_fd_sc_hd__dfrtp_2)
                                              1.642647   data arrival time

                                  0.000000    0.000000   clock clk (rise edge)
                                  0.000000    0.000000   clock source latency
     1    0.020000    0.095779    0.066087    0.066087 ^ clk (in)
                                                         clk (net)
                      0.095805    0.000000    0.066087 ^ clkbuf_0_clk/A (sky130_fd_sc_hd__clkbuf_16)
    16    0.094658    0.110614    0.199662    0.265749 ^ clkbuf_0_clk/X (sky130_fd_sc_hd__clkbuf_16)
                                                         clknet_0_clk (net)
                      0.110817    0.003381    0.269130 ^ clkbuf_4_1_0_clk/A (sky130_fd_sc_hd__clkbuf_8)
    16    0.063469    0.119051    0.208820    0.477950 ^ clkbuf_4_1_0_clk/X (sky130_fd_sc_hd__clkbuf_8)
                                                         clknet_4_1_0_clk (net)
                      0.119086    0.001980    0.479930 ^ _3148_/CLK (sky130_fd_sc_hd__dfrtp_2)
                                  0.500000    0.979930   clock uncertainty
                                  0.000000    0.979930   clock reconvergence pessimism
                                 -0.024247    0.955684   library hold time
                                              0.955684   data required time
---------------------------------------------------------------------------------------------
                                              0.955684   data required time
                                             -1.642647   data arrival time
---------------------------------------------------------------------------------------------
                                              0.686963   slack (MET)


Startpoint: _3136_ (rising edge-triggered flip-flop clocked by clk)
Endpoint: _3135_ (rising edge-triggered flip-flop clocked by clk)
Path Group: clk
Path Type: min

Fanout         Cap        Slew       Delay        Time   Description
---------------------------------------------------------------------------------------------
                                  0.000000    0.000000   clock clk (rise edge)
                                  0.000000    0.000000   clock source latency
     1    0.020000    0.095779    0.066087    0.066087 ^ clk (in)
                                                         clk (net)
                      0.095805    0.000000    0.066087 ^ clkbuf_0_clk/A (sky130_fd_sc_hd__clkbuf_16)
    16    0.094658    0.110614    0.199662    0.265749 ^ clkbuf_0_clk/X (sky130_fd_sc_hd__clkbuf_16)
                                                         clknet_0_clk (net)
                      0.110680    0.002494    0.268243 ^ clkbuf_4_5_0_clk/A (sky130_fd_sc_hd__clkbuf_8)
    10    0.056613    0.108440    0.200680    0.468923 ^ clkbuf_4_5_0_clk/X (sky130_fd_sc_hd__clkbuf_8)
                                                         clknet_4_5_0_clk (net)
                      0.108443    0.000730    0.469653 ^ _3136_/CLK (sky130_fd_sc_hd__dfrtp_1)
     2    0.005953    0.069161    0.359955    0.829608 ^ _3136_/Q (sky130_fd_sc_hd__dfrtp_1)
                                                         shift_out[9] (net)
                      0.069161    0.000114    0.829722 ^ _2049_/A1 (sky130_fd_sc_hd__a221o_1)
     1    0.004315    0.056015    0.149036    0.978757 ^ _2049_/X (sky130_fd_sc_hd__a221o_1)
                                                         _0452_ (net)
                      0.056015    0.000128    0.978885 ^ _2050_/B2 (sky130_fd_sc_hd__o22a_1)
     1    0.003401    0.046346    0.116352    1.095237 ^ _2050_/X (sky130_fd_sc_hd__o22a_1)
                                                         _0231_ (net)
                      0.046346    0.000094    1.095331 ^ hold38/A (sky130_fd_sc_hd__dlygate4sd3_1)
     1    0.002491    0.050295    0.532372    1.627703 ^ hold38/X (sky130_fd_sc_hd__dlygate4sd3_1)
                                                         net43 (net)
                      0.050295    0.000054    1.627756 ^ _3135_/D (sky130_fd_sc_hd__dfrtp_1)
                                              1.627756   data arrival time

                                  0.000000    0.000000   clock clk (rise edge)
                                  0.000000    0.000000   clock source latency
     1    0.020000    0.095779    0.066087    0.066087 ^ clk (in)
                                                         clk (net)
                      0.095805    0.000000    0.066087 ^ clkbuf_0_clk/A (sky130_fd_sc_hd__clkbuf_16)
    16    0.094658    0.110614    0.199662    0.265749 ^ clkbuf_0_clk/X (sky130_fd_sc_hd__clkbuf_16)
                                                         clknet_0_clk (net)
                      0.110669    0.002310    0.268059 ^ clkbuf_4_6_0_clk/A (sky130_fd_sc_hd__clkbuf_8)
    12    0.053868    0.103792    0.197120    0.465179 ^ clkbuf_4_6_0_clk/X (sky130_fd_sc_hd__clkbuf_8)
                                                         clknet_4_6_0_clk (net)
                      0.103797    0.000843    0.466022 ^ _3135_/CLK (sky130_fd_sc_hd__dfrtp_1)
                                  0.500000    0.966022   clock uncertainty
                                  0.000000    0.966022   clock reconvergence pessimism
                                 -0.027832    0.938190   library hold time
                                              0.938190   data required time
---------------------------------------------------------------------------------------------
                                              0.938190   data required time
                                             -1.627756   data arrival time
---------------------------------------------------------------------------------------------
                                              0.689566   slack (MET)


Startpoint: _3139_ (rising edge-triggered flip-flop clocked by clk)
Endpoint: _3138_ (rising edge-triggered flip-flop clocked by clk)
Path Group: clk
Path Type: min

Fanout         Cap        Slew       Delay        Time   Description
---------------------------------------------------------------------------------------------
                                  0.000000    0.000000   clock clk (rise edge)
                                  0.000000    0.000000   clock source latency
     1    0.020000    0.095779    0.066087    0.066087 ^ clk (in)
                                                         clk (net)
                      0.095805    0.000000    0.066087 ^ clkbuf_0_clk/A (sky130_fd_sc_hd__clkbuf_16)
    16    0.094658    0.110614    0.199662    0.265749 ^ clkbuf_0_clk/X (sky130_fd_sc_hd__clkbuf_16)
                                                         clknet_0_clk (net)
                      0.110817    0.003381    0.269130 ^ clkbuf_4_1_0_clk/A (sky130_fd_sc_hd__clkbuf_8)
    16    0.063469    0.119051    0.208820    0.477950 ^ clkbuf_4_1_0_clk/X (sky130_fd_sc_hd__clkbuf_8)
                                                         clknet_4_1_0_clk (net)
                      0.119125    0.002726    0.480675 ^ _3139_/CLK (sky130_fd_sc_hd__dfrtp_1)
     2    0.005214    0.063379    0.358974    0.839649 ^ _3139_/Q (sky130_fd_sc_hd__dfrtp_1)
                                                         shift_out[12] (net)
                      0.063379    0.000106    0.839756 ^ _2028_/A1 (sky130_fd_sc_hd__a221o_1)
     1    0.003965    0.053052    0.144413    0.984169 ^ _2028_/X (sky130_fd_sc_hd__a221o_1)
                                                         _0434_ (net)
                      0.053052    0.000139    0.984308 ^ _2029_/B2 (sky130_fd_sc_hd__o22a_1)
     1    0.002758    0.041018    0.110447    1.094755 ^ _2029_/X (sky130_fd_sc_hd__o22a_1)
                                                         _0234_ (net)
                      0.041018    0.000088    1.094843 ^ hold54/A (sky130_fd_sc_hd__dlygate4sd3_1)
     1    0.003048    0.055069    0.535882    1.630725 ^ hold54/X (sky130_fd_sc_hd__dlygate4sd3_1)
                                                         net59 (net)
                      0.055069    0.000077    1.630802 ^ _3138_/D (sky130_fd_sc_hd__dfrtp_1)
                                              1.630802   data arrival time

                                  0.000000    0.000000   clock clk (rise edge)
                                  0.000000    0.000000   clock source latency
     1    0.020000    0.095779    0.066087    0.066087 ^ clk (in)
                                                         clk (net)
                      0.095805    0.000000    0.066087 ^ clkbuf_0_clk/A (sky130_fd_sc_hd__clkbuf_16)
    16    0.094658    0.110614    0.199662    0.265749 ^ clkbuf_0_clk/X (sky130_fd_sc_hd__clkbuf_16)
                                                         clknet_0_clk (net)
                      0.110751    0.002584    0.268334 ^ clkbuf_4_4_0_clk/A (sky130_fd_sc_hd__clkbuf_8)
    11    0.055333    0.106119    0.198941    0.467275 ^ clkbuf_4_4_0_clk/X (sky130_fd_sc_hd__clkbuf_8)
                                                         clknet_4_4_0_clk (net)
                      0.106135    0.001344    0.468619 ^ _3138_/CLK (sky130_fd_sc_hd__dfrtp_1)
                                  0.500000    0.968619   clock uncertainty
                                  0.000000    0.968619   clock reconvergence pessimism
                                 -0.028505    0.940114   library hold time
                                              0.940114   data required time
---------------------------------------------------------------------------------------------
                                              0.940114   data required time
                                             -1.630802   data arrival time
---------------------------------------------------------------------------------------------
                                              0.690688   slack (MET)


Startpoint: _3161_ (rising edge-triggered flip-flop clocked by clk)
Endpoint: _3171_ (rising edge-triggered flip-flop clocked by clk)
Path Group: clk
Path Type: min

Fanout         Cap        Slew       Delay        Time   Description
---------------------------------------------------------------------------------------------
                                  0.000000    0.000000   clock clk (rise edge)
                                  0.000000    0.000000   clock source latency
     1    0.020000    0.095779    0.066087    0.066087 ^ clk (in)
                                                         clk (net)
                      0.095805    0.000000    0.066087 ^ clkbuf_0_clk/A (sky130_fd_sc_hd__clkbuf_16)
    16    0.094658    0.110614    0.199662    0.265749 ^ clkbuf_0_clk/X (sky130_fd_sc_hd__clkbuf_16)
                                                         clknet_0_clk (net)
                      0.110825    0.003460    0.269209 ^ clkbuf_4_14_0_clk/A (sky130_fd_sc_hd__clkbuf_8)
    11    0.062213    0.117386    0.207506    0.476715 ^ clkbuf_4_14_0_clk/X (sky130_fd_sc_hd__clkbuf_8)
                                                         clknet_4_14_0_clk (net)
                      0.117398    0.001254    0.477969 ^ _3161_/CLK (sky130_fd_sc_hd__dfrtp_4)
     3    0.010939    0.066894    0.436206    0.914175 ^ _3161_/Q (sky130_fd_sc_hd__dfrtp_4)
                                                         my_sum_sub.state[3] (net)
                      0.066894    0.000403    0.914577 ^ hold128/A (sky130_fd_sc_hd__dlygate4sd3_1)
     3    0.022582    0.231513    0.682820    1.597398 ^ hold128/X (sky130_fd_sc_hd__dlygate4sd3_1)
                                                         net133 (net)
                      0.231515    0.001063    1.598461 ^ _3171_/D (sky130_fd_sc_hd__dfrtp_1)
                                              1.598461   data arrival time

                                  0.000000    0.000000   clock clk (rise edge)
                                  0.000000    0.000000   clock source latency
     1    0.020000    0.095779    0.066087    0.066087 ^ clk (in)
                                                         clk (net)
                      0.095805    0.000000    0.066087 ^ clkbuf_0_clk/A (sky130_fd_sc_hd__clkbuf_16)
    16    0.094658    0.110614    0.199662    0.265749 ^ clkbuf_0_clk/X (sky130_fd_sc_hd__clkbuf_16)
                                                         clknet_0_clk (net)
                      0.110793    0.003112    0.268861 ^ clkbuf_4_3_0_clk/A (sky130_fd_sc_hd__clkbuf_8)
    11    0.053966    0.104170    0.197711    0.466572 ^ clkbuf_4_3_0_clk/X (sky130_fd_sc_hd__clkbuf_8)
                                                         clknet_4_3_0_clk (net)
                      0.104174    0.000826    0.467398 ^ _3171_/CLK (sky130_fd_sc_hd__dfrtp_1)
                                  0.500000    0.967398   clock uncertainty
                                  0.000000    0.967398   clock reconvergence pessimism
                                 -0.065492    0.901906   library hold time
                                              0.901906   data required time
---------------------------------------------------------------------------------------------
                                              0.901906   data required time
                                             -1.598461   data arrival time
---------------------------------------------------------------------------------------------
                                              0.696555   slack (MET)


Startpoint: _3049_ (rising edge-triggered flip-flop clocked by clk)
Endpoint: _3060_ (rising edge-triggered flip-flop clocked by clk)
Path Group: clk
Path Type: min

Fanout         Cap        Slew       Delay        Time   Description
---------------------------------------------------------------------------------------------
                                  0.000000    0.000000   clock clk (rise edge)
                                  0.000000    0.000000   clock source latency
     1    0.020000    0.095779    0.066087    0.066087 ^ clk (in)
                                                         clk (net)
                      0.095805    0.000000    0.066087 ^ clkbuf_0_clk/A (sky130_fd_sc_hd__clkbuf_16)
    16    0.094658    0.110614    0.199662    0.265749 ^ clkbuf_0_clk/X (sky130_fd_sc_hd__clkbuf_16)
                                                         clknet_0_clk (net)
                      0.110829    0.003506    0.269255 ^ clkbuf_4_15_0_clk/A (sky130_fd_sc_hd__clkbuf_8)
    13    0.060153    0.113790    0.204562    0.473817 ^ clkbuf_4_15_0_clk/X (sky130_fd_sc_hd__clkbuf_8)
                                                         clknet_4_15_0_clk (net)
                      0.113811    0.001540    0.475357 ^ _3049_/CLK (sky130_fd_sc_hd__dfrtp_2)
     3    0.013594    0.083257    0.403932    0.879289 ^ _3049_/Q (sky130_fd_sc_hd__dfrtp_2)
                                                         my_sum_sub.al_mb[0] (net)
                      0.083257    0.000354    0.879644 ^ _2266_/A (sky130_fd_sc_hd__xnor2_1)
     2    0.006231    0.083543    0.142877    1.022520 ^ _2266_/Y (sky130_fd_sc_hd__xnor2_1)
                                                         _0594_ (net)
                      0.083543    0.000151    1.022672 ^ _2274_/A2 (sky130_fd_sc_hd__a21oi_1)
     1    0.002244    0.032962    0.066372    1.089043 v _2274_/Y (sky130_fd_sc_hd__a21oi_1)
                                                         _0319_ (net)
                      0.032962    0.000048    1.089091 v hold194/A (sky130_fd_sc_hd__dlygate4sd3_1)
     1    0.003997    0.059031    0.552784    1.641874 v hold194/X (sky130_fd_sc_hd__dlygate4sd3_1)
                                                         net199 (net)
                      0.059031    0.000151    1.642026 v _3060_/D (sky130_fd_sc_hd__dfrtp_1)
                                              1.642026   data arrival time

                                  0.000000    0.000000   clock clk (rise edge)
                                  0.000000    0.000000   clock source latency
     1    0.020000    0.095779    0.066087    0.066087 ^ clk (in)
                                                         clk (net)
                      0.095805    0.000000    0.066087 ^ clkbuf_0_clk/A (sky130_fd_sc_hd__clkbuf_16)
    16    0.094658    0.110614    0.199662    0.265749 ^ clkbuf_0_clk/X (sky130_fd_sc_hd__clkbuf_16)
                                                         clknet_0_clk (net)
                      0.110825    0.003460    0.269209 ^ clkbuf_4_14_0_clk/A (sky130_fd_sc_hd__clkbuf_8)
    11    0.062213    0.117386    0.207506    0.476715 ^ clkbuf_4_14_0_clk/X (sky130_fd_sc_hd__clkbuf_8)
                                                         clknet_4_14_0_clk (net)
                      0.117395    0.001133    0.477848 ^ _3060_/CLK (sky130_fd_sc_hd__dfrtp_1)
                                  0.500000    0.977848   clock uncertainty
                                  0.000000    0.977848   clock reconvergence pessimism
                                 -0.034969    0.942880   library hold time
                                              0.942880   data required time
---------------------------------------------------------------------------------------------
                                              0.942880   data required time
                                             -1.642026   data arrival time
---------------------------------------------------------------------------------------------
                                              0.699146   slack (MET)


Startpoint: _3168_ (rising edge-triggered flip-flop clocked by clk)
Endpoint: _3155_ (rising edge-triggered flip-flop clocked by clk)
Path Group: clk
Path Type: min

Fanout         Cap        Slew       Delay        Time   Description
---------------------------------------------------------------------------------------------
                                  0.000000    0.000000   clock clk (rise edge)
                                  0.000000    0.000000   clock source latency
     1    0.020000    0.095779    0.066087    0.066087 ^ clk (in)
                                                         clk (net)
                      0.095805    0.000000    0.066087 ^ clkbuf_0_clk/A (sky130_fd_sc_hd__clkbuf_16)
    16    0.094658    0.110614    0.199662    0.265749 ^ clkbuf_0_clk/X (sky130_fd_sc_hd__clkbuf_16)
                                                         clknet_0_clk (net)
                      0.110815    0.003356    0.269105 ^ clkbuf_4_0_0_clk/A (sky130_fd_sc_hd__clkbuf_8)
    24    0.065579    0.123215    0.209510    0.478615 ^ clkbuf_4_0_0_clk/X (sky130_fd_sc_hd__clkbuf_8)
                                                         clknet_4_0_0_clk (net)
                      0.123589    0.005521    0.484136 ^ _3168_/CLK (sky130_fd_sc_hd__dfstp_4)
    11    0.032200    0.071360    0.525279    1.009415 v _3168_/Q (sky130_fd_sc_hd__dfstp_4)
                                                         ss_s1 (net)
                      0.071360    0.000387    1.009802 v _2799_/A (sky130_fd_sc_hd__nor2_1)
     1    0.002278    0.067953    0.099639    1.109441 ^ _2799_/Y (sky130_fd_sc_hd__nor2_1)
                                                         _0008_ (net)
                      0.067953    0.000049    1.109490 ^ hold181/A (sky130_fd_sc_hd__dlygate4sd3_1)
     1    0.003485    0.058845    0.548048    1.657538 ^ hold181/X (sky130_fd_sc_hd__dlygate4sd3_1)
                                                         net186 (net)
                      0.058845    0.000095    1.657633 ^ _3155_/D (sky130_fd_sc_hd__dfrtp_1)
                                              1.657633   data arrival time

                                  0.000000    0.000000   clock clk (rise edge)
                                  0.000000    0.000000   clock source latency
     1    0.020000    0.095779    0.066087    0.066087 ^ clk (in)
                                                         clk (net)
                      0.095805    0.000000    0.066087 ^ clkbuf_0_clk/A (sky130_fd_sc_hd__clkbuf_16)
    16    0.094658    0.110614    0.199662    0.265749 ^ clkbuf_0_clk/X (sky130_fd_sc_hd__clkbuf_16)
                                                         clknet_0_clk (net)
                      0.110815    0.003356    0.269105 ^ clkbuf_4_0_0_clk/A (sky130_fd_sc_hd__clkbuf_8)
    24    0.065579    0.123215    0.209510    0.478615 ^ clkbuf_4_0_0_clk/X (sky130_fd_sc_hd__clkbuf_8)
                                                         clknet_4_0_0_clk (net)
                      0.123592    0.005542    0.484157 ^ _3155_/CLK (sky130_fd_sc_hd__dfrtp_1)
                                  0.500000    0.984157   clock uncertainty
                                  0.000000    0.984157   clock reconvergence pessimism
                                 -0.026899    0.957258   library hold time
                                              0.957258   data required time
---------------------------------------------------------------------------------------------
                                              0.957258   data required time
                                             -1.657633   data arrival time
---------------------------------------------------------------------------------------------
                                              0.700375   slack (MET)


Startpoint: _3094_ (rising edge-triggered flip-flop clocked by clk)
Endpoint: _3142_ (rising edge-triggered flip-flop clocked by clk)
Path Group: clk
Path Type: min

Fanout         Cap        Slew       Delay        Time   Description
---------------------------------------------------------------------------------------------
                                  0.000000    0.000000   clock clk (rise edge)
                                  0.000000    0.000000   clock source latency
     1    0.020000    0.095779    0.066087    0.066087 ^ clk (in)
                                                         clk (net)
                      0.095805    0.000000    0.066087 ^ clkbuf_0_clk/A (sky130_fd_sc_hd__clkbuf_16)
    16    0.094658    0.110614    0.199662    0.265749 ^ clkbuf_0_clk/X (sky130_fd_sc_hd__clkbuf_16)
                                                         clknet_0_clk (net)
                      0.110817    0.003381    0.269130 ^ clkbuf_4_1_0_clk/A (sky130_fd_sc_hd__clkbuf_8)
    16    0.063469    0.119051    0.208820    0.477950 ^ clkbuf_4_1_0_clk/X (sky130_fd_sc_hd__clkbuf_8)
                                                         clknet_4_1_0_clk (net)
                      0.119116    0.002576    0.480526 ^ _3094_/CLK (sky130_fd_sc_hd__dfrtp_2)
     3    0.010878    0.073001    0.395030    0.875556 ^ _3094_/Q (sky130_fd_sc_hd__dfrtp_2)
                                                         acc_reg[15] (net)
                      0.073001    0.000221    0.875777 ^ _1559_/A1 (sky130_fd_sc_hd__a211o_1)
     1    0.003223    0.039701    0.119463    0.995240 ^ _1559_/X (sky130_fd_sc_hd__a211o_1)
                                                         _1104_ (net)
                      0.039701    0.000074    0.995315 ^ _1560_/B1 (sky130_fd_sc_hd__o21a_1)
     1    0.002999    0.042533    0.105873    1.101188 ^ _1560_/X (sky130_fd_sc_hd__o21a_1)
                                                         _0238_ (net)
                      0.042533    0.000100    1.101288 ^ hold36/A (sky130_fd_sc_hd__dlygate4sd3_1)
     1    0.003232    0.056685    0.538098    1.639386 ^ hold36/X (sky130_fd_sc_hd__dlygate4sd3_1)
                                                         net41 (net)
                      0.056685    0.000109    1.639495 ^ _3142_/D (sky130_fd_sc_hd__dfrtp_1)
                                              1.639495   data arrival time

                                  0.000000    0.000000   clock clk (rise edge)
                                  0.000000    0.000000   clock source latency
     1    0.020000    0.095779    0.066087    0.066087 ^ clk (in)
                                                         clk (net)
                      0.095805    0.000000    0.066087 ^ clkbuf_0_clk/A (sky130_fd_sc_hd__clkbuf_16)
    16    0.094658    0.110614    0.199662    0.265749 ^ clkbuf_0_clk/X (sky130_fd_sc_hd__clkbuf_16)
                                                         clknet_0_clk (net)
                      0.110793    0.003112    0.268861 ^ clkbuf_4_3_0_clk/A (sky130_fd_sc_hd__clkbuf_8)
    11    0.053966    0.104170    0.197711    0.466572 ^ clkbuf_4_3_0_clk/X (sky130_fd_sc_hd__clkbuf_8)
                                                         clknet_4_3_0_clk (net)
                      0.104178    0.001012    0.467584 ^ _3142_/CLK (sky130_fd_sc_hd__dfrtp_1)
                                  0.500000    0.967584   clock uncertainty
                                  0.000000    0.967584   clock reconvergence pessimism
                                 -0.029110    0.938475   library hold time
                                              0.938475   data required time
---------------------------------------------------------------------------------------------
                                              0.938475   data required time
                                             -1.639495   data arrival time
---------------------------------------------------------------------------------------------
                                              0.701020   slack (MET)


Startpoint: _3116_ (rising edge-triggered flip-flop clocked by clk)
Endpoint: _3100_ (rising edge-triggered flip-flop clocked by clk)
Path Group: clk
Path Type: min

Fanout         Cap        Slew       Delay        Time   Description
---------------------------------------------------------------------------------------------
                                  0.000000    0.000000   clock clk (rise edge)
                                  0.000000    0.000000   clock source latency
     1    0.020000    0.095779    0.066087    0.066087 ^ clk (in)
                                                         clk (net)
                      0.095805    0.000000    0.066087 ^ clkbuf_0_clk/A (sky130_fd_sc_hd__clkbuf_16)
    16    0.094658    0.110614    0.199662    0.265749 ^ clkbuf_0_clk/X (sky130_fd_sc_hd__clkbuf_16)
                                                         clknet_0_clk (net)
                      0.110817    0.003381    0.269130 ^ clkbuf_4_1_0_clk/A (sky130_fd_sc_hd__clkbuf_8)
    16    0.063469    0.119051    0.208820    0.477950 ^ clkbuf_4_1_0_clk/X (sky130_fd_sc_hd__clkbuf_8)
                                                         clknet_4_1_0_clk (net)
                      0.119074    0.001670    0.479620 ^ _3116_/CLK (sky130_fd_sc_hd__dfrtp_2)
     1    0.002387    0.036423    0.355571    0.835191 ^ _3116_/Q (sky130_fd_sc_hd__dfrtp_2)
                                                         shift_in[5] (net)
                      0.036423    0.000053    0.835244 ^ hold230/A (sky130_fd_sc_hd__dlygate4sd3_1)
     6    0.020759    0.215356    0.661114    1.496358 ^ hold230/X (sky130_fd_sc_hd__dlygate4sd3_1)
                                                         net235 (net)
                      0.215357    0.000916    1.497274 ^ _2134_/A0 (sky130_fd_sc_hd__mux2_1)
     1    0.002367    0.038077    0.160179    1.657453 ^ _2134_/X (sky130_fd_sc_hd__mux2_1)
                                                         _0196_ (net)
                      0.038077    0.000048    1.657501 ^ _3100_/D (sky130_fd_sc_hd__dfrtp_4)
                                              1.657501   data arrival time

                                  0.000000    0.000000   clock clk (rise edge)
                                  0.000000    0.000000   clock source latency
     1    0.020000    0.095779    0.066087    0.066087 ^ clk (in)
                                                         clk (net)
                      0.095805    0.000000    0.066087 ^ clkbuf_0_clk/A (sky130_fd_sc_hd__clkbuf_16)
    16    0.094658    0.110614    0.199662    0.265749 ^ clkbuf_0_clk/X (sky130_fd_sc_hd__clkbuf_16)
                                                         clknet_0_clk (net)
                      0.110752    0.002595    0.268344 ^ clkbuf_4_7_0_clk/A (sky130_fd_sc_hd__clkbuf_8)
    17    0.062819    0.118024    0.207981    0.476324 ^ clkbuf_4_7_0_clk/X (sky130_fd_sc_hd__clkbuf_8)
                                                         clknet_4_7_0_clk (net)
                      0.118052    0.001791    0.478115 ^ _3100_/CLK (sky130_fd_sc_hd__dfrtp_4)
                                  0.500000    0.978115   clock uncertainty
                                  0.000000    0.978115   clock reconvergence pessimism
                                 -0.023344    0.954771   library hold time
                                              0.954771   data required time
---------------------------------------------------------------------------------------------
                                              0.954771   data required time
                                             -1.657501   data arrival time
---------------------------------------------------------------------------------------------
                                              0.702730   slack (MET)


Startpoint: _3116_ (rising edge-triggered flip-flop clocked by clk)
Endpoint: _3115_ (rising edge-triggered flip-flop clocked by clk)
Path Group: clk
Path Type: min

Fanout         Cap        Slew       Delay        Time   Description
---------------------------------------------------------------------------------------------
                                  0.000000    0.000000   clock clk (rise edge)
                                  0.000000    0.000000   clock source latency
     1    0.020000    0.095779    0.066087    0.066087 ^ clk (in)
                                                         clk (net)
                      0.095805    0.000000    0.066087 ^ clkbuf_0_clk/A (sky130_fd_sc_hd__clkbuf_16)
    16    0.094658    0.110614    0.199662    0.265749 ^ clkbuf_0_clk/X (sky130_fd_sc_hd__clkbuf_16)
                                                         clknet_0_clk (net)
                      0.110817    0.003381    0.269130 ^ clkbuf_4_1_0_clk/A (sky130_fd_sc_hd__clkbuf_8)
    16    0.063469    0.119051    0.208820    0.477950 ^ clkbuf_4_1_0_clk/X (sky130_fd_sc_hd__clkbuf_8)
                                                         clknet_4_1_0_clk (net)
                      0.119074    0.001670    0.479620 ^ _3116_/CLK (sky130_fd_sc_hd__dfrtp_2)
     1    0.002387    0.036423    0.355571    0.835191 ^ _3116_/Q (sky130_fd_sc_hd__dfrtp_2)
                                                         shift_in[5] (net)
                      0.036423    0.000053    0.835244 ^ hold230/A (sky130_fd_sc_hd__dlygate4sd3_1)
     6    0.020759    0.215356    0.661114    1.496358 ^ hold230/X (sky130_fd_sc_hd__dlygate4sd3_1)
                                                         net235 (net)
                      0.215357    0.000877    1.497235 ^ _2116_/A0 (sky130_fd_sc_hd__mux2_1)
     1    0.002528    0.039364    0.161524    1.658759 ^ _2116_/X (sky130_fd_sc_hd__mux2_1)
                                                         _0211_ (net)
                      0.039364    0.000056    1.658815 ^ _3115_/D (sky130_fd_sc_hd__dfrtp_2)
                                              1.658815   data arrival time

                                  0.000000    0.000000   clock clk (rise edge)
                                  0.000000    0.000000   clock source latency
     1    0.020000    0.095779    0.066087    0.066087 ^ clk (in)
                                                         clk (net)
                      0.095805    0.000000    0.066087 ^ clkbuf_0_clk/A (sky130_fd_sc_hd__clkbuf_16)
    16    0.094658    0.110614    0.199662    0.265749 ^ clkbuf_0_clk/X (sky130_fd_sc_hd__clkbuf_16)
                                                         clknet_0_clk (net)
                      0.110752    0.002595    0.268344 ^ clkbuf_4_7_0_clk/A (sky130_fd_sc_hd__clkbuf_8)
    17    0.062819    0.118024    0.207981    0.476324 ^ clkbuf_4_7_0_clk/X (sky130_fd_sc_hd__clkbuf_8)
                                                         clknet_4_7_0_clk (net)
                      0.118058    0.001953    0.478277 ^ _3115_/CLK (sky130_fd_sc_hd__dfrtp_2)
                                  0.500000    0.978277   clock uncertainty
                                  0.000000    0.978277   clock reconvergence pessimism
                                 -0.023537    0.954740   library hold time
                                              0.954740   data required time
---------------------------------------------------------------------------------------------
                                              0.954740   data required time
                                             -1.658815   data arrival time
---------------------------------------------------------------------------------------------
                                              0.704075   slack (MET)


Startpoint: _3168_ (rising edge-triggered flip-flop clocked by clk)
Endpoint: _3099_ (rising edge-triggered flip-flop clocked by clk)
Path Group: clk
Path Type: min

Fanout         Cap        Slew       Delay        Time   Description
---------------------------------------------------------------------------------------------
                                  0.000000    0.000000   clock clk (rise edge)
                                  0.000000    0.000000   clock source latency
     1    0.020000    0.095779    0.066087    0.066087 ^ clk (in)
                                                         clk (net)
                      0.095805    0.000000    0.066087 ^ clkbuf_0_clk/A (sky130_fd_sc_hd__clkbuf_16)
    16    0.094658    0.110614    0.199662    0.265749 ^ clkbuf_0_clk/X (sky130_fd_sc_hd__clkbuf_16)
                                                         clknet_0_clk (net)
                      0.110815    0.003356    0.269105 ^ clkbuf_4_0_0_clk/A (sky130_fd_sc_hd__clkbuf_8)
    24    0.065579    0.123215    0.209510    0.478615 ^ clkbuf_4_0_0_clk/X (sky130_fd_sc_hd__clkbuf_8)
                                                         clknet_4_0_0_clk (net)
                      0.123589    0.005521    0.484136 ^ _3168_/CLK (sky130_fd_sc_hd__dfstp_4)
    11    0.034990    0.109208    0.691299    1.175435 ^ _3168_/Q (sky130_fd_sc_hd__dfstp_4)
                                                         ss_s1 (net)
                      0.109208    0.001370    1.176805 ^ _2122_/B (sky130_fd_sc_hd__or3b_4)
    17    0.081155    0.267521    0.304432    1.481237 ^ _2122_/X (sky130_fd_sc_hd__or3b_4)
                                                         _0500_ (net)
                      0.267719    0.004843    1.486080 ^ _2135_/S (sky130_fd_sc_hd__mux2_1)
     1    0.002328    0.037797    0.176512    1.662592 ^ _2135_/X (sky130_fd_sc_hd__mux2_1)
                                                         _0358_ (net)
                      0.037797    0.000048    1.662640 ^ _3099_/D (sky130_fd_sc_hd__dfrtp_4)
                                              1.662640   data arrival time

                                  0.000000    0.000000   clock clk (rise edge)
                                  0.000000    0.000000   clock source latency
     1    0.020000    0.095779    0.066087    0.066087 ^ clk (in)
                                                         clk (net)
                      0.095805    0.000000    0.066087 ^ clkbuf_0_clk/A (sky130_fd_sc_hd__clkbuf_16)
    16    0.094658    0.110614    0.199662    0.265749 ^ clkbuf_0_clk/X (sky130_fd_sc_hd__clkbuf_16)
                                                         clknet_0_clk (net)
                      0.110752    0.002595    0.268344 ^ clkbuf_4_7_0_clk/A (sky130_fd_sc_hd__clkbuf_8)
    17    0.062819    0.118024    0.207981    0.476324 ^ clkbuf_4_7_0_clk/X (sky130_fd_sc_hd__clkbuf_8)
                                                         clknet_4_7_0_clk (net)
                      0.118070    0.002205    0.478529 ^ _3099_/CLK (sky130_fd_sc_hd__dfrtp_4)
                                  0.500000    0.978530   clock uncertainty
                                  0.000000    0.978530   clock reconvergence pessimism
                                 -0.023283    0.955246   library hold time
                                              0.955246   data required time
---------------------------------------------------------------------------------------------
                                              0.955246   data required time
                                             -1.662640   data arrival time
---------------------------------------------------------------------------------------------
                                              0.707394   slack (MET)


Startpoint: _3003_ (rising edge-triggered flip-flop clocked by clk)
Endpoint: _3004_ (rising edge-triggered flip-flop clocked by clk)
Path Group: clk
Path Type: min

Fanout         Cap        Slew       Delay        Time   Description
---------------------------------------------------------------------------------------------
                                  0.000000    0.000000   clock clk (rise edge)
                                  0.000000    0.000000   clock source latency
     1    0.020000    0.095779    0.066087    0.066087 ^ clk (in)
                                                         clk (net)
                      0.095805    0.000000    0.066087 ^ clkbuf_0_clk/A (sky130_fd_sc_hd__clkbuf_16)
    16    0.094658    0.110614    0.199662    0.265749 ^ clkbuf_0_clk/X (sky130_fd_sc_hd__clkbuf_16)
                                                         clknet_0_clk (net)
                      0.110779    0.002949    0.268699 ^ clkbuf_4_10_0_clk/A (sky130_fd_sc_hd__clkbuf_8)
    10    0.051793    0.100494    0.194865    0.463564 ^ clkbuf_4_10_0_clk/X (sky130_fd_sc_hd__clkbuf_8)
                                                         clknet_4_10_0_clk (net)
                      0.100507    0.001186    0.464750 ^ _3003_/CLK (sky130_fd_sc_hd__dfrtp_1)
     4    0.009694    0.097804    0.381987    0.846738 ^ _3003_/Q (sky130_fd_sc_hd__dfrtp_1)
                                                         my_divider.remainder_reg[2] (net)
                      0.097804    0.000138    0.846876 ^ _2754_/A0 (sky130_fd_sc_hd__mux2_1)
     1    0.003684    0.048058    0.139390    0.986266 ^ _2754_/X (sky130_fd_sc_hd__mux2_1)
                                                         _1024_ (net)
                      0.048058    0.000125    0.986391 ^ _2756_/B1 (sky130_fd_sc_hd__a221o_1)
     1    0.002805    0.041527    0.124995    1.111386 ^ _2756_/X (sky130_fd_sc_hd__a221o_1)
                                                         _0263_ (net)
                      0.041527    0.000092    1.111479 ^ hold190/A (sky130_fd_sc_hd__dlygate4sd3_1)
     1    0.002778    0.052720    0.533503    1.644982 ^ hold190/X (sky130_fd_sc_hd__dlygate4sd3_1)
                                                         net195 (net)
                      0.052720    0.000063    1.645045 ^ _3004_/D (sky130_fd_sc_hd__dfrtp_1)
                                              1.645045   data arrival time

                                  0.000000    0.000000   clock clk (rise edge)
                                  0.000000    0.000000   clock source latency
     1    0.020000    0.095779    0.066087    0.066087 ^ clk (in)
                                                         clk (net)
                      0.095805    0.000000    0.066087 ^ clkbuf_0_clk/A (sky130_fd_sc_hd__clkbuf_16)
    16    0.094658    0.110614    0.199662    0.265749 ^ clkbuf_0_clk/X (sky130_fd_sc_hd__clkbuf_16)
                                                         clknet_0_clk (net)
                      0.110779    0.002949    0.268699 ^ clkbuf_4_10_0_clk/A (sky130_fd_sc_hd__clkbuf_8)
    10    0.051793    0.100494    0.194865    0.463564 ^ clkbuf_4_10_0_clk/X (sky130_fd_sc_hd__clkbuf_8)
                                                         clknet_4_10_0_clk (net)
                      0.100507    0.001187    0.464751 ^ _3004_/CLK (sky130_fd_sc_hd__dfrtp_1)
                                  0.500000    0.964751   clock uncertainty
                                  0.000000    0.964751   clock reconvergence pessimism
                                 -0.028787    0.935964   library hold time
                                              0.935964   data required time
---------------------------------------------------------------------------------------------
                                              0.935964   data required time
                                             -1.645045   data arrival time
---------------------------------------------------------------------------------------------
                                              0.709080   slack (MET)


Startpoint: _3091_ (rising edge-triggered flip-flop clocked by clk)
Endpoint: _3038_ (rising edge-triggered flip-flop clocked by clk)
Path Group: clk
Path Type: min

Fanout         Cap        Slew       Delay        Time   Description
---------------------------------------------------------------------------------------------
                                  0.000000    0.000000   clock clk (rise edge)
                                  0.000000    0.000000   clock source latency
     1    0.020000    0.095779    0.066087    0.066087 ^ clk (in)
                                                         clk (net)
                      0.095805    0.000000    0.066087 ^ clkbuf_0_clk/A (sky130_fd_sc_hd__clkbuf_16)
    16    0.094658    0.110614    0.199662    0.265749 ^ clkbuf_0_clk/X (sky130_fd_sc_hd__clkbuf_16)
                                                         clknet_0_clk (net)
                      0.110749    0.002556    0.268306 ^ clkbuf_4_9_0_clk/A (sky130_fd_sc_hd__clkbuf_8)
     7    0.054427    0.104678    0.197841    0.466146 ^ clkbuf_4_9_0_clk/X (sky130_fd_sc_hd__clkbuf_8)
                                                         clknet_4_9_0_clk (net)
                      0.104709    0.001741    0.467888 ^ _3091_/CLK (sky130_fd_sc_hd__dfrtp_2)
     8    0.023909    0.127922    0.435877    0.903765 ^ _3091_/Q (sky130_fd_sc_hd__dfrtp_2)
                                                         acc_reg[12] (net)
                      0.127922    0.000590    0.904355 ^ _2386_/B2 (sky130_fd_sc_hd__a22o_1)
     1    0.003856    0.052582    0.146490    1.050845 ^ _2386_/X (sky130_fd_sc_hd__a22o_1)
                                                         _0691_ (net)
                      0.052582    0.000132    1.050977 ^ _2387_/B1 (sky130_fd_sc_hd__a21o_1)
     1    0.002406    0.031869    0.075682    1.126659 ^ _2387_/X (sky130_fd_sc_hd__a21o_1)
                                                         _0297_ (net)
                      0.031869    0.000054    1.126713 ^ hold245/A (sky130_fd_sc_hd__dlygate4sd3_1)
     1    0.002648    0.051602    0.529128    1.655841 ^ hold245/X (sky130_fd_sc_hd__dlygate4sd3_1)
                                                         net250 (net)
                      0.051602    0.000058    1.655899 ^ _3038_/D (sky130_fd_sc_hd__dfrtp_1)
                                              1.655899   data arrival time

                                  0.000000    0.000000   clock clk (rise edge)
                                  0.000000    0.000000   clock source latency
     1    0.020000    0.095779    0.066087    0.066087 ^ clk (in)
                                                         clk (net)
                      0.095805    0.000000    0.066087 ^ clkbuf_0_clk/A (sky130_fd_sc_hd__clkbuf_16)
    16    0.094658    0.110614    0.199662    0.265749 ^ clkbuf_0_clk/X (sky130_fd_sc_hd__clkbuf_16)
                                                         clknet_0_clk (net)
                      0.110767    0.002795    0.268544 ^ clkbuf_4_11_0_clk/A (sky130_fd_sc_hd__clkbuf_8)
    13    0.055869    0.107200    0.200015    0.468559 ^ clkbuf_4_11_0_clk/X (sky130_fd_sc_hd__clkbuf_8)
                                                         clknet_4_11_0_clk (net)
                      0.107209    0.001051    0.469610 ^ _3038_/CLK (sky130_fd_sc_hd__dfrtp_1)
                                  0.500000    0.969610   clock uncertainty
                                  0.000000    0.969610   clock reconvergence pessimism
                                 -0.027637    0.941973   library hold time
                                              0.941973   data required time
---------------------------------------------------------------------------------------------
                                              0.941973   data required time
                                             -1.655899   data arrival time
---------------------------------------------------------------------------------------------
                                              0.713926   slack (MET)


Startpoint: _3159_ (rising edge-triggered flip-flop clocked by clk)
Endpoint: _3072_ (rising edge-triggered flip-flop clocked by clk)
Path Group: clk
Path Type: min

Fanout         Cap        Slew       Delay        Time   Description
---------------------------------------------------------------------------------------------
                                  0.000000    0.000000   clock clk (rise edge)
                                  0.000000    0.000000   clock source latency
     1    0.020000    0.095779    0.066087    0.066087 ^ clk (in)
                                                         clk (net)
                      0.095805    0.000000    0.066087 ^ clkbuf_0_clk/A (sky130_fd_sc_hd__clkbuf_16)
    16    0.094658    0.110614    0.199662    0.265749 ^ clkbuf_0_clk/X (sky130_fd_sc_hd__clkbuf_16)
                                                         clknet_0_clk (net)
                      0.110825    0.003460    0.269209 ^ clkbuf_4_14_0_clk/A (sky130_fd_sc_hd__clkbuf_8)
    11    0.062213    0.117386    0.207506    0.476715 ^ clkbuf_4_14_0_clk/X (sky130_fd_sc_hd__clkbuf_8)
                                                         clknet_4_14_0_clk (net)
                      0.117394    0.001096    0.477811 ^ _3159_/CLK (sky130_fd_sc_hd__dfrtp_4)
     7    0.032662    0.120670    0.489189    0.967000 ^ _3159_/Q (sky130_fd_sc_hd__dfrtp_4)
                                                         my_sum_sub.state[1] (net)
                      0.120696    0.001768    0.968768 ^ _2169_/S (sky130_fd_sc_hd__mux2_1)
     1    0.003585    0.047279    0.151108    1.119875 ^ _2169_/X (sky130_fd_sc_hd__mux2_1)
                                                         _0331_ (net)
                      0.047279    0.000102    1.119977 ^ hold99/A (sky130_fd_sc_hd__dlygate4sd3_1)
     1    0.003090    0.055440    0.538325    1.658302 ^ hold99/X (sky130_fd_sc_hd__dlygate4sd3_1)
                                                         net104 (net)
                      0.055440    0.000077    1.658379 ^ _3072_/D (sky130_fd_sc_hd__dfrtp_1)
                                              1.658379   data arrival time

                                  0.000000    0.000000   clock clk (rise edge)
                                  0.000000    0.000000   clock source latency
     1    0.020000    0.095779    0.066087    0.066087 ^ clk (in)
                                                         clk (net)
                      0.095805    0.000000    0.066087 ^ clkbuf_0_clk/A (sky130_fd_sc_hd__clkbuf_16)
    16    0.094658    0.110614    0.199662    0.265749 ^ clkbuf_0_clk/X (sky130_fd_sc_hd__clkbuf_16)
                                                         clknet_0_clk (net)
                      0.110767    0.002795    0.268544 ^ clkbuf_4_11_0_clk/A (sky130_fd_sc_hd__clkbuf_8)
    13    0.055869    0.107200    0.200015    0.468559 ^ clkbuf_4_11_0_clk/X (sky130_fd_sc_hd__clkbuf_8)
                                                         clknet_4_11_0_clk (net)
                      0.107209    0.001053    0.469612 ^ _3072_/CLK (sky130_fd_sc_hd__dfrtp_1)
                                  0.500000    0.969612   clock uncertainty
                                  0.000000    0.969612   clock reconvergence pessimism
                                 -0.028435    0.941176   library hold time
                                              0.941176   data required time
---------------------------------------------------------------------------------------------
                                              0.941176   data required time
                                             -1.658379   data arrival time
---------------------------------------------------------------------------------------------
                                              0.717203   slack (MET)


Startpoint: _2997_ (rising edge-triggered flip-flop clocked by clk)
Endpoint: _2998_ (rising edge-triggered flip-flop clocked by clk)
Path Group: clk
Path Type: min

Fanout         Cap        Slew       Delay        Time   Description
---------------------------------------------------------------------------------------------
                                  0.000000    0.000000   clock clk (rise edge)
                                  0.000000    0.000000   clock source latency
     1    0.020000    0.095779    0.066087    0.066087 ^ clk (in)
                                                         clk (net)
                      0.095805    0.000000    0.066087 ^ clkbuf_0_clk/A (sky130_fd_sc_hd__clkbuf_16)
    16    0.094658    0.110614    0.199662    0.265749 ^ clkbuf_0_clk/X (sky130_fd_sc_hd__clkbuf_16)
                                                         clknet_0_clk (net)
                      0.110815    0.003356    0.269105 ^ clkbuf_4_0_0_clk/A (sky130_fd_sc_hd__clkbuf_8)
    24    0.065579    0.123215    0.209510    0.478615 ^ clkbuf_4_0_0_clk/X (sky130_fd_sc_hd__clkbuf_8)
                                                         clknet_4_0_0_clk (net)
                      0.123320    0.002980    0.481595 ^ _2997_/CLK (sky130_fd_sc_hd__dfrtp_1)
     4    0.010609    0.105257    0.395983    0.877578 ^ _2997_/Q (sky130_fd_sc_hd__dfrtp_1)
                                                         my_divider.counter[0] (net)
                      0.105257    0.000165    0.877743 ^ _2774_/A2 (sky130_fd_sc_hd__o21ba_1)
     1    0.003642    0.049715    0.129623    1.007365 ^ _2774_/X (sky130_fd_sc_hd__o21ba_1)
                                                         _1038_ (net)
                      0.049715    0.000122    1.007488 ^ _2775_/C1 (sky130_fd_sc_hd__o211a_1)
     1    0.002894    0.041571    0.129244    1.136732 ^ _2775_/X (sky130_fd_sc_hd__o211a_1)
                                                         _0257_ (net)
                      0.041571    0.000071    1.136803 ^ hold215/A (sky130_fd_sc_hd__dlygate4sd3_1)
     1    0.003184    0.056259    0.537333    1.674136 ^ hold215/X (sky130_fd_sc_hd__dlygate4sd3_1)
                                                         net220 (net)
                      0.056259    0.000104    1.674241 ^ _2998_/D (sky130_fd_sc_hd__dfrtp_1)
                                              1.674241   data arrival time

                                  0.000000    0.000000   clock clk (rise edge)
                                  0.000000    0.000000   clock source latency
     1    0.020000    0.095779    0.066087    0.066087 ^ clk (in)
                                                         clk (net)
                      0.095805    0.000000    0.066087 ^ clkbuf_0_clk/A (sky130_fd_sc_hd__clkbuf_16)
    16    0.094658    0.110614    0.199662    0.265749 ^ clkbuf_0_clk/X (sky130_fd_sc_hd__clkbuf_16)
                                                         clknet_0_clk (net)
                      0.110815    0.003356    0.269105 ^ clkbuf_4_0_0_clk/A (sky130_fd_sc_hd__clkbuf_8)
    24    0.065579    0.123215    0.209510    0.478615 ^ clkbuf_4_0_0_clk/X (sky130_fd_sc_hd__clkbuf_8)
                                                         clknet_4_0_0_clk (net)
                      0.123320    0.002980    0.481595 ^ _2998_/CLK (sky130_fd_sc_hd__dfrtp_1)
                                  0.500000    0.981595   clock uncertainty
                                  0.000000    0.981595   clock reconvergence pessimism
                                 -0.026400    0.955195   library hold time
                                              0.955195   data required time
---------------------------------------------------------------------------------------------
                                              0.955195   data required time
                                             -1.674241   data arrival time
---------------------------------------------------------------------------------------------
                                              0.719046   slack (MET)


Startpoint: _3008_ (rising edge-triggered flip-flop clocked by clk)
Endpoint: _3009_ (rising edge-triggered flip-flop clocked by clk)
Path Group: clk
Path Type: min

Fanout         Cap        Slew       Delay        Time   Description
---------------------------------------------------------------------------------------------
                                  0.000000    0.000000   clock clk (rise edge)
                                  0.000000    0.000000   clock source latency
     1    0.020000    0.095779    0.066087    0.066087 ^ clk (in)
                                                         clk (net)
                      0.095805    0.000000    0.066087 ^ clkbuf_0_clk/A (sky130_fd_sc_hd__clkbuf_16)
    16    0.094658    0.110614    0.199662    0.265749 ^ clkbuf_0_clk/X (sky130_fd_sc_hd__clkbuf_16)
                                                         clknet_0_clk (net)
                      0.110799    0.003186    0.268935 ^ clkbuf_4_2_0_clk/A (sky130_fd_sc_hd__clkbuf_8)
    18    0.064744    0.121094    0.210168    0.479103 ^ clkbuf_4_2_0_clk/X (sky130_fd_sc_hd__clkbuf_8)
                                                         clknet_4_2_0_clk (net)
                      0.121132    0.002076    0.481179 ^ _3008_/CLK (sky130_fd_sc_hd__dfrtp_1)
     4    0.009963    0.099991    0.391316    0.872494 ^ _3008_/Q (sky130_fd_sc_hd__dfrtp_1)
                                                         my_divider.remainder_reg[7] (net)
                      0.099991    0.000159    0.872653 ^ _2730_/A (sky130_fd_sc_hd__or2_1)
     1    0.003650    0.047067    0.114503    0.987156 ^ _2730_/X (sky130_fd_sc_hd__or2_1)
                                                         _1005_ (net)
                      0.047067    0.000093    0.987249 ^ _2731_/A3 (sky130_fd_sc_hd__a32o_1)
     1    0.002134    0.046249    0.148755    1.136004 ^ _2731_/X (sky130_fd_sc_hd__a32o_1)
                                                         _0268_ (net)
                      0.046249    0.000045    1.136049 ^ hold241/A (sky130_fd_sc_hd__dlygate4sd3_1)
     1    0.003269    0.057032    0.539682    1.675730 ^ hold241/X (sky130_fd_sc_hd__dlygate4sd3_1)
                                                         net246 (net)
                      0.057032    0.000082    1.675812 ^ _3009_/D (sky130_fd_sc_hd__dfrtp_2)
                                              1.675812   data arrival time

                                  0.000000    0.000000   clock clk (rise edge)
                                  0.000000    0.000000   clock source latency
     1    0.020000    0.095779    0.066087    0.066087 ^ clk (in)
                                                         clk (net)
                      0.095805    0.000000    0.066087 ^ clkbuf_0_clk/A (sky130_fd_sc_hd__clkbuf_16)
    16    0.094658    0.110614    0.199662    0.265749 ^ clkbuf_0_clk/X (sky130_fd_sc_hd__clkbuf_16)
                                                         clknet_0_clk (net)
                      0.110799    0.003186    0.268935 ^ clkbuf_4_2_0_clk/A (sky130_fd_sc_hd__clkbuf_8)
    18    0.064744    0.121094    0.210168    0.479103 ^ clkbuf_4_2_0_clk/X (sky130_fd_sc_hd__clkbuf_8)
                                                         clknet_4_2_0_clk (net)
                      0.121133    0.002089    0.481192 ^ _3009_/CLK (sky130_fd_sc_hd__dfrtp_2)
                                  0.500000    0.981192   clock uncertainty
                                  0.000000    0.981192   clock reconvergence pessimism
                                 -0.026743    0.954449   library hold time
                                              0.954449   data required time
---------------------------------------------------------------------------------------------
                                              0.954449   data required time
                                             -1.675812   data arrival time
---------------------------------------------------------------------------------------------
                                              0.721363   slack (MET)


Startpoint: _3089_ (rising edge-triggered flip-flop clocked by clk)
Endpoint: _3036_ (rising edge-triggered flip-flop clocked by clk)
Path Group: clk
Path Type: min

Fanout         Cap        Slew       Delay        Time   Description
---------------------------------------------------------------------------------------------
                                  0.000000    0.000000   clock clk (rise edge)
                                  0.000000    0.000000   clock source latency
     1    0.020000    0.095779    0.066087    0.066087 ^ clk (in)
                                                         clk (net)
                      0.095805    0.000000    0.066087 ^ clkbuf_0_clk/A (sky130_fd_sc_hd__clkbuf_16)
    16    0.094658    0.110614    0.199662    0.265749 ^ clkbuf_0_clk/X (sky130_fd_sc_hd__clkbuf_16)
                                                         clknet_0_clk (net)
                      0.110751    0.002584    0.268334 ^ clkbuf_4_4_0_clk/A (sky130_fd_sc_hd__clkbuf_8)
    11    0.055333    0.106119    0.198941    0.467275 ^ clkbuf_4_4_0_clk/X (sky130_fd_sc_hd__clkbuf_8)
                                                         clknet_4_4_0_clk (net)
                      0.106135    0.001323    0.468597 ^ _3089_/CLK (sky130_fd_sc_hd__dfrtp_2)
     8    0.024495    0.130607    0.438085    0.906683 ^ _3089_/Q (sky130_fd_sc_hd__dfrtp_2)
                                                         acc_reg[10] (net)
                      0.130618    0.001310    0.907992 ^ _2390_/A (sky130_fd_sc_hd__and2_1)
     1    0.002634    0.045438    0.136771    1.044763 ^ _2390_/X (sky130_fd_sc_hd__and2_1)
                                                         _0693_ (net)
                      0.045438    0.000052    1.044815 ^ _2391_/C1 (sky130_fd_sc_hd__a221o_1)
     1    0.002179    0.036162    0.090978    1.135793 ^ _2391_/X (sky130_fd_sc_hd__a221o_1)
                                                         _0295_ (net)
                      0.036162    0.000045    1.135838 ^ hold94/A (sky130_fd_sc_hd__dlygate4sd3_1)
     1    0.002672    0.051811    0.530754    1.666592 ^ hold94/X (sky130_fd_sc_hd__dlygate4sd3_1)
                                                         net99 (net)
                      0.051811    0.000061    1.666653 ^ _3036_/D (sky130_fd_sc_hd__dfrtp_1)
                                              1.666653   data arrival time

                                  0.000000    0.000000   clock clk (rise edge)
                                  0.000000    0.000000   clock source latency
     1    0.020000    0.095779    0.066087    0.066087 ^ clk (in)
                                                         clk (net)
                      0.095805    0.000000    0.066087 ^ clkbuf_0_clk/A (sky130_fd_sc_hd__clkbuf_16)
    16    0.094658    0.110614    0.199662    0.265749 ^ clkbuf_0_clk/X (sky130_fd_sc_hd__clkbuf_16)
                                                         clknet_0_clk (net)
                      0.110797    0.003163    0.268912 ^ clkbuf_4_12_0_clk/A (sky130_fd_sc_hd__clkbuf_8)
     8    0.055901    0.107020    0.199581    0.468493 ^ clkbuf_4_12_0_clk/X (sky130_fd_sc_hd__clkbuf_8)
                                                         clknet_4_12_0_clk (net)
                      0.107048    0.001661    0.470154 ^ _3036_/CLK (sky130_fd_sc_hd__dfrtp_1)
                                  0.500000    0.970154   clock uncertainty
                                  0.000000    0.970154   clock reconvergence pessimism
                                 -0.027703    0.942451   library hold time
                                              0.942451   data required time
---------------------------------------------------------------------------------------------
                                              0.942451   data required time
                                             -1.666653   data arrival time
---------------------------------------------------------------------------------------------
                                              0.724201   slack (MET)


Startpoint: _3160_ (rising edge-triggered flip-flop clocked by clk)
Endpoint: _3056_ (rising edge-triggered flip-flop clocked by clk)
Path Group: clk
Path Type: min

Fanout         Cap        Slew       Delay        Time   Description
---------------------------------------------------------------------------------------------
                                  0.000000    0.000000   clock clk (rise edge)
                                  0.000000    0.000000   clock source latency
     1    0.020000    0.095779    0.066087    0.066087 ^ clk (in)
                                                         clk (net)
                      0.095805    0.000000    0.066087 ^ clkbuf_0_clk/A (sky130_fd_sc_hd__clkbuf_16)
    16    0.094658    0.110614    0.199662    0.265749 ^ clkbuf_0_clk/X (sky130_fd_sc_hd__clkbuf_16)
                                                         clknet_0_clk (net)
                      0.110793    0.003112    0.268861 ^ clkbuf_4_3_0_clk/A (sky130_fd_sc_hd__clkbuf_8)
    11    0.053966    0.104170    0.197711    0.466572 ^ clkbuf_4_3_0_clk/X (sky130_fd_sc_hd__clkbuf_8)
                                                         clknet_4_3_0_clk (net)
                      0.104173    0.000733    0.467304 ^ _3160_/CLK (sky130_fd_sc_hd__dfrtp_4)
    11    0.052651    0.171976    0.526241    0.993545 ^ _3160_/Q (sky130_fd_sc_hd__dfrtp_4)
                                                         my_sum_sub.state[2] (net)
                      0.172412    0.007571    1.001116 ^ _2304_/A1 (sky130_fd_sc_hd__o21a_1)
     1    0.001855    0.032159    0.139114    1.140231 ^ _2304_/X (sky130_fd_sc_hd__o21a_1)
                                                         _0315_ (net)
                      0.032159    0.000036    1.140266 ^ hold130/A (sky130_fd_sc_hd__dlygate4sd3_1)
     1    0.002716    0.052182    0.529862    1.670128 ^ hold130/X (sky130_fd_sc_hd__dlygate4sd3_1)
                                                         net135 (net)
                      0.052182    0.000062    1.670190 ^ _3056_/D (sky130_fd_sc_hd__dfrtp_1)
                                              1.670190   data arrival time

                                  0.000000    0.000000   clock clk (rise edge)
                                  0.000000    0.000000   clock source latency
     1    0.020000    0.095779    0.066087    0.066087 ^ clk (in)
                                                         clk (net)
                      0.095805    0.000000    0.066087 ^ clkbuf_0_clk/A (sky130_fd_sc_hd__clkbuf_16)
    16    0.094658    0.110614    0.199662    0.265749 ^ clkbuf_0_clk/X (sky130_fd_sc_hd__clkbuf_16)
                                                         clknet_0_clk (net)
                      0.110829    0.003508    0.269257 ^ clkbuf_4_13_0_clk/A (sky130_fd_sc_hd__clkbuf_8)
    10    0.057366    0.109640    0.201654    0.470911 ^ clkbuf_4_13_0_clk/X (sky130_fd_sc_hd__clkbuf_8)
                                                         clknet_4_13_0_clk (net)
                      0.109668    0.001684    0.472595 ^ _3056_/CLK (sky130_fd_sc_hd__dfrtp_1)
                                  0.500000    0.972595   clock uncertainty
                                  0.000000    0.972595   clock reconvergence pessimism
                                 -0.027421    0.945174   library hold time
                                              0.945174   data required time
---------------------------------------------------------------------------------------------
                                              0.945174   data required time
                                             -1.670190   data arrival time
---------------------------------------------------------------------------------------------
                                              0.725017   slack (MET)


Startpoint: _3007_ (rising edge-triggered flip-flop clocked by clk)
Endpoint: _3008_ (rising edge-triggered flip-flop clocked by clk)
Path Group: clk
Path Type: min

Fanout         Cap        Slew       Delay        Time   Description
---------------------------------------------------------------------------------------------
                                  0.000000    0.000000   clock clk (rise edge)
                                  0.000000    0.000000   clock source latency
     1    0.020000    0.095779    0.066087    0.066087 ^ clk (in)
                                                         clk (net)
                      0.095805    0.000000    0.066087 ^ clkbuf_0_clk/A (sky130_fd_sc_hd__clkbuf_16)
    16    0.094658    0.110614    0.199662    0.265749 ^ clkbuf_0_clk/X (sky130_fd_sc_hd__clkbuf_16)
                                                         clknet_0_clk (net)
                      0.110799    0.003186    0.268935 ^ clkbuf_4_2_0_clk/A (sky130_fd_sc_hd__clkbuf_8)
    18    0.064744    0.121094    0.210168    0.479103 ^ clkbuf_4_2_0_clk/X (sky130_fd_sc_hd__clkbuf_8)
                                                         clknet_4_2_0_clk (net)
                      0.121162    0.002651    0.481754 ^ _3007_/CLK (sky130_fd_sc_hd__dfrtp_1)
     4    0.013663    0.130256    0.413676    0.895430 ^ _3007_/Q (sky130_fd_sc_hd__dfrtp_1)
                                                         my_divider.remainder_reg[6] (net)
                      0.130256    0.000173    0.895603 ^ _2734_/A0 (sky130_fd_sc_hd__mux2_1)
     1    0.003021    0.042969    0.144731    1.040334 ^ _2734_/X (sky130_fd_sc_hd__mux2_1)
                                                         _1008_ (net)
                      0.042969    0.000066    1.040399 ^ _2736_/A2 (sky130_fd_sc_hd__a21o_1)
     1    0.003104    0.037236    0.104218    1.144618 ^ _2736_/X (sky130_fd_sc_hd__a21o_1)
                                                         _0267_ (net)
                      0.037236    0.000080    1.144698 ^ hold282/A (sky130_fd_sc_hd__dlygate4sd3_1)
     1    0.003132    0.055790    0.535420    1.680118 ^ hold282/X (sky130_fd_sc_hd__dlygate4sd3_1)
                                                         net287 (net)
                      0.055790    0.000100    1.680218 ^ _3008_/D (sky130_fd_sc_hd__dfrtp_1)
                                              1.680218   data arrival time

                                  0.000000    0.000000   clock clk (rise edge)
                                  0.000000    0.000000   clock source latency
     1    0.020000    0.095779    0.066087    0.066087 ^ clk (in)
                                                         clk (net)
                      0.095805    0.000000    0.066087 ^ clkbuf_0_clk/A (sky130_fd_sc_hd__clkbuf_16)
    16    0.094658    0.110614    0.199662    0.265749 ^ clkbuf_0_clk/X (sky130_fd_sc_hd__clkbuf_16)
                                                         clknet_0_clk (net)
                      0.110799    0.003186    0.268935 ^ clkbuf_4_2_0_clk/A (sky130_fd_sc_hd__clkbuf_8)
    18    0.064744    0.121094    0.210168    0.479103 ^ clkbuf_4_2_0_clk/X (sky130_fd_sc_hd__clkbuf_8)
                                                         clknet_4_2_0_clk (net)
                      0.121132    0.002076    0.481179 ^ _3008_/CLK (sky130_fd_sc_hd__dfrtp_1)
                                  0.500000    0.981179   clock uncertainty
                                  0.000000    0.981179   clock reconvergence pessimism
                                 -0.026602    0.954577   library hold time
                                              0.954577   data required time
---------------------------------------------------------------------------------------------
                                              0.954577   data required time
                                             -1.680218   data arrival time
---------------------------------------------------------------------------------------------
                                              0.725641   slack (MET)


Startpoint: _3160_ (rising edge-triggered flip-flop clocked by clk)
Endpoint: _3053_ (rising edge-triggered flip-flop clocked by clk)
Path Group: clk
Path Type: min

Fanout         Cap        Slew       Delay        Time   Description
---------------------------------------------------------------------------------------------
                                  0.000000    0.000000   clock clk (rise edge)
                                  0.000000    0.000000   clock source latency
     1    0.020000    0.095779    0.066087    0.066087 ^ clk (in)
                                                         clk (net)
                      0.095805    0.000000    0.066087 ^ clkbuf_0_clk/A (sky130_fd_sc_hd__clkbuf_16)
    16    0.094658    0.110614    0.199662    0.265749 ^ clkbuf_0_clk/X (sky130_fd_sc_hd__clkbuf_16)
                                                         clknet_0_clk (net)
                      0.110793    0.003112    0.268861 ^ clkbuf_4_3_0_clk/A (sky130_fd_sc_hd__clkbuf_8)
    11    0.053966    0.104170    0.197711    0.466572 ^ clkbuf_4_3_0_clk/X (sky130_fd_sc_hd__clkbuf_8)
                                                         clknet_4_3_0_clk (net)
                      0.104173    0.000733    0.467304 ^ _3160_/CLK (sky130_fd_sc_hd__dfrtp_4)
    11    0.052651    0.171976    0.526241    0.993545 ^ _3160_/Q (sky130_fd_sc_hd__dfrtp_4)
                                                         my_sum_sub.state[2] (net)
                      0.172381    0.007322    1.000867 ^ _2330_/A1 (sky130_fd_sc_hd__o21a_1)
     1    0.002720    0.039212    0.145719    1.146586 ^ _2330_/X (sky130_fd_sc_hd__o21a_1)
                                                         _0312_ (net)
                      0.039212    0.000065    1.146651 ^ hold125/A (sky130_fd_sc_hd__dlygate4sd3_1)
     1    0.002452    0.049962    0.529681    1.676333 ^ hold125/X (sky130_fd_sc_hd__dlygate4sd3_1)
                                                         net130 (net)
                      0.049962    0.000053    1.676385 ^ _3053_/D (sky130_fd_sc_hd__dfrtp_1)
                                              1.676385   data arrival time

                                  0.000000    0.000000   clock clk (rise edge)
                                  0.000000    0.000000   clock source latency
     1    0.020000    0.095779    0.066087    0.066087 ^ clk (in)
                                                         clk (net)
                      0.095805    0.000000    0.066087 ^ clkbuf_0_clk/A (sky130_fd_sc_hd__clkbuf_16)
    16    0.094658    0.110614    0.199662    0.265749 ^ clkbuf_0_clk/X (sky130_fd_sc_hd__clkbuf_16)
                                                         clknet_0_clk (net)
                      0.110829    0.003506    0.269255 ^ clkbuf_4_15_0_clk/A (sky130_fd_sc_hd__clkbuf_8)
    13    0.060153    0.113790    0.204562    0.473817 ^ clkbuf_4_15_0_clk/X (sky130_fd_sc_hd__clkbuf_8)
                                                         clknet_4_15_0_clk (net)
                      0.113824    0.001887    0.475704 ^ _3053_/CLK (sky130_fd_sc_hd__dfrtp_1)
                                  0.500000    0.975704   clock uncertainty
                                  0.000000    0.975704   clock reconvergence pessimism
                                 -0.026391    0.949313   library hold time
                                              0.949313   data required time
---------------------------------------------------------------------------------------------
                                              0.949313   data required time
                                             -1.676385   data arrival time
---------------------------------------------------------------------------------------------
                                              0.727072   slack (MET)


Startpoint: _3005_ (rising edge-triggered flip-flop clocked by clk)
Endpoint: _3006_ (rising edge-triggered flip-flop clocked by clk)
Path Group: clk
Path Type: min

Fanout         Cap        Slew       Delay        Time   Description
---------------------------------------------------------------------------------------------
                                  0.000000    0.000000   clock clk (rise edge)
                                  0.000000    0.000000   clock source latency
     1    0.020000    0.095779    0.066087    0.066087 ^ clk (in)
                                                         clk (net)
                      0.095805    0.000000    0.066087 ^ clkbuf_0_clk/A (sky130_fd_sc_hd__clkbuf_16)
    16    0.094658    0.110614    0.199662    0.265749 ^ clkbuf_0_clk/X (sky130_fd_sc_hd__clkbuf_16)
                                                         clknet_0_clk (net)
                      0.110799    0.003186    0.268935 ^ clkbuf_4_2_0_clk/A (sky130_fd_sc_hd__clkbuf_8)
    18    0.064744    0.121094    0.210168    0.479103 ^ clkbuf_4_2_0_clk/X (sky130_fd_sc_hd__clkbuf_8)
                                                         clknet_4_2_0_clk (net)
                      0.121164    0.002684    0.481787 ^ _3005_/CLK (sky130_fd_sc_hd__dfrtp_1)
     4    0.010914    0.107760    0.396996    0.878783 ^ _3005_/Q (sky130_fd_sc_hd__dfrtp_1)
                                                         my_divider.remainder_reg[4] (net)
                      0.107760    0.000338    0.879120 ^ _2744_/A0 (sky130_fd_sc_hd__mux2_1)
     1    0.003536    0.046904    0.141839    1.020959 ^ _2744_/X (sky130_fd_sc_hd__mux2_1)
                                                         _1016_ (net)
                      0.046927    0.000089    1.021048 ^ _2746_/B1 (sky130_fd_sc_hd__a221o_1)
     1    0.002928    0.042487    0.125650    1.146698 ^ _2746_/X (sky130_fd_sc_hd__a221o_1)
                                                         _0265_ (net)
                      0.042487    0.000073    1.146771 ^ hold196/A (sky130_fd_sc_hd__dlygate4sd3_1)
     1    0.003267    0.056999    0.538415    1.685186 ^ hold196/X (sky130_fd_sc_hd__dlygate4sd3_1)
                                                         net201 (net)
                      0.056999    0.000108    1.685295 ^ _3006_/D (sky130_fd_sc_hd__dfrtp_1)
                                              1.685295   data arrival time

                                  0.000000    0.000000   clock clk (rise edge)
                                  0.000000    0.000000   clock source latency
     1    0.020000    0.095779    0.066087    0.066087 ^ clk (in)
                                                         clk (net)
                      0.095805    0.000000    0.066087 ^ clkbuf_0_clk/A (sky130_fd_sc_hd__clkbuf_16)
    16    0.094658    0.110614    0.199662    0.265749 ^ clkbuf_0_clk/X (sky130_fd_sc_hd__clkbuf_16)
                                                         clknet_0_clk (net)
                      0.110799    0.003186    0.268935 ^ clkbuf_4_2_0_clk/A (sky130_fd_sc_hd__clkbuf_8)
    18    0.064744    0.121094    0.210168    0.479103 ^ clkbuf_4_2_0_clk/X (sky130_fd_sc_hd__clkbuf_8)
                                                         clknet_4_2_0_clk (net)
                      0.121163    0.002678    0.481781 ^ _3006_/CLK (sky130_fd_sc_hd__dfrtp_1)
                                  0.500000    0.981781   clock uncertainty
                                  0.000000    0.981781   clock reconvergence pessimism
                                 -0.026849    0.954932   library hold time
                                              0.954932   data required time
---------------------------------------------------------------------------------------------
                                              0.954932   data required time
                                             -1.685295   data arrival time
---------------------------------------------------------------------------------------------
                                              0.730362   slack (MET)


Startpoint: _3092_ (rising edge-triggered flip-flop clocked by clk)
Endpoint: _3039_ (rising edge-triggered flip-flop clocked by clk)
Path Group: clk
Path Type: min

Fanout         Cap        Slew       Delay        Time   Description
---------------------------------------------------------------------------------------------
                                  0.000000    0.000000   clock clk (rise edge)
                                  0.000000    0.000000   clock source latency
     1    0.020000    0.095779    0.066087    0.066087 ^ clk (in)
                                                         clk (net)
                      0.095805    0.000000    0.066087 ^ clkbuf_0_clk/A (sky130_fd_sc_hd__clkbuf_16)
    16    0.094658    0.110614    0.199662    0.265749 ^ clkbuf_0_clk/X (sky130_fd_sc_hd__clkbuf_16)
                                                         clknet_0_clk (net)
                      0.110793    0.003112    0.268861 ^ clkbuf_4_3_0_clk/A (sky130_fd_sc_hd__clkbuf_8)
    11    0.053966    0.104170    0.197711    0.466572 ^ clkbuf_4_3_0_clk/X (sky130_fd_sc_hd__clkbuf_8)
                                                         clknet_4_3_0_clk (net)
                      0.104177    0.000965    0.467537 ^ _3092_/CLK (sky130_fd_sc_hd__dfrtp_2)
     6    0.019243    0.107555    0.419702    0.887239 ^ _3092_/Q (sky130_fd_sc_hd__dfrtp_2)
                                                         acc_reg[13] (net)
                      0.107556    0.000534    0.887773 ^ _2384_/A (sky130_fd_sc_hd__and2_1)
     1    0.003634    0.053433    0.137357    1.025130 ^ _2384_/X (sky130_fd_sc_hd__and2_1)
                                                         _0690_ (net)
                      0.053433    0.000093    1.025223 ^ _2385_/C1 (sky130_fd_sc_hd__a221o_1)
     1    0.004185    0.052970    0.108711    1.133934 ^ _2385_/X (sky130_fd_sc_hd__a221o_1)
                                                         _0298_ (net)
                      0.052970    0.000133    1.134068 ^ hold119/A (sky130_fd_sc_hd__dlygate4sd3_1)
     1    0.003013    0.054769    0.539463    1.673530 ^ hold119/X (sky130_fd_sc_hd__dlygate4sd3_1)
                                                         net124 (net)
                      0.054769    0.000072    1.673602 ^ _3039_/D (sky130_fd_sc_hd__dfrtp_1)
                                              1.673602   data arrival time

                                  0.000000    0.000000   clock clk (rise edge)
                                  0.000000    0.000000   clock source latency
     1    0.020000    0.095779    0.066087    0.066087 ^ clk (in)
                                                         clk (net)
                      0.095805    0.000000    0.066087 ^ clkbuf_0_clk/A (sky130_fd_sc_hd__clkbuf_16)
    16    0.094658    0.110614    0.199662    0.265749 ^ clkbuf_0_clk/X (sky130_fd_sc_hd__clkbuf_16)
                                                         clknet_0_clk (net)
                      0.110767    0.002795    0.268544 ^ clkbuf_4_11_0_clk/A (sky130_fd_sc_hd__clkbuf_8)
    13    0.055869    0.107200    0.200015    0.468559 ^ clkbuf_4_11_0_clk/X (sky130_fd_sc_hd__clkbuf_8)
                                                         clknet_4_11_0_clk (net)
                      0.107208    0.001013    0.469572 ^ _3039_/CLK (sky130_fd_sc_hd__dfrtp_1)
                                  0.500000    0.969572   clock uncertainty
                                  0.000000    0.969572   clock reconvergence pessimism
                                 -0.028296    0.941276   library hold time
                                              0.941276   data required time
---------------------------------------------------------------------------------------------
                                              0.941276   data required time
                                             -1.673602   data arrival time
---------------------------------------------------------------------------------------------
                                              0.732326   slack (MET)


Startpoint: _3160_ (rising edge-triggered flip-flop clocked by clk)
Endpoint: _3050_ (rising edge-triggered flip-flop clocked by clk)
Path Group: clk
Path Type: min

Fanout         Cap        Slew       Delay        Time   Description
---------------------------------------------------------------------------------------------
                                  0.000000    0.000000   clock clk (rise edge)
                                  0.000000    0.000000   clock source latency
     1    0.020000    0.095779    0.066087    0.066087 ^ clk (in)
                                                         clk (net)
                      0.095805    0.000000    0.066087 ^ clkbuf_0_clk/A (sky130_fd_sc_hd__clkbuf_16)
    16    0.094658    0.110614    0.199662    0.265749 ^ clkbuf_0_clk/X (sky130_fd_sc_hd__clkbuf_16)
                                                         clknet_0_clk (net)
                      0.110793    0.003112    0.268861 ^ clkbuf_4_3_0_clk/A (sky130_fd_sc_hd__clkbuf_8)
    11    0.053966    0.104170    0.197711    0.466572 ^ clkbuf_4_3_0_clk/X (sky130_fd_sc_hd__clkbuf_8)
                                                         clknet_4_3_0_clk (net)
                      0.104173    0.000733    0.467304 ^ _3160_/CLK (sky130_fd_sc_hd__dfrtp_4)
    11    0.052651    0.171976    0.526241    0.993545 ^ _3160_/Q (sky130_fd_sc_hd__dfrtp_4)
                                                         my_sum_sub.state[2] (net)
                      0.172255    0.006209    0.999754 ^ _2358_/A1 (sky130_fd_sc_hd__o21a_1)
     1    0.002348    0.036080    0.142855    1.142609 ^ _2358_/X (sky130_fd_sc_hd__o21a_1)
                                                         _0309_ (net)
                      0.036080    0.000051    1.142660 ^ hold138/A (sky130_fd_sc_hd__dlygate4sd3_1)
     1    0.003132    0.055788    0.535036    1.677696 ^ hold138/X (sky130_fd_sc_hd__dlygate4sd3_1)
                                                         net143 (net)
                      0.055788    0.000106    1.677802 ^ _3050_/D (sky130_fd_sc_hd__dfrtp_1)
                                              1.677802   data arrival time

                                  0.000000    0.000000   clock clk (rise edge)
                                  0.000000    0.000000   clock source latency
     1    0.020000    0.095779    0.066087    0.066087 ^ clk (in)
                                                         clk (net)
                      0.095805    0.000000    0.066087 ^ clkbuf_0_clk/A (sky130_fd_sc_hd__clkbuf_16)
    16    0.094658    0.110614    0.199662    0.265749 ^ clkbuf_0_clk/X (sky130_fd_sc_hd__clkbuf_16)
                                                         clknet_0_clk (net)
                      0.110797    0.003163    0.268912 ^ clkbuf_4_12_0_clk/A (sky130_fd_sc_hd__clkbuf_8)
     8    0.055901    0.107020    0.199581    0.468493 ^ clkbuf_4_12_0_clk/X (sky130_fd_sc_hd__clkbuf_8)
                                                         clknet_4_12_0_clk (net)
                      0.107027    0.000952    0.469445 ^ _3050_/CLK (sky130_fd_sc_hd__dfrtp_1)
                                  0.500000    0.969445   clock uncertainty
                                  0.000000    0.969445   clock reconvergence pessimism
                                 -0.028533    0.940912   library hold time
                                              0.940912   data required time
---------------------------------------------------------------------------------------------
                                              0.940912   data required time
                                             -1.677802   data arrival time
---------------------------------------------------------------------------------------------
                                              0.736890   slack (MET)


Startpoint: _3160_ (rising edge-triggered flip-flop clocked by clk)
Endpoint: _3054_ (rising edge-triggered flip-flop clocked by clk)
Path Group: clk
Path Type: min

Fanout         Cap        Slew       Delay        Time   Description
---------------------------------------------------------------------------------------------
                                  0.000000    0.000000   clock clk (rise edge)
                                  0.000000    0.000000   clock source latency
     1    0.020000    0.095779    0.066087    0.066087 ^ clk (in)
                                                         clk (net)
                      0.095805    0.000000    0.066087 ^ clkbuf_0_clk/A (sky130_fd_sc_hd__clkbuf_16)
    16    0.094658    0.110614    0.199662    0.265749 ^ clkbuf_0_clk/X (sky130_fd_sc_hd__clkbuf_16)
                                                         clknet_0_clk (net)
                      0.110793    0.003112    0.268861 ^ clkbuf_4_3_0_clk/A (sky130_fd_sc_hd__clkbuf_8)
    11    0.053966    0.104170    0.197711    0.466572 ^ clkbuf_4_3_0_clk/X (sky130_fd_sc_hd__clkbuf_8)
                                                         clknet_4_3_0_clk (net)
                      0.104173    0.000733    0.467304 ^ _3160_/CLK (sky130_fd_sc_hd__dfrtp_4)
    11    0.052651    0.171976    0.526241    0.993545 ^ _3160_/Q (sky130_fd_sc_hd__dfrtp_4)
                                                         my_sum_sub.state[2] (net)
                      0.172394    0.007427    1.000972 ^ _2322_/A1 (sky130_fd_sc_hd__o21a_1)
     1    0.002347    0.036017    0.142875    1.143847 ^ _2322_/X (sky130_fd_sc_hd__o21a_1)
                                                         _0313_ (net)
                      0.036017    0.000051    1.143899 ^ hold127/A (sky130_fd_sc_hd__dlygate4sd3_1)
     1    0.003400    0.058163    0.537518    1.681417 ^ hold127/X (sky130_fd_sc_hd__dlygate4sd3_1)
                                                         net132 (net)
                      0.058163    0.000115    1.681531 ^ _3054_/D (sky130_fd_sc_hd__dfrtp_1)
                                              1.681531   data arrival time

                                  0.000000    0.000000   clock clk (rise edge)
                                  0.000000    0.000000   clock source latency
     1    0.020000    0.095779    0.066087    0.066087 ^ clk (in)
                                                         clk (net)
                      0.095805    0.000000    0.066087 ^ clkbuf_0_clk/A (sky130_fd_sc_hd__clkbuf_16)
    16    0.094658    0.110614    0.199662    0.265749 ^ clkbuf_0_clk/X (sky130_fd_sc_hd__clkbuf_16)
                                                         clknet_0_clk (net)
                      0.110829    0.003508    0.269257 ^ clkbuf_4_13_0_clk/A (sky130_fd_sc_hd__clkbuf_8)
    10    0.057366    0.109640    0.201654    0.470911 ^ clkbuf_4_13_0_clk/X (sky130_fd_sc_hd__clkbuf_8)
                                                         clknet_4_13_0_clk (net)
                      0.109666    0.001651    0.472562 ^ _3054_/CLK (sky130_fd_sc_hd__dfrtp_1)
                                  0.500000    0.972562   clock uncertainty
                                  0.000000    0.972562   clock reconvergence pessimism
                                 -0.028665    0.943897   library hold time
                                              0.943897   data required time
---------------------------------------------------------------------------------------------
                                              0.943897   data required time
                                             -1.681531   data arrival time
---------------------------------------------------------------------------------------------
                                              0.737634   slack (MET)


Startpoint: _3160_ (rising edge-triggered flip-flop clocked by clk)
Endpoint: _3052_ (rising edge-triggered flip-flop clocked by clk)
Path Group: clk
Path Type: min

Fanout         Cap        Slew       Delay        Time   Description
---------------------------------------------------------------------------------------------
                                  0.000000    0.000000   clock clk (rise edge)
                                  0.000000    0.000000   clock source latency
     1    0.020000    0.095779    0.066087    0.066087 ^ clk (in)
                                                         clk (net)
                      0.095805    0.000000    0.066087 ^ clkbuf_0_clk/A (sky130_fd_sc_hd__clkbuf_16)
    16    0.094658    0.110614    0.199662    0.265749 ^ clkbuf_0_clk/X (sky130_fd_sc_hd__clkbuf_16)
                                                         clknet_0_clk (net)
                      0.110793    0.003112    0.268861 ^ clkbuf_4_3_0_clk/A (sky130_fd_sc_hd__clkbuf_8)
    11    0.053966    0.104170    0.197711    0.466572 ^ clkbuf_4_3_0_clk/X (sky130_fd_sc_hd__clkbuf_8)
                                                         clknet_4_3_0_clk (net)
                      0.104173    0.000733    0.467304 ^ _3160_/CLK (sky130_fd_sc_hd__dfrtp_4)
    11    0.052651    0.171976    0.526241    0.993545 ^ _3160_/Q (sky130_fd_sc_hd__dfrtp_4)
                                                         my_sum_sub.state[2] (net)
                      0.172359    0.007149    1.000694 ^ _2339_/A1 (sky130_fd_sc_hd__o21a_1)
     1    0.003175    0.042943    0.149199    1.149892 ^ _2339_/X (sky130_fd_sc_hd__o21a_1)
                                                         _0311_ (net)
                      0.042943    0.000083    1.149975 ^ hold150/A (sky130_fd_sc_hd__dlygate4sd3_1)
     1    0.002624    0.051411    0.532517    1.682493 ^ hold150/X (sky130_fd_sc_hd__dlygate4sd3_1)
                                                         net155 (net)
                      0.051411    0.000057    1.682550 ^ _3052_/D (sky130_fd_sc_hd__dfrtp_1)
                                              1.682550   data arrival time

                                  0.000000    0.000000   clock clk (rise edge)
                                  0.000000    0.000000   clock source latency
     1    0.020000    0.095779    0.066087    0.066087 ^ clk (in)
                                                         clk (net)
                      0.095805    0.000000    0.066087 ^ clkbuf_0_clk/A (sky130_fd_sc_hd__clkbuf_16)
    16    0.094658    0.110614    0.199662    0.265749 ^ clkbuf_0_clk/X (sky130_fd_sc_hd__clkbuf_16)
                                                         clknet_0_clk (net)
                      0.110829    0.003508    0.269257 ^ clkbuf_4_13_0_clk/A (sky130_fd_sc_hd__clkbuf_8)
    10    0.057366    0.109640    0.201654    0.470911 ^ clkbuf_4_13_0_clk/X (sky130_fd_sc_hd__clkbuf_8)
                                                         clknet_4_13_0_clk (net)
                      0.109649    0.001095    0.472006 ^ _3052_/CLK (sky130_fd_sc_hd__dfrtp_1)
                                  0.500000    0.972006   clock uncertainty
                                  0.000000    0.972006   clock reconvergence pessimism
                                 -0.027264    0.944742   library hold time
                                              0.944742   data required time
---------------------------------------------------------------------------------------------
                                              0.944742   data required time
                                             -1.682550   data arrival time
---------------------------------------------------------------------------------------------
                                              0.737807   slack (MET)


Startpoint: _3092_ (rising edge-triggered flip-flop clocked by clk)
Endpoint: _3140_ (rising edge-triggered flip-flop clocked by clk)
Path Group: clk
Path Type: min

Fanout         Cap        Slew       Delay        Time   Description
---------------------------------------------------------------------------------------------
                                  0.000000    0.000000   clock clk (rise edge)
                                  0.000000    0.000000   clock source latency
     1    0.020000    0.095779    0.066087    0.066087 ^ clk (in)
                                                         clk (net)
                      0.095805    0.000000    0.066087 ^ clkbuf_0_clk/A (sky130_fd_sc_hd__clkbuf_16)
    16    0.094658    0.110614    0.199662    0.265749 ^ clkbuf_0_clk/X (sky130_fd_sc_hd__clkbuf_16)
                                                         clknet_0_clk (net)
                      0.110793    0.003112    0.268861 ^ clkbuf_4_3_0_clk/A (sky130_fd_sc_hd__clkbuf_8)
    11    0.053966    0.104170    0.197711    0.466572 ^ clkbuf_4_3_0_clk/X (sky130_fd_sc_hd__clkbuf_8)
                                                         clknet_4_3_0_clk (net)
                      0.104177    0.000965    0.467537 ^ _3092_/CLK (sky130_fd_sc_hd__dfrtp_2)
     6    0.019243    0.107555    0.419702    0.887239 ^ _3092_/Q (sky130_fd_sc_hd__dfrtp_2)
                                                         acc_reg[13] (net)
                      0.107555    0.000308    0.887547 ^ _2011_/B2 (sky130_fd_sc_hd__a221o_1)
     1    0.002872    0.044259    0.146427    1.033975 ^ _2011_/X (sky130_fd_sc_hd__a221o_1)
                                                         _0419_ (net)
                      0.044259    0.000061    1.034036 ^ _2012_/B2 (sky130_fd_sc_hd__o22a_1)
     1    0.003477    0.046944    0.112990    1.147025 ^ _2012_/X (sky130_fd_sc_hd__o22a_1)
                                                         _0236_ (net)
                      0.046944    0.000098    1.147123 ^ hold60/A (sky130_fd_sc_hd__dlygate4sd3_1)
     1    0.002590    0.051128    0.533502    1.680625 ^ hold60/X (sky130_fd_sc_hd__dlygate4sd3_1)
                                                         net65 (net)
                      0.051128    0.000056    1.680681 ^ _3140_/D (sky130_fd_sc_hd__dfrtp_1)
                                              1.680681   data arrival time

                                  0.000000    0.000000   clock clk (rise edge)
                                  0.000000    0.000000   clock source latency
     1    0.020000    0.095779    0.066087    0.066087 ^ clk (in)
                                                         clk (net)
                      0.095805    0.000000    0.066087 ^ clkbuf_0_clk/A (sky130_fd_sc_hd__clkbuf_16)
    16    0.094658    0.110614    0.199662    0.265749 ^ clkbuf_0_clk/X (sky130_fd_sc_hd__clkbuf_16)
                                                         clknet_0_clk (net)
                      0.110749    0.002556    0.268306 ^ clkbuf_4_9_0_clk/A (sky130_fd_sc_hd__clkbuf_8)
     7    0.054427    0.104678    0.197841    0.466146 ^ clkbuf_4_9_0_clk/X (sky130_fd_sc_hd__clkbuf_8)
                                                         clknet_4_9_0_clk (net)
                      0.104705    0.001643    0.467789 ^ _3140_/CLK (sky130_fd_sc_hd__dfrtp_1)
                                  0.500000    0.967789   clock uncertainty
                                  0.000000    0.967789   clock reconvergence pessimism
                                 -0.027881    0.939908   library hold time
                                              0.939908   data required time
---------------------------------------------------------------------------------------------
                                              0.939908   data required time
                                             -1.680681   data arrival time
---------------------------------------------------------------------------------------------
                                              0.740773   slack (MET)


Startpoint: _3160_ (rising edge-triggered flip-flop clocked by clk)
Endpoint: _3051_ (rising edge-triggered flip-flop clocked by clk)
Path Group: clk
Path Type: min

Fanout         Cap        Slew       Delay        Time   Description
---------------------------------------------------------------------------------------------
                                  0.000000    0.000000   clock clk (rise edge)
                                  0.000000    0.000000   clock source latency
     1    0.020000    0.095779    0.066087    0.066087 ^ clk (in)
                                                         clk (net)
                      0.095805    0.000000    0.066087 ^ clkbuf_0_clk/A (sky130_fd_sc_hd__clkbuf_16)
    16    0.094658    0.110614    0.199662    0.265749 ^ clkbuf_0_clk/X (sky130_fd_sc_hd__clkbuf_16)
                                                         clknet_0_clk (net)
                      0.110793    0.003112    0.268861 ^ clkbuf_4_3_0_clk/A (sky130_fd_sc_hd__clkbuf_8)
    11    0.053966    0.104170    0.197711    0.466572 ^ clkbuf_4_3_0_clk/X (sky130_fd_sc_hd__clkbuf_8)
                                                         clknet_4_3_0_clk (net)
                      0.104173    0.000733    0.467304 ^ _3160_/CLK (sky130_fd_sc_hd__dfrtp_4)
    11    0.052651    0.171976    0.526241    0.993545 ^ _3160_/Q (sky130_fd_sc_hd__dfrtp_4)
                                                         my_sum_sub.state[2] (net)
                      0.172312    0.006740    1.000285 ^ _2349_/A1 (sky130_fd_sc_hd__o21a_1)
     1    0.002290    0.035298    0.142417    1.142702 ^ _2349_/X (sky130_fd_sc_hd__o21a_1)
                                                         _0310_ (net)
                      0.035299    0.000050    1.142751 ^ hold136/A (sky130_fd_sc_hd__dlygate4sd3_1)
     1    0.003780    0.061792    0.540195    1.682946 ^ hold136/X (sky130_fd_sc_hd__dlygate4sd3_1)
                                                         net141 (net)
                      0.061792    0.000140    1.683085 ^ _3051_/D (sky130_fd_sc_hd__dfrtp_1)
                                              1.683085   data arrival time

                                  0.000000    0.000000   clock clk (rise edge)
                                  0.000000    0.000000   clock source latency
     1    0.020000    0.095779    0.066087    0.066087 ^ clk (in)
                                                         clk (net)
                      0.095805    0.000000    0.066087 ^ clkbuf_0_clk/A (sky130_fd_sc_hd__clkbuf_16)
    16    0.094658    0.110614    0.199662    0.265749 ^ clkbuf_0_clk/X (sky130_fd_sc_hd__clkbuf_16)
                                                         clknet_0_clk (net)
                      0.110829    0.003508    0.269257 ^ clkbuf_4_13_0_clk/A (sky130_fd_sc_hd__clkbuf_8)
    10    0.057366    0.109640    0.201654    0.470911 ^ clkbuf_4_13_0_clk/X (sky130_fd_sc_hd__clkbuf_8)
                                                         clknet_4_13_0_clk (net)
                      0.109643    0.000783    0.471694 ^ _3051_/CLK (sky130_fd_sc_hd__dfrtp_1)
                                  0.500000    0.971695   clock uncertainty
                                  0.000000    0.971695   clock reconvergence pessimism
                                 -0.029423    0.942271   library hold time
                                              0.942271   data required time
---------------------------------------------------------------------------------------------
                                              0.942271   data required time
                                             -1.683085   data arrival time
---------------------------------------------------------------------------------------------
                                              0.740814   slack (MET)


Startpoint: _3160_ (rising edge-triggered flip-flop clocked by clk)
Endpoint: _3049_ (rising edge-triggered flip-flop clocked by clk)
Path Group: clk
Path Type: min

Fanout         Cap        Slew       Delay        Time   Description
---------------------------------------------------------------------------------------------
                                  0.000000    0.000000   clock clk (rise edge)
                                  0.000000    0.000000   clock source latency
     1    0.020000    0.095779    0.066087    0.066087 ^ clk (in)
                                                         clk (net)
                      0.095805    0.000000    0.066087 ^ clkbuf_0_clk/A (sky130_fd_sc_hd__clkbuf_16)
    16    0.094658    0.110614    0.199662    0.265749 ^ clkbuf_0_clk/X (sky130_fd_sc_hd__clkbuf_16)
                                                         clknet_0_clk (net)
                      0.110793    0.003112    0.268861 ^ clkbuf_4_3_0_clk/A (sky130_fd_sc_hd__clkbuf_8)
    11    0.053966    0.104170    0.197711    0.466572 ^ clkbuf_4_3_0_clk/X (sky130_fd_sc_hd__clkbuf_8)
                                                         clknet_4_3_0_clk (net)
                      0.104173    0.000733    0.467304 ^ _3160_/CLK (sky130_fd_sc_hd__dfrtp_4)
    11    0.052651    0.171976    0.526241    0.993545 ^ _3160_/Q (sky130_fd_sc_hd__dfrtp_4)
                                                         my_sum_sub.state[2] (net)
                      0.172239    0.006044    0.999589 ^ _2365_/A1 (sky130_fd_sc_hd__o21a_1)
     1    0.003330    0.044335    0.150352    1.149941 ^ _2365_/X (sky130_fd_sc_hd__o21a_1)
                                                         _0308_ (net)
                      0.044335    0.000088    1.150029 ^ hold213/A (sky130_fd_sc_hd__dlygate4sd3_1)
     1    0.003226    0.056644    0.538642    1.688672 ^ hold213/X (sky130_fd_sc_hd__dlygate4sd3_1)
                                                         net218 (net)
                      0.056644    0.000085    1.688757 ^ _3049_/D (sky130_fd_sc_hd__dfrtp_2)
                                              1.688757   data arrival time

                                  0.000000    0.000000   clock clk (rise edge)
                                  0.000000    0.000000   clock source latency
     1    0.020000    0.095779    0.066087    0.066087 ^ clk (in)
                                                         clk (net)
                      0.095805    0.000000    0.066087 ^ clkbuf_0_clk/A (sky130_fd_sc_hd__clkbuf_16)
    16    0.094658    0.110614    0.199662    0.265749 ^ clkbuf_0_clk/X (sky130_fd_sc_hd__clkbuf_16)
                                                         clknet_0_clk (net)
                      0.110829    0.003506    0.269255 ^ clkbuf_4_15_0_clk/A (sky130_fd_sc_hd__clkbuf_8)
    13    0.060153    0.113790    0.204562    0.473817 ^ clkbuf_4_15_0_clk/X (sky130_fd_sc_hd__clkbuf_8)
                                                         clknet_4_15_0_clk (net)
                      0.113811    0.001540    0.475357 ^ _3049_/CLK (sky130_fd_sc_hd__dfrtp_2)
                                  0.500000    0.975357   clock uncertainty
                                  0.000000    0.975357   clock reconvergence pessimism
                                 -0.027666    0.947691   library hold time
                                              0.947691   data required time
---------------------------------------------------------------------------------------------
                                              0.947691   data required time
                                             -1.688757   data arrival time
---------------------------------------------------------------------------------------------
                                              0.741066   slack (MET)


Startpoint: _3032_ (rising edge-triggered flip-flop clocked by clk)
Endpoint: _3094_ (rising edge-triggered flip-flop clocked by clk)
Path Group: clk
Path Type: min

Fanout         Cap        Slew       Delay        Time   Description
---------------------------------------------------------------------------------------------
                                  0.000000    0.000000   clock clk (rise edge)
                                  0.000000    0.000000   clock source latency
     1    0.020000    0.095779    0.066087    0.066087 ^ clk (in)
                                                         clk (net)
                      0.095805    0.000000    0.066087 ^ clkbuf_0_clk/A (sky130_fd_sc_hd__clkbuf_16)
    16    0.094658    0.110614    0.199662    0.265749 ^ clkbuf_0_clk/X (sky130_fd_sc_hd__clkbuf_16)
                                                         clknet_0_clk (net)
                      0.110767    0.002795    0.268544 ^ clkbuf_4_11_0_clk/A (sky130_fd_sc_hd__clkbuf_8)
    13    0.055869    0.107200    0.200015    0.468559 ^ clkbuf_4_11_0_clk/X (sky130_fd_sc_hd__clkbuf_8)
                                                         clknet_4_11_0_clk (net)
                      0.107207    0.000965    0.469524 ^ _3032_/CLK (sky130_fd_sc_hd__dfrtp_1)
     2    0.010370    0.103315    0.388558    0.858082 ^ _3032_/Q (sky130_fd_sc_hd__dfrtp_1)
                                                         my_sum_sub.result[15] (net)
                      0.103315    0.000261    0.858343 ^ _1558_/A1 (sky130_fd_sc_hd__o211a_1)
     2    0.006091    0.064737    0.181734    1.040077 ^ _1558_/X (sky130_fd_sc_hd__o211a_1)
                                                         _1103_ (net)
                      0.064737    0.000100    1.040177 ^ _2144_/A1 (sky130_fd_sc_hd__mux2_1)
     1    0.002973    0.042606    0.125274    1.165451 ^ _2144_/X (sky130_fd_sc_hd__mux2_1)
                                                         _0353_ (net)
                      0.042606    0.000099    1.165550 ^ hold243/A (sky130_fd_sc_hd__dlygate4sd3_1)
     1    0.003047    0.055048    0.536380    1.701929 ^ hold243/X (sky130_fd_sc_hd__dlygate4sd3_1)
                                                         net248 (net)
                      0.055048    0.000097    1.702027 ^ _3094_/D (sky130_fd_sc_hd__dfrtp_2)
                                              1.702027   data arrival time

                                  0.000000    0.000000   clock clk (rise edge)
                                  0.000000    0.000000   clock source latency
     1    0.020000    0.095779    0.066087    0.066087 ^ clk (in)
                                                         clk (net)
                      0.095805    0.000000    0.066087 ^ clkbuf_0_clk/A (sky130_fd_sc_hd__clkbuf_16)
    16    0.094658    0.110614    0.199662    0.265749 ^ clkbuf_0_clk/X (sky130_fd_sc_hd__clkbuf_16)
                                                         clknet_0_clk (net)
                      0.110817    0.003381    0.269130 ^ clkbuf_4_1_0_clk/A (sky130_fd_sc_hd__clkbuf_8)
    16    0.063469    0.119051    0.208820    0.477950 ^ clkbuf_4_1_0_clk/X (sky130_fd_sc_hd__clkbuf_8)
                                                         clknet_4_1_0_clk (net)
                      0.119116    0.002576    0.480526 ^ _3094_/CLK (sky130_fd_sc_hd__dfrtp_2)
                                  0.500000    0.980526   clock uncertainty
                                  0.000000    0.980526   clock reconvergence pessimism
                                 -0.026612    0.953915   library hold time
                                              0.953915   data required time
---------------------------------------------------------------------------------------------
                                              0.953915   data required time
                                             -1.702027   data arrival time
---------------------------------------------------------------------------------------------
                                              0.748112   slack (MET)


Startpoint: _3160_ (rising edge-triggered flip-flop clocked by clk)
Endpoint: _3057_ (rising edge-triggered flip-flop clocked by clk)
Path Group: clk
Path Type: min

Fanout         Cap        Slew       Delay        Time   Description
---------------------------------------------------------------------------------------------
                                  0.000000    0.000000   clock clk (rise edge)
                                  0.000000    0.000000   clock source latency
     1    0.020000    0.095779    0.066087    0.066087 ^ clk (in)
                                                         clk (net)
                      0.095805    0.000000    0.066087 ^ clkbuf_0_clk/A (sky130_fd_sc_hd__clkbuf_16)
    16    0.094658    0.110614    0.199662    0.265749 ^ clkbuf_0_clk/X (sky130_fd_sc_hd__clkbuf_16)
                                                         clknet_0_clk (net)
                      0.110793    0.003112    0.268861 ^ clkbuf_4_3_0_clk/A (sky130_fd_sc_hd__clkbuf_8)
    11    0.053966    0.104170    0.197711    0.466572 ^ clkbuf_4_3_0_clk/X (sky130_fd_sc_hd__clkbuf_8)
                                                         clknet_4_3_0_clk (net)
                      0.104173    0.000733    0.467304 ^ _3160_/CLK (sky130_fd_sc_hd__dfrtp_4)
    11    0.052651    0.171976    0.526241    0.993545 ^ _3160_/Q (sky130_fd_sc_hd__dfrtp_4)
                                                         my_sum_sub.state[2] (net)
                      0.172022    0.002897    0.996442 ^ _2285_/S (sky130_fd_sc_hd__mux2_1)
     1    0.002620    0.039923    0.156205    1.152648 ^ _2285_/X (sky130_fd_sc_hd__mux2_1)
                                                         _0316_ (net)
                      0.039923    0.000080    1.152728 ^ hold265/A (sky130_fd_sc_hd__dlygate4sd3_1)
     1    0.003047    0.055060    0.535517    1.688244 ^ hold265/X (sky130_fd_sc_hd__dlygate4sd3_1)
                                                         net270 (net)
                      0.055060    0.000075    1.688319 ^ _3057_/D (sky130_fd_sc_hd__dfrtp_4)
                                              1.688319   data arrival time

                                  0.000000    0.000000   clock clk (rise edge)
                                  0.000000    0.000000   clock source latency
     1    0.020000    0.095779    0.066087    0.066087 ^ clk (in)
                                                         clk (net)
                      0.095805    0.000000    0.066087 ^ clkbuf_0_clk/A (sky130_fd_sc_hd__clkbuf_16)
    16    0.094658    0.110614    0.199662    0.265749 ^ clkbuf_0_clk/X (sky130_fd_sc_hd__clkbuf_16)
                                                         clknet_0_clk (net)
                      0.110749    0.002556    0.268306 ^ clkbuf_4_9_0_clk/A (sky130_fd_sc_hd__clkbuf_8)
     7    0.054427    0.104678    0.197841    0.466146 ^ clkbuf_4_9_0_clk/X (sky130_fd_sc_hd__clkbuf_8)
                                                         clknet_4_9_0_clk (net)
                      0.104712    0.001798    0.467944 ^ _3057_/CLK (sky130_fd_sc_hd__dfrtp_4)
                                  0.500000    0.967944   clock uncertainty
                                  0.000000    0.967944   clock reconvergence pessimism
                                 -0.028698    0.939246   library hold time
                                              0.939246   data required time
---------------------------------------------------------------------------------------------
                                              0.939246   data required time
                                             -1.688319   data arrival time
---------------------------------------------------------------------------------------------
                                              0.749074   slack (MET)


Startpoint: _3087_ (rising edge-triggered flip-flop clocked by clk)
Endpoint: _3034_ (rising edge-triggered flip-flop clocked by clk)
Path Group: clk
Path Type: min

Fanout         Cap        Slew       Delay        Time   Description
---------------------------------------------------------------------------------------------
                                  0.000000    0.000000   clock clk (rise edge)
                                  0.000000    0.000000   clock source latency
     1    0.020000    0.095779    0.066087    0.066087 ^ clk (in)
                                                         clk (net)
                      0.095805    0.000000    0.066087 ^ clkbuf_0_clk/A (sky130_fd_sc_hd__clkbuf_16)
    16    0.094658    0.110614    0.199662    0.265749 ^ clkbuf_0_clk/X (sky130_fd_sc_hd__clkbuf_16)
                                                         clknet_0_clk (net)
                      0.110825    0.003460    0.269209 ^ clkbuf_4_14_0_clk/A (sky130_fd_sc_hd__clkbuf_8)
    11    0.062213    0.117386    0.207506    0.476715 ^ clkbuf_4_14_0_clk/X (sky130_fd_sc_hd__clkbuf_8)
                                                         clknet_4_14_0_clk (net)
                      0.117410    0.001636    0.478351 ^ _3087_/CLK (sky130_fd_sc_hd__dfrtp_4)
     8    0.025476    0.102716    0.473540    0.951891 ^ _3087_/Q (sky130_fd_sc_hd__dfrtp_4)
                                                         acc_reg[8] (net)
                      0.102734    0.001371    0.953262 ^ _2394_/B2 (sky130_fd_sc_hd__a22o_1)
     1    0.004094    0.054607    0.141247    1.094509 ^ _2394_/X (sky130_fd_sc_hd__a22o_1)
                                                         _0695_ (net)
                      0.054607    0.000115    1.094624 ^ _2395_/B1 (sky130_fd_sc_hd__a21o_1)
     1    0.002825    0.035042    0.078889    1.173513 ^ _2395_/X (sky130_fd_sc_hd__a21o_1)
                                                         _0293_ (net)
                      0.035042    0.000087    1.173600 ^ hold258/A (sky130_fd_sc_hd__dlygate4sd3_1)
     1    0.002723    0.052247    0.530871    1.704471 ^ hold258/X (sky130_fd_sc_hd__dlygate4sd3_1)
                                                         net263 (net)
                      0.052247    0.000062    1.704533 ^ _3034_/D (sky130_fd_sc_hd__dfrtp_1)
                                              1.704533   data arrival time

                                  0.000000    0.000000   clock clk (rise edge)
                                  0.000000    0.000000   clock source latency
     1    0.020000    0.095779    0.066087    0.066087 ^ clk (in)
                                                         clk (net)
                      0.095805    0.000000    0.066087 ^ clkbuf_0_clk/A (sky130_fd_sc_hd__clkbuf_16)
    16    0.094658    0.110614    0.199662    0.265749 ^ clkbuf_0_clk/X (sky130_fd_sc_hd__clkbuf_16)
                                                         clknet_0_clk (net)
                      0.110825    0.003460    0.269209 ^ clkbuf_4_14_0_clk/A (sky130_fd_sc_hd__clkbuf_8)
    11    0.062213    0.117386    0.207506    0.476715 ^ clkbuf_4_14_0_clk/X (sky130_fd_sc_hd__clkbuf_8)
                                                         clknet_4_14_0_clk (net)
                      0.117404    0.001446    0.478161 ^ _3034_/CLK (sky130_fd_sc_hd__dfrtp_1)
                                  0.500000    0.978161   clock uncertainty
                                  0.000000    0.978161   clock reconvergence pessimism
                                 -0.026376    0.951785   library hold time
                                              0.951785   data required time
---------------------------------------------------------------------------------------------
                                              0.951785   data required time
                                             -1.704533   data arrival time
---------------------------------------------------------------------------------------------
                                              0.752748   slack (MET)


Startpoint: _3160_ (rising edge-triggered flip-flop clocked by clk)
Endpoint: _3040_ (rising edge-triggered flip-flop clocked by clk)
Path Group: clk
Path Type: min

Fanout         Cap        Slew       Delay        Time   Description
---------------------------------------------------------------------------------------------
                                  0.000000    0.000000   clock clk (rise edge)
                                  0.000000    0.000000   clock source latency
     1    0.020000    0.095779    0.066087    0.066087 ^ clk (in)
                                                         clk (net)
                      0.095805    0.000000    0.066087 ^ clkbuf_0_clk/A (sky130_fd_sc_hd__clkbuf_16)
    16    0.094658    0.110614    0.199662    0.265749 ^ clkbuf_0_clk/X (sky130_fd_sc_hd__clkbuf_16)
                                                         clknet_0_clk (net)
                      0.110793    0.003112    0.268861 ^ clkbuf_4_3_0_clk/A (sky130_fd_sc_hd__clkbuf_8)
    11    0.053966    0.104170    0.197711    0.466572 ^ clkbuf_4_3_0_clk/X (sky130_fd_sc_hd__clkbuf_8)
                                                         clknet_4_3_0_clk (net)
                      0.104173    0.000733    0.467304 ^ _3160_/CLK (sky130_fd_sc_hd__dfrtp_4)
    11    0.052651    0.171976    0.526241    0.993545 ^ _3160_/Q (sky130_fd_sc_hd__dfrtp_4)
                                                         my_sum_sub.state[2] (net)
                      0.171989    0.001854    0.995399 ^ _2383_/S (sky130_fd_sc_hd__mux2_1)
     1    0.002289    0.037487    0.153691    1.149090 ^ _2383_/X (sky130_fd_sc_hd__mux2_1)
                                                         _0299_ (net)
                      0.037487    0.000048    1.149137 ^ hold172/A (sky130_fd_sc_hd__dlygate4sd3_1)
     1    0.003785    0.061837    0.540954    1.690091 ^ hold172/X (sky130_fd_sc_hd__dlygate4sd3_1)
                                                         net177 (net)
                      0.061837    0.000137    1.690228 ^ _3040_/D (sky130_fd_sc_hd__dfrtp_1)
                                              1.690228   data arrival time

                                  0.000000    0.000000   clock clk (rise edge)
                                  0.000000    0.000000   clock source latency
     1    0.020000    0.095779    0.066087    0.066087 ^ clk (in)
                                                         clk (net)
                      0.095805    0.000000    0.066087 ^ clkbuf_0_clk/A (sky130_fd_sc_hd__clkbuf_16)
    16    0.094658    0.110614    0.199662    0.265749 ^ clkbuf_0_clk/X (sky130_fd_sc_hd__clkbuf_16)
                                                         clknet_0_clk (net)
                      0.110793    0.003112    0.268861 ^ clkbuf_4_3_0_clk/A (sky130_fd_sc_hd__clkbuf_8)
    11    0.053966    0.104170    0.197711    0.466572 ^ clkbuf_4_3_0_clk/X (sky130_fd_sc_hd__clkbuf_8)
                                                         clknet_4_3_0_clk (net)
                      0.104178    0.000992    0.467564 ^ _3040_/CLK (sky130_fd_sc_hd__dfrtp_1)
                                  0.500000    0.967564   clock uncertainty
                                  0.000000    0.967564   clock reconvergence pessimism
                                 -0.030182    0.937382   library hold time
                                              0.937382   data required time
---------------------------------------------------------------------------------------------
                                              0.937382   data required time
                                             -1.690228   data arrival time
---------------------------------------------------------------------------------------------
                                              0.752846   slack (MET)


Startpoint: _3088_ (rising edge-triggered flip-flop clocked by clk)
Endpoint: _3035_ (rising edge-triggered flip-flop clocked by clk)
Path Group: clk
Path Type: min

Fanout         Cap        Slew       Delay        Time   Description
---------------------------------------------------------------------------------------------
                                  0.000000    0.000000   clock clk (rise edge)
                                  0.000000    0.000000   clock source latency
     1    0.020000    0.095779    0.066087    0.066087 ^ clk (in)
                                                         clk (net)
                      0.095805    0.000000    0.066087 ^ clkbuf_0_clk/A (sky130_fd_sc_hd__clkbuf_16)
    16    0.094658    0.110614    0.199662    0.265749 ^ clkbuf_0_clk/X (sky130_fd_sc_hd__clkbuf_16)
                                                         clknet_0_clk (net)
                      0.110680    0.002494    0.268243 ^ clkbuf_4_5_0_clk/A (sky130_fd_sc_hd__clkbuf_8)
    10    0.056613    0.108440    0.200680    0.468923 ^ clkbuf_4_5_0_clk/X (sky130_fd_sc_hd__clkbuf_8)
                                                         clknet_4_5_0_clk (net)
                      0.108449    0.001038    0.469961 ^ _3088_/CLK (sky130_fd_sc_hd__dfrtp_4)
     8    0.026373    0.104950    0.471921    0.941882 ^ _3088_/Q (sky130_fd_sc_hd__dfrtp_4)
                                                         acc_reg[9] (net)
                      0.104991    0.001949    0.943831 ^ _2392_/B2 (sky130_fd_sc_hd__a22o_1)
     1    0.003313    0.048041    0.136292    1.080123 ^ _2392_/X (sky130_fd_sc_hd__a22o_1)
                                                         _0694_ (net)
                      0.048041    0.000077    1.080200 ^ _2393_/B1 (sky130_fd_sc_hd__a21o_1)
     1    0.002085    0.029502    0.072080    1.152280 ^ _2393_/X (sky130_fd_sc_hd__a21o_1)
                                                         _0294_ (net)
                      0.029502    0.000042    1.152321 ^ hold248/A (sky130_fd_sc_hd__dlygate4sd3_1)
     1    0.004053    0.064024    0.540388    1.692709 ^ hold248/X (sky130_fd_sc_hd__dlygate4sd3_1)
                                                         net253 (net)
                      0.064024    0.000154    1.692864 ^ _3035_/D (sky130_fd_sc_hd__dfrtp_1)
                                              1.692864   data arrival time

                                  0.000000    0.000000   clock clk (rise edge)
                                  0.000000    0.000000   clock source latency
     1    0.020000    0.095779    0.066087    0.066087 ^ clk (in)
                                                         clk (net)
                      0.095805    0.000000    0.066087 ^ clkbuf_0_clk/A (sky130_fd_sc_hd__clkbuf_16)
    16    0.094658    0.110614    0.199662    0.265749 ^ clkbuf_0_clk/X (sky130_fd_sc_hd__clkbuf_16)
                                                         clknet_0_clk (net)
                      0.110797    0.003163    0.268912 ^ clkbuf_4_12_0_clk/A (sky130_fd_sc_hd__clkbuf_8)
     8    0.055901    0.107020    0.199581    0.468493 ^ clkbuf_4_12_0_clk/X (sky130_fd_sc_hd__clkbuf_8)
                                                         clknet_4_12_0_clk (net)
                      0.107047    0.001655    0.470148 ^ _3035_/CLK (sky130_fd_sc_hd__dfrtp_1)
                                  0.500000    0.970148   clock uncertainty
                                  0.000000    0.970148   clock reconvergence pessimism
                                 -0.030243    0.939905   library hold time
                                              0.939905   data required time
---------------------------------------------------------------------------------------------
                                              0.939905   data required time
                                             -1.692864   data arrival time
---------------------------------------------------------------------------------------------
                                              0.752959   slack (MET)


Startpoint: _3160_ (rising edge-triggered flip-flop clocked by clk)
Endpoint: _3055_ (rising edge-triggered flip-flop clocked by clk)
Path Group: clk
Path Type: min

Fanout         Cap        Slew       Delay        Time   Description
---------------------------------------------------------------------------------------------
                                  0.000000    0.000000   clock clk (rise edge)
                                  0.000000    0.000000   clock source latency
     1    0.020000    0.095779    0.066087    0.066087 ^ clk (in)
                                                         clk (net)
                      0.095805    0.000000    0.066087 ^ clkbuf_0_clk/A (sky130_fd_sc_hd__clkbuf_16)
    16    0.094658    0.110614    0.199662    0.265749 ^ clkbuf_0_clk/X (sky130_fd_sc_hd__clkbuf_16)
                                                         clknet_0_clk (net)
                      0.110793    0.003112    0.268861 ^ clkbuf_4_3_0_clk/A (sky130_fd_sc_hd__clkbuf_8)
    11    0.053966    0.104170    0.197711    0.466572 ^ clkbuf_4_3_0_clk/X (sky130_fd_sc_hd__clkbuf_8)
                                                         clknet_4_3_0_clk (net)
                      0.104173    0.000733    0.467304 ^ _3160_/CLK (sky130_fd_sc_hd__dfrtp_4)
    11    0.052651    0.171976    0.526241    0.993545 ^ _3160_/Q (sky130_fd_sc_hd__dfrtp_4)
                                                         my_sum_sub.state[2] (net)
                      0.172417    0.007613    1.001158 ^ _2314_/S (sky130_fd_sc_hd__mux2_1)
     1    0.003343    0.045434    0.161779    1.162937 ^ _2314_/X (sky130_fd_sc_hd__mux2_1)
                                                         _0314_ (net)
                      0.045434    0.000112    1.163050 ^ hold233/A (sky130_fd_sc_hd__dlygate4sd3_1)
     1    0.003228    0.056654    0.539015    1.702064 ^ hold233/X (sky130_fd_sc_hd__dlygate4sd3_1)
                                                         net238 (net)
                      0.056654    0.000108    1.702172 ^ _3055_/D (sky130_fd_sc_hd__dfrtp_1)
                                              1.702172   data arrival time

                                  0.000000    0.000000   clock clk (rise edge)
                                  0.000000    0.000000   clock source latency
     1    0.020000    0.095779    0.066087    0.066087 ^ clk (in)
                                                         clk (net)
                      0.095805    0.000000    0.066087 ^ clkbuf_0_clk/A (sky130_fd_sc_hd__clkbuf_16)
    16    0.094658    0.110614    0.199662    0.265749 ^ clkbuf_0_clk/X (sky130_fd_sc_hd__clkbuf_16)
                                                         clknet_0_clk (net)
                      0.110829    0.003508    0.269257 ^ clkbuf_4_13_0_clk/A (sky130_fd_sc_hd__clkbuf_8)
    10    0.057366    0.109640    0.201654    0.470911 ^ clkbuf_4_13_0_clk/X (sky130_fd_sc_hd__clkbuf_8)
                                                         clknet_4_13_0_clk (net)
                      0.109669    0.001715    0.472626 ^ _3055_/CLK (sky130_fd_sc_hd__dfrtp_1)
                                  0.500000    0.972626   clock uncertainty
                                  0.000000    0.972626   clock reconvergence pessimism
                                 -0.028351    0.944275   library hold time
                                              0.944275   data required time
---------------------------------------------------------------------------------------------
                                              0.944275   data required time
                                             -1.702172   data arrival time
---------------------------------------------------------------------------------------------
                                              0.757897   slack (MET)


Startpoint: _3164_ (rising edge-triggered flip-flop clocked by clk)
Endpoint: _2997_ (rising edge-triggered flip-flop clocked by clk)
Path Group: clk
Path Type: min

Fanout         Cap        Slew       Delay        Time   Description
---------------------------------------------------------------------------------------------
                                  0.000000    0.000000   clock clk (rise edge)
                                  0.000000    0.000000   clock source latency
     1    0.020000    0.095779    0.066087    0.066087 ^ clk (in)
                                                         clk (net)
                      0.095805    0.000000    0.066087 ^ clkbuf_0_clk/A (sky130_fd_sc_hd__clkbuf_16)
    16    0.094658    0.110614    0.199662    0.265749 ^ clkbuf_0_clk/X (sky130_fd_sc_hd__clkbuf_16)
                                                         clknet_0_clk (net)
                      0.110815    0.003356    0.269105 ^ clkbuf_4_0_0_clk/A (sky130_fd_sc_hd__clkbuf_8)
    24    0.065579    0.123215    0.209510    0.478615 ^ clkbuf_4_0_0_clk/X (sky130_fd_sc_hd__clkbuf_8)
                                                         clknet_4_0_0_clk (net)
                      0.123333    0.003162    0.481777 ^ _3164_/CLK (sky130_fd_sc_hd__dfrtp_1)
     2    0.005930    0.053358    0.399562    0.881339 v _3164_/Q (sky130_fd_sc_hd__dfrtp_1)
                                                         div_start (net)
                      0.053358    0.000151    0.881490 v _2770_/B (sky130_fd_sc_hd__nor2_1)
     2    0.007458    0.151521    0.141918    1.023407 ^ _2770_/Y (sky130_fd_sc_hd__nor2_1)
                                                         _1036_ (net)
                      0.151570    0.000252    1.023660 ^ _2776_/A1 (sky130_fd_sc_hd__mux2_1)
     1    0.002800    0.041291    0.150717    1.174377 ^ _2776_/X (sky130_fd_sc_hd__mux2_1)
                                                         _0256_ (net)
                      0.041291    0.000087    1.174464 ^ hold221/A (sky130_fd_sc_hd__dlygate4sd3_1)
     1    0.003808    0.062031    0.542382    1.716845 ^ hold221/X (sky130_fd_sc_hd__dlygate4sd3_1)
                                                         net226 (net)
                      0.062031    0.000139    1.716985 ^ _2997_/D (sky130_fd_sc_hd__dfrtp_1)
                                              1.716985   data arrival time

                                  0.000000    0.000000   clock clk (rise edge)
                                  0.000000    0.000000   clock source latency
     1    0.020000    0.095779    0.066087    0.066087 ^ clk (in)
                                                         clk (net)
                      0.095805    0.000000    0.066087 ^ clkbuf_0_clk/A (sky130_fd_sc_hd__clkbuf_16)
    16    0.094658    0.110614    0.199662    0.265749 ^ clkbuf_0_clk/X (sky130_fd_sc_hd__clkbuf_16)
                                                         clknet_0_clk (net)
                      0.110815    0.003356    0.269105 ^ clkbuf_4_0_0_clk/A (sky130_fd_sc_hd__clkbuf_8)
    24    0.065579    0.123215    0.209510    0.478615 ^ clkbuf_4_0_0_clk/X (sky130_fd_sc_hd__clkbuf_8)
                                                         clknet_4_0_0_clk (net)
                      0.123320    0.002980    0.481595 ^ _2997_/CLK (sky130_fd_sc_hd__dfrtp_1)
                                  0.500000    0.981595   clock uncertainty
                                  0.000000    0.981595   clock reconvergence pessimism
                                 -0.027598    0.953997   library hold time
                                              0.953997   data required time
---------------------------------------------------------------------------------------------
                                              0.953997   data required time
                                             -1.716985   data arrival time
---------------------------------------------------------------------------------------------
                                              0.762988   slack (MET)


Startpoint: _3091_ (rising edge-triggered flip-flop clocked by clk)
Endpoint: _3139_ (rising edge-triggered flip-flop clocked by clk)
Path Group: clk
Path Type: min

Fanout         Cap        Slew       Delay        Time   Description
---------------------------------------------------------------------------------------------
                                  0.000000    0.000000   clock clk (rise edge)
                                  0.000000    0.000000   clock source latency
     1    0.020000    0.095779    0.066087    0.066087 ^ clk (in)
                                                         clk (net)
                      0.095805    0.000000    0.066087 ^ clkbuf_0_clk/A (sky130_fd_sc_hd__clkbuf_16)
    16    0.094658    0.110614    0.199662    0.265749 ^ clkbuf_0_clk/X (sky130_fd_sc_hd__clkbuf_16)
                                                         clknet_0_clk (net)
                      0.110749    0.002556    0.268306 ^ clkbuf_4_9_0_clk/A (sky130_fd_sc_hd__clkbuf_8)
     7    0.054427    0.104678    0.197841    0.466146 ^ clkbuf_4_9_0_clk/X (sky130_fd_sc_hd__clkbuf_8)
                                                         clknet_4_9_0_clk (net)
                      0.104709    0.001741    0.467888 ^ _3091_/CLK (sky130_fd_sc_hd__dfrtp_2)
     8    0.023909    0.127922    0.435877    0.903765 ^ _3091_/Q (sky130_fd_sc_hd__dfrtp_2)
                                                         acc_reg[12] (net)
                      0.127922    0.000331    0.904095 ^ _2020_/B2 (sky130_fd_sc_hd__a221o_1)
     1    0.003910    0.052591    0.160164    1.064260 ^ _2020_/X (sky130_fd_sc_hd__a221o_1)
                                                         _0427_ (net)
                      0.052591    0.000136    1.064395 ^ _2021_/B2 (sky130_fd_sc_hd__o22a_1)
     1    0.003331    0.045746    0.114692    1.179087 ^ _2021_/X (sky130_fd_sc_hd__o22a_1)
                                                         _0235_ (net)
                      0.045746    0.000114    1.179201 ^ hold72/A (sky130_fd_sc_hd__dlygate4sd3_1)
     1    0.003343    0.057695    0.540211    1.719412 ^ hold72/X (sky130_fd_sc_hd__dlygate4sd3_1)
                                                         net77 (net)
                      0.057695    0.000088    1.719500 ^ _3139_/D (sky130_fd_sc_hd__dfrtp_1)
                                              1.719500   data arrival time

                                  0.000000    0.000000   clock clk (rise edge)
                                  0.000000    0.000000   clock source latency
     1    0.020000    0.095779    0.066087    0.066087 ^ clk (in)
                                                         clk (net)
                      0.095805    0.000000    0.066087 ^ clkbuf_0_clk/A (sky130_fd_sc_hd__clkbuf_16)
    16    0.094658    0.110614    0.199662    0.265749 ^ clkbuf_0_clk/X (sky130_fd_sc_hd__clkbuf_16)
                                                         clknet_0_clk (net)
                      0.110817    0.003381    0.269130 ^ clkbuf_4_1_0_clk/A (sky130_fd_sc_hd__clkbuf_8)
    16    0.063469    0.119051    0.208820    0.477950 ^ clkbuf_4_1_0_clk/X (sky130_fd_sc_hd__clkbuf_8)
                                                         clknet_4_1_0_clk (net)
                      0.119125    0.002726    0.480675 ^ _3139_/CLK (sky130_fd_sc_hd__dfrtp_1)
                                  0.500000    0.980675   clock uncertainty
                                  0.000000    0.980675   clock reconvergence pessimism
                                 -0.027272    0.953403   library hold time
                                              0.953403   data required time
---------------------------------------------------------------------------------------------
                                              0.953403   data required time
                                             -1.719500   data arrival time
---------------------------------------------------------------------------------------------
                                              0.766097   slack (MET)


Startpoint: _3096_ (rising edge-triggered flip-flop clocked by clk)
Endpoint: _3096_ (rising edge-triggered flip-flop clocked by clk)
Path Group: clk
Path Type: min

Fanout         Cap        Slew       Delay        Time   Description
---------------------------------------------------------------------------------------------
                                  0.000000    0.000000   clock clk (rise edge)
                                  0.000000    0.000000   clock source latency
     1    0.020000    0.095779    0.066087    0.066087 ^ clk (in)
                                                         clk (net)
                      0.095805    0.000000    0.066087 ^ clkbuf_0_clk/A (sky130_fd_sc_hd__clkbuf_16)
    16    0.094658    0.110614    0.199662    0.265749 ^ clkbuf_0_clk/X (sky130_fd_sc_hd__clkbuf_16)
                                                         clknet_0_clk (net)
                      0.110752    0.002595    0.268344 ^ clkbuf_4_7_0_clk/A (sky130_fd_sc_hd__clkbuf_8)
    17    0.062819    0.118024    0.207981    0.476324 ^ clkbuf_4_7_0_clk/X (sky130_fd_sc_hd__clkbuf_8)
                                                         clknet_4_7_0_clk (net)
                      0.118088    0.002544    0.478868 ^ _3096_/CLK (sky130_fd_sc_hd__dfrtp_4)
    18    0.057984    0.182329    0.542600    1.021468 ^ _3096_/Q (sky130_fd_sc_hd__dfrtp_4)
                                                         my_mul.x2[1] (net)
                      0.182336    0.001632    1.023100 ^ _2138_/A1 (sky130_fd_sc_hd__mux2_1)
     1    0.003554    0.047075    0.164444    1.187544 ^ _2138_/X (sky130_fd_sc_hd__mux2_1)
                                                         _0355_ (net)
                      0.047075    0.000121    1.187665 ^ hold148/A (sky130_fd_sc_hd__dlygate4sd3_1)
     1    0.002505    0.050416    0.532744    1.720409 ^ hold148/X (sky130_fd_sc_hd__dlygate4sd3_1)
                                                         net153 (net)
                      0.050416    0.000055    1.720464 ^ _3096_/D (sky130_fd_sc_hd__dfrtp_4)
                                              1.720464   data arrival time

                                  0.000000    0.000000   clock clk (rise edge)
                                  0.000000    0.000000   clock source latency
     1    0.020000    0.095779    0.066087    0.066087 ^ clk (in)
                                                         clk (net)
                      0.095805    0.000000    0.066087 ^ clkbuf_0_clk/A (sky130_fd_sc_hd__clkbuf_16)
    16    0.094658    0.110614    0.199662    0.265749 ^ clkbuf_0_clk/X (sky130_fd_sc_hd__clkbuf_16)
                                                         clknet_0_clk (net)
                      0.110752    0.002595    0.268344 ^ clkbuf_4_7_0_clk/A (sky130_fd_sc_hd__clkbuf_8)
    17    0.062819    0.118024    0.207981    0.476324 ^ clkbuf_4_7_0_clk/X (sky130_fd_sc_hd__clkbuf_8)
                                                         clknet_4_7_0_clk (net)
                      0.118088    0.002544    0.478868 ^ _3096_/CLK (sky130_fd_sc_hd__dfrtp_4)
                                  0.500000    0.978868   clock uncertainty
                                  0.000000    0.978868   clock reconvergence pessimism
                                 -0.025902    0.952966   library hold time
                                              0.952966   data required time
---------------------------------------------------------------------------------------------
                                              0.952966   data required time
                                             -1.720464   data arrival time
---------------------------------------------------------------------------------------------
                                              0.767498   slack (MET)


Startpoint: _3164_ (rising edge-triggered flip-flop clocked by clk)
Endpoint: _2999_ (rising edge-triggered flip-flop clocked by clk)
Path Group: clk
Path Type: min

Fanout         Cap        Slew       Delay        Time   Description
---------------------------------------------------------------------------------------------
                                  0.000000    0.000000   clock clk (rise edge)
                                  0.000000    0.000000   clock source latency
     1    0.020000    0.095779    0.066087    0.066087 ^ clk (in)
                                                         clk (net)
                      0.095805    0.000000    0.066087 ^ clkbuf_0_clk/A (sky130_fd_sc_hd__clkbuf_16)
    16    0.094658    0.110614    0.199662    0.265749 ^ clkbuf_0_clk/X (sky130_fd_sc_hd__clkbuf_16)
                                                         clknet_0_clk (net)
                      0.110815    0.003356    0.269105 ^ clkbuf_4_0_0_clk/A (sky130_fd_sc_hd__clkbuf_8)
    24    0.065579    0.123215    0.209510    0.478615 ^ clkbuf_4_0_0_clk/X (sky130_fd_sc_hd__clkbuf_8)
                                                         clknet_4_0_0_clk (net)
                      0.123333    0.003162    0.481777 ^ _3164_/CLK (sky130_fd_sc_hd__dfrtp_1)
     2    0.006390    0.072595    0.368398    0.850174 ^ _3164_/Q (sky130_fd_sc_hd__dfrtp_1)
                                                         div_start (net)
                      0.072595    0.000165    0.850340 ^ _2770_/B (sky130_fd_sc_hd__nor2_1)
     2    0.006979    0.040756    0.059435    0.909774 v _2770_/Y (sky130_fd_sc_hd__nor2_1)
                                                         _1036_ (net)
                      0.040757    0.000254    0.910028 v _2771_/A2 (sky130_fd_sc_hd__o21ba_1)
     2    0.006287    0.046811    0.179301    1.089329 v _2771_/X (sky130_fd_sc_hd__o21ba_1)
                                                         _1037_ (net)
                      0.046811    0.000210    1.089538 v _2773_/B1 (sky130_fd_sc_hd__o21a_1)
     1    0.002717    0.028966    0.098142    1.187681 v _2773_/X (sky130_fd_sc_hd__o21a_1)
                                                         _0258_ (net)
                      0.028966    0.000066    1.187747 v hold104/A (sky130_fd_sc_hd__dlygate4sd3_1)
     1    0.002423    0.050935    0.538511    1.726258 v hold104/X (sky130_fd_sc_hd__dlygate4sd3_1)
                                                         net109 (net)
                      0.050935    0.000053    1.726311 v _2999_/D (sky130_fd_sc_hd__dfrtp_1)
                                              1.726311   data arrival time

                                  0.000000    0.000000   clock clk (rise edge)
                                  0.000000    0.000000   clock source latency
     1    0.020000    0.095779    0.066087    0.066087 ^ clk (in)
                                                         clk (net)
                      0.095805    0.000000    0.066087 ^ clkbuf_0_clk/A (sky130_fd_sc_hd__clkbuf_16)
    16    0.094658    0.110614    0.199662    0.265749 ^ clkbuf_0_clk/X (sky130_fd_sc_hd__clkbuf_16)
                                                         clknet_0_clk (net)
                      0.110815    0.003356    0.269105 ^ clkbuf_4_0_0_clk/A (sky130_fd_sc_hd__clkbuf_8)
    24    0.065579    0.123215    0.209510    0.478615 ^ clkbuf_4_0_0_clk/X (sky130_fd_sc_hd__clkbuf_8)
                                                         clknet_4_0_0_clk (net)
                      0.123448    0.004391    0.483007 ^ _2999_/CLK (sky130_fd_sc_hd__dfrtp_1)
                                  0.500000    0.983007   clock uncertainty
                                  0.000000    0.983007   clock reconvergence pessimism
                                 -0.030295    0.952712   library hold time
                                              0.952712   data required time
---------------------------------------------------------------------------------------------
                                              0.952712   data required time
                                             -1.726311   data arrival time
---------------------------------------------------------------------------------------------
                                              0.773599   slack (MET)


Startpoint: _3076_ (rising edge-triggered flip-flop clocked by clk)
Endpoint: _3030_ (rising edge-triggered flip-flop clocked by clk)
Path Group: clk
Path Type: min

Fanout         Cap        Slew       Delay        Time   Description
---------------------------------------------------------------------------------------------
                                  0.000000    0.000000   clock clk (rise edge)
                                  0.000000    0.000000   clock source latency
     1    0.020000    0.095779    0.066087    0.066087 ^ clk (in)
                                                         clk (net)
                      0.095805    0.000000    0.066087 ^ clkbuf_0_clk/A (sky130_fd_sc_hd__clkbuf_16)
    16    0.094658    0.110614    0.199662    0.265749 ^ clkbuf_0_clk/X (sky130_fd_sc_hd__clkbuf_16)
                                                         clknet_0_clk (net)
                      0.110767    0.002795    0.268544 ^ clkbuf_4_11_0_clk/A (sky130_fd_sc_hd__clkbuf_8)
    13    0.055869    0.107200    0.200015    0.468559 ^ clkbuf_4_11_0_clk/X (sky130_fd_sc_hd__clkbuf_8)
                                                         clknet_4_11_0_clk (net)
                      0.107208    0.001004    0.469563 ^ _3076_/CLK (sky130_fd_sc_hd__dfrtp_2)
     6    0.022220    0.120642    0.430709    0.900271 ^ _3076_/Q (sky130_fd_sc_hd__dfrtp_2)
                                                         my_sum_sub.cm_exp[6] (net)
                      0.120645    0.000848    0.901119 ^ _2637_/B2 (sky130_fd_sc_hd__o32a_1)
     2    0.006271    0.078281    0.169216    1.070335 ^ _2637_/X (sky130_fd_sc_hd__o32a_1)
                                                         _0936_ (net)
                      0.078281    0.000140    1.070475 ^ _2662_/B1 (sky130_fd_sc_hd__a22o_1)
     1    0.003226    0.046725    0.125388    1.195863 ^ _2662_/X (sky130_fd_sc_hd__a22o_1)
                                                         _0289_ (net)
                      0.046725    0.000113    1.195977 ^ hold187/A (sky130_fd_sc_hd__dlygate4sd3_1)
     1    0.002431    0.049793    0.531928    1.727905 ^ hold187/X (sky130_fd_sc_hd__dlygate4sd3_1)
                                                         net192 (net)
                      0.049793    0.000051    1.727956 ^ _3030_/D (sky130_fd_sc_hd__dfrtp_1)
                                              1.727956   data arrival time

                                  0.000000    0.000000   clock clk (rise edge)
                                  0.000000    0.000000   clock source latency
     1    0.020000    0.095779    0.066087    0.066087 ^ clk (in)
                                                         clk (net)
                      0.095805    0.000000    0.066087 ^ clkbuf_0_clk/A (sky130_fd_sc_hd__clkbuf_16)
    16    0.094658    0.110614    0.199662    0.265749 ^ clkbuf_0_clk/X (sky130_fd_sc_hd__clkbuf_16)
                                                         clknet_0_clk (net)
                      0.110767    0.002795    0.268544 ^ clkbuf_4_11_0_clk/A (sky130_fd_sc_hd__clkbuf_8)
    13    0.055869    0.107200    0.200015    0.468559 ^ clkbuf_4_11_0_clk/X (sky130_fd_sc_hd__clkbuf_8)
                                                         clknet_4_11_0_clk (net)
                      0.107207    0.000943    0.469502 ^ _3030_/CLK (sky130_fd_sc_hd__dfrtp_1)
                                  0.500000    0.969502   clock uncertainty
                                  0.000000    0.969502   clock reconvergence pessimism
                                 -0.027261    0.942241   library hold time
                                              0.942241   data required time
---------------------------------------------------------------------------------------------
                                              0.942241   data required time
                                             -1.727956   data arrival time
---------------------------------------------------------------------------------------------
                                              0.785715   slack (MET)


Startpoint: _3098_ (rising edge-triggered flip-flop clocked by clk)
Endpoint: _3098_ (rising edge-triggered flip-flop clocked by clk)
Path Group: clk
Path Type: min

Fanout         Cap        Slew       Delay        Time   Description
---------------------------------------------------------------------------------------------
                                  0.000000    0.000000   clock clk (rise edge)
                                  0.000000    0.000000   clock source latency
     1    0.020000    0.095779    0.066087    0.066087 ^ clk (in)
                                                         clk (net)
                      0.095805    0.000000    0.066087 ^ clkbuf_0_clk/A (sky130_fd_sc_hd__clkbuf_16)
    16    0.094658    0.110614    0.199662    0.265749 ^ clkbuf_0_clk/X (sky130_fd_sc_hd__clkbuf_16)
                                                         clknet_0_clk (net)
                      0.110752    0.002595    0.268344 ^ clkbuf_4_7_0_clk/A (sky130_fd_sc_hd__clkbuf_8)
    17    0.062819    0.118024    0.207981    0.476324 ^ clkbuf_4_7_0_clk/X (sky130_fd_sc_hd__clkbuf_8)
                                                         clknet_4_7_0_clk (net)
                      0.118084    0.002468    0.478792 ^ _3098_/CLK (sky130_fd_sc_hd__dfrtp_4)
    20    0.067982    0.207531    0.562667    1.041459 ^ _3098_/Q (sky130_fd_sc_hd__dfrtp_4)
                                                         my_mul.x2[3] (net)
                      0.207533    0.001336    1.042795 ^ _2136_/A1 (sky130_fd_sc_hd__mux2_1)
     1    0.003499    0.046657    0.170346    1.213142 ^ _2136_/X (sky130_fd_sc_hd__mux2_1)
                                                         _0357_ (net)
                      0.046657    0.000119    1.213260 ^ hold167/A (sky130_fd_sc_hd__dlygate4sd3_1)
     1    0.002505    0.050415    0.532608    1.745868 ^ hold167/X (sky130_fd_sc_hd__dlygate4sd3_1)
                                                         net172 (net)
                      0.050415    0.000055    1.745923 ^ _3098_/D (sky130_fd_sc_hd__dfrtp_4)
                                              1.745923   data arrival time

                                  0.000000    0.000000   clock clk (rise edge)
                                  0.000000    0.000000   clock source latency
     1    0.020000    0.095779    0.066087    0.066087 ^ clk (in)
                                                         clk (net)
                      0.095805    0.000000    0.066087 ^ clkbuf_0_clk/A (sky130_fd_sc_hd__clkbuf_16)
    16    0.094658    0.110614    0.199662    0.265749 ^ clkbuf_0_clk/X (sky130_fd_sc_hd__clkbuf_16)
                                                         clknet_0_clk (net)
                      0.110752    0.002595    0.268344 ^ clkbuf_4_7_0_clk/A (sky130_fd_sc_hd__clkbuf_8)
    17    0.062819    0.118024    0.207981    0.476324 ^ clkbuf_4_7_0_clk/X (sky130_fd_sc_hd__clkbuf_8)
                                                         clknet_4_7_0_clk (net)
                      0.118084    0.002468    0.478792 ^ _3098_/CLK (sky130_fd_sc_hd__dfrtp_4)
                                  0.500000    0.978792   clock uncertainty
                                  0.000000    0.978792   clock reconvergence pessimism
                                 -0.025903    0.952889   library hold time
                                              0.952889   data required time
---------------------------------------------------------------------------------------------
                                              0.952889   data required time
                                             -1.745923   data arrival time
---------------------------------------------------------------------------------------------
                                              0.793034   slack (MET)


Startpoint: _3088_ (rising edge-triggered flip-flop clocked by clk)
Endpoint: _3136_ (rising edge-triggered flip-flop clocked by clk)
Path Group: clk
Path Type: min

Fanout         Cap        Slew       Delay        Time   Description
---------------------------------------------------------------------------------------------
                                  0.000000    0.000000   clock clk (rise edge)
                                  0.000000    0.000000   clock source latency
     1    0.020000    0.095779    0.066087    0.066087 ^ clk (in)
                                                         clk (net)
                      0.095805    0.000000    0.066087 ^ clkbuf_0_clk/A (sky130_fd_sc_hd__clkbuf_16)
    16    0.094658    0.110614    0.199662    0.265749 ^ clkbuf_0_clk/X (sky130_fd_sc_hd__clkbuf_16)
                                                         clknet_0_clk (net)
                      0.110680    0.002494    0.268243 ^ clkbuf_4_5_0_clk/A (sky130_fd_sc_hd__clkbuf_8)
    10    0.056613    0.108440    0.200680    0.468923 ^ clkbuf_4_5_0_clk/X (sky130_fd_sc_hd__clkbuf_8)
                                                         clknet_4_5_0_clk (net)
                      0.108449    0.001038    0.469961 ^ _3088_/CLK (sky130_fd_sc_hd__dfrtp_4)
     8    0.026373    0.104950    0.471921    0.941882 ^ _3088_/Q (sky130_fd_sc_hd__dfrtp_4)
                                                         acc_reg[9] (net)
                      0.104952    0.000781    0.942662 ^ _2042_/B2 (sky130_fd_sc_hd__a221o_1)
     1    0.004560    0.058089    0.158351    1.101014 ^ _2042_/X (sky130_fd_sc_hd__a221o_1)
                                                         _0446_ (net)
                      0.058089    0.000183    1.101197 ^ _2043_/B2 (sky130_fd_sc_hd__o22a_1)
     1    0.002893    0.042164    0.113127    1.214323 ^ _2043_/X (sky130_fd_sc_hd__o22a_1)
                                                         _0232_ (net)
                      0.042164    0.000071    1.214395 ^ hold62/A (sky130_fd_sc_hd__dlygate4sd3_1)
     1    0.003471    0.058713    0.540085    1.754480 ^ hold62/X (sky130_fd_sc_hd__dlygate4sd3_1)
                                                         net67 (net)
                      0.058713    0.000118    1.754597 ^ _3136_/D (sky130_fd_sc_hd__dfrtp_1)
                                              1.754597   data arrival time

                                  0.000000    0.000000   clock clk (rise edge)
                                  0.000000    0.000000   clock source latency
     1    0.020000    0.095779    0.066087    0.066087 ^ clk (in)
                                                         clk (net)
                      0.095805    0.000000    0.066087 ^ clkbuf_0_clk/A (sky130_fd_sc_hd__clkbuf_16)
    16    0.094658    0.110614    0.199662    0.265749 ^ clkbuf_0_clk/X (sky130_fd_sc_hd__clkbuf_16)
                                                         clknet_0_clk (net)
                      0.110680    0.002494    0.268243 ^ clkbuf_4_5_0_clk/A (sky130_fd_sc_hd__clkbuf_8)
    10    0.056613    0.108440    0.200680    0.468923 ^ clkbuf_4_5_0_clk/X (sky130_fd_sc_hd__clkbuf_8)
                                                         clknet_4_5_0_clk (net)
                      0.108443    0.000730    0.469653 ^ _3136_/CLK (sky130_fd_sc_hd__dfrtp_1)
                                  0.500000    0.969653   clock uncertainty
                                  0.000000    0.969653   clock reconvergence pessimism
                                 -0.028947    0.940706   library hold time
                                              0.940706   data required time
---------------------------------------------------------------------------------------------
                                              0.940706   data required time
                                             -1.754597   data arrival time
---------------------------------------------------------------------------------------------
                                              0.813892   slack (MET)


Startpoint: _3165_ (rising edge-triggered flip-flop clocked by clk)
Endpoint: _3120_ (rising edge-triggered flip-flop clocked by clk)
Path Group: clk
Path Type: min

Fanout         Cap        Slew       Delay        Time   Description
---------------------------------------------------------------------------------------------
                                  0.000000    0.000000   clock clk (rise edge)
                                  0.000000    0.000000   clock source latency
     1    0.020000    0.095779    0.066087    0.066087 ^ clk (in)
                                                         clk (net)
                      0.095805    0.000000    0.066087 ^ clkbuf_0_clk/A (sky130_fd_sc_hd__clkbuf_16)
    16    0.094658    0.110614    0.199662    0.265749 ^ clkbuf_0_clk/X (sky130_fd_sc_hd__clkbuf_16)
                                                         clknet_0_clk (net)
                      0.110815    0.003356    0.269105 ^ clkbuf_4_0_0_clk/A (sky130_fd_sc_hd__clkbuf_8)
    24    0.065579    0.123215    0.209510    0.478615 ^ clkbuf_4_0_0_clk/X (sky130_fd_sc_hd__clkbuf_8)
                                                         clknet_4_0_0_clk (net)
                      0.123603    0.005617    0.484232 ^ _3165_/CLK (sky130_fd_sc_hd__dfrtp_1)
     2    0.003666    0.042830    0.387446    0.871678 v _3165_/Q (sky130_fd_sc_hd__dfrtp_1)
                                                         sclk_s0 (net)
                      0.042830    0.000061    0.871739 v _2104_/D_N (sky130_fd_sc_hd__or4b_4)
     3    0.014755    0.056695    0.219439    1.091178 ^ _2104_/X (sky130_fd_sc_hd__or4b_4)
                                                         _0498_ (net)
                      0.056705    0.000763    1.091941 ^ _2111_/S (sky130_fd_sc_hd__mux2_1)
     1    0.002820    0.041441    0.126622    1.218563 ^ _2111_/X (sky130_fd_sc_hd__mux2_1)
                                                         _0216_ (net)
                      0.041441    0.000069    1.218632 ^ hold79/A (sky130_fd_sc_hd__dlygate4sd3_1)
     1    0.003529    0.059150    0.540286    1.758918 ^ hold79/X (sky130_fd_sc_hd__dlygate4sd3_1)
                                                         net84 (net)
                      0.059150    0.000121    1.759039 ^ _3120_/D (sky130_fd_sc_hd__dfrtp_1)
                                              1.759039   data arrival time

                                  0.000000    0.000000   clock clk (rise edge)
                                  0.000000    0.000000   clock source latency
     1    0.020000    0.095779    0.066087    0.066087 ^ clk (in)
                                                         clk (net)
                      0.095805    0.000000    0.066087 ^ clkbuf_0_clk/A (sky130_fd_sc_hd__clkbuf_16)
    16    0.094658    0.110614    0.199662    0.265749 ^ clkbuf_0_clk/X (sky130_fd_sc_hd__clkbuf_16)
                                                         clknet_0_clk (net)
                      0.110751    0.002584    0.268334 ^ clkbuf_4_4_0_clk/A (sky130_fd_sc_hd__clkbuf_8)
    11    0.055333    0.106119    0.198941    0.467275 ^ clkbuf_4_4_0_clk/X (sky130_fd_sc_hd__clkbuf_8)
                                                         clknet_4_4_0_clk (net)
                      0.106151    0.001767    0.469042 ^ _3120_/CLK (sky130_fd_sc_hd__dfrtp_1)
                                  0.500000    0.969042   clock uncertainty
                                  0.000000    0.969042   clock reconvergence pessimism
                                 -0.029352    0.939689   library hold time
                                              0.939689   data required time
---------------------------------------------------------------------------------------------
                                              0.939689   data required time
                                             -1.759039   data arrival time
---------------------------------------------------------------------------------------------
                                              0.819350   slack (MET)


Startpoint: _3086_ (rising edge-triggered flip-flop clocked by clk)
Endpoint: _3033_ (rising edge-triggered flip-flop clocked by clk)
Path Group: clk
Path Type: min

Fanout         Cap        Slew       Delay        Time   Description
---------------------------------------------------------------------------------------------
                                  0.000000    0.000000   clock clk (rise edge)
                                  0.000000    0.000000   clock source latency
     1    0.020000    0.095779    0.066087    0.066087 ^ clk (in)
                                                         clk (net)
                      0.095805    0.000000    0.066087 ^ clkbuf_0_clk/A (sky130_fd_sc_hd__clkbuf_16)
    16    0.094658    0.110614    0.199662    0.265749 ^ clkbuf_0_clk/X (sky130_fd_sc_hd__clkbuf_16)
                                                         clknet_0_clk (net)
                      0.110669    0.002310    0.268059 ^ clkbuf_4_6_0_clk/A (sky130_fd_sc_hd__clkbuf_8)
    12    0.053868    0.103792    0.197120    0.465179 ^ clkbuf_4_6_0_clk/X (sky130_fd_sc_hd__clkbuf_8)
                                                         clknet_4_6_0_clk (net)
                      0.103832    0.001907    0.467086 ^ _3086_/CLK (sky130_fd_sc_hd__dfrtp_4)
     9    0.043773    0.149553    0.508689    0.975775 ^ _3086_/Q (sky130_fd_sc_hd__dfrtp_4)
                                                         acc_reg[7] (net)
                      0.149602    0.002603    0.978378 ^ _2396_/A (sky130_fd_sc_hd__and2_1)
     1    0.003871    0.056027    0.150269    1.128647 ^ _2396_/X (sky130_fd_sc_hd__and2_1)
                                                         _0696_ (net)
                      0.056027    0.000137    1.128784 ^ _2397_/C1 (sky130_fd_sc_hd__a221o_1)
     1    0.003315    0.045503    0.103542    1.232326 ^ _2397_/X (sky130_fd_sc_hd__a221o_1)
                                                         _0292_ (net)
                      0.045503    0.000108    1.232435 ^ hold106/A (sky130_fd_sc_hd__dlygate4sd3_1)
     1    0.003314    0.057428    0.539852    1.772287 ^ hold106/X (sky130_fd_sc_hd__dlygate4sd3_1)
                                                         net111 (net)
                      0.057428    0.000085    1.772372 ^ _3033_/D (sky130_fd_sc_hd__dfrtp_1)
                                              1.772372   data arrival time

                                  0.000000    0.000000   clock clk (rise edge)
                                  0.000000    0.000000   clock source latency
     1    0.020000    0.095779    0.066087    0.066087 ^ clk (in)
                                                         clk (net)
                      0.095805    0.000000    0.066087 ^ clkbuf_0_clk/A (sky130_fd_sc_hd__clkbuf_16)
    16    0.094658    0.110614    0.199662    0.265749 ^ clkbuf_0_clk/X (sky130_fd_sc_hd__clkbuf_16)
                                                         clknet_0_clk (net)
                      0.110825    0.003460    0.269209 ^ clkbuf_4_14_0_clk/A (sky130_fd_sc_hd__clkbuf_8)
    11    0.062213    0.117386    0.207506    0.476715 ^ clkbuf_4_14_0_clk/X (sky130_fd_sc_hd__clkbuf_8)
                                                         clknet_4_14_0_clk (net)
                      0.117400    0.001326    0.478041 ^ _3033_/CLK (sky130_fd_sc_hd__dfrtp_1)
                                  0.500000    0.978041   clock uncertainty
                                  0.000000    0.978041   clock reconvergence pessimism
                                 -0.027453    0.950588   library hold time
                                              0.950588   data required time
---------------------------------------------------------------------------------------------
                                              0.950588   data required time
                                             -1.772372   data arrival time
---------------------------------------------------------------------------------------------
                                              0.821784   slack (MET)


Startpoint: _3075_ (rising edge-triggered flip-flop clocked by clk)
Endpoint: _3029_ (rising edge-triggered flip-flop clocked by clk)
Path Group: clk
Path Type: min

Fanout         Cap        Slew       Delay        Time   Description
---------------------------------------------------------------------------------------------
                                  0.000000    0.000000   clock clk (rise edge)
                                  0.000000    0.000000   clock source latency
     1    0.020000    0.095779    0.066087    0.066087 ^ clk (in)
                                                         clk (net)
                      0.095805    0.000000    0.066087 ^ clkbuf_0_clk/A (sky130_fd_sc_hd__clkbuf_16)
    16    0.094658    0.110614    0.199662    0.265749 ^ clkbuf_0_clk/X (sky130_fd_sc_hd__clkbuf_16)
                                                         clknet_0_clk (net)
                      0.110767    0.002795    0.268544 ^ clkbuf_4_11_0_clk/A (sky130_fd_sc_hd__clkbuf_8)
    13    0.055869    0.107200    0.200015    0.468559 ^ clkbuf_4_11_0_clk/X (sky130_fd_sc_hd__clkbuf_8)
                                                         clknet_4_11_0_clk (net)
                      0.107209    0.001062    0.469621 ^ _3075_/CLK (sky130_fd_sc_hd__dfrtp_1)
     4    0.014818    0.139786    0.415350    0.884971 ^ _3075_/Q (sky130_fd_sc_hd__dfrtp_1)
                                                         my_sum_sub.cm_exp[5] (net)
                      0.139786    0.000548    0.885520 ^ _2613_/A1 (sky130_fd_sc_hd__o22a_1)
     3    0.009741    0.101429    0.206173    1.091693 ^ _2613_/X (sky130_fd_sc_hd__o22a_1)
                                                         _0912_ (net)
                      0.101429    0.000363    1.092055 ^ _2663_/B1 (sky130_fd_sc_hd__a22o_1)
     1    0.003190    0.046443    0.132769    1.224825 ^ _2663_/X (sky130_fd_sc_hd__a22o_1)
                                                         _0288_ (net)
                      0.046443    0.000105    1.224930 ^ hold157/A (sky130_fd_sc_hd__dlygate4sd3_1)
     1    0.004205    0.065323    0.547120    1.772049 ^ hold157/X (sky130_fd_sc_hd__dlygate4sd3_1)
                                                         net162 (net)
                      0.065323    0.000162    1.772212 ^ _3029_/D (sky130_fd_sc_hd__dfrtp_1)
                                              1.772212   data arrival time

                                  0.000000    0.000000   clock clk (rise edge)
                                  0.000000    0.000000   clock source latency
     1    0.020000    0.095779    0.066087    0.066087 ^ clk (in)
                                                         clk (net)
                      0.095805    0.000000    0.066087 ^ clkbuf_0_clk/A (sky130_fd_sc_hd__clkbuf_16)
    16    0.094658    0.110614    0.199662    0.265749 ^ clkbuf_0_clk/X (sky130_fd_sc_hd__clkbuf_16)
                                                         clknet_0_clk (net)
                      0.110767    0.002795    0.268544 ^ clkbuf_4_11_0_clk/A (sky130_fd_sc_hd__clkbuf_8)
    13    0.055869    0.107200    0.200015    0.468559 ^ clkbuf_4_11_0_clk/X (sky130_fd_sc_hd__clkbuf_8)
                                                         clknet_4_11_0_clk (net)
                      0.107207    0.000955    0.469514 ^ _3029_/CLK (sky130_fd_sc_hd__dfrtp_1)
                                  0.500000    0.969514   clock uncertainty
                                  0.000000    0.969514   clock reconvergence pessimism
                                 -0.030492    0.939022   library hold time
                                              0.939022   data required time
---------------------------------------------------------------------------------------------
                                              0.939022   data required time
                                             -1.772212   data arrival time
---------------------------------------------------------------------------------------------
                                              0.833190   slack (MET)


Startpoint: _3083_ (rising edge-triggered flip-flop clocked by clk)
Endpoint: _3005_ (rising edge-triggered flip-flop clocked by clk)
Path Group: clk
Path Type: min

Fanout         Cap        Slew       Delay        Time   Description
---------------------------------------------------------------------------------------------
                                  0.000000    0.000000   clock clk (rise edge)
                                  0.000000    0.000000   clock source latency
     1    0.020000    0.095779    0.066087    0.066087 ^ clk (in)
                                                         clk (net)
                      0.095805    0.000000    0.066087 ^ clkbuf_0_clk/A (sky130_fd_sc_hd__clkbuf_16)
    16    0.094658    0.110614    0.199662    0.265749 ^ clkbuf_0_clk/X (sky130_fd_sc_hd__clkbuf_16)
                                                         clknet_0_clk (net)
                      0.110680    0.002494    0.268243 ^ clkbuf_4_5_0_clk/A (sky130_fd_sc_hd__clkbuf_8)
    10    0.056613    0.108440    0.200680    0.468923 ^ clkbuf_4_5_0_clk/X (sky130_fd_sc_hd__clkbuf_8)
                                                         clknet_4_5_0_clk (net)
                      0.108445    0.000882    0.469806 ^ _3083_/CLK (sky130_fd_sc_hd__dfrtp_4)
    23    0.090905    0.267160    0.602926    1.072732 ^ _3083_/Q (sky130_fd_sc_hd__dfrtp_4)
                                                         acc_reg[4] (net)
                      0.267180    0.002610    1.075341 ^ _2751_/A1 (sky130_fd_sc_hd__a31o_1)
     1    0.003031    0.042036    0.181506    1.256848 ^ _2751_/X (sky130_fd_sc_hd__a31o_1)
                                                         _0264_ (net)
                      0.042036    0.000077    1.256925 ^ hold285/A (sky130_fd_sc_hd__dlygate4sd3_1)
     1    0.003088    0.055413    0.536584    1.793509 ^ hold285/X (sky130_fd_sc_hd__dlygate4sd3_1)
                                                         net290 (net)
                      0.055413    0.000101    1.793610 ^ _3005_/D (sky130_fd_sc_hd__dfrtp_1)
                                              1.793610   data arrival time

                                  0.000000    0.000000   clock clk (rise edge)
                                  0.000000    0.000000   clock source latency
     1    0.020000    0.095779    0.066087    0.066087 ^ clk (in)
                                                         clk (net)
                      0.095805    0.000000    0.066087 ^ clkbuf_0_clk/A (sky130_fd_sc_hd__clkbuf_16)
    16    0.094658    0.110614    0.199662    0.265749 ^ clkbuf_0_clk/X (sky130_fd_sc_hd__clkbuf_16)
                                                         clknet_0_clk (net)
                      0.110799    0.003186    0.268935 ^ clkbuf_4_2_0_clk/A (sky130_fd_sc_hd__clkbuf_8)
    18    0.064744    0.121094    0.210168    0.479103 ^ clkbuf_4_2_0_clk/X (sky130_fd_sc_hd__clkbuf_8)
                                                         clknet_4_2_0_clk (net)
                      0.121164    0.002684    0.481787 ^ _3005_/CLK (sky130_fd_sc_hd__dfrtp_1)
                                  0.500000    0.981787   clock uncertainty
                                  0.000000    0.981787   clock reconvergence pessimism
                                 -0.026519    0.955267   library hold time
                                              0.955267   data required time
---------------------------------------------------------------------------------------------
                                              0.955267   data required time
                                             -1.793610   data arrival time
---------------------------------------------------------------------------------------------
                                              0.838343   slack (MET)


Startpoint: _3149_ (rising edge-triggered flip-flop clocked by clk)
Endpoint: _3163_ (rising edge-triggered flip-flop clocked by clk)
Path Group: clk
Path Type: min

Fanout         Cap        Slew       Delay        Time   Description
---------------------------------------------------------------------------------------------
                                  0.000000    0.000000   clock clk (rise edge)
                                  0.000000    0.000000   clock source latency
     1    0.020000    0.095779    0.066087    0.066087 ^ clk (in)
                                                         clk (net)
                      0.095805    0.000000    0.066087 ^ clkbuf_0_clk/A (sky130_fd_sc_hd__clkbuf_16)
    16    0.094658    0.110614    0.199662    0.265749 ^ clkbuf_0_clk/X (sky130_fd_sc_hd__clkbuf_16)
                                                         clknet_0_clk (net)
                      0.110817    0.003381    0.269130 ^ clkbuf_4_1_0_clk/A (sky130_fd_sc_hd__clkbuf_8)
    16    0.063469    0.119051    0.208820    0.477950 ^ clkbuf_4_1_0_clk/X (sky130_fd_sc_hd__clkbuf_8)
                                                         clknet_4_1_0_clk (net)
                      0.119068    0.001465    0.479415 ^ _3149_/CLK (sky130_fd_sc_hd__dfrtp_1)
     3    0.008926    0.092112    0.383923    0.863338 ^ _3149_/Q (sky130_fd_sc_hd__dfrtp_1)
                                                         op_reg[1] (net)
                      0.092112    0.000190    0.863528 ^ _1539_/C (sky130_fd_sc_hd__or4b_4)
     5    0.025150    0.083591    0.172092    1.035620 ^ _1539_/X (sky130_fd_sc_hd__or4b_4)
                                                         _1084_ (net)
                      0.083598    0.000823    1.036443 ^ _2788_/B (sky130_fd_sc_hd__nor2_1)
     2    0.006206    0.040310    0.060086    1.096529 v _2788_/Y (sky130_fd_sc_hd__nor2_1)
                                                         _1040_ (net)
                      0.040310    0.000148    1.096677 v _2803_/B (sky130_fd_sc_hd__and2_1)
     1    0.003428    0.036534    0.151631    1.248307 v _2803_/X (sky130_fd_sc_hd__and2_1)
                                                         _0001_ (net)
                      0.036534    0.000118    1.248425 v hold178/A (sky130_fd_sc_hd__dlygate4sd3_1)
     1    0.002608    0.051935    0.543138    1.791564 v hold178/X (sky130_fd_sc_hd__dlygate4sd3_1)
                                                         net183 (net)
                      0.051935    0.000058    1.791621 v _3163_/D (sky130_fd_sc_hd__dfrtp_1)
                                              1.791621   data arrival time

                                  0.000000    0.000000   clock clk (rise edge)
                                  0.000000    0.000000   clock source latency
     1    0.020000    0.095779    0.066087    0.066087 ^ clk (in)
                                                         clk (net)
                      0.095805    0.000000    0.066087 ^ clkbuf_0_clk/A (sky130_fd_sc_hd__clkbuf_16)
    16    0.094658    0.110614    0.199662    0.265749 ^ clkbuf_0_clk/X (sky130_fd_sc_hd__clkbuf_16)
                                                         clknet_0_clk (net)
                      0.110817    0.003381    0.269130 ^ clkbuf_4_1_0_clk/A (sky130_fd_sc_hd__clkbuf_8)
    16    0.063469    0.119051    0.208820    0.477950 ^ clkbuf_4_1_0_clk/X (sky130_fd_sc_hd__clkbuf_8)
                                                         clknet_4_1_0_clk (net)
                      0.119055    0.000889    0.478839 ^ _3163_/CLK (sky130_fd_sc_hd__dfrtp_1)
                                  0.500000    0.978839   clock uncertainty
                                  0.000000    0.978839   clock reconvergence pessimism
                                 -0.031704    0.947135   library hold time
                                              0.947135   data required time
---------------------------------------------------------------------------------------------
                                              0.947135   data required time
                                             -1.791621   data arrival time
---------------------------------------------------------------------------------------------
                                              0.844487   slack (MET)


Startpoint: _3101_ (rising edge-triggered flip-flop clocked by clk)
Endpoint: _3101_ (rising edge-triggered flip-flop clocked by clk)
Path Group: clk
Path Type: min

Fanout         Cap        Slew       Delay        Time   Description
---------------------------------------------------------------------------------------------
                                  0.000000    0.000000   clock clk (rise edge)
                                  0.000000    0.000000   clock source latency
     1    0.020000    0.095779    0.066087    0.066087 ^ clk (in)
                                                         clk (net)
                      0.095805    0.000000    0.066087 ^ clkbuf_0_clk/A (sky130_fd_sc_hd__clkbuf_16)
    16    0.094658    0.110614    0.199662    0.265749 ^ clkbuf_0_clk/X (sky130_fd_sc_hd__clkbuf_16)
                                                         clknet_0_clk (net)
                      0.110815    0.003356    0.269105 ^ clkbuf_4_0_0_clk/A (sky130_fd_sc_hd__clkbuf_8)
    24    0.065579    0.123215    0.209510    0.478615 ^ clkbuf_4_0_0_clk/X (sky130_fd_sc_hd__clkbuf_8)
                                                         clknet_4_0_0_clk (net)
                      0.123619    0.005731    0.484346 ^ _3101_/CLK (sky130_fd_sc_hd__dfrtp_4)
    23    0.092351    0.270924    0.609985    1.094331 ^ _3101_/Q (sky130_fd_sc_hd__dfrtp_4)
                                                         my_mul.x2[6] (net)
                      0.270924    0.001062    1.095393 ^ _2133_/A1 (sky130_fd_sc_hd__mux2_1)
     1    0.002286    0.037500    0.175845    1.271239 ^ _2133_/X (sky130_fd_sc_hd__mux2_1)
                                                         _0197_ (net)
                      0.037500    0.000049    1.271288 ^ hold235/A (sky130_fd_sc_hd__dlygate4sd3_1)
     1    0.002803    0.052931    0.532423    1.803711 ^ hold235/X (sky130_fd_sc_hd__dlygate4sd3_1)
                                                         net240 (net)
                      0.052931    0.000063    1.803774 ^ _3101_/D (sky130_fd_sc_hd__dfrtp_4)
                                              1.803774   data arrival time

                                  0.000000    0.000000   clock clk (rise edge)
                                  0.000000    0.000000   clock source latency
     1    0.020000    0.095779    0.066087    0.066087 ^ clk (in)
                                                         clk (net)
                      0.095805    0.000000    0.066087 ^ clkbuf_0_clk/A (sky130_fd_sc_hd__clkbuf_16)
    16    0.094658    0.110614    0.199662    0.265749 ^ clkbuf_0_clk/X (sky130_fd_sc_hd__clkbuf_16)
                                                         clknet_0_clk (net)
                      0.110815    0.003356    0.269105 ^ clkbuf_4_0_0_clk/A (sky130_fd_sc_hd__clkbuf_8)
    24    0.065579    0.123215    0.209510    0.478615 ^ clkbuf_4_0_0_clk/X (sky130_fd_sc_hd__clkbuf_8)
                                                         clknet_4_0_0_clk (net)
                      0.123619    0.005731    0.484346 ^ _3101_/CLK (sky130_fd_sc_hd__dfrtp_4)
                                  0.500000    0.984346   clock uncertainty
                                  0.000000    0.984346   clock reconvergence pessimism
                                 -0.025668    0.958678   library hold time
                                              0.958678   data required time
---------------------------------------------------------------------------------------------
                                              0.958678   data required time
                                             -1.803774   data arrival time
---------------------------------------------------------------------------------------------
                                              0.845096   slack (MET)


Startpoint: _3160_ (rising edge-triggered flip-flop clocked by clk)
Endpoint: _3159_ (rising edge-triggered flip-flop clocked by clk)
Path Group: clk
Path Type: min

Fanout         Cap        Slew       Delay        Time   Description
---------------------------------------------------------------------------------------------
                                  0.000000    0.000000   clock clk (rise edge)
                                  0.000000    0.000000   clock source latency
     1    0.020000    0.095779    0.066087    0.066087 ^ clk (in)
                                                         clk (net)
                      0.095805    0.000000    0.066087 ^ clkbuf_0_clk/A (sky130_fd_sc_hd__clkbuf_16)
    16    0.094658    0.110614    0.199662    0.265749 ^ clkbuf_0_clk/X (sky130_fd_sc_hd__clkbuf_16)
                                                         clknet_0_clk (net)
                      0.110793    0.003112    0.268861 ^ clkbuf_4_3_0_clk/A (sky130_fd_sc_hd__clkbuf_8)
    11    0.053966    0.104170    0.197711    0.466572 ^ clkbuf_4_3_0_clk/X (sky130_fd_sc_hd__clkbuf_8)
                                                         clknet_4_3_0_clk (net)
                      0.104173    0.000733    0.467304 ^ _3160_/CLK (sky130_fd_sc_hd__dfrtp_4)
    11    0.050297    0.124278    0.569063    1.036368 v _3160_/Q (sky130_fd_sc_hd__dfrtp_4)
                                                         my_sum_sub.state[2] (net)
                      0.124421    0.003866    1.040234 v hold277/A (sky130_fd_sc_hd__dlygate4sd3_1)
     3    0.028189    0.163655    0.709009    1.749243 v hold277/X (sky130_fd_sc_hd__dlygate4sd3_1)
                                                         net282 (net)
                      0.163659    0.001118    1.750361 v _3159_/D (sky130_fd_sc_hd__dfrtp_4)
                                              1.750361   data arrival time

                                  0.000000    0.000000   clock clk (rise edge)
                                  0.000000    0.000000   clock source latency
     1    0.020000    0.095779    0.066087    0.066087 ^ clk (in)
                                                         clk (net)
                      0.095805    0.000000    0.066087 ^ clkbuf_0_clk/A (sky130_fd_sc_hd__clkbuf_16)
    16    0.094658    0.110614    0.199662    0.265749 ^ clkbuf_0_clk/X (sky130_fd_sc_hd__clkbuf_16)
                                                         clknet_0_clk (net)
                      0.110825    0.003460    0.269209 ^ clkbuf_4_14_0_clk/A (sky130_fd_sc_hd__clkbuf_8)
    11    0.062213    0.117386    0.207506    0.476715 ^ clkbuf_4_14_0_clk/X (sky130_fd_sc_hd__clkbuf_8)
                                                         clknet_4_14_0_clk (net)
                      0.117394    0.001096    0.477811 ^ _3159_/CLK (sky130_fd_sc_hd__dfrtp_4)
                                  0.500000    0.977811   clock uncertainty
                                  0.000000    0.977811   clock reconvergence pessimism
                                 -0.073566    0.904245   library hold time
                                              0.904245   data required time
---------------------------------------------------------------------------------------------
                                              0.904245   data required time
                                             -1.750361   data arrival time
---------------------------------------------------------------------------------------------
                                              0.846115   slack (MET)


Startpoint: _3001_ (rising edge-triggered flip-flop clocked by clk)
Endpoint: _3002_ (rising edge-triggered flip-flop clocked by clk)
Path Group: clk
Path Type: min

Fanout         Cap        Slew       Delay        Time   Description
---------------------------------------------------------------------------------------------
                                  0.000000    0.000000   clock clk (rise edge)
                                  0.000000    0.000000   clock source latency
     1    0.020000    0.095779    0.066087    0.066087 ^ clk (in)
                                                         clk (net)
                      0.095805    0.000000    0.066087 ^ clkbuf_0_clk/A (sky130_fd_sc_hd__clkbuf_16)
    16    0.094658    0.110614    0.199662    0.265749 ^ clkbuf_0_clk/X (sky130_fd_sc_hd__clkbuf_16)
                                                         clknet_0_clk (net)
                      0.110757    0.002659    0.268408 ^ clkbuf_4_8_0_clk/A (sky130_fd_sc_hd__clkbuf_8)
     9    0.050881    0.099055    0.193582    0.461991 ^ clkbuf_4_8_0_clk/X (sky130_fd_sc_hd__clkbuf_8)
                                                         clknet_4_8_0_clk (net)
                      0.099078    0.001479    0.463469 ^ _3001_/CLK (sky130_fd_sc_hd__dfrtp_1)
     3    0.009035    0.092851    0.377237    0.840706 ^ _3001_/Q (sky130_fd_sc_hd__dfrtp_1)
                                                         my_divider.remainder_reg[0] (net)
                      0.092851    0.000129    0.840835 ^ _2762_/B1 (sky130_fd_sc_hd__a21oi_1)
     1    0.002474    0.035744    0.046360    0.887196 v _2762_/Y (sky130_fd_sc_hd__a21oi_1)
                                                         _1030_ (net)
                      0.035744    0.000077    0.887272 v _2764_/A1_N (sky130_fd_sc_hd__a2bb2o_1)
     1    0.003563    0.048999    0.248902    1.136174 ^ _2764_/X (sky130_fd_sc_hd__a2bb2o_1)
                                                         _1032_ (net)
                      0.048999    0.000125    1.136299 ^ _2765_/A1 (sky130_fd_sc_hd__mux2_1)
     1    0.002690    0.040454    0.117662    1.253962 ^ _2765_/X (sky130_fd_sc_hd__mux2_1)
                                                         _0261_ (net)
                      0.040454    0.000082    1.254044 ^ hold134/A (sky130_fd_sc_hd__dlygate4sd3_1)
     1    0.002725    0.052266    0.532653    1.786696 ^ hold134/X (sky130_fd_sc_hd__dlygate4sd3_1)
                                                         net139 (net)
                      0.052266    0.000063    1.786759 ^ _3002_/D (sky130_fd_sc_hd__dfrtp_1)
                                              1.786759   data arrival time

                                  0.000000    0.000000   clock clk (rise edge)
                                  0.000000    0.000000   clock source latency
     1    0.020000    0.095779    0.066087    0.066087 ^ clk (in)
                                                         clk (net)
                      0.095805    0.000000    0.066087 ^ clkbuf_0_clk/A (sky130_fd_sc_hd__clkbuf_16)
    16    0.094658    0.110614    0.199662    0.265749 ^ clkbuf_0_clk/X (sky130_fd_sc_hd__clkbuf_16)
                                                         clknet_0_clk (net)
                      0.110757    0.002659    0.268408 ^ clkbuf_4_8_0_clk/A (sky130_fd_sc_hd__clkbuf_8)
     9    0.050881    0.099055    0.193582    0.461991 ^ clkbuf_4_8_0_clk/X (sky130_fd_sc_hd__clkbuf_8)
                                                         clknet_4_8_0_clk (net)
                      0.099080    0.001520    0.463510 ^ _3002_/CLK (sky130_fd_sc_hd__dfrtp_1)
                                  0.500000    0.963510   clock uncertainty
                                  0.000000    0.963510   clock reconvergence pessimism
                                 -0.028888    0.934623   library hold time
                                              0.934623   data required time
---------------------------------------------------------------------------------------------
                                              0.934623   data required time
                                             -1.786759   data arrival time
---------------------------------------------------------------------------------------------
                                              0.852137   slack (MET)


Startpoint: _3101_ (rising edge-triggered flip-flop clocked by clk)
Endpoint: _2995_ (rising edge-triggered flip-flop clocked by clk)
Path Group: clk
Path Type: min

Fanout         Cap        Slew       Delay        Time   Description
---------------------------------------------------------------------------------------------
                                  0.000000    0.000000   clock clk (rise edge)
                                  0.000000    0.000000   clock source latency
     1    0.020000    0.095779    0.066087    0.066087 ^ clk (in)
                                                         clk (net)
                      0.095805    0.000000    0.066087 ^ clkbuf_0_clk/A (sky130_fd_sc_hd__clkbuf_16)
    16    0.094658    0.110614    0.199662    0.265749 ^ clkbuf_0_clk/X (sky130_fd_sc_hd__clkbuf_16)
                                                         clknet_0_clk (net)
                      0.110815    0.003356    0.269105 ^ clkbuf_4_0_0_clk/A (sky130_fd_sc_hd__clkbuf_8)
    24    0.065579    0.123215    0.209510    0.478615 ^ clkbuf_4_0_0_clk/X (sky130_fd_sc_hd__clkbuf_8)
                                                         clknet_4_0_0_clk (net)
                      0.123619    0.005731    0.484346 ^ _3101_/CLK (sky130_fd_sc_hd__dfrtp_4)
    23    0.092351    0.270924    0.609985    1.094331 ^ _3101_/Q (sky130_fd_sc_hd__dfrtp_4)
                                                         my_mul.x2[6] (net)
                      0.270933    0.002118    1.096449 ^ _2779_/A1 (sky130_fd_sc_hd__a31o_1)
     1    0.002507    0.038088    0.178039    1.274488 ^ _2779_/X (sky130_fd_sc_hd__a31o_1)
                                                         _0254_ (net)
                      0.038088    0.000077    1.274566 ^ hold294/A (sky130_fd_sc_hd__dlygate4sd3_1)
     1    0.003552    0.059336    0.539372    1.813938 ^ hold294/X (sky130_fd_sc_hd__dlygate4sd3_1)
                                                         net299 (net)
                      0.059336    0.000098    1.814036 ^ _2995_/D (sky130_fd_sc_hd__dfrtp_1)
                                              1.814036   data arrival time

                                  0.000000    0.000000   clock clk (rise edge)
                                  0.000000    0.000000   clock source latency
     1    0.020000    0.095779    0.066087    0.066087 ^ clk (in)
                                                         clk (net)
                      0.095805    0.000000    0.066087 ^ clkbuf_0_clk/A (sky130_fd_sc_hd__clkbuf_16)
    16    0.094658    0.110614    0.199662    0.265749 ^ clkbuf_0_clk/X (sky130_fd_sc_hd__clkbuf_16)
                                                         clknet_0_clk (net)
                      0.110799    0.003186    0.268935 ^ clkbuf_4_2_0_clk/A (sky130_fd_sc_hd__clkbuf_8)
    18    0.064744    0.121094    0.210168    0.479103 ^ clkbuf_4_2_0_clk/X (sky130_fd_sc_hd__clkbuf_8)
                                                         clknet_4_2_0_clk (net)
                      0.121156    0.002546    0.481649 ^ _2995_/CLK (sky130_fd_sc_hd__dfrtp_1)
                                  0.500000    0.981649   clock uncertainty
                                  0.000000    0.981649   clock reconvergence pessimism
                                 -0.027335    0.954314   library hold time
                                              0.954314   data required time
---------------------------------------------------------------------------------------------
                                              0.954314   data required time
                                             -1.814036   data arrival time
---------------------------------------------------------------------------------------------
                                              0.859722   slack (MET)


Startpoint: _3086_ (rising edge-triggered flip-flop clocked by clk)
Endpoint: _3134_ (rising edge-triggered flip-flop clocked by clk)
Path Group: clk
Path Type: min

Fanout         Cap        Slew       Delay        Time   Description
---------------------------------------------------------------------------------------------
                                  0.000000    0.000000   clock clk (rise edge)
                                  0.000000    0.000000   clock source latency
     1    0.020000    0.095779    0.066087    0.066087 ^ clk (in)
                                                         clk (net)
                      0.095805    0.000000    0.066087 ^ clkbuf_0_clk/A (sky130_fd_sc_hd__clkbuf_16)
    16    0.094658    0.110614    0.199662    0.265749 ^ clkbuf_0_clk/X (sky130_fd_sc_hd__clkbuf_16)
                                                         clknet_0_clk (net)
                      0.110669    0.002310    0.268059 ^ clkbuf_4_6_0_clk/A (sky130_fd_sc_hd__clkbuf_8)
    12    0.053868    0.103792    0.197120    0.465179 ^ clkbuf_4_6_0_clk/X (sky130_fd_sc_hd__clkbuf_8)
                                                         clknet_4_6_0_clk (net)
                      0.103832    0.001907    0.467086 ^ _3086_/CLK (sky130_fd_sc_hd__dfrtp_4)
     9    0.043773    0.149553    0.508689    0.975775 ^ _3086_/Q (sky130_fd_sc_hd__dfrtp_4)
                                                         acc_reg[7] (net)
                      0.149553    0.000531    0.976306 ^ _2055_/B2 (sky130_fd_sc_hd__a221o_1)
     1    0.003504    0.049221    0.162400    1.138706 ^ _2055_/X (sky130_fd_sc_hd__a221o_1)
                                                         _0457_ (net)
                      0.049221    0.000114    1.138820 ^ _2056_/B2 (sky130_fd_sc_hd__o22a_1)
     1    0.003536    0.047447    0.115052    1.253872 ^ _2056_/X (sky130_fd_sc_hd__o22a_1)
                                                         _0230_ (net)
                      0.047447    0.000121    1.253993 ^ hold47/A (sky130_fd_sc_hd__dlygate4sd3_1)
     1    0.004121    0.064625    0.546805    1.800798 ^ hold47/X (sky130_fd_sc_hd__dlygate4sd3_1)
                                                         net52 (net)
                      0.064625    0.000158    1.800956 ^ _3134_/D (sky130_fd_sc_hd__dfrtp_1)
                                              1.800956   data arrival time

                                  0.000000    0.000000   clock clk (rise edge)
                                  0.000000    0.000000   clock source latency
     1    0.020000    0.095779    0.066087    0.066087 ^ clk (in)
                                                         clk (net)
                      0.095805    0.000000    0.066087 ^ clkbuf_0_clk/A (sky130_fd_sc_hd__clkbuf_16)
    16    0.094658    0.110614    0.199662    0.265749 ^ clkbuf_0_clk/X (sky130_fd_sc_hd__clkbuf_16)
                                                         clknet_0_clk (net)
                      0.110669    0.002310    0.268059 ^ clkbuf_4_6_0_clk/A (sky130_fd_sc_hd__clkbuf_8)
    12    0.053868    0.103792    0.197120    0.465179 ^ clkbuf_4_6_0_clk/X (sky130_fd_sc_hd__clkbuf_8)
                                                         clknet_4_6_0_clk (net)
                      0.103814    0.001480    0.466659 ^ _3134_/CLK (sky130_fd_sc_hd__dfrtp_1)
                                  0.500000    0.966659   clock uncertainty
                                  0.000000    0.966659   clock reconvergence pessimism
                                 -0.030812    0.935847   library hold time
                                              0.935847   data required time
---------------------------------------------------------------------------------------------
                                              0.935847   data required time
                                             -1.800956   data arrival time
---------------------------------------------------------------------------------------------
                                              0.865110   slack (MET)


Startpoint: _3079_ (rising edge-triggered flip-flop clocked by clk)
Endpoint: _3127_ (rising edge-triggered flip-flop clocked by clk)
Path Group: clk
Path Type: min

Fanout         Cap        Slew       Delay        Time   Description
---------------------------------------------------------------------------------------------
                                  0.000000    0.000000   clock clk (rise edge)
                                  0.000000    0.000000   clock source latency
     1    0.020000    0.095779    0.066087    0.066087 ^ clk (in)
                                                         clk (net)
                      0.095805    0.000000    0.066087 ^ clkbuf_0_clk/A (sky130_fd_sc_hd__clkbuf_16)
    16    0.094658    0.110614    0.199662    0.265749 ^ clkbuf_0_clk/X (sky130_fd_sc_hd__clkbuf_16)
                                                         clknet_0_clk (net)
                      0.110669    0.002310    0.268059 ^ clkbuf_4_6_0_clk/A (sky130_fd_sc_hd__clkbuf_8)
    12    0.053868    0.103792    0.197120    0.465179 ^ clkbuf_4_6_0_clk/X (sky130_fd_sc_hd__clkbuf_8)
                                                         clknet_4_6_0_clk (net)
                      0.103829    0.001842    0.467021 ^ _3079_/CLK (sky130_fd_sc_hd__dfrtp_4)
    17    0.055507    0.175206    0.533938    1.000959 ^ _3079_/Q (sky130_fd_sc_hd__dfrtp_4)
                                                         acc_reg[0] (net)
                      0.175206    0.000691    1.001650 ^ _2102_/B2 (sky130_fd_sc_hd__a221o_1)
     1    0.002994    0.045209    0.164302    1.165952 ^ _2102_/X (sky130_fd_sc_hd__a221o_1)
                                                         _0497_ (net)
                      0.045209    0.000065    1.166017 ^ _2103_/B2 (sky130_fd_sc_hd__o22a_1)
     1    0.002577    0.039521    0.106432    1.272449 ^ _2103_/X (sky130_fd_sc_hd__o22a_1)
                                                         _0223_ (net)
                      0.039521    0.000059    1.272508 ^ hold217/A (sky130_fd_sc_hd__dlygate4sd3_1)
     1    0.002943    0.054141    0.534395    1.806903 ^ hold217/X (sky130_fd_sc_hd__dlygate4sd3_1)
                                                         net222 (net)
                      0.054141    0.000092    1.806996 ^ _3127_/D (sky130_fd_sc_hd__dfrtp_1)
                                              1.806996   data arrival time

                                  0.000000    0.000000   clock clk (rise edge)
                                  0.000000    0.000000   clock source latency
     1    0.020000    0.095779    0.066087    0.066087 ^ clk (in)
                                                         clk (net)
                      0.095805    0.000000    0.066087 ^ clkbuf_0_clk/A (sky130_fd_sc_hd__clkbuf_16)
    16    0.094658    0.110614    0.199662    0.265749 ^ clkbuf_0_clk/X (sky130_fd_sc_hd__clkbuf_16)
                                                         clknet_0_clk (net)
                      0.110669    0.002310    0.268059 ^ clkbuf_4_6_0_clk/A (sky130_fd_sc_hd__clkbuf_8)
    12    0.053868    0.103792    0.197120    0.465179 ^ clkbuf_4_6_0_clk/X (sky130_fd_sc_hd__clkbuf_8)
                                                         clknet_4_6_0_clk (net)
                      0.103831    0.001894    0.467073 ^ _3127_/CLK (sky130_fd_sc_hd__dfrtp_1)
                                  0.500000    0.967073   clock uncertainty
                                  0.000000    0.967073   clock reconvergence pessimism
                                 -0.028628    0.938445   library hold time
                                              0.938445   data required time
---------------------------------------------------------------------------------------------
                                              0.938445   data required time
                                             -1.806996   data arrival time
---------------------------------------------------------------------------------------------
                                              0.868550   slack (MET)


Startpoint: _3157_ (rising edge-triggered flip-flop clocked by clk)
Endpoint: _3147_ (rising edge-triggered flip-flop clocked by clk)
Path Group: clk
Path Type: min

Fanout         Cap        Slew       Delay        Time   Description
---------------------------------------------------------------------------------------------
                                  0.000000    0.000000   clock clk (rise edge)
                                  0.000000    0.000000   clock source latency
     1    0.020000    0.095779    0.066087    0.066087 ^ clk (in)
                                                         clk (net)
                      0.095805    0.000000    0.066087 ^ clkbuf_0_clk/A (sky130_fd_sc_hd__clkbuf_16)
    16    0.094658    0.110614    0.199662    0.265749 ^ clkbuf_0_clk/X (sky130_fd_sc_hd__clkbuf_16)
                                                         clknet_0_clk (net)
                      0.110815    0.003356    0.269105 ^ clkbuf_4_0_0_clk/A (sky130_fd_sc_hd__clkbuf_8)
    24    0.065579    0.123215    0.209510    0.478615 ^ clkbuf_4_0_0_clk/X (sky130_fd_sc_hd__clkbuf_8)
                                                         clknet_4_0_0_clk (net)
                      0.123621    0.005743    0.484358 ^ _3157_/CLK (sky130_fd_sc_hd__dfrtp_1)
     4    0.012057    0.079588    0.429003    0.913361 v _3157_/Q (sky130_fd_sc_hd__dfrtp_1)
                                                         state[5] (net)
                      0.079588    0.000322    0.913683 v _1528_/A1_N (sky130_fd_sc_hd__a2bb2o_1)
     1    0.003902    0.051961    0.268244    1.181926 ^ _1528_/X (sky130_fd_sc_hd__a2bb2o_1)
                                                         _1078_ (net)
                      0.051961    0.000106    1.182033 ^ _1529_/B2 (sky130_fd_sc_hd__a22o_1)
     1    0.002065    0.037261    0.110649    1.292682 ^ _1529_/X (sky130_fd_sc_hd__a22o_1)
                                                         _0243_ (net)
                      0.037261    0.000042    1.292724 ^ hold142/A (sky130_fd_sc_hd__dlygate4sd3_1)
     1    0.003355    0.057788    0.537532    1.830255 ^ hold142/X (sky130_fd_sc_hd__dlygate4sd3_1)
                                                         net147 (net)
                      0.057788    0.000087    1.830343 ^ _3147_/D (sky130_fd_sc_hd__dfrtp_1)
                                              1.830343   data arrival time

                                  0.000000    0.000000   clock clk (rise edge)
                                  0.000000    0.000000   clock source latency
     1    0.020000    0.095779    0.066087    0.066087 ^ clk (in)
                                                         clk (net)
                      0.095805    0.000000    0.066087 ^ clkbuf_0_clk/A (sky130_fd_sc_hd__clkbuf_16)
    16    0.094658    0.110614    0.199662    0.265749 ^ clkbuf_0_clk/X (sky130_fd_sc_hd__clkbuf_16)
                                                         clknet_0_clk (net)
                      0.110815    0.003356    0.269105 ^ clkbuf_4_0_0_clk/A (sky130_fd_sc_hd__clkbuf_8)
    24    0.065579    0.123215    0.209510    0.478615 ^ clkbuf_4_0_0_clk/X (sky130_fd_sc_hd__clkbuf_8)
                                                         clknet_4_0_0_clk (net)
                      0.123383    0.003750    0.482365 ^ _3147_/CLK (sky130_fd_sc_hd__dfrtp_1)
                                  0.500000    0.982365   clock uncertainty
                                  0.000000    0.982365   clock reconvergence pessimism
                                 -0.026709    0.955657   library hold time
                                              0.955657   data required time
---------------------------------------------------------------------------------------------
                                              0.955657   data required time
                                             -1.830343   data arrival time
---------------------------------------------------------------------------------------------
                                              0.874686   slack (MET)


Startpoint: _3164_ (rising edge-triggered flip-flop clocked by clk)
Endpoint: _3000_ (rising edge-triggered flip-flop clocked by clk)
Path Group: clk
Path Type: min

Fanout         Cap        Slew       Delay        Time   Description
---------------------------------------------------------------------------------------------
                                  0.000000    0.000000   clock clk (rise edge)
                                  0.000000    0.000000   clock source latency
     1    0.020000    0.095779    0.066087    0.066087 ^ clk (in)
                                                         clk (net)
                      0.095805    0.000000    0.066087 ^ clkbuf_0_clk/A (sky130_fd_sc_hd__clkbuf_16)
    16    0.094658    0.110614    0.199662    0.265749 ^ clkbuf_0_clk/X (sky130_fd_sc_hd__clkbuf_16)
                                                         clknet_0_clk (net)
                      0.110815    0.003356    0.269105 ^ clkbuf_4_0_0_clk/A (sky130_fd_sc_hd__clkbuf_8)
    24    0.065579    0.123215    0.209510    0.478615 ^ clkbuf_4_0_0_clk/X (sky130_fd_sc_hd__clkbuf_8)
                                                         clknet_4_0_0_clk (net)
                      0.123333    0.003162    0.481777 ^ _3164_/CLK (sky130_fd_sc_hd__dfrtp_1)
     2    0.005930    0.053358    0.399562    0.881339 v _3164_/Q (sky130_fd_sc_hd__dfrtp_1)
                                                         div_start (net)
                      0.053358    0.000151    0.881490 v _2770_/B (sky130_fd_sc_hd__nor2_1)
     2    0.007458    0.151521    0.141918    1.023407 ^ _2770_/Y (sky130_fd_sc_hd__nor2_1)
                                                         _1036_ (net)
                      0.151570    0.000276    1.023683 ^ _2771_/A2 (sky130_fd_sc_hd__o21ba_1)
     2    0.006600    0.076761    0.159597    1.183280 ^ _2771_/X (sky130_fd_sc_hd__o21ba_1)
                                                         _1037_ (net)
                      0.076761    0.000205    1.183485 ^ _2772_/A1 (sky130_fd_sc_hd__mux2_1)
     1    0.002354    0.037969    0.124450    1.307934 ^ _2772_/X (sky130_fd_sc_hd__mux2_1)
                                                         _0259_ (net)
                      0.037969    0.000051    1.307985 ^ hold140/A (sky130_fd_sc_hd__dlygate4sd3_1)
     1    0.003354    0.057786    0.537761    1.845746 ^ hold140/X (sky130_fd_sc_hd__dlygate4sd3_1)
                                                         net145 (net)
                      0.057786    0.000086    1.845832 ^ _3000_/D (sky130_fd_sc_hd__dfrtp_1)
                                              1.845832   data arrival time

                                  0.000000    0.000000   clock clk (rise edge)
                                  0.000000    0.000000   clock source latency
     1    0.020000    0.095779    0.066087    0.066087 ^ clk (in)
                                                         clk (net)
                      0.095805    0.000000    0.066087 ^ clkbuf_0_clk/A (sky130_fd_sc_hd__clkbuf_16)
    16    0.094658    0.110614    0.199662    0.265749 ^ clkbuf_0_clk/X (sky130_fd_sc_hd__clkbuf_16)
                                                         clknet_0_clk (net)
                      0.110815    0.003356    0.269105 ^ clkbuf_4_0_0_clk/A (sky130_fd_sc_hd__clkbuf_8)
    24    0.065579    0.123215    0.209510    0.478615 ^ clkbuf_4_0_0_clk/X (sky130_fd_sc_hd__clkbuf_8)
                                                         clknet_4_0_0_clk (net)
                      0.123447    0.004386    0.483001 ^ _3000_/CLK (sky130_fd_sc_hd__dfrtp_1)
                                  0.500000    0.983001   clock uncertainty
                                  0.000000    0.983001   clock reconvergence pessimism
                                 -0.026699    0.956302   library hold time
                                              0.956302   data required time
---------------------------------------------------------------------------------------------
                                              0.956302   data required time
                                             -1.845832   data arrival time
---------------------------------------------------------------------------------------------
                                              0.889531   slack (MET)


Startpoint: _3080_ (rising edge-triggered flip-flop clocked by clk)
Endpoint: _3128_ (rising edge-triggered flip-flop clocked by clk)
Path Group: clk
Path Type: min

Fanout         Cap        Slew       Delay        Time   Description
---------------------------------------------------------------------------------------------
                                  0.000000    0.000000   clock clk (rise edge)
                                  0.000000    0.000000   clock source latency
     1    0.020000    0.095779    0.066087    0.066087 ^ clk (in)
                                                         clk (net)
                      0.095805    0.000000    0.066087 ^ clkbuf_0_clk/A (sky130_fd_sc_hd__clkbuf_16)
    16    0.094658    0.110614    0.199662    0.265749 ^ clkbuf_0_clk/X (sky130_fd_sc_hd__clkbuf_16)
                                                         clknet_0_clk (net)
                      0.110669    0.002310    0.268059 ^ clkbuf_4_6_0_clk/A (sky130_fd_sc_hd__clkbuf_8)
    12    0.053868    0.103792    0.197120    0.465179 ^ clkbuf_4_6_0_clk/X (sky130_fd_sc_hd__clkbuf_8)
                                                         clknet_4_6_0_clk (net)
                      0.103826    0.001782    0.466961 ^ _3080_/CLK (sky130_fd_sc_hd__dfrtp_4)
    20    0.069321    0.211011    0.560334    1.027295 ^ _3080_/Q (sky130_fd_sc_hd__dfrtp_4)
                                                         acc_reg[1] (net)
                      0.211013    0.001177    1.028472 ^ _2096_/B2 (sky130_fd_sc_hd__a221o_1)
     1    0.003538    0.049501    0.177229    1.205701 ^ _2096_/X (sky130_fd_sc_hd__a221o_1)
                                                         _0492_ (net)
                      0.049501    0.000120    1.205821 ^ _2097_/B2 (sky130_fd_sc_hd__o22a_1)
     1    0.002172    0.036279    0.104763    1.310583 ^ _2097_/X (sky130_fd_sc_hd__o22a_1)
                                                         _0224_ (net)
                      0.036279    0.000045    1.310628 ^ hold45/A (sky130_fd_sc_hd__dlygate4sd3_1)
     1    0.003201    0.056407    0.535762    1.846390 ^ hold45/X (sky130_fd_sc_hd__dlygate4sd3_1)
                                                         net50 (net)
                      0.056407    0.000104    1.846494 ^ _3128_/D (sky130_fd_sc_hd__dfrtp_1)
                                              1.846494   data arrival time

                                  0.000000    0.000000   clock clk (rise edge)
                                  0.000000    0.000000   clock source latency
     1    0.020000    0.095779    0.066087    0.066087 ^ clk (in)
                                                         clk (net)
                      0.095805    0.000000    0.066087 ^ clkbuf_0_clk/A (sky130_fd_sc_hd__clkbuf_16)
    16    0.094658    0.110614    0.199662    0.265749 ^ clkbuf_0_clk/X (sky130_fd_sc_hd__clkbuf_16)
                                                         clknet_0_clk (net)
                      0.110669    0.002310    0.268059 ^ clkbuf_4_6_0_clk/A (sky130_fd_sc_hd__clkbuf_8)
    12    0.053868    0.103792    0.197120    0.465179 ^ clkbuf_4_6_0_clk/X (sky130_fd_sc_hd__clkbuf_8)
                                                         clknet_4_6_0_clk (net)
                      0.103826    0.001781    0.466960 ^ _3128_/CLK (sky130_fd_sc_hd__dfrtp_1)
                                  0.500000    0.966960   clock uncertainty
                                  0.000000    0.966960   clock reconvergence pessimism
                                 -0.029100    0.937860   library hold time
                                              0.937860   data required time
---------------------------------------------------------------------------------------------
                                              0.937860   data required time
                                             -1.846494   data arrival time
---------------------------------------------------------------------------------------------
                                              0.908635   slack (MET)


Startpoint: _2998_ (rising edge-triggered flip-flop clocked by clk)
Endpoint: _3156_ (rising edge-triggered flip-flop clocked by clk)
Path Group: clk
Path Type: min

Fanout         Cap        Slew       Delay        Time   Description
---------------------------------------------------------------------------------------------
                                  0.000000    0.000000   clock clk (rise edge)
                                  0.000000    0.000000   clock source latency
     1    0.020000    0.095779    0.066087    0.066087 ^ clk (in)
                                                         clk (net)
                      0.095805    0.000000    0.066087 ^ clkbuf_0_clk/A (sky130_fd_sc_hd__clkbuf_16)
    16    0.094658    0.110614    0.199662    0.265749 ^ clkbuf_0_clk/X (sky130_fd_sc_hd__clkbuf_16)
                                                         clknet_0_clk (net)
                      0.110815    0.003356    0.269105 ^ clkbuf_4_0_0_clk/A (sky130_fd_sc_hd__clkbuf_8)
    24    0.065579    0.123215    0.209510    0.478615 ^ clkbuf_4_0_0_clk/X (sky130_fd_sc_hd__clkbuf_8)
                                                         clknet_4_0_0_clk (net)
                      0.123320    0.002980    0.481595 ^ _2998_/CLK (sky130_fd_sc_hd__dfrtp_1)
     2    0.006049    0.069911    0.366098    0.847693 ^ _2998_/Q (sky130_fd_sc_hd__dfrtp_1)
                                                         my_divider.counter[1] (net)
                      0.069911    0.000168    0.847861 ^ _1548_/B (sky130_fd_sc_hd__or4b_1)
     3    0.011670    0.113988    0.163981    1.011842 ^ _1548_/X (sky130_fd_sc_hd__or4b_1)
                                                         _1093_ (net)
                      0.113988    0.000439    1.012280 ^ _1549_/C (sky130_fd_sc_hd__and3_1)
     2    0.007139    0.086632    0.195105    1.207385 ^ _1549_/X (sky130_fd_sc_hd__and3_1)
                                                         _1094_ (net)
                      0.086632    0.000129    1.207515 ^ _2797_/A3 (sky130_fd_sc_hd__o31a_1)
     1    0.003017    0.046496    0.120468    1.327982 ^ _2797_/X (sky130_fd_sc_hd__o31a_1)
                                                         _0009_ (net)
                      0.046496    0.000076    1.328059 ^ hold198/A (sky130_fd_sc_hd__dlygate4sd3_1)
     1    0.003320    0.057478    0.540230    1.868289 ^ hold198/X (sky130_fd_sc_hd__dlygate4sd3_1)
                                                         net203 (net)
                      0.057478    0.000111    1.868400 ^ _3156_/D (sky130_fd_sc_hd__dfrtp_4)
                                              1.868400   data arrival time

                                  0.000000    0.000000   clock clk (rise edge)
                                  0.000000    0.000000   clock source latency
     1    0.020000    0.095779    0.066087    0.066087 ^ clk (in)
                                                         clk (net)
                      0.095805    0.000000    0.066087 ^ clkbuf_0_clk/A (sky130_fd_sc_hd__clkbuf_16)
    16    0.094658    0.110614    0.199662    0.265749 ^ clkbuf_0_clk/X (sky130_fd_sc_hd__clkbuf_16)
                                                         clknet_0_clk (net)
                      0.110817    0.003381    0.269130 ^ clkbuf_4_1_0_clk/A (sky130_fd_sc_hd__clkbuf_8)
    16    0.063469    0.119051    0.208820    0.477950 ^ clkbuf_4_1_0_clk/X (sky130_fd_sc_hd__clkbuf_8)
                                                         clknet_4_1_0_clk (net)
                      0.119055    0.000887    0.478837 ^ _3156_/CLK (sky130_fd_sc_hd__dfrtp_4)
                                  0.500000    0.978837   clock uncertainty
                                  0.000000    0.978837   clock reconvergence pessimism
                                 -0.027237    0.951600   library hold time
                                              0.951600   data required time
---------------------------------------------------------------------------------------------
                                              0.951600   data required time
                                             -1.868400   data arrival time
---------------------------------------------------------------------------------------------
                                              0.916800   slack (MET)


Startpoint: _3085_ (rising edge-triggered flip-flop clocked by clk)
Endpoint: _3133_ (rising edge-triggered flip-flop clocked by clk)
Path Group: clk
Path Type: min

Fanout         Cap        Slew       Delay        Time   Description
---------------------------------------------------------------------------------------------
                                  0.000000    0.000000   clock clk (rise edge)
                                  0.000000    0.000000   clock source latency
     1    0.020000    0.095779    0.066087    0.066087 ^ clk (in)
                                                         clk (net)
                      0.095805    0.000000    0.066087 ^ clkbuf_0_clk/A (sky130_fd_sc_hd__clkbuf_16)
    16    0.094658    0.110614    0.199662    0.265749 ^ clkbuf_0_clk/X (sky130_fd_sc_hd__clkbuf_16)
                                                         clknet_0_clk (net)
                      0.110669    0.002310    0.268059 ^ clkbuf_4_6_0_clk/A (sky130_fd_sc_hd__clkbuf_8)
    12    0.053868    0.103792    0.197120    0.465179 ^ clkbuf_4_6_0_clk/X (sky130_fd_sc_hd__clkbuf_8)
                                                         clknet_4_6_0_clk (net)
                      0.103827    0.001796    0.466975 ^ _3085_/CLK (sky130_fd_sc_hd__dfrtp_4)
    20    0.072246    0.218629    0.566317    1.033291 ^ _3085_/Q (sky130_fd_sc_hd__dfrtp_4)
                                                         acc_reg[6] (net)
                      0.218634    0.001512    1.034804 ^ _2066_/B2 (sky130_fd_sc_hd__a221o_1)
     1    0.003406    0.048418    0.178078    1.212882 ^ _2066_/X (sky130_fd_sc_hd__a221o_1)
                                                         _0467_ (net)
                      0.048418    0.000111    1.212993 ^ _2067_/B2 (sky130_fd_sc_hd__o22a_1)
     1    0.002904    0.042218    0.110022    1.323015 ^ _2067_/X (sky130_fd_sc_hd__o22a_1)
                                                         _0229_ (net)
                      0.042218    0.000072    1.323087 ^ hold58/A (sky130_fd_sc_hd__dlygate4sd3_1)
     1    0.002711    0.052145    0.533091    1.856178 ^ hold58/X (sky130_fd_sc_hd__dlygate4sd3_1)
                                                         net63 (net)
                      0.052145    0.000083    1.856261 ^ _3133_/D (sky130_fd_sc_hd__dfrtp_1)
                                              1.856261   data arrival time

                                  0.000000    0.000000   clock clk (rise edge)
                                  0.000000    0.000000   clock source latency
     1    0.020000    0.095779    0.066087    0.066087 ^ clk (in)
                                                         clk (net)
                      0.095805    0.000000    0.066087 ^ clkbuf_0_clk/A (sky130_fd_sc_hd__clkbuf_16)
    16    0.094658    0.110614    0.199662    0.265749 ^ clkbuf_0_clk/X (sky130_fd_sc_hd__clkbuf_16)
                                                         clknet_0_clk (net)
                      0.110669    0.002310    0.268059 ^ clkbuf_4_6_0_clk/A (sky130_fd_sc_hd__clkbuf_8)
    12    0.053868    0.103792    0.197120    0.465179 ^ clkbuf_4_6_0_clk/X (sky130_fd_sc_hd__clkbuf_8)
                                                         clknet_4_6_0_clk (net)
                      0.103814    0.001477    0.466656 ^ _3133_/CLK (sky130_fd_sc_hd__dfrtp_1)
                                  0.500000    0.966656   clock uncertainty
                                  0.000000    0.966656   clock reconvergence pessimism
                                 -0.028215    0.938441   library hold time
                                              0.938441   data required time
---------------------------------------------------------------------------------------------
                                              0.938441   data required time
                                             -1.856261   data arrival time
---------------------------------------------------------------------------------------------
                                              0.917821   slack (MET)


Startpoint: _3014_ (rising edge-triggered flip-flop clocked by clk)
Endpoint: _3083_ (rising edge-triggered flip-flop clocked by clk)
Path Group: clk
Path Type: min

Fanout         Cap        Slew       Delay        Time   Description
---------------------------------------------------------------------------------------------
                                  0.000000    0.000000   clock clk (rise edge)
                                  0.000000    0.000000   clock source latency
     1    0.020000    0.095779    0.066087    0.066087 ^ clk (in)
                                                         clk (net)
                      0.095805    0.000000    0.066087 ^ clkbuf_0_clk/A (sky130_fd_sc_hd__clkbuf_16)
    16    0.094658    0.110614    0.199662    0.265749 ^ clkbuf_0_clk/X (sky130_fd_sc_hd__clkbuf_16)
                                                         clknet_0_clk (net)
                      0.110799    0.003186    0.268935 ^ clkbuf_4_2_0_clk/A (sky130_fd_sc_hd__clkbuf_8)
    18    0.064744    0.121094    0.210168    0.479103 ^ clkbuf_4_2_0_clk/X (sky130_fd_sc_hd__clkbuf_8)
                                                         clknet_4_2_0_clk (net)
                      0.121173    0.002838    0.481940 ^ _3014_/CLK (sky130_fd_sc_hd__dfrtp_1)
     3    0.009720    0.098017    0.389828    0.871768 ^ _3014_/Q (sky130_fd_sc_hd__dfrtp_1)
                                                         div_quotient[4] (net)
                      0.098017    0.000242    0.872010 ^ _2076_/A1 (sky130_fd_sc_hd__a22o_1)
     1    0.009426    0.101121    0.186352    1.058362 ^ _2076_/X (sky130_fd_sc_hd__a22o_1)
                                                         _0475_ (net)
                      0.101123    0.000626    1.058988 ^ _2077_/A2 (sky130_fd_sc_hd__o21a_1)
     2    0.008046    0.085383    0.150034    1.209022 ^ _2077_/X (sky130_fd_sc_hd__o21a_1)
                                                         _0476_ (net)
                      0.085383    0.000387    1.209409 ^ _2157_/A1 (sky130_fd_sc_hd__mux2_1)
     1    0.002826    0.041490    0.131126    1.340535 ^ _2157_/X (sky130_fd_sc_hd__mux2_1)
                                                         _0342_ (net)
                      0.041490    0.000090    1.340625 ^ hold308/A (sky130_fd_sc_hd__dlygate4sd3_1)
     1    0.002614    0.051327    0.531949    1.872574 ^ hold308/X (sky130_fd_sc_hd__dlygate4sd3_1)
                                                         net313 (net)
                      0.051327    0.000060    1.872634 ^ _3083_/D (sky130_fd_sc_hd__dfrtp_4)
                                              1.872634   data arrival time

                                  0.000000    0.000000   clock clk (rise edge)
                                  0.000000    0.000000   clock source latency
     1    0.020000    0.095779    0.066087    0.066087 ^ clk (in)
                                                         clk (net)
                      0.095805    0.000000    0.066087 ^ clkbuf_0_clk/A (sky130_fd_sc_hd__clkbuf_16)
    16    0.094658    0.110614    0.199662    0.265749 ^ clkbuf_0_clk/X (sky130_fd_sc_hd__clkbuf_16)
                                                         clknet_0_clk (net)
                      0.110680    0.002494    0.268243 ^ clkbuf_4_5_0_clk/A (sky130_fd_sc_hd__clkbuf_8)
    10    0.056613    0.108440    0.200680    0.468923 ^ clkbuf_4_5_0_clk/X (sky130_fd_sc_hd__clkbuf_8)
                                                         clknet_4_5_0_clk (net)
                      0.108445    0.000882    0.469806 ^ _3083_/CLK (sky130_fd_sc_hd__dfrtp_4)
                                  0.500000    0.969806   clock uncertainty
                                  0.000000    0.969806   clock reconvergence pessimism
                                 -0.027411    0.942395   library hold time
                                              0.942395   data required time
---------------------------------------------------------------------------------------------
                                              0.942395   data required time
                                             -1.872634   data arrival time
---------------------------------------------------------------------------------------------
                                              0.930239   slack (MET)


Startpoint: _3060_ (rising edge-triggered flip-flop clocked by clk)
Endpoint: _3028_ (rising edge-triggered flip-flop clocked by clk)
Path Group: clk
Path Type: min

Fanout         Cap        Slew       Delay        Time   Description
---------------------------------------------------------------------------------------------
                                  0.000000    0.000000   clock clk (rise edge)
                                  0.000000    0.000000   clock source latency
     1    0.020000    0.095779    0.066087    0.066087 ^ clk (in)
                                                         clk (net)
                      0.095805    0.000000    0.066087 ^ clkbuf_0_clk/A (sky130_fd_sc_hd__clkbuf_16)
    16    0.094658    0.110614    0.199662    0.265749 ^ clkbuf_0_clk/X (sky130_fd_sc_hd__clkbuf_16)
                                                         clknet_0_clk (net)
                      0.110825    0.003460    0.269209 ^ clkbuf_4_14_0_clk/A (sky130_fd_sc_hd__clkbuf_8)
    11    0.062213    0.117386    0.207506    0.476715 ^ clkbuf_4_14_0_clk/X (sky130_fd_sc_hd__clkbuf_8)
                                                         clknet_4_14_0_clk (net)
                      0.117395    0.001133    0.477848 ^ _3060_/CLK (sky130_fd_sc_hd__dfrtp_1)
     3    0.009009    0.092686    0.383846    0.861694 ^ _3060_/Q (sky130_fd_sc_hd__dfrtp_1)
                                                         my_sum_sub.cm_mant[0] (net)
                      0.092686    0.000293    0.861987 ^ _2609_/C (sky130_fd_sc_hd__or4_4)
    11    0.037287    0.116280    0.194921    1.056908 ^ _2609_/X (sky130_fd_sc_hd__or4_4)
                                                         _0908_ (net)
                      0.116428    0.002806    1.059714 ^ _2629_/A2 (sky130_fd_sc_hd__o22ai_2)
     3    0.011849    0.069771    0.109519    1.169233 v _2629_/Y (sky130_fd_sc_hd__o22ai_2)
                                                         _0928_ (net)
                      0.069775    0.000538    1.169771 v _2630_/A (sky130_fd_sc_hd__inv_2)
     1    0.005352    0.036127    0.058699    1.228469 ^ _2630_/Y (sky130_fd_sc_hd__inv_2)
                                                         _0929_ (net)
                      0.036127    0.000190    1.228659 ^ _2664_/B1 (sky130_fd_sc_hd__a22o_1)
     1    0.003152    0.046128    0.110702    1.339361 ^ _2664_/X (sky130_fd_sc_hd__a22o_1)
                                                         _0287_ (net)
                      0.046128    0.000107    1.339468 ^ hold146/A (sky130_fd_sc_hd__dlygate4sd3_1)
     1    0.002661    0.051734    0.533911    1.873379 ^ hold146/X (sky130_fd_sc_hd__dlygate4sd3_1)
                                                         net151 (net)
                      0.051734    0.000059    1.873438 ^ _3028_/D (sky130_fd_sc_hd__dfrtp_1)
                                              1.873438   data arrival time

                                  0.000000    0.000000   clock clk (rise edge)
                                  0.000000    0.000000   clock source latency
     1    0.020000    0.095779    0.066087    0.066087 ^ clk (in)
                                                         clk (net)
                      0.095805    0.000000    0.066087 ^ clkbuf_0_clk/A (sky130_fd_sc_hd__clkbuf_16)
    16    0.094658    0.110614    0.199662    0.265749 ^ clkbuf_0_clk/X (sky130_fd_sc_hd__clkbuf_16)
                                                         clknet_0_clk (net)
                      0.110749    0.002556    0.268306 ^ clkbuf_4_9_0_clk/A (sky130_fd_sc_hd__clkbuf_8)
     7    0.054427    0.104678    0.197841    0.466146 ^ clkbuf_4_9_0_clk/X (sky130_fd_sc_hd__clkbuf_8)
                                                         clknet_4_9_0_clk (net)
                      0.104682    0.000852    0.466999 ^ _3028_/CLK (sky130_fd_sc_hd__dfrtp_1)
                                  0.500000    0.966999   clock uncertainty
                                  0.000000    0.966999   clock reconvergence pessimism
                                 -0.028010    0.938989   library hold time
                                              0.938989   data required time
---------------------------------------------------------------------------------------------
                                              0.938989   data required time
                                             -1.873438   data arrival time
---------------------------------------------------------------------------------------------
                                              0.934450   slack (MET)


Startpoint: _3082_ (rising edge-triggered flip-flop clocked by clk)
Endpoint: _3130_ (rising edge-triggered flip-flop clocked by clk)
Path Group: clk
Path Type: min

Fanout         Cap        Slew       Delay        Time   Description
---------------------------------------------------------------------------------------------
                                  0.000000    0.000000   clock clk (rise edge)
                                  0.000000    0.000000   clock source latency
     1    0.020000    0.095779    0.066087    0.066087 ^ clk (in)
                                                         clk (net)
                      0.095805    0.000000    0.066087 ^ clkbuf_0_clk/A (sky130_fd_sc_hd__clkbuf_16)
    16    0.094658    0.110614    0.199662    0.265749 ^ clkbuf_0_clk/X (sky130_fd_sc_hd__clkbuf_16)
                                                         clknet_0_clk (net)
                      0.110752    0.002595    0.268344 ^ clkbuf_4_7_0_clk/A (sky130_fd_sc_hd__clkbuf_8)
    17    0.062819    0.118024    0.207981    0.476324 ^ clkbuf_4_7_0_clk/X (sky130_fd_sc_hd__clkbuf_8)
                                                         clknet_4_7_0_clk (net)
                      0.118090    0.002572    0.478897 ^ _3082_/CLK (sky130_fd_sc_hd__dfrtp_4)
    22    0.079345    0.237071    0.584644    1.063541 ^ _3082_/Q (sky130_fd_sc_hd__dfrtp_4)
                                                         acc_reg[3] (net)
                      0.237076    0.001568    1.065109 ^ _2084_/B2 (sky130_fd_sc_hd__a221o_1)
     1    0.003432    0.048629    0.182654    1.247763 ^ _2084_/X (sky130_fd_sc_hd__a221o_1)
                                                         _0482_ (net)
                      0.048629    0.000113    1.247876 ^ _2085_/B2 (sky130_fd_sc_hd__o22a_1)
     1    0.002125    0.035906    0.104103    1.351980 ^ _2085_/X (sky130_fd_sc_hd__o22a_1)
                                                         _0226_ (net)
                      0.035906    0.000045    1.352025 ^ hold50/A (sky130_fd_sc_hd__dlygate4sd3_1)
     1    0.003267    0.056991    0.536252    1.888277 ^ hold50/X (sky130_fd_sc_hd__dlygate4sd3_1)
                                                         net55 (net)
                      0.056991    0.000112    1.888389 ^ _3130_/D (sky130_fd_sc_hd__dfrtp_1)
                                              1.888389   data arrival time

                                  0.000000    0.000000   clock clk (rise edge)
                                  0.000000    0.000000   clock source latency
     1    0.020000    0.095779    0.066087    0.066087 ^ clk (in)
                                                         clk (net)
                      0.095805    0.000000    0.066087 ^ clkbuf_0_clk/A (sky130_fd_sc_hd__clkbuf_16)
    16    0.094658    0.110614    0.199662    0.265749 ^ clkbuf_0_clk/X (sky130_fd_sc_hd__clkbuf_16)
                                                         clknet_0_clk (net)
                      0.110752    0.002595    0.268344 ^ clkbuf_4_7_0_clk/A (sky130_fd_sc_hd__clkbuf_8)
    17    0.062819    0.118024    0.207981    0.476324 ^ clkbuf_4_7_0_clk/X (sky130_fd_sc_hd__clkbuf_8)
                                                         clknet_4_7_0_clk (net)
                      0.118040    0.001445    0.477770 ^ _3130_/CLK (sky130_fd_sc_hd__dfrtp_1)
                                  0.500000    0.977770   clock uncertainty
                                  0.000000    0.977770   clock reconvergence pessimism
                                 -0.027275    0.950495   library hold time
                                              0.950495   data required time
---------------------------------------------------------------------------------------------
                                              0.950495   data required time
                                             -1.888389   data arrival time
---------------------------------------------------------------------------------------------
                                              0.937895   slack (MET)


Startpoint: _3169_ (rising edge-triggered flip-flop clocked by clk)
Endpoint: _3170_ (rising edge-triggered flip-flop clocked by clk)
Path Group: clk
Path Type: min

Fanout         Cap        Slew       Delay        Time   Description
---------------------------------------------------------------------------------------------
                                  0.000000    0.000000   clock clk (rise edge)
                                  0.000000    0.000000   clock source latency
     1    0.020000    0.095779    0.066087    0.066087 ^ clk (in)
                                                         clk (net)
                      0.095805    0.000000    0.066087 ^ clkbuf_0_clk/A (sky130_fd_sc_hd__clkbuf_16)
    16    0.094658    0.110614    0.199662    0.265749 ^ clkbuf_0_clk/X (sky130_fd_sc_hd__clkbuf_16)
                                                         clknet_0_clk (net)
                      0.110817    0.003381    0.269130 ^ clkbuf_4_1_0_clk/A (sky130_fd_sc_hd__clkbuf_8)
    16    0.063469    0.119051    0.208820    0.477950 ^ clkbuf_4_1_0_clk/X (sky130_fd_sc_hd__clkbuf_8)
                                                         clknet_4_1_0_clk (net)
                      0.119121    0.002660    0.480610 ^ _3169_/CLK (sky130_fd_sc_hd__dfrtp_1)
     1    0.002517    0.042980    0.339246    0.819856 ^ _3169_/Q (sky130_fd_sc_hd__dfrtp_1)
                                                         mosi_s0 (net)
                      0.042980    0.000056    0.819912 ^ hold313/A (sky130_fd_sc_hd__dlygate4sd3_1)
     1    0.003075    0.055294    0.536765    1.356677 ^ hold313/X (sky130_fd_sc_hd__dlygate4sd3_1)
                                                         net318 (net)
                      0.055294    0.000102    1.356779 ^ hold23/A (sky130_fd_sc_hd__dlygate4sd3_1)
     1    0.002684    0.051932    0.537029    1.893808 ^ hold23/X (sky130_fd_sc_hd__dlygate4sd3_1)
                                                         net28 (net)
                      0.051932    0.000062    1.893870 ^ _3170_/D (sky130_fd_sc_hd__dfrtp_1)
                                              1.893870   data arrival time

                                  0.000000    0.000000   clock clk (rise edge)
                                  0.000000    0.000000   clock source latency
     1    0.020000    0.095779    0.066087    0.066087 ^ clk (in)
                                                         clk (net)
                      0.095805    0.000000    0.066087 ^ clkbuf_0_clk/A (sky130_fd_sc_hd__clkbuf_16)
    16    0.094658    0.110614    0.199662    0.265749 ^ clkbuf_0_clk/X (sky130_fd_sc_hd__clkbuf_16)
                                                         clknet_0_clk (net)
                      0.110817    0.003381    0.269130 ^ clkbuf_4_1_0_clk/A (sky130_fd_sc_hd__clkbuf_8)
    16    0.063469    0.119051    0.208820    0.477950 ^ clkbuf_4_1_0_clk/X (sky130_fd_sc_hd__clkbuf_8)
                                                         clknet_4_1_0_clk (net)
                      0.119099    0.002259    0.480209 ^ _3170_/CLK (sky130_fd_sc_hd__dfrtp_1)
                                  0.500000    0.980209   clock uncertainty
                                  0.000000    0.980209   clock reconvergence pessimism
                                 -0.026079    0.954130   library hold time
                                              0.954130   data required time
---------------------------------------------------------------------------------------------
                                              0.954130   data required time
                                             -1.893870   data arrival time
---------------------------------------------------------------------------------------------
                                              0.939740   slack (MET)


Startpoint: _3163_ (rising edge-triggered flip-flop clocked by clk)
Endpoint: _3172_ (rising edge-triggered flip-flop clocked by clk)
Path Group: clk
Path Type: min

Fanout         Cap        Slew       Delay        Time   Description
---------------------------------------------------------------------------------------------
                                  0.000000    0.000000   clock clk (rise edge)
                                  0.000000    0.000000   clock source latency
     1    0.020000    0.095779    0.066087    0.066087 ^ clk (in)
                                                         clk (net)
                      0.095805    0.000000    0.066087 ^ clkbuf_0_clk/A (sky130_fd_sc_hd__clkbuf_16)
    16    0.094658    0.110614    0.199662    0.265749 ^ clkbuf_0_clk/X (sky130_fd_sc_hd__clkbuf_16)
                                                         clknet_0_clk (net)
                      0.110817    0.003381    0.269130 ^ clkbuf_4_1_0_clk/A (sky130_fd_sc_hd__clkbuf_8)
    16    0.063469    0.119051    0.208820    0.477950 ^ clkbuf_4_1_0_clk/X (sky130_fd_sc_hd__clkbuf_8)
                                                         clknet_4_1_0_clk (net)
                      0.119055    0.000889    0.478839 ^ _3163_/CLK (sky130_fd_sc_hd__dfrtp_1)
     1    0.002650    0.043993    0.340325    0.819164 ^ _3163_/Q (sky130_fd_sc_hd__dfrtp_1)
                                                         my_mul.reg1en.d[0] (net)
                      0.043993    0.000061    0.819225 ^ hold311/A (sky130_fd_sc_hd__dlygate4sd3_1)
     1    0.002822    0.053100    0.534721    1.353946 ^ hold311/X (sky130_fd_sc_hd__dlygate4sd3_1)
                                                         net316 (net)
                      0.053100    0.000091    1.354037 ^ hold22/A (sky130_fd_sc_hd__dlygate4sd3_1)
     1    0.003191    0.056330    0.541176    1.895213 ^ hold22/X (sky130_fd_sc_hd__dlygate4sd3_1)
                                                         net27 (net)
                      0.056330    0.000108    1.895321 ^ _3172_/D (sky130_fd_sc_hd__dfrtp_1)
                                              1.895321   data arrival time

                                  0.000000    0.000000   clock clk (rise edge)
                                  0.000000    0.000000   clock source latency
     1    0.020000    0.095779    0.066087    0.066087 ^ clk (in)
                                                         clk (net)
                      0.095805    0.000000    0.066087 ^ clkbuf_0_clk/A (sky130_fd_sc_hd__clkbuf_16)
    16    0.094658    0.110614    0.199662    0.265749 ^ clkbuf_0_clk/X (sky130_fd_sc_hd__clkbuf_16)
                                                         clknet_0_clk (net)
                      0.110815    0.003356    0.269105 ^ clkbuf_4_0_0_clk/A (sky130_fd_sc_hd__clkbuf_8)
    24    0.065579    0.123215    0.209510    0.478615 ^ clkbuf_4_0_0_clk/X (sky130_fd_sc_hd__clkbuf_8)
                                                         clknet_4_0_0_clk (net)
                      0.123257    0.001904    0.480519 ^ _3172_/CLK (sky130_fd_sc_hd__dfrtp_1)
                                  0.500000    0.980519   clock uncertainty
                                  0.000000    0.980519   clock reconvergence pessimism
                                 -0.026423    0.954096   library hold time
                                              0.954096   data required time
---------------------------------------------------------------------------------------------
                                              0.954096   data required time
                                             -1.895321   data arrival time
---------------------------------------------------------------------------------------------
                                              0.941225   slack (MET)


Startpoint: _3156_ (rising edge-triggered flip-flop clocked by clk)
Endpoint: _3091_ (rising edge-triggered flip-flop clocked by clk)
Path Group: clk
Path Type: min

Fanout         Cap        Slew       Delay        Time   Description
---------------------------------------------------------------------------------------------
                                  0.000000    0.000000   clock clk (rise edge)
                                  0.000000    0.000000   clock source latency
     1    0.020000    0.095779    0.066087    0.066087 ^ clk (in)
                                                         clk (net)
                      0.095805    0.000000    0.066087 ^ clkbuf_0_clk/A (sky130_fd_sc_hd__clkbuf_16)
    16    0.094658    0.110614    0.199662    0.265749 ^ clkbuf_0_clk/X (sky130_fd_sc_hd__clkbuf_16)
                                                         clknet_0_clk (net)
                      0.110817    0.003381    0.269130 ^ clkbuf_4_1_0_clk/A (sky130_fd_sc_hd__clkbuf_8)
    16    0.063469    0.119051    0.208820    0.477950 ^ clkbuf_4_1_0_clk/X (sky130_fd_sc_hd__clkbuf_8)
                                                         clknet_4_1_0_clk (net)
                      0.119055    0.000887    0.478837 ^ _3156_/CLK (sky130_fd_sc_hd__dfrtp_4)
    13    0.064198    0.198196    0.557147    1.035984 ^ _3156_/Q (sky130_fd_sc_hd__dfrtp_4)
                                                         state[4] (net)
                      0.198218    0.002173    1.038157 ^ _2019_/C1 (sky130_fd_sc_hd__o211a_1)
     2    0.007648    0.076608    0.203201    1.241359 ^ _2019_/X (sky130_fd_sc_hd__o211a_1)
                                                         _0426_ (net)
                      0.076608    0.000207    1.241566 ^ _2149_/B2 (sky130_fd_sc_hd__o22a_1)
     1    0.003123    0.044165    0.120878    1.362444 ^ _2149_/X (sky130_fd_sc_hd__o22a_1)
                                                         _0350_ (net)
                      0.044165    0.000081    1.362525 ^ hold267/A (sky130_fd_sc_hd__dlygate4sd3_1)
     1    0.002332    0.049020    0.530168    1.892692 ^ hold267/X (sky130_fd_sc_hd__dlygate4sd3_1)
                                                         net272 (net)
                      0.049020    0.000047    1.892739 ^ _3091_/D (sky130_fd_sc_hd__dfrtp_2)
                                              1.892739   data arrival time

                                  0.000000    0.000000   clock clk (rise edge)
                                  0.000000    0.000000   clock source latency
     1    0.020000    0.095779    0.066087    0.066087 ^ clk (in)
                                                         clk (net)
                      0.095805    0.000000    0.066087 ^ clkbuf_0_clk/A (sky130_fd_sc_hd__clkbuf_16)
    16    0.094658    0.110614    0.199662    0.265749 ^ clkbuf_0_clk/X (sky130_fd_sc_hd__clkbuf_16)
                                                         clknet_0_clk (net)
                      0.110749    0.002556    0.268306 ^ clkbuf_4_9_0_clk/A (sky130_fd_sc_hd__clkbuf_8)
     7    0.054427    0.104678    0.197841    0.466146 ^ clkbuf_4_9_0_clk/X (sky130_fd_sc_hd__clkbuf_8)
                                                         clknet_4_9_0_clk (net)
                      0.104709    0.001741    0.467888 ^ _3091_/CLK (sky130_fd_sc_hd__dfrtp_2)
                                  0.500000    0.967888   clock uncertainty
                                  0.000000    0.967888   clock reconvergence pessimism
                                 -0.027345    0.940543   library hold time
                                              0.940543   data required time
---------------------------------------------------------------------------------------------
                                              0.940543   data required time
                                             -1.892739   data arrival time
---------------------------------------------------------------------------------------------
                                              0.952196   slack (MET)


Startpoint: _3047_ (rising edge-triggered flip-flop clocked by clk)
Endpoint: _3066_ (rising edge-triggered flip-flop clocked by clk)
Path Group: clk
Path Type: min

Fanout         Cap        Slew       Delay        Time   Description
---------------------------------------------------------------------------------------------
                                  0.000000    0.000000   clock clk (rise edge)
                                  0.000000    0.000000   clock source latency
     1    0.020000    0.095779    0.066087    0.066087 ^ clk (in)
                                                         clk (net)
                      0.095805    0.000000    0.066087 ^ clkbuf_0_clk/A (sky130_fd_sc_hd__clkbuf_16)
    16    0.094658    0.110614    0.199662    0.265749 ^ clkbuf_0_clk/X (sky130_fd_sc_hd__clkbuf_16)
                                                         clknet_0_clk (net)
                      0.110829    0.003506    0.269255 ^ clkbuf_4_15_0_clk/A (sky130_fd_sc_hd__clkbuf_8)
    13    0.060153    0.113790    0.204562    0.473817 ^ clkbuf_4_15_0_clk/X (sky130_fd_sc_hd__clkbuf_8)
                                                         clknet_4_15_0_clk (net)
                      0.113830    0.002021    0.475838 ^ _3047_/CLK (sky130_fd_sc_hd__dfrtp_1)
     4    0.010297    0.102735    0.390512    0.866350 ^ _3047_/Q (sky130_fd_sc_hd__dfrtp_1)
                                                         my_sum_sub.al_ma[6] (net)
                      0.102735    0.000358    0.866708 ^ _2177_/B (sky130_fd_sc_hd__and2b_1)
     2    0.004511    0.055083    0.139925    1.006633 ^ _2177_/X (sky130_fd_sc_hd__and2b_1)
                                                         _0512_ (net)
                      0.055083    0.000081    1.006714 ^ _2209_/B (sky130_fd_sc_hd__nor2_1)
     3    0.011173    0.054454    0.067267    1.073981 v _2209_/Y (sky130_fd_sc_hd__nor2_1)
                                                         _0544_ (net)
                      0.054454    0.000267    1.074248 v _2242_/A (sky130_fd_sc_hd__xor2_1)
     1    0.003519    0.109127    0.154992    1.229241 ^ _2242_/X (sky130_fd_sc_hd__xor2_1)
                                                         _0575_ (net)
                      0.109127    0.000123    1.229363 ^ _2243_/A1 (sky130_fd_sc_hd__mux2_1)
     1    0.002676    0.040472    0.138008    1.367371 ^ _2243_/X (sky130_fd_sc_hd__mux2_1)
                                                         _0325_ (net)
                      0.040472    0.000063    1.367434 ^ hold239/A (sky130_fd_sc_hd__dlygate4sd3_1)
     1    0.003288    0.057185    0.537950    1.905385 ^ hold239/X (sky130_fd_sc_hd__dlygate4sd3_1)
                                                         net244 (net)
                      0.057185    0.000111    1.905496 ^ _3066_/D (sky130_fd_sc_hd__dfrtp_2)
                                              1.905496   data arrival time

                                  0.000000    0.000000   clock clk (rise edge)
                                  0.000000    0.000000   clock source latency
     1    0.020000    0.095779    0.066087    0.066087 ^ clk (in)
                                                         clk (net)
                      0.095805    0.000000    0.066087 ^ clkbuf_0_clk/A (sky130_fd_sc_hd__clkbuf_16)
    16    0.094658    0.110614    0.199662    0.265749 ^ clkbuf_0_clk/X (sky130_fd_sc_hd__clkbuf_16)
                                                         clknet_0_clk (net)
                      0.110829    0.003506    0.269255 ^ clkbuf_4_15_0_clk/A (sky130_fd_sc_hd__clkbuf_8)
    13    0.060153    0.113790    0.204562    0.473817 ^ clkbuf_4_15_0_clk/X (sky130_fd_sc_hd__clkbuf_8)
                                                         clknet_4_15_0_clk (net)
                      0.113859    0.002566    0.476382 ^ _3066_/CLK (sky130_fd_sc_hd__dfrtp_2)
                                  0.500000    0.976382   clock uncertainty
                                  0.000000    0.976382   clock reconvergence pessimism
                                 -0.027770    0.948612   library hold time
                                              0.948612   data required time
---------------------------------------------------------------------------------------------
                                              0.948612   data required time
                                             -1.905496   data arrival time
---------------------------------------------------------------------------------------------
                                              0.956883   slack (MET)


Startpoint: _3167_ (rising edge-triggered flip-flop clocked by clk)
Endpoint: _3168_ (rising edge-triggered flip-flop clocked by clk)
Path Group: clk
Path Type: min

Fanout         Cap        Slew       Delay        Time   Description
---------------------------------------------------------------------------------------------
                                  0.000000    0.000000   clock clk (rise edge)
                                  0.000000    0.000000   clock source latency
     1    0.020000    0.095779    0.066087    0.066087 ^ clk (in)
                                                         clk (net)
                      0.095805    0.000000    0.066087 ^ clkbuf_0_clk/A (sky130_fd_sc_hd__clkbuf_16)
    16    0.094658    0.110614    0.199662    0.265749 ^ clkbuf_0_clk/X (sky130_fd_sc_hd__clkbuf_16)
                                                         clknet_0_clk (net)
                      0.110815    0.003356    0.269105 ^ clkbuf_4_0_0_clk/A (sky130_fd_sc_hd__clkbuf_8)
    24    0.065579    0.123215    0.209510    0.478615 ^ clkbuf_4_0_0_clk/X (sky130_fd_sc_hd__clkbuf_8)
                                                         clknet_4_0_0_clk (net)
                      0.123590    0.005530    0.484146 ^ _3167_/CLK (sky130_fd_sc_hd__dfstp_1)
     1    0.002755    0.026938    0.375398    0.859544 v _3167_/Q (sky130_fd_sc_hd__dfstp_1)
                                                         ss_s0 (net)
                      0.026938    0.000066    0.859610 v hold310/A (sky130_fd_sc_hd__dlygate4sd3_1)
     1    0.002515    0.051473    0.538553    1.398163 v hold310/X (sky130_fd_sc_hd__dlygate4sd3_1)
                                                         net315 (net)
                      0.051473    0.000059    1.398222 v hold24/A (sky130_fd_sc_hd__dlygate4sd3_1)
     1    0.002859    0.053327    0.551230    1.949452 v hold24/X (sky130_fd_sc_hd__dlygate4sd3_1)
                                                         net29 (net)
                      0.053327    0.000064    1.949516 v _3168_/D (sky130_fd_sc_hd__dfstp_4)
                                              1.949516   data arrival time

                                  0.000000    0.000000   clock clk (rise edge)
                                  0.000000    0.000000   clock source latency
     1    0.020000    0.095779    0.066087    0.066087 ^ clk (in)
                                                         clk (net)
                      0.095805    0.000000    0.066087 ^ clkbuf_0_clk/A (sky130_fd_sc_hd__clkbuf_16)
    16    0.094658    0.110614    0.199662    0.265749 ^ clkbuf_0_clk/X (sky130_fd_sc_hd__clkbuf_16)
                                                         clknet_0_clk (net)
                      0.110815    0.003356    0.269105 ^ clkbuf_4_0_0_clk/A (sky130_fd_sc_hd__clkbuf_8)
    24    0.065579    0.123215    0.209510    0.478615 ^ clkbuf_4_0_0_clk/X (sky130_fd_sc_hd__clkbuf_8)
                                                         clknet_4_0_0_clk (net)
                      0.123589    0.005521    0.484136 ^ _3168_/CLK (sky130_fd_sc_hd__dfstp_4)
                                  0.500000    0.984136   clock uncertainty
                                  0.000000    0.984136   clock reconvergence pessimism
                                  0.005059    0.989195   library hold time
                                              0.989195   data required time
---------------------------------------------------------------------------------------------
                                              0.989195   data required time
                                             -1.949516   data arrival time
---------------------------------------------------------------------------------------------
                                              0.960321   slack (MET)


Startpoint: _3084_ (rising edge-triggered flip-flop clocked by clk)
Endpoint: _3046_ (rising edge-triggered flip-flop clocked by clk)
Path Group: clk
Path Type: min

Fanout         Cap        Slew       Delay        Time   Description
---------------------------------------------------------------------------------------------
                                  0.000000    0.000000   clock clk (rise edge)
                                  0.000000    0.000000   clock source latency
     1    0.020000    0.095779    0.066087    0.066087 ^ clk (in)
                                                         clk (net)
                      0.095805    0.000000    0.066087 ^ clkbuf_0_clk/A (sky130_fd_sc_hd__clkbuf_16)
    16    0.094658    0.110614    0.199662    0.265749 ^ clkbuf_0_clk/X (sky130_fd_sc_hd__clkbuf_16)
                                                         clknet_0_clk (net)
                      0.110752    0.002595    0.268344 ^ clkbuf_4_7_0_clk/A (sky130_fd_sc_hd__clkbuf_8)
    17    0.062819    0.118024    0.207981    0.476324 ^ clkbuf_4_7_0_clk/X (sky130_fd_sc_hd__clkbuf_8)
                                                         clknet_4_7_0_clk (net)
                      0.118035    0.001272    0.477597 ^ _3084_/CLK (sky130_fd_sc_hd__dfrtp_4)
    23    0.081901    0.243668    0.588309    1.065906 ^ _3084_/Q (sky130_fd_sc_hd__dfrtp_4)
                                                         acc_reg[5] (net)
                      0.243997    0.007995    1.073900 ^ _2371_/A (sky130_fd_sc_hd__and3_1)
     1    0.003723    0.058151    0.198752    1.272653 ^ _2371_/X (sky130_fd_sc_hd__and3_1)
                                                         _0684_ (net)
                      0.058151    0.000098    1.272751 ^ _2372_/C1 (sky130_fd_sc_hd__a221o_1)
     1    0.002924    0.042311    0.101256    1.374007 ^ _2372_/X (sky130_fd_sc_hd__a221o_1)
                                                         _0305_ (net)
                      0.042311    0.000092    1.374099 ^ hold207/A (sky130_fd_sc_hd__dlygate4sd3_1)
     1    0.003357    0.057809    0.539207    1.913306 ^ hold207/X (sky130_fd_sc_hd__dlygate4sd3_1)
                                                         net212 (net)
                      0.057809    0.000112    1.913419 ^ _3046_/D (sky130_fd_sc_hd__dfrtp_1)
                                              1.913419   data arrival time

                                  0.000000    0.000000   clock clk (rise edge)
                                  0.000000    0.000000   clock source latency
     1    0.020000    0.095779    0.066087    0.066087 ^ clk (in)
                                                         clk (net)
                      0.095805    0.000000    0.066087 ^ clkbuf_0_clk/A (sky130_fd_sc_hd__clkbuf_16)
    16    0.094658    0.110614    0.199662    0.265749 ^ clkbuf_0_clk/X (sky130_fd_sc_hd__clkbuf_16)
                                                         clknet_0_clk (net)
                      0.110829    0.003506    0.269255 ^ clkbuf_4_15_0_clk/A (sky130_fd_sc_hd__clkbuf_8)
    13    0.060153    0.113790    0.204562    0.473817 ^ clkbuf_4_15_0_clk/X (sky130_fd_sc_hd__clkbuf_8)
                                                         clknet_4_15_0_clk (net)
                      0.113833    0.002091    0.475908 ^ _3046_/CLK (sky130_fd_sc_hd__dfrtp_1)
                                  0.500000    0.975908   clock uncertainty
                                  0.000000    0.975908   clock reconvergence pessimism
                                 -0.028021    0.947887   library hold time
                                              0.947887   data required time
---------------------------------------------------------------------------------------------
                                              0.947887   data required time
                                             -1.913419   data arrival time
---------------------------------------------------------------------------------------------
                                              0.965532   slack (MET)


Startpoint: _3073_ (rising edge-triggered flip-flop clocked by clk)
Endpoint: _3073_ (rising edge-triggered flip-flop clocked by clk)
Path Group: clk
Path Type: min

Fanout         Cap        Slew       Delay        Time   Description
---------------------------------------------------------------------------------------------
                                  0.000000    0.000000   clock clk (rise edge)
                                  0.000000    0.000000   clock source latency
     1    0.020000    0.095779    0.066087    0.066087 ^ clk (in)
                                                         clk (net)
                      0.095805    0.000000    0.066087 ^ clkbuf_0_clk/A (sky130_fd_sc_hd__clkbuf_16)
    16    0.094658    0.110614    0.199662    0.265749 ^ clkbuf_0_clk/X (sky130_fd_sc_hd__clkbuf_16)
                                                         clknet_0_clk (net)
                      0.110767    0.002795    0.268544 ^ clkbuf_4_11_0_clk/A (sky130_fd_sc_hd__clkbuf_8)
    13    0.055869    0.107200    0.200015    0.468559 ^ clkbuf_4_11_0_clk/X (sky130_fd_sc_hd__clkbuf_8)
                                                         clknet_4_11_0_clk (net)
                      0.107208    0.001000    0.469559 ^ _3073_/CLK (sky130_fd_sc_hd__dfrtp_2)
     3    0.008018    0.060273    0.378334    0.847894 ^ _3073_/Q (sky130_fd_sc_hd__dfrtp_2)
                                                         my_sum_sub.cm_exp[3] (net)
                      0.060273    0.000273    0.848167 ^ rebuffer5/A (sky130_fd_sc_hd__dlygate4sd1_1)
     2    0.006743    0.075019    0.220141    1.068308 ^ rebuffer5/X (sky130_fd_sc_hd__dlygate4sd1_1)
                                                         net10 (net)
                      0.075019    0.000210    1.068517 ^ rebuffer6/A (sky130_fd_sc_hd__dlygate4sd1_1)
     1    0.003220    0.043540    0.200698    1.269215 ^ rebuffer6/X (sky130_fd_sc_hd__dlygate4sd1_1)
                                                         net11 (net)
                      0.043564    0.000113    1.269328 ^ _2168_/A0 (sky130_fd_sc_hd__mux2_1)
     1    0.002731    0.040889    0.113351    1.382679 ^ _2168_/X (sky130_fd_sc_hd__mux2_1)
                                                         _0332_ (net)
                      0.040889    0.000087    1.382766 ^ hold123/A (sky130_fd_sc_hd__dlygate4sd3_1)
     1    0.002449    0.049941    0.530202    1.912968 ^ hold123/X (sky130_fd_sc_hd__dlygate4sd3_1)
                                                         net128 (net)
                      0.049941    0.000053    1.913020 ^ _3073_/D (sky130_fd_sc_hd__dfrtp_2)
                                              1.913020   data arrival time

                                  0.000000    0.000000   clock clk (rise edge)
                                  0.000000    0.000000   clock source latency
     1    0.020000    0.095779    0.066087    0.066087 ^ clk (in)
                                                         clk (net)
                      0.095805    0.000000    0.066087 ^ clkbuf_0_clk/A (sky130_fd_sc_hd__clkbuf_16)
    16    0.094658    0.110614    0.199662    0.265749 ^ clkbuf_0_clk/X (sky130_fd_sc_hd__clkbuf_16)
                                                         clknet_0_clk (net)
                      0.110767    0.002795    0.268544 ^ clkbuf_4_11_0_clk/A (sky130_fd_sc_hd__clkbuf_8)
    13    0.055869    0.107200    0.200015    0.468559 ^ clkbuf_4_11_0_clk/X (sky130_fd_sc_hd__clkbuf_8)
                                                         clknet_4_11_0_clk (net)
                      0.107208    0.001000    0.469559 ^ _3073_/CLK (sky130_fd_sc_hd__dfrtp_2)
                                  0.500000    0.969559   clock uncertainty
                                  0.000000    0.969559   clock reconvergence pessimism
                                 -0.027192    0.942367   library hold time
                                              0.942367   data required time
---------------------------------------------------------------------------------------------
                                              0.942367   data required time
                                             -1.913020   data arrival time
---------------------------------------------------------------------------------------------
                                              0.970653   slack (MET)


Startpoint: _3077_ (rising edge-triggered flip-flop clocked by clk)
Endpoint: _3031_ (rising edge-triggered flip-flop clocked by clk)
Path Group: clk
Path Type: min

Fanout         Cap        Slew       Delay        Time   Description
---------------------------------------------------------------------------------------------
                                  0.000000    0.000000   clock clk (rise edge)
                                  0.000000    0.000000   clock source latency
     1    0.020000    0.095779    0.066087    0.066087 ^ clk (in)
                                                         clk (net)
                      0.095805    0.000000    0.066087 ^ clkbuf_0_clk/A (sky130_fd_sc_hd__clkbuf_16)
    16    0.094658    0.110614    0.199662    0.265749 ^ clkbuf_0_clk/X (sky130_fd_sc_hd__clkbuf_16)
                                                         clknet_0_clk (net)
                      0.110767    0.002795    0.268544 ^ clkbuf_4_11_0_clk/A (sky130_fd_sc_hd__clkbuf_8)
    13    0.055869    0.107200    0.200015    0.468559 ^ clkbuf_4_11_0_clk/X (sky130_fd_sc_hd__clkbuf_8)
                                                         clknet_4_11_0_clk (net)
                      0.107208    0.001012    0.469571 ^ _3077_/CLK (sky130_fd_sc_hd__dfrtp_1)
     4    0.010902    0.107668    0.391726    0.861297 ^ _3077_/Q (sky130_fd_sc_hd__dfrtp_1)
                                                         my_sum_sub.cm_exp[7] (net)
                      0.107668    0.000366    0.861663 ^ _2622_/A1_N (sky130_fd_sc_hd__a2bb2o_1)
     3    0.013309    0.094847    0.349915    1.211578 v _2622_/X (sky130_fd_sc_hd__a2bb2o_1)
                                                         _0921_ (net)
                      0.094850    0.000660    1.212238 v _2623_/A (sky130_fd_sc_hd__inv_2)
     1    0.003582    0.035025    0.060830    1.273068 ^ _2623_/Y (sky130_fd_sc_hd__inv_2)
                                                         _0922_ (net)
                      0.035025    0.000093    1.273161 ^ _2661_/B1 (sky130_fd_sc_hd__a22o_1)
     1    0.002349    0.039529    0.103740    1.376901 ^ _2661_/X (sky130_fd_sc_hd__a22o_1)
                                                         _0290_ (net)
                      0.039529    0.000051    1.376952 ^ hold121/A (sky130_fd_sc_hd__dlygate4sd3_1)
     1    0.002792    0.052839    0.532981    1.909933 ^ hold121/X (sky130_fd_sc_hd__dlygate4sd3_1)
                                                         net126 (net)
                      0.052839    0.000065    1.909997 ^ _3031_/D (sky130_fd_sc_hd__dfrtp_1)
                                              1.909997   data arrival time

                                  0.000000    0.000000   clock clk (rise edge)
                                  0.000000    0.000000   clock source latency
     1    0.020000    0.095779    0.066087    0.066087 ^ clk (in)
                                                         clk (net)
                      0.095805    0.000000    0.066087 ^ clkbuf_0_clk/A (sky130_fd_sc_hd__clkbuf_16)
    16    0.094658    0.110614    0.199662    0.265749 ^ clkbuf_0_clk/X (sky130_fd_sc_hd__clkbuf_16)
                                                         clknet_0_clk (net)
                      0.110793    0.003112    0.268861 ^ clkbuf_4_3_0_clk/A (sky130_fd_sc_hd__clkbuf_8)
    11    0.053966    0.104170    0.197711    0.466572 ^ clkbuf_4_3_0_clk/X (sky130_fd_sc_hd__clkbuf_8)
                                                         clknet_4_3_0_clk (net)
                      0.104173    0.000739    0.467311 ^ _3031_/CLK (sky130_fd_sc_hd__dfrtp_1)
                                  0.500000    0.967311   clock uncertainty
                                  0.000000    0.967311   clock reconvergence pessimism
                                 -0.028310    0.939001   library hold time
                                              0.939001   data required time
---------------------------------------------------------------------------------------------
                                              0.939001   data required time
                                             -1.909997   data arrival time
---------------------------------------------------------------------------------------------
                                              0.970996   slack (MET)


Startpoint: _3052_ (rising edge-triggered flip-flop clocked by clk)
Endpoint: _3064_ (rising edge-triggered flip-flop clocked by clk)
Path Group: clk
Path Type: min

Fanout         Cap        Slew       Delay        Time   Description
---------------------------------------------------------------------------------------------
                                  0.000000    0.000000   clock clk (rise edge)
                                  0.000000    0.000000   clock source latency
     1    0.020000    0.095779    0.066087    0.066087 ^ clk (in)
                                                         clk (net)
                      0.095805    0.000000    0.066087 ^ clkbuf_0_clk/A (sky130_fd_sc_hd__clkbuf_16)
    16    0.094658    0.110614    0.199662    0.265749 ^ clkbuf_0_clk/X (sky130_fd_sc_hd__clkbuf_16)
                                                         clknet_0_clk (net)
                      0.110829    0.003508    0.269257 ^ clkbuf_4_13_0_clk/A (sky130_fd_sc_hd__clkbuf_8)
    10    0.057366    0.109640    0.201654    0.470911 ^ clkbuf_4_13_0_clk/X (sky130_fd_sc_hd__clkbuf_8)
                                                         clknet_4_13_0_clk (net)
                      0.109649    0.001095    0.472006 ^ _3052_/CLK (sky130_fd_sc_hd__dfrtp_1)
     2    0.005569    0.066175    0.357830    0.829836 ^ _3052_/Q (sky130_fd_sc_hd__dfrtp_1)
                                                         my_sum_sub.al_mb[3] (net)
                      0.066175    0.000118    0.829954 ^ _2223_/A1 (sky130_fd_sc_hd__a21oi_1)
     2    0.005410    0.044906    0.074986    0.904940 v _2223_/Y (sky130_fd_sc_hd__a21oi_1)
                                                         _0558_ (net)
                      0.044906    0.000166    0.905106 v _2252_/A2_N (sky130_fd_sc_hd__a2bb2o_1)
     1    0.005303    0.064273    0.251265    1.156371 ^ _2252_/X (sky130_fd_sc_hd__a2bb2o_1)
                                                         _0583_ (net)
                      0.064273    0.000128    1.156499 ^ _2253_/B (sky130_fd_sc_hd__xnor2_1)
     1    0.002957    0.050716    0.111099    1.267598 ^ _2253_/Y (sky130_fd_sc_hd__xnor2_1)
                                                         _0584_ (net)
                      0.050716    0.000095    1.267693 ^ _2254_/A1 (sky130_fd_sc_hd__mux2_1)
     1    0.002820    0.041563    0.119287    1.386979 ^ _2254_/X (sky130_fd_sc_hd__mux2_1)
                                                         _0323_ (net)
                      0.041563    0.000090    1.387070 ^ hold260/A (sky130_fd_sc_hd__dlygate4sd3_1)
     1    0.002817    0.053055    0.533878    1.920948 ^ hold260/X (sky130_fd_sc_hd__dlygate4sd3_1)
                                                         net265 (net)
                      0.053055    0.000088    1.921036 ^ _3064_/D (sky130_fd_sc_hd__dfrtp_1)
                                              1.921036   data arrival time

                                  0.000000    0.000000   clock clk (rise edge)
                                  0.000000    0.000000   clock source latency
     1    0.020000    0.095779    0.066087    0.066087 ^ clk (in)
                                                         clk (net)
                      0.095805    0.000000    0.066087 ^ clkbuf_0_clk/A (sky130_fd_sc_hd__clkbuf_16)
    16    0.094658    0.110614    0.199662    0.265749 ^ clkbuf_0_clk/X (sky130_fd_sc_hd__clkbuf_16)
                                                         clknet_0_clk (net)
                      0.110829    0.003508    0.269257 ^ clkbuf_4_13_0_clk/A (sky130_fd_sc_hd__clkbuf_8)
    10    0.057366    0.109640    0.201654    0.470911 ^ clkbuf_4_13_0_clk/X (sky130_fd_sc_hd__clkbuf_8)
                                                         clknet_4_13_0_clk (net)
                      0.109647    0.001001    0.471912 ^ _3064_/CLK (sky130_fd_sc_hd__dfrtp_1)
                                  0.500000    0.971912   clock uncertainty
                                  0.000000    0.971912   clock reconvergence pessimism
                                 -0.027606    0.944306   library hold time
                                              0.944306   data required time
---------------------------------------------------------------------------------------------
                                              0.944306   data required time
                                             -1.921036   data arrival time
---------------------------------------------------------------------------------------------
                                              0.976730   slack (MET)


Startpoint: _3083_ (rising edge-triggered flip-flop clocked by clk)
Endpoint: _3045_ (rising edge-triggered flip-flop clocked by clk)
Path Group: clk
Path Type: min

Fanout         Cap        Slew       Delay        Time   Description
---------------------------------------------------------------------------------------------
                                  0.000000    0.000000   clock clk (rise edge)
                                  0.000000    0.000000   clock source latency
     1    0.020000    0.095779    0.066087    0.066087 ^ clk (in)
                                                         clk (net)
                      0.095805    0.000000    0.066087 ^ clkbuf_0_clk/A (sky130_fd_sc_hd__clkbuf_16)
    16    0.094658    0.110614    0.199662    0.265749 ^ clkbuf_0_clk/X (sky130_fd_sc_hd__clkbuf_16)
                                                         clknet_0_clk (net)
                      0.110680    0.002494    0.268243 ^ clkbuf_4_5_0_clk/A (sky130_fd_sc_hd__clkbuf_8)
    10    0.056613    0.108440    0.200680    0.468923 ^ clkbuf_4_5_0_clk/X (sky130_fd_sc_hd__clkbuf_8)
                                                         clknet_4_5_0_clk (net)
                      0.108445    0.000882    0.469806 ^ _3083_/CLK (sky130_fd_sc_hd__dfrtp_4)
    23    0.090905    0.267160    0.602926    1.072732 ^ _3083_/Q (sky130_fd_sc_hd__dfrtp_4)
                                                         acc_reg[4] (net)
                      0.267305    0.005743    1.078475 ^ _2373_/A (sky130_fd_sc_hd__and3_1)
     1    0.003772    0.058549    0.205260    1.283735 ^ _2373_/X (sky130_fd_sc_hd__and3_1)
                                                         _0685_ (net)
                      0.058549    0.000102    1.283837 ^ _2374_/C1 (sky130_fd_sc_hd__a221o_1)
     1    0.002048    0.035252    0.094654    1.378490 ^ _2374_/X (sky130_fd_sc_hd__a221o_1)
                                                         _0304_ (net)
                      0.035252    0.000041    1.378531 ^ hold205/A (sky130_fd_sc_hd__dlygate4sd3_1)
     1    0.003944    0.063134    0.541439    1.919971 ^ hold205/X (sky130_fd_sc_hd__dlygate4sd3_1)
                                                         net210 (net)
                      0.063134    0.000148    1.920119 ^ _3045_/D (sky130_fd_sc_hd__dfrtp_1)
                                              1.920119   data arrival time

                                  0.000000    0.000000   clock clk (rise edge)
                                  0.000000    0.000000   clock source latency
     1    0.020000    0.095779    0.066087    0.066087 ^ clk (in)
                                                         clk (net)
                      0.095805    0.000000    0.066087 ^ clkbuf_0_clk/A (sky130_fd_sc_hd__clkbuf_16)
    16    0.094658    0.110614    0.199662    0.265749 ^ clkbuf_0_clk/X (sky130_fd_sc_hd__clkbuf_16)
                                                         clknet_0_clk (net)
                      0.110829    0.003508    0.269257 ^ clkbuf_4_13_0_clk/A (sky130_fd_sc_hd__clkbuf_8)
    10    0.057366    0.109640    0.201654    0.470911 ^ clkbuf_4_13_0_clk/X (sky130_fd_sc_hd__clkbuf_8)
                                                         clknet_4_13_0_clk (net)
                      0.109659    0.001436    0.472347 ^ _3045_/CLK (sky130_fd_sc_hd__dfrtp_1)
                                  0.500000    0.972347   clock uncertainty
                                  0.000000    0.972347   clock reconvergence pessimism
                                 -0.029700    0.942647   library hold time
                                              0.942647   data required time
---------------------------------------------------------------------------------------------
                                              0.942647   data required time
                                             -1.920119   data arrival time
---------------------------------------------------------------------------------------------
                                              0.977471   slack (MET)


Startpoint: _3156_ (rising edge-triggered flip-flop clocked by clk)
Endpoint: _3089_ (rising edge-triggered flip-flop clocked by clk)
Path Group: clk
Path Type: min

Fanout         Cap        Slew       Delay        Time   Description
---------------------------------------------------------------------------------------------
                                  0.000000    0.000000   clock clk (rise edge)
                                  0.000000    0.000000   clock source latency
     1    0.020000    0.095779    0.066087    0.066087 ^ clk (in)
                                                         clk (net)
                      0.095805    0.000000    0.066087 ^ clkbuf_0_clk/A (sky130_fd_sc_hd__clkbuf_16)
    16    0.094658    0.110614    0.199662    0.265749 ^ clkbuf_0_clk/X (sky130_fd_sc_hd__clkbuf_16)
                                                         clknet_0_clk (net)
                      0.110817    0.003381    0.269130 ^ clkbuf_4_1_0_clk/A (sky130_fd_sc_hd__clkbuf_8)
    16    0.063469    0.119051    0.208820    0.477950 ^ clkbuf_4_1_0_clk/X (sky130_fd_sc_hd__clkbuf_8)
                                                         clknet_4_1_0_clk (net)
                      0.119055    0.000887    0.478837 ^ _3156_/CLK (sky130_fd_sc_hd__dfrtp_4)
    13    0.064198    0.198196    0.557147    1.035984 ^ _3156_/Q (sky130_fd_sc_hd__dfrtp_4)
                                                         state[4] (net)
                      0.198219    0.002214    1.038198 ^ _2034_/C1 (sky130_fd_sc_hd__o211a_1)
     2    0.009596    0.090668    0.215612    1.253810 ^ _2034_/X (sky130_fd_sc_hd__o211a_1)
                                                         _0439_ (net)
                      0.090668    0.000417    1.254228 ^ _2151_/B2 (sky130_fd_sc_hd__o22a_1)
     1    0.003826    0.050110    0.130467    1.384694 ^ _2151_/X (sky130_fd_sc_hd__o22a_1)
                                                         _0348_ (net)
                      0.050110    0.000134    1.384829 ^ hold262/A (sky130_fd_sc_hd__dlygate4sd3_1)
     1    0.003026    0.054877    0.538645    1.923474 ^ hold262/X (sky130_fd_sc_hd__dlygate4sd3_1)
                                                         net267 (net)
                      0.054877    0.000097    1.923571 ^ _3089_/D (sky130_fd_sc_hd__dfrtp_2)
                                              1.923571   data arrival time

                                  0.000000    0.000000   clock clk (rise edge)
                                  0.000000    0.000000   clock source latency
     1    0.020000    0.095779    0.066087    0.066087 ^ clk (in)
                                                         clk (net)
                      0.095805    0.000000    0.066087 ^ clkbuf_0_clk/A (sky130_fd_sc_hd__clkbuf_16)
    16    0.094658    0.110614    0.199662    0.265749 ^ clkbuf_0_clk/X (sky130_fd_sc_hd__clkbuf_16)
                                                         clknet_0_clk (net)
                      0.110751    0.002584    0.268334 ^ clkbuf_4_4_0_clk/A (sky130_fd_sc_hd__clkbuf_8)
    11    0.055333    0.106119    0.198941    0.467275 ^ clkbuf_4_4_0_clk/X (sky130_fd_sc_hd__clkbuf_8)
                                                         clknet_4_4_0_clk (net)
                      0.106135    0.001323    0.468597 ^ _3089_/CLK (sky130_fd_sc_hd__dfrtp_2)
                                  0.500000    0.968597   clock uncertainty
                                  0.000000    0.968597   clock reconvergence pessimism
                                 -0.028354    0.940244   library hold time
                                              0.940244   data required time
---------------------------------------------------------------------------------------------
                                              0.940244   data required time
                                             -1.923571   data arrival time
---------------------------------------------------------------------------------------------
                                              0.983327   slack (MET)


Startpoint: _3159_ (rising edge-triggered flip-flop clocked by clk)
Endpoint: _3161_ (rising edge-triggered flip-flop clocked by clk)
Path Group: clk
Path Type: min

Fanout         Cap        Slew       Delay        Time   Description
---------------------------------------------------------------------------------------------
                                  0.000000    0.000000   clock clk (rise edge)
                                  0.000000    0.000000   clock source latency
     1    0.020000    0.095779    0.066087    0.066087 ^ clk (in)
                                                         clk (net)
                      0.095805    0.000000    0.066087 ^ clkbuf_0_clk/A (sky130_fd_sc_hd__clkbuf_16)
    16    0.094658    0.110614    0.199662    0.265749 ^ clkbuf_0_clk/X (sky130_fd_sc_hd__clkbuf_16)
                                                         clknet_0_clk (net)
                      0.110825    0.003460    0.269209 ^ clkbuf_4_14_0_clk/A (sky130_fd_sc_hd__clkbuf_8)
    11    0.062213    0.117386    0.207506    0.476715 ^ clkbuf_4_14_0_clk/X (sky130_fd_sc_hd__clkbuf_8)
                                                         clknet_4_14_0_clk (net)
                      0.117394    0.001096    0.477811 ^ _3159_/CLK (sky130_fd_sc_hd__dfrtp_4)
     7    0.031087    0.093842    0.543880    1.021691 v _3159_/Q (sky130_fd_sc_hd__dfrtp_4)
                                                         my_sum_sub.state[1] (net)
                      0.093935    0.001352    1.023043 v hold122/A (sky130_fd_sc_hd__dlygate4sd3_1)
    15    0.059920    0.295450    0.811565    1.834608 v hold122/X (sky130_fd_sc_hd__dlygate4sd3_1)
                                                         net127 (net)
                      0.295451    0.001230    1.835838 v _3161_/D (sky130_fd_sc_hd__dfrtp_4)
                                              1.835838   data arrival time

                                  0.000000    0.000000   clock clk (rise edge)
                                  0.000000    0.000000   clock source latency
     1    0.020000    0.095779    0.066087    0.066087 ^ clk (in)
                                                         clk (net)
                      0.095805    0.000000    0.066087 ^ clkbuf_0_clk/A (sky130_fd_sc_hd__clkbuf_16)
    16    0.094658    0.110614    0.199662    0.265749 ^ clkbuf_0_clk/X (sky130_fd_sc_hd__clkbuf_16)
                                                         clknet_0_clk (net)
                      0.110825    0.003460    0.269209 ^ clkbuf_4_14_0_clk/A (sky130_fd_sc_hd__clkbuf_8)
    11    0.062213    0.117386    0.207506    0.476715 ^ clkbuf_4_14_0_clk/X (sky130_fd_sc_hd__clkbuf_8)
                                                         clknet_4_14_0_clk (net)
                      0.117398    0.001254    0.477969 ^ _3161_/CLK (sky130_fd_sc_hd__dfrtp_4)
                                  0.500000    0.977969   clock uncertainty
                                  0.000000    0.977969   clock reconvergence pessimism
                                 -0.126916    0.851053   library hold time
                                              0.851053   data required time
---------------------------------------------------------------------------------------------
                                              0.851053   data required time
                                             -1.835838   data arrival time
---------------------------------------------------------------------------------------------
                                              0.984785   slack (MET)


Startpoint: _3079_ (rising edge-triggered flip-flop clocked by clk)
Endpoint: _3001_ (rising edge-triggered flip-flop clocked by clk)
Path Group: clk
Path Type: min

Fanout         Cap        Slew       Delay        Time   Description
---------------------------------------------------------------------------------------------
                                  0.000000    0.000000   clock clk (rise edge)
                                  0.000000    0.000000   clock source latency
     1    0.020000    0.095779    0.066087    0.066087 ^ clk (in)
                                                         clk (net)
                      0.095805    0.000000    0.066087 ^ clkbuf_0_clk/A (sky130_fd_sc_hd__clkbuf_16)
    16    0.094658    0.110614    0.199662    0.265749 ^ clkbuf_0_clk/X (sky130_fd_sc_hd__clkbuf_16)
                                                         clknet_0_clk (net)
                      0.110669    0.002310    0.268059 ^ clkbuf_4_6_0_clk/A (sky130_fd_sc_hd__clkbuf_8)
    12    0.053868    0.103792    0.197120    0.465179 ^ clkbuf_4_6_0_clk/X (sky130_fd_sc_hd__clkbuf_8)
                                                         clknet_4_6_0_clk (net)
                      0.103829    0.001842    0.467021 ^ _3079_/CLK (sky130_fd_sc_hd__dfrtp_4)
    17    0.055507    0.175206    0.533938    1.000959 ^ _3079_/Q (sky130_fd_sc_hd__dfrtp_4)
                                                         acc_reg[0] (net)
                      0.175216    0.001707    1.002666 ^ _2360_/A (sky130_fd_sc_hd__and2_1)
     3    0.014143    0.147640    0.225618    1.228284 ^ _2360_/X (sky130_fd_sc_hd__and2_1)
                                                         _0676_ (net)
                      0.147641    0.000674    1.228958 ^ _2766_/A1 (sky130_fd_sc_hd__a22o_1)
     1    0.002388    0.041100    0.151839    1.380797 ^ _2766_/X (sky130_fd_sc_hd__a22o_1)
                                                         _0260_ (net)
                      0.041100    0.000053    1.380850 ^ hold210/A (sky130_fd_sc_hd__dlygate4sd3_1)
     1    0.003604    0.059729    0.540749    1.921599 ^ hold210/X (sky130_fd_sc_hd__dlygate4sd3_1)
                                                         net215 (net)
                      0.059729    0.000127    1.921725 ^ _3001_/D (sky130_fd_sc_hd__dfrtp_1)
                                              1.921725   data arrival time

                                  0.000000    0.000000   clock clk (rise edge)
                                  0.000000    0.000000   clock source latency
     1    0.020000    0.095779    0.066087    0.066087 ^ clk (in)
                                                         clk (net)
                      0.095805    0.000000    0.066087 ^ clkbuf_0_clk/A (sky130_fd_sc_hd__clkbuf_16)
    16    0.094658    0.110614    0.199662    0.265749 ^ clkbuf_0_clk/X (sky130_fd_sc_hd__clkbuf_16)
                                                         clknet_0_clk (net)
                      0.110757    0.002659    0.268408 ^ clkbuf_4_8_0_clk/A (sky130_fd_sc_hd__clkbuf_8)
     9    0.050881    0.099055    0.193582    0.461991 ^ clkbuf_4_8_0_clk/X (sky130_fd_sc_hd__clkbuf_8)
                                                         clknet_4_8_0_clk (net)
                      0.099078    0.001479    0.463469 ^ _3001_/CLK (sky130_fd_sc_hd__dfrtp_1)
                                  0.500000    0.963469   clock uncertainty
                                  0.000000    0.963469   clock reconvergence pessimism
                                 -0.030442    0.933028   library hold time
                                              0.933028   data required time
---------------------------------------------------------------------------------------------
                                              0.933028   data required time
                                             -1.921725   data arrival time
---------------------------------------------------------------------------------------------
                                              0.988698   slack (MET)


Startpoint: _3045_ (rising edge-triggered flip-flop clocked by clk)
Endpoint: _3065_ (rising edge-triggered flip-flop clocked by clk)
Path Group: clk
Path Type: min

Fanout         Cap        Slew       Delay        Time   Description
---------------------------------------------------------------------------------------------
                                  0.000000    0.000000   clock clk (rise edge)
                                  0.000000    0.000000   clock source latency
     1    0.020000    0.095779    0.066087    0.066087 ^ clk (in)
                                                         clk (net)
                      0.095805    0.000000    0.066087 ^ clkbuf_0_clk/A (sky130_fd_sc_hd__clkbuf_16)
    16    0.094658    0.110614    0.199662    0.265749 ^ clkbuf_0_clk/X (sky130_fd_sc_hd__clkbuf_16)
                                                         clknet_0_clk (net)
                      0.110829    0.003508    0.269257 ^ clkbuf_4_13_0_clk/A (sky130_fd_sc_hd__clkbuf_8)
    10    0.057366    0.109640    0.201654    0.470911 ^ clkbuf_4_13_0_clk/X (sky130_fd_sc_hd__clkbuf_8)
                                                         clknet_4_13_0_clk (net)
                      0.109659    0.001436    0.472347 ^ _3045_/CLK (sky130_fd_sc_hd__dfrtp_1)
     3    0.008718    0.066280    0.409544    0.881891 v _3045_/Q (sky130_fd_sc_hd__dfrtp_1)
                                                         my_sum_sub.al_ma[4] (net)
                      0.066281    0.000313    0.882204 v _2215_/B (sky130_fd_sc_hd__nand2_1)
     1    0.002849    0.042750    0.070784    0.952987 ^ _2215_/Y (sky130_fd_sc_hd__nand2_1)
                                                         _0550_ (net)
                      0.042750    0.000060    0.953048 ^ _2224_/B1 (sky130_fd_sc_hd__o21a_1)
     2    0.007143    0.077662    0.135284    1.088332 ^ _2224_/X (sky130_fd_sc_hd__o21a_1)
                                                         _0559_ (net)
                      0.077662    0.000202    1.088534 ^ _2247_/A2 (sky130_fd_sc_hd__o21ai_1)
     1    0.004889    0.045757    0.072099    1.160633 v _2247_/Y (sky130_fd_sc_hd__o21ai_1)
                                                         _0579_ (net)
                      0.045757    0.000108    1.160741 v _2248_/B (sky130_fd_sc_hd__xnor2_1)
     1    0.002975    0.051305    0.129051    1.289791 ^ _2248_/Y (sky130_fd_sc_hd__xnor2_1)
                                                         _0580_ (net)
                      0.051305    0.000093    1.289884 ^ _2249_/A1 (sky130_fd_sc_hd__mux2_1)
     1    0.002555    0.039558    0.117383    1.407267 ^ _2249_/X (sky130_fd_sc_hd__mux2_1)
                                                         _0324_ (net)
                      0.039558    0.000079    1.407346 ^ hold270/A (sky130_fd_sc_hd__dlygate4sd3_1)
     1    0.003227    0.056639    0.537076    1.944422 ^ hold270/X (sky130_fd_sc_hd__dlygate4sd3_1)
                                                         net275 (net)
                      0.056639    0.000109    1.944531 ^ _3065_/D (sky130_fd_sc_hd__dfrtp_2)
                                              1.944531   data arrival time

                                  0.000000    0.000000   clock clk (rise edge)
                                  0.000000    0.000000   clock source latency
     1    0.020000    0.095779    0.066087    0.066087 ^ clk (in)
                                                         clk (net)
                      0.095805    0.000000    0.066087 ^ clkbuf_0_clk/A (sky130_fd_sc_hd__clkbuf_16)
    16    0.094658    0.110614    0.199662    0.265749 ^ clkbuf_0_clk/X (sky130_fd_sc_hd__clkbuf_16)
                                                         clknet_0_clk (net)
                      0.110829    0.003506    0.269255 ^ clkbuf_4_15_0_clk/A (sky130_fd_sc_hd__clkbuf_8)
    13    0.060153    0.113790    0.204562    0.473817 ^ clkbuf_4_15_0_clk/X (sky130_fd_sc_hd__clkbuf_8)
                                                         clknet_4_15_0_clk (net)
                      0.113860    0.002567    0.476384 ^ _3065_/CLK (sky130_fd_sc_hd__dfrtp_2)
                                  0.500000    0.976384   clock uncertainty
                                  0.000000    0.976384   clock reconvergence pessimism
                                 -0.027658    0.948726   library hold time
                                              0.948726   data required time
---------------------------------------------------------------------------------------------
                                              0.948726   data required time
                                             -1.944531   data arrival time
---------------------------------------------------------------------------------------------
                                              0.995806   slack (MET)


Startpoint: _3091_ (rising edge-triggered flip-flop clocked by clk)
Endpoint: _3048_ (rising edge-triggered flip-flop clocked by clk)
Path Group: clk
Path Type: min

Fanout         Cap        Slew       Delay        Time   Description
---------------------------------------------------------------------------------------------
                                  0.000000    0.000000   clock clk (rise edge)
                                  0.000000    0.000000   clock source latency
     1    0.020000    0.095779    0.066087    0.066087 ^ clk (in)
                                                         clk (net)
                      0.095805    0.000000    0.066087 ^ clkbuf_0_clk/A (sky130_fd_sc_hd__clkbuf_16)
    16    0.094658    0.110614    0.199662    0.265749 ^ clkbuf_0_clk/X (sky130_fd_sc_hd__clkbuf_16)
                                                         clknet_0_clk (net)
                      0.110749    0.002556    0.268306 ^ clkbuf_4_9_0_clk/A (sky130_fd_sc_hd__clkbuf_8)
     7    0.054427    0.104678    0.197841    0.466146 ^ clkbuf_4_9_0_clk/X (sky130_fd_sc_hd__clkbuf_8)
                                                         clknet_4_9_0_clk (net)
                      0.104709    0.001741    0.467888 ^ _3091_/CLK (sky130_fd_sc_hd__dfrtp_2)
     8    0.023909    0.127922    0.435877    0.903765 ^ _3091_/Q (sky130_fd_sc_hd__dfrtp_2)
                                                         acc_reg[12] (net)
                      0.127922    0.000363    0.904127 ^ _1954_/C (sky130_fd_sc_hd__or4_1)
     1    0.003640    0.045101    0.129725    1.033852 ^ _1954_/X (sky130_fd_sc_hd__or4_1)
                                                         _0363_ (net)
                      0.045101    0.000121    1.033973 ^ _1955_/B (sky130_fd_sc_hd__or2_4)
    16    0.057482    0.177512    0.213209    1.247182 ^ _1955_/X (sky130_fd_sc_hd__or2_4)
                                                         _0364_ (net)
                      0.177641    0.003940    1.251123 ^ _2366_/B1 (sky130_fd_sc_hd__a22o_1)
     1    0.002996    0.044825    0.150801    1.401924 ^ _2366_/X (sky130_fd_sc_hd__a22o_1)
                                                         _0307_ (net)
                      0.044827    0.000095    1.402019 ^ hold203/A (sky130_fd_sc_hd__dlygate4sd3_1)
     1    0.003353    0.057778    0.539998    1.942016 ^ hold203/X (sky130_fd_sc_hd__dlygate4sd3_1)
                                                         net208 (net)
                      0.057778    0.000087    1.942103 ^ _3048_/D (sky130_fd_sc_hd__dfrtp_1)
                                              1.942103   data arrival time

                                  0.000000    0.000000   clock clk (rise edge)
                                  0.000000    0.000000   clock source latency
     1    0.020000    0.095779    0.066087    0.066087 ^ clk (in)
                                                         clk (net)
                      0.095805    0.000000    0.066087 ^ clkbuf_0_clk/A (sky130_fd_sc_hd__clkbuf_16)
    16    0.094658    0.110614    0.199662    0.265749 ^ clkbuf_0_clk/X (sky130_fd_sc_hd__clkbuf_16)
                                                         clknet_0_clk (net)
                      0.110829    0.003508    0.269257 ^ clkbuf_4_13_0_clk/A (sky130_fd_sc_hd__clkbuf_8)
    10    0.057366    0.109640    0.201654    0.470911 ^ clkbuf_4_13_0_clk/X (sky130_fd_sc_hd__clkbuf_8)
                                                         clknet_4_13_0_clk (net)
                      0.109667    0.001675    0.472586 ^ _3048_/CLK (sky130_fd_sc_hd__dfrtp_1)
                                  0.500000    0.972586   clock uncertainty
                                  0.000000    0.972586   clock reconvergence pessimism
                                 -0.028585    0.944001   library hold time
                                              0.944001   data required time
---------------------------------------------------------------------------------------------
                                              0.944001   data required time
                                             -1.942103   data arrival time
---------------------------------------------------------------------------------------------
                                              0.998102   slack (MET)


Startpoint: _3156_ (rising edge-triggered flip-flop clocked by clk)
Endpoint: _3092_ (rising edge-triggered flip-flop clocked by clk)
Path Group: clk
Path Type: min

Fanout         Cap        Slew       Delay        Time   Description
---------------------------------------------------------------------------------------------
                                  0.000000    0.000000   clock clk (rise edge)
                                  0.000000    0.000000   clock source latency
     1    0.020000    0.095779    0.066087    0.066087 ^ clk (in)
                                                         clk (net)
                      0.095805    0.000000    0.066087 ^ clkbuf_0_clk/A (sky130_fd_sc_hd__clkbuf_16)
    16    0.094658    0.110614    0.199662    0.265749 ^ clkbuf_0_clk/X (sky130_fd_sc_hd__clkbuf_16)
                                                         clknet_0_clk (net)
                      0.110817    0.003381    0.269130 ^ clkbuf_4_1_0_clk/A (sky130_fd_sc_hd__clkbuf_8)
    16    0.063469    0.119051    0.208820    0.477950 ^ clkbuf_4_1_0_clk/X (sky130_fd_sc_hd__clkbuf_8)
                                                         clknet_4_1_0_clk (net)
                      0.119055    0.000887    0.478837 ^ _3156_/CLK (sky130_fd_sc_hd__dfrtp_4)
    13    0.064198    0.198196    0.557147    1.035984 ^ _3156_/Q (sky130_fd_sc_hd__dfrtp_4)
                                                         state[4] (net)
                      0.198211    0.001902    1.037886 ^ _2010_/C1 (sky130_fd_sc_hd__o221a_1)
     2    0.007682    0.095150    0.239947    1.277833 ^ _2010_/X (sky130_fd_sc_hd__o221a_1)
                                                         _0418_ (net)
                      0.095150    0.000132    1.277965 ^ _2148_/B2 (sky130_fd_sc_hd__o22a_1)
     1    0.002879    0.042263    0.125004    1.402969 ^ _2148_/X (sky130_fd_sc_hd__o22a_1)
                                                         _0351_ (net)
                      0.042263    0.000071    1.403040 ^ hold254/A (sky130_fd_sc_hd__dlygate4sd3_1)
     1    0.003053    0.055099    0.536321    1.939361 ^ hold254/X (sky130_fd_sc_hd__dlygate4sd3_1)
                                                         net259 (net)
                      0.055099    0.000100    1.939462 ^ _3092_/D (sky130_fd_sc_hd__dfrtp_2)
                                              1.939462   data arrival time

                                  0.000000    0.000000   clock clk (rise edge)
                                  0.000000    0.000000   clock source latency
     1    0.020000    0.095779    0.066087    0.066087 ^ clk (in)
                                                         clk (net)
                      0.095805    0.000000    0.066087 ^ clkbuf_0_clk/A (sky130_fd_sc_hd__clkbuf_16)
    16    0.094658    0.110614    0.199662    0.265749 ^ clkbuf_0_clk/X (sky130_fd_sc_hd__clkbuf_16)
                                                         clknet_0_clk (net)
                      0.110793    0.003112    0.268861 ^ clkbuf_4_3_0_clk/A (sky130_fd_sc_hd__clkbuf_8)
    11    0.053966    0.104170    0.197711    0.466572 ^ clkbuf_4_3_0_clk/X (sky130_fd_sc_hd__clkbuf_8)
                                                         clknet_4_3_0_clk (net)
                      0.104177    0.000965    0.467537 ^ _3092_/CLK (sky130_fd_sc_hd__dfrtp_2)
                                  0.500000    0.967537   clock uncertainty
                                  0.000000    0.967537   clock reconvergence pessimism
                                 -0.028667    0.938869   library hold time
                                              0.938869   data required time
---------------------------------------------------------------------------------------------
                                              0.938869   data required time
                                             -1.939462   data arrival time
---------------------------------------------------------------------------------------------
                                              1.000592   slack (MET)


Startpoint: _3085_ (rising edge-triggered flip-flop clocked by clk)
Endpoint: _3007_ (rising edge-triggered flip-flop clocked by clk)
Path Group: clk
Path Type: min

Fanout         Cap        Slew       Delay        Time   Description
---------------------------------------------------------------------------------------------
                                  0.000000    0.000000   clock clk (rise edge)
                                  0.000000    0.000000   clock source latency
     1    0.020000    0.095779    0.066087    0.066087 ^ clk (in)
                                                         clk (net)
                      0.095805    0.000000    0.066087 ^ clkbuf_0_clk/A (sky130_fd_sc_hd__clkbuf_16)
    16    0.094658    0.110614    0.199662    0.265749 ^ clkbuf_0_clk/X (sky130_fd_sc_hd__clkbuf_16)
                                                         clknet_0_clk (net)
                      0.110669    0.002310    0.268059 ^ clkbuf_4_6_0_clk/A (sky130_fd_sc_hd__clkbuf_8)
    12    0.053868    0.103792    0.197120    0.465179 ^ clkbuf_4_6_0_clk/X (sky130_fd_sc_hd__clkbuf_8)
                                                         clknet_4_6_0_clk (net)
                      0.103827    0.001796    0.466975 ^ _3085_/CLK (sky130_fd_sc_hd__dfrtp_4)
    20    0.072246    0.218629    0.566317    1.033291 ^ _3085_/Q (sky130_fd_sc_hd__dfrtp_4)
                                                         acc_reg[6] (net)
                      0.218651    0.002346    1.035637 ^ _2308_/A (sky130_fd_sc_hd__and2_2)
     3    0.023671    0.132050    0.259408    1.295045 ^ _2308_/X (sky130_fd_sc_hd__and2_2)
                                                         _0630_ (net)
                      0.132066    0.001511    1.296556 ^ _2741_/A1 (sky130_fd_sc_hd__a21o_1)
     1    0.002479    0.032400    0.122812    1.419368 ^ _2741_/X (sky130_fd_sc_hd__a21o_1)
                                                         _0266_ (net)
                      0.032400    0.000056    1.419424 ^ hold296/A (sky130_fd_sc_hd__dlygate4sd3_1)
     1    0.003665    0.060202    0.538374    1.957798 ^ hold296/X (sky130_fd_sc_hd__dlygate4sd3_1)
                                                         net301 (net)
                      0.060202    0.000101    1.957900 ^ _3007_/D (sky130_fd_sc_hd__dfrtp_1)
                                              1.957900   data arrival time

                                  0.000000    0.000000   clock clk (rise edge)
                                  0.000000    0.000000   clock source latency
     1    0.020000    0.095779    0.066087    0.066087 ^ clk (in)
                                                         clk (net)
                      0.095805    0.000000    0.066087 ^ clkbuf_0_clk/A (sky130_fd_sc_hd__clkbuf_16)
    16    0.094658    0.110614    0.199662    0.265749 ^ clkbuf_0_clk/X (sky130_fd_sc_hd__clkbuf_16)
                                                         clknet_0_clk (net)
                      0.110799    0.003186    0.268935 ^ clkbuf_4_2_0_clk/A (sky130_fd_sc_hd__clkbuf_8)
    18    0.064744    0.121094    0.210168    0.479103 ^ clkbuf_4_2_0_clk/X (sky130_fd_sc_hd__clkbuf_8)
                                                         clknet_4_2_0_clk (net)
                      0.121162    0.002651    0.481754 ^ _3007_/CLK (sky130_fd_sc_hd__dfrtp_1)
                                  0.500000    0.981754   clock uncertainty
                                  0.000000    0.981754   clock reconvergence pessimism
                                 -0.027514    0.954240   library hold time
                                              0.954240   data required time
---------------------------------------------------------------------------------------------
                                              0.954240   data required time
                                             -1.957900   data arrival time
---------------------------------------------------------------------------------------------
                                              1.003660   slack (MET)


Startpoint: _3106_ (rising edge-triggered flip-flop clocked by clk)
Endpoint: _2996_ (rising edge-triggered flip-flop clocked by clk)
Path Group: clk
Path Type: min

Fanout         Cap        Slew       Delay        Time   Description
---------------------------------------------------------------------------------------------
                                  0.000000    0.000000   clock clk (rise edge)
                                  0.000000    0.000000   clock source latency
     1    0.020000    0.095779    0.066087    0.066087 ^ clk (in)
                                                         clk (net)
                      0.095805    0.000000    0.066087 ^ clkbuf_0_clk/A (sky130_fd_sc_hd__clkbuf_16)
    16    0.094658    0.110614    0.199662    0.265749 ^ clkbuf_0_clk/X (sky130_fd_sc_hd__clkbuf_16)
                                                         clknet_0_clk (net)
                      0.110751    0.002584    0.268334 ^ clkbuf_4_4_0_clk/A (sky130_fd_sc_hd__clkbuf_8)
    11    0.055333    0.106119    0.198941    0.467275 ^ clkbuf_4_4_0_clk/X (sky130_fd_sc_hd__clkbuf_8)
                                                         clknet_4_4_0_clk (net)
                      0.106151    0.001767    0.469042 ^ _3106_/CLK (sky130_fd_sc_hd__dfrtp_4)
     8    0.037641    0.133474    0.495359    0.964401 ^ _3106_/Q (sky130_fd_sc_hd__dfrtp_4)
                                                         my_mul.x2[11] (net)
                      0.133485    0.001429    0.965829 ^ _1948_/B (sky130_fd_sc_hd__or2_1)
     2    0.006745    0.073816    0.141355    1.107184 ^ _1948_/X (sky130_fd_sc_hd__or2_1)
                                                         _1492_ (net)
                      0.073816    0.000243    1.107427 ^ _2300_/C (sky130_fd_sc_hd__or4_4)
    10    0.036636    0.114521    0.187271    1.294698 ^ _2300_/X (sky130_fd_sc_hd__or4_4)
                                                         _0623_ (net)
                      0.114542    0.001559    1.296257 ^ _2777_/A1 (sky130_fd_sc_hd__mux2_1)
     1    0.002200    0.036854    0.136055    1.432312 ^ _2777_/X (sky130_fd_sc_hd__mux2_1)
                                                         _0255_ (net)
                      0.036854    0.000047    1.432359 ^ hold97/A (sky130_fd_sc_hd__dlygate4sd3_1)
     1    0.002707    0.052111    0.531310    1.963669 ^ hold97/X (sky130_fd_sc_hd__dlygate4sd3_1)
                                                         net102 (net)
                      0.052111    0.000063    1.963732 ^ _2996_/D (sky130_fd_sc_hd__dfrtp_1)
                                              1.963732   data arrival time

                                  0.000000    0.000000   clock clk (rise edge)
                                  0.000000    0.000000   clock source latency
     1    0.020000    0.095779    0.066087    0.066087 ^ clk (in)
                                                         clk (net)
                      0.095805    0.000000    0.066087 ^ clkbuf_0_clk/A (sky130_fd_sc_hd__clkbuf_16)
    16    0.094658    0.110614    0.199662    0.265749 ^ clkbuf_0_clk/X (sky130_fd_sc_hd__clkbuf_16)
                                                         clknet_0_clk (net)
                      0.110799    0.003186    0.268935 ^ clkbuf_4_2_0_clk/A (sky130_fd_sc_hd__clkbuf_8)
    18    0.064744    0.121094    0.210168    0.479103 ^ clkbuf_4_2_0_clk/X (sky130_fd_sc_hd__clkbuf_8)
                                                         clknet_4_2_0_clk (net)
                      0.121138    0.002204    0.481307 ^ _2996_/CLK (sky130_fd_sc_hd__dfrtp_1)
                                  0.500000    0.981307   clock uncertainty
                                  0.000000    0.981307   clock reconvergence pessimism
                                 -0.025837    0.955470   library hold time
                                              0.955470   data required time
---------------------------------------------------------------------------------------------
                                              0.955470   data required time
                                             -1.963732   data arrival time
---------------------------------------------------------------------------------------------
                                              1.008262   slack (MET)


Startpoint: _3156_ (rising edge-triggered flip-flop clocked by clk)
Endpoint: _3086_ (rising edge-triggered flip-flop clocked by clk)
Path Group: clk
Path Type: min

Fanout         Cap        Slew       Delay        Time   Description
---------------------------------------------------------------------------------------------
                                  0.000000    0.000000   clock clk (rise edge)
                                  0.000000    0.000000   clock source latency
     1    0.020000    0.095779    0.066087    0.066087 ^ clk (in)
                                                         clk (net)
                      0.095805    0.000000    0.066087 ^ clkbuf_0_clk/A (sky130_fd_sc_hd__clkbuf_16)
    16    0.094658    0.110614    0.199662    0.265749 ^ clkbuf_0_clk/X (sky130_fd_sc_hd__clkbuf_16)
                                                         clknet_0_clk (net)
                      0.110817    0.003381    0.269130 ^ clkbuf_4_1_0_clk/A (sky130_fd_sc_hd__clkbuf_8)
    16    0.063469    0.119051    0.208820    0.477950 ^ clkbuf_4_1_0_clk/X (sky130_fd_sc_hd__clkbuf_8)
                                                         clknet_4_1_0_clk (net)
                      0.119055    0.000887    0.478837 ^ _3156_/CLK (sky130_fd_sc_hd__dfrtp_4)
    13    0.064198    0.198196    0.557147    1.035984 ^ _3156_/Q (sky130_fd_sc_hd__dfrtp_4)
                                                         state[4] (net)
                      0.198221    0.002297    1.038281 ^ _2054_/C1 (sky130_fd_sc_hd__o221a_1)
     2    0.009884    0.114728    0.255835    1.294116 ^ _2054_/X (sky130_fd_sc_hd__o221a_1)
                                                         _0456_ (net)
                      0.114728    0.000431    1.294546 ^ _2154_/B2 (sky130_fd_sc_hd__o22a_1)
     1    0.002839    0.042053    0.131025    1.425571 ^ _2154_/X (sky130_fd_sc_hd__o22a_1)
                                                         _0345_ (net)
                      0.042053    0.000092    1.425664 ^ hold299/A (sky130_fd_sc_hd__dlygate4sd3_1)
     1    0.002489    0.050276    0.530959    1.956622 ^ hold299/X (sky130_fd_sc_hd__dlygate4sd3_1)
                                                         net304 (net)
                      0.050276    0.000052    1.956674 ^ _3086_/D (sky130_fd_sc_hd__dfrtp_4)
                                              1.956674   data arrival time

                                  0.000000    0.000000   clock clk (rise edge)
                                  0.000000    0.000000   clock source latency
     1    0.020000    0.095779    0.066087    0.066087 ^ clk (in)
                                                         clk (net)
                      0.095805    0.000000    0.066087 ^ clkbuf_0_clk/A (sky130_fd_sc_hd__clkbuf_16)
    16    0.094658    0.110614    0.199662    0.265749 ^ clkbuf_0_clk/X (sky130_fd_sc_hd__clkbuf_16)
                                                         clknet_0_clk (net)
                      0.110669    0.002310    0.268059 ^ clkbuf_4_6_0_clk/A (sky130_fd_sc_hd__clkbuf_8)
    12    0.053868    0.103792    0.197120    0.465179 ^ clkbuf_4_6_0_clk/X (sky130_fd_sc_hd__clkbuf_8)
                                                         clknet_4_6_0_clk (net)
                      0.103832    0.001907    0.467086 ^ _3086_/CLK (sky130_fd_sc_hd__dfrtp_4)
                                  0.500000    0.967086   clock uncertainty
                                  0.000000    0.967086   clock reconvergence pessimism
                                 -0.027823    0.939263   library hold time
                                              0.939263   data required time
---------------------------------------------------------------------------------------------
                                              0.939263   data required time
                                             -1.956674   data arrival time
---------------------------------------------------------------------------------------------
                                              1.017411   slack (MET)


Startpoint: _3049_ (rising edge-triggered flip-flop clocked by clk)
Endpoint: _3061_ (rising edge-triggered flip-flop clocked by clk)
Path Group: clk
Path Type: min

Fanout         Cap        Slew       Delay        Time   Description
---------------------------------------------------------------------------------------------
                                  0.000000    0.000000   clock clk (rise edge)
                                  0.000000    0.000000   clock source latency
     1    0.020000    0.095779    0.066087    0.066087 ^ clk (in)
                                                         clk (net)
                      0.095805    0.000000    0.066087 ^ clkbuf_0_clk/A (sky130_fd_sc_hd__clkbuf_16)
    16    0.094658    0.110614    0.199662    0.265749 ^ clkbuf_0_clk/X (sky130_fd_sc_hd__clkbuf_16)
                                                         clknet_0_clk (net)
                      0.110829    0.003506    0.269255 ^ clkbuf_4_15_0_clk/A (sky130_fd_sc_hd__clkbuf_8)
    13    0.060153    0.113790    0.204562    0.473817 ^ clkbuf_4_15_0_clk/X (sky130_fd_sc_hd__clkbuf_8)
                                                         clknet_4_15_0_clk (net)
                      0.113811    0.001540    0.475357 ^ _3049_/CLK (sky130_fd_sc_hd__dfrtp_2)
     3    0.013594    0.083257    0.403932    0.879289 ^ _3049_/Q (sky130_fd_sc_hd__dfrtp_2)
                                                         my_sum_sub.al_mb[0] (net)
                      0.083257    0.000432    0.879721 ^ _1501_/A (sky130_fd_sc_hd__inv_2)
     3    0.007293    0.029536    0.044283    0.924004 v _1501_/Y (sky130_fd_sc_hd__inv_2)
                                                         _1056_ (net)
                      0.029536    0.000104    0.924108 v _2219_/A (sky130_fd_sc_hd__nor2_1)
     2    0.006473    0.135288    0.136052    1.060160 ^ _2219_/Y (sky130_fd_sc_hd__nor2_1)
                                                         _0554_ (net)
                      0.135288    0.000130    1.060289 ^ _2271_/A2 (sky130_fd_sc_hd__o31a_1)
     1    0.003590    0.051771    0.150803    1.211093 ^ _2271_/X (sky130_fd_sc_hd__o31a_1)
                                                         _0599_ (net)
                      0.051771    0.000103    1.211196 ^ _2272_/A2_N (sky130_fd_sc_hd__o2bb2a_1)
     1    0.003449    0.043133    0.208640    1.419836 v _2272_/X (sky130_fd_sc_hd__o2bb2a_1)
                                                         _0320_ (net)
                      0.043133    0.000117    1.419953 v hold272/A (sky130_fd_sc_hd__dlygate4sd3_1)
     1    0.002264    0.050134    0.542580    1.962532 v hold272/X (sky130_fd_sc_hd__dlygate4sd3_1)
                                                         net277 (net)
                      0.050134    0.000047    1.962579 v _3061_/D (sky130_fd_sc_hd__dfrtp_1)
                                              1.962579   data arrival time

                                  0.000000    0.000000   clock clk (rise edge)
                                  0.000000    0.000000   clock source latency
     1    0.020000    0.095779    0.066087    0.066087 ^ clk (in)
                                                         clk (net)
                      0.095805    0.000000    0.066087 ^ clkbuf_0_clk/A (sky130_fd_sc_hd__clkbuf_16)
    16    0.094658    0.110614    0.199662    0.265749 ^ clkbuf_0_clk/X (sky130_fd_sc_hd__clkbuf_16)
                                                         clknet_0_clk (net)
                      0.110829    0.003506    0.269255 ^ clkbuf_4_15_0_clk/A (sky130_fd_sc_hd__clkbuf_8)
    13    0.060153    0.113790    0.204562    0.473817 ^ clkbuf_4_15_0_clk/X (sky130_fd_sc_hd__clkbuf_8)
                                                         clknet_4_15_0_clk (net)
                      0.113872    0.002754    0.476570 ^ _3061_/CLK (sky130_fd_sc_hd__dfrtp_1)
                                  0.500000    0.976570   clock uncertainty
                                  0.000000    0.976570   clock reconvergence pessimism
                                 -0.032154    0.944417   library hold time
                                              0.944417   data required time
---------------------------------------------------------------------------------------------
                                              0.944417   data required time
                                             -1.962579   data arrival time
---------------------------------------------------------------------------------------------
                                              1.018163   slack (MET)


Startpoint: _3156_ (rising edge-triggered flip-flop clocked by clk)
Endpoint: _3093_ (rising edge-triggered flip-flop clocked by clk)
Path Group: clk
Path Type: min

Fanout         Cap        Slew       Delay        Time   Description
---------------------------------------------------------------------------------------------
                                  0.000000    0.000000   clock clk (rise edge)
                                  0.000000    0.000000   clock source latency
     1    0.020000    0.095779    0.066087    0.066087 ^ clk (in)
                                                         clk (net)
                      0.095805    0.000000    0.066087 ^ clkbuf_0_clk/A (sky130_fd_sc_hd__clkbuf_16)
    16    0.094658    0.110614    0.199662    0.265749 ^ clkbuf_0_clk/X (sky130_fd_sc_hd__clkbuf_16)
                                                         clknet_0_clk (net)
                      0.110817    0.003381    0.269130 ^ clkbuf_4_1_0_clk/A (sky130_fd_sc_hd__clkbuf_8)
    16    0.063469    0.119051    0.208820    0.477950 ^ clkbuf_4_1_0_clk/X (sky130_fd_sc_hd__clkbuf_8)
                                                         clknet_4_1_0_clk (net)
                      0.119055    0.000887    0.478837 ^ _3156_/CLK (sky130_fd_sc_hd__dfrtp_4)
    13    0.064198    0.198196    0.557147    1.035984 ^ _3156_/Q (sky130_fd_sc_hd__dfrtp_4)
                                                         state[4] (net)
                      0.198213    0.001985    1.037969 ^ _2003_/C1 (sky130_fd_sc_hd__o221a_1)
     2    0.008300    0.100389    0.244596    1.282565 ^ _2003_/X (sky130_fd_sc_hd__o221a_1)
                                                         _0412_ (net)
                      0.100389    0.000305    1.282870 ^ _2145_/A1 (sky130_fd_sc_hd__mux2_1)
     1    0.002545    0.039364    0.133986    1.416856 ^ _2145_/X (sky130_fd_sc_hd__mux2_1)
                                                         _0352_ (net)
                      0.039364    0.000081    1.416936 ^ hold291/A (sky130_fd_sc_hd__dlygate4sd3_1)
     1    0.003769    0.061713    0.541450    1.958386 ^ hold291/X (sky130_fd_sc_hd__dlygate4sd3_1)
                                                         net296 (net)
                      0.061713    0.000137    1.958523 ^ _3093_/D (sky130_fd_sc_hd__dfrtp_4)
                                              1.958523   data arrival time

                                  0.000000    0.000000   clock clk (rise edge)
                                  0.000000    0.000000   clock source latency
     1    0.020000    0.095779    0.066087    0.066087 ^ clk (in)
                                                         clk (net)
                      0.095805    0.000000    0.066087 ^ clkbuf_0_clk/A (sky130_fd_sc_hd__clkbuf_16)
    16    0.094658    0.110614    0.199662    0.265749 ^ clkbuf_0_clk/X (sky130_fd_sc_hd__clkbuf_16)
                                                         clknet_0_clk (net)
                      0.110793    0.003112    0.268861 ^ clkbuf_4_3_0_clk/A (sky130_fd_sc_hd__clkbuf_8)
    11    0.053966    0.104170    0.197711    0.466572 ^ clkbuf_4_3_0_clk/X (sky130_fd_sc_hd__clkbuf_8)
                                                         clknet_4_3_0_clk (net)
                      0.104177    0.000977    0.467549 ^ _3093_/CLK (sky130_fd_sc_hd__dfrtp_4)
                                  0.500000    0.967549   clock uncertainty
                                  0.000000    0.967549   clock reconvergence pessimism
                                 -0.030156    0.937393   library hold time
                                              0.937393   data required time
---------------------------------------------------------------------------------------------
                                              0.937393   data required time
                                             -1.958523   data arrival time
---------------------------------------------------------------------------------------------
                                              1.021129   slack (MET)


Startpoint: _3096_ (rising edge-triggered flip-flop clocked by clk)
Endpoint: _2990_ (rising edge-triggered flip-flop clocked by clk)
Path Group: clk
Path Type: min

Fanout         Cap        Slew       Delay        Time   Description
---------------------------------------------------------------------------------------------
                                  0.000000    0.000000   clock clk (rise edge)
                                  0.000000    0.000000   clock source latency
     1    0.020000    0.095779    0.066087    0.066087 ^ clk (in)
                                                         clk (net)
                      0.095805    0.000000    0.066087 ^ clkbuf_0_clk/A (sky130_fd_sc_hd__clkbuf_16)
    16    0.094658    0.110614    0.199662    0.265749 ^ clkbuf_0_clk/X (sky130_fd_sc_hd__clkbuf_16)
                                                         clknet_0_clk (net)
                      0.110752    0.002595    0.268344 ^ clkbuf_4_7_0_clk/A (sky130_fd_sc_hd__clkbuf_8)
    17    0.062819    0.118024    0.207981    0.476324 ^ clkbuf_4_7_0_clk/X (sky130_fd_sc_hd__clkbuf_8)
                                                         clknet_4_7_0_clk (net)
                      0.118088    0.002544    0.478868 ^ _3096_/CLK (sky130_fd_sc_hd__dfrtp_4)
    18    0.057984    0.182329    0.542600    1.021468 ^ _3096_/Q (sky130_fd_sc_hd__dfrtp_4)
                                                         my_mul.x2[1] (net)
                      0.182633    0.006539    1.028008 ^ _2351_/A (sky130_fd_sc_hd__and2_1)
     4    0.018530    0.187996    0.256223    1.284231 ^ _2351_/X (sky130_fd_sc_hd__and2_1)
                                                         _0668_ (net)
                      0.187998    0.001021    1.285252 ^ _2784_/A1 (sky130_fd_sc_hd__mux2_1)
     1    0.002083    0.036017    0.153836    1.439089 ^ _2784_/X (sky130_fd_sc_hd__mux2_1)
                                                         _0249_ (net)
                      0.036017    0.000042    1.439131 ^ hold75/A (sky130_fd_sc_hd__dlygate4sd3_1)
     1    0.002491    0.050284    0.529007    1.968138 ^ hold75/X (sky130_fd_sc_hd__dlygate4sd3_1)
                                                         net80 (net)
                      0.050284    0.000054    1.968192 ^ _2990_/D (sky130_fd_sc_hd__dfrtp_1)
                                              1.968192   data arrival time

                                  0.000000    0.000000   clock clk (rise edge)
                                  0.000000    0.000000   clock source latency
     1    0.020000    0.095779    0.066087    0.066087 ^ clk (in)
                                                         clk (net)
                      0.095805    0.000000    0.066087 ^ clkbuf_0_clk/A (sky130_fd_sc_hd__clkbuf_16)
    16    0.094658    0.110614    0.199662    0.265749 ^ clkbuf_0_clk/X (sky130_fd_sc_hd__clkbuf_16)
                                                         clknet_0_clk (net)
                      0.110779    0.002949    0.268699 ^ clkbuf_4_10_0_clk/A (sky130_fd_sc_hd__clkbuf_8)
    10    0.051793    0.100494    0.194865    0.463564 ^ clkbuf_4_10_0_clk/X (sky130_fd_sc_hd__clkbuf_8)
                                                         clknet_4_10_0_clk (net)
                      0.100504    0.001090    0.464654 ^ _2990_/CLK (sky130_fd_sc_hd__dfrtp_1)
                                  0.500000    0.964654   clock uncertainty
                                  0.000000    0.964654   clock reconvergence pessimism
                                 -0.028280    0.936374   library hold time
                                              0.936374   data required time
---------------------------------------------------------------------------------------------
                                              0.936374   data required time
                                             -1.968192   data arrival time
---------------------------------------------------------------------------------------------
                                              1.031818   slack (MET)


Startpoint: _3097_ (rising edge-triggered flip-flop clocked by clk)
Endpoint: _2991_ (rising edge-triggered flip-flop clocked by clk)
Path Group: clk
Path Type: min

Fanout         Cap        Slew       Delay        Time   Description
---------------------------------------------------------------------------------------------
                                  0.000000    0.000000   clock clk (rise edge)
                                  0.000000    0.000000   clock source latency
     1    0.020000    0.095779    0.066087    0.066087 ^ clk (in)
                                                         clk (net)
                      0.095805    0.000000    0.066087 ^ clkbuf_0_clk/A (sky130_fd_sc_hd__clkbuf_16)
    16    0.094658    0.110614    0.199662    0.265749 ^ clkbuf_0_clk/X (sky130_fd_sc_hd__clkbuf_16)
                                                         clknet_0_clk (net)
                      0.110752    0.002595    0.268344 ^ clkbuf_4_7_0_clk/A (sky130_fd_sc_hd__clkbuf_8)
    17    0.062819    0.118024    0.207981    0.476324 ^ clkbuf_4_7_0_clk/X (sky130_fd_sc_hd__clkbuf_8)
                                                         clknet_4_7_0_clk (net)
                      0.118080    0.002399    0.478723 ^ _3097_/CLK (sky130_fd_sc_hd__dfrtp_4)
    16    0.059758    0.186905    0.546182    1.024905 ^ _3097_/Q (sky130_fd_sc_hd__dfrtp_4)
                                                         my_mul.x2[2] (net)
                      0.187248    0.007033    1.031939 ^ _2341_/A (sky130_fd_sc_hd__and2_1)
     3    0.017441    0.177867    0.250262    1.282201 ^ _2341_/X (sky130_fd_sc_hd__and2_1)
                                                         _0659_ (net)
                      0.177867    0.000605    1.282806 ^ _2783_/A1 (sky130_fd_sc_hd__mux2_1)
     1    0.002901    0.042056    0.158051    1.440857 ^ _2783_/X (sky130_fd_sc_hd__mux2_1)
                                                         _0250_ (net)
                      0.042056    0.000071    1.440928 ^ hold66/A (sky130_fd_sc_hd__dlygate4sd3_1)
     1    0.002677    0.051863    0.532729    1.973657 ^ hold66/X (sky130_fd_sc_hd__dlygate4sd3_1)
                                                         net71 (net)
                      0.051863    0.000062    1.973719 ^ _2991_/D (sky130_fd_sc_hd__dfrtp_1)
                                              1.973719   data arrival time

                                  0.000000    0.000000   clock clk (rise edge)
                                  0.000000    0.000000   clock source latency
     1    0.020000    0.095779    0.066087    0.066087 ^ clk (in)
                                                         clk (net)
                      0.095805    0.000000    0.066087 ^ clkbuf_0_clk/A (sky130_fd_sc_hd__clkbuf_16)
    16    0.094658    0.110614    0.199662    0.265749 ^ clkbuf_0_clk/X (sky130_fd_sc_hd__clkbuf_16)
                                                         clknet_0_clk (net)
                      0.110779    0.002949    0.268699 ^ clkbuf_4_10_0_clk/A (sky130_fd_sc_hd__clkbuf_8)
    10    0.051793    0.100494    0.194865    0.463564 ^ clkbuf_4_10_0_clk/X (sky130_fd_sc_hd__clkbuf_8)
                                                         clknet_4_10_0_clk (net)
                      0.100507    0.001193    0.464757 ^ _2991_/CLK (sky130_fd_sc_hd__dfrtp_1)
                                  0.500000    0.964757   clock uncertainty
                                  0.000000    0.964757   clock reconvergence pessimism
                                 -0.028608    0.936149   library hold time
                                              0.936149   data required time
---------------------------------------------------------------------------------------------
                                              0.936149   data required time
                                             -1.973719   data arrival time
---------------------------------------------------------------------------------------------
                                              1.037570   slack (MET)


Startpoint: _3098_ (rising edge-triggered flip-flop clocked by clk)
Endpoint: _2992_ (rising edge-triggered flip-flop clocked by clk)
Path Group: clk
Path Type: min

Fanout         Cap        Slew       Delay        Time   Description
---------------------------------------------------------------------------------------------
                                  0.000000    0.000000   clock clk (rise edge)
                                  0.000000    0.000000   clock source latency
     1    0.020000    0.095779    0.066087    0.066087 ^ clk (in)
                                                         clk (net)
                      0.095805    0.000000    0.066087 ^ clkbuf_0_clk/A (sky130_fd_sc_hd__clkbuf_16)
    16    0.094658    0.110614    0.199662    0.265749 ^ clkbuf_0_clk/X (sky130_fd_sc_hd__clkbuf_16)
                                                         clknet_0_clk (net)
                      0.110752    0.002595    0.268344 ^ clkbuf_4_7_0_clk/A (sky130_fd_sc_hd__clkbuf_8)
    17    0.062819    0.118024    0.207981    0.476324 ^ clkbuf_4_7_0_clk/X (sky130_fd_sc_hd__clkbuf_8)
                                                         clknet_4_7_0_clk (net)
                      0.118084    0.002468    0.478792 ^ _3098_/CLK (sky130_fd_sc_hd__dfrtp_4)
    20    0.067982    0.207531    0.562667    1.041459 ^ _3098_/Q (sky130_fd_sc_hd__dfrtp_4)
                                                         my_mul.x2[3] (net)
                      0.207540    0.001811    1.043270 ^ _2331_/A (sky130_fd_sc_hd__and2_1)
     3    0.019153    0.193716    0.266381    1.309651 ^ _2331_/X (sky130_fd_sc_hd__and2_1)
                                                         _0650_ (net)
                      0.193716    0.000518    1.310169 ^ _2782_/A1 (sky130_fd_sc_hd__mux2_1)
     1    0.002201    0.036860    0.156205    1.466374 ^ _2782_/X (sky130_fd_sc_hd__mux2_1)
                                                         _0251_ (net)
                      0.036860    0.000046    1.466420 ^ hold70/A (sky130_fd_sc_hd__dlygate4sd3_1)
     1    0.002585    0.051076    0.530165    1.996585 ^ hold70/X (sky130_fd_sc_hd__dlygate4sd3_1)
                                                         net75 (net)
                      0.051076    0.000058    1.996643 ^ _2992_/D (sky130_fd_sc_hd__dfrtp_1)
                                              1.996643   data arrival time

                                  0.000000    0.000000   clock clk (rise edge)
                                  0.000000    0.000000   clock source latency
     1    0.020000    0.095779    0.066087    0.066087 ^ clk (in)
                                                         clk (net)
                      0.095805    0.000000    0.066087 ^ clkbuf_0_clk/A (sky130_fd_sc_hd__clkbuf_16)
    16    0.094658    0.110614    0.199662    0.265749 ^ clkbuf_0_clk/X (sky130_fd_sc_hd__clkbuf_16)
                                                         clknet_0_clk (net)
                      0.110799    0.003186    0.268935 ^ clkbuf_4_2_0_clk/A (sky130_fd_sc_hd__clkbuf_8)
    18    0.064744    0.121094    0.210168    0.479103 ^ clkbuf_4_2_0_clk/X (sky130_fd_sc_hd__clkbuf_8)
                                                         clknet_4_2_0_clk (net)
                      0.121165    0.002713    0.481816 ^ _2992_/CLK (sky130_fd_sc_hd__dfrtp_1)
                                  0.500000    0.981816   clock uncertainty
                                  0.000000    0.981816   clock reconvergence pessimism
                                 -0.025618    0.956197   library hold time
                                              0.956197   data required time
---------------------------------------------------------------------------------------------
                                              0.956197   data required time
                                             -1.996643   data arrival time
---------------------------------------------------------------------------------------------
                                              1.040446   slack (MET)


Startpoint: _2998_ (rising edge-triggered flip-flop clocked by clk)
Endpoint: _3010_ (rising edge-triggered flip-flop clocked by clk)
Path Group: clk
Path Type: min

Fanout         Cap        Slew       Delay        Time   Description
---------------------------------------------------------------------------------------------
                                  0.000000    0.000000   clock clk (rise edge)
                                  0.000000    0.000000   clock source latency
     1    0.020000    0.095779    0.066087    0.066087 ^ clk (in)
                                                         clk (net)
                      0.095805    0.000000    0.066087 ^ clkbuf_0_clk/A (sky130_fd_sc_hd__clkbuf_16)
    16    0.094658    0.110614    0.199662    0.265749 ^ clkbuf_0_clk/X (sky130_fd_sc_hd__clkbuf_16)
                                                         clknet_0_clk (net)
                      0.110815    0.003356    0.269105 ^ clkbuf_4_0_0_clk/A (sky130_fd_sc_hd__clkbuf_8)
    24    0.065579    0.123215    0.209510    0.478615 ^ clkbuf_4_0_0_clk/X (sky130_fd_sc_hd__clkbuf_8)
                                                         clknet_4_0_0_clk (net)
                      0.123320    0.002980    0.481595 ^ _2998_/CLK (sky130_fd_sc_hd__dfrtp_1)
     2    0.006049    0.069911    0.366098    0.847693 ^ _2998_/Q (sky130_fd_sc_hd__dfrtp_1)
                                                         my_divider.counter[1] (net)
                      0.069911    0.000168    0.847861 ^ _1548_/B (sky130_fd_sc_hd__or4b_1)
     3    0.011670    0.113988    0.163981    1.011842 ^ _1548_/X (sky130_fd_sc_hd__or4b_1)
                                                         _1093_ (net)
                      0.113988    0.000326    1.012168 ^ _2689_/B (sky130_fd_sc_hd__and2_4)
    17    0.068267    0.201532    0.280401    1.292569 ^ _2689_/X (sky130_fd_sc_hd__and2_4)
                                                         _0972_ (net)
                      0.201794    0.005950    1.298519 ^ _2727_/B2 (sky130_fd_sc_hd__a22o_1)
     1    0.003409    0.050562    0.159643    1.458161 ^ _2727_/X (sky130_fd_sc_hd__a22o_1)
                                                         _0269_ (net)
                      0.050562    0.000117    1.458278 ^ hold192/A (sky130_fd_sc_hd__dlygate4sd3_1)
     1    0.003191    0.056328    0.540346    1.998624 ^ hold192/X (sky130_fd_sc_hd__dlygate4sd3_1)
                                                         net197 (net)
                      0.056328    0.000105    1.998729 ^ _3010_/D (sky130_fd_sc_hd__dfrtp_1)
                                              1.998729   data arrival time

                                  0.000000    0.000000   clock clk (rise edge)
                                  0.000000    0.000000   clock source latency
     1    0.020000    0.095779    0.066087    0.066087 ^ clk (in)
                                                         clk (net)
                      0.095805    0.000000    0.066087 ^ clkbuf_0_clk/A (sky130_fd_sc_hd__clkbuf_16)
    16    0.094658    0.110614    0.199662    0.265749 ^ clkbuf_0_clk/X (sky130_fd_sc_hd__clkbuf_16)
                                                         clknet_0_clk (net)
                      0.110799    0.003186    0.268935 ^ clkbuf_4_2_0_clk/A (sky130_fd_sc_hd__clkbuf_8)
    18    0.064744    0.121094    0.210168    0.479103 ^ clkbuf_4_2_0_clk/X (sky130_fd_sc_hd__clkbuf_8)
                                                         clknet_4_2_0_clk (net)
                      0.121171    0.002796    0.481898 ^ _3010_/CLK (sky130_fd_sc_hd__dfrtp_1)
                                  0.500000    0.981898   clock uncertainty
                                  0.000000    0.981898   clock reconvergence pessimism
                                 -0.026708    0.955190   library hold time
                                              0.955190   data required time
---------------------------------------------------------------------------------------------
                                              0.955190   data required time
                                             -1.998729   data arrival time
---------------------------------------------------------------------------------------------
                                              1.043539   slack (MET)


Startpoint: _3100_ (rising edge-triggered flip-flop clocked by clk)
Endpoint: _2994_ (rising edge-triggered flip-flop clocked by clk)
Path Group: clk
Path Type: min

Fanout         Cap        Slew       Delay        Time   Description
---------------------------------------------------------------------------------------------
                                  0.000000    0.000000   clock clk (rise edge)
                                  0.000000    0.000000   clock source latency
     1    0.020000    0.095779    0.066087    0.066087 ^ clk (in)
                                                         clk (net)
                      0.095805    0.000000    0.066087 ^ clkbuf_0_clk/A (sky130_fd_sc_hd__clkbuf_16)
    16    0.094658    0.110614    0.199662    0.265749 ^ clkbuf_0_clk/X (sky130_fd_sc_hd__clkbuf_16)
                                                         clknet_0_clk (net)
                      0.110752    0.002595    0.268344 ^ clkbuf_4_7_0_clk/A (sky130_fd_sc_hd__clkbuf_8)
    17    0.062819    0.118024    0.207981    0.476324 ^ clkbuf_4_7_0_clk/X (sky130_fd_sc_hd__clkbuf_8)
                                                         clknet_4_7_0_clk (net)
                      0.118052    0.001791    0.478115 ^ _3100_/CLK (sky130_fd_sc_hd__dfrtp_4)
    21    0.066815    0.204470    0.559812    1.037927 ^ _3100_/Q (sky130_fd_sc_hd__dfrtp_4)
                                                         my_mul.x2[5] (net)
                      0.204508    0.002949    1.040877 ^ _2316_/A (sky130_fd_sc_hd__and2_1)
     3    0.020638    0.207474    0.275490    1.316367 ^ _2316_/X (sky130_fd_sc_hd__and2_1)
                                                         _0637_ (net)
                      0.207474    0.000512    1.316879 ^ _2780_/A1 (sky130_fd_sc_hd__mux2_1)
     1    0.002560    0.039470    0.162547    1.479426 ^ _2780_/X (sky130_fd_sc_hd__mux2_1)
                                                         _0253_ (net)
                      0.039470    0.000080    1.479506 ^ hold132/A (sky130_fd_sc_hd__dlygate4sd3_1)
     1    0.003074    0.055284    0.535605    2.015111 ^ hold132/X (sky130_fd_sc_hd__dlygate4sd3_1)
                                                         net137 (net)
                      0.055284    0.000103    2.015215 ^ _2994_/D (sky130_fd_sc_hd__dfrtp_1)
                                              2.015215   data arrival time

                                  0.000000    0.000000   clock clk (rise edge)
                                  0.000000    0.000000   clock source latency
     1    0.020000    0.095779    0.066087    0.066087 ^ clk (in)
                                                         clk (net)
                      0.095805    0.000000    0.066087 ^ clkbuf_0_clk/A (sky130_fd_sc_hd__clkbuf_16)
    16    0.094658    0.110614    0.199662    0.265749 ^ clkbuf_0_clk/X (sky130_fd_sc_hd__clkbuf_16)
                                                         clknet_0_clk (net)
                      0.110799    0.003186    0.268935 ^ clkbuf_4_2_0_clk/A (sky130_fd_sc_hd__clkbuf_8)
    18    0.064744    0.121094    0.210168    0.479103 ^ clkbuf_4_2_0_clk/X (sky130_fd_sc_hd__clkbuf_8)
                                                         clknet_4_2_0_clk (net)
                      0.121164    0.002684    0.481787 ^ _2994_/CLK (sky130_fd_sc_hd__dfrtp_1)
                                  0.500000    0.981787   clock uncertainty
                                  0.000000    0.981787   clock reconvergence pessimism
                                 -0.026493    0.955295   library hold time
                                              0.955295   data required time
---------------------------------------------------------------------------------------------
                                              0.955295   data required time
                                             -2.015215   data arrival time
---------------------------------------------------------------------------------------------
                                              1.059920   slack (MET)


Startpoint: _3099_ (rising edge-triggered flip-flop clocked by clk)
Endpoint: _2993_ (rising edge-triggered flip-flop clocked by clk)
Path Group: clk
Path Type: min

Fanout         Cap        Slew       Delay        Time   Description
---------------------------------------------------------------------------------------------
                                  0.000000    0.000000   clock clk (rise edge)
                                  0.000000    0.000000   clock source latency
     1    0.020000    0.095779    0.066087    0.066087 ^ clk (in)
                                                         clk (net)
                      0.095805    0.000000    0.066087 ^ clkbuf_0_clk/A (sky130_fd_sc_hd__clkbuf_16)
    16    0.094658    0.110614    0.199662    0.265749 ^ clkbuf_0_clk/X (sky130_fd_sc_hd__clkbuf_16)
                                                         clknet_0_clk (net)
                      0.110752    0.002595    0.268344 ^ clkbuf_4_7_0_clk/A (sky130_fd_sc_hd__clkbuf_8)
    17    0.062819    0.118024    0.207981    0.476324 ^ clkbuf_4_7_0_clk/X (sky130_fd_sc_hd__clkbuf_8)
                                                         clknet_4_7_0_clk (net)
                      0.118070    0.002205    0.478529 ^ _3099_/CLK (sky130_fd_sc_hd__dfrtp_4)
    20    0.065520    0.201124    0.557463    1.035993 ^ _3099_/Q (sky130_fd_sc_hd__dfrtp_4)
                                                         my_mul.x2[4] (net)
                      0.201375    0.006333    1.042326 ^ _2323_/A (sky130_fd_sc_hd__and2_1)
     3    0.019734    0.199117    0.268704    1.311029 ^ _2323_/X (sky130_fd_sc_hd__and2_1)
                                                         _0643_ (net)
                      0.199118    0.000900    1.311929 ^ _2781_/A1 (sky130_fd_sc_hd__mux2_1)
     1    0.002740    0.040833    0.161976    1.473905 ^ _2781_/X (sky130_fd_sc_hd__mux2_1)
                                                         _0252_ (net)
                      0.040833    0.000088    1.473993 ^ hold89/A (sky130_fd_sc_hd__dlygate4sd3_1)
     1    0.002464    0.050062    0.530320    2.004313 ^ hold89/X (sky130_fd_sc_hd__dlygate4sd3_1)
                                                         net94 (net)
                      0.050062    0.000054    2.004367 ^ _2993_/D (sky130_fd_sc_hd__dfrtp_1)
                                              2.004367   data arrival time

                                  0.000000    0.000000   clock clk (rise edge)
                                  0.000000    0.000000   clock source latency
     1    0.020000    0.095779    0.066087    0.066087 ^ clk (in)
                                                         clk (net)
                      0.095805    0.000000    0.066087 ^ clkbuf_0_clk/A (sky130_fd_sc_hd__clkbuf_16)
    16    0.094658    0.110614    0.199662    0.265749 ^ clkbuf_0_clk/X (sky130_fd_sc_hd__clkbuf_16)
                                                         clknet_0_clk (net)
                      0.110757    0.002659    0.268408 ^ clkbuf_4_8_0_clk/A (sky130_fd_sc_hd__clkbuf_8)
     9    0.050881    0.099055    0.193582    0.461991 ^ clkbuf_4_8_0_clk/X (sky130_fd_sc_hd__clkbuf_8)
                                                         clknet_4_8_0_clk (net)
                      0.099078    0.001481    0.463471 ^ _2993_/CLK (sky130_fd_sc_hd__dfrtp_1)
                                  0.500000    0.963471   clock uncertainty
                                  0.000000    0.963471   clock reconvergence pessimism
                                 -0.028429    0.935043   library hold time
                                              0.935043   data required time
---------------------------------------------------------------------------------------------
                                              0.935043   data required time
                                             -2.004367   data arrival time
---------------------------------------------------------------------------------------------
                                              1.069324   slack (MET)


Startpoint: _2998_ (rising edge-triggered flip-flop clocked by clk)
Endpoint: _3013_ (rising edge-triggered flip-flop clocked by clk)
Path Group: clk
Path Type: min

Fanout         Cap        Slew       Delay        Time   Description
---------------------------------------------------------------------------------------------
                                  0.000000    0.000000   clock clk (rise edge)
                                  0.000000    0.000000   clock source latency
     1    0.020000    0.095779    0.066087    0.066087 ^ clk (in)
                                                         clk (net)
                      0.095805    0.000000    0.066087 ^ clkbuf_0_clk/A (sky130_fd_sc_hd__clkbuf_16)
    16    0.094658    0.110614    0.199662    0.265749 ^ clkbuf_0_clk/X (sky130_fd_sc_hd__clkbuf_16)
                                                         clknet_0_clk (net)
                      0.110815    0.003356    0.269105 ^ clkbuf_4_0_0_clk/A (sky130_fd_sc_hd__clkbuf_8)
    24    0.065579    0.123215    0.209510    0.478615 ^ clkbuf_4_0_0_clk/X (sky130_fd_sc_hd__clkbuf_8)
                                                         clknet_4_0_0_clk (net)
                      0.123320    0.002980    0.481595 ^ _2998_/CLK (sky130_fd_sc_hd__dfrtp_1)
     2    0.006049    0.069911    0.366098    0.847693 ^ _2998_/Q (sky130_fd_sc_hd__dfrtp_1)
                                                         my_divider.counter[1] (net)
                      0.069911    0.000168    0.847861 ^ _1548_/B (sky130_fd_sc_hd__or4b_1)
     3    0.011670    0.113988    0.163981    1.011842 ^ _1548_/X (sky130_fd_sc_hd__or4b_1)
                                                         _1093_ (net)
                      0.113988    0.000326    1.012168 ^ _2689_/B (sky130_fd_sc_hd__and2_4)
    17    0.068267    0.201532    0.280401    1.292569 ^ _2689_/X (sky130_fd_sc_hd__and2_4)
                                                         _0972_ (net)
                      0.201791    0.005911    1.298480 ^ _2696_/A2 (sky130_fd_sc_hd__a22o_1)
     1    0.004055    0.054477    0.178279    1.476759 ^ _2696_/X (sky130_fd_sc_hd__a22o_1)
                                                         _0272_ (net)
                      0.054477    0.000161    1.476920 ^ hold111/A (sky130_fd_sc_hd__dlygate4sd3_1)
     1    0.002571    0.050977    0.535730    2.012650 ^ hold111/X (sky130_fd_sc_hd__dlygate4sd3_1)
                                                         net116 (net)
                      0.050977    0.000057    2.012707 ^ _3013_/D (sky130_fd_sc_hd__dfrtp_1)
                                              2.012707   data arrival time

                                  0.000000    0.000000   clock clk (rise edge)
                                  0.000000    0.000000   clock source latency
     1    0.020000    0.095779    0.066087    0.066087 ^ clk (in)
                                                         clk (net)
                      0.095805    0.000000    0.066087 ^ clkbuf_0_clk/A (sky130_fd_sc_hd__clkbuf_16)
    16    0.094658    0.110614    0.199662    0.265749 ^ clkbuf_0_clk/X (sky130_fd_sc_hd__clkbuf_16)
                                                         clknet_0_clk (net)
                      0.110793    0.003112    0.268861 ^ clkbuf_4_3_0_clk/A (sky130_fd_sc_hd__clkbuf_8)
    11    0.053966    0.104170    0.197711    0.466572 ^ clkbuf_4_3_0_clk/X (sky130_fd_sc_hd__clkbuf_8)
                                                         clknet_4_3_0_clk (net)
                      0.104173    0.000765    0.467337 ^ _3013_/CLK (sky130_fd_sc_hd__dfrtp_1)
                                  0.500000    0.967337   clock uncertainty
                                  0.000000    0.967337   clock reconvergence pessimism
                                 -0.027922    0.939415   library hold time
                                              0.939415   data required time
---------------------------------------------------------------------------------------------
                                              0.939415   data required time
                                             -2.012707   data arrival time
---------------------------------------------------------------------------------------------
                                              1.073292   slack (MET)


Startpoint: _3155_ (rising edge-triggered flip-flop clocked by clk)
Endpoint: _3154_ (rising edge-triggered flip-flop clocked by clk)
Path Group: clk
Path Type: min

Fanout         Cap        Slew       Delay        Time   Description
---------------------------------------------------------------------------------------------
                                  0.000000    0.000000   clock clk (rise edge)
                                  0.000000    0.000000   clock source latency
     1    0.020000    0.095779    0.066087    0.066087 ^ clk (in)
                                                         clk (net)
                      0.095805    0.000000    0.066087 ^ clkbuf_0_clk/A (sky130_fd_sc_hd__clkbuf_16)
    16    0.094658    0.110614    0.199662    0.265749 ^ clkbuf_0_clk/X (sky130_fd_sc_hd__clkbuf_16)
                                                         clknet_0_clk (net)
                      0.110815    0.003356    0.269105 ^ clkbuf_4_0_0_clk/A (sky130_fd_sc_hd__clkbuf_8)
    24    0.065579    0.123215    0.209510    0.478615 ^ clkbuf_4_0_0_clk/X (sky130_fd_sc_hd__clkbuf_8)
                                                         clknet_4_0_0_clk (net)
                      0.123592    0.005542    0.484157 ^ _3155_/CLK (sky130_fd_sc_hd__dfrtp_1)
     4    0.012331    0.119335    0.406443    0.890600 ^ _3155_/Q (sky130_fd_sc_hd__dfrtp_1)
                                                         state[3] (net)
                      0.119335    0.000213    0.890813 ^ hold222/A (sky130_fd_sc_hd__dlygate4sd3_1)
     1    0.002212    0.048150    0.551067    1.441880 ^ hold222/X (sky130_fd_sc_hd__dlygate4sd3_1)
                                                         net227 (net)
                      0.048150    0.000048    1.441928 ^ _2786_/A (sky130_fd_sc_hd__and3_1)
     1    0.002705    0.048484    0.133558    1.575486 ^ _2786_/X (sky130_fd_sc_hd__and3_1)
                                                         _0005_ (net)
                      0.048484    0.000064    1.575550 ^ hold223/A (sky130_fd_sc_hd__dlygate4sd3_1)
     1    0.002665    0.051769    0.534716    2.110266 ^ hold223/X (sky130_fd_sc_hd__dlygate4sd3_1)
                                                         net228 (net)
                      0.051769    0.000059    2.110325 ^ _3154_/D (sky130_fd_sc_hd__dfrtp_1)
                                              2.110325   data arrival time

                                  0.000000    0.000000   clock clk (rise edge)
                                  0.000000    0.000000   clock source latency
     1    0.020000    0.095779    0.066087    0.066087 ^ clk (in)
                                                         clk (net)
                      0.095805    0.000000    0.066087 ^ clkbuf_0_clk/A (sky130_fd_sc_hd__clkbuf_16)
    16    0.094658    0.110614    0.199662    0.265749 ^ clkbuf_0_clk/X (sky130_fd_sc_hd__clkbuf_16)
                                                         clknet_0_clk (net)
                      0.110815    0.003356    0.269105 ^ clkbuf_4_0_0_clk/A (sky130_fd_sc_hd__clkbuf_8)
    24    0.065579    0.123215    0.209510    0.478615 ^ clkbuf_4_0_0_clk/X (sky130_fd_sc_hd__clkbuf_8)
                                                         clknet_4_0_0_clk (net)
                      0.123404    0.003970    0.482585 ^ _3154_/CLK (sky130_fd_sc_hd__dfrtp_1)
                                  0.500000    0.982585   clock uncertainty
                                  0.000000    0.982585   clock reconvergence pessimism
                                 -0.025456    0.957129   library hold time
                                              0.957129   data required time
---------------------------------------------------------------------------------------------
                                              0.957129   data required time
                                             -2.110325   data arrival time
---------------------------------------------------------------------------------------------
                                              1.153196   slack (MET)


Startpoint: _3150_ (rising edge-triggered flip-flop clocked by clk)
Endpoint: _3150_ (rising edge-triggered flip-flop clocked by clk)
Path Group: clk
Path Type: min

Fanout         Cap        Slew       Delay        Time   Description
---------------------------------------------------------------------------------------------
                                  0.000000    0.000000   clock clk (rise edge)
                                  0.000000    0.000000   clock source latency
     1    0.020000    0.095779    0.066087    0.066087 ^ clk (in)
                                                         clk (net)
                      0.095805    0.000000    0.066087 ^ clkbuf_0_clk/A (sky130_fd_sc_hd__clkbuf_16)
    16    0.094658    0.110614    0.199662    0.265749 ^ clkbuf_0_clk/X (sky130_fd_sc_hd__clkbuf_16)
                                                         clknet_0_clk (net)
                      0.110815    0.003356    0.269105 ^ clkbuf_4_0_0_clk/A (sky130_fd_sc_hd__clkbuf_8)
    24    0.065579    0.123215    0.209510    0.478615 ^ clkbuf_4_0_0_clk/X (sky130_fd_sc_hd__clkbuf_8)
                                                         clknet_4_0_0_clk (net)
                      0.123630    0.005805    0.484421 ^ _3150_/CLK (sky130_fd_sc_hd__dfrtp_2)
     5    0.021239    0.116350    0.433531    0.917951 ^ _3150_/Q (sky130_fd_sc_hd__dfrtp_2)
                                                         op_reg[2] (net)
                      0.116350    0.000291    0.918242 ^ hold236/A (sky130_fd_sc_hd__dlygate4sd3_1)
     1    0.002452    0.049985    0.552453    1.470695 ^ hold236/X (sky130_fd_sc_hd__dlygate4sd3_1)
                                                         net241 (net)
                      0.049985    0.000057    1.470752 ^ _1510_/A0 (sky130_fd_sc_hd__mux2_1)
     1    0.002982    0.042676    0.117572    1.588324 ^ _1510_/X (sky130_fd_sc_hd__mux2_1)
                                                         _0246_ (net)
                      0.042676    0.000098    1.588422 ^ hold237/A (sky130_fd_sc_hd__dlygate4sd3_1)
     1    0.003740    0.061480    0.542313    2.130735 ^ hold237/X (sky130_fd_sc_hd__dlygate4sd3_1)
                                                         net242 (net)
                      0.061480    0.000133    2.130868 ^ _3150_/D (sky130_fd_sc_hd__dfrtp_2)
                                              2.130868   data arrival time

                                  0.000000    0.000000   clock clk (rise edge)
                                  0.000000    0.000000   clock source latency
     1    0.020000    0.095779    0.066087    0.066087 ^ clk (in)
                                                         clk (net)
                      0.095805    0.000000    0.066087 ^ clkbuf_0_clk/A (sky130_fd_sc_hd__clkbuf_16)
    16    0.094658    0.110614    0.199662    0.265749 ^ clkbuf_0_clk/X (sky130_fd_sc_hd__clkbuf_16)
                                                         clknet_0_clk (net)
                      0.110815    0.003356    0.269105 ^ clkbuf_4_0_0_clk/A (sky130_fd_sc_hd__clkbuf_8)
    24    0.065579    0.123215    0.209510    0.478615 ^ clkbuf_4_0_0_clk/X (sky130_fd_sc_hd__clkbuf_8)
                                                         clknet_4_0_0_clk (net)
                      0.123630    0.005805    0.484421 ^ _3150_/CLK (sky130_fd_sc_hd__dfrtp_2)
                                  0.500000    0.984421   clock uncertainty
                                  0.000000    0.984421   clock reconvergence pessimism
                                 -0.027313    0.957108   library hold time
                                              0.957108   data required time
---------------------------------------------------------------------------------------------
                                              0.957108   data required time
                                             -2.130868   data arrival time
---------------------------------------------------------------------------------------------
                                              1.173761   slack (MET)


Startpoint: _2989_ (rising edge-triggered flip-flop clocked by clk)
Endpoint: _2989_ (rising edge-triggered flip-flop clocked by clk)
Path Group: clk
Path Type: min

Fanout         Cap        Slew       Delay        Time   Description
---------------------------------------------------------------------------------------------
                                  0.000000    0.000000   clock clk (rise edge)
                                  0.000000    0.000000   clock source latency
     1    0.020000    0.095779    0.066087    0.066087 ^ clk (in)
                                                         clk (net)
                      0.095805    0.000000    0.066087 ^ clkbuf_0_clk/A (sky130_fd_sc_hd__clkbuf_16)
    16    0.094658    0.110614    0.199662    0.265749 ^ clkbuf_0_clk/X (sky130_fd_sc_hd__clkbuf_16)
                                                         clknet_0_clk (net)
                      0.110779    0.002949    0.268699 ^ clkbuf_4_10_0_clk/A (sky130_fd_sc_hd__clkbuf_8)
    10    0.051793    0.100494    0.194865    0.463564 ^ clkbuf_4_10_0_clk/X (sky130_fd_sc_hd__clkbuf_8)
                                                         clknet_4_10_0_clk (net)
                      0.100503    0.001027    0.464590 ^ _2989_/CLK (sky130_fd_sc_hd__dfrtp_1)
     3    0.010228    0.102161    0.385199    0.849789 ^ _2989_/Q (sky130_fd_sc_hd__dfrtp_1)
                                                         my_divider.divisor_reg[0] (net)
                      0.102161    0.000144    0.849933 ^ hold224/A (sky130_fd_sc_hd__dlygate4sd3_1)
     3    0.008079    0.099125    0.593144    1.443078 ^ hold224/X (sky130_fd_sc_hd__dlygate4sd3_1)
                                                         net229 (net)
                      0.099125    0.000262    1.443340 ^ _2785_/A0 (sky130_fd_sc_hd__mux2_1)
     1    0.003487    0.046536    0.138500    1.581840 ^ _2785_/X (sky130_fd_sc_hd__mux2_1)
                                                         _0248_ (net)
                      0.046536    0.000121    1.581960 ^ hold225/A (sky130_fd_sc_hd__dlygate4sd3_1)
     1    0.002251    0.048434    0.530172    2.112132 ^ hold225/X (sky130_fd_sc_hd__dlygate4sd3_1)
                                                         net230 (net)
                      0.048434    0.000046    2.112178 ^ _2989_/D (sky130_fd_sc_hd__dfrtp_1)
                                              2.112178   data arrival time

                                  0.000000    0.000000   clock clk (rise edge)
                                  0.000000    0.000000   clock source latency
     1    0.020000    0.095779    0.066087    0.066087 ^ clk (in)
                                                         clk (net)
                      0.095805    0.000000    0.066087 ^ clkbuf_0_clk/A (sky130_fd_sc_hd__clkbuf_16)
    16    0.094658    0.110614    0.199662    0.265749 ^ clkbuf_0_clk/X (sky130_fd_sc_hd__clkbuf_16)
                                                         clknet_0_clk (net)
                      0.110779    0.002949    0.268699 ^ clkbuf_4_10_0_clk/A (sky130_fd_sc_hd__clkbuf_8)
    10    0.051793    0.100494    0.194865    0.463564 ^ clkbuf_4_10_0_clk/X (sky130_fd_sc_hd__clkbuf_8)
                                                         clknet_4_10_0_clk (net)
                      0.100503    0.001027    0.464590 ^ _2989_/CLK (sky130_fd_sc_hd__dfrtp_1)
                                  0.500000    0.964590   clock uncertainty
                                  0.000000    0.964590   clock reconvergence pessimism
                                 -0.027895    0.936695   library hold time
                                              0.936695   data required time
---------------------------------------------------------------------------------------------
                                              0.936695   data required time
                                             -2.112178   data arrival time
---------------------------------------------------------------------------------------------
                                              1.175483   slack (MET)


Startpoint: _3149_ (rising edge-triggered flip-flop clocked by clk)
Endpoint: _3149_ (rising edge-triggered flip-flop clocked by clk)
Path Group: clk
Path Type: min

Fanout         Cap        Slew       Delay        Time   Description
---------------------------------------------------------------------------------------------
                                  0.000000    0.000000   clock clk (rise edge)
                                  0.000000    0.000000   clock source latency
     1    0.020000    0.095779    0.066087    0.066087 ^ clk (in)
                                                         clk (net)
                      0.095805    0.000000    0.066087 ^ clkbuf_0_clk/A (sky130_fd_sc_hd__clkbuf_16)
    16    0.094658    0.110614    0.199662    0.265749 ^ clkbuf_0_clk/X (sky130_fd_sc_hd__clkbuf_16)
                                                         clknet_0_clk (net)
                      0.110817    0.003381    0.269130 ^ clkbuf_4_1_0_clk/A (sky130_fd_sc_hd__clkbuf_8)
    16    0.063469    0.119051    0.208820    0.477950 ^ clkbuf_4_1_0_clk/X (sky130_fd_sc_hd__clkbuf_8)
                                                         clknet_4_1_0_clk (net)
                      0.119068    0.001465    0.479415 ^ _3149_/CLK (sky130_fd_sc_hd__dfrtp_1)
     3    0.008926    0.092112    0.383923    0.863338 ^ _3149_/Q (sky130_fd_sc_hd__dfrtp_1)
                                                         op_reg[1] (net)
                      0.092112    0.000218    0.863556 ^ hold218/A (sky130_fd_sc_hd__dlygate4sd3_1)
     3    0.008646    0.103496    0.594680    1.458236 ^ hold218/X (sky130_fd_sc_hd__dlygate4sd3_1)
                                                         net223 (net)
                      0.103599    0.000164    1.458400 ^ _1511_/A0 (sky130_fd_sc_hd__mux2_1)
     1    0.002779    0.041129    0.134388    1.592788 ^ _1511_/X (sky130_fd_sc_hd__mux2_1)
                                                         _0245_ (net)
                      0.041129    0.000090    1.592877 ^ hold231/A (sky130_fd_sc_hd__dlygate4sd3_1)
     1    0.003491    0.058863    0.539894    2.132772 ^ hold231/X (sky130_fd_sc_hd__dlygate4sd3_1)
                                                         net236 (net)
                      0.058863    0.000118    2.132890 ^ _3149_/D (sky130_fd_sc_hd__dfrtp_1)
                                              2.132890   data arrival time

                                  0.000000    0.000000   clock clk (rise edge)
                                  0.000000    0.000000   clock source latency
     1    0.020000    0.095779    0.066087    0.066087 ^ clk (in)
                                                         clk (net)
                      0.095805    0.000000    0.066087 ^ clkbuf_0_clk/A (sky130_fd_sc_hd__clkbuf_16)
    16    0.094658    0.110614    0.199662    0.265749 ^ clkbuf_0_clk/X (sky130_fd_sc_hd__clkbuf_16)
                                                         clknet_0_clk (net)
                      0.110817    0.003381    0.269130 ^ clkbuf_4_1_0_clk/A (sky130_fd_sc_hd__clkbuf_8)
    16    0.063469    0.119051    0.208820    0.477950 ^ clkbuf_4_1_0_clk/X (sky130_fd_sc_hd__clkbuf_8)
                                                         clknet_4_1_0_clk (net)
                      0.119068    0.001465    0.479415 ^ _3149_/CLK (sky130_fd_sc_hd__dfrtp_1)
                                  0.500000    0.979415   clock uncertainty
                                  0.000000    0.979415   clock reconvergence pessimism
                                 -0.027523    0.951892   library hold time
                                              0.951892   data required time
---------------------------------------------------------------------------------------------
                                              0.951892   data required time
                                             -2.132890   data arrival time
---------------------------------------------------------------------------------------------
                                              1.180998   slack (MET)



