
===========================================================================
report_checks -path_delay min (Hold)
============================================================================
======================= max_ff_n40C_1v95 Corner ===================================

Startpoint: _3059_ (rising edge-triggered flip-flop clocked by clk)
Endpoint: _3062_ (rising edge-triggered flip-flop clocked by clk)
Path Group: clk
Path Type: min

Fanout         Cap        Slew       Delay        Time   Description
---------------------------------------------------------------------------------------------
                                  0.000000    0.000000   clock clk (rise edge)
                                  0.000000    0.000000   clock source latency
     1    0.027726    0.097508    0.068012    0.068012 ^ clk (in)
                                                         clk (net)
                      0.097648    0.000000    0.068012 ^ clkbuf_0_clk/A (sky130_fd_sc_hd__clkbuf_16)
    16    0.123440    0.106891    0.156506    0.224518 ^ clkbuf_0_clk/X (sky130_fd_sc_hd__clkbuf_16)
                                                         clknet_0_clk (net)
                      0.107846    0.008094    0.232613 ^ clkbuf_4_12_0_clk/A (sky130_fd_sc_hd__clkbuf_8)
     8    0.059947    0.086319    0.143633    0.376245 ^ clkbuf_4_12_0_clk/X (sky130_fd_sc_hd__clkbuf_8)
                                                         clknet_4_12_0_clk (net)
                      0.086466    0.002900    0.379145 ^ _3059_/CLK (sky130_fd_sc_hd__dfrtp_4)
    16    0.062891    0.145598    0.350456    0.729601 ^ _3059_/Q (sky130_fd_sc_hd__dfrtp_4)
                                                         my_sum_sub.al_b_larger (net)
                      0.146098    0.006320    0.735921 ^ _2261_/A1 (sky130_fd_sc_hd__a21o_1)
     1    0.002226    0.022094    0.073029    0.808950 ^ _2261_/X (sky130_fd_sc_hd__a21o_1)
                                                         _0590_ (net)
                      0.022094    0.000103    0.809054 ^ _2262_/B1 (sky130_fd_sc_hd__o21ai_1)
     1    0.005335    0.025043    0.028383    0.837436 v _2262_/Y (sky130_fd_sc_hd__o21ai_1)
                                                         _0591_ (net)
                      0.025046    0.000246    0.837682 v _2263_/B (sky130_fd_sc_hd__xnor2_1)
     1    0.002693    0.034849    0.081783    0.919465 ^ _2263_/Y (sky130_fd_sc_hd__xnor2_1)
                                                         _0592_ (net)
                      0.034849    0.000114    0.919578 ^ _2264_/A1 (sky130_fd_sc_hd__mux2_1)
     1    0.002285    0.025790    0.071146    0.990724 ^ _2264_/X (sky130_fd_sc_hd__mux2_1)
                                                         _0321_ (net)
                      0.025791    0.000168    0.990892 ^ _3062_/D (sky130_fd_sc_hd__dfrtp_1)
                                              0.990892   data arrival time

                                  0.000000    0.000000   clock clk (rise edge)
                                  0.000000    0.000000   clock source latency
     1    0.027726    0.097508    0.068012    0.068012 ^ clk (in)
                                                         clk (net)
                      0.097648    0.000000    0.068012 ^ clkbuf_0_clk/A (sky130_fd_sc_hd__clkbuf_16)
    16    0.123440    0.106891    0.156506    0.224518 ^ clkbuf_0_clk/X (sky130_fd_sc_hd__clkbuf_16)
                                                         clknet_0_clk (net)
                      0.108049    0.008885    0.233404 ^ clkbuf_4_13_0_clk/A (sky130_fd_sc_hd__clkbuf_8)
    10    0.066136    0.093930    0.148856    0.382260 ^ clkbuf_4_13_0_clk/X (sky130_fd_sc_hd__clkbuf_8)
                                                         clknet_4_13_0_clk (net)
                      0.094177    0.003917    0.386177 ^ _3062_/CLK (sky130_fd_sc_hd__dfrtp_1)
                                  0.500000    0.886177   clock uncertainty
                                  0.000000    0.886177   clock reconvergence pessimism
                                 -0.017731    0.868446   library hold time
                                              0.868446   data required time
---------------------------------------------------------------------------------------------
                                              0.868446   data required time
                                             -0.990892   data arrival time
---------------------------------------------------------------------------------------------
                                              0.122445   slack (MET)


Startpoint: _3051_ (rising edge-triggered flip-flop clocked by clk)
Endpoint: _3063_ (rising edge-triggered flip-flop clocked by clk)
Path Group: clk
Path Type: min

Fanout         Cap        Slew       Delay        Time   Description
---------------------------------------------------------------------------------------------
                                  0.000000    0.000000   clock clk (rise edge)
                                  0.000000    0.000000   clock source latency
     1    0.027726    0.097508    0.068012    0.068012 ^ clk (in)
                                                         clk (net)
                      0.097648    0.000000    0.068012 ^ clkbuf_0_clk/A (sky130_fd_sc_hd__clkbuf_16)
    16    0.123440    0.106891    0.156506    0.224518 ^ clkbuf_0_clk/X (sky130_fd_sc_hd__clkbuf_16)
                                                         clknet_0_clk (net)
                      0.108049    0.008885    0.233404 ^ clkbuf_4_13_0_clk/A (sky130_fd_sc_hd__clkbuf_8)
    10    0.066136    0.093930    0.148856    0.382260 ^ clkbuf_4_13_0_clk/X (sky130_fd_sc_hd__clkbuf_8)
                                                         clknet_4_13_0_clk (net)
                      0.094122    0.003468    0.385728 ^ _3051_/CLK (sky130_fd_sc_hd__dfrtp_1)
     4    0.009302    0.049399    0.262233    0.647961 v _3051_/Q (sky130_fd_sc_hd__dfrtp_1)
                                                         my_sum_sub.al_mb[2] (net)
                      0.049404    0.000515    0.648475 v _2217_/A (sky130_fd_sc_hd__nand2_1)
     1    0.004069    0.036851    0.050660    0.699135 ^ _2217_/Y (sky130_fd_sc_hd__nand2_1)
                                                         _0552_ (net)
                      0.036852    0.000263    0.699398 ^ _2221_/B1 (sky130_fd_sc_hd__o21a_1)
     2    0.005632    0.046221    0.068778    0.768176 ^ _2221_/X (sky130_fd_sc_hd__o21a_1)
                                                         _0556_ (net)
                      0.046222    0.000305    0.768482 ^ _2257_/A0 (sky130_fd_sc_hd__mux2_1)
     1    0.005972    0.047687    0.090815    0.859297 ^ _2257_/X (sky130_fd_sc_hd__mux2_1)
                                                         _0587_ (net)
                      0.047690    0.000427    0.859723 ^ _2258_/B (sky130_fd_sc_hd__xnor2_1)
     1    0.003372    0.039960    0.072012    0.931736 ^ _2258_/Y (sky130_fd_sc_hd__xnor2_1)
                                                         _0588_ (net)
                      0.039961    0.000239    0.931974 ^ _2259_/A1 (sky130_fd_sc_hd__mux2_1)
     1    0.002469    0.026807    0.073512    1.005486 ^ _2259_/X (sky130_fd_sc_hd__mux2_1)
                                                         _0322_ (net)
                      0.026808    0.000179    1.005665 ^ _3063_/D (sky130_fd_sc_hd__dfrtp_1)
                                              1.005665   data arrival time

                                  0.000000    0.000000   clock clk (rise edge)
                                  0.000000    0.000000   clock source latency
     1    0.027726    0.097508    0.068012    0.068012 ^ clk (in)
                                                         clk (net)
                      0.097648    0.000000    0.068012 ^ clkbuf_0_clk/A (sky130_fd_sc_hd__clkbuf_16)
    16    0.123440    0.106891    0.156506    0.224518 ^ clkbuf_0_clk/X (sky130_fd_sc_hd__clkbuf_16)
                                                         clknet_0_clk (net)
                      0.108050    0.008889    0.233408 ^ clkbuf_4_15_0_clk/A (sky130_fd_sc_hd__clkbuf_8)
    13    0.066990    0.094978    0.149504    0.382912 ^ clkbuf_4_15_0_clk/X (sky130_fd_sc_hd__clkbuf_8)
                                                         clknet_4_15_0_clk (net)
                      0.095500    0.005667    0.388578 ^ _3063_/CLK (sky130_fd_sc_hd__dfrtp_1)
                                  0.500000    0.888578   clock uncertainty
                                  0.000000    0.888578   clock reconvergence pessimism
                                 -0.017772    0.870806   library hold time
                                              0.870806   data required time
---------------------------------------------------------------------------------------------
                                              0.870806   data required time
                                             -1.005665   data arrival time
---------------------------------------------------------------------------------------------
                                              0.134858   slack (MET)


Startpoint: _3165_ (rising edge-triggered flip-flop clocked by clk)
Endpoint: _3166_ (rising edge-triggered flip-flop clocked by clk)
Path Group: clk
Path Type: min

Fanout         Cap        Slew       Delay        Time   Description
---------------------------------------------------------------------------------------------
                                  0.000000    0.000000   clock clk (rise edge)
                                  0.000000    0.000000   clock source latency
     1    0.027726    0.097508    0.068012    0.068012 ^ clk (in)
                                                         clk (net)
                      0.097648    0.000000    0.068012 ^ clkbuf_0_clk/A (sky130_fd_sc_hd__clkbuf_16)
    16    0.123440    0.106891    0.156506    0.224518 ^ clkbuf_0_clk/X (sky130_fd_sc_hd__clkbuf_16)
                                                         clknet_0_clk (net)
                      0.108113    0.009124    0.233642 ^ clkbuf_4_0_0_clk/A (sky130_fd_sc_hd__clkbuf_8)
    24    0.079899    0.110840    0.159315    0.392957 ^ clkbuf_4_0_0_clk/X (sky130_fd_sc_hd__clkbuf_8)
                                                         clknet_4_0_0_clk (net)
                      0.112146    0.009638    0.402595 ^ _3165_/CLK (sky130_fd_sc_hd__dfrtp_1)
     2    0.004539    0.041522    0.228016    0.630611 ^ _3165_/Q (sky130_fd_sc_hd__dfrtp_1)
                                                         sclk_s0 (net)
                      0.041522    0.000281    0.630891 ^ hold25/A (sky130_fd_sc_hd__dlygate4sd3_1)
     2    0.005212    0.053554    0.386930    1.017821 ^ hold25/X (sky130_fd_sc_hd__dlygate4sd3_1)
                                                         net30 (net)
                      0.053554    0.000296    1.018117 ^ _3166_/D (sky130_fd_sc_hd__dfrtp_1)
                                              1.018117   data arrival time

                                  0.000000    0.000000   clock clk (rise edge)
                                  0.000000    0.000000   clock source latency
     1    0.027726    0.097508    0.068012    0.068012 ^ clk (in)
                                                         clk (net)
                      0.097648    0.000000    0.068012 ^ clkbuf_0_clk/A (sky130_fd_sc_hd__clkbuf_16)
    16    0.123440    0.106891    0.156506    0.224518 ^ clkbuf_0_clk/X (sky130_fd_sc_hd__clkbuf_16)
                                                         clknet_0_clk (net)
                      0.108113    0.009124    0.233642 ^ clkbuf_4_0_0_clk/A (sky130_fd_sc_hd__clkbuf_8)
    24    0.079899    0.110840    0.159315    0.392957 ^ clkbuf_4_0_0_clk/X (sky130_fd_sc_hd__clkbuf_8)
                                                         clknet_4_0_0_clk (net)
                      0.111232    0.005413    0.398369 ^ _3166_/CLK (sky130_fd_sc_hd__dfrtp_1)
                                  0.500000    0.898369   clock uncertainty
                                  0.000000    0.898369   clock reconvergence pessimism
                                 -0.019347    0.879022   library hold time
                                              0.879022   data required time
---------------------------------------------------------------------------------------------
                                              0.879022   data required time
                                             -1.018117   data arrival time
---------------------------------------------------------------------------------------------
                                              0.139095   slack (MET)


Startpoint: _3047_ (rising edge-triggered flip-flop clocked by clk)
Endpoint: _3067_ (rising edge-triggered flip-flop clocked by clk)
Path Group: clk
Path Type: min

Fanout         Cap        Slew       Delay        Time   Description
---------------------------------------------------------------------------------------------
                                  0.000000    0.000000   clock clk (rise edge)
                                  0.000000    0.000000   clock source latency
     1    0.027726    0.097508    0.068012    0.068012 ^ clk (in)
                                                         clk (net)
                      0.097648    0.000000    0.068012 ^ clkbuf_0_clk/A (sky130_fd_sc_hd__clkbuf_16)
    16    0.123440    0.106891    0.156506    0.224518 ^ clkbuf_0_clk/X (sky130_fd_sc_hd__clkbuf_16)
                                                         clknet_0_clk (net)
                      0.108050    0.008889    0.233408 ^ clkbuf_4_15_0_clk/A (sky130_fd_sc_hd__clkbuf_8)
    13    0.066990    0.094978    0.149504    0.382912 ^ clkbuf_4_15_0_clk/X (sky130_fd_sc_hd__clkbuf_8)
                                                         clknet_4_15_0_clk (net)
                      0.095226    0.003952    0.386864 ^ _3047_/CLK (sky130_fd_sc_hd__dfrtp_1)
     4    0.010990    0.052849    0.268331    0.655195 v _3047_/Q (sky130_fd_sc_hd__dfrtp_1)
                                                         my_sum_sub.al_ma[6] (net)
                      0.052913    0.001065    0.656260 v _2232_/C_N (sky130_fd_sc_hd__or3b_1)
     1    0.002863    0.028198    0.110879    0.767139 ^ _2232_/X (sky130_fd_sc_hd__or3b_1)
                                                         _0566_ (net)
                      0.028199    0.000206    0.767345 ^ _2237_/A2 (sky130_fd_sc_hd__a31o_1)
     1    0.007108    0.056535    0.097002    0.864346 ^ _2237_/X (sky130_fd_sc_hd__a31o_1)
                                                         _0571_ (net)
                      0.056565    0.000575    0.864921 ^ _2238_/B (sky130_fd_sc_hd__xnor2_1)
     1    0.003605    0.041745    0.074916    0.939838 ^ _2238_/Y (sky130_fd_sc_hd__xnor2_1)
                                                         _0572_ (net)
                      0.041745    0.000224    0.940062 ^ _2239_/A1 (sky130_fd_sc_hd__mux2_1)
     1    0.002632    0.027726    0.074842    1.014904 ^ _2239_/X (sky130_fd_sc_hd__mux2_1)
                                                         _0326_ (net)
                      0.027727    0.000191    1.015095 ^ _3067_/D (sky130_fd_sc_hd__dfrtp_4)
                                              1.015095   data arrival time

                                  0.000000    0.000000   clock clk (rise edge)
                                  0.000000    0.000000   clock source latency
     1    0.027726    0.097508    0.068012    0.068012 ^ clk (in)
                                                         clk (net)
                      0.097648    0.000000    0.068012 ^ clkbuf_0_clk/A (sky130_fd_sc_hd__clkbuf_16)
    16    0.123440    0.106891    0.156506    0.224518 ^ clkbuf_0_clk/X (sky130_fd_sc_hd__clkbuf_16)
                                                         clknet_0_clk (net)
                      0.108050    0.008889    0.233408 ^ clkbuf_4_15_0_clk/A (sky130_fd_sc_hd__clkbuf_8)
    13    0.066990    0.094978    0.149504    0.382912 ^ clkbuf_4_15_0_clk/X (sky130_fd_sc_hd__clkbuf_8)
                                                         clknet_4_15_0_clk (net)
                      0.095479    0.005552    0.388464 ^ _3067_/CLK (sky130_fd_sc_hd__dfrtp_4)
                                  0.500000    0.888464   clock uncertainty
                                  0.000000    0.888464   clock reconvergence pessimism
                                 -0.017841    0.870623   library hold time
                                              0.870623   data required time
---------------------------------------------------------------------------------------------
                                              0.870623   data required time
                                             -1.015095   data arrival time
---------------------------------------------------------------------------------------------
                                              0.144472   slack (MET)


Startpoint: _3002_ (rising edge-triggered flip-flop clocked by clk)
Endpoint: _3003_ (rising edge-triggered flip-flop clocked by clk)
Path Group: clk
Path Type: min

Fanout         Cap        Slew       Delay        Time   Description
---------------------------------------------------------------------------------------------
                                  0.000000    0.000000   clock clk (rise edge)
                                  0.000000    0.000000   clock source latency
     1    0.027726    0.097508    0.068012    0.068012 ^ clk (in)
                                                         clk (net)
                      0.097648    0.000000    0.068012 ^ clkbuf_0_clk/A (sky130_fd_sc_hd__clkbuf_16)
    16    0.123440    0.106891    0.156506    0.224518 ^ clkbuf_0_clk/X (sky130_fd_sc_hd__clkbuf_16)
                                                         clknet_0_clk (net)
                      0.107739    0.007645    0.232164 ^ clkbuf_4_8_0_clk/A (sky130_fd_sc_hd__clkbuf_8)
     9    0.054386    0.079495    0.138868    0.371032 ^ clkbuf_4_8_0_clk/X (sky130_fd_sc_hd__clkbuf_8)
                                                         clknet_4_8_0_clk (net)
                      0.079726    0.003448    0.374480 ^ _3002_/CLK (sky130_fd_sc_hd__dfrtp_1)
     2    0.003939    0.031934    0.239249    0.613729 v _3002_/Q (sky130_fd_sc_hd__dfrtp_1)
                                                         my_divider.remainder_reg[1] (net)
                      0.031934    0.000141    0.613870 v _2714_/A_N (sky130_fd_sc_hd__and2b_1)
     1    0.002518    0.027637    0.114216    0.728086 ^ _2714_/X (sky130_fd_sc_hd__and2b_1)
                                                         _0990_ (net)
                      0.027638    0.000167    0.728253 ^ _2715_/B (sky130_fd_sc_hd__or2_1)
     2    0.006321    0.051897    0.074015    0.802267 ^ _2715_/X (sky130_fd_sc_hd__or2_1)
                                                         _0991_ (net)
                      0.051900    0.000438    0.802705 ^ _2716_/B1 (sky130_fd_sc_hd__a21oi_1)
     3    0.010108    0.038728    0.044642    0.847348 v _2716_/Y (sky130_fd_sc_hd__a21oi_1)
                                                         _0992_ (net)
                      0.038745    0.000658    0.848006 v _2759_/A1 (sky130_fd_sc_hd__o21ai_1)
     1    0.003148    0.045040    0.089753    0.937759 ^ _2759_/Y (sky130_fd_sc_hd__o21ai_1)
                                                         _1028_ (net)
                      0.045040    0.000218    0.937976 ^ _2761_/A3 (sky130_fd_sc_hd__a31o_1)
     1    0.003433    0.031389    0.084858    1.022834 ^ _2761_/X (sky130_fd_sc_hd__a31o_1)
                                                         _0262_ (net)
                      0.031390    0.000219    1.023053 ^ _3003_/D (sky130_fd_sc_hd__dfrtp_1)
                                              1.023053   data arrival time

                                  0.000000    0.000000   clock clk (rise edge)
                                  0.000000    0.000000   clock source latency
     1    0.027726    0.097508    0.068012    0.068012 ^ clk (in)
                                                         clk (net)
                      0.097648    0.000000    0.068012 ^ clkbuf_0_clk/A (sky130_fd_sc_hd__clkbuf_16)
    16    0.123440    0.106891    0.156506    0.224518 ^ clkbuf_0_clk/X (sky130_fd_sc_hd__clkbuf_16)
                                                         clknet_0_clk (net)
                      0.107865    0.008170    0.232689 ^ clkbuf_4_10_0_clk/A (sky130_fd_sc_hd__clkbuf_8)
    10    0.054933    0.080107    0.139852    0.372541 ^ clkbuf_4_10_0_clk/X (sky130_fd_sc_hd__clkbuf_8)
                                                         clknet_4_10_0_clk (net)
                      0.080246    0.002274    0.374815 ^ _3003_/CLK (sky130_fd_sc_hd__dfrtp_1)
                                  0.500000    0.874815   clock uncertainty
                                  0.000000    0.874815   clock reconvergence pessimism
                                 -0.018518    0.856297   library hold time
                                              0.856297   data required time
---------------------------------------------------------------------------------------------
                                              0.856297   data required time
                                             -1.023053   data arrival time
---------------------------------------------------------------------------------------------
                                              0.166756   slack (MET)


Startpoint: _3058_ (rising edge-triggered flip-flop clocked by clk)
Endpoint: _3068_ (rising edge-triggered flip-flop clocked by clk)
Path Group: clk
Path Type: min

Fanout         Cap        Slew       Delay        Time   Description
---------------------------------------------------------------------------------------------
                                  0.000000    0.000000   clock clk (rise edge)
                                  0.000000    0.000000   clock source latency
     1    0.027726    0.097508    0.068012    0.068012 ^ clk (in)
                                                         clk (net)
                      0.097648    0.000000    0.068012 ^ clkbuf_0_clk/A (sky130_fd_sc_hd__clkbuf_16)
    16    0.123440    0.106891    0.156506    0.224518 ^ clkbuf_0_clk/X (sky130_fd_sc_hd__clkbuf_16)
                                                         clknet_0_clk (net)
                      0.107846    0.008094    0.232613 ^ clkbuf_4_12_0_clk/A (sky130_fd_sc_hd__clkbuf_8)
     8    0.059947    0.086319    0.143633    0.376245 ^ clkbuf_4_12_0_clk/X (sky130_fd_sc_hd__clkbuf_8)
                                                         clknet_4_12_0_clk (net)
                      0.086558    0.003674    0.379919 ^ _3058_/CLK (sky130_fd_sc_hd__dfrtp_4)
     2    0.021398    0.064577    0.290472    0.670391 ^ _3058_/Q (sky130_fd_sc_hd__dfrtp_4)
                                                         my_sum_sub.al_sb_eff (net)
                      0.064665    0.001707    0.672098 ^ _2211_/A (sky130_fd_sc_hd__xor2_4)
    14    0.056238    0.069540    0.099947    0.772045 v _2211_/X (sky130_fd_sc_hd__xor2_4)
                                                         _0546_ (net)
                      0.071900    0.010042    0.782087 v _2229_/A1 (sky130_fd_sc_hd__a21oi_1)
     1    0.010225    0.124509    0.168578    0.950664 ^ _2229_/Y (sky130_fd_sc_hd__a21oi_1)
                                                         _0564_ (net)
                      0.124518    0.000898    0.951562 ^ _2230_/A1 (sky130_fd_sc_hd__mux2_1)
     1    0.002609    0.027917    0.092943    1.044505 ^ _2230_/X (sky130_fd_sc_hd__mux2_1)
                                                         _0327_ (net)
                      0.027917    0.000182    1.044687 ^ _3068_/D (sky130_fd_sc_hd__dfrtp_4)
                                              1.044687   data arrival time

                                  0.000000    0.000000   clock clk (rise edge)
                                  0.000000    0.000000   clock source latency
     1    0.027726    0.097508    0.068012    0.068012 ^ clk (in)
                                                         clk (net)
                      0.097648    0.000000    0.068012 ^ clkbuf_0_clk/A (sky130_fd_sc_hd__clkbuf_16)
    16    0.123440    0.106891    0.156506    0.224518 ^ clkbuf_0_clk/X (sky130_fd_sc_hd__clkbuf_16)
                                                         clknet_0_clk (net)
                      0.108029    0.008811    0.233329 ^ clkbuf_4_14_0_clk/A (sky130_fd_sc_hd__clkbuf_8)
    11    0.072025    0.101070    0.155032    0.388361 ^ clkbuf_4_14_0_clk/X (sky130_fd_sc_hd__clkbuf_8)
                                                         clknet_4_14_0_clk (net)
                      0.101168    0.001904    0.390265 ^ _3068_/CLK (sky130_fd_sc_hd__dfrtp_4)
                                  0.500000    0.890266   clock uncertainty
                                  0.000000    0.890266   clock reconvergence pessimism
                                 -0.017705    0.872561   library hold time
                                              0.872561   data required time
---------------------------------------------------------------------------------------------
                                              0.872561   data required time
                                             -1.044687   data arrival time
---------------------------------------------------------------------------------------------
                                              0.172126   slack (MET)


Startpoint: _3154_ (rising edge-triggered flip-flop clocked by clk)
Endpoint: _3087_ (rising edge-triggered flip-flop clocked by clk)
Path Group: clk
Path Type: min

Fanout         Cap        Slew       Delay        Time   Description
---------------------------------------------------------------------------------------------
                                  0.000000    0.000000   clock clk (rise edge)
                                  0.000000    0.000000   clock source latency
     1    0.027726    0.097508    0.068012    0.068012 ^ clk (in)
                                                         clk (net)
                      0.097648    0.000000    0.068012 ^ clkbuf_0_clk/A (sky130_fd_sc_hd__clkbuf_16)
    16    0.123440    0.106891    0.156506    0.224518 ^ clkbuf_0_clk/X (sky130_fd_sc_hd__clkbuf_16)
                                                         clknet_0_clk (net)
                      0.108113    0.009124    0.233642 ^ clkbuf_4_0_0_clk/A (sky130_fd_sc_hd__clkbuf_8)
    24    0.079899    0.110840    0.159315    0.392957 ^ clkbuf_4_0_0_clk/X (sky130_fd_sc_hd__clkbuf_8)
                                                         clknet_4_0_0_clk (net)
                      0.111376    0.006283    0.399240 ^ _3154_/CLK (sky130_fd_sc_hd__dfrtp_1)
     4    0.016199    0.068370    0.286560    0.685800 v _3154_/Q (sky130_fd_sc_hd__dfrtp_1)
                                                         state[2] (net)
                      0.068397    0.001276    0.687076 v _2141_/A (sky130_fd_sc_hd__nor2_1)
     1    0.003671    0.064127    0.085129    0.772205 ^ _2141_/Y (sky130_fd_sc_hd__nor2_1)
                                                         _0502_ (net)
                      0.064127    0.000247    0.772452 ^ _2142_/B1 (sky130_fd_sc_hd__a2111o_2)
     1    0.018367    0.069704    0.105104    0.877557 ^ _2142_/X (sky130_fd_sc_hd__a2111o_2)
                                                         _0503_ (net)
                      0.069775    0.001417    0.878973 ^ _2143_/B (sky130_fd_sc_hd__nor2_8)
    17    0.092322    0.055070    0.052488    0.931462 v _2143_/Y (sky130_fd_sc_hd__nor2_8)
                                                         _0504_ (net)
                      0.056306    0.006387    0.937848 v _2153_/A2 (sky130_fd_sc_hd__o22a_1)
     1    0.002429    0.022904    0.118238    1.056086 v _2153_/X (sky130_fd_sc_hd__o22a_1)
                                                         _0346_ (net)
                      0.022906    0.000175    1.056261 v _3087_/D (sky130_fd_sc_hd__dfrtp_4)
                                              1.056261   data arrival time

                                  0.000000    0.000000   clock clk (rise edge)
                                  0.000000    0.000000   clock source latency
     1    0.027726    0.097508    0.068012    0.068012 ^ clk (in)
                                                         clk (net)
                      0.097648    0.000000    0.068012 ^ clkbuf_0_clk/A (sky130_fd_sc_hd__clkbuf_16)
    16    0.123440    0.106891    0.156506    0.224518 ^ clkbuf_0_clk/X (sky130_fd_sc_hd__clkbuf_16)
                                                         clknet_0_clk (net)
                      0.108029    0.008811    0.233329 ^ clkbuf_4_14_0_clk/A (sky130_fd_sc_hd__clkbuf_8)
    11    0.072025    0.101070    0.155032    0.388361 ^ clkbuf_4_14_0_clk/X (sky130_fd_sc_hd__clkbuf_8)
                                                         clknet_4_14_0_clk (net)
                      0.101342    0.003879    0.392240 ^ _3087_/CLK (sky130_fd_sc_hd__dfrtp_4)
                                  0.500000    0.892240   clock uncertainty
                                  0.000000    0.892240   clock reconvergence pessimism
                                 -0.018811    0.873429   library hold time
                                              0.873429   data required time
---------------------------------------------------------------------------------------------
                                              0.873429   data required time
                                             -1.056261   data arrival time
---------------------------------------------------------------------------------------------
                                              0.182832   slack (MET)


Startpoint: _3073_ (rising edge-triggered flip-flop clocked by clk)
Endpoint: _3027_ (rising edge-triggered flip-flop clocked by clk)
Path Group: clk
Path Type: min

Fanout         Cap        Slew       Delay        Time   Description
---------------------------------------------------------------------------------------------
                                  0.000000    0.000000   clock clk (rise edge)
                                  0.000000    0.000000   clock source latency
     1    0.027726    0.097508    0.068012    0.068012 ^ clk (in)
                                                         clk (net)
                      0.097648    0.000000    0.068012 ^ clkbuf_0_clk/A (sky130_fd_sc_hd__clkbuf_16)
    16    0.123440    0.106891    0.156506    0.224518 ^ clkbuf_0_clk/X (sky130_fd_sc_hd__clkbuf_16)
                                                         clknet_0_clk (net)
                      0.107846    0.008092    0.232611 ^ clkbuf_4_11_0_clk/A (sky130_fd_sc_hd__clkbuf_8)
    13    0.060092    0.086421    0.144482    0.377093 ^ clkbuf_4_11_0_clk/X (sky130_fd_sc_hd__clkbuf_8)
                                                         clknet_4_11_0_clk (net)
                      0.086584    0.002632    0.379725 ^ _3073_/CLK (sky130_fd_sc_hd__dfrtp_2)
     3    0.009340    0.046467    0.241991    0.621716 ^ _3073_/Q (sky130_fd_sc_hd__dfrtp_2)
                                                         my_sum_sub.cm_exp[3] (net)
                      0.046474    0.000570    0.622286 ^ rebuffer5/A (sky130_fd_sc_hd__dlygate4sd1_1)
     2    0.009812    0.078104    0.160967    0.783253 ^ rebuffer5/X (sky130_fd_sc_hd__dlygate4sd1_1)
                                                         net10 (net)
                      0.078115    0.000948    0.784202 ^ _2634_/A1_N (sky130_fd_sc_hd__a2bb2o_1)
     3    0.010181    0.049866    0.155436    0.939637 v _2634_/X (sky130_fd_sc_hd__a2bb2o_1)
                                                         _0933_ (net)
                      0.049869    0.000404    0.940041 v _2635_/A (sky130_fd_sc_hd__inv_2)
     1    0.004059    0.023637    0.037888    0.977929 ^ _2635_/Y (sky130_fd_sc_hd__inv_2)
                                                         _0934_ (net)
                      0.023640    0.000264    0.978193 ^ _2665_/B1 (sky130_fd_sc_hd__a22o_1)
     1    0.002860    0.029708    0.061643    1.039836 ^ _2665_/X (sky130_fd_sc_hd__a22o_1)
                                                         _0286_ (net)
                      0.029709    0.000203    1.040039 ^ _3027_/D (sky130_fd_sc_hd__dfrtp_1)
                                              1.040039   data arrival time

                                  0.000000    0.000000   clock clk (rise edge)
                                  0.000000    0.000000   clock source latency
     1    0.027726    0.097508    0.068012    0.068012 ^ clk (in)
                                                         clk (net)
                      0.097648    0.000000    0.068012 ^ clkbuf_0_clk/A (sky130_fd_sc_hd__clkbuf_16)
    16    0.123440    0.106891    0.156506    0.224518 ^ clkbuf_0_clk/X (sky130_fd_sc_hd__clkbuf_16)
                                                         clknet_0_clk (net)
                      0.107865    0.008170    0.232689 ^ clkbuf_4_10_0_clk/A (sky130_fd_sc_hd__clkbuf_8)
    10    0.054933    0.080107    0.139852    0.372541 ^ clkbuf_4_10_0_clk/X (sky130_fd_sc_hd__clkbuf_8)
                                                         clknet_4_10_0_clk (net)
                      0.080222    0.001979    0.374520 ^ _3027_/CLK (sky130_fd_sc_hd__dfrtp_1)
                                  0.500000    0.874520   clock uncertainty
                                  0.000000    0.874520   clock reconvergence pessimism
                                 -0.018392    0.856128   library hold time
                                              0.856128   data required time
---------------------------------------------------------------------------------------------
                                              0.856128   data required time
                                             -1.040039   data arrival time
---------------------------------------------------------------------------------------------
                                              0.183911   slack (MET)


Startpoint: _3126_ (rising edge-triggered flip-flop clocked by clk)
Endpoint: _3126_ (rising edge-triggered flip-flop clocked by clk)
Path Group: clk
Path Type: min

Fanout         Cap        Slew       Delay        Time   Description
---------------------------------------------------------------------------------------------
                                  0.000000    0.000000   clock clk (rise edge)
                                  0.000000    0.000000   clock source latency
     1    0.027726    0.097508    0.068012    0.068012 ^ clk (in)
                                                         clk (net)
                      0.097648    0.000000    0.068012 ^ clkbuf_0_clk/A (sky130_fd_sc_hd__clkbuf_16)
    16    0.123440    0.106891    0.156506    0.224518 ^ clkbuf_0_clk/X (sky130_fd_sc_hd__clkbuf_16)
                                                         clknet_0_clk (net)
                      0.108138    0.009211    0.233730 ^ clkbuf_4_1_0_clk/A (sky130_fd_sc_hd__clkbuf_8)
    16    0.072521    0.101778    0.154075    0.387805 ^ clkbuf_4_1_0_clk/X (sky130_fd_sc_hd__clkbuf_8)
                                                         clknet_4_1_0_clk (net)
                      0.102298    0.005876    0.393681 ^ _3126_/CLK (sky130_fd_sc_hd__dfrtp_1)
     2    0.004840    0.043287    0.226850    0.620531 ^ _3126_/Q (sky130_fd_sc_hd__dfrtp_1)
                                                         shift_in[15] (net)
                      0.043319    0.000325    0.620856 ^ _2105_/A1 (sky130_fd_sc_hd__mux2_1)
     1    0.002005    0.024263    0.072098    0.692955 ^ _2105_/X (sky130_fd_sc_hd__mux2_1)
                                                         _0222_ (net)
                      0.024263    0.000091    0.693046 ^ hold27/A (sky130_fd_sc_hd__dlygate4sd3_1)
     1    0.002510    0.035533    0.367423    1.060469 ^ hold27/X (sky130_fd_sc_hd__dlygate4sd3_1)
                                                         net32 (net)
                      0.035533    0.000185    1.060654 ^ _3126_/D (sky130_fd_sc_hd__dfrtp_1)
                                              1.060654   data arrival time

                                  0.000000    0.000000   clock clk (rise edge)
                                  0.000000    0.000000   clock source latency
     1    0.027726    0.097508    0.068012    0.068012 ^ clk (in)
                                                         clk (net)
                      0.097648    0.000000    0.068012 ^ clkbuf_0_clk/A (sky130_fd_sc_hd__clkbuf_16)
    16    0.123440    0.106891    0.156506    0.224518 ^ clkbuf_0_clk/X (sky130_fd_sc_hd__clkbuf_16)
                                                         clknet_0_clk (net)
                      0.108138    0.009211    0.233730 ^ clkbuf_4_1_0_clk/A (sky130_fd_sc_hd__clkbuf_8)
    16    0.072521    0.101778    0.154075    0.387805 ^ clkbuf_4_1_0_clk/X (sky130_fd_sc_hd__clkbuf_8)
                                                         clknet_4_1_0_clk (net)
                      0.102298    0.005876    0.393681 ^ _3126_/CLK (sky130_fd_sc_hd__dfrtp_1)
                                  0.500000    0.893681   clock uncertainty
                                  0.000000    0.893681   clock reconvergence pessimism
                                 -0.018243    0.875438   library hold time
                                              0.875438   data required time
---------------------------------------------------------------------------------------------
                                              0.875438   data required time
                                             -1.060654   data arrival time
---------------------------------------------------------------------------------------------
                                              0.185216   slack (MET)


Startpoint: _3072_ (rising edge-triggered flip-flop clocked by clk)
Endpoint: _3026_ (rising edge-triggered flip-flop clocked by clk)
Path Group: clk
Path Type: min

Fanout         Cap        Slew       Delay        Time   Description
---------------------------------------------------------------------------------------------
                                  0.000000    0.000000   clock clk (rise edge)
                                  0.000000    0.000000   clock source latency
     1    0.027726    0.097508    0.068012    0.068012 ^ clk (in)
                                                         clk (net)
                      0.097648    0.000000    0.068012 ^ clkbuf_0_clk/A (sky130_fd_sc_hd__clkbuf_16)
    16    0.123440    0.106891    0.156506    0.224518 ^ clkbuf_0_clk/X (sky130_fd_sc_hd__clkbuf_16)
                                                         clknet_0_clk (net)
                      0.107846    0.008092    0.232611 ^ clkbuf_4_11_0_clk/A (sky130_fd_sc_hd__clkbuf_8)
    13    0.060092    0.086421    0.144482    0.377093 ^ clkbuf_4_11_0_clk/X (sky130_fd_sc_hd__clkbuf_8)
                                                         clknet_4_11_0_clk (net)
                      0.086603    0.002820    0.379913 ^ _3072_/CLK (sky130_fd_sc_hd__dfrtp_1)
     4    0.011866    0.085561    0.256068    0.635981 ^ _3072_/Q (sky130_fd_sc_hd__dfrtp_1)
                                                         my_sum_sub.cm_exp[2] (net)
                      0.085563    0.000563    0.636544 ^ rebuffer9/A (sky130_fd_sc_hd__dlygate4sd1_1)
     2    0.007206    0.059831    0.153286    0.789830 ^ rebuffer9/X (sky130_fd_sc_hd__dlygate4sd1_1)
                                                         net14 (net)
                      0.059833    0.000447    0.790277 ^ _2618_/A1_N (sky130_fd_sc_hd__a2bb2o_1)
     3    0.010202    0.049931    0.153600    0.943878 v _2618_/X (sky130_fd_sc_hd__a2bb2o_1)
                                                         _0917_ (net)
                      0.049938    0.000593    0.944470 v _2619_/A (sky130_fd_sc_hd__inv_2)
     1    0.005582    0.027639    0.042063    0.986533 ^ _2619_/Y (sky130_fd_sc_hd__inv_2)
                                                         _0918_ (net)
                      0.027659    0.000409    0.986941 ^ _2666_/B1 (sky130_fd_sc_hd__a22o_1)
     1    0.002410    0.026919    0.060226    1.047168 ^ _2666_/X (sky130_fd_sc_hd__a22o_1)
                                                         _0285_ (net)
                      0.026919    0.000112    1.047279 ^ _3026_/D (sky130_fd_sc_hd__dfrtp_1)
                                              1.047279   data arrival time

                                  0.000000    0.000000   clock clk (rise edge)
                                  0.000000    0.000000   clock source latency
     1    0.027726    0.097508    0.068012    0.068012 ^ clk (in)
                                                         clk (net)
                      0.097648    0.000000    0.068012 ^ clkbuf_0_clk/A (sky130_fd_sc_hd__clkbuf_16)
    16    0.123440    0.106891    0.156506    0.224518 ^ clkbuf_0_clk/X (sky130_fd_sc_hd__clkbuf_16)
                                                         clknet_0_clk (net)
                      0.107846    0.008092    0.232611 ^ clkbuf_4_11_0_clk/A (sky130_fd_sc_hd__clkbuf_8)
    13    0.060092    0.086421    0.144482    0.377093 ^ clkbuf_4_11_0_clk/X (sky130_fd_sc_hd__clkbuf_8)
                                                         clknet_4_11_0_clk (net)
                      0.086618    0.002968    0.380061 ^ _3026_/CLK (sky130_fd_sc_hd__dfrtp_1)
                                  0.500000    0.880061   clock uncertainty
                                  0.000000    0.880061   clock reconvergence pessimism
                                 -0.018015    0.862046   library hold time
                                              0.862046   data required time
---------------------------------------------------------------------------------------------
                                              0.862046   data required time
                                             -1.047279   data arrival time
---------------------------------------------------------------------------------------------
                                              0.185233   slack (MET)


Startpoint: _3076_ (rising edge-triggered flip-flop clocked by clk)
Endpoint: _3020_ (rising edge-triggered flip-flop clocked by clk)
Path Group: clk
Path Type: min

Fanout         Cap        Slew       Delay        Time   Description
---------------------------------------------------------------------------------------------
                                  0.000000    0.000000   clock clk (rise edge)
                                  0.000000    0.000000   clock source latency
     1    0.027726    0.097508    0.068012    0.068012 ^ clk (in)
                                                         clk (net)
                      0.097648    0.000000    0.068012 ^ clkbuf_0_clk/A (sky130_fd_sc_hd__clkbuf_16)
    16    0.123440    0.106891    0.156506    0.224518 ^ clkbuf_0_clk/X (sky130_fd_sc_hd__clkbuf_16)
                                                         clknet_0_clk (net)
                      0.107846    0.008092    0.232611 ^ clkbuf_4_11_0_clk/A (sky130_fd_sc_hd__clkbuf_8)
    13    0.060092    0.086421    0.144482    0.377093 ^ clkbuf_4_11_0_clk/X (sky130_fd_sc_hd__clkbuf_8)
                                                         clknet_4_11_0_clk (net)
                      0.086576    0.002543    0.379636 ^ _3076_/CLK (sky130_fd_sc_hd__dfrtp_2)
     6    0.024227    0.063540    0.296206    0.675842 v _3076_/Q (sky130_fd_sc_hd__dfrtp_2)
                                                         my_sum_sub.cm_exp[6] (net)
                      0.063583    0.001555    0.677397 v _2637_/B2 (sky130_fd_sc_hd__o32a_1)
     2    0.006317    0.034406    0.112742    0.790139 v _2637_/X (sky130_fd_sc_hd__o32a_1)
                                                         _0936_ (net)
                      0.034407    0.000233    0.790373 v _2670_/B (sky130_fd_sc_hd__nand2_1)
     1    0.004794    0.041454    0.053358    0.843731 ^ _2670_/Y (sky130_fd_sc_hd__nand2_1)
                                                         _0960_ (net)
                      0.041455    0.000317    0.844047 ^ _2671_/C (sky130_fd_sc_hd__or4_4)
     7    0.025783    0.063126    0.108119    0.952166 ^ _2671_/X (sky130_fd_sc_hd__or4_4)
                                                         _0961_ (net)
                      0.063232    0.001754    0.953920 ^ _2681_/A2 (sky130_fd_sc_hd__a32o_1)
     1    0.002526    0.029603    0.088213    1.042133 ^ _2681_/X (sky130_fd_sc_hd__a32o_1)
                                                         _0279_ (net)
                      0.029605    0.000176    1.042309 ^ _3020_/D (sky130_fd_sc_hd__dfrtp_1)
                                              1.042309   data arrival time

                                  0.000000    0.000000   clock clk (rise edge)
                                  0.000000    0.000000   clock source latency
     1    0.027726    0.097508    0.068012    0.068012 ^ clk (in)
                                                         clk (net)
                      0.097648    0.000000    0.068012 ^ clkbuf_0_clk/A (sky130_fd_sc_hd__clkbuf_16)
    16    0.123440    0.106891    0.156506    0.224518 ^ clkbuf_0_clk/X (sky130_fd_sc_hd__clkbuf_16)
                                                         clknet_0_clk (net)
                      0.107739    0.007645    0.232164 ^ clkbuf_4_8_0_clk/A (sky130_fd_sc_hd__clkbuf_8)
     9    0.054386    0.079495    0.138868    0.371032 ^ clkbuf_4_8_0_clk/X (sky130_fd_sc_hd__clkbuf_8)
                                                         clknet_4_8_0_clk (net)
                      0.079631    0.002669    0.373700 ^ _3020_/CLK (sky130_fd_sc_hd__dfrtp_1)
                                  0.500000    0.873700   clock uncertainty
                                  0.000000    0.873700   clock reconvergence pessimism
                                 -0.018400    0.855300   library hold time
                                              0.855300   data required time
---------------------------------------------------------------------------------------------
                                              0.855300   data required time
                                             -1.042309   data arrival time
---------------------------------------------------------------------------------------------
                                              0.187009   slack (MET)


Startpoint: _3076_ (rising edge-triggered flip-flop clocked by clk)
Endpoint: _3018_ (rising edge-triggered flip-flop clocked by clk)
Path Group: clk
Path Type: min

Fanout         Cap        Slew       Delay        Time   Description
---------------------------------------------------------------------------------------------
                                  0.000000    0.000000   clock clk (rise edge)
                                  0.000000    0.000000   clock source latency
     1    0.027726    0.097508    0.068012    0.068012 ^ clk (in)
                                                         clk (net)
                      0.097648    0.000000    0.068012 ^ clkbuf_0_clk/A (sky130_fd_sc_hd__clkbuf_16)
    16    0.123440    0.106891    0.156506    0.224518 ^ clkbuf_0_clk/X (sky130_fd_sc_hd__clkbuf_16)
                                                         clknet_0_clk (net)
                      0.107846    0.008092    0.232611 ^ clkbuf_4_11_0_clk/A (sky130_fd_sc_hd__clkbuf_8)
    13    0.060092    0.086421    0.144482    0.377093 ^ clkbuf_4_11_0_clk/X (sky130_fd_sc_hd__clkbuf_8)
                                                         clknet_4_11_0_clk (net)
                      0.086576    0.002543    0.379636 ^ _3076_/CLK (sky130_fd_sc_hd__dfrtp_2)
     6    0.024227    0.063540    0.296206    0.675842 v _3076_/Q (sky130_fd_sc_hd__dfrtp_2)
                                                         my_sum_sub.cm_exp[6] (net)
                      0.063583    0.001555    0.677397 v _2637_/B2 (sky130_fd_sc_hd__o32a_1)
     2    0.006317    0.034406    0.112742    0.790139 v _2637_/X (sky130_fd_sc_hd__o32a_1)
                                                         _0936_ (net)
                      0.034407    0.000233    0.790373 v _2670_/B (sky130_fd_sc_hd__nand2_1)
     1    0.004794    0.041454    0.053358    0.843731 ^ _2670_/Y (sky130_fd_sc_hd__nand2_1)
                                                         _0960_ (net)
                      0.041455    0.000317    0.844047 ^ _2671_/C (sky130_fd_sc_hd__or4_4)
     7    0.025783    0.063126    0.108119    0.952166 ^ _2671_/X (sky130_fd_sc_hd__or4_4)
                                                         _0961_ (net)
                      0.063209    0.001473    0.953640 ^ _2686_/A2 (sky130_fd_sc_hd__a32o_1)
     1    0.002759    0.031094    0.089576    1.043216 ^ _2686_/X (sky130_fd_sc_hd__a32o_1)
                                                         _0277_ (net)
                      0.031095    0.000199    1.043415 ^ _3018_/D (sky130_fd_sc_hd__dfrtp_1)
                                              1.043415   data arrival time

                                  0.000000    0.000000   clock clk (rise edge)
                                  0.000000    0.000000   clock source latency
     1    0.027726    0.097508    0.068012    0.068012 ^ clk (in)
                                                         clk (net)
                      0.097648    0.000000    0.068012 ^ clkbuf_0_clk/A (sky130_fd_sc_hd__clkbuf_16)
    16    0.123440    0.106891    0.156506    0.224518 ^ clkbuf_0_clk/X (sky130_fd_sc_hd__clkbuf_16)
                                                         clknet_0_clk (net)
                      0.107865    0.008170    0.232689 ^ clkbuf_4_10_0_clk/A (sky130_fd_sc_hd__clkbuf_8)
    10    0.054933    0.080107    0.139852    0.372541 ^ clkbuf_4_10_0_clk/X (sky130_fd_sc_hd__clkbuf_8)
                                                         clknet_4_10_0_clk (net)
                      0.080212    0.001844    0.374385 ^ _3018_/CLK (sky130_fd_sc_hd__dfrtp_1)
                                  0.500000    0.874385   clock uncertainty
                                  0.000000    0.874385   clock reconvergence pessimism
                                 -0.018496    0.855888   library hold time
                                              0.855888   data required time
---------------------------------------------------------------------------------------------
                                              0.855888   data required time
                                             -1.043415   data arrival time
---------------------------------------------------------------------------------------------
                                              0.187527   slack (MET)


Startpoint: _3076_ (rising edge-triggered flip-flop clocked by clk)
Endpoint: _3022_ (rising edge-triggered flip-flop clocked by clk)
Path Group: clk
Path Type: min

Fanout         Cap        Slew       Delay        Time   Description
---------------------------------------------------------------------------------------------
                                  0.000000    0.000000   clock clk (rise edge)
                                  0.000000    0.000000   clock source latency
     1    0.027726    0.097508    0.068012    0.068012 ^ clk (in)
                                                         clk (net)
                      0.097648    0.000000    0.068012 ^ clkbuf_0_clk/A (sky130_fd_sc_hd__clkbuf_16)
    16    0.123440    0.106891    0.156506    0.224518 ^ clkbuf_0_clk/X (sky130_fd_sc_hd__clkbuf_16)
                                                         clknet_0_clk (net)
                      0.107846    0.008092    0.232611 ^ clkbuf_4_11_0_clk/A (sky130_fd_sc_hd__clkbuf_8)
    13    0.060092    0.086421    0.144482    0.377093 ^ clkbuf_4_11_0_clk/X (sky130_fd_sc_hd__clkbuf_8)
                                                         clknet_4_11_0_clk (net)
                      0.086576    0.002543    0.379636 ^ _3076_/CLK (sky130_fd_sc_hd__dfrtp_2)
     6    0.024227    0.063540    0.296206    0.675842 v _3076_/Q (sky130_fd_sc_hd__dfrtp_2)
                                                         my_sum_sub.cm_exp[6] (net)
                      0.063583    0.001555    0.677397 v _2637_/B2 (sky130_fd_sc_hd__o32a_1)
     2    0.006317    0.034406    0.112742    0.790139 v _2637_/X (sky130_fd_sc_hd__o32a_1)
                                                         _0936_ (net)
                      0.034407    0.000233    0.790373 v _2670_/B (sky130_fd_sc_hd__nand2_1)
     1    0.004794    0.041454    0.053358    0.843731 ^ _2670_/Y (sky130_fd_sc_hd__nand2_1)
                                                         _0960_ (net)
                      0.041455    0.000317    0.844047 ^ _2671_/C (sky130_fd_sc_hd__or4_4)
     7    0.025783    0.063126    0.108119    0.952166 ^ _2671_/X (sky130_fd_sc_hd__or4_4)
                                                         _0961_ (net)
                      0.063257    0.002017    0.954183 ^ _2676_/A2 (sky130_fd_sc_hd__a32o_1)
     1    0.002722    0.030859    0.089377    1.043560 ^ _2676_/X (sky130_fd_sc_hd__a32o_1)
                                                         _0281_ (net)
                      0.030860    0.000184    1.043744 ^ _3022_/D (sky130_fd_sc_hd__dfrtp_1)
                                              1.043744   data arrival time

                                  0.000000    0.000000   clock clk (rise edge)
                                  0.000000    0.000000   clock source latency
     1    0.027726    0.097508    0.068012    0.068012 ^ clk (in)
                                                         clk (net)
                      0.097648    0.000000    0.068012 ^ clkbuf_0_clk/A (sky130_fd_sc_hd__clkbuf_16)
    16    0.123440    0.106891    0.156506    0.224518 ^ clkbuf_0_clk/X (sky130_fd_sc_hd__clkbuf_16)
                                                         clknet_0_clk (net)
                      0.107739    0.007645    0.232164 ^ clkbuf_4_8_0_clk/A (sky130_fd_sc_hd__clkbuf_8)
     9    0.054386    0.079495    0.138868    0.371032 ^ clkbuf_4_8_0_clk/X (sky130_fd_sc_hd__clkbuf_8)
                                                         clknet_4_8_0_clk (net)
                      0.079733    0.003494    0.374525 ^ _3022_/CLK (sky130_fd_sc_hd__dfrtp_1)
                                  0.500000    0.874525   clock uncertainty
                                  0.000000    0.874525   clock reconvergence pessimism
                                 -0.018492    0.856034   library hold time
                                              0.856034   data required time
---------------------------------------------------------------------------------------------
                                              0.856034   data required time
                                             -1.043744   data arrival time
---------------------------------------------------------------------------------------------
                                              0.187710   slack (MET)


Startpoint: _3076_ (rising edge-triggered flip-flop clocked by clk)
Endpoint: _3017_ (rising edge-triggered flip-flop clocked by clk)
Path Group: clk
Path Type: min

Fanout         Cap        Slew       Delay        Time   Description
---------------------------------------------------------------------------------------------
                                  0.000000    0.000000   clock clk (rise edge)
                                  0.000000    0.000000   clock source latency
     1    0.027726    0.097508    0.068012    0.068012 ^ clk (in)
                                                         clk (net)
                      0.097648    0.000000    0.068012 ^ clkbuf_0_clk/A (sky130_fd_sc_hd__clkbuf_16)
    16    0.123440    0.106891    0.156506    0.224518 ^ clkbuf_0_clk/X (sky130_fd_sc_hd__clkbuf_16)
                                                         clknet_0_clk (net)
                      0.107846    0.008092    0.232611 ^ clkbuf_4_11_0_clk/A (sky130_fd_sc_hd__clkbuf_8)
    13    0.060092    0.086421    0.144482    0.377093 ^ clkbuf_4_11_0_clk/X (sky130_fd_sc_hd__clkbuf_8)
                                                         clknet_4_11_0_clk (net)
                      0.086576    0.002543    0.379636 ^ _3076_/CLK (sky130_fd_sc_hd__dfrtp_2)
     6    0.024227    0.063540    0.296206    0.675842 v _3076_/Q (sky130_fd_sc_hd__dfrtp_2)
                                                         my_sum_sub.cm_exp[6] (net)
                      0.063583    0.001555    0.677397 v _2637_/B2 (sky130_fd_sc_hd__o32a_1)
     2    0.006317    0.034406    0.112742    0.790139 v _2637_/X (sky130_fd_sc_hd__o32a_1)
                                                         _0936_ (net)
                      0.034407    0.000233    0.790373 v _2670_/B (sky130_fd_sc_hd__nand2_1)
     1    0.004794    0.041454    0.053358    0.843731 ^ _2670_/Y (sky130_fd_sc_hd__nand2_1)
                                                         _0960_ (net)
                      0.041455    0.000317    0.844047 ^ _2671_/C (sky130_fd_sc_hd__or4_4)
     7    0.025783    0.063126    0.108119    0.952166 ^ _2671_/X (sky130_fd_sc_hd__or4_4)
                                                         _0961_ (net)
                      0.063244    0.001888    0.954055 ^ _2688_/A2 (sky130_fd_sc_hd__a32o_1)
     1    0.002653    0.030407    0.088963    1.043017 ^ _2688_/X (sky130_fd_sc_hd__a32o_1)
                                                         _0276_ (net)
                      0.030408    0.000183    1.043200 ^ _3017_/D (sky130_fd_sc_hd__dfrtp_1)
                                              1.043200   data arrival time

                                  0.000000    0.000000   clock clk (rise edge)
                                  0.000000    0.000000   clock source latency
     1    0.027726    0.097508    0.068012    0.068012 ^ clk (in)
                                                         clk (net)
                      0.097648    0.000000    0.068012 ^ clkbuf_0_clk/A (sky130_fd_sc_hd__clkbuf_16)
    16    0.123440    0.106891    0.156506    0.224518 ^ clkbuf_0_clk/X (sky130_fd_sc_hd__clkbuf_16)
                                                         clknet_0_clk (net)
                      0.107739    0.007645    0.232164 ^ clkbuf_4_8_0_clk/A (sky130_fd_sc_hd__clkbuf_8)
     9    0.054386    0.079495    0.138868    0.371032 ^ clkbuf_4_8_0_clk/X (sky130_fd_sc_hd__clkbuf_8)
                                                         clknet_4_8_0_clk (net)
                      0.079606    0.002412    0.373444 ^ _3017_/CLK (sky130_fd_sc_hd__dfrtp_1)
                                  0.500000    0.873444   clock uncertainty
                                  0.000000    0.873444   clock reconvergence pessimism
                                 -0.018461    0.854983   library hold time
                                              0.854983   data required time
---------------------------------------------------------------------------------------------
                                              0.854983   data required time
                                             -1.043200   data arrival time
---------------------------------------------------------------------------------------------
                                              0.188217   slack (MET)


Startpoint: _3076_ (rising edge-triggered flip-flop clocked by clk)
Endpoint: _3019_ (rising edge-triggered flip-flop clocked by clk)
Path Group: clk
Path Type: min

Fanout         Cap        Slew       Delay        Time   Description
---------------------------------------------------------------------------------------------
                                  0.000000    0.000000   clock clk (rise edge)
                                  0.000000    0.000000   clock source latency
     1    0.027726    0.097508    0.068012    0.068012 ^ clk (in)
                                                         clk (net)
                      0.097648    0.000000    0.068012 ^ clkbuf_0_clk/A (sky130_fd_sc_hd__clkbuf_16)
    16    0.123440    0.106891    0.156506    0.224518 ^ clkbuf_0_clk/X (sky130_fd_sc_hd__clkbuf_16)
                                                         clknet_0_clk (net)
                      0.107846    0.008092    0.232611 ^ clkbuf_4_11_0_clk/A (sky130_fd_sc_hd__clkbuf_8)
    13    0.060092    0.086421    0.144482    0.377093 ^ clkbuf_4_11_0_clk/X (sky130_fd_sc_hd__clkbuf_8)
                                                         clknet_4_11_0_clk (net)
                      0.086576    0.002543    0.379636 ^ _3076_/CLK (sky130_fd_sc_hd__dfrtp_2)
     6    0.024227    0.063540    0.296206    0.675842 v _3076_/Q (sky130_fd_sc_hd__dfrtp_2)
                                                         my_sum_sub.cm_exp[6] (net)
                      0.063583    0.001555    0.677397 v _2637_/B2 (sky130_fd_sc_hd__o32a_1)
     2    0.006317    0.034406    0.112742    0.790139 v _2637_/X (sky130_fd_sc_hd__o32a_1)
                                                         _0936_ (net)
                      0.034407    0.000233    0.790373 v _2670_/B (sky130_fd_sc_hd__nand2_1)
     1    0.004794    0.041454    0.053358    0.843731 ^ _2670_/Y (sky130_fd_sc_hd__nand2_1)
                                                         _0960_ (net)
                      0.041455    0.000317    0.844047 ^ _2671_/C (sky130_fd_sc_hd__or4_4)
     7    0.025783    0.063126    0.108119    0.952166 ^ _2671_/X (sky130_fd_sc_hd__or4_4)
                                                         _0961_ (net)
                      0.063253    0.001972    0.954139 ^ _2684_/A2 (sky130_fd_sc_hd__a32o_1)
     1    0.003095    0.033167    0.091576    1.045715 ^ _2684_/X (sky130_fd_sc_hd__a32o_1)
                                                         _0278_ (net)
                      0.033168    0.000201    1.045916 ^ _3019_/D (sky130_fd_sc_hd__dfrtp_1)
                                              1.045916   data arrival time

                                  0.000000    0.000000   clock clk (rise edge)
                                  0.000000    0.000000   clock source latency
     1    0.027726    0.097508    0.068012    0.068012 ^ clk (in)
                                                         clk (net)
                      0.097648    0.000000    0.068012 ^ clkbuf_0_clk/A (sky130_fd_sc_hd__clkbuf_16)
    16    0.123440    0.106891    0.156506    0.224518 ^ clkbuf_0_clk/X (sky130_fd_sc_hd__clkbuf_16)
                                                         clknet_0_clk (net)
                      0.107739    0.007645    0.232164 ^ clkbuf_4_8_0_clk/A (sky130_fd_sc_hd__clkbuf_8)
     9    0.054386    0.079495    0.138868    0.371032 ^ clkbuf_4_8_0_clk/X (sky130_fd_sc_hd__clkbuf_8)
                                                         clknet_4_8_0_clk (net)
                      0.079753    0.003637    0.374668 ^ _3019_/CLK (sky130_fd_sc_hd__dfrtp_1)
                                  0.500000    0.874668   clock uncertainty
                                  0.000000    0.874668   clock reconvergence pessimism
                                 -0.018664    0.856005   library hold time
                                              0.856005   data required time
---------------------------------------------------------------------------------------------
                                              0.856005   data required time
                                             -1.045916   data arrival time
---------------------------------------------------------------------------------------------
                                              0.189911   slack (MET)


Startpoint: _3076_ (rising edge-triggered flip-flop clocked by clk)
Endpoint: _3021_ (rising edge-triggered flip-flop clocked by clk)
Path Group: clk
Path Type: min

Fanout         Cap        Slew       Delay        Time   Description
---------------------------------------------------------------------------------------------
                                  0.000000    0.000000   clock clk (rise edge)
                                  0.000000    0.000000   clock source latency
     1    0.027726    0.097508    0.068012    0.068012 ^ clk (in)
                                                         clk (net)
                      0.097648    0.000000    0.068012 ^ clkbuf_0_clk/A (sky130_fd_sc_hd__clkbuf_16)
    16    0.123440    0.106891    0.156506    0.224518 ^ clkbuf_0_clk/X (sky130_fd_sc_hd__clkbuf_16)
                                                         clknet_0_clk (net)
                      0.107846    0.008092    0.232611 ^ clkbuf_4_11_0_clk/A (sky130_fd_sc_hd__clkbuf_8)
    13    0.060092    0.086421    0.144482    0.377093 ^ clkbuf_4_11_0_clk/X (sky130_fd_sc_hd__clkbuf_8)
                                                         clknet_4_11_0_clk (net)
                      0.086576    0.002543    0.379636 ^ _3076_/CLK (sky130_fd_sc_hd__dfrtp_2)
     6    0.024227    0.063540    0.296206    0.675842 v _3076_/Q (sky130_fd_sc_hd__dfrtp_2)
                                                         my_sum_sub.cm_exp[6] (net)
                      0.063583    0.001555    0.677397 v _2637_/B2 (sky130_fd_sc_hd__o32a_1)
     2    0.006317    0.034406    0.112742    0.790139 v _2637_/X (sky130_fd_sc_hd__o32a_1)
                                                         _0936_ (net)
                      0.034407    0.000233    0.790373 v _2670_/B (sky130_fd_sc_hd__nand2_1)
     1    0.004794    0.041454    0.053358    0.843731 ^ _2670_/Y (sky130_fd_sc_hd__nand2_1)
                                                         _0960_ (net)
                      0.041455    0.000317    0.844047 ^ _2671_/C (sky130_fd_sc_hd__or4_4)
     7    0.025783    0.063126    0.108119    0.952166 ^ _2671_/X (sky130_fd_sc_hd__or4_4)
                                                         _0961_ (net)
                      0.063226    0.001685    0.953852 ^ _2679_/A2 (sky130_fd_sc_hd__a32o_1)
     1    0.003178    0.033807    0.092056    1.045907 ^ _2679_/X (sky130_fd_sc_hd__a32o_1)
                                                         _0280_ (net)
                      0.033808    0.000215    1.046122 ^ _3021_/D (sky130_fd_sc_hd__dfrtp_1)
                                              1.046122   data arrival time

                                  0.000000    0.000000   clock clk (rise edge)
                                  0.000000    0.000000   clock source latency
     1    0.027726    0.097508    0.068012    0.068012 ^ clk (in)
                                                         clk (net)
                      0.097648    0.000000    0.068012 ^ clkbuf_0_clk/A (sky130_fd_sc_hd__clkbuf_16)
    16    0.123440    0.106891    0.156506    0.224518 ^ clkbuf_0_clk/X (sky130_fd_sc_hd__clkbuf_16)
                                                         clknet_0_clk (net)
                      0.107739    0.007645    0.232164 ^ clkbuf_4_8_0_clk/A (sky130_fd_sc_hd__clkbuf_8)
     9    0.054386    0.079495    0.138868    0.371032 ^ clkbuf_4_8_0_clk/X (sky130_fd_sc_hd__clkbuf_8)
                                                         clknet_4_8_0_clk (net)
                      0.079674    0.003047    0.374079 ^ _3021_/CLK (sky130_fd_sc_hd__dfrtp_1)
                                  0.500000    0.874079   clock uncertainty
                                  0.000000    0.874079   clock reconvergence pessimism
                                 -0.018714    0.855365   library hold time
                                              0.855365   data required time
---------------------------------------------------------------------------------------------
                                              0.855365   data required time
                                             -1.046122   data arrival time
---------------------------------------------------------------------------------------------
                                              0.190757   slack (MET)


Startpoint: _3010_ (rising edge-triggered flip-flop clocked by clk)
Endpoint: _3011_ (rising edge-triggered flip-flop clocked by clk)
Path Group: clk
Path Type: min

Fanout         Cap        Slew       Delay        Time   Description
---------------------------------------------------------------------------------------------
                                  0.000000    0.000000   clock clk (rise edge)
                                  0.000000    0.000000   clock source latency
     1    0.027726    0.097508    0.068012    0.068012 ^ clk (in)
                                                         clk (net)
                      0.097648    0.000000    0.068012 ^ clkbuf_0_clk/A (sky130_fd_sc_hd__clkbuf_16)
    16    0.123440    0.106891    0.156506    0.224518 ^ clkbuf_0_clk/X (sky130_fd_sc_hd__clkbuf_16)
                                                         clknet_0_clk (net)
                      0.108012    0.008748    0.233267 ^ clkbuf_4_2_0_clk/A (sky130_fd_sc_hd__clkbuf_8)
    18    0.074804    0.104565    0.155121    0.388388 ^ clkbuf_4_2_0_clk/X (sky130_fd_sc_hd__clkbuf_8)
                                                         clknet_4_2_0_clk (net)
                      0.105459    0.007776    0.396164 ^ _3010_/CLK (sky130_fd_sc_hd__dfrtp_1)
     2    0.006708    0.054499    0.236641    0.632805 ^ _3010_/Q (sky130_fd_sc_hd__dfrtp_1)
                                                         div_quotient[0] (net)
                      0.054500    0.000375    0.633180 ^ _2698_/A1 (sky130_fd_sc_hd__a22o_1)
     1    0.002004    0.025391    0.071715    0.704896 ^ _2698_/X (sky130_fd_sc_hd__a22o_1)
                                                         _0270_ (net)
                      0.025391    0.000092    0.704987 ^ hold159/A (sky130_fd_sc_hd__dlygate4sd3_1)
     1    0.002558    0.035814    0.367983    1.072970 ^ hold159/X (sky130_fd_sc_hd__dlygate4sd3_1)
                                                         net164 (net)
                      0.035814    0.000177    1.073147 ^ _3011_/D (sky130_fd_sc_hd__dfrtp_1)
                                              1.073147   data arrival time

                                  0.000000    0.000000   clock clk (rise edge)
                                  0.000000    0.000000   clock source latency
     1    0.027726    0.097508    0.068012    0.068012 ^ clk (in)
                                                         clk (net)
                      0.097648    0.000000    0.068012 ^ clkbuf_0_clk/A (sky130_fd_sc_hd__clkbuf_16)
    16    0.123440    0.106891    0.156506    0.224518 ^ clkbuf_0_clk/X (sky130_fd_sc_hd__clkbuf_16)
                                                         clknet_0_clk (net)
                      0.108012    0.008748    0.233267 ^ clkbuf_4_2_0_clk/A (sky130_fd_sc_hd__clkbuf_8)
    18    0.074804    0.104565    0.155121    0.388388 ^ clkbuf_4_2_0_clk/X (sky130_fd_sc_hd__clkbuf_8)
                                                         clknet_4_2_0_clk (net)
                      0.105456    0.007761    0.396149 ^ _3011_/CLK (sky130_fd_sc_hd__dfrtp_1)
                                  0.500000    0.896149   clock uncertainty
                                  0.000000    0.896149   clock reconvergence pessimism
                                 -0.018180    0.877969   library hold time
                                              0.877969   data required time
---------------------------------------------------------------------------------------------
                                              0.877969   data required time
                                             -1.073147   data arrival time
---------------------------------------------------------------------------------------------
                                              0.195178   slack (MET)


Startpoint: _3154_ (rising edge-triggered flip-flop clocked by clk)
Endpoint: _3090_ (rising edge-triggered flip-flop clocked by clk)
Path Group: clk
Path Type: min

Fanout         Cap        Slew       Delay        Time   Description
---------------------------------------------------------------------------------------------
                                  0.000000    0.000000   clock clk (rise edge)
                                  0.000000    0.000000   clock source latency
     1    0.027726    0.097508    0.068012    0.068012 ^ clk (in)
                                                         clk (net)
                      0.097648    0.000000    0.068012 ^ clkbuf_0_clk/A (sky130_fd_sc_hd__clkbuf_16)
    16    0.123440    0.106891    0.156506    0.224518 ^ clkbuf_0_clk/X (sky130_fd_sc_hd__clkbuf_16)
                                                         clknet_0_clk (net)
                      0.108113    0.009124    0.233642 ^ clkbuf_4_0_0_clk/A (sky130_fd_sc_hd__clkbuf_8)
    24    0.079899    0.110840    0.159315    0.392957 ^ clkbuf_4_0_0_clk/X (sky130_fd_sc_hd__clkbuf_8)
                                                         clknet_4_0_0_clk (net)
                      0.111376    0.006283    0.399240 ^ _3154_/CLK (sky130_fd_sc_hd__dfrtp_1)
     4    0.016199    0.068370    0.286560    0.685800 v _3154_/Q (sky130_fd_sc_hd__dfrtp_1)
                                                         state[2] (net)
                      0.068397    0.001276    0.687076 v _2141_/A (sky130_fd_sc_hd__nor2_1)
     1    0.003671    0.064127    0.085129    0.772205 ^ _2141_/Y (sky130_fd_sc_hd__nor2_1)
                                                         _0502_ (net)
                      0.064127    0.000247    0.772452 ^ _2142_/B1 (sky130_fd_sc_hd__a2111o_2)
     1    0.018367    0.069704    0.105104    0.877557 ^ _2142_/X (sky130_fd_sc_hd__a2111o_2)
                                                         _0503_ (net)
                      0.069775    0.001417    0.878973 ^ _2143_/B (sky130_fd_sc_hd__nor2_8)
    17    0.092322    0.055070    0.052488    0.931462 v _2143_/Y (sky130_fd_sc_hd__nor2_8)
                                                         _0504_ (net)
                      0.056076    0.005796    0.937257 v _2150_/A2 (sky130_fd_sc_hd__o22a_1)
     1    0.002757    0.024009    0.119704    1.056962 v _2150_/X (sky130_fd_sc_hd__o22a_1)
                                                         _0349_ (net)
                      0.024010    0.000186    1.057148 v _3090_/D (sky130_fd_sc_hd__dfrtp_4)
                                              1.057148   data arrival time

                                  0.000000    0.000000   clock clk (rise edge)
                                  0.000000    0.000000   clock source latency
     1    0.027726    0.097508    0.068012    0.068012 ^ clk (in)
                                                         clk (net)
                      0.097648    0.000000    0.068012 ^ clkbuf_0_clk/A (sky130_fd_sc_hd__clkbuf_16)
    16    0.123440    0.106891    0.156506    0.224518 ^ clkbuf_0_clk/X (sky130_fd_sc_hd__clkbuf_16)
                                                         clknet_0_clk (net)
                      0.107621    0.007111    0.231630 ^ clkbuf_4_9_0_clk/A (sky130_fd_sc_hd__clkbuf_8)
     7    0.060949    0.087547    0.144483    0.376113 ^ clkbuf_4_9_0_clk/X (sky130_fd_sc_hd__clkbuf_8)
                                                         clknet_4_9_0_clk (net)
                      0.087799    0.003796    0.379909 ^ _3090_/CLK (sky130_fd_sc_hd__dfrtp_4)
                                  0.500000    0.879909   clock uncertainty
                                  0.000000    0.879909   clock reconvergence pessimism
                                 -0.020500    0.859409   library hold time
                                              0.859409   data required time
---------------------------------------------------------------------------------------------
                                              0.859409   data required time
                                             -1.057148   data arrival time
---------------------------------------------------------------------------------------------
                                              0.197739   slack (MET)


Startpoint: _3037_ (rising edge-triggered flip-flop clocked by clk)
Endpoint: _3074_ (rising edge-triggered flip-flop clocked by clk)
Path Group: clk
Path Type: min

Fanout         Cap        Slew       Delay        Time   Description
---------------------------------------------------------------------------------------------
                                  0.000000    0.000000   clock clk (rise edge)
                                  0.000000    0.000000   clock source latency
     1    0.027726    0.097508    0.068012    0.068012 ^ clk (in)
                                                         clk (net)
                      0.097648    0.000000    0.068012 ^ clkbuf_0_clk/A (sky130_fd_sc_hd__clkbuf_16)
    16    0.123440    0.106891    0.156506    0.224518 ^ clkbuf_0_clk/X (sky130_fd_sc_hd__clkbuf_16)
                                                         clknet_0_clk (net)
                      0.107846    0.008092    0.232611 ^ clkbuf_4_11_0_clk/A (sky130_fd_sc_hd__clkbuf_8)
    13    0.060092    0.086421    0.144482    0.377093 ^ clkbuf_4_11_0_clk/X (sky130_fd_sc_hd__clkbuf_8)
                                                         clknet_4_11_0_clk (net)
                      0.086649    0.003240    0.380333 ^ _3037_/CLK (sky130_fd_sc_hd__dfrtp_1)
     2    0.007744    0.060792    0.236665    0.616998 ^ _3037_/Q (sky130_fd_sc_hd__dfrtp_1)
                                                         my_sum_sub.al_exp[4] (net)
                      0.060793    0.000410    0.617408 ^ _2167_/A1 (sky130_fd_sc_hd__mux2_1)
     1    0.002602    0.027558    0.079542    0.696949 ^ _2167_/X (sky130_fd_sc_hd__mux2_1)
                                                         _0333_ (net)
                      0.027559    0.000110    0.697059 ^ hold68/A (sky130_fd_sc_hd__dlygate4sd3_1)
     1    0.003310    0.041075    0.373263    1.070323 ^ hold68/X (sky130_fd_sc_hd__dlygate4sd3_1)
                                                         net73 (net)
                      0.041075    0.000208    1.070531 ^ _3074_/D (sky130_fd_sc_hd__dfrtp_2)
                                              1.070531   data arrival time

                                  0.000000    0.000000   clock clk (rise edge)
                                  0.000000    0.000000   clock source latency
     1    0.027726    0.097508    0.068012    0.068012 ^ clk (in)
                                                         clk (net)
                      0.097648    0.000000    0.068012 ^ clkbuf_0_clk/A (sky130_fd_sc_hd__clkbuf_16)
    16    0.123440    0.106891    0.156506    0.224518 ^ clkbuf_0_clk/X (sky130_fd_sc_hd__clkbuf_16)
                                                         clknet_0_clk (net)
                      0.108029    0.008811    0.233329 ^ clkbuf_4_14_0_clk/A (sky130_fd_sc_hd__clkbuf_8)
    11    0.072025    0.101070    0.155032    0.388361 ^ clkbuf_4_14_0_clk/X (sky130_fd_sc_hd__clkbuf_8)
                                                         clknet_4_14_0_clk (net)
                      0.101232    0.002816    0.391178 ^ _3074_/CLK (sky130_fd_sc_hd__dfrtp_2)
                                  0.500000    0.891177   clock uncertainty
                                  0.000000    0.891177   clock reconvergence pessimism
                                 -0.018621    0.872556   library hold time
                                              0.872556   data required time
---------------------------------------------------------------------------------------------
                                              0.872556   data required time
                                             -1.070531   data arrival time
---------------------------------------------------------------------------------------------
                                              0.197975   slack (MET)


Startpoint: _3155_ (rising edge-triggered flip-flop clocked by clk)
Endpoint: _3143_ (rising edge-triggered flip-flop clocked by clk)
Path Group: clk
Path Type: min

Fanout         Cap        Slew       Delay        Time   Description
---------------------------------------------------------------------------------------------
                                  0.000000    0.000000   clock clk (rise edge)
                                  0.000000    0.000000   clock source latency
     1    0.027726    0.097508    0.068012    0.068012 ^ clk (in)
                                                         clk (net)
                      0.097648    0.000000    0.068012 ^ clkbuf_0_clk/A (sky130_fd_sc_hd__clkbuf_16)
    16    0.123440    0.106891    0.156506    0.224518 ^ clkbuf_0_clk/X (sky130_fd_sc_hd__clkbuf_16)
                                                         clknet_0_clk (net)
                      0.108113    0.009124    0.233642 ^ clkbuf_4_0_0_clk/A (sky130_fd_sc_hd__clkbuf_8)
    24    0.079899    0.110840    0.159315    0.392957 ^ clkbuf_4_0_0_clk/X (sky130_fd_sc_hd__clkbuf_8)
                                                         clknet_4_0_0_clk (net)
                      0.112166    0.009710    0.402667 ^ _3155_/CLK (sky130_fd_sc_hd__dfrtp_1)
     4    0.013163    0.093699    0.268578    0.671245 ^ _3155_/Q (sky130_fd_sc_hd__dfrtp_1)
                                                         state[3] (net)
                      0.093702    0.000638    0.671883 ^ _1513_/A (sky130_fd_sc_hd__nor2_1)
     2    0.006241    0.039225    0.043933    0.715815 v _1513_/Y (sky130_fd_sc_hd__nor2_1)
                                                         _1063_ (net)
                      0.039231    0.000402    0.716217 v _1519_/A2 (sky130_fd_sc_hd__o31a_1)
     5    0.021493    0.068291    0.228224    0.944441 v _1519_/X (sky130_fd_sc_hd__o31a_1)
                                                         _1069_ (net)
                      0.068323    0.001349    0.945790 v _1520_/A (sky130_fd_sc_hd__inv_2)
     3    0.008859    0.040138    0.056349    1.002139 ^ _1520_/Y (sky130_fd_sc_hd__inv_2)
                                                         _1070_ (net)
                      0.040163    0.000486    1.002625 ^ _1538_/A1 (sky130_fd_sc_hd__mux2_1)
     1    0.003761    0.034325    0.080210    1.082835 ^ _1538_/X (sky130_fd_sc_hd__mux2_1)
                                                         _0239_ (net)
                      0.034325    0.000155    1.082991 ^ _3143_/D (sky130_fd_sc_hd__dfrtp_1)
                                              1.082991   data arrival time

                                  0.000000    0.000000   clock clk (rise edge)
                                  0.000000    0.000000   clock source latency
     1    0.027726    0.097508    0.068012    0.068012 ^ clk (in)
                                                         clk (net)
                      0.097648    0.000000    0.068012 ^ clkbuf_0_clk/A (sky130_fd_sc_hd__clkbuf_16)
    16    0.123440    0.106891    0.156506    0.224518 ^ clkbuf_0_clk/X (sky130_fd_sc_hd__clkbuf_16)
                                                         clknet_0_clk (net)
                      0.108113    0.009124    0.233642 ^ clkbuf_4_0_0_clk/A (sky130_fd_sc_hd__clkbuf_8)
    24    0.079899    0.110840    0.159315    0.392957 ^ clkbuf_4_0_0_clk/X (sky130_fd_sc_hd__clkbuf_8)
                                                         clknet_4_0_0_clk (net)
                      0.112104    0.009486    0.402443 ^ _3143_/CLK (sky130_fd_sc_hd__dfrtp_1)
                                  0.500000    0.902443   clock uncertainty
                                  0.000000    0.902443   clock reconvergence pessimism
                                 -0.017893    0.884550   library hold time
                                              0.884550   data required time
---------------------------------------------------------------------------------------------
                                              0.884550   data required time
                                             -1.082991   data arrival time
---------------------------------------------------------------------------------------------
                                              0.198440   slack (MET)


Startpoint: _3060_ (rising edge-triggered flip-flop clocked by clk)
Endpoint: _3024_ (rising edge-triggered flip-flop clocked by clk)
Path Group: clk
Path Type: min

Fanout         Cap        Slew       Delay        Time   Description
---------------------------------------------------------------------------------------------
                                  0.000000    0.000000   clock clk (rise edge)
                                  0.000000    0.000000   clock source latency
     1    0.027726    0.097508    0.068012    0.068012 ^ clk (in)
                                                         clk (net)
                      0.097648    0.000000    0.068012 ^ clkbuf_0_clk/A (sky130_fd_sc_hd__clkbuf_16)
    16    0.123440    0.106891    0.156506    0.224518 ^ clkbuf_0_clk/X (sky130_fd_sc_hd__clkbuf_16)
                                                         clknet_0_clk (net)
                      0.108029    0.008811    0.233329 ^ clkbuf_4_14_0_clk/A (sky130_fd_sc_hd__clkbuf_8)
    11    0.072025    0.101070    0.155032    0.388361 ^ clkbuf_4_14_0_clk/X (sky130_fd_sc_hd__clkbuf_8)
                                                         clknet_4_14_0_clk (net)
                      0.101165    0.001860    0.390222 ^ _3060_/CLK (sky130_fd_sc_hd__dfrtp_1)
     3    0.011061    0.080458    0.256196    0.646417 ^ _3060_/Q (sky130_fd_sc_hd__dfrtp_1)
                                                         my_sum_sub.cm_mant[0] (net)
                      0.080462    0.000671    0.647088 ^ _2609_/C (sky130_fd_sc_hd__or4_4)
    11    0.044130    0.101503    0.142356    0.789445 ^ _2609_/X (sky130_fd_sc_hd__or4_4)
                                                         _0908_ (net)
                      0.102209    0.006825    0.796269 ^ _2626_/A2_N (sky130_fd_sc_hd__a2bb2o_1)
     3    0.010157    0.049809    0.152271    0.948540 v _2626_/X (sky130_fd_sc_hd__a2bb2o_1)
                                                         _0925_ (net)
                      0.049813    0.000497    0.949037 v _2627_/A (sky130_fd_sc_hd__inv_2)
     1    0.006289    0.029600    0.043597    0.992635 ^ _2627_/Y (sky130_fd_sc_hd__inv_2)
                                                         _0926_ (net)
                      0.029636    0.000625    0.993260 ^ _2668_/B1 (sky130_fd_sc_hd__a22o_1)
     1    0.003263    0.032293    0.065286    1.058546 ^ _2668_/X (sky130_fd_sc_hd__a22o_1)
                                                         _0283_ (net)
                      0.032293    0.000215    1.058761 ^ _3024_/D (sky130_fd_sc_hd__dfrtp_1)
                                              1.058761   data arrival time

                                  0.000000    0.000000   clock clk (rise edge)
                                  0.000000    0.000000   clock source latency
     1    0.027726    0.097508    0.068012    0.068012 ^ clk (in)
                                                         clk (net)
                      0.097648    0.000000    0.068012 ^ clkbuf_0_clk/A (sky130_fd_sc_hd__clkbuf_16)
    16    0.123440    0.106891    0.156506    0.224518 ^ clkbuf_0_clk/X (sky130_fd_sc_hd__clkbuf_16)
                                                         clknet_0_clk (net)
                      0.107865    0.008170    0.232689 ^ clkbuf_4_10_0_clk/A (sky130_fd_sc_hd__clkbuf_8)
    10    0.054933    0.080107    0.139852    0.372541 ^ clkbuf_4_10_0_clk/X (sky130_fd_sc_hd__clkbuf_8)
                                                         clknet_4_10_0_clk (net)
                      0.080256    0.002384    0.374925 ^ _3024_/CLK (sky130_fd_sc_hd__dfrtp_1)
                                  0.500000    0.874925   clock uncertainty
                                  0.000000    0.874925   clock reconvergence pessimism
                                 -0.018585    0.856340   library hold time
                                              0.856340   data required time
---------------------------------------------------------------------------------------------
                                              0.856340   data required time
                                             -1.058761   data arrival time
---------------------------------------------------------------------------------------------
                                              0.202421   slack (MET)


Startpoint: _3154_ (rising edge-triggered flip-flop clocked by clk)
Endpoint: _3146_ (rising edge-triggered flip-flop clocked by clk)
Path Group: clk
Path Type: min

Fanout         Cap        Slew       Delay        Time   Description
---------------------------------------------------------------------------------------------
                                  0.000000    0.000000   clock clk (rise edge)
                                  0.000000    0.000000   clock source latency
     1    0.027726    0.097508    0.068012    0.068012 ^ clk (in)
                                                         clk (net)
                      0.097648    0.000000    0.068012 ^ clkbuf_0_clk/A (sky130_fd_sc_hd__clkbuf_16)
    16    0.123440    0.106891    0.156506    0.224518 ^ clkbuf_0_clk/X (sky130_fd_sc_hd__clkbuf_16)
                                                         clknet_0_clk (net)
                      0.108113    0.009124    0.233642 ^ clkbuf_4_0_0_clk/A (sky130_fd_sc_hd__clkbuf_8)
    24    0.079899    0.110840    0.159315    0.392957 ^ clkbuf_4_0_0_clk/X (sky130_fd_sc_hd__clkbuf_8)
                                                         clknet_4_0_0_clk (net)
                      0.111376    0.006283    0.399240 ^ _3154_/CLK (sky130_fd_sc_hd__dfrtp_1)
     4    0.016923    0.117545    0.285054    0.684294 ^ _3154_/Q (sky130_fd_sc_hd__dfrtp_1)
                                                         state[2] (net)
                      0.117552    0.001033    0.685327 ^ _1517_/A (sky130_fd_sc_hd__nor2_1)
     4    0.013035    0.045850    0.068374    0.753700 v _1517_/Y (sky130_fd_sc_hd__nor2_1)
                                                         _1067_ (net)
                      0.045861    0.000585    0.754286 v _1521_/A2 (sky130_fd_sc_hd__o21a_1)
     1    0.005630    0.026147    0.117322    0.871608 v _1521_/X (sky130_fd_sc_hd__o21a_1)
                                                         _1071_ (net)
                      0.026155    0.000437    0.872045 v _1522_/A (sky130_fd_sc_hd__inv_2)
     3    0.010267    0.039593    0.043363    0.915408 ^ _1522_/Y (sky130_fd_sc_hd__inv_2)
                                                         _1072_ (net)
                      0.039607    0.000599    0.916007 ^ _1523_/B (sky130_fd_sc_hd__nor2_1)
     3    0.008095    0.030127    0.036374    0.952381 v _1523_/Y (sky130_fd_sc_hd__nor2_1)
                                                         _1073_ (net)
                      0.030141    0.000524    0.952905 v _1532_/A2 (sky130_fd_sc_hd__a31o_1)
     1    0.003906    0.022693    0.131260    1.084165 v _1532_/X (sky130_fd_sc_hd__a31o_1)
                                                         _0242_ (net)
                      0.022697    0.000295    1.084460 v _3146_/D (sky130_fd_sc_hd__dfrtp_1)
                                              1.084460   data arrival time

                                  0.000000    0.000000   clock clk (rise edge)
                                  0.000000    0.000000   clock source latency
     1    0.027726    0.097508    0.068012    0.068012 ^ clk (in)
                                                         clk (net)
                      0.097648    0.000000    0.068012 ^ clkbuf_0_clk/A (sky130_fd_sc_hd__clkbuf_16)
    16    0.123440    0.106891    0.156506    0.224518 ^ clkbuf_0_clk/X (sky130_fd_sc_hd__clkbuf_16)
                                                         clknet_0_clk (net)
                      0.108113    0.009124    0.233642 ^ clkbuf_4_0_0_clk/A (sky130_fd_sc_hd__clkbuf_8)
    24    0.079899    0.110840    0.159315    0.392957 ^ clkbuf_4_0_0_clk/X (sky130_fd_sc_hd__clkbuf_8)
                                                         clknet_4_0_0_clk (net)
                      0.112127    0.009569    0.402526 ^ _3146_/CLK (sky130_fd_sc_hd__dfrtp_1)
                                  0.500000    0.902526   clock uncertainty
                                  0.000000    0.902526   clock reconvergence pessimism
                                 -0.021377    0.881149   library hold time
                                              0.881149   data required time
---------------------------------------------------------------------------------------------
                                              0.881149   data required time
                                             -1.084460   data arrival time
---------------------------------------------------------------------------------------------
                                              0.203310   slack (MET)


Startpoint: _3076_ (rising edge-triggered flip-flop clocked by clk)
Endpoint: _3023_ (rising edge-triggered flip-flop clocked by clk)
Path Group: clk
Path Type: min

Fanout         Cap        Slew       Delay        Time   Description
---------------------------------------------------------------------------------------------
                                  0.000000    0.000000   clock clk (rise edge)
                                  0.000000    0.000000   clock source latency
     1    0.027726    0.097508    0.068012    0.068012 ^ clk (in)
                                                         clk (net)
                      0.097648    0.000000    0.068012 ^ clkbuf_0_clk/A (sky130_fd_sc_hd__clkbuf_16)
    16    0.123440    0.106891    0.156506    0.224518 ^ clkbuf_0_clk/X (sky130_fd_sc_hd__clkbuf_16)
                                                         clknet_0_clk (net)
                      0.107846    0.008092    0.232611 ^ clkbuf_4_11_0_clk/A (sky130_fd_sc_hd__clkbuf_8)
    13    0.060092    0.086421    0.144482    0.377093 ^ clkbuf_4_11_0_clk/X (sky130_fd_sc_hd__clkbuf_8)
                                                         clknet_4_11_0_clk (net)
                      0.086576    0.002543    0.379636 ^ _3076_/CLK (sky130_fd_sc_hd__dfrtp_2)
     6    0.024227    0.063540    0.296206    0.675842 v _3076_/Q (sky130_fd_sc_hd__dfrtp_2)
                                                         my_sum_sub.cm_exp[6] (net)
                      0.063583    0.001555    0.677397 v _2637_/B2 (sky130_fd_sc_hd__o32a_1)
     2    0.006317    0.034406    0.112742    0.790139 v _2637_/X (sky130_fd_sc_hd__o32a_1)
                                                         _0936_ (net)
                      0.034407    0.000233    0.790373 v _2670_/B (sky130_fd_sc_hd__nand2_1)
     1    0.004794    0.041454    0.053358    0.843731 ^ _2670_/Y (sky130_fd_sc_hd__nand2_1)
                                                         _0960_ (net)
                      0.041455    0.000317    0.844047 ^ _2671_/C (sky130_fd_sc_hd__or4_4)
     7    0.025783    0.063126    0.108119    0.952166 ^ _2671_/X (sky130_fd_sc_hd__or4_4)
                                                         _0961_ (net)
                      0.063189    0.001151    0.953318 ^ _2673_/A2 (sky130_fd_sc_hd__a32o_1)
     1    0.005521    0.049965    0.104634    1.057952 ^ _2673_/X (sky130_fd_sc_hd__a32o_1)
                                                         _0282_ (net)
                      0.049967    0.000386    1.058338 ^ _3023_/D (sky130_fd_sc_hd__dfrtp_1)
                                              1.058338   data arrival time

                                  0.000000    0.000000   clock clk (rise edge)
                                  0.000000    0.000000   clock source latency
     1    0.027726    0.097508    0.068012    0.068012 ^ clk (in)
                                                         clk (net)
                      0.097648    0.000000    0.068012 ^ clkbuf_0_clk/A (sky130_fd_sc_hd__clkbuf_16)
    16    0.123440    0.106891    0.156506    0.224518 ^ clkbuf_0_clk/X (sky130_fd_sc_hd__clkbuf_16)
                                                         clknet_0_clk (net)
                      0.107865    0.008170    0.232689 ^ clkbuf_4_10_0_clk/A (sky130_fd_sc_hd__clkbuf_8)
    10    0.054933    0.080107    0.139852    0.372541 ^ clkbuf_4_10_0_clk/X (sky130_fd_sc_hd__clkbuf_8)
                                                         clknet_4_10_0_clk (net)
                      0.080216    0.001907    0.374448 ^ _3023_/CLK (sky130_fd_sc_hd__dfrtp_1)
                                  0.500000    0.874448   clock uncertainty
                                  0.000000    0.874448   clock reconvergence pessimism
                                 -0.019910    0.854538   library hold time
                                              0.854538   data required time
---------------------------------------------------------------------------------------------
                                              0.854538   data required time
                                             -1.058338   data arrival time
---------------------------------------------------------------------------------------------
                                              0.203800   slack (MET)


Startpoint: _3015_ (rising edge-triggered flip-flop clocked by clk)
Endpoint: _3016_ (rising edge-triggered flip-flop clocked by clk)
Path Group: clk
Path Type: min

Fanout         Cap        Slew       Delay        Time   Description
---------------------------------------------------------------------------------------------
                                  0.000000    0.000000   clock clk (rise edge)
                                  0.000000    0.000000   clock source latency
     1    0.027726    0.097508    0.068012    0.068012 ^ clk (in)
                                                         clk (net)
                      0.097648    0.000000    0.068012 ^ clkbuf_0_clk/A (sky130_fd_sc_hd__clkbuf_16)
    16    0.123440    0.106891    0.156506    0.224518 ^ clkbuf_0_clk/X (sky130_fd_sc_hd__clkbuf_16)
                                                         clknet_0_clk (net)
                      0.108012    0.008748    0.233267 ^ clkbuf_4_2_0_clk/A (sky130_fd_sc_hd__clkbuf_8)
    18    0.074804    0.104565    0.155121    0.388388 ^ clkbuf_4_2_0_clk/X (sky130_fd_sc_hd__clkbuf_8)
                                                         clknet_4_2_0_clk (net)
                      0.105079    0.005960    0.394348 ^ _3015_/CLK (sky130_fd_sc_hd__dfrtp_1)
     2    0.006603    0.053875    0.236014    0.630362 ^ _3015_/Q (sky130_fd_sc_hd__dfrtp_1)
                                                         div_quotient[5] (net)
                      0.053877    0.000422    0.630785 ^ _2693_/A1 (sky130_fd_sc_hd__a22o_1)
     1    0.003166    0.031916    0.077760    0.708545 ^ _2693_/X (sky130_fd_sc_hd__a22o_1)
                                                         _0275_ (net)
                      0.031917    0.000132    0.708677 ^ hold31/A (sky130_fd_sc_hd__dlygate4sd3_1)
     1    0.002627    0.036218    0.369817    1.078494 ^ hold31/X (sky130_fd_sc_hd__dlygate4sd3_1)
                                                         net36 (net)
                      0.036218    0.000192    1.078686 ^ _3016_/D (sky130_fd_sc_hd__dfrtp_1)
                                              1.078686   data arrival time

                                  0.000000    0.000000   clock clk (rise edge)
                                  0.000000    0.000000   clock source latency
     1    0.027726    0.097508    0.068012    0.068012 ^ clk (in)
                                                         clk (net)
                      0.097648    0.000000    0.068012 ^ clkbuf_0_clk/A (sky130_fd_sc_hd__clkbuf_16)
    16    0.123440    0.106891    0.156506    0.224518 ^ clkbuf_0_clk/X (sky130_fd_sc_hd__clkbuf_16)
                                                         clknet_0_clk (net)
                      0.108012    0.008748    0.233267 ^ clkbuf_4_2_0_clk/A (sky130_fd_sc_hd__clkbuf_8)
    18    0.074804    0.104565    0.155121    0.388388 ^ clkbuf_4_2_0_clk/X (sky130_fd_sc_hd__clkbuf_8)
                                                         clknet_4_2_0_clk (net)
                      0.104863    0.004594    0.392982 ^ _3016_/CLK (sky130_fd_sc_hd__dfrtp_1)
                                  0.500000    0.892982   clock uncertainty
                                  0.000000    0.892982   clock reconvergence pessimism
                                 -0.018226    0.874756   library hold time
                                              0.874756   data required time
---------------------------------------------------------------------------------------------
                                              0.874756   data required time
                                             -1.078686   data arrival time
---------------------------------------------------------------------------------------------
                                              0.203929   slack (MET)


Startpoint: _3154_ (rising edge-triggered flip-flop clocked by clk)
Endpoint: _3082_ (rising edge-triggered flip-flop clocked by clk)
Path Group: clk
Path Type: min

Fanout         Cap        Slew       Delay        Time   Description
---------------------------------------------------------------------------------------------
                                  0.000000    0.000000   clock clk (rise edge)
                                  0.000000    0.000000   clock source latency
     1    0.027726    0.097508    0.068012    0.068012 ^ clk (in)
                                                         clk (net)
                      0.097648    0.000000    0.068012 ^ clkbuf_0_clk/A (sky130_fd_sc_hd__clkbuf_16)
    16    0.123440    0.106891    0.156506    0.224518 ^ clkbuf_0_clk/X (sky130_fd_sc_hd__clkbuf_16)
                                                         clknet_0_clk (net)
                      0.108113    0.009124    0.233642 ^ clkbuf_4_0_0_clk/A (sky130_fd_sc_hd__clkbuf_8)
    24    0.079899    0.110840    0.159315    0.392957 ^ clkbuf_4_0_0_clk/X (sky130_fd_sc_hd__clkbuf_8)
                                                         clknet_4_0_0_clk (net)
                      0.111376    0.006283    0.399240 ^ _3154_/CLK (sky130_fd_sc_hd__dfrtp_1)
     4    0.016199    0.068370    0.286560    0.685800 v _3154_/Q (sky130_fd_sc_hd__dfrtp_1)
                                                         state[2] (net)
                      0.068397    0.001276    0.687076 v _2141_/A (sky130_fd_sc_hd__nor2_1)
     1    0.003671    0.064127    0.085129    0.772205 ^ _2141_/Y (sky130_fd_sc_hd__nor2_1)
                                                         _0502_ (net)
                      0.064127    0.000247    0.772452 ^ _2142_/B1 (sky130_fd_sc_hd__a2111o_2)
     1    0.018367    0.069704    0.105104    0.877557 ^ _2142_/X (sky130_fd_sc_hd__a2111o_2)
                                                         _0503_ (net)
                      0.069775    0.001417    0.878973 ^ _2143_/B (sky130_fd_sc_hd__nor2_8)
    17    0.092322    0.055070    0.052488    0.931462 v _2143_/Y (sky130_fd_sc_hd__nor2_8)
                                                         _0504_ (net)
                      0.060456    0.013348    0.944810 v _2158_/S (sky130_fd_sc_hd__mux2_1)
     1    0.002659    0.027874    0.133268    1.078078 ^ _2158_/X (sky130_fd_sc_hd__mux2_1)
                                                         _0341_ (net)
                      0.027876    0.000196    1.078274 ^ _3082_/D (sky130_fd_sc_hd__dfrtp_4)
                                              1.078274   data arrival time

                                  0.000000    0.000000   clock clk (rise edge)
                                  0.000000    0.000000   clock source latency
     1    0.027726    0.097508    0.068012    0.068012 ^ clk (in)
                                                         clk (net)
                      0.097648    0.000000    0.068012 ^ clkbuf_0_clk/A (sky130_fd_sc_hd__clkbuf_16)
    16    0.123440    0.106891    0.156506    0.224518 ^ clkbuf_0_clk/X (sky130_fd_sc_hd__clkbuf_16)
                                                         clknet_0_clk (net)
                      0.107573    0.006887    0.231405 ^ clkbuf_4_7_0_clk/A (sky130_fd_sc_hd__clkbuf_8)
    17    0.071778    0.100846    0.153065    0.384470 ^ clkbuf_4_7_0_clk/X (sky130_fd_sc_hd__clkbuf_8)
                                                         clknet_4_7_0_clk (net)
                      0.101500    0.006538    0.391008 ^ _3082_/CLK (sky130_fd_sc_hd__dfrtp_4)
                                  0.500000    0.891008   clock uncertainty
                                  0.000000    0.891008   clock reconvergence pessimism
                                 -0.017693    0.873315   library hold time
                                              0.873315   data required time
---------------------------------------------------------------------------------------------
                                              0.873315   data required time
                                             -1.078274   data arrival time
---------------------------------------------------------------------------------------------
                                              0.204959   slack (MET)


Startpoint: _3154_ (rising edge-triggered flip-flop clocked by clk)
Endpoint: _3088_ (rising edge-triggered flip-flop clocked by clk)
Path Group: clk
Path Type: min

Fanout         Cap        Slew       Delay        Time   Description
---------------------------------------------------------------------------------------------
                                  0.000000    0.000000   clock clk (rise edge)
                                  0.000000    0.000000   clock source latency
     1    0.027726    0.097508    0.068012    0.068012 ^ clk (in)
                                                         clk (net)
                      0.097648    0.000000    0.068012 ^ clkbuf_0_clk/A (sky130_fd_sc_hd__clkbuf_16)
    16    0.123440    0.106891    0.156506    0.224518 ^ clkbuf_0_clk/X (sky130_fd_sc_hd__clkbuf_16)
                                                         clknet_0_clk (net)
                      0.108113    0.009124    0.233642 ^ clkbuf_4_0_0_clk/A (sky130_fd_sc_hd__clkbuf_8)
    24    0.079899    0.110840    0.159315    0.392957 ^ clkbuf_4_0_0_clk/X (sky130_fd_sc_hd__clkbuf_8)
                                                         clknet_4_0_0_clk (net)
                      0.111376    0.006283    0.399240 ^ _3154_/CLK (sky130_fd_sc_hd__dfrtp_1)
     4    0.016199    0.068370    0.286560    0.685800 v _3154_/Q (sky130_fd_sc_hd__dfrtp_1)
                                                         state[2] (net)
                      0.068397    0.001276    0.687076 v _2141_/A (sky130_fd_sc_hd__nor2_1)
     1    0.003671    0.064127    0.085129    0.772205 ^ _2141_/Y (sky130_fd_sc_hd__nor2_1)
                                                         _0502_ (net)
                      0.064127    0.000247    0.772452 ^ _2142_/B1 (sky130_fd_sc_hd__a2111o_2)
     1    0.018367    0.069704    0.105104    0.877557 ^ _2142_/X (sky130_fd_sc_hd__a2111o_2)
                                                         _0503_ (net)
                      0.069775    0.001417    0.878973 ^ _2143_/B (sky130_fd_sc_hd__nor2_8)
    17    0.092322    0.055070    0.052488    0.931462 v _2143_/Y (sky130_fd_sc_hd__nor2_8)
                                                         _0504_ (net)
                      0.057155    0.008226    0.939688 v _2152_/A2 (sky130_fd_sc_hd__o22a_1)
     1    0.004035    0.028399    0.125948    1.065636 v _2152_/X (sky130_fd_sc_hd__o22a_1)
                                                         _0347_ (net)
                      0.028408    0.000247    1.065884 v _3088_/D (sky130_fd_sc_hd__dfrtp_4)
                                              1.065884   data arrival time

                                  0.000000    0.000000   clock clk (rise edge)
                                  0.000000    0.000000   clock source latency
     1    0.027726    0.097508    0.068012    0.068012 ^ clk (in)
                                                         clk (net)
                      0.097648    0.000000    0.068012 ^ clkbuf_0_clk/A (sky130_fd_sc_hd__clkbuf_16)
    16    0.123440    0.106891    0.156506    0.224518 ^ clkbuf_0_clk/X (sky130_fd_sc_hd__clkbuf_16)
                                                         clknet_0_clk (net)
                      0.107516    0.006605    0.231123 ^ clkbuf_4_5_0_clk/A (sky130_fd_sc_hd__clkbuf_8)
    10    0.065462    0.093069    0.148740    0.379863 ^ clkbuf_4_5_0_clk/X (sky130_fd_sc_hd__clkbuf_8)
                                                         clknet_4_5_0_clk (net)
                      0.093123    0.001850    0.381713 ^ _3088_/CLK (sky130_fd_sc_hd__dfrtp_4)
                                  0.500000    0.881713   clock uncertainty
                                  0.000000    0.881713   clock reconvergence pessimism
                                 -0.021395    0.860318   library hold time
                                              0.860318   data required time
---------------------------------------------------------------------------------------------
                                              0.860318   data required time
                                             -1.065884   data arrival time
---------------------------------------------------------------------------------------------
                                              0.205566   slack (MET)


Startpoint: _3154_ (rising edge-triggered flip-flop clocked by clk)
Endpoint: _3084_ (rising edge-triggered flip-flop clocked by clk)
Path Group: clk
Path Type: min

Fanout         Cap        Slew       Delay        Time   Description
---------------------------------------------------------------------------------------------
                                  0.000000    0.000000   clock clk (rise edge)
                                  0.000000    0.000000   clock source latency
     1    0.027726    0.097508    0.068012    0.068012 ^ clk (in)
                                                         clk (net)
                      0.097648    0.000000    0.068012 ^ clkbuf_0_clk/A (sky130_fd_sc_hd__clkbuf_16)
    16    0.123440    0.106891    0.156506    0.224518 ^ clkbuf_0_clk/X (sky130_fd_sc_hd__clkbuf_16)
                                                         clknet_0_clk (net)
                      0.108113    0.009124    0.233642 ^ clkbuf_4_0_0_clk/A (sky130_fd_sc_hd__clkbuf_8)
    24    0.079899    0.110840    0.159315    0.392957 ^ clkbuf_4_0_0_clk/X (sky130_fd_sc_hd__clkbuf_8)
                                                         clknet_4_0_0_clk (net)
                      0.111376    0.006283    0.399240 ^ _3154_/CLK (sky130_fd_sc_hd__dfrtp_1)
     4    0.016199    0.068370    0.286560    0.685800 v _3154_/Q (sky130_fd_sc_hd__dfrtp_1)
                                                         state[2] (net)
                      0.068397    0.001276    0.687076 v _2141_/A (sky130_fd_sc_hd__nor2_1)
     1    0.003671    0.064127    0.085129    0.772205 ^ _2141_/Y (sky130_fd_sc_hd__nor2_1)
                                                         _0502_ (net)
                      0.064127    0.000247    0.772452 ^ _2142_/B1 (sky130_fd_sc_hd__a2111o_2)
     1    0.018367    0.069704    0.105104    0.877557 ^ _2142_/X (sky130_fd_sc_hd__a2111o_2)
                                                         _0503_ (net)
                      0.069775    0.001417    0.878973 ^ _2143_/B (sky130_fd_sc_hd__nor2_8)
    17    0.092322    0.055070    0.052488    0.931462 v _2143_/Y (sky130_fd_sc_hd__nor2_8)
                                                         _0504_ (net)
                      0.059425    0.011947    0.943408 v _2156_/S (sky130_fd_sc_hd__mux2_1)
     1    0.003088    0.030331    0.135099    1.078507 ^ _2156_/X (sky130_fd_sc_hd__mux2_1)
                                                         _0343_ (net)
                      0.030332    0.000212    1.078719 ^ _3084_/D (sky130_fd_sc_hd__dfrtp_4)
                                              1.078719   data arrival time

                                  0.000000    0.000000   clock clk (rise edge)
                                  0.000000    0.000000   clock source latency
     1    0.027726    0.097508    0.068012    0.068012 ^ clk (in)
                                                         clk (net)
                      0.097648    0.000000    0.068012 ^ clkbuf_0_clk/A (sky130_fd_sc_hd__clkbuf_16)
    16    0.123440    0.106891    0.156506    0.224518 ^ clkbuf_0_clk/X (sky130_fd_sc_hd__clkbuf_16)
                                                         clknet_0_clk (net)
                      0.107573    0.006887    0.231405 ^ clkbuf_4_7_0_clk/A (sky130_fd_sc_hd__clkbuf_8)
    17    0.071778    0.100846    0.153065    0.384470 ^ clkbuf_4_7_0_clk/X (sky130_fd_sc_hd__clkbuf_8)
                                                         clknet_4_7_0_clk (net)
                      0.101093    0.004093    0.388563 ^ _3084_/CLK (sky130_fd_sc_hd__dfrtp_4)
                                  0.500000    0.888563   clock uncertainty
                                  0.000000    0.888563   clock reconvergence pessimism
                                 -0.017887    0.870676   library hold time
                                              0.870676   data required time
---------------------------------------------------------------------------------------------
                                              0.870676   data required time
                                             -1.078719   data arrival time
---------------------------------------------------------------------------------------------
                                              0.208043   slack (MET)


Startpoint: _3112_ (rising edge-triggered flip-flop clocked by clk)
Endpoint: _3111_ (rising edge-triggered flip-flop clocked by clk)
Path Group: clk
Path Type: min

Fanout         Cap        Slew       Delay        Time   Description
---------------------------------------------------------------------------------------------
                                  0.000000    0.000000   clock clk (rise edge)
                                  0.000000    0.000000   clock source latency
     1    0.027726    0.097508    0.068012    0.068012 ^ clk (in)
                                                         clk (net)
                      0.097648    0.000000    0.068012 ^ clkbuf_0_clk/A (sky130_fd_sc_hd__clkbuf_16)
    16    0.123440    0.106891    0.156506    0.224518 ^ clkbuf_0_clk/X (sky130_fd_sc_hd__clkbuf_16)
                                                         clknet_0_clk (net)
                      0.107516    0.006605    0.231123 ^ clkbuf_4_5_0_clk/A (sky130_fd_sc_hd__clkbuf_8)
    10    0.065462    0.093069    0.148740    0.379863 ^ clkbuf_4_5_0_clk/X (sky130_fd_sc_hd__clkbuf_8)
                                                         clknet_4_5_0_clk (net)
                      0.093395    0.004432    0.384295 ^ _3112_/CLK (sky130_fd_sc_hd__dfrtp_1)
     3    0.009248    0.069969    0.245614    0.629909 ^ _3112_/Q (sky130_fd_sc_hd__dfrtp_1)
                                                         shift_in[1] (net)
                      0.069971    0.000459    0.630367 ^ _2120_/A0 (sky130_fd_sc_hd__mux2_1)
     1    0.001991    0.024376    0.076748    0.707116 ^ _2120_/X (sky130_fd_sc_hd__mux2_1)
                                                         _0207_ (net)
                      0.024376    0.000092    0.707208 ^ hold117/A (sky130_fd_sc_hd__dlygate4sd3_1)
     1    0.003426    0.041846    0.373324    1.080532 ^ hold117/X (sky130_fd_sc_hd__dlygate4sd3_1)
                                                         net122 (net)
                      0.041846    0.000225    1.080757 ^ _3111_/D (sky130_fd_sc_hd__dfrtp_1)
                                              1.080757   data arrival time

                                  0.000000    0.000000   clock clk (rise edge)
                                  0.000000    0.000000   clock source latency
     1    0.027726    0.097508    0.068012    0.068012 ^ clk (in)
                                                         clk (net)
                      0.097648    0.000000    0.068012 ^ clkbuf_0_clk/A (sky130_fd_sc_hd__clkbuf_16)
    16    0.123440    0.106891    0.156506    0.224518 ^ clkbuf_0_clk/X (sky130_fd_sc_hd__clkbuf_16)
                                                         clknet_0_clk (net)
                      0.107573    0.006887    0.231405 ^ clkbuf_4_7_0_clk/A (sky130_fd_sc_hd__clkbuf_8)
    17    0.071778    0.100846    0.153065    0.384470 ^ clkbuf_4_7_0_clk/X (sky130_fd_sc_hd__clkbuf_8)
                                                         clknet_4_7_0_clk (net)
                      0.101488    0.006476    0.390946 ^ _3111_/CLK (sky130_fd_sc_hd__dfrtp_1)
                                  0.500000    0.890946   clock uncertainty
                                  0.000000    0.890946   clock reconvergence pessimism
                                 -0.018735    0.872210   library hold time
                                              0.872210   data required time
---------------------------------------------------------------------------------------------
                                              0.872210   data required time
                                             -1.080757   data arrival time
---------------------------------------------------------------------------------------------
                                              0.208546   slack (MET)


Startpoint: _3154_ (rising edge-triggered flip-flop clocked by clk)
Endpoint: _3079_ (rising edge-triggered flip-flop clocked by clk)
Path Group: clk
Path Type: min

Fanout         Cap        Slew       Delay        Time   Description
---------------------------------------------------------------------------------------------
                                  0.000000    0.000000   clock clk (rise edge)
                                  0.000000    0.000000   clock source latency
     1    0.027726    0.097508    0.068012    0.068012 ^ clk (in)
                                                         clk (net)
                      0.097648    0.000000    0.068012 ^ clkbuf_0_clk/A (sky130_fd_sc_hd__clkbuf_16)
    16    0.123440    0.106891    0.156506    0.224518 ^ clkbuf_0_clk/X (sky130_fd_sc_hd__clkbuf_16)
                                                         clknet_0_clk (net)
                      0.108113    0.009124    0.233642 ^ clkbuf_4_0_0_clk/A (sky130_fd_sc_hd__clkbuf_8)
    24    0.079899    0.110840    0.159315    0.392957 ^ clkbuf_4_0_0_clk/X (sky130_fd_sc_hd__clkbuf_8)
                                                         clknet_4_0_0_clk (net)
                      0.111376    0.006283    0.399240 ^ _3154_/CLK (sky130_fd_sc_hd__dfrtp_1)
     4    0.016199    0.068370    0.286560    0.685800 v _3154_/Q (sky130_fd_sc_hd__dfrtp_1)
                                                         state[2] (net)
                      0.068397    0.001276    0.687076 v _2141_/A (sky130_fd_sc_hd__nor2_1)
     1    0.003671    0.064127    0.085129    0.772205 ^ _2141_/Y (sky130_fd_sc_hd__nor2_1)
                                                         _0502_ (net)
                      0.064127    0.000247    0.772452 ^ _2142_/B1 (sky130_fd_sc_hd__a2111o_2)
     1    0.018367    0.069704    0.105104    0.877557 ^ _2142_/X (sky130_fd_sc_hd__a2111o_2)
                                                         _0503_ (net)
                      0.069775    0.001417    0.878973 ^ _2143_/B (sky130_fd_sc_hd__nor2_8)
    17    0.092322    0.055070    0.052488    0.931462 v _2143_/Y (sky130_fd_sc_hd__nor2_8)
                                                         _0504_ (net)
                      0.056514    0.006879    0.938340 v _2161_/S (sky130_fd_sc_hd__mux2_1)
     1    0.002502    0.026991    0.130887    1.069227 ^ _2161_/X (sky130_fd_sc_hd__mux2_1)
                                                         _0338_ (net)
                      0.026991    0.000115    1.069342 ^ _3079_/D (sky130_fd_sc_hd__dfrtp_4)
                                              1.069342   data arrival time

                                  0.000000    0.000000   clock clk (rise edge)
                                  0.000000    0.000000   clock source latency
     1    0.027726    0.097508    0.068012    0.068012 ^ clk (in)
                                                         clk (net)
                      0.097648    0.000000    0.068012 ^ clkbuf_0_clk/A (sky130_fd_sc_hd__clkbuf_16)
    16    0.123440    0.106891    0.156506    0.224518 ^ clkbuf_0_clk/X (sky130_fd_sc_hd__clkbuf_16)
                                                         clknet_0_clk (net)
                      0.107447    0.006247    0.230765 ^ clkbuf_4_6_0_clk/A (sky130_fd_sc_hd__clkbuf_8)
    12    0.060120    0.086529    0.143690    0.374455 ^ clkbuf_4_6_0_clk/X (sky130_fd_sc_hd__clkbuf_8)
                                                         clknet_4_6_0_clk (net)
                      0.086785    0.003800    0.378255 ^ _3079_/CLK (sky130_fd_sc_hd__dfrtp_4)
                                  0.500000    0.878255   clock uncertainty
                                  0.000000    0.878255   clock reconvergence pessimism
                                 -0.018016    0.860239   library hold time
                                              0.860239   data required time
---------------------------------------------------------------------------------------------
                                              0.860239   data required time
                                             -1.069342   data arrival time
---------------------------------------------------------------------------------------------
                                              0.209103   slack (MET)


Startpoint: _3123_ (rising edge-triggered flip-flop clocked by clk)
Endpoint: _3122_ (rising edge-triggered flip-flop clocked by clk)
Path Group: clk
Path Type: min

Fanout         Cap        Slew       Delay        Time   Description
---------------------------------------------------------------------------------------------
                                  0.000000    0.000000   clock clk (rise edge)
                                  0.000000    0.000000   clock source latency
     1    0.027726    0.097508    0.068012    0.068012 ^ clk (in)
                                                         clk (net)
                      0.097648    0.000000    0.068012 ^ clkbuf_0_clk/A (sky130_fd_sc_hd__clkbuf_16)
    16    0.123440    0.106891    0.156506    0.224518 ^ clkbuf_0_clk/X (sky130_fd_sc_hd__clkbuf_16)
                                                         clknet_0_clk (net)
                      0.107584    0.006936    0.231454 ^ clkbuf_4_4_0_clk/A (sky130_fd_sc_hd__clkbuf_8)
    11    0.060636    0.087160    0.144351    0.375805 ^ clkbuf_4_4_0_clk/X (sky130_fd_sc_hd__clkbuf_8)
                                                         clknet_4_4_0_clk (net)
                      0.087378    0.003523    0.379328 ^ _3123_/CLK (sky130_fd_sc_hd__dfrtp_1)
     1    0.002185    0.028332    0.208760    0.588088 ^ _3123_/Q (sky130_fd_sc_hd__dfrtp_1)
                                                         shift_in[12] (net)
                      0.028332    0.000101    0.588189 ^ hold80/A (sky130_fd_sc_hd__dlygate4sd3_1)
     3    0.008144    0.073678    0.399951    0.988140 ^ hold80/X (sky130_fd_sc_hd__dlygate4sd3_1)
                                                         net85 (net)
                      0.073681    0.000550    0.988689 ^ _2109_/A0 (sky130_fd_sc_hd__mux2_1)
     1    0.002732    0.028594    0.081377    1.070066 ^ _2109_/X (sky130_fd_sc_hd__mux2_1)
                                                         _0218_ (net)
                      0.028594    0.000186    1.070252 ^ _3122_/D (sky130_fd_sc_hd__dfrtp_1)
                                              1.070252   data arrival time

                                  0.000000    0.000000   clock clk (rise edge)
                                  0.000000    0.000000   clock source latency
     1    0.027726    0.097508    0.068012    0.068012 ^ clk (in)
                                                         clk (net)
                      0.097648    0.000000    0.068012 ^ clkbuf_0_clk/A (sky130_fd_sc_hd__clkbuf_16)
    16    0.123440    0.106891    0.156506    0.224518 ^ clkbuf_0_clk/X (sky130_fd_sc_hd__clkbuf_16)
                                                         clknet_0_clk (net)
                      0.107584    0.006936    0.231454 ^ clkbuf_4_4_0_clk/A (sky130_fd_sc_hd__clkbuf_8)
    11    0.060636    0.087160    0.144351    0.375805 ^ clkbuf_4_4_0_clk/X (sky130_fd_sc_hd__clkbuf_8)
                                                         clknet_4_4_0_clk (net)
                      0.087366    0.003432    0.379237 ^ _3122_/CLK (sky130_fd_sc_hd__dfrtp_1)
                                  0.500000    0.879237   clock uncertainty
                                  0.000000    0.879237   clock reconvergence pessimism
                                 -0.018120    0.861117   library hold time
                                              0.861117   data required time
---------------------------------------------------------------------------------------------
                                              0.861117   data required time
                                             -1.070252   data arrival time
---------------------------------------------------------------------------------------------
                                              0.209135   slack (MET)


Startpoint: _3120_ (rising edge-triggered flip-flop clocked by clk)
Endpoint: _3119_ (rising edge-triggered flip-flop clocked by clk)
Path Group: clk
Path Type: min

Fanout         Cap        Slew       Delay        Time   Description
---------------------------------------------------------------------------------------------
                                  0.000000    0.000000   clock clk (rise edge)
                                  0.000000    0.000000   clock source latency
     1    0.027726    0.097508    0.068012    0.068012 ^ clk (in)
                                                         clk (net)
                      0.097648    0.000000    0.068012 ^ clkbuf_0_clk/A (sky130_fd_sc_hd__clkbuf_16)
    16    0.123440    0.106891    0.156506    0.224518 ^ clkbuf_0_clk/X (sky130_fd_sc_hd__clkbuf_16)
                                                         clknet_0_clk (net)
                      0.107584    0.006936    0.231454 ^ clkbuf_4_4_0_clk/A (sky130_fd_sc_hd__clkbuf_8)
    11    0.060636    0.087160    0.144351    0.375805 ^ clkbuf_4_4_0_clk/X (sky130_fd_sc_hd__clkbuf_8)
                                                         clknet_4_4_0_clk (net)
                      0.087363    0.003404    0.379209 ^ _3120_/CLK (sky130_fd_sc_hd__dfrtp_1)
     1    0.002383    0.029376    0.209859    0.589068 ^ _3120_/Q (sky130_fd_sc_hd__dfrtp_1)
                                                         shift_in[9] (net)
                      0.029376    0.000169    0.589237 ^ hold76/A (sky130_fd_sc_hd__dlygate4sd3_1)
     3    0.008725    0.077674    0.403444    0.992682 ^ hold76/X (sky130_fd_sc_hd__dlygate4sd3_1)
                                                         net81 (net)
                      0.077674    0.000293    0.992974 ^ _2112_/A0 (sky130_fd_sc_hd__mux2_1)
     1    0.002814    0.029055    0.082628    1.075602 ^ _2112_/X (sky130_fd_sc_hd__mux2_1)
                                                         _0215_ (net)
                      0.029055    0.000209    1.075811 ^ _3119_/D (sky130_fd_sc_hd__dfrtp_1)
                                              1.075811   data arrival time

                                  0.000000    0.000000   clock clk (rise edge)
                                  0.000000    0.000000   clock source latency
     1    0.027726    0.097508    0.068012    0.068012 ^ clk (in)
                                                         clk (net)
                      0.097648    0.000000    0.068012 ^ clkbuf_0_clk/A (sky130_fd_sc_hd__clkbuf_16)
    16    0.123440    0.106891    0.156506    0.224518 ^ clkbuf_0_clk/X (sky130_fd_sc_hd__clkbuf_16)
                                                         clknet_0_clk (net)
                      0.107516    0.006605    0.231123 ^ clkbuf_4_5_0_clk/A (sky130_fd_sc_hd__clkbuf_8)
    10    0.065462    0.093069    0.148740    0.379863 ^ clkbuf_4_5_0_clk/X (sky130_fd_sc_hd__clkbuf_8)
                                                         clknet_4_5_0_clk (net)
                      0.093452    0.004798    0.384661 ^ _3119_/CLK (sky130_fd_sc_hd__dfrtp_1)
                                  0.500000    0.884661   clock uncertainty
                                  0.000000    0.884661   clock reconvergence pessimism
                                 -0.017994    0.866667   library hold time
                                              0.866667   data required time
---------------------------------------------------------------------------------------------
                                              0.866667   data required time
                                             -1.075811   data arrival time
---------------------------------------------------------------------------------------------
                                              0.209143   slack (MET)


Startpoint: _3125_ (rising edge-triggered flip-flop clocked by clk)
Endpoint: _3124_ (rising edge-triggered flip-flop clocked by clk)
Path Group: clk
Path Type: min

Fanout         Cap        Slew       Delay        Time   Description
---------------------------------------------------------------------------------------------
                                  0.000000    0.000000   clock clk (rise edge)
                                  0.000000    0.000000   clock source latency
     1    0.027726    0.097508    0.068012    0.068012 ^ clk (in)
                                                         clk (net)
                      0.097648    0.000000    0.068012 ^ clkbuf_0_clk/A (sky130_fd_sc_hd__clkbuf_16)
    16    0.123440    0.106891    0.156506    0.224518 ^ clkbuf_0_clk/X (sky130_fd_sc_hd__clkbuf_16)
                                                         clknet_0_clk (net)
                      0.108138    0.009211    0.233730 ^ clkbuf_4_1_0_clk/A (sky130_fd_sc_hd__clkbuf_8)
    16    0.072521    0.101778    0.154075    0.387805 ^ clkbuf_4_1_0_clk/X (sky130_fd_sc_hd__clkbuf_8)
                                                         clknet_4_1_0_clk (net)
                      0.102296    0.005864    0.393669 ^ _3125_/CLK (sky130_fd_sc_hd__dfrtp_1)
     1    0.002438    0.029658    0.214107    0.607776 ^ _3125_/Q (sky130_fd_sc_hd__dfrtp_1)
                                                         shift_in[14] (net)
                      0.029658    0.000163    0.607939 ^ hold91/A (sky130_fd_sc_hd__dlygate4sd3_1)
     3    0.007956    0.072345    0.399347    1.007287 ^ hold91/X (sky130_fd_sc_hd__dlygate4sd3_1)
                                                         net96 (net)
                      0.072345    0.000314    1.007601 ^ _2107_/A0 (sky130_fd_sc_hd__mux2_1)
     1    0.002303    0.026235    0.078847    1.086448 ^ _2107_/X (sky130_fd_sc_hd__mux2_1)
                                                         _0220_ (net)
                      0.026235    0.000167    1.086615 ^ _3124_/D (sky130_fd_sc_hd__dfrtp_1)
                                              1.086615   data arrival time

                                  0.000000    0.000000   clock clk (rise edge)
                                  0.000000    0.000000   clock source latency
     1    0.027726    0.097508    0.068012    0.068012 ^ clk (in)
                                                         clk (net)
                      0.097648    0.000000    0.068012 ^ clkbuf_0_clk/A (sky130_fd_sc_hd__clkbuf_16)
    16    0.123440    0.106891    0.156506    0.224518 ^ clkbuf_0_clk/X (sky130_fd_sc_hd__clkbuf_16)
                                                         clknet_0_clk (net)
                      0.108138    0.009211    0.233730 ^ clkbuf_4_1_0_clk/A (sky130_fd_sc_hd__clkbuf_8)
    16    0.072521    0.101778    0.154075    0.387805 ^ clkbuf_4_1_0_clk/X (sky130_fd_sc_hd__clkbuf_8)
                                                         clknet_4_1_0_clk (net)
                      0.102499    0.006880    0.394685 ^ _3124_/CLK (sky130_fd_sc_hd__dfrtp_1)
                                  0.500000    0.894685   clock uncertainty
                                  0.000000    0.894685   clock reconvergence pessimism
                                 -0.017544    0.877140   library hold time
                                              0.877140   data required time
---------------------------------------------------------------------------------------------
                                              0.877140   data required time
                                             -1.086615   data arrival time
---------------------------------------------------------------------------------------------
                                              0.209475   slack (MET)


Startpoint: _3125_ (rising edge-triggered flip-flop clocked by clk)
Endpoint: _3109_ (rising edge-triggered flip-flop clocked by clk)
Path Group: clk
Path Type: min

Fanout         Cap        Slew       Delay        Time   Description
---------------------------------------------------------------------------------------------
                                  0.000000    0.000000   clock clk (rise edge)
                                  0.000000    0.000000   clock source latency
     1    0.027726    0.097508    0.068012    0.068012 ^ clk (in)
                                                         clk (net)
                      0.097648    0.000000    0.068012 ^ clkbuf_0_clk/A (sky130_fd_sc_hd__clkbuf_16)
    16    0.123440    0.106891    0.156506    0.224518 ^ clkbuf_0_clk/X (sky130_fd_sc_hd__clkbuf_16)
                                                         clknet_0_clk (net)
                      0.108138    0.009211    0.233730 ^ clkbuf_4_1_0_clk/A (sky130_fd_sc_hd__clkbuf_8)
    16    0.072521    0.101778    0.154075    0.387805 ^ clkbuf_4_1_0_clk/X (sky130_fd_sc_hd__clkbuf_8)
                                                         clknet_4_1_0_clk (net)
                      0.102296    0.005864    0.393669 ^ _3125_/CLK (sky130_fd_sc_hd__dfrtp_1)
     1    0.002438    0.029658    0.214107    0.607776 ^ _3125_/Q (sky130_fd_sc_hd__dfrtp_1)
                                                         shift_in[14] (net)
                      0.029658    0.000163    0.607939 ^ hold91/A (sky130_fd_sc_hd__dlygate4sd3_1)
     3    0.007956    0.072345    0.399347    1.007287 ^ hold91/X (sky130_fd_sc_hd__dlygate4sd3_1)
                                                         net96 (net)
                      0.072345    0.000263    1.007549 ^ _2125_/A0 (sky130_fd_sc_hd__mux2_1)
     1    0.002372    0.026485    0.079210    1.086760 ^ _2125_/X (sky130_fd_sc_hd__mux2_1)
                                                         _0205_ (net)
                      0.026485    0.000173    1.086933 ^ _3109_/D (sky130_fd_sc_hd__dfrtp_2)
                                              1.086933   data arrival time

                                  0.000000    0.000000   clock clk (rise edge)
                                  0.000000    0.000000   clock source latency
     1    0.027726    0.097508    0.068012    0.068012 ^ clk (in)
                                                         clk (net)
                      0.097648    0.000000    0.068012 ^ clkbuf_0_clk/A (sky130_fd_sc_hd__clkbuf_16)
    16    0.123440    0.106891    0.156506    0.224518 ^ clkbuf_0_clk/X (sky130_fd_sc_hd__clkbuf_16)
                                                         clknet_0_clk (net)
                      0.108138    0.009211    0.233730 ^ clkbuf_4_1_0_clk/A (sky130_fd_sc_hd__clkbuf_8)
    16    0.072521    0.101778    0.154075    0.387805 ^ clkbuf_4_1_0_clk/X (sky130_fd_sc_hd__clkbuf_8)
                                                         clknet_4_1_0_clk (net)
                      0.102337    0.006082    0.393887 ^ _3109_/CLK (sky130_fd_sc_hd__dfrtp_2)
                                  0.500000    0.893887   clock uncertainty
                                  0.000000    0.893887   clock reconvergence pessimism
                                 -0.017534    0.876353   library hold time
                                              0.876353   data required time
---------------------------------------------------------------------------------------------
                                              0.876353   data required time
                                             -1.086933   data arrival time
---------------------------------------------------------------------------------------------
                                              0.210580   slack (MET)


Startpoint: _3123_ (rising edge-triggered flip-flop clocked by clk)
Endpoint: _3123_ (rising edge-triggered flip-flop clocked by clk)
Path Group: clk
Path Type: min

Fanout         Cap        Slew       Delay        Time   Description
---------------------------------------------------------------------------------------------
                                  0.000000    0.000000   clock clk (rise edge)
                                  0.000000    0.000000   clock source latency
     1    0.027726    0.097508    0.068012    0.068012 ^ clk (in)
                                                         clk (net)
                      0.097648    0.000000    0.068012 ^ clkbuf_0_clk/A (sky130_fd_sc_hd__clkbuf_16)
    16    0.123440    0.106891    0.156506    0.224518 ^ clkbuf_0_clk/X (sky130_fd_sc_hd__clkbuf_16)
                                                         clknet_0_clk (net)
                      0.107584    0.006936    0.231454 ^ clkbuf_4_4_0_clk/A (sky130_fd_sc_hd__clkbuf_8)
    11    0.060636    0.087160    0.144351    0.375805 ^ clkbuf_4_4_0_clk/X (sky130_fd_sc_hd__clkbuf_8)
                                                         clknet_4_4_0_clk (net)
                      0.087378    0.003523    0.379328 ^ _3123_/CLK (sky130_fd_sc_hd__dfrtp_1)
     1    0.002185    0.028332    0.208760    0.588088 ^ _3123_/Q (sky130_fd_sc_hd__dfrtp_1)
                                                         shift_in[12] (net)
                      0.028332    0.000101    0.588189 ^ hold80/A (sky130_fd_sc_hd__dlygate4sd3_1)
     3    0.008144    0.073678    0.399951    0.988140 ^ hold80/X (sky130_fd_sc_hd__dlygate4sd3_1)
                                                         net85 (net)
                      0.073680    0.000518    0.988658 ^ _2108_/A1 (sky130_fd_sc_hd__mux2_1)
     1    0.002965    0.029904    0.084150    1.072808 ^ _2108_/X (sky130_fd_sc_hd__mux2_1)
                                                         _0219_ (net)
                      0.029904    0.000195    1.073002 ^ _3123_/D (sky130_fd_sc_hd__dfrtp_1)
                                              1.073002   data arrival time

                                  0.000000    0.000000   clock clk (rise edge)
                                  0.000000    0.000000   clock source latency
     1    0.027726    0.097508    0.068012    0.068012 ^ clk (in)
                                                         clk (net)
                      0.097648    0.000000    0.068012 ^ clkbuf_0_clk/A (sky130_fd_sc_hd__clkbuf_16)
    16    0.123440    0.106891    0.156506    0.224518 ^ clkbuf_0_clk/X (sky130_fd_sc_hd__clkbuf_16)
                                                         clknet_0_clk (net)
                      0.107584    0.006936    0.231454 ^ clkbuf_4_4_0_clk/A (sky130_fd_sc_hd__clkbuf_8)
    11    0.060636    0.087160    0.144351    0.375805 ^ clkbuf_4_4_0_clk/X (sky130_fd_sc_hd__clkbuf_8)
                                                         clknet_4_4_0_clk (net)
                      0.087378    0.003523    0.379328 ^ _3123_/CLK (sky130_fd_sc_hd__dfrtp_1)
                                  0.500000    0.879328   clock uncertainty
                                  0.000000    0.879328   clock reconvergence pessimism
                                 -0.018218    0.861110   library hold time
                                              0.861110   data required time
---------------------------------------------------------------------------------------------
                                              0.861110   data required time
                                             -1.073002   data arrival time
---------------------------------------------------------------------------------------------
                                              0.211893   slack (MET)


Startpoint: _3168_ (rising edge-triggered flip-flop clocked by clk)
Endpoint: _3157_ (rising edge-triggered flip-flop clocked by clk)
Path Group: clk
Path Type: min

Fanout         Cap        Slew       Delay        Time   Description
---------------------------------------------------------------------------------------------
                                  0.000000    0.000000   clock clk (rise edge)
                                  0.000000    0.000000   clock source latency
     1    0.027726    0.097508    0.068012    0.068012 ^ clk (in)
                                                         clk (net)
                      0.097648    0.000000    0.068012 ^ clkbuf_0_clk/A (sky130_fd_sc_hd__clkbuf_16)
    16    0.123440    0.106891    0.156506    0.224518 ^ clkbuf_0_clk/X (sky130_fd_sc_hd__clkbuf_16)
                                                         clknet_0_clk (net)
                      0.108113    0.009124    0.233642 ^ clkbuf_4_0_0_clk/A (sky130_fd_sc_hd__clkbuf_8)
    24    0.079899    0.110840    0.159315    0.392957 ^ clkbuf_4_0_0_clk/X (sky130_fd_sc_hd__clkbuf_8)
                                                         clknet_4_0_0_clk (net)
                      0.112147    0.009642    0.402599 ^ _3168_/CLK (sky130_fd_sc_hd__dfstp_4)
    11    0.038063    0.056499    0.335585    0.738184 v _3168_/Q (sky130_fd_sc_hd__dfstp_4)
                                                         ss_s1 (net)
                      0.056857    0.003658    0.741842 v _2788_/A (sky130_fd_sc_hd__nor2_1)
     2    0.008966    0.125060    0.126939    0.868781 ^ _2788_/Y (sky130_fd_sc_hd__nor2_1)
                                                         _1040_ (net)
                      0.125063    0.000539    0.869320 ^ _2791_/A2 (sky130_fd_sc_hd__a21bo_1)
     1    0.004899    0.037122    0.086538    0.955858 ^ _2791_/X (sky130_fd_sc_hd__a21bo_1)
                                                         _1043_ (net)
                      0.037125    0.000344    0.956202 ^ _2795_/A2 (sky130_fd_sc_hd__a22o_1)
     1    0.004218    0.038458    0.081916    1.038117 ^ _2795_/X (sky130_fd_sc_hd__a22o_1)
                                                         _1047_ (net)
                      0.038460    0.000293    1.038411 ^ _2796_/B1 (sky130_fd_sc_hd__a31o_1)
     1    0.003159    0.029639    0.054087    1.092497 ^ _2796_/X (sky130_fd_sc_hd__a31o_1)
                                                         _0010_ (net)
                      0.029640    0.000229    1.092726 ^ _3157_/D (sky130_fd_sc_hd__dfrtp_1)
                                              1.092726   data arrival time

                                  0.000000    0.000000   clock clk (rise edge)
                                  0.000000    0.000000   clock source latency
     1    0.027726    0.097508    0.068012    0.068012 ^ clk (in)
                                                         clk (net)
                      0.097648    0.000000    0.068012 ^ clkbuf_0_clk/A (sky130_fd_sc_hd__clkbuf_16)
    16    0.123440    0.106891    0.156506    0.224518 ^ clkbuf_0_clk/X (sky130_fd_sc_hd__clkbuf_16)
                                                         clknet_0_clk (net)
                      0.108113    0.009124    0.233642 ^ clkbuf_4_0_0_clk/A (sky130_fd_sc_hd__clkbuf_8)
    24    0.079899    0.110840    0.159315    0.392957 ^ clkbuf_4_0_0_clk/X (sky130_fd_sc_hd__clkbuf_8)
                                                         clknet_4_0_0_clk (net)
                      0.111214    0.005290    0.398246 ^ _3157_/CLK (sky130_fd_sc_hd__dfrtp_1)
                                  0.500000    0.898246   clock uncertainty
                                  0.000000    0.898246   clock reconvergence pessimism
                                 -0.017568    0.880678   library hold time
                                              0.880678   data required time
---------------------------------------------------------------------------------------------
                                              0.880678   data required time
                                             -1.092726   data arrival time
---------------------------------------------------------------------------------------------
                                              0.212048   slack (MET)


Startpoint: _3093_ (rising edge-triggered flip-flop clocked by clk)
Endpoint: _3059_ (rising edge-triggered flip-flop clocked by clk)
Path Group: clk
Path Type: min

Fanout         Cap        Slew       Delay        Time   Description
---------------------------------------------------------------------------------------------
                                  0.000000    0.000000   clock clk (rise edge)
                                  0.000000    0.000000   clock source latency
     1    0.027726    0.097508    0.068012    0.068012 ^ clk (in)
                                                         clk (net)
                      0.097648    0.000000    0.068012 ^ clkbuf_0_clk/A (sky130_fd_sc_hd__clkbuf_16)
    16    0.123440    0.106891    0.156506    0.224518 ^ clkbuf_0_clk/X (sky130_fd_sc_hd__clkbuf_16)
                                                         clknet_0_clk (net)
                      0.107887    0.008261    0.232779 ^ clkbuf_4_3_0_clk/A (sky130_fd_sc_hd__clkbuf_8)
    11    0.061023    0.087580    0.145026    0.377806 ^ clkbuf_4_3_0_clk/X (sky130_fd_sc_hd__clkbuf_8)
                                                         clknet_4_3_0_clk (net)
                      0.087726    0.002446    0.380252 ^ _3093_/CLK (sky130_fd_sc_hd__dfrtp_4)
     7    0.033118    0.086914    0.307999    0.688251 ^ _3093_/Q (sky130_fd_sc_hd__dfrtp_4)
                                                         acc_reg[14] (net)
                      0.087110    0.003562    0.691813 ^ _2278_/A2 (sky130_fd_sc_hd__a21oi_4)
    20    0.100368    0.101385    0.119109    0.810922 v _2278_/Y (sky130_fd_sc_hd__a21oi_4)
                                                         _0604_ (net)
                      0.107361    0.019148    0.830070 v _2279_/A (sky130_fd_sc_hd__inv_2)
     4    0.014980    0.062884    0.088383    0.918453 ^ _2279_/Y (sky130_fd_sc_hd__inv_2)
                                                         _0605_ (net)
                      0.062925    0.000794    0.919248 ^ _2281_/B (sky130_fd_sc_hd__nor2_2)
     9    0.038429    0.067077    0.066674    0.985921 v _2281_/Y (sky130_fd_sc_hd__nor2_2)
                                                         _0607_ (net)
                      0.067272    0.002977    0.988898 v _2282_/B1 (sky130_fd_sc_hd__a21o_1)
     1    0.003362    0.021000    0.083045    1.071943 v _2282_/X (sky130_fd_sc_hd__a21o_1)
                                                         _0318_ (net)
                      0.021002    0.000210    1.072153 v _3059_/D (sky130_fd_sc_hd__dfrtp_4)
                                              1.072153   data arrival time

                                  0.000000    0.000000   clock clk (rise edge)
                                  0.000000    0.000000   clock source latency
     1    0.027726    0.097508    0.068012    0.068012 ^ clk (in)
                                                         clk (net)
                      0.097648    0.000000    0.068012 ^ clkbuf_0_clk/A (sky130_fd_sc_hd__clkbuf_16)
    16    0.123440    0.106891    0.156506    0.224518 ^ clkbuf_0_clk/X (sky130_fd_sc_hd__clkbuf_16)
                                                         clknet_0_clk (net)
                      0.107846    0.008094    0.232613 ^ clkbuf_4_12_0_clk/A (sky130_fd_sc_hd__clkbuf_8)
     8    0.059947    0.086319    0.143633    0.376245 ^ clkbuf_4_12_0_clk/X (sky130_fd_sc_hd__clkbuf_8)
                                                         clknet_4_12_0_clk (net)
                      0.086466    0.002900    0.379145 ^ _3059_/CLK (sky130_fd_sc_hd__dfrtp_4)
                                  0.500000    0.879145   clock uncertainty
                                  0.000000    0.879145   clock reconvergence pessimism
                                 -0.019661    0.859485   library hold time
                                              0.859485   data required time
---------------------------------------------------------------------------------------------
                                              0.859485   data required time
                                             -1.072153   data arrival time
---------------------------------------------------------------------------------------------
                                              0.212668   slack (MET)


Startpoint: _3125_ (rising edge-triggered flip-flop clocked by clk)
Endpoint: _3125_ (rising edge-triggered flip-flop clocked by clk)
Path Group: clk
Path Type: min

Fanout         Cap        Slew       Delay        Time   Description
---------------------------------------------------------------------------------------------
                                  0.000000    0.000000   clock clk (rise edge)
                                  0.000000    0.000000   clock source latency
     1    0.027726    0.097508    0.068012    0.068012 ^ clk (in)
                                                         clk (net)
                      0.097648    0.000000    0.068012 ^ clkbuf_0_clk/A (sky130_fd_sc_hd__clkbuf_16)
    16    0.123440    0.106891    0.156506    0.224518 ^ clkbuf_0_clk/X (sky130_fd_sc_hd__clkbuf_16)
                                                         clknet_0_clk (net)
                      0.108138    0.009211    0.233730 ^ clkbuf_4_1_0_clk/A (sky130_fd_sc_hd__clkbuf_8)
    16    0.072521    0.101778    0.154075    0.387805 ^ clkbuf_4_1_0_clk/X (sky130_fd_sc_hd__clkbuf_8)
                                                         clknet_4_1_0_clk (net)
                      0.102296    0.005864    0.393669 ^ _3125_/CLK (sky130_fd_sc_hd__dfrtp_1)
     1    0.002438    0.029658    0.214107    0.607776 ^ _3125_/Q (sky130_fd_sc_hd__dfrtp_1)
                                                         shift_in[14] (net)
                      0.029658    0.000163    0.607939 ^ hold91/A (sky130_fd_sc_hd__dlygate4sd3_1)
     3    0.007956    0.072345    0.399347    1.007287 ^ hold91/X (sky130_fd_sc_hd__dlygate4sd3_1)
                                                         net96 (net)
                      0.072345    0.000243    1.007529 ^ _2106_/A1 (sky130_fd_sc_hd__mux2_1)
     1    0.002549    0.027575    0.081718    1.089247 ^ _2106_/X (sky130_fd_sc_hd__mux2_1)
                                                         _0221_ (net)
                      0.027575    0.000176    1.089423 ^ _3125_/D (sky130_fd_sc_hd__dfrtp_1)
                                              1.089423   data arrival time

                                  0.000000    0.000000   clock clk (rise edge)
                                  0.000000    0.000000   clock source latency
     1    0.027726    0.097508    0.068012    0.068012 ^ clk (in)
                                                         clk (net)
                      0.097648    0.000000    0.068012 ^ clkbuf_0_clk/A (sky130_fd_sc_hd__clkbuf_16)
    16    0.123440    0.106891    0.156506    0.224518 ^ clkbuf_0_clk/X (sky130_fd_sc_hd__clkbuf_16)
                                                         clknet_0_clk (net)
                      0.108138    0.009211    0.233730 ^ clkbuf_4_1_0_clk/A (sky130_fd_sc_hd__clkbuf_8)
    16    0.072521    0.101778    0.154075    0.387805 ^ clkbuf_4_1_0_clk/X (sky130_fd_sc_hd__clkbuf_8)
                                                         clknet_4_1_0_clk (net)
                      0.102296    0.005864    0.393669 ^ _3125_/CLK (sky130_fd_sc_hd__dfrtp_1)
                                  0.500000    0.893669   clock uncertainty
                                  0.000000    0.893669   clock reconvergence pessimism
                                 -0.017650    0.876019   library hold time
                                              0.876019   data required time
---------------------------------------------------------------------------------------------
                                              0.876019   data required time
                                             -1.089423   data arrival time
---------------------------------------------------------------------------------------------
                                              0.213404   slack (MET)


Startpoint: _3168_ (rising edge-triggered flip-flop clocked by clk)
Endpoint: _3153_ (rising edge-triggered flip-flop clocked by clk)
Path Group: clk
Path Type: min

Fanout         Cap        Slew       Delay        Time   Description
---------------------------------------------------------------------------------------------
                                  0.000000    0.000000   clock clk (rise edge)
                                  0.000000    0.000000   clock source latency
     1    0.027726    0.097508    0.068012    0.068012 ^ clk (in)
                                                         clk (net)
                      0.097648    0.000000    0.068012 ^ clkbuf_0_clk/A (sky130_fd_sc_hd__clkbuf_16)
    16    0.123440    0.106891    0.156506    0.224518 ^ clkbuf_0_clk/X (sky130_fd_sc_hd__clkbuf_16)
                                                         clknet_0_clk (net)
                      0.108113    0.009124    0.233642 ^ clkbuf_4_0_0_clk/A (sky130_fd_sc_hd__clkbuf_8)
    24    0.079899    0.110840    0.159315    0.392957 ^ clkbuf_4_0_0_clk/X (sky130_fd_sc_hd__clkbuf_8)
                                                         clknet_4_0_0_clk (net)
                      0.112147    0.009642    0.402599 ^ _3168_/CLK (sky130_fd_sc_hd__dfstp_4)
    11    0.040875    0.090631    0.441602    0.844200 ^ _3168_/Q (sky130_fd_sc_hd__dfstp_4)
                                                         ss_s1 (net)
                      0.090831    0.003155    0.847355 ^ _2122_/B (sky130_fd_sc_hd__or3b_4)
    17    0.093987    0.237662    0.231272    1.078628 ^ _2122_/X (sky130_fd_sc_hd__or3b_4)
                                                         _0500_ (net)
                      0.237700    0.002531    1.081158 ^ _2123_/A (sky130_fd_sc_hd__inv_2)
     1    0.002962    0.036663    0.004923    1.086081 v _2123_/Y (sky130_fd_sc_hd__inv_2)
                                                         _0004_ (net)
                      0.036663    0.000192    1.086273 v _3153_/D (sky130_fd_sc_hd__dfrtp_1)
                                              1.086273   data arrival time

                                  0.000000    0.000000   clock clk (rise edge)
                                  0.000000    0.000000   clock source latency
     1    0.027726    0.097508    0.068012    0.068012 ^ clk (in)
                                                         clk (net)
                      0.097648    0.000000    0.068012 ^ clkbuf_0_clk/A (sky130_fd_sc_hd__clkbuf_16)
    16    0.123440    0.106891    0.156506    0.224518 ^ clkbuf_0_clk/X (sky130_fd_sc_hd__clkbuf_16)
                                                         clknet_0_clk (net)
                      0.108113    0.009124    0.233642 ^ clkbuf_4_0_0_clk/A (sky130_fd_sc_hd__clkbuf_8)
    24    0.079899    0.110840    0.159315    0.392957 ^ clkbuf_4_0_0_clk/X (sky130_fd_sc_hd__clkbuf_8)
                                                         clknet_4_0_0_clk (net)
                      0.111191    0.005133    0.398089 ^ _3153_/CLK (sky130_fd_sc_hd__dfrtp_1)
                                  0.500000    0.898089   clock uncertainty
                                  0.000000    0.898089   clock reconvergence pessimism
                                 -0.026009    0.872081   library hold time
                                              0.872081   data required time
---------------------------------------------------------------------------------------------
                                              0.872081   data required time
                                             -1.086273   data arrival time
---------------------------------------------------------------------------------------------
                                              0.214193   slack (MET)


Startpoint: _3085_ (rising edge-triggered flip-flop clocked by clk)
Endpoint: _3047_ (rising edge-triggered flip-flop clocked by clk)
Path Group: clk
Path Type: min

Fanout         Cap        Slew       Delay        Time   Description
---------------------------------------------------------------------------------------------
                                  0.000000    0.000000   clock clk (rise edge)
                                  0.000000    0.000000   clock source latency
     1    0.027726    0.097508    0.068012    0.068012 ^ clk (in)
                                                         clk (net)
                      0.097648    0.000000    0.068012 ^ clkbuf_0_clk/A (sky130_fd_sc_hd__clkbuf_16)
    16    0.123440    0.106891    0.156506    0.224518 ^ clkbuf_0_clk/X (sky130_fd_sc_hd__clkbuf_16)
                                                         clknet_0_clk (net)
                      0.107447    0.006247    0.230765 ^ clkbuf_4_6_0_clk/A (sky130_fd_sc_hd__clkbuf_8)
    12    0.060120    0.086529    0.143690    0.374455 ^ clkbuf_4_6_0_clk/X (sky130_fd_sc_hd__clkbuf_8)
                                                         clknet_4_6_0_clk (net)
                      0.086886    0.004467    0.378922 ^ _3085_/CLK (sky130_fd_sc_hd__dfrtp_4)
    20    0.088387    0.193894    0.387938    0.766860 ^ _3085_/Q (sky130_fd_sc_hd__dfrtp_4)
                                                         acc_reg[6] (net)
                      0.194149    0.006266    0.773126 ^ _2308_/A (sky130_fd_sc_hd__and2_2)
     3    0.041778    0.162421    0.209916    0.983042 ^ _2308_/X (sky130_fd_sc_hd__and2_2)
                                                         _0630_ (net)
                      0.162559    0.003909    0.986951 ^ _2370_/B2 (sky130_fd_sc_hd__a221o_1)
     1    0.003235    0.031091    0.096358    1.083310 ^ _2370_/X (sky130_fd_sc_hd__a221o_1)
                                                         _0306_ (net)
                      0.031092    0.000205    1.083514 ^ _3047_/D (sky130_fd_sc_hd__dfrtp_1)
                                              1.083514   data arrival time

                                  0.000000    0.000000   clock clk (rise edge)
                                  0.000000    0.000000   clock source latency
     1    0.027726    0.097508    0.068012    0.068012 ^ clk (in)
                                                         clk (net)
                      0.097648    0.000000    0.068012 ^ clkbuf_0_clk/A (sky130_fd_sc_hd__clkbuf_16)
    16    0.123440    0.106891    0.156506    0.224518 ^ clkbuf_0_clk/X (sky130_fd_sc_hd__clkbuf_16)
                                                         clknet_0_clk (net)
                      0.108050    0.008889    0.233408 ^ clkbuf_4_15_0_clk/A (sky130_fd_sc_hd__clkbuf_8)
    13    0.066990    0.094978    0.149504    0.382912 ^ clkbuf_4_15_0_clk/X (sky130_fd_sc_hd__clkbuf_8)
                                                         clknet_4_15_0_clk (net)
                      0.095226    0.003952    0.386864 ^ _3047_/CLK (sky130_fd_sc_hd__dfrtp_1)
                                  0.500000    0.886864   clock uncertainty
                                  0.000000    0.886864   clock reconvergence pessimism
                                 -0.018099    0.868765   library hold time
                                              0.868765   data required time
---------------------------------------------------------------------------------------------
                                              0.868765   data required time
                                             -1.083514   data arrival time
---------------------------------------------------------------------------------------------
                                              0.214750   slack (MET)


Startpoint: _3122_ (rising edge-triggered flip-flop clocked by clk)
Endpoint: _3121_ (rising edge-triggered flip-flop clocked by clk)
Path Group: clk
Path Type: min

Fanout         Cap        Slew       Delay        Time   Description
---------------------------------------------------------------------------------------------
                                  0.000000    0.000000   clock clk (rise edge)
                                  0.000000    0.000000   clock source latency
     1    0.027726    0.097508    0.068012    0.068012 ^ clk (in)
                                                         clk (net)
                      0.097648    0.000000    0.068012 ^ clkbuf_0_clk/A (sky130_fd_sc_hd__clkbuf_16)
    16    0.123440    0.106891    0.156506    0.224518 ^ clkbuf_0_clk/X (sky130_fd_sc_hd__clkbuf_16)
                                                         clknet_0_clk (net)
                      0.107584    0.006936    0.231454 ^ clkbuf_4_4_0_clk/A (sky130_fd_sc_hd__clkbuf_8)
    11    0.060636    0.087160    0.144351    0.375805 ^ clkbuf_4_4_0_clk/X (sky130_fd_sc_hd__clkbuf_8)
                                                         clknet_4_4_0_clk (net)
                      0.087366    0.003432    0.379237 ^ _3122_/CLK (sky130_fd_sc_hd__dfrtp_1)
     1    0.002587    0.030472    0.211014    0.590251 ^ _3122_/Q (sky130_fd_sc_hd__dfrtp_1)
                                                         shift_in[11] (net)
                      0.030472    0.000189    0.590440 ^ hold86/A (sky130_fd_sc_hd__dlygate4sd3_1)
     3    0.008728    0.077721    0.403622    0.994061 ^ hold86/X (sky130_fd_sc_hd__dlygate4sd3_1)
                                                         net91 (net)
                      0.077722    0.000435    0.994496 ^ _2110_/A0 (sky130_fd_sc_hd__mux2_1)
     1    0.002654    0.028160    0.081801    1.076297 ^ _2110_/X (sky130_fd_sc_hd__mux2_1)
                                                         _0217_ (net)
                      0.028160    0.000195    1.076492 ^ _3121_/D (sky130_fd_sc_hd__dfrtp_1)
                                              1.076492   data arrival time

                                  0.000000    0.000000   clock clk (rise edge)
                                  0.000000    0.000000   clock source latency
     1    0.027726    0.097508    0.068012    0.068012 ^ clk (in)
                                                         clk (net)
                      0.097648    0.000000    0.068012 ^ clkbuf_0_clk/A (sky130_fd_sc_hd__clkbuf_16)
    16    0.123440    0.106891    0.156506    0.224518 ^ clkbuf_0_clk/X (sky130_fd_sc_hd__clkbuf_16)
                                                         clknet_0_clk (net)
                      0.107584    0.006936    0.231454 ^ clkbuf_4_4_0_clk/A (sky130_fd_sc_hd__clkbuf_8)
    11    0.060636    0.087160    0.144351    0.375805 ^ clkbuf_4_4_0_clk/X (sky130_fd_sc_hd__clkbuf_8)
                                                         clknet_4_4_0_clk (net)
                      0.087370    0.003465    0.379270 ^ _3121_/CLK (sky130_fd_sc_hd__dfrtp_1)
                                  0.500000    0.879270   clock uncertainty
                                  0.000000    0.879270   clock reconvergence pessimism
                                 -0.018088    0.861182   library hold time
                                              0.861182   data required time
---------------------------------------------------------------------------------------------
                                              0.861182   data required time
                                             -1.076492   data arrival time
---------------------------------------------------------------------------------------------
                                              0.215310   slack (MET)


Startpoint: _3122_ (rising edge-triggered flip-flop clocked by clk)
Endpoint: _3106_ (rising edge-triggered flip-flop clocked by clk)
Path Group: clk
Path Type: min

Fanout         Cap        Slew       Delay        Time   Description
---------------------------------------------------------------------------------------------
                                  0.000000    0.000000   clock clk (rise edge)
                                  0.000000    0.000000   clock source latency
     1    0.027726    0.097508    0.068012    0.068012 ^ clk (in)
                                                         clk (net)
                      0.097648    0.000000    0.068012 ^ clkbuf_0_clk/A (sky130_fd_sc_hd__clkbuf_16)
    16    0.123440    0.106891    0.156506    0.224518 ^ clkbuf_0_clk/X (sky130_fd_sc_hd__clkbuf_16)
                                                         clknet_0_clk (net)
                      0.107584    0.006936    0.231454 ^ clkbuf_4_4_0_clk/A (sky130_fd_sc_hd__clkbuf_8)
    11    0.060636    0.087160    0.144351    0.375805 ^ clkbuf_4_4_0_clk/X (sky130_fd_sc_hd__clkbuf_8)
                                                         clknet_4_4_0_clk (net)
                      0.087366    0.003432    0.379237 ^ _3122_/CLK (sky130_fd_sc_hd__dfrtp_1)
     1    0.002587    0.030472    0.211014    0.590251 ^ _3122_/Q (sky130_fd_sc_hd__dfrtp_1)
                                                         shift_in[11] (net)
                      0.030472    0.000189    0.590440 ^ hold86/A (sky130_fd_sc_hd__dlygate4sd3_1)
     3    0.008728    0.077721    0.403622    0.994061 ^ hold86/X (sky130_fd_sc_hd__dlygate4sd3_1)
                                                         net91 (net)
                      0.077723    0.000452    0.994513 ^ _2128_/A0 (sky130_fd_sc_hd__mux2_1)
     1    0.002936    0.029629    0.083274    1.077787 ^ _2128_/X (sky130_fd_sc_hd__mux2_1)
                                                         _0202_ (net)
                      0.029629    0.000216    1.078003 ^ _3106_/D (sky130_fd_sc_hd__dfrtp_4)
                                              1.078003   data arrival time

                                  0.000000    0.000000   clock clk (rise edge)
                                  0.000000    0.000000   clock source latency
     1    0.027726    0.097508    0.068012    0.068012 ^ clk (in)
                                                         clk (net)
                      0.097648    0.000000    0.068012 ^ clkbuf_0_clk/A (sky130_fd_sc_hd__clkbuf_16)
    16    0.123440    0.106891    0.156506    0.224518 ^ clkbuf_0_clk/X (sky130_fd_sc_hd__clkbuf_16)
                                                         clknet_0_clk (net)
                      0.107584    0.006936    0.231454 ^ clkbuf_4_4_0_clk/A (sky130_fd_sc_hd__clkbuf_8)
    11    0.060636    0.087160    0.144351    0.375805 ^ clkbuf_4_4_0_clk/X (sky130_fd_sc_hd__clkbuf_8)
                                                         clknet_4_4_0_clk (net)
                      0.087363    0.003401    0.379206 ^ _3106_/CLK (sky130_fd_sc_hd__dfrtp_4)
                                  0.500000    0.879206   clock uncertainty
                                  0.000000    0.879206   clock reconvergence pessimism
                                 -0.018198    0.861009   library hold time
                                              0.861009   data required time
---------------------------------------------------------------------------------------------
                                              0.861009   data required time
                                             -1.078003   data arrival time
---------------------------------------------------------------------------------------------
                                              0.216994   slack (MET)


Startpoint: _3154_ (rising edge-triggered flip-flop clocked by clk)
Endpoint: _3080_ (rising edge-triggered flip-flop clocked by clk)
Path Group: clk
Path Type: min

Fanout         Cap        Slew       Delay        Time   Description
---------------------------------------------------------------------------------------------
                                  0.000000    0.000000   clock clk (rise edge)
                                  0.000000    0.000000   clock source latency
     1    0.027726    0.097508    0.068012    0.068012 ^ clk (in)
                                                         clk (net)
                      0.097648    0.000000    0.068012 ^ clkbuf_0_clk/A (sky130_fd_sc_hd__clkbuf_16)
    16    0.123440    0.106891    0.156506    0.224518 ^ clkbuf_0_clk/X (sky130_fd_sc_hd__clkbuf_16)
                                                         clknet_0_clk (net)
                      0.108113    0.009124    0.233642 ^ clkbuf_4_0_0_clk/A (sky130_fd_sc_hd__clkbuf_8)
    24    0.079899    0.110840    0.159315    0.392957 ^ clkbuf_4_0_0_clk/X (sky130_fd_sc_hd__clkbuf_8)
                                                         clknet_4_0_0_clk (net)
                      0.111376    0.006283    0.399240 ^ _3154_/CLK (sky130_fd_sc_hd__dfrtp_1)
     4    0.016199    0.068370    0.286560    0.685800 v _3154_/Q (sky130_fd_sc_hd__dfrtp_1)
                                                         state[2] (net)
                      0.068397    0.001276    0.687076 v _2141_/A (sky130_fd_sc_hd__nor2_1)
     1    0.003671    0.064127    0.085129    0.772205 ^ _2141_/Y (sky130_fd_sc_hd__nor2_1)
                                                         _0502_ (net)
                      0.064127    0.000247    0.772452 ^ _2142_/B1 (sky130_fd_sc_hd__a2111o_2)
     1    0.018367    0.069704    0.105104    0.877557 ^ _2142_/X (sky130_fd_sc_hd__a2111o_2)
                                                         _0503_ (net)
                      0.069775    0.001417    0.878973 ^ _2143_/B (sky130_fd_sc_hd__nor2_8)
    17    0.092322    0.055070    0.052488    0.931462 v _2143_/Y (sky130_fd_sc_hd__nor2_8)
                                                         _0504_ (net)
                      0.060350    0.013210    0.944672 v _2160_/S (sky130_fd_sc_hd__mux2_1)
     1    0.002715    0.028193    0.133527    1.078198 ^ _2160_/X (sky130_fd_sc_hd__mux2_1)
                                                         _0339_ (net)
                      0.028194    0.000184    1.078382 ^ _3080_/D (sky130_fd_sc_hd__dfrtp_4)
                                              1.078382   data arrival time

                                  0.000000    0.000000   clock clk (rise edge)
                                  0.000000    0.000000   clock source latency
     1    0.027726    0.097508    0.068012    0.068012 ^ clk (in)
                                                         clk (net)
                      0.097648    0.000000    0.068012 ^ clkbuf_0_clk/A (sky130_fd_sc_hd__clkbuf_16)
    16    0.123440    0.106891    0.156506    0.224518 ^ clkbuf_0_clk/X (sky130_fd_sc_hd__clkbuf_16)
                                                         clknet_0_clk (net)
                      0.107447    0.006247    0.230765 ^ clkbuf_4_6_0_clk/A (sky130_fd_sc_hd__clkbuf_8)
    12    0.060120    0.086529    0.143690    0.374455 ^ clkbuf_4_6_0_clk/X (sky130_fd_sc_hd__clkbuf_8)
                                                         clknet_4_6_0_clk (net)
                      0.086864    0.004328    0.378783 ^ _3080_/CLK (sky130_fd_sc_hd__dfrtp_4)
                                  0.500000    0.878783   clock uncertainty
                                  0.000000    0.878783   clock reconvergence pessimism
                                 -0.018103    0.860679   library hold time
                                              0.860679   data required time
---------------------------------------------------------------------------------------------
                                              0.860679   data required time
                                             -1.078382   data arrival time
---------------------------------------------------------------------------------------------
                                              0.217703   slack (MET)


Startpoint: _3158_ (rising edge-triggered flip-flop clocked by clk)
Endpoint: _3160_ (rising edge-triggered flip-flop clocked by clk)
Path Group: clk
Path Type: min

Fanout         Cap        Slew       Delay        Time   Description
---------------------------------------------------------------------------------------------
                                  0.000000    0.000000   clock clk (rise edge)
                                  0.000000    0.000000   clock source latency
     1    0.027726    0.097508    0.068012    0.068012 ^ clk (in)
                                                         clk (net)
                      0.097648    0.000000    0.068012 ^ clkbuf_0_clk/A (sky130_fd_sc_hd__clkbuf_16)
    16    0.123440    0.106891    0.156506    0.224518 ^ clkbuf_0_clk/X (sky130_fd_sc_hd__clkbuf_16)
                                                         clknet_0_clk (net)
                      0.107887    0.008261    0.232779 ^ clkbuf_4_3_0_clk/A (sky130_fd_sc_hd__clkbuf_8)
    11    0.061023    0.087580    0.145026    0.377806 ^ clkbuf_4_3_0_clk/X (sky130_fd_sc_hd__clkbuf_8)
                                                         clknet_4_3_0_clk (net)
                      0.087761    0.002822    0.380628 ^ _3158_/CLK (sky130_fd_sc_hd__dfstp_1)
     1    0.002227    0.017319    0.228686    0.609314 v _3158_/Q (sky130_fd_sc_hd__dfstp_1)
                                                         my_sum_sub.state[0] (net)
                      0.017319    0.000148    0.609462 v hold154/A (sky130_fd_sc_hd__dlygate4sd3_1)
     2    0.007259    0.053865    0.376051    0.985513 v hold154/X (sky130_fd_sc_hd__dlygate4sd3_1)
                                                         net159 (net)
                      0.053865    0.000356    0.985870 v _2787_/A (sky130_fd_sc_hd__and2_1)
     1    0.002988    0.024153    0.092248    1.078117 v _2787_/X (sky130_fd_sc_hd__and2_1)
                                                         _0003_ (net)
                      0.024157    0.000200    1.078318 v _3160_/D (sky130_fd_sc_hd__dfrtp_4)
                                              1.078318   data arrival time

                                  0.000000    0.000000   clock clk (rise edge)
                                  0.000000    0.000000   clock source latency
     1    0.027726    0.097508    0.068012    0.068012 ^ clk (in)
                                                         clk (net)
                      0.097648    0.000000    0.068012 ^ clkbuf_0_clk/A (sky130_fd_sc_hd__clkbuf_16)
    16    0.123440    0.106891    0.156506    0.224518 ^ clkbuf_0_clk/X (sky130_fd_sc_hd__clkbuf_16)
                                                         clknet_0_clk (net)
                      0.107887    0.008261    0.232779 ^ clkbuf_4_3_0_clk/A (sky130_fd_sc_hd__clkbuf_8)
    11    0.061023    0.087580    0.145026    0.377806 ^ clkbuf_4_3_0_clk/X (sky130_fd_sc_hd__clkbuf_8)
                                                         clknet_4_3_0_clk (net)
                      0.087710    0.002246    0.380051 ^ _3160_/CLK (sky130_fd_sc_hd__dfrtp_4)
                                  0.500000    0.880051   clock uncertainty
                                  0.000000    0.880051   clock reconvergence pessimism
                                 -0.020556    0.859495   library hold time
                                              0.859495   data required time
---------------------------------------------------------------------------------------------
                                              0.859495   data required time
                                             -1.078318   data arrival time
---------------------------------------------------------------------------------------------
                                              0.218822   slack (MET)


Startpoint: _3082_ (rising edge-triggered flip-flop clocked by clk)
Endpoint: _3044_ (rising edge-triggered flip-flop clocked by clk)
Path Group: clk
Path Type: min

Fanout         Cap        Slew       Delay        Time   Description
---------------------------------------------------------------------------------------------
                                  0.000000    0.000000   clock clk (rise edge)
                                  0.000000    0.000000   clock source latency
     1    0.027726    0.097508    0.068012    0.068012 ^ clk (in)
                                                         clk (net)
                      0.097648    0.000000    0.068012 ^ clkbuf_0_clk/A (sky130_fd_sc_hd__clkbuf_16)
    16    0.123440    0.106891    0.156506    0.224518 ^ clkbuf_0_clk/X (sky130_fd_sc_hd__clkbuf_16)
                                                         clknet_0_clk (net)
                      0.107573    0.006887    0.231405 ^ clkbuf_4_7_0_clk/A (sky130_fd_sc_hd__clkbuf_8)
    17    0.071778    0.100846    0.153065    0.384470 ^ clkbuf_4_7_0_clk/X (sky130_fd_sc_hd__clkbuf_8)
                                                         clknet_4_7_0_clk (net)
                      0.101500    0.006538    0.391008 ^ _3082_/CLK (sky130_fd_sc_hd__dfrtp_4)
    22    0.113335    0.244402    0.425420    0.816428 ^ _3082_/Q (sky130_fd_sc_hd__dfrtp_4)
                                                         acc_reg[3] (net)
                      0.245487    0.013188    0.829616 ^ _2332_/A (sky130_fd_sc_hd__and2_1)
     2    0.008144    0.069382    0.122422    0.952038 ^ _2332_/X (sky130_fd_sc_hd__and2_1)
                                                         _0651_ (net)
                      0.069383    0.000386    0.952424 ^ _2375_/B (sky130_fd_sc_hd__and2_1)
     1    0.003050    0.034402    0.081033    1.033457 ^ _2375_/X (sky130_fd_sc_hd__and2_1)
                                                         _0686_ (net)
                      0.034403    0.000214    1.033671 ^ _2376_/C1 (sky130_fd_sc_hd__a221o_1)
     1    0.002450    0.025979    0.055072    1.088743 ^ _2376_/X (sky130_fd_sc_hd__a221o_1)
                                                         _0303_ (net)
                      0.025979    0.000112    1.088856 ^ _3044_/D (sky130_fd_sc_hd__dfrtp_1)
                                              1.088856   data arrival time

                                  0.000000    0.000000   clock clk (rise edge)
                                  0.000000    0.000000   clock source latency
     1    0.027726    0.097508    0.068012    0.068012 ^ clk (in)
                                                         clk (net)
                      0.097648    0.000000    0.068012 ^ clkbuf_0_clk/A (sky130_fd_sc_hd__clkbuf_16)
    16    0.123440    0.106891    0.156506    0.224518 ^ clkbuf_0_clk/X (sky130_fd_sc_hd__clkbuf_16)
                                                         clknet_0_clk (net)
                      0.108050    0.008889    0.233408 ^ clkbuf_4_15_0_clk/A (sky130_fd_sc_hd__clkbuf_8)
    13    0.066990    0.094978    0.149504    0.382912 ^ clkbuf_4_15_0_clk/X (sky130_fd_sc_hd__clkbuf_8)
                                                         clknet_4_15_0_clk (net)
                      0.095185    0.003627    0.386539 ^ _3044_/CLK (sky130_fd_sc_hd__dfrtp_1)
                                  0.500000    0.886539   clock uncertainty
                                  0.000000    0.886539   clock reconvergence pessimism
                                 -0.017718    0.868821   library hold time
                                              0.868821   data required time
---------------------------------------------------------------------------------------------
                                              0.868821   data required time
                                             -1.088856   data arrival time
---------------------------------------------------------------------------------------------
                                              0.220035   slack (MET)


Startpoint: _3121_ (rising edge-triggered flip-flop clocked by clk)
Endpoint: _3105_ (rising edge-triggered flip-flop clocked by clk)
Path Group: clk
Path Type: min

Fanout         Cap        Slew       Delay        Time   Description
---------------------------------------------------------------------------------------------
                                  0.000000    0.000000   clock clk (rise edge)
                                  0.000000    0.000000   clock source latency
     1    0.027726    0.097508    0.068012    0.068012 ^ clk (in)
                                                         clk (net)
                      0.097648    0.000000    0.068012 ^ clkbuf_0_clk/A (sky130_fd_sc_hd__clkbuf_16)
    16    0.123440    0.106891    0.156506    0.224518 ^ clkbuf_0_clk/X (sky130_fd_sc_hd__clkbuf_16)
                                                         clknet_0_clk (net)
                      0.107584    0.006936    0.231454 ^ clkbuf_4_4_0_clk/A (sky130_fd_sc_hd__clkbuf_8)
    11    0.060636    0.087160    0.144351    0.375805 ^ clkbuf_4_4_0_clk/X (sky130_fd_sc_hd__clkbuf_8)
                                                         clknet_4_4_0_clk (net)
                      0.087370    0.003465    0.379270 ^ _3121_/CLK (sky130_fd_sc_hd__dfrtp_1)
     1    0.002574    0.030399    0.210953    0.590222 ^ _3121_/Q (sky130_fd_sc_hd__dfrtp_1)
                                                         shift_in[10] (net)
                      0.030399    0.000169    0.590391 ^ hold78/A (sky130_fd_sc_hd__dlygate4sd3_1)
     3    0.009524    0.082965    0.407950    0.998341 ^ hold78/X (sky130_fd_sc_hd__dlygate4sd3_1)
                                                         net83 (net)
                      0.082966    0.000504    0.998846 ^ _2129_/A0 (sky130_fd_sc_hd__mux2_1)
     1    0.002749    0.028572    0.083402    1.082247 ^ _2129_/X (sky130_fd_sc_hd__mux2_1)
                                                         _0201_ (net)
                      0.028572    0.000185    1.082432 ^ _3105_/D (sky130_fd_sc_hd__dfrtp_2)
                                              1.082432   data arrival time

                                  0.000000    0.000000   clock clk (rise edge)
                                  0.000000    0.000000   clock source latency
     1    0.027726    0.097508    0.068012    0.068012 ^ clk (in)
                                                         clk (net)
                      0.097648    0.000000    0.068012 ^ clkbuf_0_clk/A (sky130_fd_sc_hd__clkbuf_16)
    16    0.123440    0.106891    0.156506    0.224518 ^ clkbuf_0_clk/X (sky130_fd_sc_hd__clkbuf_16)
                                                         clknet_0_clk (net)
                      0.107584    0.006936    0.231454 ^ clkbuf_4_4_0_clk/A (sky130_fd_sc_hd__clkbuf_8)
    11    0.060636    0.087160    0.144351    0.375805 ^ clkbuf_4_4_0_clk/X (sky130_fd_sc_hd__clkbuf_8)
                                                         clknet_4_4_0_clk (net)
                      0.087313    0.002970    0.378775 ^ _3105_/CLK (sky130_fd_sc_hd__dfrtp_2)
                                  0.500000    0.878775   clock uncertainty
                                  0.000000    0.878775   clock reconvergence pessimism
                                 -0.018081    0.860694   library hold time
                                              0.860694   data required time
---------------------------------------------------------------------------------------------
                                              0.860694   data required time
                                             -1.082432   data arrival time
---------------------------------------------------------------------------------------------
                                              0.221739   slack (MET)


Startpoint: _3154_ (rising edge-triggered flip-flop clocked by clk)
Endpoint: _3085_ (rising edge-triggered flip-flop clocked by clk)
Path Group: clk
Path Type: min

Fanout         Cap        Slew       Delay        Time   Description
---------------------------------------------------------------------------------------------
                                  0.000000    0.000000   clock clk (rise edge)
                                  0.000000    0.000000   clock source latency
     1    0.027726    0.097508    0.068012    0.068012 ^ clk (in)
                                                         clk (net)
                      0.097648    0.000000    0.068012 ^ clkbuf_0_clk/A (sky130_fd_sc_hd__clkbuf_16)
    16    0.123440    0.106891    0.156506    0.224518 ^ clkbuf_0_clk/X (sky130_fd_sc_hd__clkbuf_16)
                                                         clknet_0_clk (net)
                      0.108113    0.009124    0.233642 ^ clkbuf_4_0_0_clk/A (sky130_fd_sc_hd__clkbuf_8)
    24    0.079899    0.110840    0.159315    0.392957 ^ clkbuf_4_0_0_clk/X (sky130_fd_sc_hd__clkbuf_8)
                                                         clknet_4_0_0_clk (net)
                      0.111376    0.006283    0.399240 ^ _3154_/CLK (sky130_fd_sc_hd__dfrtp_1)
     4    0.016199    0.068370    0.286560    0.685800 v _3154_/Q (sky130_fd_sc_hd__dfrtp_1)
                                                         state[2] (net)
                      0.068397    0.001276    0.687076 v _2141_/A (sky130_fd_sc_hd__nor2_1)
     1    0.003671    0.064127    0.085129    0.772205 ^ _2141_/Y (sky130_fd_sc_hd__nor2_1)
                                                         _0502_ (net)
                      0.064127    0.000247    0.772452 ^ _2142_/B1 (sky130_fd_sc_hd__a2111o_2)
     1    0.018367    0.069704    0.105104    0.877557 ^ _2142_/X (sky130_fd_sc_hd__a2111o_2)
                                                         _0503_ (net)
                      0.069775    0.001417    0.878973 ^ _2143_/B (sky130_fd_sc_hd__nor2_8)
    17    0.092322    0.055070    0.052488    0.931462 v _2143_/Y (sky130_fd_sc_hd__nor2_8)
                                                         _0504_ (net)
                      0.060305    0.013151    0.944612 v _2155_/S (sky130_fd_sc_hd__mux2_1)
     1    0.003486    0.032619    0.137554    1.082166 ^ _2155_/X (sky130_fd_sc_hd__mux2_1)
                                                         _0344_ (net)
                      0.032620    0.000217    1.082383 ^ _3085_/D (sky130_fd_sc_hd__dfrtp_4)
                                              1.082383   data arrival time

                                  0.000000    0.000000   clock clk (rise edge)
                                  0.000000    0.000000   clock source latency
     1    0.027726    0.097508    0.068012    0.068012 ^ clk (in)
                                                         clk (net)
                      0.097648    0.000000    0.068012 ^ clkbuf_0_clk/A (sky130_fd_sc_hd__clkbuf_16)
    16    0.123440    0.106891    0.156506    0.224518 ^ clkbuf_0_clk/X (sky130_fd_sc_hd__clkbuf_16)
                                                         clknet_0_clk (net)
                      0.107447    0.006247    0.230765 ^ clkbuf_4_6_0_clk/A (sky130_fd_sc_hd__clkbuf_8)
    12    0.060120    0.086529    0.143690    0.374455 ^ clkbuf_4_6_0_clk/X (sky130_fd_sc_hd__clkbuf_8)
                                                         clknet_4_6_0_clk (net)
                      0.086886    0.004467    0.378922 ^ _3085_/CLK (sky130_fd_sc_hd__dfrtp_4)
                                  0.500000    0.878922   clock uncertainty
                                  0.000000    0.878922   clock reconvergence pessimism
                                 -0.018434    0.860488   library hold time
                                              0.860488   data required time
---------------------------------------------------------------------------------------------
                                              0.860488   data required time
                                             -1.082383   data arrival time
---------------------------------------------------------------------------------------------
                                              0.221896   slack (MET)


Startpoint: _3126_ (rising edge-triggered flip-flop clocked by clk)
Endpoint: _3110_ (rising edge-triggered flip-flop clocked by clk)
Path Group: clk
Path Type: min

Fanout         Cap        Slew       Delay        Time   Description
---------------------------------------------------------------------------------------------
                                  0.000000    0.000000   clock clk (rise edge)
                                  0.000000    0.000000   clock source latency
     1    0.027726    0.097508    0.068012    0.068012 ^ clk (in)
                                                         clk (net)
                      0.097648    0.000000    0.068012 ^ clkbuf_0_clk/A (sky130_fd_sc_hd__clkbuf_16)
    16    0.123440    0.106891    0.156506    0.224518 ^ clkbuf_0_clk/X (sky130_fd_sc_hd__clkbuf_16)
                                                         clknet_0_clk (net)
                      0.108138    0.009211    0.233730 ^ clkbuf_4_1_0_clk/A (sky130_fd_sc_hd__clkbuf_8)
    16    0.072521    0.101778    0.154075    0.387805 ^ clkbuf_4_1_0_clk/X (sky130_fd_sc_hd__clkbuf_8)
                                                         clknet_4_1_0_clk (net)
                      0.102298    0.005876    0.393681 ^ _3126_/CLK (sky130_fd_sc_hd__dfrtp_1)
     2    0.004840    0.043287    0.226850    0.620531 ^ _3126_/Q (sky130_fd_sc_hd__dfrtp_1)
                                                         shift_in[15] (net)
                      0.043318    0.000302    0.620833 ^ hold107/A (sky130_fd_sc_hd__dlygate4sd3_1)
     2    0.007640    0.070171    0.400517    1.021350 ^ hold107/X (sky130_fd_sc_hd__dlygate4sd3_1)
                                                         net112 (net)
                      0.070172    0.000361    1.021711 ^ _2124_/A0 (sky130_fd_sc_hd__mux2_1)
     1    0.002395    0.026608    0.078877    1.100589 ^ _2124_/X (sky130_fd_sc_hd__mux2_1)
                                                         _0206_ (net)
                      0.026609    0.000175    1.100764 ^ _3110_/D (sky130_fd_sc_hd__dfrtp_1)
                                              1.100764   data arrival time

                                  0.000000    0.000000   clock clk (rise edge)
                                  0.000000    0.000000   clock source latency
     1    0.027726    0.097508    0.068012    0.068012 ^ clk (in)
                                                         clk (net)
                      0.097648    0.000000    0.068012 ^ clkbuf_0_clk/A (sky130_fd_sc_hd__clkbuf_16)
    16    0.123440    0.106891    0.156506    0.224518 ^ clkbuf_0_clk/X (sky130_fd_sc_hd__clkbuf_16)
                                                         clknet_0_clk (net)
                      0.108138    0.009211    0.233730 ^ clkbuf_4_1_0_clk/A (sky130_fd_sc_hd__clkbuf_8)
    16    0.072521    0.101778    0.154075    0.387805 ^ clkbuf_4_1_0_clk/X (sky130_fd_sc_hd__clkbuf_8)
                                                         clknet_4_1_0_clk (net)
                      0.102451    0.006655    0.394459 ^ _3110_/CLK (sky130_fd_sc_hd__dfrtp_1)
                                  0.500000    0.894459   clock uncertainty
                                  0.000000    0.894459   clock reconvergence pessimism
                                 -0.017574    0.876886   library hold time
                                              0.876886   data required time
---------------------------------------------------------------------------------------------
                                              0.876886   data required time
                                             -1.100764   data arrival time
---------------------------------------------------------------------------------------------
                                              0.223878   slack (MET)


Startpoint: _3077_ (rising edge-triggered flip-flop clocked by clk)
Endpoint: _3077_ (rising edge-triggered flip-flop clocked by clk)
Path Group: clk
Path Type: min

Fanout         Cap        Slew       Delay        Time   Description
---------------------------------------------------------------------------------------------
                                  0.000000    0.000000   clock clk (rise edge)
                                  0.000000    0.000000   clock source latency
     1    0.027726    0.097508    0.068012    0.068012 ^ clk (in)
                                                         clk (net)
                      0.097648    0.000000    0.068012 ^ clkbuf_0_clk/A (sky130_fd_sc_hd__clkbuf_16)
    16    0.123440    0.106891    0.156506    0.224518 ^ clkbuf_0_clk/X (sky130_fd_sc_hd__clkbuf_16)
                                                         clknet_0_clk (net)
                      0.107846    0.008092    0.232611 ^ clkbuf_4_11_0_clk/A (sky130_fd_sc_hd__clkbuf_8)
    13    0.060092    0.086421    0.144482    0.377093 ^ clkbuf_4_11_0_clk/X (sky130_fd_sc_hd__clkbuf_8)
                                                         clknet_4_11_0_clk (net)
                      0.086577    0.002562    0.379655 ^ _3077_/CLK (sky130_fd_sc_hd__dfrtp_1)
     4    0.011797    0.085119    0.255771    0.635426 ^ _3077_/Q (sky130_fd_sc_hd__dfrtp_1)
                                                         my_sum_sub.cm_exp[7] (net)
                      0.085120    0.000493    0.635919 ^ hold176/A (sky130_fd_sc_hd__dlygate4sd3_1)
     1    0.002479    0.035381    0.378489    1.014408 ^ hold176/X (sky130_fd_sc_hd__dlygate4sd3_1)
                                                         net181 (net)
                      0.035381    0.000099    1.014506 ^ _2164_/A0 (sky130_fd_sc_hd__mux2_1)
     1    0.002504    0.027004    0.070941    1.085448 ^ _2164_/X (sky130_fd_sc_hd__mux2_1)
                                                         _0336_ (net)
                      0.027005    0.000176    1.085623 ^ _3077_/D (sky130_fd_sc_hd__dfrtp_1)
                                              1.085623   data arrival time

                                  0.000000    0.000000   clock clk (rise edge)
                                  0.000000    0.000000   clock source latency
     1    0.027726    0.097508    0.068012    0.068012 ^ clk (in)
                                                         clk (net)
                      0.097648    0.000000    0.068012 ^ clkbuf_0_clk/A (sky130_fd_sc_hd__clkbuf_16)
    16    0.123440    0.106891    0.156506    0.224518 ^ clkbuf_0_clk/X (sky130_fd_sc_hd__clkbuf_16)
                                                         clknet_0_clk (net)
                      0.107846    0.008092    0.232611 ^ clkbuf_4_11_0_clk/A (sky130_fd_sc_hd__clkbuf_8)
    13    0.060092    0.086421    0.144482    0.377093 ^ clkbuf_4_11_0_clk/X (sky130_fd_sc_hd__clkbuf_8)
                                                         clknet_4_11_0_clk (net)
                      0.086577    0.002562    0.379655 ^ _3077_/CLK (sky130_fd_sc_hd__dfrtp_1)
                                  0.500000    0.879655   clock uncertainty
                                  0.000000    0.879655   clock reconvergence pessimism
                                 -0.018022    0.861633   library hold time
                                              0.861633   data required time
---------------------------------------------------------------------------------------------
                                              0.861633   data required time
                                             -1.085623   data arrival time
---------------------------------------------------------------------------------------------
                                              0.223991   slack (MET)


Startpoint: _2998_ (rising edge-triggered flip-flop clocked by clk)
Endpoint: _3012_ (rising edge-triggered flip-flop clocked by clk)
Path Group: clk
Path Type: min

Fanout         Cap        Slew       Delay        Time   Description
---------------------------------------------------------------------------------------------
                                  0.000000    0.000000   clock clk (rise edge)
                                  0.000000    0.000000   clock source latency
     1    0.027726    0.097508    0.068012    0.068012 ^ clk (in)
                                                         clk (net)
                      0.097648    0.000000    0.068012 ^ clkbuf_0_clk/A (sky130_fd_sc_hd__clkbuf_16)
    16    0.123440    0.106891    0.156506    0.224518 ^ clkbuf_0_clk/X (sky130_fd_sc_hd__clkbuf_16)
                                                         clknet_0_clk (net)
                      0.108113    0.009124    0.233642 ^ clkbuf_4_0_0_clk/A (sky130_fd_sc_hd__clkbuf_8)
    24    0.079899    0.110840    0.159315    0.392957 ^ clkbuf_4_0_0_clk/X (sky130_fd_sc_hd__clkbuf_8)
                                                         clknet_4_0_0_clk (net)
                      0.111212    0.005281    0.398238 ^ _2998_/CLK (sky130_fd_sc_hd__dfrtp_1)
     2    0.007441    0.058936    0.241631    0.639869 ^ _2998_/Q (sky130_fd_sc_hd__dfrtp_1)
                                                         my_divider.counter[1] (net)
                      0.058939    0.000435    0.640305 ^ _1548_/B (sky130_fd_sc_hd__or4b_1)
     3    0.017321    0.123349    0.141302    0.781607 ^ _1548_/X (sky130_fd_sc_hd__or4b_1)
                                                         _1093_ (net)
                      0.123357    0.001142    0.782749 ^ _2689_/B (sky130_fd_sc_hd__and2_4)
    17    0.085889    0.187981    0.213057    0.995806 ^ _2689_/X (sky130_fd_sc_hd__and2_4)
                                                         _0972_ (net)
                      0.189438    0.013366    1.009171 ^ _2697_/A2 (sky130_fd_sc_hd__a22o_1)
     1    0.002682    0.029390    0.093682    1.102854 ^ _2697_/X (sky130_fd_sc_hd__a22o_1)
                                                         _0271_ (net)
                      0.029391    0.000181    1.103035 ^ _3012_/D (sky130_fd_sc_hd__dfrtp_1)
                                              1.103035   data arrival time

                                  0.000000    0.000000   clock clk (rise edge)
                                  0.000000    0.000000   clock source latency
     1    0.027726    0.097508    0.068012    0.068012 ^ clk (in)
                                                         clk (net)
                      0.097648    0.000000    0.068012 ^ clkbuf_0_clk/A (sky130_fd_sc_hd__clkbuf_16)
    16    0.123440    0.106891    0.156506    0.224518 ^ clkbuf_0_clk/X (sky130_fd_sc_hd__clkbuf_16)
                                                         clknet_0_clk (net)
                      0.108012    0.008748    0.233267 ^ clkbuf_4_2_0_clk/A (sky130_fd_sc_hd__clkbuf_8)
    18    0.074804    0.104565    0.155121    0.388388 ^ clkbuf_4_2_0_clk/X (sky130_fd_sc_hd__clkbuf_8)
                                                         clknet_4_2_0_clk (net)
                      0.105479    0.007856    0.396243 ^ _3012_/CLK (sky130_fd_sc_hd__dfrtp_1)
                                  0.500000    0.896244   clock uncertainty
                                  0.000000    0.896244   clock reconvergence pessimism
                                 -0.017701    0.878543   library hold time
                                              0.878543   data required time
---------------------------------------------------------------------------------------------
                                              0.878543   data required time
                                             -1.103035   data arrival time
---------------------------------------------------------------------------------------------
                                              0.224492   slack (MET)


Startpoint: _3111_ (rising edge-triggered flip-flop clocked by clk)
Endpoint: _3095_ (rising edge-triggered flip-flop clocked by clk)
Path Group: clk
Path Type: min

Fanout         Cap        Slew       Delay        Time   Description
---------------------------------------------------------------------------------------------
                                  0.000000    0.000000   clock clk (rise edge)
                                  0.000000    0.000000   clock source latency
     1    0.027726    0.097508    0.068012    0.068012 ^ clk (in)
                                                         clk (net)
                      0.097648    0.000000    0.068012 ^ clkbuf_0_clk/A (sky130_fd_sc_hd__clkbuf_16)
    16    0.123440    0.106891    0.156506    0.224518 ^ clkbuf_0_clk/X (sky130_fd_sc_hd__clkbuf_16)
                                                         clknet_0_clk (net)
                      0.107573    0.006887    0.231405 ^ clkbuf_4_7_0_clk/A (sky130_fd_sc_hd__clkbuf_8)
    17    0.071778    0.100846    0.153065    0.384470 ^ clkbuf_4_7_0_clk/X (sky130_fd_sc_hd__clkbuf_8)
                                                         clknet_4_7_0_clk (net)
                      0.101488    0.006476    0.390946 ^ _3111_/CLK (sky130_fd_sc_hd__dfrtp_1)
     1    0.002387    0.029391    0.213606    0.604552 ^ _3111_/Q (sky130_fd_sc_hd__dfrtp_1)
                                                         shift_in[0] (net)
                      0.029391    0.000161    0.604713 ^ hold116/A (sky130_fd_sc_hd__dlygate4sd3_1)
     3    0.008231    0.074253    0.400745    1.005458 ^ hold116/X (sky130_fd_sc_hd__dlygate4sd3_1)
                                                         net121 (net)
                      0.074254    0.000413    1.005872 ^ _2139_/A0 (sky130_fd_sc_hd__mux2_1)
     1    0.003186    0.031047    0.083860    1.089732 ^ _2139_/X (sky130_fd_sc_hd__mux2_1)
                                                         _0354_ (net)
                      0.031047    0.000228    1.089960 ^ _3095_/D (sky130_fd_sc_hd__dfrtp_4)
                                              1.089960   data arrival time

                                  0.000000    0.000000   clock clk (rise edge)
                                  0.000000    0.000000   clock source latency
     1    0.027726    0.097508    0.068012    0.068012 ^ clk (in)
                                                         clk (net)
                      0.097648    0.000000    0.068012 ^ clkbuf_0_clk/A (sky130_fd_sc_hd__clkbuf_16)
    16    0.123440    0.106891    0.156506    0.224518 ^ clkbuf_0_clk/X (sky130_fd_sc_hd__clkbuf_16)
                                                         clknet_0_clk (net)
                      0.107516    0.006605    0.231123 ^ clkbuf_4_5_0_clk/A (sky130_fd_sc_hd__clkbuf_8)
    10    0.065462    0.093069    0.148740    0.379863 ^ clkbuf_4_5_0_clk/X (sky130_fd_sc_hd__clkbuf_8)
                                                         clknet_4_5_0_clk (net)
                      0.093297    0.003728    0.383591 ^ _3095_/CLK (sky130_fd_sc_hd__dfrtp_4)
                                  0.500000    0.883591   clock uncertainty
                                  0.000000    0.883591   clock reconvergence pessimism
                                 -0.018147    0.865444   library hold time
                                              0.865444   data required time
---------------------------------------------------------------------------------------------
                                              0.865444   data required time
                                             -1.089960   data arrival time
---------------------------------------------------------------------------------------------
                                              0.224516   slack (MET)


Startpoint: _3154_ (rising edge-triggered flip-flop clocked by clk)
Endpoint: _3081_ (rising edge-triggered flip-flop clocked by clk)
Path Group: clk
Path Type: min

Fanout         Cap        Slew       Delay        Time   Description
---------------------------------------------------------------------------------------------
                                  0.000000    0.000000   clock clk (rise edge)
                                  0.000000    0.000000   clock source latency
     1    0.027726    0.097508    0.068012    0.068012 ^ clk (in)
                                                         clk (net)
                      0.097648    0.000000    0.068012 ^ clkbuf_0_clk/A (sky130_fd_sc_hd__clkbuf_16)
    16    0.123440    0.106891    0.156506    0.224518 ^ clkbuf_0_clk/X (sky130_fd_sc_hd__clkbuf_16)
                                                         clknet_0_clk (net)
                      0.108113    0.009124    0.233642 ^ clkbuf_4_0_0_clk/A (sky130_fd_sc_hd__clkbuf_8)
    24    0.079899    0.110840    0.159315    0.392957 ^ clkbuf_4_0_0_clk/X (sky130_fd_sc_hd__clkbuf_8)
                                                         clknet_4_0_0_clk (net)
                      0.111376    0.006283    0.399240 ^ _3154_/CLK (sky130_fd_sc_hd__dfrtp_1)
     4    0.016199    0.068370    0.286560    0.685800 v _3154_/Q (sky130_fd_sc_hd__dfrtp_1)
                                                         state[2] (net)
                      0.068397    0.001276    0.687076 v _2141_/A (sky130_fd_sc_hd__nor2_1)
     1    0.003671    0.064127    0.085129    0.772205 ^ _2141_/Y (sky130_fd_sc_hd__nor2_1)
                                                         _0502_ (net)
                      0.064127    0.000247    0.772452 ^ _2142_/B1 (sky130_fd_sc_hd__a2111o_2)
     1    0.018367    0.069704    0.105104    0.877557 ^ _2142_/X (sky130_fd_sc_hd__a2111o_2)
                                                         _0503_ (net)
                      0.069775    0.001417    0.878973 ^ _2143_/B (sky130_fd_sc_hd__nor2_8)
    17    0.092322    0.055070    0.052488    0.931462 v _2143_/Y (sky130_fd_sc_hd__nor2_8)
                                                         _0504_ (net)
                      0.060487    0.013389    0.944851 v _2159_/S (sky130_fd_sc_hd__mux2_1)
     1    0.004220    0.036912    0.141220    1.086071 ^ _2159_/X (sky130_fd_sc_hd__mux2_1)
                                                         _0340_ (net)
                      0.036915    0.000330    1.086401 ^ _3081_/D (sky130_fd_sc_hd__dfrtp_4)
                                              1.086401   data arrival time

                                  0.000000    0.000000   clock clk (rise edge)
                                  0.000000    0.000000   clock source latency
     1    0.027726    0.097508    0.068012    0.068012 ^ clk (in)
                                                         clk (net)
                      0.097648    0.000000    0.068012 ^ clkbuf_0_clk/A (sky130_fd_sc_hd__clkbuf_16)
    16    0.123440    0.106891    0.156506    0.224518 ^ clkbuf_0_clk/X (sky130_fd_sc_hd__clkbuf_16)
                                                         clknet_0_clk (net)
                      0.107447    0.006247    0.230765 ^ clkbuf_4_6_0_clk/A (sky130_fd_sc_hd__clkbuf_8)
    12    0.060120    0.086529    0.143690    0.374455 ^ clkbuf_4_6_0_clk/X (sky130_fd_sc_hd__clkbuf_8)
                                                         clknet_4_6_0_clk (net)
                      0.086899    0.004542    0.378996 ^ _3081_/CLK (sky130_fd_sc_hd__dfrtp_4)
                                  0.500000    0.878996   clock uncertainty
                                  0.000000    0.878996   clock reconvergence pessimism
                                 -0.018755    0.860242   library hold time
                                              0.860242   data required time
---------------------------------------------------------------------------------------------
                                              0.860242   data required time
                                             -1.086401   data arrival time
---------------------------------------------------------------------------------------------
                                              0.226160   slack (MET)


Startpoint: _3014_ (rising edge-triggered flip-flop clocked by clk)
Endpoint: _3014_ (rising edge-triggered flip-flop clocked by clk)
Path Group: clk
Path Type: min

Fanout         Cap        Slew       Delay        Time   Description
---------------------------------------------------------------------------------------------
                                  0.000000    0.000000   clock clk (rise edge)
                                  0.000000    0.000000   clock source latency
     1    0.027726    0.097508    0.068012    0.068012 ^ clk (in)
                                                         clk (net)
                      0.097648    0.000000    0.068012 ^ clkbuf_0_clk/A (sky130_fd_sc_hd__clkbuf_16)
    16    0.123440    0.106891    0.156506    0.224518 ^ clkbuf_0_clk/X (sky130_fd_sc_hd__clkbuf_16)
                                                         clknet_0_clk (net)
                      0.108012    0.008748    0.233267 ^ clkbuf_4_2_0_clk/A (sky130_fd_sc_hd__clkbuf_8)
    18    0.074804    0.104565    0.155121    0.388388 ^ clkbuf_4_2_0_clk/X (sky130_fd_sc_hd__clkbuf_8)
                                                         clknet_4_2_0_clk (net)
                      0.105505    0.007966    0.396354 ^ _3014_/CLK (sky130_fd_sc_hd__dfrtp_1)
     3    0.011966    0.086189    0.261251    0.657604 ^ _3014_/Q (sky130_fd_sc_hd__dfrtp_1)
                                                         div_quotient[4] (net)
                      0.086193    0.000745    0.658349 ^ _2695_/B2 (sky130_fd_sc_hd__a22o_1)
     1    0.003399    0.033655    0.079194    0.737543 ^ _2695_/X (sky130_fd_sc_hd__a22o_1)
                                                         _0273_ (net)
                      0.033655    0.000140    0.737684 ^ hold85/A (sky130_fd_sc_hd__dlygate4sd3_1)
     1    0.002387    0.034839    0.368659    1.106343 ^ hold85/X (sky130_fd_sc_hd__dlygate4sd3_1)
                                                         net90 (net)
                      0.034839    0.000171    1.106513 ^ _3014_/D (sky130_fd_sc_hd__dfrtp_1)
                                              1.106513   data arrival time

                                  0.000000    0.000000   clock clk (rise edge)
                                  0.000000    0.000000   clock source latency
     1    0.027726    0.097508    0.068012    0.068012 ^ clk (in)
                                                         clk (net)
                      0.097648    0.000000    0.068012 ^ clkbuf_0_clk/A (sky130_fd_sc_hd__clkbuf_16)
    16    0.123440    0.106891    0.156506    0.224518 ^ clkbuf_0_clk/X (sky130_fd_sc_hd__clkbuf_16)
                                                         clknet_0_clk (net)
                      0.108012    0.008748    0.233267 ^ clkbuf_4_2_0_clk/A (sky130_fd_sc_hd__clkbuf_8)
    18    0.074804    0.104565    0.155121    0.388388 ^ clkbuf_4_2_0_clk/X (sky130_fd_sc_hd__clkbuf_8)
                                                         clknet_4_2_0_clk (net)
                      0.105505    0.007966    0.396354 ^ _3014_/CLK (sky130_fd_sc_hd__dfrtp_1)
                                  0.500000    0.896354   clock uncertainty
                                  0.000000    0.896354   clock reconvergence pessimism
                                 -0.018106    0.878248   library hold time
                                              0.878248   data required time
---------------------------------------------------------------------------------------------
                                              0.878248   data required time
                                             -1.106513   data arrival time
---------------------------------------------------------------------------------------------
                                              0.228266   slack (MET)


Startpoint: _3154_ (rising edge-triggered flip-flop clocked by clk)
Endpoint: _3145_ (rising edge-triggered flip-flop clocked by clk)
Path Group: clk
Path Type: min

Fanout         Cap        Slew       Delay        Time   Description
---------------------------------------------------------------------------------------------
                                  0.000000    0.000000   clock clk (rise edge)
                                  0.000000    0.000000   clock source latency
     1    0.027726    0.097508    0.068012    0.068012 ^ clk (in)
                                                         clk (net)
                      0.097648    0.000000    0.068012 ^ clkbuf_0_clk/A (sky130_fd_sc_hd__clkbuf_16)
    16    0.123440    0.106891    0.156506    0.224518 ^ clkbuf_0_clk/X (sky130_fd_sc_hd__clkbuf_16)
                                                         clknet_0_clk (net)
                      0.108113    0.009124    0.233642 ^ clkbuf_4_0_0_clk/A (sky130_fd_sc_hd__clkbuf_8)
    24    0.079899    0.110840    0.159315    0.392957 ^ clkbuf_4_0_0_clk/X (sky130_fd_sc_hd__clkbuf_8)
                                                         clknet_4_0_0_clk (net)
                      0.111376    0.006283    0.399240 ^ _3154_/CLK (sky130_fd_sc_hd__dfrtp_1)
     4    0.016923    0.117545    0.285054    0.684294 ^ _3154_/Q (sky130_fd_sc_hd__dfrtp_1)
                                                         state[2] (net)
                      0.117552    0.001033    0.685327 ^ _1517_/A (sky130_fd_sc_hd__nor2_1)
     4    0.013035    0.045850    0.068374    0.753700 v _1517_/Y (sky130_fd_sc_hd__nor2_1)
                                                         _1067_ (net)
                      0.045861    0.000585    0.754286 v _1521_/A2 (sky130_fd_sc_hd__o21a_1)
     1    0.005630    0.026147    0.117322    0.871608 v _1521_/X (sky130_fd_sc_hd__o21a_1)
                                                         _1071_ (net)
                      0.026155    0.000437    0.872045 v _1522_/A (sky130_fd_sc_hd__inv_2)
     3    0.010267    0.039593    0.043363    0.915408 ^ _1522_/Y (sky130_fd_sc_hd__inv_2)
                                                         _1072_ (net)
                      0.039605    0.000558    0.915967 ^ _1530_/A1 (sky130_fd_sc_hd__o21a_1)
     2    0.006095    0.049806    0.088707    1.004674 ^ _1530_/X (sky130_fd_sc_hd__o21a_1)
                                                         _1079_ (net)
                      0.049807    0.000286    1.004960 ^ _1534_/A_N (sky130_fd_sc_hd__and2b_1)
     1    0.002737    0.023121    0.107409    1.112368 v _1534_/X (sky130_fd_sc_hd__and2b_1)
                                                         _0241_ (net)
                      0.023135    0.000185    1.112553 v _3145_/D (sky130_fd_sc_hd__dfrtp_1)
                                              1.112553   data arrival time

                                  0.000000    0.000000   clock clk (rise edge)
                                  0.000000    0.000000   clock source latency
     1    0.027726    0.097508    0.068012    0.068012 ^ clk (in)
                                                         clk (net)
                      0.097648    0.000000    0.068012 ^ clkbuf_0_clk/A (sky130_fd_sc_hd__clkbuf_16)
    16    0.123440    0.106891    0.156506    0.224518 ^ clkbuf_0_clk/X (sky130_fd_sc_hd__clkbuf_16)
                                                         clknet_0_clk (net)
                      0.108113    0.009124    0.233642 ^ clkbuf_4_0_0_clk/A (sky130_fd_sc_hd__clkbuf_8)
    24    0.079899    0.110840    0.159315    0.392957 ^ clkbuf_4_0_0_clk/X (sky130_fd_sc_hd__clkbuf_8)
                                                         clknet_4_0_0_clk (net)
                      0.111951    0.008914    0.401870 ^ _3145_/CLK (sky130_fd_sc_hd__dfrtp_1)
                                  0.500000    0.901870   clock uncertainty
                                  0.000000    0.901870   clock reconvergence pessimism
                                 -0.021536    0.880334   library hold time
                                              0.880334   data required time
---------------------------------------------------------------------------------------------
                                              0.880334   data required time
                                             -1.112553   data arrival time
---------------------------------------------------------------------------------------------
                                              0.232219   slack (MET)


Startpoint: _3124_ (rising edge-triggered flip-flop clocked by clk)
Endpoint: _3108_ (rising edge-triggered flip-flop clocked by clk)
Path Group: clk
Path Type: min

Fanout         Cap        Slew       Delay        Time   Description
---------------------------------------------------------------------------------------------
                                  0.000000    0.000000   clock clk (rise edge)
                                  0.000000    0.000000   clock source latency
     1    0.027726    0.097508    0.068012    0.068012 ^ clk (in)
                                                         clk (net)
                      0.097648    0.000000    0.068012 ^ clkbuf_0_clk/A (sky130_fd_sc_hd__clkbuf_16)
    16    0.123440    0.106891    0.156506    0.224518 ^ clkbuf_0_clk/X (sky130_fd_sc_hd__clkbuf_16)
                                                         clknet_0_clk (net)
                      0.108138    0.009211    0.233730 ^ clkbuf_4_1_0_clk/A (sky130_fd_sc_hd__clkbuf_8)
    16    0.072521    0.101778    0.154075    0.387805 ^ clkbuf_4_1_0_clk/X (sky130_fd_sc_hd__clkbuf_8)
                                                         clknet_4_1_0_clk (net)
                      0.102499    0.006880    0.394685 ^ _3124_/CLK (sky130_fd_sc_hd__dfrtp_1)
     1    0.002185    0.028322    0.212723    0.607408 ^ _3124_/Q (sky130_fd_sc_hd__dfrtp_1)
                                                         shift_in[13] (net)
                      0.028322    0.000154    0.607562 ^ hold90/A (sky130_fd_sc_hd__dlygate4sd3_1)
     3    0.009068    0.080059    0.405009    1.012571 ^ hold90/X (sky130_fd_sc_hd__dlygate4sd3_1)
                                                         net95 (net)
                      0.080060    0.000508    1.013078 ^ _2126_/A0 (sky130_fd_sc_hd__mux2_1)
     1    0.002403    0.026653    0.080978    1.094056 ^ _2126_/X (sky130_fd_sc_hd__mux2_1)
                                                         _0204_ (net)
                      0.026655    0.000170    1.094226 ^ _3108_/D (sky130_fd_sc_hd__dfrtp_2)
                                              1.094226   data arrival time

                                  0.000000    0.000000   clock clk (rise edge)
                                  0.000000    0.000000   clock source latency
     1    0.027726    0.097508    0.068012    0.068012 ^ clk (in)
                                                         clk (net)
                      0.097648    0.000000    0.068012 ^ clkbuf_0_clk/A (sky130_fd_sc_hd__clkbuf_16)
    16    0.123440    0.106891    0.156506    0.224518 ^ clkbuf_0_clk/X (sky130_fd_sc_hd__clkbuf_16)
                                                         clknet_0_clk (net)
                      0.107584    0.006936    0.231454 ^ clkbuf_4_4_0_clk/A (sky130_fd_sc_hd__clkbuf_8)
    11    0.060636    0.087160    0.144351    0.375805 ^ clkbuf_4_4_0_clk/X (sky130_fd_sc_hd__clkbuf_8)
                                                         clknet_4_4_0_clk (net)
                      0.087286    0.002701    0.378506 ^ _3108_/CLK (sky130_fd_sc_hd__dfrtp_2)
                                  0.500000    0.878506   clock uncertainty
                                  0.000000    0.878506   clock reconvergence pessimism
                                 -0.017942    0.860563   library hold time
                                              0.860563   data required time
---------------------------------------------------------------------------------------------
                                              0.860563   data required time
                                             -1.094226   data arrival time
---------------------------------------------------------------------------------------------
                                              0.233663   slack (MET)


Startpoint: _3119_ (rising edge-triggered flip-flop clocked by clk)
Endpoint: _3118_ (rising edge-triggered flip-flop clocked by clk)
Path Group: clk
Path Type: min

Fanout         Cap        Slew       Delay        Time   Description
---------------------------------------------------------------------------------------------
                                  0.000000    0.000000   clock clk (rise edge)
                                  0.000000    0.000000   clock source latency
     1    0.027726    0.097508    0.068012    0.068012 ^ clk (in)
                                                         clk (net)
                      0.097648    0.000000    0.068012 ^ clkbuf_0_clk/A (sky130_fd_sc_hd__clkbuf_16)
    16    0.123440    0.106891    0.156506    0.224518 ^ clkbuf_0_clk/X (sky130_fd_sc_hd__clkbuf_16)
                                                         clknet_0_clk (net)
                      0.107516    0.006605    0.231123 ^ clkbuf_4_5_0_clk/A (sky130_fd_sc_hd__clkbuf_8)
    10    0.065462    0.093069    0.148740    0.379863 ^ clkbuf_4_5_0_clk/X (sky130_fd_sc_hd__clkbuf_8)
                                                         clknet_4_5_0_clk (net)
                      0.093452    0.004798    0.384661 ^ _3119_/CLK (sky130_fd_sc_hd__dfrtp_1)
     1    0.004106    0.039041    0.221057    0.605718 ^ _3119_/Q (sky130_fd_sc_hd__dfrtp_1)
                                                         shift_in[8] (net)
                      0.039041    0.000243    0.605962 ^ hold63/A (sky130_fd_sc_hd__dlygate4sd3_1)
     3    0.009881    0.085261    0.411621    1.017583 ^ hold63/X (sky130_fd_sc_hd__dlygate4sd3_1)
                                                         net68 (net)
                      0.085265    0.000678    1.018261 ^ _2113_/A0 (sky130_fd_sc_hd__mux2_1)
     1    0.002713    0.028484    0.083692    1.101953 ^ _2113_/X (sky130_fd_sc_hd__mux2_1)
                                                         _0214_ (net)
                      0.028484    0.000182    1.102135 ^ _3118_/D (sky130_fd_sc_hd__dfrtp_1)
                                              1.102135   data arrival time

                                  0.000000    0.000000   clock clk (rise edge)
                                  0.000000    0.000000   clock source latency
     1    0.027726    0.097508    0.068012    0.068012 ^ clk (in)
                                                         clk (net)
                      0.097648    0.000000    0.068012 ^ clkbuf_0_clk/A (sky130_fd_sc_hd__clkbuf_16)
    16    0.123440    0.106891    0.156506    0.224518 ^ clkbuf_0_clk/X (sky130_fd_sc_hd__clkbuf_16)
                                                         clknet_0_clk (net)
                      0.107516    0.006605    0.231123 ^ clkbuf_4_5_0_clk/A (sky130_fd_sc_hd__clkbuf_8)
    10    0.065462    0.093069    0.148740    0.379863 ^ clkbuf_4_5_0_clk/X (sky130_fd_sc_hd__clkbuf_8)
                                                         clknet_4_5_0_clk (net)
                      0.093463    0.004863    0.384726 ^ _3118_/CLK (sky130_fd_sc_hd__dfrtp_1)
                                  0.500000    0.884726   clock uncertainty
                                  0.000000    0.884726   clock reconvergence pessimism
                                 -0.017951    0.866775   library hold time
                                              0.866775   data required time
---------------------------------------------------------------------------------------------
                                              0.866775   data required time
                                             -1.102135   data arrival time
---------------------------------------------------------------------------------------------
                                              0.235360   slack (MET)


Startpoint: _3114_ (rising edge-triggered flip-flop clocked by clk)
Endpoint: _3113_ (rising edge-triggered flip-flop clocked by clk)
Path Group: clk
Path Type: min

Fanout         Cap        Slew       Delay        Time   Description
---------------------------------------------------------------------------------------------
                                  0.000000    0.000000   clock clk (rise edge)
                                  0.000000    0.000000   clock source latency
     1    0.027726    0.097508    0.068012    0.068012 ^ clk (in)
                                                         clk (net)
                      0.097648    0.000000    0.068012 ^ clkbuf_0_clk/A (sky130_fd_sc_hd__clkbuf_16)
    16    0.123440    0.106891    0.156506    0.224518 ^ clkbuf_0_clk/X (sky130_fd_sc_hd__clkbuf_16)
                                                         clknet_0_clk (net)
                      0.107516    0.006605    0.231123 ^ clkbuf_4_5_0_clk/A (sky130_fd_sc_hd__clkbuf_8)
    10    0.065462    0.093069    0.148740    0.379863 ^ clkbuf_4_5_0_clk/X (sky130_fd_sc_hd__clkbuf_8)
                                                         clknet_4_5_0_clk (net)
                      0.093419    0.004587    0.384450 ^ _3114_/CLK (sky130_fd_sc_hd__dfrtp_1)
     2    0.007235    0.057692    0.236015    0.620465 ^ _3114_/Q (sky130_fd_sc_hd__dfrtp_1)
                                                         shift_in[3] (net)
                      0.057693    0.000382    0.620847 ^ hold166/A (sky130_fd_sc_hd__dlygate4sd3_1)
     3    0.008484    0.076026    0.407855    1.028702 ^ hold166/X (sky130_fd_sc_hd__dlygate4sd3_1)
                                                         net171 (net)
                      0.076027    0.000460    1.029162 ^ _2118_/A0 (sky130_fd_sc_hd__mux2_1)
     1    0.003091    0.030620    0.083752    1.112914 ^ _2118_/X (sky130_fd_sc_hd__mux2_1)
                                                         _0209_ (net)
                      0.030620    0.000200    1.113114 ^ _3113_/D (sky130_fd_sc_hd__dfrtp_1)
                                              1.113114   data arrival time

                                  0.000000    0.000000   clock clk (rise edge)
                                  0.000000    0.000000   clock source latency
     1    0.027726    0.097508    0.068012    0.068012 ^ clk (in)
                                                         clk (net)
                      0.097648    0.000000    0.068012 ^ clkbuf_0_clk/A (sky130_fd_sc_hd__clkbuf_16)
    16    0.123440    0.106891    0.156506    0.224518 ^ clkbuf_0_clk/X (sky130_fd_sc_hd__clkbuf_16)
                                                         clknet_0_clk (net)
                      0.107573    0.006887    0.231405 ^ clkbuf_4_7_0_clk/A (sky130_fd_sc_hd__clkbuf_8)
    17    0.071778    0.100846    0.153065    0.384470 ^ clkbuf_4_7_0_clk/X (sky130_fd_sc_hd__clkbuf_8)
                                                         clknet_4_7_0_clk (net)
                      0.101624    0.007108    0.391578 ^ _3113_/CLK (sky130_fd_sc_hd__dfrtp_1)
                                  0.500000    0.891578   clock uncertainty
                                  0.000000    0.891578   clock reconvergence pessimism
                                 -0.017894    0.873683   library hold time
                                              0.873683   data required time
---------------------------------------------------------------------------------------------
                                              0.873683   data required time
                                             -1.113114   data arrival time
---------------------------------------------------------------------------------------------
                                              0.239431   slack (MET)


Startpoint: _3076_ (rising edge-triggered flip-flop clocked by clk)
Endpoint: _3025_ (rising edge-triggered flip-flop clocked by clk)
Path Group: clk
Path Type: min

Fanout         Cap        Slew       Delay        Time   Description
---------------------------------------------------------------------------------------------
                                  0.000000    0.000000   clock clk (rise edge)
                                  0.000000    0.000000   clock source latency
     1    0.027726    0.097508    0.068012    0.068012 ^ clk (in)
                                                         clk (net)
                      0.097648    0.000000    0.068012 ^ clkbuf_0_clk/A (sky130_fd_sc_hd__clkbuf_16)
    16    0.123440    0.106891    0.156506    0.224518 ^ clkbuf_0_clk/X (sky130_fd_sc_hd__clkbuf_16)
                                                         clknet_0_clk (net)
                      0.107846    0.008092    0.232611 ^ clkbuf_4_11_0_clk/A (sky130_fd_sc_hd__clkbuf_8)
    13    0.060092    0.086421    0.144482    0.377093 ^ clkbuf_4_11_0_clk/X (sky130_fd_sc_hd__clkbuf_8)
                                                         clknet_4_11_0_clk (net)
                      0.086576    0.002543    0.379636 ^ _3076_/CLK (sky130_fd_sc_hd__dfrtp_2)
     6    0.024227    0.063540    0.296206    0.675842 v _3076_/Q (sky130_fd_sc_hd__dfrtp_2)
                                                         my_sum_sub.cm_exp[6] (net)
                      0.063569    0.001322    0.677164 v _2638_/B2 (sky130_fd_sc_hd__o32ai_1)
     1    0.002549    0.062404    0.074930    0.752094 ^ _2638_/Y (sky130_fd_sc_hd__o32ai_1)
                                                         _0937_ (net)
                      0.062404    0.000107    0.752201 ^ _2644_/D (sky130_fd_sc_hd__and4b_1)
     1    0.009475    0.082194    0.150535    0.902736 ^ _2644_/X (sky130_fd_sc_hd__and4b_1)
                                                         _0943_ (net)
                      0.082199    0.000738    0.903474 ^ _2659_/A1 (sky130_fd_sc_hd__a21oi_4)
    16    0.057677    0.059396    0.083606    0.987080 v _2659_/Y (sky130_fd_sc_hd__a21oi_4)
                                                         _0958_ (net)
                      0.060548    0.006569    0.993649 v _2667_/B2 (sky130_fd_sc_hd__a22o_1)
     1    0.002642    0.022452    0.101755    1.095404 v _2667_/X (sky130_fd_sc_hd__a22o_1)
                                                         _0284_ (net)
                      0.022454    0.000185    1.095589 v _3025_/D (sky130_fd_sc_hd__dfrtp_1)
                                              1.095589   data arrival time

                                  0.000000    0.000000   clock clk (rise edge)
                                  0.000000    0.000000   clock source latency
     1    0.027726    0.097508    0.068012    0.068012 ^ clk (in)
                                                         clk (net)
                      0.097648    0.000000    0.068012 ^ clkbuf_0_clk/A (sky130_fd_sc_hd__clkbuf_16)
    16    0.123440    0.106891    0.156506    0.224518 ^ clkbuf_0_clk/X (sky130_fd_sc_hd__clkbuf_16)
                                                         clknet_0_clk (net)
                      0.107621    0.007111    0.231630 ^ clkbuf_4_9_0_clk/A (sky130_fd_sc_hd__clkbuf_8)
     7    0.060949    0.087547    0.144483    0.376113 ^ clkbuf_4_9_0_clk/X (sky130_fd_sc_hd__clkbuf_8)
                                                         clknet_4_9_0_clk (net)
                      0.087595    0.001705    0.377817 ^ _3025_/CLK (sky130_fd_sc_hd__dfrtp_1)
                                  0.500000    0.877818   clock uncertainty
                                  0.000000    0.877818   clock reconvergence pessimism
                                 -0.023711    0.854106   library hold time
                                              0.854106   data required time
---------------------------------------------------------------------------------------------
                                              0.854106   data required time
                                             -1.095589   data arrival time
---------------------------------------------------------------------------------------------
                                              0.241482   slack (MET)


Startpoint: _3043_ (rising edge-triggered flip-flop clocked by clk)
Endpoint: _3043_ (rising edge-triggered flip-flop clocked by clk)
Path Group: clk
Path Type: min

Fanout         Cap        Slew       Delay        Time   Description
---------------------------------------------------------------------------------------------
                                  0.000000    0.000000   clock clk (rise edge)
                                  0.000000    0.000000   clock source latency
     1    0.027726    0.097508    0.068012    0.068012 ^ clk (in)
                                                         clk (net)
                      0.097648    0.000000    0.068012 ^ clkbuf_0_clk/A (sky130_fd_sc_hd__clkbuf_16)
    16    0.123440    0.106891    0.156506    0.224518 ^ clkbuf_0_clk/X (sky130_fd_sc_hd__clkbuf_16)
                                                         clknet_0_clk (net)
                      0.108050    0.008889    0.233408 ^ clkbuf_4_15_0_clk/A (sky130_fd_sc_hd__clkbuf_8)
    13    0.066990    0.094978    0.149504    0.382912 ^ clkbuf_4_15_0_clk/X (sky130_fd_sc_hd__clkbuf_8)
                                                         clknet_4_15_0_clk (net)
                      0.095140    0.003222    0.386133 ^ _3043_/CLK (sky130_fd_sc_hd__dfrtp_1)
     4    0.011829    0.085301    0.258163    0.644296 ^ _3043_/Q (sky130_fd_sc_hd__dfrtp_1)
                                                         my_sum_sub.al_ma[2] (net)
                      0.085303    0.000498    0.644794 ^ hold201/A (sky130_fd_sc_hd__dlygate4sd3_1)
     1    0.003893    0.044839    0.387352    1.032146 ^ hold201/X (sky130_fd_sc_hd__dlygate4sd3_1)
                                                         net206 (net)
                      0.044840    0.000277    1.032423 ^ _2378_/A2 (sky130_fd_sc_hd__a221o_1)
     1    0.002478    0.026196    0.078140    1.110563 ^ _2378_/X (sky130_fd_sc_hd__a221o_1)
                                                         _0302_ (net)
                      0.026197    0.000182    1.110745 ^ _3043_/D (sky130_fd_sc_hd__dfrtp_1)
                                              1.110745   data arrival time

                                  0.000000    0.000000   clock clk (rise edge)
                                  0.000000    0.000000   clock source latency
     1    0.027726    0.097508    0.068012    0.068012 ^ clk (in)
                                                         clk (net)
                      0.097648    0.000000    0.068012 ^ clkbuf_0_clk/A (sky130_fd_sc_hd__clkbuf_16)
    16    0.123440    0.106891    0.156506    0.224518 ^ clkbuf_0_clk/X (sky130_fd_sc_hd__clkbuf_16)
                                                         clknet_0_clk (net)
                      0.108050    0.008889    0.233408 ^ clkbuf_4_15_0_clk/A (sky130_fd_sc_hd__clkbuf_8)
    13    0.066990    0.094978    0.149504    0.382912 ^ clkbuf_4_15_0_clk/X (sky130_fd_sc_hd__clkbuf_8)
                                                         clknet_4_15_0_clk (net)
                      0.095140    0.003222    0.386133 ^ _3043_/CLK (sky130_fd_sc_hd__dfrtp_1)
                                  0.500000    0.886133   clock uncertainty
                                  0.000000    0.886133   clock reconvergence pessimism
                                 -0.017736    0.868397   library hold time
                                              0.868397   data required time
---------------------------------------------------------------------------------------------
                                              0.868397   data required time
                                             -1.110745   data arrival time
---------------------------------------------------------------------------------------------
                                              0.242348   slack (MET)


Startpoint: _3014_ (rising edge-triggered flip-flop clocked by clk)
Endpoint: _3015_ (rising edge-triggered flip-flop clocked by clk)
Path Group: clk
Path Type: min

Fanout         Cap        Slew       Delay        Time   Description
---------------------------------------------------------------------------------------------
                                  0.000000    0.000000   clock clk (rise edge)
                                  0.000000    0.000000   clock source latency
     1    0.027726    0.097508    0.068012    0.068012 ^ clk (in)
                                                         clk (net)
                      0.097648    0.000000    0.068012 ^ clkbuf_0_clk/A (sky130_fd_sc_hd__clkbuf_16)
    16    0.123440    0.106891    0.156506    0.224518 ^ clkbuf_0_clk/X (sky130_fd_sc_hd__clkbuf_16)
                                                         clknet_0_clk (net)
                      0.108012    0.008748    0.233267 ^ clkbuf_4_2_0_clk/A (sky130_fd_sc_hd__clkbuf_8)
    18    0.074804    0.104565    0.155121    0.388388 ^ clkbuf_4_2_0_clk/X (sky130_fd_sc_hd__clkbuf_8)
                                                         clknet_4_2_0_clk (net)
                      0.105505    0.007966    0.396354 ^ _3014_/CLK (sky130_fd_sc_hd__dfrtp_1)
     3    0.011966    0.086189    0.261251    0.657604 ^ _3014_/Q (sky130_fd_sc_hd__dfrtp_1)
                                                         div_quotient[4] (net)
                      0.086198    0.000950    0.658554 ^ _2694_/A1 (sky130_fd_sc_hd__a22o_1)
     1    0.003480    0.033883    0.085464    0.744018 ^ _2694_/X (sky130_fd_sc_hd__a22o_1)
                                                         _0274_ (net)
                      0.033885    0.000264    0.744282 ^ hold161/A (sky130_fd_sc_hd__dlygate4sd3_1)
     1    0.003189    0.040281    0.373844    1.118126 ^ hold161/X (sky130_fd_sc_hd__dlygate4sd3_1)
                                                         net166 (net)
                      0.040281    0.000207    1.118333 ^ _3015_/D (sky130_fd_sc_hd__dfrtp_1)
                                              1.118333   data arrival time

                                  0.000000    0.000000   clock clk (rise edge)
                                  0.000000    0.000000   clock source latency
     1    0.027726    0.097508    0.068012    0.068012 ^ clk (in)
                                                         clk (net)
                      0.097648    0.000000    0.068012 ^ clkbuf_0_clk/A (sky130_fd_sc_hd__clkbuf_16)
    16    0.123440    0.106891    0.156506    0.224518 ^ clkbuf_0_clk/X (sky130_fd_sc_hd__clkbuf_16)
                                                         clknet_0_clk (net)
                      0.108012    0.008748    0.233267 ^ clkbuf_4_2_0_clk/A (sky130_fd_sc_hd__clkbuf_8)
    18    0.074804    0.104565    0.155121    0.388388 ^ clkbuf_4_2_0_clk/X (sky130_fd_sc_hd__clkbuf_8)
                                                         clknet_4_2_0_clk (net)
                      0.105079    0.005960    0.394348 ^ _3015_/CLK (sky130_fd_sc_hd__dfrtp_1)
                                  0.500000    0.894348   clock uncertainty
                                  0.000000    0.894348   clock reconvergence pessimism
                                 -0.018523    0.875825   library hold time
                                              0.875825   data required time
---------------------------------------------------------------------------------------------
                                              0.875825   data required time
                                             -1.118333   data arrival time
---------------------------------------------------------------------------------------------
                                              0.242508   slack (MET)


Startpoint: _3112_ (rising edge-triggered flip-flop clocked by clk)
Endpoint: _3112_ (rising edge-triggered flip-flop clocked by clk)
Path Group: clk
Path Type: min

Fanout         Cap        Slew       Delay        Time   Description
---------------------------------------------------------------------------------------------
                                  0.000000    0.000000   clock clk (rise edge)
                                  0.000000    0.000000   clock source latency
     1    0.027726    0.097508    0.068012    0.068012 ^ clk (in)
                                                         clk (net)
                      0.097648    0.000000    0.068012 ^ clkbuf_0_clk/A (sky130_fd_sc_hd__clkbuf_16)
    16    0.123440    0.106891    0.156506    0.224518 ^ clkbuf_0_clk/X (sky130_fd_sc_hd__clkbuf_16)
                                                         clknet_0_clk (net)
                      0.107516    0.006605    0.231123 ^ clkbuf_4_5_0_clk/A (sky130_fd_sc_hd__clkbuf_8)
    10    0.065462    0.093069    0.148740    0.379863 ^ clkbuf_4_5_0_clk/X (sky130_fd_sc_hd__clkbuf_8)
                                                         clknet_4_5_0_clk (net)
                      0.093395    0.004432    0.384295 ^ _3112_/CLK (sky130_fd_sc_hd__dfrtp_1)
     3    0.009248    0.069969    0.245614    0.629909 ^ _3112_/Q (sky130_fd_sc_hd__dfrtp_1)
                                                         shift_in[1] (net)
                      0.069970    0.000378    0.630286 ^ hold147/A (sky130_fd_sc_hd__dlygate4sd3_1)
     2    0.006538    0.062541    0.399290    1.029576 ^ hold147/X (sky130_fd_sc_hd__dlygate4sd3_1)
                                                         net152 (net)
                      0.062541    0.000380    1.029956 ^ _2119_/A1 (sky130_fd_sc_hd__mux2_1)
     1    0.002787    0.028899    0.080831    1.110787 ^ _2119_/X (sky130_fd_sc_hd__mux2_1)
                                                         _0208_ (net)
                      0.028899    0.000194    1.110981 ^ _3112_/D (sky130_fd_sc_hd__dfrtp_1)
                                              1.110981   data arrival time

                                  0.000000    0.000000   clock clk (rise edge)
                                  0.000000    0.000000   clock source latency
     1    0.027726    0.097508    0.068012    0.068012 ^ clk (in)
                                                         clk (net)
                      0.097648    0.000000    0.068012 ^ clkbuf_0_clk/A (sky130_fd_sc_hd__clkbuf_16)
    16    0.123440    0.106891    0.156506    0.224518 ^ clkbuf_0_clk/X (sky130_fd_sc_hd__clkbuf_16)
                                                         clknet_0_clk (net)
                      0.107516    0.006605    0.231123 ^ clkbuf_4_5_0_clk/A (sky130_fd_sc_hd__clkbuf_8)
    10    0.065462    0.093069    0.148740    0.379863 ^ clkbuf_4_5_0_clk/X (sky130_fd_sc_hd__clkbuf_8)
                                                         clknet_4_5_0_clk (net)
                      0.093395    0.004432    0.384295 ^ _3112_/CLK (sky130_fd_sc_hd__dfrtp_1)
                                  0.500000    0.884295   clock uncertainty
                                  0.000000    0.884295   clock reconvergence pessimism
                                 -0.017984    0.866312   library hold time
                                              0.866312   data required time
---------------------------------------------------------------------------------------------
                                              0.866312   data required time
                                             -1.110981   data arrival time
---------------------------------------------------------------------------------------------
                                              0.244669   slack (MET)


Startpoint: _3113_ (rising edge-triggered flip-flop clocked by clk)
Endpoint: _3097_ (rising edge-triggered flip-flop clocked by clk)
Path Group: clk
Path Type: min

Fanout         Cap        Slew       Delay        Time   Description
---------------------------------------------------------------------------------------------
                                  0.000000    0.000000   clock clk (rise edge)
                                  0.000000    0.000000   clock source latency
     1    0.027726    0.097508    0.068012    0.068012 ^ clk (in)
                                                         clk (net)
                      0.097648    0.000000    0.068012 ^ clkbuf_0_clk/A (sky130_fd_sc_hd__clkbuf_16)
    16    0.123440    0.106891    0.156506    0.224518 ^ clkbuf_0_clk/X (sky130_fd_sc_hd__clkbuf_16)
                                                         clknet_0_clk (net)
                      0.107573    0.006887    0.231405 ^ clkbuf_4_7_0_clk/A (sky130_fd_sc_hd__clkbuf_8)
    17    0.071778    0.100846    0.153065    0.384470 ^ clkbuf_4_7_0_clk/X (sky130_fd_sc_hd__clkbuf_8)
                                                         clknet_4_7_0_clk (net)
                      0.101624    0.007108    0.391578 ^ _3113_/CLK (sky130_fd_sc_hd__dfrtp_1)
     2    0.006585    0.053763    0.235031    0.626609 ^ _3113_/Q (sky130_fd_sc_hd__dfrtp_1)
                                                         shift_in[2] (net)
                      0.053765    0.000401    0.627010 ^ hold162/A (sky130_fd_sc_hd__dlygate4sd3_1)
     3    0.008999    0.079577    0.410120    1.037130 ^ hold162/X (sky130_fd_sc_hd__dlygate4sd3_1)
                                                         net167 (net)
                      0.079577    0.000350    1.037480 ^ _2137_/A0 (sky130_fd_sc_hd__mux2_1)
     1    0.002548    0.027453    0.081637    1.119116 ^ _2137_/X (sky130_fd_sc_hd__mux2_1)
                                                         _0356_ (net)
                      0.027453    0.000177    1.119294 ^ _3097_/D (sky130_fd_sc_hd__dfrtp_4)
                                              1.119294   data arrival time

                                  0.000000    0.000000   clock clk (rise edge)
                                  0.000000    0.000000   clock source latency
     1    0.027726    0.097508    0.068012    0.068012 ^ clk (in)
                                                         clk (net)
                      0.097648    0.000000    0.068012 ^ clkbuf_0_clk/A (sky130_fd_sc_hd__clkbuf_16)
    16    0.123440    0.106891    0.156506    0.224518 ^ clkbuf_0_clk/X (sky130_fd_sc_hd__clkbuf_16)
                                                         clknet_0_clk (net)
                      0.107573    0.006887    0.231405 ^ clkbuf_4_7_0_clk/A (sky130_fd_sc_hd__clkbuf_8)
    17    0.071778    0.100846    0.153065    0.384470 ^ clkbuf_4_7_0_clk/X (sky130_fd_sc_hd__clkbuf_8)
                                                         clknet_4_7_0_clk (net)
                      0.101609    0.007044    0.391514 ^ _3097_/CLK (sky130_fd_sc_hd__dfrtp_4)
                                  0.500000    0.891514   clock uncertainty
                                  0.000000    0.891514   clock reconvergence pessimism
                                 -0.017659    0.873855   library hold time
                                              0.873855   data required time
---------------------------------------------------------------------------------------------
                                              0.873855   data required time
                                             -1.119294   data arrival time
---------------------------------------------------------------------------------------------
                                              0.245439   slack (MET)


Startpoint: _3114_ (rising edge-triggered flip-flop clocked by clk)
Endpoint: _3114_ (rising edge-triggered flip-flop clocked by clk)
Path Group: clk
Path Type: min

Fanout         Cap        Slew       Delay        Time   Description
---------------------------------------------------------------------------------------------
                                  0.000000    0.000000   clock clk (rise edge)
                                  0.000000    0.000000   clock source latency
     1    0.027726    0.097508    0.068012    0.068012 ^ clk (in)
                                                         clk (net)
                      0.097648    0.000000    0.068012 ^ clkbuf_0_clk/A (sky130_fd_sc_hd__clkbuf_16)
    16    0.123440    0.106891    0.156506    0.224518 ^ clkbuf_0_clk/X (sky130_fd_sc_hd__clkbuf_16)
                                                         clknet_0_clk (net)
                      0.107516    0.006605    0.231123 ^ clkbuf_4_5_0_clk/A (sky130_fd_sc_hd__clkbuf_8)
    10    0.065462    0.093069    0.148740    0.379863 ^ clkbuf_4_5_0_clk/X (sky130_fd_sc_hd__clkbuf_8)
                                                         clknet_4_5_0_clk (net)
                      0.093419    0.004587    0.384450 ^ _3114_/CLK (sky130_fd_sc_hd__dfrtp_1)
     2    0.007235    0.057692    0.236015    0.620465 ^ _3114_/Q (sky130_fd_sc_hd__dfrtp_1)
                                                         shift_in[3] (net)
                      0.057693    0.000382    0.620847 ^ hold166/A (sky130_fd_sc_hd__dlygate4sd3_1)
     3    0.008484    0.076026    0.407855    1.028702 ^ hold166/X (sky130_fd_sc_hd__dlygate4sd3_1)
                                                         net171 (net)
                      0.076028    0.000509    1.029211 ^ _2117_/A1 (sky130_fd_sc_hd__mux2_1)
     1    0.002732    0.028592    0.083455    1.112667 ^ _2117_/X (sky130_fd_sc_hd__mux2_1)
                                                         _0210_ (net)
                      0.028592    0.000182    1.112849 ^ _3114_/D (sky130_fd_sc_hd__dfrtp_1)
                                              1.112849   data arrival time

                                  0.000000    0.000000   clock clk (rise edge)
                                  0.000000    0.000000   clock source latency
     1    0.027726    0.097508    0.068012    0.068012 ^ clk (in)
                                                         clk (net)
                      0.097648    0.000000    0.068012 ^ clkbuf_0_clk/A (sky130_fd_sc_hd__clkbuf_16)
    16    0.123440    0.106891    0.156506    0.224518 ^ clkbuf_0_clk/X (sky130_fd_sc_hd__clkbuf_16)
                                                         clknet_0_clk (net)
                      0.107516    0.006605    0.231123 ^ clkbuf_4_5_0_clk/A (sky130_fd_sc_hd__clkbuf_8)
    10    0.065462    0.093069    0.148740    0.379863 ^ clkbuf_4_5_0_clk/X (sky130_fd_sc_hd__clkbuf_8)
                                                         clknet_4_5_0_clk (net)
                      0.093419    0.004587    0.384450 ^ _3114_/CLK (sky130_fd_sc_hd__dfrtp_1)
                                  0.500000    0.884450   clock uncertainty
                                  0.000000    0.884450   clock reconvergence pessimism
                                 -0.017960    0.866490   library hold time
                                              0.866490   data required time
---------------------------------------------------------------------------------------------
                                              0.866490   data required time
                                             -1.112849   data arrival time
---------------------------------------------------------------------------------------------
                                              0.246359   slack (MET)


Startpoint: _3075_ (rising edge-triggered flip-flop clocked by clk)
Endpoint: _3075_ (rising edge-triggered flip-flop clocked by clk)
Path Group: clk
Path Type: min

Fanout         Cap        Slew       Delay        Time   Description
---------------------------------------------------------------------------------------------
                                  0.000000    0.000000   clock clk (rise edge)
                                  0.000000    0.000000   clock source latency
     1    0.027726    0.097508    0.068012    0.068012 ^ clk (in)
                                                         clk (net)
                      0.097648    0.000000    0.068012 ^ clkbuf_0_clk/A (sky130_fd_sc_hd__clkbuf_16)
    16    0.123440    0.106891    0.156506    0.224518 ^ clkbuf_0_clk/X (sky130_fd_sc_hd__clkbuf_16)
                                                         clknet_0_clk (net)
                      0.107846    0.008092    0.232611 ^ clkbuf_4_11_0_clk/A (sky130_fd_sc_hd__clkbuf_8)
    13    0.060092    0.086421    0.144482    0.377093 ^ clkbuf_4_11_0_clk/X (sky130_fd_sc_hd__clkbuf_8)
                                                         clknet_4_11_0_clk (net)
                      0.086608    0.002874    0.379967 ^ _3075_/CLK (sky130_fd_sc_hd__dfrtp_1)
     4    0.014595    0.102868    0.268164    0.648131 ^ _3075_/Q (sky130_fd_sc_hd__dfrtp_1)
                                                         my_sum_sub.cm_exp[5] (net)
                      0.102870    0.000666    0.648797 ^ _2166_/A0 (sky130_fd_sc_hd__mux2_1)
     1    0.002476    0.027048    0.086118    0.734916 ^ _2166_/X (sky130_fd_sc_hd__mux2_1)
                                                         _0334_ (net)
                      0.027048    0.000119    0.735034 ^ hold113/A (sky130_fd_sc_hd__dlygate4sd3_1)
     1    0.003234    0.040569    0.372644    1.107678 ^ hold113/X (sky130_fd_sc_hd__dlygate4sd3_1)
                                                         net118 (net)
                      0.040569    0.000238    1.107916 ^ _3075_/D (sky130_fd_sc_hd__dfrtp_1)
                                              1.107916   data arrival time

                                  0.000000    0.000000   clock clk (rise edge)
                                  0.000000    0.000000   clock source latency
     1    0.027726    0.097508    0.068012    0.068012 ^ clk (in)
                                                         clk (net)
                      0.097648    0.000000    0.068012 ^ clkbuf_0_clk/A (sky130_fd_sc_hd__clkbuf_16)
    16    0.123440    0.106891    0.156506    0.224518 ^ clkbuf_0_clk/X (sky130_fd_sc_hd__clkbuf_16)
                                                         clknet_0_clk (net)
                      0.107846    0.008092    0.232611 ^ clkbuf_4_11_0_clk/A (sky130_fd_sc_hd__clkbuf_8)
    13    0.060092    0.086421    0.144482    0.377093 ^ clkbuf_4_11_0_clk/X (sky130_fd_sc_hd__clkbuf_8)
                                                         clknet_4_11_0_clk (net)
                      0.086608    0.002874    0.379967 ^ _3075_/CLK (sky130_fd_sc_hd__dfrtp_1)
                                  0.500000    0.879967   clock uncertainty
                                  0.000000    0.879967   clock reconvergence pessimism
                                 -0.019036    0.860931   library hold time
                                              0.860931   data required time
---------------------------------------------------------------------------------------------
                                              0.860931   data required time
                                             -1.107916   data arrival time
---------------------------------------------------------------------------------------------
                                              0.246985   slack (MET)


Startpoint: _3079_ (rising edge-triggered flip-flop clocked by clk)
Endpoint: _3041_ (rising edge-triggered flip-flop clocked by clk)
Path Group: clk
Path Type: min

Fanout         Cap        Slew       Delay        Time   Description
---------------------------------------------------------------------------------------------
                                  0.000000    0.000000   clock clk (rise edge)
                                  0.000000    0.000000   clock source latency
     1    0.027726    0.097508    0.068012    0.068012 ^ clk (in)
                                                         clk (net)
                      0.097648    0.000000    0.068012 ^ clkbuf_0_clk/A (sky130_fd_sc_hd__clkbuf_16)
    16    0.123440    0.106891    0.156506    0.224518 ^ clkbuf_0_clk/X (sky130_fd_sc_hd__clkbuf_16)
                                                         clknet_0_clk (net)
                      0.107447    0.006247    0.230765 ^ clkbuf_4_6_0_clk/A (sky130_fd_sc_hd__clkbuf_8)
    12    0.060120    0.086529    0.143690    0.374455 ^ clkbuf_4_6_0_clk/X (sky130_fd_sc_hd__clkbuf_8)
                                                         clknet_4_6_0_clk (net)
                      0.086785    0.003800    0.378255 ^ _3079_/CLK (sky130_fd_sc_hd__dfrtp_4)
    17    0.078532    0.174724    0.369489    0.747744 ^ _3079_/Q (sky130_fd_sc_hd__dfrtp_4)
                                                         acc_reg[0] (net)
                      0.175247    0.007881    0.755625 ^ _2360_/A (sky130_fd_sc_hd__and2_1)
     3    0.024576    0.183154    0.197559    0.953184 ^ _2360_/X (sky130_fd_sc_hd__and2_1)
                                                         _0676_ (net)
                      0.183170    0.001414    0.954598 ^ _2381_/B (sky130_fd_sc_hd__and2_1)
     1    0.003494    0.039174    0.096552    1.051149 ^ _2381_/X (sky130_fd_sc_hd__and2_1)
                                                         _0689_ (net)
                      0.039174    0.000237    1.051387 ^ _2382_/C1 (sky130_fd_sc_hd__a221o_1)
     1    0.004095    0.036780    0.064743    1.116129 ^ _2382_/X (sky130_fd_sc_hd__a221o_1)
                                                         _0300_ (net)
                      0.036781    0.000250    1.116380 ^ _3041_/D (sky130_fd_sc_hd__dfrtp_2)
                                              1.116380   data arrival time

                                  0.000000    0.000000   clock clk (rise edge)
                                  0.000000    0.000000   clock source latency
     1    0.027726    0.097508    0.068012    0.068012 ^ clk (in)
                                                         clk (net)
                      0.097648    0.000000    0.068012 ^ clkbuf_0_clk/A (sky130_fd_sc_hd__clkbuf_16)
    16    0.123440    0.106891    0.156506    0.224518 ^ clkbuf_0_clk/X (sky130_fd_sc_hd__clkbuf_16)
                                                         clknet_0_clk (net)
                      0.108050    0.008889    0.233408 ^ clkbuf_4_15_0_clk/A (sky130_fd_sc_hd__clkbuf_8)
    13    0.066990    0.094978    0.149504    0.382912 ^ clkbuf_4_15_0_clk/X (sky130_fd_sc_hd__clkbuf_8)
                                                         clknet_4_15_0_clk (net)
                      0.095141    0.003228    0.386140 ^ _3041_/CLK (sky130_fd_sc_hd__dfrtp_2)
                                  0.500000    0.886140   clock uncertainty
                                  0.000000    0.886140   clock reconvergence pessimism
                                 -0.018471    0.867669   library hold time
                                              0.867669   data required time
---------------------------------------------------------------------------------------------
                                              0.867669   data required time
                                             -1.116380   data arrival time
---------------------------------------------------------------------------------------------
                                              0.248711   slack (MET)


Startpoint: _3162_ (rising edge-triggered flip-flop clocked by clk)
Endpoint: _3158_ (rising edge-triggered flip-flop clocked by clk)
Path Group: clk
Path Type: min

Fanout         Cap        Slew       Delay        Time   Description
---------------------------------------------------------------------------------------------
                                  0.000000    0.000000   clock clk (rise edge)
                                  0.000000    0.000000   clock source latency
     1    0.027726    0.097508    0.068012    0.068012 ^ clk (in)
                                                         clk (net)
                      0.097648    0.000000    0.068012 ^ clkbuf_0_clk/A (sky130_fd_sc_hd__clkbuf_16)
    16    0.123440    0.106891    0.156506    0.224518 ^ clkbuf_0_clk/X (sky130_fd_sc_hd__clkbuf_16)
                                                         clknet_0_clk (net)
                      0.108012    0.008748    0.233267 ^ clkbuf_4_2_0_clk/A (sky130_fd_sc_hd__clkbuf_8)
    18    0.074804    0.104565    0.155121    0.388388 ^ clkbuf_4_2_0_clk/X (sky130_fd_sc_hd__clkbuf_8)
                                                         clknet_4_2_0_clk (net)
                      0.105016    0.005600    0.393988 ^ _3162_/CLK (sky130_fd_sc_hd__dfrtp_1)
     2    0.009852    0.073615    0.251451    0.645440 ^ _3162_/Q (sky130_fd_sc_hd__dfrtp_1)
                                                         my_sum_sub.start (net)
                      0.073621    0.000702    0.646142 ^ _1506_/A (sky130_fd_sc_hd__inv_2)
     1    0.003076    0.018066    0.015298    0.661440 v _1506_/Y (sky130_fd_sc_hd__inv_2)
                                                         _1061_ (net)
                      0.018071    0.000214    0.661654 v _2801_/A2 (sky130_fd_sc_hd__a21o_1)
     1    0.002332    0.019151    0.102282    0.763936 v _2801_/X (sky130_fd_sc_hd__a21o_1)
                                                         _0006_ (net)
                      0.019151    0.000167    0.764103 v hold155/A (sky130_fd_sc_hd__dlygate4sd3_1)
     1    0.002781    0.037998    0.355600    1.119703 v hold155/X (sky130_fd_sc_hd__dlygate4sd3_1)
                                                         net160 (net)
                      0.037998    0.000192    1.119895 v _3158_/D (sky130_fd_sc_hd__dfstp_1)
                                              1.119895   data arrival time

                                  0.000000    0.000000   clock clk (rise edge)
                                  0.000000    0.000000   clock source latency
     1    0.027726    0.097508    0.068012    0.068012 ^ clk (in)
                                                         clk (net)
                      0.097648    0.000000    0.068012 ^ clkbuf_0_clk/A (sky130_fd_sc_hd__clkbuf_16)
    16    0.123440    0.106891    0.156506    0.224518 ^ clkbuf_0_clk/X (sky130_fd_sc_hd__clkbuf_16)
                                                         clknet_0_clk (net)
                      0.107887    0.008261    0.232779 ^ clkbuf_4_3_0_clk/A (sky130_fd_sc_hd__clkbuf_8)
    11    0.061023    0.087580    0.145026    0.377806 ^ clkbuf_4_3_0_clk/X (sky130_fd_sc_hd__clkbuf_8)
                                                         clknet_4_3_0_clk (net)
                      0.087761    0.002822    0.380628 ^ _3158_/CLK (sky130_fd_sc_hd__dfstp_1)
                                  0.500000    0.880628   clock uncertainty
                                  0.000000    0.880628   clock reconvergence pessimism
                                 -0.010876    0.869751   library hold time
                                              0.869751   data required time
---------------------------------------------------------------------------------------------
                                              0.869751   data required time
                                             -1.119895   data arrival time
---------------------------------------------------------------------------------------------
                                              0.250144   slack (MET)


Startpoint: _3133_ (rising edge-triggered flip-flop clocked by clk)
Endpoint: _3132_ (rising edge-triggered flip-flop clocked by clk)
Path Group: clk
Path Type: min

Fanout         Cap        Slew       Delay        Time   Description
---------------------------------------------------------------------------------------------
                                  0.000000    0.000000   clock clk (rise edge)
                                  0.000000    0.000000   clock source latency
     1    0.027726    0.097508    0.068012    0.068012 ^ clk (in)
                                                         clk (net)
                      0.097648    0.000000    0.068012 ^ clkbuf_0_clk/A (sky130_fd_sc_hd__clkbuf_16)
    16    0.123440    0.106891    0.156506    0.224518 ^ clkbuf_0_clk/X (sky130_fd_sc_hd__clkbuf_16)
                                                         clknet_0_clk (net)
                      0.107447    0.006247    0.230765 ^ clkbuf_4_6_0_clk/A (sky130_fd_sc_hd__clkbuf_8)
    12    0.060120    0.086529    0.143690    0.374455 ^ clkbuf_4_6_0_clk/X (sky130_fd_sc_hd__clkbuf_8)
                                                         clknet_4_6_0_clk (net)
                      0.086706    0.003178    0.377633 ^ _3133_/CLK (sky130_fd_sc_hd__dfrtp_1)
     2    0.007655    0.060251    0.236244    0.613877 ^ _3133_/Q (sky130_fd_sc_hd__dfrtp_1)
                                                         shift_out[6] (net)
                      0.060252    0.000329    0.614206 ^ _2072_/A1 (sky130_fd_sc_hd__a221o_1)
     1    0.003341    0.033571    0.084101    0.698306 ^ _2072_/X (sky130_fd_sc_hd__a221o_1)
                                                         _0472_ (net)
                      0.033572    0.000229    0.698535 ^ _2073_/B2 (sky130_fd_sc_hd__o22a_1)
     1    0.002369    0.025047    0.053685    0.752220 ^ _2073_/X (sky130_fd_sc_hd__o22a_1)
                                                         _0228_ (net)
                      0.025048    0.000169    0.752389 ^ hold56/A (sky130_fd_sc_hd__dlygate4sd3_1)
     1    0.002855    0.037632    0.369797    1.122187 ^ hold56/X (sky130_fd_sc_hd__dlygate4sd3_1)
                                                         net61 (net)
                      0.038091    0.000210    1.122397 ^ _3132_/D (sky130_fd_sc_hd__dfrtp_1)
                                              1.122397   data arrival time

                                  0.000000    0.000000   clock clk (rise edge)
                                  0.000000    0.000000   clock source latency
     1    0.027726    0.097508    0.068012    0.068012 ^ clk (in)
                                                         clk (net)
                      0.097648    0.000000    0.068012 ^ clkbuf_0_clk/A (sky130_fd_sc_hd__clkbuf_16)
    16    0.123440    0.106891    0.156506    0.224518 ^ clkbuf_0_clk/X (sky130_fd_sc_hd__clkbuf_16)
                                                         clknet_0_clk (net)
                      0.107573    0.006887    0.231405 ^ clkbuf_4_7_0_clk/A (sky130_fd_sc_hd__clkbuf_8)
    17    0.071778    0.100846    0.153065    0.384470 ^ clkbuf_4_7_0_clk/X (sky130_fd_sc_hd__clkbuf_8)
                                                         clknet_4_7_0_clk (net)
                      0.101218    0.004983    0.389453 ^ _3132_/CLK (sky130_fd_sc_hd__dfrtp_1)
                                  0.500000    0.889453   clock uncertainty
                                  0.000000    0.889453   clock reconvergence pessimism
                                 -0.018462    0.870991   library hold time
                                              0.870991   data required time
---------------------------------------------------------------------------------------------
                                              0.870991   data required time
                                             -1.122397   data arrival time
---------------------------------------------------------------------------------------------
                                              0.251406   slack (MET)


Startpoint: _3069_ (rising edge-triggered flip-flop clocked by clk)
Endpoint: _3069_ (rising edge-triggered flip-flop clocked by clk)
Path Group: clk
Path Type: min

Fanout         Cap        Slew       Delay        Time   Description
---------------------------------------------------------------------------------------------
                                  0.000000    0.000000   clock clk (rise edge)
                                  0.000000    0.000000   clock source latency
     1    0.027726    0.097508    0.068012    0.068012 ^ clk (in)
                                                         clk (net)
                      0.097648    0.000000    0.068012 ^ clkbuf_0_clk/A (sky130_fd_sc_hd__clkbuf_16)
    16    0.123440    0.106891    0.156506    0.224518 ^ clkbuf_0_clk/X (sky130_fd_sc_hd__clkbuf_16)
                                                         clknet_0_clk (net)
                      0.107846    0.008094    0.232613 ^ clkbuf_4_12_0_clk/A (sky130_fd_sc_hd__clkbuf_8)
     8    0.059947    0.086319    0.143633    0.376245 ^ clkbuf_4_12_0_clk/X (sky130_fd_sc_hd__clkbuf_8)
                                                         clknet_4_12_0_clk (net)
                      0.086538    0.003521    0.379767 ^ _3069_/CLK (sky130_fd_sc_hd__dfrtp_1)
     1    0.003461    0.035369    0.215765    0.595532 ^ _3069_/Q (sky130_fd_sc_hd__dfrtp_1)
                                                         my_sum_sub.cm_sign (net)
                      0.035369    0.000223    0.595755 ^ hold143/A (sky130_fd_sc_hd__dlygate4sd3_1)
     2    0.013625    0.112035    0.429911    1.025666 ^ hold143/X (sky130_fd_sc_hd__dlygate4sd3_1)
                                                         net148 (net)
                      0.112037    0.000672    1.026338 ^ _2173_/A0 (sky130_fd_sc_hd__mux2_1)
     1    0.002800    0.028983    0.089734    1.116072 ^ _2173_/X (sky130_fd_sc_hd__mux2_1)
                                                         _0328_ (net)
                      0.028983    0.000188    1.116260 ^ _3069_/D (sky130_fd_sc_hd__dfrtp_1)
                                              1.116260   data arrival time

                                  0.000000    0.000000   clock clk (rise edge)
                                  0.000000    0.000000   clock source latency
     1    0.027726    0.097508    0.068012    0.068012 ^ clk (in)
                                                         clk (net)
                      0.097648    0.000000    0.068012 ^ clkbuf_0_clk/A (sky130_fd_sc_hd__clkbuf_16)
    16    0.123440    0.106891    0.156506    0.224518 ^ clkbuf_0_clk/X (sky130_fd_sc_hd__clkbuf_16)
                                                         clknet_0_clk (net)
                      0.107846    0.008094    0.232613 ^ clkbuf_4_12_0_clk/A (sky130_fd_sc_hd__clkbuf_8)
     8    0.059947    0.086319    0.143633    0.376245 ^ clkbuf_4_12_0_clk/X (sky130_fd_sc_hd__clkbuf_8)
                                                         clknet_4_12_0_clk (net)
                      0.086538    0.003521    0.379767 ^ _3069_/CLK (sky130_fd_sc_hd__dfrtp_1)
                                  0.500000    0.879767   clock uncertainty
                                  0.000000    0.879767   clock reconvergence pessimism
                                 -0.018171    0.861596   library hold time
                                              0.861596   data required time
---------------------------------------------------------------------------------------------
                                              0.861596   data required time
                                             -1.116260   data arrival time
---------------------------------------------------------------------------------------------
                                              0.254665   slack (MET)


Startpoint: _3138_ (rising edge-triggered flip-flop clocked by clk)
Endpoint: _3137_ (rising edge-triggered flip-flop clocked by clk)
Path Group: clk
Path Type: min

Fanout         Cap        Slew       Delay        Time   Description
---------------------------------------------------------------------------------------------
                                  0.000000    0.000000   clock clk (rise edge)
                                  0.000000    0.000000   clock source latency
     1    0.027726    0.097508    0.068012    0.068012 ^ clk (in)
                                                         clk (net)
                      0.097648    0.000000    0.068012 ^ clkbuf_0_clk/A (sky130_fd_sc_hd__clkbuf_16)
    16    0.123440    0.106891    0.156506    0.224518 ^ clkbuf_0_clk/X (sky130_fd_sc_hd__clkbuf_16)
                                                         clknet_0_clk (net)
                      0.107584    0.006936    0.231454 ^ clkbuf_4_4_0_clk/A (sky130_fd_sc_hd__clkbuf_8)
    11    0.060636    0.087160    0.144351    0.375805 ^ clkbuf_4_4_0_clk/X (sky130_fd_sc_hd__clkbuf_8)
                                                         clknet_4_4_0_clk (net)
                      0.087291    0.002752    0.378557 ^ _3138_/CLK (sky130_fd_sc_hd__dfrtp_1)
     2    0.007868    0.061549    0.237421    0.615978 ^ _3138_/Q (sky130_fd_sc_hd__dfrtp_1)
                                                         shift_out[11] (net)
                      0.061550    0.000380    0.616358 ^ _2035_/A1 (sky130_fd_sc_hd__a221o_1)
     1    0.003060    0.031877    0.082826    0.699184 ^ _2035_/X (sky130_fd_sc_hd__a221o_1)
                                                         _0440_ (net)
                      0.031878    0.000217    0.699401 ^ _2036_/B2 (sky130_fd_sc_hd__o22a_1)
     1    0.002250    0.024295    0.052696    0.752098 ^ _2036_/X (sky130_fd_sc_hd__o22a_1)
                                                         _0233_ (net)
                      0.024296    0.000157    0.752254 ^ hold52/A (sky130_fd_sc_hd__dlygate4sd3_1)
     1    0.002959    0.038300    0.370314    1.122568 ^ hold52/X (sky130_fd_sc_hd__dlygate4sd3_1)
                                                         net57 (net)
                      0.038768    0.000193    1.122761 ^ _3137_/D (sky130_fd_sc_hd__dfrtp_1)
                                              1.122761   data arrival time

                                  0.000000    0.000000   clock clk (rise edge)
                                  0.000000    0.000000   clock source latency
     1    0.027726    0.097508    0.068012    0.068012 ^ clk (in)
                                                         clk (net)
                      0.097648    0.000000    0.068012 ^ clkbuf_0_clk/A (sky130_fd_sc_hd__clkbuf_16)
    16    0.123440    0.106891    0.156506    0.224518 ^ clkbuf_0_clk/X (sky130_fd_sc_hd__clkbuf_16)
                                                         clknet_0_clk (net)
                      0.107573    0.006887    0.231405 ^ clkbuf_4_7_0_clk/A (sky130_fd_sc_hd__clkbuf_8)
    17    0.071778    0.100846    0.153065    0.384470 ^ clkbuf_4_7_0_clk/X (sky130_fd_sc_hd__clkbuf_8)
                                                         clknet_4_7_0_clk (net)
                      0.100895    0.001863    0.386333 ^ _3137_/CLK (sky130_fd_sc_hd__dfrtp_1)
                                  0.500000    0.886333   clock uncertainty
                                  0.000000    0.886333   clock reconvergence pessimism
                                 -0.018521    0.867811   library hold time
                                              0.867811   data required time
---------------------------------------------------------------------------------------------
                                              0.867811   data required time
                                             -1.122761   data arrival time
---------------------------------------------------------------------------------------------
                                              0.254950   slack (MET)


Startpoint: _3093_ (rising edge-triggered flip-flop clocked by clk)
Endpoint: _3037_ (rising edge-triggered flip-flop clocked by clk)
Path Group: clk
Path Type: min

Fanout         Cap        Slew       Delay        Time   Description
---------------------------------------------------------------------------------------------
                                  0.000000    0.000000   clock clk (rise edge)
                                  0.000000    0.000000   clock source latency
     1    0.027726    0.097508    0.068012    0.068012 ^ clk (in)
                                                         clk (net)
                      0.097648    0.000000    0.068012 ^ clkbuf_0_clk/A (sky130_fd_sc_hd__clkbuf_16)
    16    0.123440    0.106891    0.156506    0.224518 ^ clkbuf_0_clk/X (sky130_fd_sc_hd__clkbuf_16)
                                                         clknet_0_clk (net)
                      0.107887    0.008261    0.232779 ^ clkbuf_4_3_0_clk/A (sky130_fd_sc_hd__clkbuf_8)
    11    0.061023    0.087580    0.145026    0.377806 ^ clkbuf_4_3_0_clk/X (sky130_fd_sc_hd__clkbuf_8)
                                                         clknet_4_3_0_clk (net)
                      0.087726    0.002446    0.380252 ^ _3093_/CLK (sky130_fd_sc_hd__dfrtp_4)
     7    0.033118    0.086914    0.307999    0.688251 ^ _3093_/Q (sky130_fd_sc_hd__dfrtp_4)
                                                         acc_reg[14] (net)
                      0.087110    0.003562    0.691813 ^ _2278_/A2 (sky130_fd_sc_hd__a21oi_4)
    20    0.100368    0.101385    0.119109    0.810922 v _2278_/Y (sky130_fd_sc_hd__a21oi_4)
                                                         _0604_ (net)
                      0.107361    0.019148    0.830070 v _2279_/A (sky130_fd_sc_hd__inv_2)
     4    0.014980    0.062884    0.088383    0.918453 ^ _2279_/Y (sky130_fd_sc_hd__inv_2)
                                                         _0605_ (net)
                      0.062925    0.000794    0.919248 ^ _2281_/B (sky130_fd_sc_hd__nor2_2)
     9    0.038429    0.067077    0.066674    0.985921 v _2281_/Y (sky130_fd_sc_hd__nor2_2)
                                                         _0607_ (net)
                      0.067305    0.003207    0.989128 v _2389_/A2 (sky130_fd_sc_hd__a21o_1)
     1    0.003003    0.019655    0.123146    1.112274 v _2389_/X (sky130_fd_sc_hd__a21o_1)
                                                         _0296_ (net)
                      0.019657    0.000211    1.112486 v _3037_/D (sky130_fd_sc_hd__dfrtp_1)
                                              1.112486   data arrival time

                                  0.000000    0.000000   clock clk (rise edge)
                                  0.000000    0.000000   clock source latency
     1    0.027726    0.097508    0.068012    0.068012 ^ clk (in)
                                                         clk (net)
                      0.097648    0.000000    0.068012 ^ clkbuf_0_clk/A (sky130_fd_sc_hd__clkbuf_16)
    16    0.123440    0.106891    0.156506    0.224518 ^ clkbuf_0_clk/X (sky130_fd_sc_hd__clkbuf_16)
                                                         clknet_0_clk (net)
                      0.107846    0.008092    0.232611 ^ clkbuf_4_11_0_clk/A (sky130_fd_sc_hd__clkbuf_8)
    13    0.060092    0.086421    0.144482    0.377093 ^ clkbuf_4_11_0_clk/X (sky130_fd_sc_hd__clkbuf_8)
                                                         clknet_4_11_0_clk (net)
                      0.086649    0.003240    0.380333 ^ _3037_/CLK (sky130_fd_sc_hd__dfrtp_1)
                                  0.500000    0.880333   clock uncertainty
                                  0.000000    0.880333   clock reconvergence pessimism
                                 -0.022895    0.857438   library hold time
                                              0.857438   data required time
---------------------------------------------------------------------------------------------
                                              0.857438   data required time
                                             -1.112486   data arrival time
---------------------------------------------------------------------------------------------
                                              0.255048   slack (MET)


Startpoint: _3117_ (rising edge-triggered flip-flop clocked by clk)
Endpoint: _3117_ (rising edge-triggered flip-flop clocked by clk)
Path Group: clk
Path Type: min

Fanout         Cap        Slew       Delay        Time   Description
---------------------------------------------------------------------------------------------
                                  0.000000    0.000000   clock clk (rise edge)
                                  0.000000    0.000000   clock source latency
     1    0.027726    0.097508    0.068012    0.068012 ^ clk (in)
                                                         clk (net)
                      0.097648    0.000000    0.068012 ^ clkbuf_0_clk/A (sky130_fd_sc_hd__clkbuf_16)
    16    0.123440    0.106891    0.156506    0.224518 ^ clkbuf_0_clk/X (sky130_fd_sc_hd__clkbuf_16)
                                                         clknet_0_clk (net)
                      0.108113    0.009124    0.233642 ^ clkbuf_4_0_0_clk/A (sky130_fd_sc_hd__clkbuf_8)
    24    0.079899    0.110840    0.159315    0.392957 ^ clkbuf_4_0_0_clk/X (sky130_fd_sc_hd__clkbuf_8)
                                                         clknet_4_0_0_clk (net)
                      0.111238    0.005454    0.398411 ^ _3117_/CLK (sky130_fd_sc_hd__dfrtp_1)
     1    0.002232    0.028568    0.215296    0.613707 ^ _3117_/Q (sky130_fd_sc_hd__dfrtp_1)
                                                         shift_in[6] (net)
                      0.028568    0.000153    0.613860 ^ hold234/A (sky130_fd_sc_hd__dlygate4sd3_1)
     5    0.014557    0.118726    0.433389    1.047250 ^ hold234/X (sky130_fd_sc_hd__dlygate4sd3_1)
                                                         net239 (net)
                      0.118728    0.000676    1.047926 ^ _2114_/A1 (sky130_fd_sc_hd__mux2_1)
     1    0.002630    0.028025    0.092094    1.140020 ^ _2114_/X (sky130_fd_sc_hd__mux2_1)
                                                         _0213_ (net)
                      0.028025    0.000178    1.140198 ^ _3117_/D (sky130_fd_sc_hd__dfrtp_1)
                                              1.140198   data arrival time

                                  0.000000    0.000000   clock clk (rise edge)
                                  0.000000    0.000000   clock source latency
     1    0.027726    0.097508    0.068012    0.068012 ^ clk (in)
                                                         clk (net)
                      0.097648    0.000000    0.068012 ^ clkbuf_0_clk/A (sky130_fd_sc_hd__clkbuf_16)
    16    0.123440    0.106891    0.156506    0.224518 ^ clkbuf_0_clk/X (sky130_fd_sc_hd__clkbuf_16)
                                                         clknet_0_clk (net)
                      0.108113    0.009124    0.233642 ^ clkbuf_4_0_0_clk/A (sky130_fd_sc_hd__clkbuf_8)
    24    0.079899    0.110840    0.159315    0.392957 ^ clkbuf_4_0_0_clk/X (sky130_fd_sc_hd__clkbuf_8)
                                                         clknet_4_0_0_clk (net)
                      0.111238    0.005454    0.398411 ^ _3117_/CLK (sky130_fd_sc_hd__dfrtp_1)
                                  0.500000    0.898411   clock uncertainty
                                  0.000000    0.898411   clock reconvergence pessimism
                                 -0.017447    0.880964   library hold time
                                              0.880964   data required time
---------------------------------------------------------------------------------------------
                                              0.880964   data required time
                                             -1.140198   data arrival time
---------------------------------------------------------------------------------------------
                                              0.259234   slack (MET)


Startpoint: _3142_ (rising edge-triggered flip-flop clocked by clk)
Endpoint: _3141_ (rising edge-triggered flip-flop clocked by clk)
Path Group: clk
Path Type: min

Fanout         Cap        Slew       Delay        Time   Description
---------------------------------------------------------------------------------------------
                                  0.000000    0.000000   clock clk (rise edge)
                                  0.000000    0.000000   clock source latency
     1    0.027726    0.097508    0.068012    0.068012 ^ clk (in)
                                                         clk (net)
                      0.097648    0.000000    0.068012 ^ clkbuf_0_clk/A (sky130_fd_sc_hd__clkbuf_16)
    16    0.123440    0.106891    0.156506    0.224518 ^ clkbuf_0_clk/X (sky130_fd_sc_hd__clkbuf_16)
                                                         clknet_0_clk (net)
                      0.107887    0.008261    0.232779 ^ clkbuf_4_3_0_clk/A (sky130_fd_sc_hd__clkbuf_8)
    11    0.061023    0.087580    0.145026    0.377806 ^ clkbuf_4_3_0_clk/X (sky130_fd_sc_hd__clkbuf_8)
                                                         clknet_4_3_0_clk (net)
                      0.087732    0.002517    0.380322 ^ _3142_/CLK (sky130_fd_sc_hd__dfrtp_1)
     2    0.006827    0.055224    0.232586    0.612908 ^ _3142_/Q (sky130_fd_sc_hd__dfrtp_1)
                                                         shift_out[15] (net)
                      0.055225    0.000277    0.613185 ^ _2004_/A1 (sky130_fd_sc_hd__a221o_1)
     1    0.003793    0.036282    0.085471    0.698656 ^ _2004_/X (sky130_fd_sc_hd__a221o_1)
                                                         _0413_ (net)
                      0.036283    0.000254    0.698910 ^ _2005_/B2 (sky130_fd_sc_hd__o22a_1)
     1    0.002512    0.025959    0.055044    0.753953 ^ _2005_/X (sky130_fd_sc_hd__o22a_1)
                                                         _0237_ (net)
                      0.025959    0.000117    0.754071 ^ hold34/A (sky130_fd_sc_hd__dlygate4sd3_1)
     1    0.002440    0.035136    0.367347    1.121417 ^ hold34/X (sky130_fd_sc_hd__dlygate4sd3_1)
                                                         net39 (net)
                      0.035136    0.000174    1.121591 ^ _3141_/D (sky130_fd_sc_hd__dfrtp_1)
                                              1.121591   data arrival time

                                  0.000000    0.000000   clock clk (rise edge)
                                  0.000000    0.000000   clock source latency
     1    0.027726    0.097508    0.068012    0.068012 ^ clk (in)
                                                         clk (net)
                      0.097648    0.000000    0.068012 ^ clkbuf_0_clk/A (sky130_fd_sc_hd__clkbuf_16)
    16    0.123440    0.106891    0.156506    0.224518 ^ clkbuf_0_clk/X (sky130_fd_sc_hd__clkbuf_16)
                                                         clknet_0_clk (net)
                      0.107887    0.008261    0.232779 ^ clkbuf_4_3_0_clk/A (sky130_fd_sc_hd__clkbuf_8)
    11    0.061023    0.087580    0.145026    0.377806 ^ clkbuf_4_3_0_clk/X (sky130_fd_sc_hd__clkbuf_8)
                                                         clknet_4_3_0_clk (net)
                      0.087759    0.002803    0.380609 ^ _3141_/CLK (sky130_fd_sc_hd__dfrtp_1)
                                  0.500000    0.880609   clock uncertainty
                                  0.000000    0.880609   clock reconvergence pessimism
                                 -0.018599    0.862010   library hold time
                                              0.862010   data required time
---------------------------------------------------------------------------------------------
                                              0.862010   data required time
                                             -1.121591   data arrival time
---------------------------------------------------------------------------------------------
                                              0.259581   slack (MET)


Startpoint: _3076_ (rising edge-triggered flip-flop clocked by clk)
Endpoint: _3076_ (rising edge-triggered flip-flop clocked by clk)
Path Group: clk
Path Type: min

Fanout         Cap        Slew       Delay        Time   Description
---------------------------------------------------------------------------------------------
                                  0.000000    0.000000   clock clk (rise edge)
                                  0.000000    0.000000   clock source latency
     1    0.027726    0.097508    0.068012    0.068012 ^ clk (in)
                                                         clk (net)
                      0.097648    0.000000    0.068012 ^ clkbuf_0_clk/A (sky130_fd_sc_hd__clkbuf_16)
    16    0.123440    0.106891    0.156506    0.224518 ^ clkbuf_0_clk/X (sky130_fd_sc_hd__clkbuf_16)
                                                         clknet_0_clk (net)
                      0.107846    0.008092    0.232611 ^ clkbuf_4_11_0_clk/A (sky130_fd_sc_hd__clkbuf_8)
    13    0.060092    0.086421    0.144482    0.377093 ^ clkbuf_4_11_0_clk/X (sky130_fd_sc_hd__clkbuf_8)
                                                         clknet_4_11_0_clk (net)
                      0.086576    0.002543    0.379636 ^ _3076_/CLK (sky130_fd_sc_hd__dfrtp_2)
     6    0.025527    0.099023    0.283284    0.662920 ^ _3076_/Q (sky130_fd_sc_hd__dfrtp_2)
                                                         my_sum_sub.cm_exp[6] (net)
                      0.099039    0.001299    0.664219 ^ _2165_/A0 (sky130_fd_sc_hd__mux2_1)
     1    0.002395    0.026604    0.084886    0.749105 ^ _2165_/X (sky130_fd_sc_hd__mux2_1)
                                                         _0335_ (net)
                      0.026604    0.000160    0.749265 ^ hold115/A (sky130_fd_sc_hd__dlygate4sd3_1)
     1    0.003032    0.038773    0.371275    1.120540 ^ hold115/X (sky130_fd_sc_hd__dlygate4sd3_1)
                                                         net120 (net)
                      0.039246    0.000201    1.120740 ^ _3076_/D (sky130_fd_sc_hd__dfrtp_2)
                                              1.120740   data arrival time

                                  0.000000    0.000000   clock clk (rise edge)
                                  0.000000    0.000000   clock source latency
     1    0.027726    0.097508    0.068012    0.068012 ^ clk (in)
                                                         clk (net)
                      0.097648    0.000000    0.068012 ^ clkbuf_0_clk/A (sky130_fd_sc_hd__clkbuf_16)
    16    0.123440    0.106891    0.156506    0.224518 ^ clkbuf_0_clk/X (sky130_fd_sc_hd__clkbuf_16)
                                                         clknet_0_clk (net)
                      0.107846    0.008092    0.232611 ^ clkbuf_4_11_0_clk/A (sky130_fd_sc_hd__clkbuf_8)
    13    0.060092    0.086421    0.144482    0.377093 ^ clkbuf_4_11_0_clk/X (sky130_fd_sc_hd__clkbuf_8)
                                                         clknet_4_11_0_clk (net)
                      0.086576    0.002543    0.379636 ^ _3076_/CLK (sky130_fd_sc_hd__dfrtp_2)
                                  0.500000    0.879636   clock uncertainty
                                  0.000000    0.879636   clock reconvergence pessimism
                                 -0.018876    0.860760   library hold time
                                              0.860760   data required time
---------------------------------------------------------------------------------------------
                                              0.860760   data required time
                                             -1.120740   data arrival time
---------------------------------------------------------------------------------------------
                                              0.259980   slack (MET)


Startpoint: _3117_ (rising edge-triggered flip-flop clocked by clk)
Endpoint: _3116_ (rising edge-triggered flip-flop clocked by clk)
Path Group: clk
Path Type: min

Fanout         Cap        Slew       Delay        Time   Description
---------------------------------------------------------------------------------------------
                                  0.000000    0.000000   clock clk (rise edge)
                                  0.000000    0.000000   clock source latency
     1    0.027726    0.097508    0.068012    0.068012 ^ clk (in)
                                                         clk (net)
                      0.097648    0.000000    0.068012 ^ clkbuf_0_clk/A (sky130_fd_sc_hd__clkbuf_16)
    16    0.123440    0.106891    0.156506    0.224518 ^ clkbuf_0_clk/X (sky130_fd_sc_hd__clkbuf_16)
                                                         clknet_0_clk (net)
                      0.108113    0.009124    0.233642 ^ clkbuf_4_0_0_clk/A (sky130_fd_sc_hd__clkbuf_8)
    24    0.079899    0.110840    0.159315    0.392957 ^ clkbuf_4_0_0_clk/X (sky130_fd_sc_hd__clkbuf_8)
                                                         clknet_4_0_0_clk (net)
                      0.111238    0.005454    0.398411 ^ _3117_/CLK (sky130_fd_sc_hd__dfrtp_1)
     1    0.002232    0.028568    0.215296    0.613707 ^ _3117_/Q (sky130_fd_sc_hd__dfrtp_1)
                                                         shift_in[6] (net)
                      0.028568    0.000153    0.613860 ^ hold234/A (sky130_fd_sc_hd__dlygate4sd3_1)
     5    0.014557    0.118726    0.433389    1.047250 ^ hold234/X (sky130_fd_sc_hd__dlygate4sd3_1)
                                                         net239 (net)
                      0.118728    0.000685    1.047934 ^ _2115_/A0 (sky130_fd_sc_hd__mux2_1)
     1    0.002508    0.027352    0.089564    1.137498 ^ _2115_/X (sky130_fd_sc_hd__mux2_1)
                                                         _0212_ (net)
                      0.027352    0.000184    1.137683 ^ _3116_/D (sky130_fd_sc_hd__dfrtp_2)
                                              1.137683   data arrival time

                                  0.000000    0.000000   clock clk (rise edge)
                                  0.000000    0.000000   clock source latency
     1    0.027726    0.097508    0.068012    0.068012 ^ clk (in)
                                                         clk (net)
                      0.097648    0.000000    0.068012 ^ clkbuf_0_clk/A (sky130_fd_sc_hd__clkbuf_16)
    16    0.123440    0.106891    0.156506    0.224518 ^ clkbuf_0_clk/X (sky130_fd_sc_hd__clkbuf_16)
                                                         clknet_0_clk (net)
                      0.108138    0.009211    0.233730 ^ clkbuf_4_1_0_clk/A (sky130_fd_sc_hd__clkbuf_8)
    16    0.072521    0.101778    0.154075    0.387805 ^ clkbuf_4_1_0_clk/X (sky130_fd_sc_hd__clkbuf_8)
                                                         clknet_4_1_0_clk (net)
                      0.102098    0.004650    0.392454 ^ _3116_/CLK (sky130_fd_sc_hd__dfrtp_2)
                                  0.500000    0.892454   clock uncertainty
                                  0.000000    0.892454   clock reconvergence pessimism
                                 -0.017603    0.874851   library hold time
                                              0.874851   data required time
---------------------------------------------------------------------------------------------
                                              0.874851   data required time
                                             -1.137683   data arrival time
---------------------------------------------------------------------------------------------
                                              0.262831   slack (MET)


Startpoint: _3032_ (rising edge-triggered flip-flop clocked by clk)
Endpoint: _3032_ (rising edge-triggered flip-flop clocked by clk)
Path Group: clk
Path Type: min

Fanout         Cap        Slew       Delay        Time   Description
---------------------------------------------------------------------------------------------
                                  0.000000    0.000000   clock clk (rise edge)
                                  0.000000    0.000000   clock source latency
     1    0.027726    0.097508    0.068012    0.068012 ^ clk (in)
                                                         clk (net)
                      0.097648    0.000000    0.068012 ^ clkbuf_0_clk/A (sky130_fd_sc_hd__clkbuf_16)
    16    0.123440    0.106891    0.156506    0.224518 ^ clkbuf_0_clk/X (sky130_fd_sc_hd__clkbuf_16)
                                                         clknet_0_clk (net)
                      0.107846    0.008092    0.232611 ^ clkbuf_4_11_0_clk/A (sky130_fd_sc_hd__clkbuf_8)
    13    0.060092    0.086421    0.144482    0.377093 ^ clkbuf_4_11_0_clk/X (sky130_fd_sc_hd__clkbuf_8)
                                                         clknet_4_11_0_clk (net)
                      0.086616    0.002945    0.380038 ^ _3032_/CLK (sky130_fd_sc_hd__dfrtp_1)
     2    0.016219    0.113156    0.275469    0.655507 ^ _3032_/Q (sky130_fd_sc_hd__dfrtp_1)
                                                         my_sum_sub.result[15] (net)
                      0.113160    0.000826    0.656334 ^ _2660_/A1 (sky130_fd_sc_hd__a22o_1)
     1    0.004021    0.037944    0.093355    0.749689 ^ _2660_/X (sky130_fd_sc_hd__a22o_1)
                                                         _0291_ (net)
                      0.037945    0.000297    0.749986 ^ hold144/A (sky130_fd_sc_hd__dlygate4sd3_1)
     1    0.003252    0.040687    0.375089    1.125075 ^ hold144/X (sky130_fd_sc_hd__dlygate4sd3_1)
                                                         net149 (net)
                      0.040687    0.000245    1.125320 ^ _3032_/D (sky130_fd_sc_hd__dfrtp_1)
                                              1.125320   data arrival time

                                  0.000000    0.000000   clock clk (rise edge)
                                  0.000000    0.000000   clock source latency
     1    0.027726    0.097508    0.068012    0.068012 ^ clk (in)
                                                         clk (net)
                      0.097648    0.000000    0.068012 ^ clkbuf_0_clk/A (sky130_fd_sc_hd__clkbuf_16)
    16    0.123440    0.106891    0.156506    0.224518 ^ clkbuf_0_clk/X (sky130_fd_sc_hd__clkbuf_16)
                                                         clknet_0_clk (net)
                      0.107846    0.008092    0.232611 ^ clkbuf_4_11_0_clk/A (sky130_fd_sc_hd__clkbuf_8)
    13    0.060092    0.086421    0.144482    0.377093 ^ clkbuf_4_11_0_clk/X (sky130_fd_sc_hd__clkbuf_8)
                                                         clknet_4_11_0_clk (net)
                      0.086616    0.002945    0.380038 ^ _3032_/CLK (sky130_fd_sc_hd__dfrtp_1)
                                  0.500000    0.880038   clock uncertainty
                                  0.000000    0.880038   clock reconvergence pessimism
                                 -0.019044    0.860993   library hold time
                                              0.860993   data required time
---------------------------------------------------------------------------------------------
                                              0.860993   data required time
                                             -1.125320   data arrival time
---------------------------------------------------------------------------------------------
                                              0.264327   slack (MET)


Startpoint: _3127_ (rising edge-triggered flip-flop clocked by clk)
Endpoint: _3078_ (rising edge-triggered flip-flop clocked by clk)
Path Group: clk
Path Type: min

Fanout         Cap        Slew       Delay        Time   Description
---------------------------------------------------------------------------------------------
                                  0.000000    0.000000   clock clk (rise edge)
                                  0.000000    0.000000   clock source latency
     1    0.027726    0.097508    0.068012    0.068012 ^ clk (in)
                                                         clk (net)
                      0.097648    0.000000    0.068012 ^ clkbuf_0_clk/A (sky130_fd_sc_hd__clkbuf_16)
    16    0.123440    0.106891    0.156506    0.224518 ^ clkbuf_0_clk/X (sky130_fd_sc_hd__clkbuf_16)
                                                         clknet_0_clk (net)
                      0.107447    0.006247    0.230765 ^ clkbuf_4_6_0_clk/A (sky130_fd_sc_hd__clkbuf_8)
    12    0.060120    0.086529    0.143690    0.374455 ^ clkbuf_4_6_0_clk/X (sky130_fd_sc_hd__clkbuf_8)
                                                         clknet_4_6_0_clk (net)
                      0.086775    0.003724    0.378179 ^ _3127_/CLK (sky130_fd_sc_hd__dfrtp_1)
     2    0.021729    0.148134    0.300286    0.678465 ^ _3127_/Q (sky130_fd_sc_hd__dfrtp_1)
                                                         shift_out[0] (net)
                      0.148147    0.001433    0.679898 ^ _2163_/A1 (sky130_fd_sc_hd__a32o_1)
     1    0.002720    0.030031    0.096505    0.776403 ^ _2163_/X (sky130_fd_sc_hd__a32o_1)
                                                         _0337_ (net)
                      0.030032    0.000173    0.776575 ^ hold200/A (sky130_fd_sc_hd__dlygate4sd3_1)
     1    0.002512    0.035548    0.368681    1.145257 ^ hold200/X (sky130_fd_sc_hd__dlygate4sd3_1)
                                                         net205 (net)
                      0.035548    0.000175    1.145431 ^ _3078_/D (sky130_fd_sc_hd__dfrtp_1)
                                              1.145431   data arrival time

                                  0.000000    0.000000   clock clk (rise edge)
                                  0.000000    0.000000   clock source latency
     1    0.027726    0.097508    0.068012    0.068012 ^ clk (in)
                                                         clk (net)
                      0.097648    0.000000    0.068012 ^ clkbuf_0_clk/A (sky130_fd_sc_hd__clkbuf_16)
    16    0.123440    0.106891    0.156506    0.224518 ^ clkbuf_0_clk/X (sky130_fd_sc_hd__clkbuf_16)
                                                         clknet_0_clk (net)
                      0.108113    0.009124    0.233642 ^ clkbuf_4_0_0_clk/A (sky130_fd_sc_hd__clkbuf_8)
    24    0.079899    0.110840    0.159315    0.392957 ^ clkbuf_4_0_0_clk/X (sky130_fd_sc_hd__clkbuf_8)
                                                         clknet_4_0_0_clk (net)
                      0.111302    0.005852    0.398809 ^ _3078_/CLK (sky130_fd_sc_hd__dfrtp_1)
                                  0.500000    0.898809   clock uncertainty
                                  0.000000    0.898809   clock reconvergence pessimism
                                 -0.018005    0.880804   library hold time
                                              0.880804   data required time
---------------------------------------------------------------------------------------------
                                              0.880804   data required time
                                             -1.145431   data arrival time
---------------------------------------------------------------------------------------------
                                              0.264628   slack (MET)


Startpoint: _3143_ (rising edge-triggered flip-flop clocked by clk)
Endpoint: _3144_ (rising edge-triggered flip-flop clocked by clk)
Path Group: clk
Path Type: min

Fanout         Cap        Slew       Delay        Time   Description
---------------------------------------------------------------------------------------------
                                  0.000000    0.000000   clock clk (rise edge)
                                  0.000000    0.000000   clock source latency
     1    0.027726    0.097508    0.068012    0.068012 ^ clk (in)
                                                         clk (net)
                      0.097648    0.000000    0.068012 ^ clkbuf_0_clk/A (sky130_fd_sc_hd__clkbuf_16)
    16    0.123440    0.106891    0.156506    0.224518 ^ clkbuf_0_clk/X (sky130_fd_sc_hd__clkbuf_16)
                                                         clknet_0_clk (net)
                      0.108113    0.009124    0.233642 ^ clkbuf_4_0_0_clk/A (sky130_fd_sc_hd__clkbuf_8)
    24    0.079899    0.110840    0.159315    0.392957 ^ clkbuf_4_0_0_clk/X (sky130_fd_sc_hd__clkbuf_8)
                                                         clknet_4_0_0_clk (net)
                      0.112104    0.009486    0.402443 ^ _3143_/CLK (sky130_fd_sc_hd__dfrtp_1)
     4    0.012954    0.092385    0.267620    0.670063 ^ _3143_/Q (sky130_fd_sc_hd__dfrtp_1)
                                                         bit_count[0] (net)
                      0.092389    0.000730    0.670793 ^ _1536_/A2 (sky130_fd_sc_hd__a21o_1)
     1    0.004655    0.036607    0.084624    0.755417 ^ _1536_/X (sky130_fd_sc_hd__a21o_1)
                                                         _1083_ (net)
                      0.036609    0.000325    0.755742 ^ _1537_/A2 (sky130_fd_sc_hd__a21oi_1)
     1    0.001813    0.015867    0.032337    0.788078 v _1537_/Y (sky130_fd_sc_hd__a21oi_1)
                                                         _0240_ (net)
                      0.015867    0.000083    0.788161 v hold184/A (sky130_fd_sc_hd__dlygate4sd3_1)
     1    0.002538    0.037119    0.353197    1.141358 v hold184/X (sky130_fd_sc_hd__dlygate4sd3_1)
                                                         net189 (net)
                      0.037119    0.000176    1.141534 v _3144_/D (sky130_fd_sc_hd__dfrtp_1)
                                              1.141534   data arrival time

                                  0.000000    0.000000   clock clk (rise edge)
                                  0.000000    0.000000   clock source latency
     1    0.027726    0.097508    0.068012    0.068012 ^ clk (in)
                                                         clk (net)
                      0.097648    0.000000    0.068012 ^ clkbuf_0_clk/A (sky130_fd_sc_hd__clkbuf_16)
    16    0.123440    0.106891    0.156506    0.224518 ^ clkbuf_0_clk/X (sky130_fd_sc_hd__clkbuf_16)
                                                         clknet_0_clk (net)
                      0.108113    0.009124    0.233642 ^ clkbuf_4_0_0_clk/A (sky130_fd_sc_hd__clkbuf_8)
    24    0.079899    0.110840    0.159315    0.392957 ^ clkbuf_4_0_0_clk/X (sky130_fd_sc_hd__clkbuf_8)
                                                         clknet_4_0_0_clk (net)
                      0.111925    0.008813    0.401769 ^ _3144_/CLK (sky130_fd_sc_hd__dfrtp_1)
                                  0.500000    0.901769   clock uncertainty
                                  0.000000    0.901769   clock reconvergence pessimism
                                 -0.026085    0.875685   library hold time
                                              0.875685   data required time
---------------------------------------------------------------------------------------------
                                              0.875685   data required time
                                             -1.141534   data arrival time
---------------------------------------------------------------------------------------------
                                              0.265850   slack (MET)


Startpoint: _3071_ (rising edge-triggered flip-flop clocked by clk)
Endpoint: _3071_ (rising edge-triggered flip-flop clocked by clk)
Path Group: clk
Path Type: min

Fanout         Cap        Slew       Delay        Time   Description
---------------------------------------------------------------------------------------------
                                  0.000000    0.000000   clock clk (rise edge)
                                  0.000000    0.000000   clock source latency
     1    0.027726    0.097508    0.068012    0.068012 ^ clk (in)
                                                         clk (net)
                      0.097648    0.000000    0.068012 ^ clkbuf_0_clk/A (sky130_fd_sc_hd__clkbuf_16)
    16    0.123440    0.106891    0.156506    0.224518 ^ clkbuf_0_clk/X (sky130_fd_sc_hd__clkbuf_16)
                                                         clknet_0_clk (net)
                      0.108029    0.008811    0.233329 ^ clkbuf_4_14_0_clk/A (sky130_fd_sc_hd__clkbuf_8)
    11    0.072025    0.101070    0.155032    0.388361 ^ clkbuf_4_14_0_clk/X (sky130_fd_sc_hd__clkbuf_8)
                                                         clknet_4_14_0_clk (net)
                      0.101177    0.002057    0.390418 ^ _3071_/CLK (sky130_fd_sc_hd__dfrtp_2)
     8    0.024634    0.096056    0.285017    0.675435 ^ _3071_/Q (sky130_fd_sc_hd__dfrtp_2)
                                                         my_sum_sub.cm_exp[1] (net)
                      0.096065    0.001068    0.676502 ^ _2170_/A0 (sky130_fd_sc_hd__mux2_1)
     1    0.004298    0.037504    0.094075    0.770578 ^ _2170_/X (sky130_fd_sc_hd__mux2_1)
                                                         _0330_ (net)
                      0.037506    0.000262    0.770839 ^ hold109/A (sky130_fd_sc_hd__dlygate4sd3_1)
     1    0.002364    0.034738    0.369366    1.140206 ^ hold109/X (sky130_fd_sc_hd__dlygate4sd3_1)
                                                         net114 (net)
                      0.034738    0.000108    1.140314 ^ _3071_/D (sky130_fd_sc_hd__dfrtp_2)
                                              1.140314   data arrival time

                                  0.000000    0.000000   clock clk (rise edge)
                                  0.000000    0.000000   clock source latency
     1    0.027726    0.097508    0.068012    0.068012 ^ clk (in)
                                                         clk (net)
                      0.097648    0.000000    0.068012 ^ clkbuf_0_clk/A (sky130_fd_sc_hd__clkbuf_16)
    16    0.123440    0.106891    0.156506    0.224518 ^ clkbuf_0_clk/X (sky130_fd_sc_hd__clkbuf_16)
                                                         clknet_0_clk (net)
                      0.108029    0.008811    0.233329 ^ clkbuf_4_14_0_clk/A (sky130_fd_sc_hd__clkbuf_8)
    11    0.072025    0.101070    0.155032    0.388361 ^ clkbuf_4_14_0_clk/X (sky130_fd_sc_hd__clkbuf_8)
                                                         clknet_4_14_0_clk (net)
                      0.101177    0.002057    0.390418 ^ _3071_/CLK (sky130_fd_sc_hd__dfrtp_2)
                                  0.500000    0.890418   clock uncertainty
                                  0.000000    0.890418   clock reconvergence pessimism
                                 -0.018163    0.872255   library hold time
                                              0.872255   data required time
---------------------------------------------------------------------------------------------
                                              0.872255   data required time
                                             -1.140314   data arrival time
---------------------------------------------------------------------------------------------
                                              0.268059   slack (MET)


Startpoint: _3132_ (rising edge-triggered flip-flop clocked by clk)
Endpoint: _3131_ (rising edge-triggered flip-flop clocked by clk)
Path Group: clk
Path Type: min

Fanout         Cap        Slew       Delay        Time   Description
---------------------------------------------------------------------------------------------
                                  0.000000    0.000000   clock clk (rise edge)
                                  0.000000    0.000000   clock source latency
     1    0.027726    0.097508    0.068012    0.068012 ^ clk (in)
                                                         clk (net)
                      0.097648    0.000000    0.068012 ^ clkbuf_0_clk/A (sky130_fd_sc_hd__clkbuf_16)
    16    0.123440    0.106891    0.156506    0.224518 ^ clkbuf_0_clk/X (sky130_fd_sc_hd__clkbuf_16)
                                                         clknet_0_clk (net)
                      0.107573    0.006887    0.231405 ^ clkbuf_4_7_0_clk/A (sky130_fd_sc_hd__clkbuf_8)
    17    0.071778    0.100846    0.153065    0.384470 ^ clkbuf_4_7_0_clk/X (sky130_fd_sc_hd__clkbuf_8)
                                                         clknet_4_7_0_clk (net)
                      0.101218    0.004983    0.389453 ^ _3132_/CLK (sky130_fd_sc_hd__dfrtp_1)
     2    0.005536    0.047426    0.229884    0.619337 ^ _3132_/Q (sky130_fd_sc_hd__dfrtp_1)
                                                         shift_out[5] (net)
                      0.047428    0.000369    0.619706 ^ _2078_/A1 (sky130_fd_sc_hd__a221o_1)
     1    0.004701    0.042229    0.087892    0.707598 ^ _2078_/X (sky130_fd_sc_hd__a221o_1)
                                                         _0477_ (net)
                      0.042231    0.000377    0.707974 ^ _2079_/B2 (sky130_fd_sc_hd__o22a_1)
     1    0.003377    0.031408    0.060814    0.768789 ^ _2079_/X (sky130_fd_sc_hd__o22a_1)
                                                         _0227_ (net)
                      0.031409    0.000209    0.768997 ^ hold40/A (sky130_fd_sc_hd__dlygate4sd3_1)
     1    0.003094    0.039654    0.372699    1.141696 ^ hold40/X (sky130_fd_sc_hd__dlygate4sd3_1)
                                                         net45 (net)
                      0.039654    0.000209    1.141905 ^ _3131_/D (sky130_fd_sc_hd__dfrtp_1)
                                              1.141905   data arrival time

                                  0.000000    0.000000   clock clk (rise edge)
                                  0.000000    0.000000   clock source latency
     1    0.027726    0.097508    0.068012    0.068012 ^ clk (in)
                                                         clk (net)
                      0.097648    0.000000    0.068012 ^ clkbuf_0_clk/A (sky130_fd_sc_hd__clkbuf_16)
    16    0.123440    0.106891    0.156506    0.224518 ^ clkbuf_0_clk/X (sky130_fd_sc_hd__clkbuf_16)
                                                         clknet_0_clk (net)
                      0.107573    0.006887    0.231405 ^ clkbuf_4_7_0_clk/A (sky130_fd_sc_hd__clkbuf_8)
    17    0.071778    0.100846    0.153065    0.384470 ^ clkbuf_4_7_0_clk/X (sky130_fd_sc_hd__clkbuf_8)
                                                         clknet_4_7_0_clk (net)
                      0.101369    0.005866    0.390336 ^ _3131_/CLK (sky130_fd_sc_hd__dfrtp_1)
                                  0.500000    0.890336   clock uncertainty
                                  0.000000    0.890336   clock reconvergence pessimism
                                 -0.018575    0.871761   library hold time
                                              0.871761   data required time
---------------------------------------------------------------------------------------------
                                              0.871761   data required time
                                             -1.141905   data arrival time
---------------------------------------------------------------------------------------------
                                              0.270144   slack (MET)


Startpoint: _3049_ (rising edge-triggered flip-flop clocked by clk)
Endpoint: _3060_ (rising edge-triggered flip-flop clocked by clk)
Path Group: clk
Path Type: min

Fanout         Cap        Slew       Delay        Time   Description
---------------------------------------------------------------------------------------------
                                  0.000000    0.000000   clock clk (rise edge)
                                  0.000000    0.000000   clock source latency
     1    0.027726    0.097508    0.068012    0.068012 ^ clk (in)
                                                         clk (net)
                      0.097648    0.000000    0.068012 ^ clkbuf_0_clk/A (sky130_fd_sc_hd__clkbuf_16)
    16    0.123440    0.106891    0.156506    0.224518 ^ clkbuf_0_clk/X (sky130_fd_sc_hd__clkbuf_16)
                                                         clknet_0_clk (net)
                      0.108050    0.008889    0.233408 ^ clkbuf_4_15_0_clk/A (sky130_fd_sc_hd__clkbuf_8)
    13    0.066990    0.094978    0.149504    0.382912 ^ clkbuf_4_15_0_clk/X (sky130_fd_sc_hd__clkbuf_8)
                                                         clknet_4_15_0_clk (net)
                      0.095141    0.003234    0.386146 ^ _3049_/CLK (sky130_fd_sc_hd__dfrtp_2)
     3    0.015435    0.065311    0.261293    0.647439 ^ _3049_/Q (sky130_fd_sc_hd__dfrtp_2)
                                                         my_sum_sub.al_mb[0] (net)
                      0.065331    0.001085    0.648523 ^ _2266_/A (sky130_fd_sc_hd__xnor2_1)
     2    0.005857    0.059577    0.090511    0.739034 ^ _2266_/Y (sky130_fd_sc_hd__xnor2_1)
                                                         _0594_ (net)
                      0.059577    0.000297    0.739332 ^ _2274_/A2 (sky130_fd_sc_hd__a21oi_1)
     1    0.002469    0.023519    0.039522    0.778854 v _2274_/Y (sky130_fd_sc_hd__a21oi_1)
                                                         _0319_ (net)
                      0.023519    0.000118    0.778972 v hold194/A (sky130_fd_sc_hd__dlygate4sd3_1)
     1    0.002621    0.037387    0.355934    1.134906 v hold194/X (sky130_fd_sc_hd__dlygate4sd3_1)
                                                         net199 (net)
                      0.037387    0.000189    1.135095 v _3060_/D (sky130_fd_sc_hd__dfrtp_1)
                                              1.135095   data arrival time

                                  0.000000    0.000000   clock clk (rise edge)
                                  0.000000    0.000000   clock source latency
     1    0.027726    0.097508    0.068012    0.068012 ^ clk (in)
                                                         clk (net)
                      0.097648    0.000000    0.068012 ^ clkbuf_0_clk/A (sky130_fd_sc_hd__clkbuf_16)
    16    0.123440    0.106891    0.156506    0.224518 ^ clkbuf_0_clk/X (sky130_fd_sc_hd__clkbuf_16)
                                                         clknet_0_clk (net)
                      0.108029    0.008811    0.233329 ^ clkbuf_4_14_0_clk/A (sky130_fd_sc_hd__clkbuf_8)
    11    0.072025    0.101070    0.155032    0.388361 ^ clkbuf_4_14_0_clk/X (sky130_fd_sc_hd__clkbuf_8)
                                                         clknet_4_14_0_clk (net)
                      0.101165    0.001860    0.390222 ^ _3060_/CLK (sky130_fd_sc_hd__dfrtp_1)
                                  0.500000    0.890222   clock uncertainty
                                  0.000000    0.890222   clock reconvergence pessimism
                                 -0.027231    0.862991   library hold time
                                              0.862991   data required time
---------------------------------------------------------------------------------------------
                                              0.862991   data required time
                                             -1.135095   data arrival time
---------------------------------------------------------------------------------------------
                                              0.272104   slack (MET)


Startpoint: _3070_ (rising edge-triggered flip-flop clocked by clk)
Endpoint: _3070_ (rising edge-triggered flip-flop clocked by clk)
Path Group: clk
Path Type: min

Fanout         Cap        Slew       Delay        Time   Description
---------------------------------------------------------------------------------------------
                                  0.000000    0.000000   clock clk (rise edge)
                                  0.000000    0.000000   clock source latency
     1    0.027726    0.097508    0.068012    0.068012 ^ clk (in)
                                                         clk (net)
                      0.097648    0.000000    0.068012 ^ clkbuf_0_clk/A (sky130_fd_sc_hd__clkbuf_16)
    16    0.123440    0.106891    0.156506    0.224518 ^ clkbuf_0_clk/X (sky130_fd_sc_hd__clkbuf_16)
                                                         clknet_0_clk (net)
                      0.108029    0.008811    0.233329 ^ clkbuf_4_14_0_clk/A (sky130_fd_sc_hd__clkbuf_8)
    11    0.072025    0.101070    0.155032    0.388361 ^ clkbuf_4_14_0_clk/X (sky130_fd_sc_hd__clkbuf_8)
                                                         clknet_4_14_0_clk (net)
                      0.101183    0.002156    0.390517 ^ _3070_/CLK (sky130_fd_sc_hd__dfrtp_4)
     8    0.024568    0.070629    0.298616    0.689133 ^ _3070_/Q (sky130_fd_sc_hd__dfrtp_4)
                                                         my_sum_sub.cm_exp[0] (net)
                      0.070685    0.001432    0.690564 ^ _2171_/A0 (sky130_fd_sc_hd__mux2_1)
     1    0.003944    0.035380    0.087070    0.777635 ^ _2171_/X (sky130_fd_sc_hd__mux2_1)
                                                         _0329_ (net)
                      0.035381    0.000238    0.777873 ^ hold102/A (sky130_fd_sc_hd__dlygate4sd3_1)
     1    0.002375    0.034795    0.368976    1.146849 ^ hold102/X (sky130_fd_sc_hd__dlygate4sd3_1)
                                                         net107 (net)
                      0.034795    0.000110    1.146959 ^ _3070_/D (sky130_fd_sc_hd__dfrtp_4)
                                              1.146959   data arrival time

                                  0.000000    0.000000   clock clk (rise edge)
                                  0.000000    0.000000   clock source latency
     1    0.027726    0.097508    0.068012    0.068012 ^ clk (in)
                                                         clk (net)
                      0.097648    0.000000    0.068012 ^ clkbuf_0_clk/A (sky130_fd_sc_hd__clkbuf_16)
    16    0.123440    0.106891    0.156506    0.224518 ^ clkbuf_0_clk/X (sky130_fd_sc_hd__clkbuf_16)
                                                         clknet_0_clk (net)
                      0.108029    0.008811    0.233329 ^ clkbuf_4_14_0_clk/A (sky130_fd_sc_hd__clkbuf_8)
    11    0.072025    0.101070    0.155032    0.388361 ^ clkbuf_4_14_0_clk/X (sky130_fd_sc_hd__clkbuf_8)
                                                         clknet_4_14_0_clk (net)
                      0.101183    0.002156    0.390517 ^ _3070_/CLK (sky130_fd_sc_hd__dfrtp_4)
                                  0.500000    0.890517   clock uncertainty
                                  0.000000    0.890517   clock reconvergence pessimism
                                 -0.018217    0.872300   library hold time
                                              0.872300   data required time
---------------------------------------------------------------------------------------------
                                              0.872300   data required time
                                             -1.146959   data arrival time
---------------------------------------------------------------------------------------------
                                              0.274659   slack (MET)


Startpoint: _3130_ (rising edge-triggered flip-flop clocked by clk)
Endpoint: _3129_ (rising edge-triggered flip-flop clocked by clk)
Path Group: clk
Path Type: min

Fanout         Cap        Slew       Delay        Time   Description
---------------------------------------------------------------------------------------------
                                  0.000000    0.000000   clock clk (rise edge)
                                  0.000000    0.000000   clock source latency
     1    0.027726    0.097508    0.068012    0.068012 ^ clk (in)
                                                         clk (net)
                      0.097648    0.000000    0.068012 ^ clkbuf_0_clk/A (sky130_fd_sc_hd__clkbuf_16)
    16    0.123440    0.106891    0.156506    0.224518 ^ clkbuf_0_clk/X (sky130_fd_sc_hd__clkbuf_16)
                                                         clknet_0_clk (net)
                      0.107573    0.006887    0.231405 ^ clkbuf_4_7_0_clk/A (sky130_fd_sc_hd__clkbuf_8)
    17    0.071778    0.100846    0.153065    0.384470 ^ clkbuf_4_7_0_clk/X (sky130_fd_sc_hd__clkbuf_8)
                                                         clknet_4_7_0_clk (net)
                      0.101463    0.006356    0.390825 ^ _3130_/CLK (sky130_fd_sc_hd__dfrtp_1)
     2    0.006529    0.053420    0.234742    0.625567 ^ _3130_/Q (sky130_fd_sc_hd__dfrtp_1)
                                                         shift_out[3] (net)
                      0.053421    0.000344    0.625911 ^ _2090_/A1 (sky130_fd_sc_hd__a221o_1)
     1    0.003092    0.032081    0.081225    0.707135 ^ _2090_/X (sky130_fd_sc_hd__a221o_1)
                                                         _0487_ (net)
                      0.032081    0.000149    0.707284 ^ _2091_/B2 (sky130_fd_sc_hd__o22a_1)
     1    0.002834    0.027928    0.055756    0.763040 ^ _2091_/X (sky130_fd_sc_hd__o22a_1)
                                                         _0225_ (net)
                      0.027929    0.000191    0.763231 ^ hold42/A (sky130_fd_sc_hd__dlygate4sd3_1)
     1    0.002897    0.037903    0.370689    1.133920 ^ hold42/X (sky130_fd_sc_hd__dlygate4sd3_1)
                                                         net47 (net)
                      0.038363    0.000199    1.134118 ^ _3129_/D (sky130_fd_sc_hd__dfrtp_1)
                                              1.134118   data arrival time

                                  0.000000    0.000000   clock clk (rise edge)
                                  0.000000    0.000000   clock source latency
     1    0.027726    0.097508    0.068012    0.068012 ^ clk (in)
                                                         clk (net)
                      0.097648    0.000000    0.068012 ^ clkbuf_0_clk/A (sky130_fd_sc_hd__clkbuf_16)
    16    0.123440    0.106891    0.156506    0.224518 ^ clkbuf_0_clk/X (sky130_fd_sc_hd__clkbuf_16)
                                                         clknet_0_clk (net)
                      0.107447    0.006247    0.230765 ^ clkbuf_4_6_0_clk/A (sky130_fd_sc_hd__clkbuf_8)
    12    0.060120    0.086529    0.143690    0.374455 ^ clkbuf_4_6_0_clk/X (sky130_fd_sc_hd__clkbuf_8)
                                                         clknet_4_6_0_clk (net)
                      0.086794    0.003863    0.378318 ^ _3129_/CLK (sky130_fd_sc_hd__dfrtp_1)
                                  0.500000    0.878318   clock uncertainty
                                  0.000000    0.878318   clock reconvergence pessimism
                                 -0.018866    0.859452   library hold time
                                              0.859452   data required time
---------------------------------------------------------------------------------------------
                                              0.859452   data required time
                                             -1.134118   data arrival time
---------------------------------------------------------------------------------------------
                                              0.274666   slack (MET)


Startpoint: _3153_ (rising edge-triggered flip-flop clocked by clk)
Endpoint: _3162_ (rising edge-triggered flip-flop clocked by clk)
Path Group: clk
Path Type: min

Fanout         Cap        Slew       Delay        Time   Description
---------------------------------------------------------------------------------------------
                                  0.000000    0.000000   clock clk (rise edge)
                                  0.000000    0.000000   clock source latency
     1    0.027726    0.097508    0.068012    0.068012 ^ clk (in)
                                                         clk (net)
                      0.097648    0.000000    0.068012 ^ clkbuf_0_clk/A (sky130_fd_sc_hd__clkbuf_16)
    16    0.123440    0.106891    0.156506    0.224518 ^ clkbuf_0_clk/X (sky130_fd_sc_hd__clkbuf_16)
                                                         clknet_0_clk (net)
                      0.108113    0.009124    0.233642 ^ clkbuf_4_0_0_clk/A (sky130_fd_sc_hd__clkbuf_8)
    24    0.079899    0.110840    0.159315    0.392957 ^ clkbuf_4_0_0_clk/X (sky130_fd_sc_hd__clkbuf_8)
                                                         clknet_4_0_0_clk (net)
                      0.111191    0.005133    0.398089 ^ _3153_/CLK (sky130_fd_sc_hd__dfrtp_1)
     1    0.002220    0.028506    0.215230    0.613319 ^ _3153_/Q (sky130_fd_sc_hd__dfrtp_1)
                                                         state[1] (net)
                      0.028506    0.000102    0.613421 ^ hold177/A (sky130_fd_sc_hd__dlygate4sd3_1)
     4    0.013522    0.111277    0.428056    1.041477 ^ hold177/X (sky130_fd_sc_hd__dlygate4sd3_1)
                                                         net182 (net)
                      0.111278    0.000608    1.042085 ^ _2804_/C (sky130_fd_sc_hd__and3b_1)
     1    0.003970    0.042042    0.109016    1.151102 ^ _2804_/X (sky130_fd_sc_hd__and3b_1)
                                                         _0002_ (net)
                      0.042043    0.000238    1.151339 ^ _3162_/D (sky130_fd_sc_hd__dfrtp_1)
                                              1.151339   data arrival time

                                  0.000000    0.000000   clock clk (rise edge)
                                  0.000000    0.000000   clock source latency
     1    0.027726    0.097508    0.068012    0.068012 ^ clk (in)
                                                         clk (net)
                      0.097648    0.000000    0.068012 ^ clkbuf_0_clk/A (sky130_fd_sc_hd__clkbuf_16)
    16    0.123440    0.106891    0.156506    0.224518 ^ clkbuf_0_clk/X (sky130_fd_sc_hd__clkbuf_16)
                                                         clknet_0_clk (net)
                      0.108012    0.008748    0.233267 ^ clkbuf_4_2_0_clk/A (sky130_fd_sc_hd__clkbuf_8)
    18    0.074804    0.104565    0.155121    0.388388 ^ clkbuf_4_2_0_clk/X (sky130_fd_sc_hd__clkbuf_8)
                                                         clknet_4_2_0_clk (net)
                      0.105016    0.005600    0.393988 ^ _3162_/CLK (sky130_fd_sc_hd__dfrtp_1)
                                  0.500000    0.893988   clock uncertainty
                                  0.000000    0.893988   clock reconvergence pessimism
                                 -0.018656    0.875333   library hold time
                                              0.875333   data required time
---------------------------------------------------------------------------------------------
                                              0.875333   data required time
                                             -1.151339   data arrival time
---------------------------------------------------------------------------------------------
                                              0.276007   slack (MET)


Startpoint: _3042_ (rising edge-triggered flip-flop clocked by clk)
Endpoint: _3042_ (rising edge-triggered flip-flop clocked by clk)
Path Group: clk
Path Type: min

Fanout         Cap        Slew       Delay        Time   Description
---------------------------------------------------------------------------------------------
                                  0.000000    0.000000   clock clk (rise edge)
                                  0.000000    0.000000   clock source latency
     1    0.027726    0.097508    0.068012    0.068012 ^ clk (in)
                                                         clk (net)
                      0.097648    0.000000    0.068012 ^ clkbuf_0_clk/A (sky130_fd_sc_hd__clkbuf_16)
    16    0.123440    0.106891    0.156506    0.224518 ^ clkbuf_0_clk/X (sky130_fd_sc_hd__clkbuf_16)
                                                         clknet_0_clk (net)
                      0.107846    0.008094    0.232613 ^ clkbuf_4_12_0_clk/A (sky130_fd_sc_hd__clkbuf_8)
     8    0.059947    0.086319    0.143633    0.376245 ^ clkbuf_4_12_0_clk/X (sky130_fd_sc_hd__clkbuf_8)
                                                         clknet_4_12_0_clk (net)
                      0.086430    0.002532    0.378777 ^ _3042_/CLK (sky130_fd_sc_hd__dfrtp_1)
     3    0.010032    0.074634    0.247407    0.626184 ^ _3042_/Q (sky130_fd_sc_hd__dfrtp_1)
                                                         my_sum_sub.al_ma[1] (net)
                      0.074636    0.000511    0.626695 ^ hold211/A (sky130_fd_sc_hd__dlygate4sd3_1)
     2    0.010618    0.090406    0.421781    1.048476 ^ hold211/X (sky130_fd_sc_hd__dlygate4sd3_1)
                                                         net216 (net)
                      0.090411    0.000761    1.049237 ^ _2380_/A2 (sky130_fd_sc_hd__a221o_1)
     1    0.002495    0.026317    0.087768    1.137005 ^ _2380_/X (sky130_fd_sc_hd__a221o_1)
                                                         _0301_ (net)
                      0.026318    0.000116    1.137122 ^ _3042_/D (sky130_fd_sc_hd__dfrtp_1)
                                              1.137122   data arrival time

                                  0.000000    0.000000   clock clk (rise edge)
                                  0.000000    0.000000   clock source latency
     1    0.027726    0.097508    0.068012    0.068012 ^ clk (in)
                                                         clk (net)
                      0.097648    0.000000    0.068012 ^ clkbuf_0_clk/A (sky130_fd_sc_hd__clkbuf_16)
    16    0.123440    0.106891    0.156506    0.224518 ^ clkbuf_0_clk/X (sky130_fd_sc_hd__clkbuf_16)
                                                         clknet_0_clk (net)
                      0.107846    0.008094    0.232613 ^ clkbuf_4_12_0_clk/A (sky130_fd_sc_hd__clkbuf_8)
     8    0.059947    0.086319    0.143633    0.376245 ^ clkbuf_4_12_0_clk/X (sky130_fd_sc_hd__clkbuf_8)
                                                         clknet_4_12_0_clk (net)
                      0.086430    0.002532    0.378777 ^ _3042_/CLK (sky130_fd_sc_hd__dfrtp_1)
                                  0.500000    0.878777   clock uncertainty
                                  0.000000    0.878777   clock reconvergence pessimism
                                 -0.017975    0.860802   library hold time
                                              0.860802   data required time
---------------------------------------------------------------------------------------------
                                              0.860802   data required time
                                             -1.137122   data arrival time
---------------------------------------------------------------------------------------------
                                              0.276319   slack (MET)


Startpoint: _3058_ (rising edge-triggered flip-flop clocked by clk)
Endpoint: _3058_ (rising edge-triggered flip-flop clocked by clk)
Path Group: clk
Path Type: min

Fanout         Cap        Slew       Delay        Time   Description
---------------------------------------------------------------------------------------------
                                  0.000000    0.000000   clock clk (rise edge)
                                  0.000000    0.000000   clock source latency
     1    0.027726    0.097508    0.068012    0.068012 ^ clk (in)
                                                         clk (net)
                      0.097648    0.000000    0.068012 ^ clkbuf_0_clk/A (sky130_fd_sc_hd__clkbuf_16)
    16    0.123440    0.106891    0.156506    0.224518 ^ clkbuf_0_clk/X (sky130_fd_sc_hd__clkbuf_16)
                                                         clknet_0_clk (net)
                      0.107846    0.008094    0.232613 ^ clkbuf_4_12_0_clk/A (sky130_fd_sc_hd__clkbuf_8)
     8    0.059947    0.086319    0.143633    0.376245 ^ clkbuf_4_12_0_clk/X (sky130_fd_sc_hd__clkbuf_8)
                                                         clknet_4_12_0_clk (net)
                      0.086558    0.003674    0.379919 ^ _3058_/CLK (sky130_fd_sc_hd__dfrtp_4)
     2    0.021398    0.064577    0.290472    0.670391 ^ _3058_/Q (sky130_fd_sc_hd__dfrtp_4)
                                                         my_sum_sub.al_sb_eff (net)
                      0.064621    0.001038    0.671429 ^ hold169/A (sky130_fd_sc_hd__dlygate4sd3_1)
     2    0.005040    0.052393    0.390296    1.061725 ^ hold169/X (sky130_fd_sc_hd__dlygate4sd3_1)
                                                         net174 (net)
                      0.052393    0.000277    1.062001 ^ _2284_/A0 (sky130_fd_sc_hd__mux2_1)
     1    0.003315    0.031635    0.079921    1.141922 ^ _2284_/X (sky130_fd_sc_hd__mux2_1)
                                                         _0317_ (net)
                      0.031636    0.000208    1.142130 ^ _3058_/D (sky130_fd_sc_hd__dfrtp_4)
                                              1.142130   data arrival time

                                  0.000000    0.000000   clock clk (rise edge)
                                  0.000000    0.000000   clock source latency
     1    0.027726    0.097508    0.068012    0.068012 ^ clk (in)
                                                         clk (net)
                      0.097648    0.000000    0.068012 ^ clkbuf_0_clk/A (sky130_fd_sc_hd__clkbuf_16)
    16    0.123440    0.106891    0.156506    0.224518 ^ clkbuf_0_clk/X (sky130_fd_sc_hd__clkbuf_16)
                                                         clknet_0_clk (net)
                      0.107846    0.008094    0.232613 ^ clkbuf_4_12_0_clk/A (sky130_fd_sc_hd__clkbuf_8)
     8    0.059947    0.086319    0.143633    0.376245 ^ clkbuf_4_12_0_clk/X (sky130_fd_sc_hd__clkbuf_8)
                                                         clknet_4_12_0_clk (net)
                      0.086558    0.003674    0.379919 ^ _3058_/CLK (sky130_fd_sc_hd__dfrtp_4)
                                  0.500000    0.879919   clock uncertainty
                                  0.000000    0.879919   clock reconvergence pessimism
                                 -0.018369    0.861550   library hold time
                                              0.861550   data required time
---------------------------------------------------------------------------------------------
                                              0.861550   data required time
                                             -1.142130   data arrival time
---------------------------------------------------------------------------------------------
                                              0.280580   slack (MET)


Startpoint: _3136_ (rising edge-triggered flip-flop clocked by clk)
Endpoint: _3135_ (rising edge-triggered flip-flop clocked by clk)
Path Group: clk
Path Type: min

Fanout         Cap        Slew       Delay        Time   Description
---------------------------------------------------------------------------------------------
                                  0.000000    0.000000   clock clk (rise edge)
                                  0.000000    0.000000   clock source latency
     1    0.027726    0.097508    0.068012    0.068012 ^ clk (in)
                                                         clk (net)
                      0.097648    0.000000    0.068012 ^ clkbuf_0_clk/A (sky130_fd_sc_hd__clkbuf_16)
    16    0.123440    0.106891    0.156506    0.224518 ^ clkbuf_0_clk/X (sky130_fd_sc_hd__clkbuf_16)
                                                         clknet_0_clk (net)
                      0.107516    0.006605    0.231123 ^ clkbuf_4_5_0_clk/A (sky130_fd_sc_hd__clkbuf_8)
    10    0.065462    0.093069    0.148740    0.379863 ^ clkbuf_4_5_0_clk/X (sky130_fd_sc_hd__clkbuf_8)
                                                         clknet_4_5_0_clk (net)
                      0.093108    0.001568    0.381431 ^ _3136_/CLK (sky130_fd_sc_hd__dfrtp_1)
     2    0.005464    0.047008    0.227410    0.608841 ^ _3136_/Q (sky130_fd_sc_hd__dfrtp_1)
                                                         shift_out[9] (net)
                      0.047010    0.000372    0.609213 ^ _2049_/A1 (sky130_fd_sc_hd__a221o_1)
     1    0.005455    0.047283    0.091573    0.700786 ^ _2049_/X (sky130_fd_sc_hd__a221o_1)
                                                         _0452_ (net)
                      0.047285    0.000392    0.701178 ^ _2050_/B2 (sky130_fd_sc_hd__o22a_1)
     1    0.004254    0.037105    0.066359    0.767537 ^ _2050_/X (sky130_fd_sc_hd__o22a_1)
                                                         _0231_ (net)
                      0.037105    0.000179    0.767717 ^ hold38/A (sky130_fd_sc_hd__dlygate4sd3_1)
     1    0.002661    0.036422    0.371157    1.138874 ^ hold38/X (sky130_fd_sc_hd__dlygate4sd3_1)
                                                         net43 (net)
                      0.036422    0.000182    1.139055 ^ _3135_/D (sky130_fd_sc_hd__dfrtp_1)
                                              1.139055   data arrival time

                                  0.000000    0.000000   clock clk (rise edge)
                                  0.000000    0.000000   clock source latency
     1    0.027726    0.097508    0.068012    0.068012 ^ clk (in)
                                                         clk (net)
                      0.097648    0.000000    0.068012 ^ clkbuf_0_clk/A (sky130_fd_sc_hd__clkbuf_16)
    16    0.123440    0.106891    0.156506    0.224518 ^ clkbuf_0_clk/X (sky130_fd_sc_hd__clkbuf_16)
                                                         clknet_0_clk (net)
                      0.107447    0.006247    0.230765 ^ clkbuf_4_6_0_clk/A (sky130_fd_sc_hd__clkbuf_8)
    12    0.060120    0.086529    0.143690    0.374455 ^ clkbuf_4_6_0_clk/X (sky130_fd_sc_hd__clkbuf_8)
                                                         clknet_4_6_0_clk (net)
                      0.086636    0.002482    0.376937 ^ _3135_/CLK (sky130_fd_sc_hd__dfrtp_1)
                                  0.500000    0.876937   clock uncertainty
                                  0.000000    0.876937   clock reconvergence pessimism
                                 -0.018725    0.858212   library hold time
                                              0.858212   data required time
---------------------------------------------------------------------------------------------
                                              0.858212   data required time
                                             -1.139055   data arrival time
---------------------------------------------------------------------------------------------
                                              0.280844   slack (MET)


Startpoint: _3107_ (rising edge-triggered flip-flop clocked by clk)
Endpoint: _3107_ (rising edge-triggered flip-flop clocked by clk)
Path Group: clk
Path Type: min

Fanout         Cap        Slew       Delay        Time   Description
---------------------------------------------------------------------------------------------
                                  0.000000    0.000000   clock clk (rise edge)
                                  0.000000    0.000000   clock source latency
     1    0.027726    0.097508    0.068012    0.068012 ^ clk (in)
                                                         clk (net)
                      0.097648    0.000000    0.068012 ^ clkbuf_0_clk/A (sky130_fd_sc_hd__clkbuf_16)
    16    0.123440    0.106891    0.156506    0.224518 ^ clkbuf_0_clk/X (sky130_fd_sc_hd__clkbuf_16)
                                                         clknet_0_clk (net)
                      0.107584    0.006936    0.231454 ^ clkbuf_4_4_0_clk/A (sky130_fd_sc_hd__clkbuf_8)
    11    0.060636    0.087160    0.144351    0.375805 ^ clkbuf_4_4_0_clk/X (sky130_fd_sc_hd__clkbuf_8)
                                                         clknet_4_4_0_clk (net)
                      0.087275    0.002582    0.378387 ^ _3107_/CLK (sky130_fd_sc_hd__dfrtp_2)
     6    0.030997    0.117425    0.296708    0.675095 ^ _3107_/Q (sky130_fd_sc_hd__dfrtp_2)
                                                         my_mul.x2[12] (net)
                      0.117439    0.001373    0.676468 ^ _2127_/A1 (sky130_fd_sc_hd__mux2_1)
     1    0.003523    0.032953    0.096520    0.772989 ^ _2127_/X (sky130_fd_sc_hd__mux2_1)
                                                         _0203_ (net)
                      0.032975    0.000209    0.773197 ^ hold81/A (sky130_fd_sc_hd__dlygate4sd3_1)
     1    0.002508    0.035553    0.369312    1.142509 ^ hold81/X (sky130_fd_sc_hd__dlygate4sd3_1)
                                                         net86 (net)
                      0.035553    0.000115    1.142624 ^ _3107_/D (sky130_fd_sc_hd__dfrtp_2)
                                              1.142624   data arrival time

                                  0.000000    0.000000   clock clk (rise edge)
                                  0.000000    0.000000   clock source latency
     1    0.027726    0.097508    0.068012    0.068012 ^ clk (in)
                                                         clk (net)
                      0.097648    0.000000    0.068012 ^ clkbuf_0_clk/A (sky130_fd_sc_hd__clkbuf_16)
    16    0.123440    0.106891    0.156506    0.224518 ^ clkbuf_0_clk/X (sky130_fd_sc_hd__clkbuf_16)
                                                         clknet_0_clk (net)
                      0.107584    0.006936    0.231454 ^ clkbuf_4_4_0_clk/A (sky130_fd_sc_hd__clkbuf_8)
    11    0.060636    0.087160    0.144351    0.375805 ^ clkbuf_4_4_0_clk/X (sky130_fd_sc_hd__clkbuf_8)
                                                         clknet_4_4_0_clk (net)
                      0.087275    0.002582    0.378387 ^ _3107_/CLK (sky130_fd_sc_hd__dfrtp_2)
                                  0.500000    0.878387   clock uncertainty
                                  0.000000    0.878387   clock reconvergence pessimism
                                 -0.018589    0.859798   library hold time
                                              0.859798   data required time
---------------------------------------------------------------------------------------------
                                              0.859798   data required time
                                             -1.142624   data arrival time
---------------------------------------------------------------------------------------------
                                              0.282827   slack (MET)


Startpoint: _3139_ (rising edge-triggered flip-flop clocked by clk)
Endpoint: _3138_ (rising edge-triggered flip-flop clocked by clk)
Path Group: clk
Path Type: min

Fanout         Cap        Slew       Delay        Time   Description
---------------------------------------------------------------------------------------------
                                  0.000000    0.000000   clock clk (rise edge)
                                  0.000000    0.000000   clock source latency
     1    0.027726    0.097508    0.068012    0.068012 ^ clk (in)
                                                         clk (net)
                      0.097648    0.000000    0.068012 ^ clkbuf_0_clk/A (sky130_fd_sc_hd__clkbuf_16)
    16    0.123440    0.106891    0.156506    0.224518 ^ clkbuf_0_clk/X (sky130_fd_sc_hd__clkbuf_16)
                                                         clknet_0_clk (net)
                      0.108138    0.009211    0.233730 ^ clkbuf_4_1_0_clk/A (sky130_fd_sc_hd__clkbuf_8)
    16    0.072521    0.101778    0.154075    0.387805 ^ clkbuf_4_1_0_clk/X (sky130_fd_sc_hd__clkbuf_8)
                                                         clknet_4_1_0_clk (net)
                      0.102508    0.006922    0.394727 ^ _3139_/CLK (sky130_fd_sc_hd__dfrtp_1)
     2    0.006723    0.054598    0.235916    0.630643 ^ _3139_/Q (sky130_fd_sc_hd__dfrtp_1)
                                                         shift_out[12] (net)
                      0.054600    0.000392    0.631035 ^ _2028_/A1 (sky130_fd_sc_hd__a221o_1)
     1    0.003167    0.032516    0.081880    0.712915 ^ _2028_/X (sky130_fd_sc_hd__a221o_1)
                                                         _0434_ (net)
                      0.032517    0.000220    0.713135 ^ _2029_/B2 (sky130_fd_sc_hd__o22a_1)
     1    0.002881    0.028228    0.056101    0.769236 ^ _2029_/X (sky130_fd_sc_hd__o22a_1)
                                                         _0234_ (net)
                      0.028229    0.000185    0.769421 ^ hold54/A (sky130_fd_sc_hd__dlygate4sd3_1)
     1    0.003337    0.041251    0.373562    1.142983 ^ hold54/X (sky130_fd_sc_hd__dlygate4sd3_1)
                                                         net59 (net)
                      0.041251    0.000239    1.143222 ^ _3138_/D (sky130_fd_sc_hd__dfrtp_1)
                                              1.143222   data arrival time

                                  0.000000    0.000000   clock clk (rise edge)
                                  0.000000    0.000000   clock source latency
     1    0.027726    0.097508    0.068012    0.068012 ^ clk (in)
                                                         clk (net)
                      0.097648    0.000000    0.068012 ^ clkbuf_0_clk/A (sky130_fd_sc_hd__clkbuf_16)
    16    0.123440    0.106891    0.156506    0.224518 ^ clkbuf_0_clk/X (sky130_fd_sc_hd__clkbuf_16)
                                                         clknet_0_clk (net)
                      0.107584    0.006936    0.231454 ^ clkbuf_4_4_0_clk/A (sky130_fd_sc_hd__clkbuf_8)
    11    0.060636    0.087160    0.144351    0.375805 ^ clkbuf_4_4_0_clk/X (sky130_fd_sc_hd__clkbuf_8)
                                                         clknet_4_4_0_clk (net)
                      0.087291    0.002752    0.378557 ^ _3138_/CLK (sky130_fd_sc_hd__dfrtp_1)
                                  0.500000    0.878557   clock uncertainty
                                  0.000000    0.878557   clock reconvergence pessimism
                                 -0.019069    0.859488   library hold time
                                              0.859488   data required time
---------------------------------------------------------------------------------------------
                                              0.859488   data required time
                                             -1.143222   data arrival time
---------------------------------------------------------------------------------------------
                                              0.283734   slack (MET)


Startpoint: _3153_ (rising edge-triggered flip-flop clocked by clk)
Endpoint: _3164_ (rising edge-triggered flip-flop clocked by clk)
Path Group: clk
Path Type: min

Fanout         Cap        Slew       Delay        Time   Description
---------------------------------------------------------------------------------------------
                                  0.000000    0.000000   clock clk (rise edge)
                                  0.000000    0.000000   clock source latency
     1    0.027726    0.097508    0.068012    0.068012 ^ clk (in)
                                                         clk (net)
                      0.097648    0.000000    0.068012 ^ clkbuf_0_clk/A (sky130_fd_sc_hd__clkbuf_16)
    16    0.123440    0.106891    0.156506    0.224518 ^ clkbuf_0_clk/X (sky130_fd_sc_hd__clkbuf_16)
                                                         clknet_0_clk (net)
                      0.108113    0.009124    0.233642 ^ clkbuf_4_0_0_clk/A (sky130_fd_sc_hd__clkbuf_8)
    24    0.079899    0.110840    0.159315    0.392957 ^ clkbuf_4_0_0_clk/X (sky130_fd_sc_hd__clkbuf_8)
                                                         clknet_4_0_0_clk (net)
                      0.111191    0.005133    0.398089 ^ _3153_/CLK (sky130_fd_sc_hd__dfrtp_1)
     1    0.002220    0.028506    0.215230    0.613319 ^ _3153_/Q (sky130_fd_sc_hd__dfrtp_1)
                                                         state[1] (net)
                      0.028506    0.000102    0.613421 ^ hold177/A (sky130_fd_sc_hd__dlygate4sd3_1)
     4    0.013522    0.111277    0.428056    1.041477 ^ hold177/X (sky130_fd_sc_hd__dlygate4sd3_1)
                                                         net182 (net)
                      0.111281    0.000822    1.042300 ^ _2802_/B (sky130_fd_sc_hd__and3_1)
     1    0.006439    0.058150    0.121161    1.163460 ^ _2802_/X (sky130_fd_sc_hd__and3_1)
                                                         _0000_ (net)
                      0.058153    0.000491    1.163952 ^ _3164_/D (sky130_fd_sc_hd__dfrtp_1)
                                              1.163952   data arrival time

                                  0.000000    0.000000   clock clk (rise edge)
                                  0.000000    0.000000   clock source latency
     1    0.027726    0.097508    0.068012    0.068012 ^ clk (in)
                                                         clk (net)
                      0.097648    0.000000    0.068012 ^ clkbuf_0_clk/A (sky130_fd_sc_hd__clkbuf_16)
    16    0.123440    0.106891    0.156506    0.224518 ^ clkbuf_0_clk/X (sky130_fd_sc_hd__clkbuf_16)
                                                         clknet_0_clk (net)
                      0.108113    0.009124    0.233642 ^ clkbuf_4_0_0_clk/A (sky130_fd_sc_hd__clkbuf_8)
    24    0.079899    0.110840    0.159315    0.392957 ^ clkbuf_4_0_0_clk/X (sky130_fd_sc_hd__clkbuf_8)
                                                         clknet_4_0_0_clk (net)
                      0.111205    0.005229    0.398186 ^ _3164_/CLK (sky130_fd_sc_hd__dfrtp_1)
                                  0.500000    0.898186   clock uncertainty
                                  0.000000    0.898186   clock reconvergence pessimism
                                 -0.019690    0.878496   library hold time
                                              0.878496   data required time
---------------------------------------------------------------------------------------------
                                              0.878496   data required time
                                             -1.163952   data arrival time
---------------------------------------------------------------------------------------------
                                              0.285456   slack (MET)


Startpoint: _2997_ (rising edge-triggered flip-flop clocked by clk)
Endpoint: _2998_ (rising edge-triggered flip-flop clocked by clk)
Path Group: clk
Path Type: min

Fanout         Cap        Slew       Delay        Time   Description
---------------------------------------------------------------------------------------------
                                  0.000000    0.000000   clock clk (rise edge)
                                  0.000000    0.000000   clock source latency
     1    0.027726    0.097508    0.068012    0.068012 ^ clk (in)
                                                         clk (net)
                      0.097648    0.000000    0.068012 ^ clkbuf_0_clk/A (sky130_fd_sc_hd__clkbuf_16)
    16    0.123440    0.106891    0.156506    0.224518 ^ clkbuf_0_clk/X (sky130_fd_sc_hd__clkbuf_16)
                                                         clknet_0_clk (net)
                      0.108113    0.009124    0.233642 ^ clkbuf_4_0_0_clk/A (sky130_fd_sc_hd__clkbuf_8)
    24    0.079899    0.110840    0.159315    0.392957 ^ clkbuf_4_0_0_clk/X (sky130_fd_sc_hd__clkbuf_8)
                                                         clknet_4_0_0_clk (net)
                      0.111215    0.005302    0.398258 ^ _2997_/CLK (sky130_fd_sc_hd__dfrtp_1)
     4    0.012267    0.088041    0.264302    0.662560 ^ _2997_/Q (sky130_fd_sc_hd__dfrtp_1)
                                                         my_divider.counter[0] (net)
                      0.088043    0.000589    0.663149 ^ _2774_/A2 (sky130_fd_sc_hd__o21ba_1)
     1    0.002838    0.031011    0.075511    0.738660 ^ _2774_/X (sky130_fd_sc_hd__o21ba_1)
                                                         _1038_ (net)
                      0.031012    0.000205    0.738865 ^ _2775_/C1 (sky130_fd_sc_hd__o211a_1)
     1    0.002796    0.026993    0.062067    0.800932 ^ _2775_/X (sky130_fd_sc_hd__o211a_1)
                                                         _0257_ (net)
                      0.026993    0.000116    0.801048 ^ hold215/A (sky130_fd_sc_hd__dlygate4sd3_1)
     1    0.003585    0.042895    0.374878    1.175926 ^ hold215/X (sky130_fd_sc_hd__dlygate4sd3_1)
                                                         net220 (net)
                      0.042895    0.000263    1.176189 ^ _2998_/D (sky130_fd_sc_hd__dfrtp_1)
                                              1.176189   data arrival time

                                  0.000000    0.000000   clock clk (rise edge)
                                  0.000000    0.000000   clock source latency
     1    0.027726    0.097508    0.068012    0.068012 ^ clk (in)
                                                         clk (net)
                      0.097648    0.000000    0.068012 ^ clkbuf_0_clk/A (sky130_fd_sc_hd__clkbuf_16)
    16    0.123440    0.106891    0.156506    0.224518 ^ clkbuf_0_clk/X (sky130_fd_sc_hd__clkbuf_16)
                                                         clknet_0_clk (net)
                      0.108113    0.009124    0.233642 ^ clkbuf_4_0_0_clk/A (sky130_fd_sc_hd__clkbuf_8)
    24    0.079899    0.110840    0.159315    0.392957 ^ clkbuf_4_0_0_clk/X (sky130_fd_sc_hd__clkbuf_8)
                                                         clknet_4_0_0_clk (net)
                      0.111212    0.005281    0.398238 ^ _2998_/CLK (sky130_fd_sc_hd__dfrtp_1)
                                  0.500000    0.898238   clock uncertainty
                                  0.000000    0.898238   clock reconvergence pessimism
                                 -0.018554    0.879684   library hold time
                                              0.879684   data required time
---------------------------------------------------------------------------------------------
                                              0.879684   data required time
                                             -1.176189   data arrival time
---------------------------------------------------------------------------------------------
                                              0.296505   slack (MET)


Startpoint: _3094_ (rising edge-triggered flip-flop clocked by clk)
Endpoint: _3142_ (rising edge-triggered flip-flop clocked by clk)
Path Group: clk
Path Type: min

Fanout         Cap        Slew       Delay        Time   Description
---------------------------------------------------------------------------------------------
                                  0.000000    0.000000   clock clk (rise edge)
                                  0.000000    0.000000   clock source latency
     1    0.027726    0.097508    0.068012    0.068012 ^ clk (in)
                                                         clk (net)
                      0.097648    0.000000    0.068012 ^ clkbuf_0_clk/A (sky130_fd_sc_hd__clkbuf_16)
    16    0.123440    0.106891    0.156506    0.224518 ^ clkbuf_0_clk/X (sky130_fd_sc_hd__clkbuf_16)
                                                         clknet_0_clk (net)
                      0.108138    0.009211    0.233730 ^ clkbuf_4_1_0_clk/A (sky130_fd_sc_hd__clkbuf_8)
    16    0.072521    0.101778    0.154075    0.387805 ^ clkbuf_4_1_0_clk/X (sky130_fd_sc_hd__clkbuf_8)
                                                         clknet_4_1_0_clk (net)
                      0.102498    0.006879    0.394684 ^ _3094_/CLK (sky130_fd_sc_hd__dfrtp_2)
     3    0.015821    0.066620    0.264365    0.659049 ^ _3094_/Q (sky130_fd_sc_hd__dfrtp_2)
                                                         acc_reg[15] (net)
                      0.066624    0.000600    0.659649 ^ _1559_/A1 (sky130_fd_sc_hd__a211o_1)
     1    0.003192    0.028339    0.075555    0.735204 ^ _1559_/X (sky130_fd_sc_hd__a211o_1)
                                                         _1104_ (net)
                      0.028341    0.000221    0.735425 ^ _1560_/B1 (sky130_fd_sc_hd__o21a_1)
     1    0.002255    0.024124    0.050144    0.785569 ^ _1560_/X (sky130_fd_sc_hd__o21a_1)
                                                         _0238_ (net)
                      0.024125    0.000156    0.785725 ^ hold36/A (sky130_fd_sc_hd__dlygate4sd3_1)
     1    0.003290    0.040948    0.372404    1.158129 ^ hold36/X (sky130_fd_sc_hd__dlygate4sd3_1)
                                                         net41 (net)
                      0.040948    0.000209    1.158338 ^ _3142_/D (sky130_fd_sc_hd__dfrtp_1)
                                              1.158338   data arrival time

                                  0.000000    0.000000   clock clk (rise edge)
                                  0.000000    0.000000   clock source latency
     1    0.027726    0.097508    0.068012    0.068012 ^ clk (in)
                                                         clk (net)
                      0.097648    0.000000    0.068012 ^ clkbuf_0_clk/A (sky130_fd_sc_hd__clkbuf_16)
    16    0.123440    0.106891    0.156506    0.224518 ^ clkbuf_0_clk/X (sky130_fd_sc_hd__clkbuf_16)
                                                         clknet_0_clk (net)
                      0.107887    0.008261    0.232779 ^ clkbuf_4_3_0_clk/A (sky130_fd_sc_hd__clkbuf_8)
    11    0.061023    0.087580    0.145026    0.377806 ^ clkbuf_4_3_0_clk/X (sky130_fd_sc_hd__clkbuf_8)
                                                         clknet_4_3_0_clk (net)
                      0.087732    0.002517    0.380322 ^ _3142_/CLK (sky130_fd_sc_hd__dfrtp_1)
                                  0.500000    0.880322   clock uncertainty
                                  0.000000    0.880322   clock reconvergence pessimism
                                 -0.019034    0.861288   library hold time
                                              0.861288   data required time
---------------------------------------------------------------------------------------------
                                              0.861288   data required time
                                             -1.158338   data arrival time
---------------------------------------------------------------------------------------------
                                              0.297050   slack (MET)


Startpoint: _3168_ (rising edge-triggered flip-flop clocked by clk)
Endpoint: _3155_ (rising edge-triggered flip-flop clocked by clk)
Path Group: clk
Path Type: min

Fanout         Cap        Slew       Delay        Time   Description
---------------------------------------------------------------------------------------------
                                  0.000000    0.000000   clock clk (rise edge)
                                  0.000000    0.000000   clock source latency
     1    0.027726    0.097508    0.068012    0.068012 ^ clk (in)
                                                         clk (net)
                      0.097648    0.000000    0.068012 ^ clkbuf_0_clk/A (sky130_fd_sc_hd__clkbuf_16)
    16    0.123440    0.106891    0.156506    0.224518 ^ clkbuf_0_clk/X (sky130_fd_sc_hd__clkbuf_16)
                                                         clknet_0_clk (net)
                      0.108113    0.009124    0.233642 ^ clkbuf_4_0_0_clk/A (sky130_fd_sc_hd__clkbuf_8)
    24    0.079899    0.110840    0.159315    0.392957 ^ clkbuf_4_0_0_clk/X (sky130_fd_sc_hd__clkbuf_8)
                                                         clknet_4_0_0_clk (net)
                      0.112147    0.009642    0.402599 ^ _3168_/CLK (sky130_fd_sc_hd__dfstp_4)
    11    0.038063    0.056499    0.335585    0.738184 v _3168_/Q (sky130_fd_sc_hd__dfstp_4)
                                                         ss_s1 (net)
                      0.056527    0.001706    0.739890 v _2799_/A (sky130_fd_sc_hd__nor2_1)
     1    0.001994    0.044687    0.066523    0.806413 ^ _2799_/Y (sky130_fd_sc_hd__nor2_1)
                                                         _0008_ (net)
                      0.044688    0.000092    0.806505 ^ hold181/A (sky130_fd_sc_hd__dlygate4sd3_1)
     1    0.003101    0.039222    0.375595    1.182100 ^ hold181/X (sky130_fd_sc_hd__dlygate4sd3_1)
                                                         net186 (net)
                      0.039701    0.000204    1.182304 ^ _3155_/D (sky130_fd_sc_hd__dfrtp_1)
                                              1.182304   data arrival time

                                  0.000000    0.000000   clock clk (rise edge)
                                  0.000000    0.000000   clock source latency
     1    0.027726    0.097508    0.068012    0.068012 ^ clk (in)
                                                         clk (net)
                      0.097648    0.000000    0.068012 ^ clkbuf_0_clk/A (sky130_fd_sc_hd__clkbuf_16)
    16    0.123440    0.106891    0.156506    0.224518 ^ clkbuf_0_clk/X (sky130_fd_sc_hd__clkbuf_16)
                                                         clknet_0_clk (net)
                      0.108113    0.009124    0.233642 ^ clkbuf_4_0_0_clk/A (sky130_fd_sc_hd__clkbuf_8)
    24    0.079899    0.110840    0.159315    0.392957 ^ clkbuf_4_0_0_clk/X (sky130_fd_sc_hd__clkbuf_8)
                                                         clknet_4_0_0_clk (net)
                      0.112166    0.009710    0.402667 ^ _3155_/CLK (sky130_fd_sc_hd__dfrtp_1)
                                  0.500000    0.902667   clock uncertainty
                                  0.000000    0.902667   clock reconvergence pessimism
                                 -0.018291    0.884376   library hold time
                                              0.884376   data required time
---------------------------------------------------------------------------------------------
                                              0.884376   data required time
                                             -1.182304   data arrival time
---------------------------------------------------------------------------------------------
                                              0.297928   slack (MET)


Startpoint: _3104_ (rising edge-triggered flip-flop clocked by clk)
Endpoint: _3104_ (rising edge-triggered flip-flop clocked by clk)
Path Group: clk
Path Type: min

Fanout         Cap        Slew       Delay        Time   Description
---------------------------------------------------------------------------------------------
                                  0.000000    0.000000   clock clk (rise edge)
                                  0.000000    0.000000   clock source latency
     1    0.027726    0.097508    0.068012    0.068012 ^ clk (in)
                                                         clk (net)
                      0.097648    0.000000    0.068012 ^ clkbuf_0_clk/A (sky130_fd_sc_hd__clkbuf_16)
    16    0.123440    0.106891    0.156506    0.224518 ^ clkbuf_0_clk/X (sky130_fd_sc_hd__clkbuf_16)
                                                         clknet_0_clk (net)
                      0.107516    0.006605    0.231123 ^ clkbuf_4_5_0_clk/A (sky130_fd_sc_hd__clkbuf_8)
    10    0.065462    0.093069    0.148740    0.379863 ^ clkbuf_4_5_0_clk/X (sky130_fd_sc_hd__clkbuf_8)
                                                         clknet_4_5_0_clk (net)
                      0.093125    0.001876    0.381739 ^ _3104_/CLK (sky130_fd_sc_hd__dfrtp_2)
     6    0.034352    0.128730    0.305935    0.687675 ^ _3104_/Q (sky130_fd_sc_hd__dfrtp_2)
                                                         my_mul.x2[9] (net)
                      0.128733    0.000928    0.688603 ^ _2130_/A1 (sky130_fd_sc_hd__mux2_1)
     1    0.004590    0.039309    0.103277    0.791880 ^ _2130_/X (sky130_fd_sc_hd__mux2_1)
                                                         _0200_ (net)
                      0.039309    0.000246    0.792126 ^ hold77/A (sky130_fd_sc_hd__dlygate4sd3_1)
     1    0.002402    0.034949    0.369992    1.162118 ^ hold77/X (sky130_fd_sc_hd__dlygate4sd3_1)
                                                         net82 (net)
                      0.034949    0.000109    1.162227 ^ _3104_/D (sky130_fd_sc_hd__dfrtp_2)
                                              1.162227   data arrival time

                                  0.000000    0.000000   clock clk (rise edge)
                                  0.000000    0.000000   clock source latency
     1    0.027726    0.097508    0.068012    0.068012 ^ clk (in)
                                                         clk (net)
                      0.097648    0.000000    0.068012 ^ clkbuf_0_clk/A (sky130_fd_sc_hd__clkbuf_16)
    16    0.123440    0.106891    0.156506    0.224518 ^ clkbuf_0_clk/X (sky130_fd_sc_hd__clkbuf_16)
                                                         clknet_0_clk (net)
                      0.107516    0.006605    0.231123 ^ clkbuf_4_5_0_clk/A (sky130_fd_sc_hd__clkbuf_8)
    10    0.065462    0.093069    0.148740    0.379863 ^ clkbuf_4_5_0_clk/X (sky130_fd_sc_hd__clkbuf_8)
                                                         clknet_4_5_0_clk (net)
                      0.093125    0.001876    0.381739 ^ _3104_/CLK (sky130_fd_sc_hd__dfrtp_2)
                                  0.500000    0.881739   clock uncertainty
                                  0.000000    0.881739   clock reconvergence pessimism
                                 -0.018391    0.863348   library hold time
                                              0.863348   data required time
---------------------------------------------------------------------------------------------
                                              0.863348   data required time
                                             -1.162227   data arrival time
---------------------------------------------------------------------------------------------
                                              0.298879   slack (MET)


Startpoint: _3091_ (rising edge-triggered flip-flop clocked by clk)
Endpoint: _3038_ (rising edge-triggered flip-flop clocked by clk)
Path Group: clk
Path Type: min

Fanout         Cap        Slew       Delay        Time   Description
---------------------------------------------------------------------------------------------
                                  0.000000    0.000000   clock clk (rise edge)
                                  0.000000    0.000000   clock source latency
     1    0.027726    0.097508    0.068012    0.068012 ^ clk (in)
                                                         clk (net)
                      0.097648    0.000000    0.068012 ^ clkbuf_0_clk/A (sky130_fd_sc_hd__clkbuf_16)
    16    0.123440    0.106891    0.156506    0.224518 ^ clkbuf_0_clk/X (sky130_fd_sc_hd__clkbuf_16)
                                                         clknet_0_clk (net)
                      0.107621    0.007111    0.231630 ^ clkbuf_4_9_0_clk/A (sky130_fd_sc_hd__clkbuf_8)
     7    0.060949    0.087547    0.144483    0.376113 ^ clkbuf_4_9_0_clk/X (sky130_fd_sc_hd__clkbuf_8)
                                                         clknet_4_9_0_clk (net)
                      0.087787    0.003707    0.379820 ^ _3091_/CLK (sky130_fd_sc_hd__dfrtp_2)
     8    0.027150    0.104490    0.287768    0.667588 ^ _3091_/Q (sky130_fd_sc_hd__dfrtp_2)
                                                         acc_reg[12] (net)
                      0.104531    0.001955    0.669543 ^ _2386_/B2 (sky130_fd_sc_hd__a22o_1)
     1    0.003059    0.031841    0.079942    0.749486 ^ _2386_/X (sky130_fd_sc_hd__a22o_1)
                                                         _0691_ (net)
                      0.031842    0.000220    0.749706 ^ _2387_/B1 (sky130_fd_sc_hd__a21o_1)
     1    0.002802    0.025253    0.046225    0.795931 ^ _2387_/X (sky130_fd_sc_hd__a21o_1)
                                                         _0297_ (net)
                      0.025254    0.000175    0.796106 ^ hold245/A (sky130_fd_sc_hd__dlygate4sd3_1)
     1    0.002457    0.035233    0.367305    1.163410 ^ hold245/X (sky130_fd_sc_hd__dlygate4sd3_1)
                                                         net250 (net)
                      0.035233    0.000173    1.163583 ^ _3038_/D (sky130_fd_sc_hd__dfrtp_1)
                                              1.163583   data arrival time

                                  0.000000    0.000000   clock clk (rise edge)
                                  0.000000    0.000000   clock source latency
     1    0.027726    0.097508    0.068012    0.068012 ^ clk (in)
                                                         clk (net)
                      0.097648    0.000000    0.068012 ^ clkbuf_0_clk/A (sky130_fd_sc_hd__clkbuf_16)
    16    0.123440    0.106891    0.156506    0.224518 ^ clkbuf_0_clk/X (sky130_fd_sc_hd__clkbuf_16)
                                                         clknet_0_clk (net)
                      0.107846    0.008092    0.232611 ^ clkbuf_4_11_0_clk/A (sky130_fd_sc_hd__clkbuf_8)
    13    0.060092    0.086421    0.144482    0.377093 ^ clkbuf_4_11_0_clk/X (sky130_fd_sc_hd__clkbuf_8)
                                                         clknet_4_11_0_clk (net)
                      0.086636    0.003125    0.380217 ^ _3038_/CLK (sky130_fd_sc_hd__dfrtp_1)
                                  0.500000    0.880217   clock uncertainty
                                  0.000000    0.880217   clock reconvergence pessimism
                                 -0.018636    0.861581   library hold time
                                              0.861581   data required time
---------------------------------------------------------------------------------------------
                                              0.861581   data required time
                                             -1.163583   data arrival time
---------------------------------------------------------------------------------------------
                                              0.302001   slack (MET)


Startpoint: _3103_ (rising edge-triggered flip-flop clocked by clk)
Endpoint: _3103_ (rising edge-triggered flip-flop clocked by clk)
Path Group: clk
Path Type: min

Fanout         Cap        Slew       Delay        Time   Description
---------------------------------------------------------------------------------------------
                                  0.000000    0.000000   clock clk (rise edge)
                                  0.000000    0.000000   clock source latency
     1    0.027726    0.097508    0.068012    0.068012 ^ clk (in)
                                                         clk (net)
                      0.097648    0.000000    0.068012 ^ clkbuf_0_clk/A (sky130_fd_sc_hd__clkbuf_16)
    16    0.123440    0.106891    0.156506    0.224518 ^ clkbuf_0_clk/X (sky130_fd_sc_hd__clkbuf_16)
                                                         clknet_0_clk (net)
                      0.107573    0.006887    0.231405 ^ clkbuf_4_7_0_clk/A (sky130_fd_sc_hd__clkbuf_8)
    17    0.071778    0.100846    0.153065    0.384470 ^ clkbuf_4_7_0_clk/X (sky130_fd_sc_hd__clkbuf_8)
                                                         clknet_4_7_0_clk (net)
                      0.100989    0.003146    0.387616 ^ _3103_/CLK (sky130_fd_sc_hd__dfrtp_4)
     7    0.039602    0.099411    0.321288    0.708904 ^ _3103_/Q (sky130_fd_sc_hd__dfrtp_4)
                                                         my_mul.x2[8] (net)
                      0.099423    0.001265    0.710170 ^ _2131_/A1 (sky130_fd_sc_hd__mux2_1)
     1    0.003925    0.035246    0.094685    0.804855 ^ _2131_/X (sky130_fd_sc_hd__mux2_1)
                                                         _0199_ (net)
                      0.035269    0.000230    0.805085 ^ hold64/A (sky130_fd_sc_hd__dlygate4sd3_1)
     1    0.002452    0.035233    0.369445    1.174531 ^ hold64/X (sky130_fd_sc_hd__dlygate4sd3_1)
                                                         net69 (net)
                      0.035233    0.000113    1.174644 ^ _3103_/D (sky130_fd_sc_hd__dfrtp_4)
                                              1.174644   data arrival time

                                  0.000000    0.000000   clock clk (rise edge)
                                  0.000000    0.000000   clock source latency
     1    0.027726    0.097508    0.068012    0.068012 ^ clk (in)
                                                         clk (net)
                      0.097648    0.000000    0.068012 ^ clkbuf_0_clk/A (sky130_fd_sc_hd__clkbuf_16)
    16    0.123440    0.106891    0.156506    0.224518 ^ clkbuf_0_clk/X (sky130_fd_sc_hd__clkbuf_16)
                                                         clknet_0_clk (net)
                      0.107573    0.006887    0.231405 ^ clkbuf_4_7_0_clk/A (sky130_fd_sc_hd__clkbuf_8)
    17    0.071778    0.100846    0.153065    0.384470 ^ clkbuf_4_7_0_clk/X (sky130_fd_sc_hd__clkbuf_8)
                                                         clknet_4_7_0_clk (net)
                      0.100989    0.003146    0.387616 ^ _3103_/CLK (sky130_fd_sc_hd__dfrtp_4)
                                  0.500000    0.887616   clock uncertainty
                                  0.000000    0.887616   clock reconvergence pessimism
                                 -0.018255    0.869361   library hold time
                                              0.869361   data required time
---------------------------------------------------------------------------------------------
                                              0.869361   data required time
                                             -1.174644   data arrival time
---------------------------------------------------------------------------------------------
                                              0.305284   slack (MET)


Startpoint: _3003_ (rising edge-triggered flip-flop clocked by clk)
Endpoint: _3004_ (rising edge-triggered flip-flop clocked by clk)
Path Group: clk
Path Type: min

Fanout         Cap        Slew       Delay        Time   Description
---------------------------------------------------------------------------------------------
                                  0.000000    0.000000   clock clk (rise edge)
                                  0.000000    0.000000   clock source latency
     1    0.027726    0.097508    0.068012    0.068012 ^ clk (in)
                                                         clk (net)
                      0.097648    0.000000    0.068012 ^ clkbuf_0_clk/A (sky130_fd_sc_hd__clkbuf_16)
    16    0.123440    0.106891    0.156506    0.224518 ^ clkbuf_0_clk/X (sky130_fd_sc_hd__clkbuf_16)
                                                         clknet_0_clk (net)
                      0.107865    0.008170    0.232689 ^ clkbuf_4_10_0_clk/A (sky130_fd_sc_hd__clkbuf_8)
    10    0.054933    0.080107    0.139852    0.372541 ^ clkbuf_4_10_0_clk/X (sky130_fd_sc_hd__clkbuf_8)
                                                         clknet_4_10_0_clk (net)
                      0.080246    0.002274    0.374815 ^ _3003_/CLK (sky130_fd_sc_hd__dfrtp_1)
     4    0.011531    0.083447    0.252919    0.627734 ^ _3003_/Q (sky130_fd_sc_hd__dfrtp_1)
                                                         my_divider.remainder_reg[2] (net)
                      0.083448    0.000421    0.628155 ^ _2754_/A0 (sky130_fd_sc_hd__mux2_1)
     1    0.003587    0.033328    0.087871    0.716026 ^ _2754_/X (sky130_fd_sc_hd__mux2_1)
                                                         _1024_ (net)
                      0.033330    0.000274    0.716300 ^ _2756_/B1 (sky130_fd_sc_hd__a221o_1)
     1    0.003298    0.031605    0.074564    0.790863 ^ _2756_/X (sky130_fd_sc_hd__a221o_1)
                                                         _0263_ (net)
                      0.031606    0.000228    0.791091 ^ hold190/A (sky130_fd_sc_hd__dlygate4sd3_1)
     1    0.002771    0.037104    0.370682    1.161773 ^ hold190/X (sky130_fd_sc_hd__dlygate4sd3_1)
                                                         net195 (net)
                      0.037104    0.000186    1.161959 ^ _3004_/D (sky130_fd_sc_hd__dfrtp_1)
                                              1.161959   data arrival time

                                  0.000000    0.000000   clock clk (rise edge)
                                  0.000000    0.000000   clock source latency
     1    0.027726    0.097508    0.068012    0.068012 ^ clk (in)
                                                         clk (net)
                      0.097648    0.000000    0.068012 ^ clkbuf_0_clk/A (sky130_fd_sc_hd__clkbuf_16)
    16    0.123440    0.106891    0.156506    0.224518 ^ clkbuf_0_clk/X (sky130_fd_sc_hd__clkbuf_16)
                                                         clknet_0_clk (net)
                      0.107865    0.008170    0.232689 ^ clkbuf_4_10_0_clk/A (sky130_fd_sc_hd__clkbuf_8)
    10    0.054933    0.080107    0.139852    0.372541 ^ clkbuf_4_10_0_clk/X (sky130_fd_sc_hd__clkbuf_8)
                                                         clknet_4_10_0_clk (net)
                      0.080246    0.002277    0.374818 ^ _3004_/CLK (sky130_fd_sc_hd__dfrtp_1)
                                  0.500000    0.874818   clock uncertainty
                                  0.000000    0.874818   clock reconvergence pessimism
                                 -0.018946    0.855872   library hold time
                                              0.855872   data required time
---------------------------------------------------------------------------------------------
                                              0.855872   data required time
                                             -1.161959   data arrival time
---------------------------------------------------------------------------------------------
                                              0.306087   slack (MET)


Startpoint: _2998_ (rising edge-triggered flip-flop clocked by clk)
Endpoint: _3173_ (rising edge-triggered flip-flop clocked by clk)
Path Group: clk
Path Type: min

Fanout         Cap        Slew       Delay        Time   Description
---------------------------------------------------------------------------------------------
                                  0.000000    0.000000   clock clk (rise edge)
                                  0.000000    0.000000   clock source latency
     1    0.027726    0.097508    0.068012    0.068012 ^ clk (in)
                                                         clk (net)
                      0.097648    0.000000    0.068012 ^ clkbuf_0_clk/A (sky130_fd_sc_hd__clkbuf_16)
    16    0.123440    0.106891    0.156506    0.224518 ^ clkbuf_0_clk/X (sky130_fd_sc_hd__clkbuf_16)
                                                         clknet_0_clk (net)
                      0.108113    0.009124    0.233642 ^ clkbuf_4_0_0_clk/A (sky130_fd_sc_hd__clkbuf_8)
    24    0.079899    0.110840    0.159315    0.392957 ^ clkbuf_4_0_0_clk/X (sky130_fd_sc_hd__clkbuf_8)
                                                         clknet_4_0_0_clk (net)
                      0.111212    0.005281    0.398238 ^ _2998_/CLK (sky130_fd_sc_hd__dfrtp_1)
     2    0.007441    0.058936    0.241631    0.639869 ^ _2998_/Q (sky130_fd_sc_hd__dfrtp_1)
                                                         my_divider.counter[1] (net)
                      0.058939    0.000435    0.640305 ^ _1548_/B (sky130_fd_sc_hd__or4b_1)
     3    0.017321    0.123349    0.141302    0.781607 ^ _1548_/X (sky130_fd_sc_hd__or4b_1)
                                                         _1093_ (net)
                      0.123357    0.001142    0.782749 ^ _2689_/B (sky130_fd_sc_hd__and2_4)
    17    0.085889    0.187981    0.213057    0.995806 ^ _2689_/X (sky130_fd_sc_hd__and2_4)
                                                         _0972_ (net)
                      0.189229    0.012409    1.008215 ^ _2691_/A (sky130_fd_sc_hd__nor2_4)
    16    0.069843    0.095626    0.089686    1.097900 v _2691_/Y (sky130_fd_sc_hd__nor2_4)
                                                         _0974_ (net)
                      0.096005    0.004814    1.102714 v _2692_/A (sky130_fd_sc_hd__inv_2)
     2    0.013782    0.059419    0.080242    1.182956 ^ _2692_/Y (sky130_fd_sc_hd__inv_2)
                                                         my_divider.en_r (net)
                      0.059425    0.000623    1.183579 ^ _3173_/D (sky130_fd_sc_hd__dfrtp_1)
                                              1.183579   data arrival time

                                  0.000000    0.000000   clock clk (rise edge)
                                  0.000000    0.000000   clock source latency
     1    0.027726    0.097508    0.068012    0.068012 ^ clk (in)
                                                         clk (net)
                      0.097648    0.000000    0.068012 ^ clkbuf_0_clk/A (sky130_fd_sc_hd__clkbuf_16)
    16    0.123440    0.106891    0.156506    0.224518 ^ clkbuf_0_clk/X (sky130_fd_sc_hd__clkbuf_16)
                                                         clknet_0_clk (net)
                      0.108012    0.008748    0.233267 ^ clkbuf_4_2_0_clk/A (sky130_fd_sc_hd__clkbuf_8)
    18    0.074804    0.104565    0.155121    0.388388 ^ clkbuf_4_2_0_clk/X (sky130_fd_sc_hd__clkbuf_8)
                                                         clknet_4_2_0_clk (net)
                      0.105155    0.006366    0.394753 ^ _3173_/CLK (sky130_fd_sc_hd__dfrtp_1)
                                  0.500000    0.894754   clock uncertainty
                                  0.000000    0.894754   clock reconvergence pessimism
                                 -0.019947    0.874806   library hold time
                                              0.874806   data required time
---------------------------------------------------------------------------------------------
                                              0.874806   data required time
                                             -1.183579   data arrival time
---------------------------------------------------------------------------------------------
                                              0.308773   slack (MET)


Startpoint: _3008_ (rising edge-triggered flip-flop clocked by clk)
Endpoint: _3009_ (rising edge-triggered flip-flop clocked by clk)
Path Group: clk
Path Type: min

Fanout         Cap        Slew       Delay        Time   Description
---------------------------------------------------------------------------------------------
                                  0.000000    0.000000   clock clk (rise edge)
                                  0.000000    0.000000   clock source latency
     1    0.027726    0.097508    0.068012    0.068012 ^ clk (in)
                                                         clk (net)
                      0.097648    0.000000    0.068012 ^ clkbuf_0_clk/A (sky130_fd_sc_hd__clkbuf_16)
    16    0.123440    0.106891    0.156506    0.224518 ^ clkbuf_0_clk/X (sky130_fd_sc_hd__clkbuf_16)
                                                         clknet_0_clk (net)
                      0.108012    0.008748    0.233267 ^ clkbuf_4_2_0_clk/A (sky130_fd_sc_hd__clkbuf_8)
    18    0.074804    0.104565    0.155121    0.388388 ^ clkbuf_4_2_0_clk/X (sky130_fd_sc_hd__clkbuf_8)
                                                         clknet_4_2_0_clk (net)
                      0.105179    0.006492    0.394880 ^ _3008_/CLK (sky130_fd_sc_hd__dfrtp_1)
     4    0.011153    0.081038    0.257638    0.652518 ^ _3008_/Q (sky130_fd_sc_hd__dfrtp_1)
                                                         my_divider.remainder_reg[7] (net)
                      0.081043    0.000729    0.653246 ^ _2730_/A (sky130_fd_sc_hd__or2_1)
     1    0.004208    0.038303    0.077104    0.730350 ^ _2730_/X (sky130_fd_sc_hd__or2_1)
                                                         _1005_ (net)
                      0.038305    0.000274    0.730624 ^ _2731_/A3 (sky130_fd_sc_hd__a32o_1)
     1    0.002239    0.029144    0.083662    0.814287 ^ _2731_/X (sky130_fd_sc_hd__a32o_1)
                                                         _0268_ (net)
                      0.029145    0.000161    0.814447 ^ hold241/A (sky130_fd_sc_hd__dlygate4sd3_1)
     1    0.003196    0.040322    0.372870    1.187318 ^ hold241/X (sky130_fd_sc_hd__dlygate4sd3_1)
                                                         net246 (net)
                      0.040322    0.000205    1.187522 ^ _3009_/D (sky130_fd_sc_hd__dfrtp_2)
                                              1.187522   data arrival time

                                  0.000000    0.000000   clock clk (rise edge)
                                  0.000000    0.000000   clock source latency
     1    0.027726    0.097508    0.068012    0.068012 ^ clk (in)
                                                         clk (net)
                      0.097648    0.000000    0.068012 ^ clkbuf_0_clk/A (sky130_fd_sc_hd__clkbuf_16)
    16    0.123440    0.106891    0.156506    0.224518 ^ clkbuf_0_clk/X (sky130_fd_sc_hd__clkbuf_16)
                                                         clknet_0_clk (net)
                      0.108012    0.008748    0.233267 ^ clkbuf_4_2_0_clk/A (sky130_fd_sc_hd__clkbuf_8)
    18    0.074804    0.104565    0.155121    0.388388 ^ clkbuf_4_2_0_clk/X (sky130_fd_sc_hd__clkbuf_8)
                                                         clknet_4_2_0_clk (net)
                      0.105192    0.006557    0.394945 ^ _3009_/CLK (sky130_fd_sc_hd__dfrtp_2)
                                  0.500000    0.894945   clock uncertainty
                                  0.000000    0.894945   clock reconvergence pessimism
                                 -0.018462    0.876483   library hold time
                                              0.876483   data required time
---------------------------------------------------------------------------------------------
                                              0.876483   data required time
                                             -1.187522   data arrival time
---------------------------------------------------------------------------------------------
                                              0.311040   slack (MET)


Startpoint: _3118_ (rising edge-triggered flip-flop clocked by clk)
Endpoint: _3102_ (rising edge-triggered flip-flop clocked by clk)
Path Group: clk
Path Type: min

Fanout         Cap        Slew       Delay        Time   Description
---------------------------------------------------------------------------------------------
                                  0.000000    0.000000   clock clk (rise edge)
                                  0.000000    0.000000   clock source latency
     1    0.027726    0.097508    0.068012    0.068012 ^ clk (in)
                                                         clk (net)
                      0.097648    0.000000    0.068012 ^ clkbuf_0_clk/A (sky130_fd_sc_hd__clkbuf_16)
    16    0.123440    0.106891    0.156506    0.224518 ^ clkbuf_0_clk/X (sky130_fd_sc_hd__clkbuf_16)
                                                         clknet_0_clk (net)
                      0.107516    0.006605    0.231123 ^ clkbuf_4_5_0_clk/A (sky130_fd_sc_hd__clkbuf_8)
    10    0.065462    0.093069    0.148740    0.379863 ^ clkbuf_4_5_0_clk/X (sky130_fd_sc_hd__clkbuf_8)
                                                         clknet_4_5_0_clk (net)
                      0.093463    0.004863    0.384726 ^ _3118_/CLK (sky130_fd_sc_hd__dfrtp_1)
     1    0.002264    0.028743    0.210793    0.595519 ^ _3118_/Q (sky130_fd_sc_hd__dfrtp_1)
                                                         shift_in[7] (net)
                      0.028743    0.000155    0.595674 ^ hold87/A (sky130_fd_sc_hd__dlygate4sd3_1)
     5    0.025507    0.197983    0.488757    1.084431 ^ hold87/X (sky130_fd_sc_hd__dlygate4sd3_1)
                                                         net92 (net)
                      0.197987    0.001260    1.085691 ^ _2132_/A0 (sky130_fd_sc_hd__mux2_1)
     1    0.002454    0.026935    0.095803    1.181494 ^ _2132_/X (sky130_fd_sc_hd__mux2_1)
                                                         _0198_ (net)
                      0.026935    0.000173    1.181667 ^ _3102_/D (sky130_fd_sc_hd__dfrtp_4)
                                              1.181667   data arrival time

                                  0.000000    0.000000   clock clk (rise edge)
                                  0.000000    0.000000   clock source latency
     1    0.027726    0.097508    0.068012    0.068012 ^ clk (in)
                                                         clk (net)
                      0.097648    0.000000    0.068012 ^ clkbuf_0_clk/A (sky130_fd_sc_hd__clkbuf_16)
    16    0.123440    0.106891    0.156506    0.224518 ^ clkbuf_0_clk/X (sky130_fd_sc_hd__clkbuf_16)
                                                         clknet_0_clk (net)
                      0.107573    0.006887    0.231405 ^ clkbuf_4_7_0_clk/A (sky130_fd_sc_hd__clkbuf_8)
    17    0.071778    0.100846    0.153065    0.384470 ^ clkbuf_4_7_0_clk/X (sky130_fd_sc_hd__clkbuf_8)
                                                         clknet_4_7_0_clk (net)
                      0.100989    0.003137    0.387607 ^ _3102_/CLK (sky130_fd_sc_hd__dfrtp_4)
                                  0.500000    0.887607   clock uncertainty
                                  0.000000    0.887607   clock reconvergence pessimism
                                 -0.017636    0.869970   library hold time
                                              0.869970   data required time
---------------------------------------------------------------------------------------------
                                              0.869970   data required time
                                             -1.181667   data arrival time
---------------------------------------------------------------------------------------------
                                              0.311697   slack (MET)


Startpoint: _3005_ (rising edge-triggered flip-flop clocked by clk)
Endpoint: _3006_ (rising edge-triggered flip-flop clocked by clk)
Path Group: clk
Path Type: min

Fanout         Cap        Slew       Delay        Time   Description
---------------------------------------------------------------------------------------------
                                  0.000000    0.000000   clock clk (rise edge)
                                  0.000000    0.000000   clock source latency
     1    0.027726    0.097508    0.068012    0.068012 ^ clk (in)
                                                         clk (net)
                      0.097648    0.000000    0.068012 ^ clkbuf_0_clk/A (sky130_fd_sc_hd__clkbuf_16)
    16    0.123440    0.106891    0.156506    0.224518 ^ clkbuf_0_clk/X (sky130_fd_sc_hd__clkbuf_16)
                                                         clknet_0_clk (net)
                      0.108012    0.008748    0.233267 ^ clkbuf_4_2_0_clk/A (sky130_fd_sc_hd__clkbuf_8)
    18    0.074804    0.104565    0.155121    0.388388 ^ clkbuf_4_2_0_clk/X (sky130_fd_sc_hd__clkbuf_8)
                                                         clknet_4_2_0_clk (net)
                      0.105498    0.007936    0.396324 ^ _3005_/CLK (sky130_fd_sc_hd__dfrtp_1)
     4    0.011975    0.086236    0.261363    0.657686 ^ _3005_/Q (sky130_fd_sc_hd__dfrtp_1)
                                                         my_divider.remainder_reg[4] (net)
                      0.086244    0.000886    0.658572 ^ _2744_/A0 (sky130_fd_sc_hd__mux2_1)
     1    0.004135    0.036518    0.091226    0.749798 ^ _2744_/X (sky130_fd_sc_hd__mux2_1)
                                                         _1016_ (net)
                      0.036519    0.000263    0.750061 ^ _2746_/B1 (sky130_fd_sc_hd__a221o_1)
     1    0.002692    0.028004    0.072068    0.822129 ^ _2746_/X (sky130_fd_sc_hd__a221o_1)
                                                         _0265_ (net)
                      0.028004    0.000171    0.822300 ^ hold196/A (sky130_fd_sc_hd__dlygate4sd3_1)
     1    0.002447    0.035176    0.367830    1.190130 ^ hold196/X (sky130_fd_sc_hd__dlygate4sd3_1)
                                                         net201 (net)
                      0.035176    0.000173    1.190303 ^ _3006_/D (sky130_fd_sc_hd__dfrtp_1)
                                              1.190303   data arrival time

                                  0.000000    0.000000   clock clk (rise edge)
                                  0.000000    0.000000   clock source latency
     1    0.027726    0.097508    0.068012    0.068012 ^ clk (in)
                                                         clk (net)
                      0.097648    0.000000    0.068012 ^ clkbuf_0_clk/A (sky130_fd_sc_hd__clkbuf_16)
    16    0.123440    0.106891    0.156506    0.224518 ^ clkbuf_0_clk/X (sky130_fd_sc_hd__clkbuf_16)
                                                         clknet_0_clk (net)
                      0.108012    0.008748    0.233267 ^ clkbuf_4_2_0_clk/A (sky130_fd_sc_hd__clkbuf_8)
    18    0.074804    0.104565    0.155121    0.388388 ^ clkbuf_4_2_0_clk/X (sky130_fd_sc_hd__clkbuf_8)
                                                         clknet_4_2_0_clk (net)
                      0.105589    0.008303    0.396691 ^ _3006_/CLK (sky130_fd_sc_hd__dfrtp_1)
                                  0.500000    0.896691   clock uncertainty
                                  0.000000    0.896691   clock reconvergence pessimism
                                 -0.018129    0.878562   library hold time
                                              0.878562   data required time
---------------------------------------------------------------------------------------------
                                              0.878562   data required time
                                             -1.190303   data arrival time
---------------------------------------------------------------------------------------------
                                              0.311741   slack (MET)


Startpoint: _3151_ (rising edge-triggered flip-flop clocked by clk)
Endpoint: _3151_ (rising edge-triggered flip-flop clocked by clk)
Path Group: clk
Path Type: min

Fanout         Cap        Slew       Delay        Time   Description
---------------------------------------------------------------------------------------------
                                  0.000000    0.000000   clock clk (rise edge)
                                  0.000000    0.000000   clock source latency
     1    0.027726    0.097508    0.068012    0.068012 ^ clk (in)
                                                         clk (net)
                      0.097648    0.000000    0.068012 ^ clkbuf_0_clk/A (sky130_fd_sc_hd__clkbuf_16)
    16    0.123440    0.106891    0.156506    0.224518 ^ clkbuf_0_clk/X (sky130_fd_sc_hd__clkbuf_16)
                                                         clknet_0_clk (net)
                      0.108138    0.009211    0.233730 ^ clkbuf_4_1_0_clk/A (sky130_fd_sc_hd__clkbuf_8)
    16    0.072521    0.101778    0.154075    0.387805 ^ clkbuf_4_1_0_clk/X (sky130_fd_sc_hd__clkbuf_8)
                                                         clknet_4_1_0_clk (net)
                      0.102052    0.004313    0.392118 ^ _3151_/CLK (sky130_fd_sc_hd__dfrtp_2)
     4    0.019868    0.080287    0.274189    0.666306 ^ _3151_/Q (sky130_fd_sc_hd__dfrtp_2)
                                                         my_sum_sub.operation (net)
                      0.080291    0.000701    0.667007 ^ hold274/A (sky130_fd_sc_hd__dlygate4sd3_1)
     2    0.011628    0.097643    0.427952    1.094959 ^ hold274/X (sky130_fd_sc_hd__dlygate4sd3_1)
                                                         net279 (net)
                      0.097643    0.000438    1.095396 ^ _1509_/A0 (sky130_fd_sc_hd__mux2_1)
     1    0.003601    0.033410    0.090977    1.186373 ^ _1509_/X (sky130_fd_sc_hd__mux2_1)
                                                         _0247_ (net)
                      0.033411    0.000221    1.186594 ^ _3151_/D (sky130_fd_sc_hd__dfrtp_2)
                                              1.186594   data arrival time

                                  0.000000    0.000000   clock clk (rise edge)
                                  0.000000    0.000000   clock source latency
     1    0.027726    0.097508    0.068012    0.068012 ^ clk (in)
                                                         clk (net)
                      0.097648    0.000000    0.068012 ^ clkbuf_0_clk/A (sky130_fd_sc_hd__clkbuf_16)
    16    0.123440    0.106891    0.156506    0.224518 ^ clkbuf_0_clk/X (sky130_fd_sc_hd__clkbuf_16)
                                                         clknet_0_clk (net)
                      0.108138    0.009211    0.233730 ^ clkbuf_4_1_0_clk/A (sky130_fd_sc_hd__clkbuf_8)
    16    0.072521    0.101778    0.154075    0.387805 ^ clkbuf_4_1_0_clk/X (sky130_fd_sc_hd__clkbuf_8)
                                                         clknet_4_1_0_clk (net)
                      0.102052    0.004313    0.392118 ^ _3151_/CLK (sky130_fd_sc_hd__dfrtp_2)
                                  0.500000    0.892118   clock uncertainty
                                  0.000000    0.892118   clock reconvergence pessimism
                                 -0.018044    0.874074   library hold time
                                              0.874074   data required time
---------------------------------------------------------------------------------------------
                                              0.874074   data required time
                                             -1.186594   data arrival time
---------------------------------------------------------------------------------------------
                                              0.312520   slack (MET)


Startpoint: _3164_ (rising edge-triggered flip-flop clocked by clk)
Endpoint: _2997_ (rising edge-triggered flip-flop clocked by clk)
Path Group: clk
Path Type: min

Fanout         Cap        Slew       Delay        Time   Description
---------------------------------------------------------------------------------------------
                                  0.000000    0.000000   clock clk (rise edge)
                                  0.000000    0.000000   clock source latency
     1    0.027726    0.097508    0.068012    0.068012 ^ clk (in)
                                                         clk (net)
                      0.097648    0.000000    0.068012 ^ clkbuf_0_clk/A (sky130_fd_sc_hd__clkbuf_16)
    16    0.123440    0.106891    0.156506    0.224518 ^ clkbuf_0_clk/X (sky130_fd_sc_hd__clkbuf_16)
                                                         clknet_0_clk (net)
                      0.108113    0.009124    0.233642 ^ clkbuf_4_0_0_clk/A (sky130_fd_sc_hd__clkbuf_8)
    24    0.079899    0.110840    0.159315    0.392957 ^ clkbuf_4_0_0_clk/X (sky130_fd_sc_hd__clkbuf_8)
                                                         clknet_4_0_0_clk (net)
                      0.111205    0.005229    0.398186 ^ _3164_/CLK (sky130_fd_sc_hd__dfrtp_1)
     2    0.006607    0.053874    0.237704    0.635890 ^ _3164_/Q (sky130_fd_sc_hd__dfrtp_1)
                                                         div_start (net)
                      0.053875    0.000344    0.636234 ^ _2770_/B (sky130_fd_sc_hd__nor2_1)
     2    0.007339    0.030911    0.038138    0.674372 v _2770_/Y (sky130_fd_sc_hd__nor2_1)
                                                         _1036_ (net)
                      0.030921    0.000443    0.674815 v _2776_/A1 (sky130_fd_sc_hd__mux2_1)
     1    0.003198    0.038574    0.148665    0.823480 v _2776_/X (sky130_fd_sc_hd__mux2_1)
                                                         _0256_ (net)
                      0.038588    0.000193    0.823674 v hold221/A (sky130_fd_sc_hd__dlygate4sd3_1)
     1    0.002622    0.037357    0.361679    1.185352 v hold221/X (sky130_fd_sc_hd__dlygate4sd3_1)
                                                         net226 (net)
                      0.037357    0.000191    1.185544 v _2997_/D (sky130_fd_sc_hd__dfrtp_1)
                                              1.185544   data arrival time

                                  0.000000    0.000000   clock clk (rise edge)
                                  0.000000    0.000000   clock source latency
     1    0.027726    0.097508    0.068012    0.068012 ^ clk (in)
                                                         clk (net)
                      0.097648    0.000000    0.068012 ^ clkbuf_0_clk/A (sky130_fd_sc_hd__clkbuf_16)
    16    0.123440    0.106891    0.156506    0.224518 ^ clkbuf_0_clk/X (sky130_fd_sc_hd__clkbuf_16)
                                                         clknet_0_clk (net)
                      0.108113    0.009124    0.233642 ^ clkbuf_4_0_0_clk/A (sky130_fd_sc_hd__clkbuf_8)
    24    0.079899    0.110840    0.159315    0.392957 ^ clkbuf_4_0_0_clk/X (sky130_fd_sc_hd__clkbuf_8)
                                                         clknet_4_0_0_clk (net)
                      0.111215    0.005302    0.398258 ^ _2997_/CLK (sky130_fd_sc_hd__dfrtp_1)
                                  0.500000    0.898258   clock uncertainty
                                  0.000000    0.898258   clock reconvergence pessimism
                                 -0.026232    0.872026   library hold time
                                              0.872026   data required time
---------------------------------------------------------------------------------------------
                                              0.872026   data required time
                                             -1.185544   data arrival time
---------------------------------------------------------------------------------------------
                                              0.313518   slack (MET)


Startpoint: _3148_ (rising edge-triggered flip-flop clocked by clk)
Endpoint: _3148_ (rising edge-triggered flip-flop clocked by clk)
Path Group: clk
Path Type: min

Fanout         Cap        Slew       Delay        Time   Description
---------------------------------------------------------------------------------------------
                                  0.000000    0.000000   clock clk (rise edge)
                                  0.000000    0.000000   clock source latency
     1    0.027726    0.097508    0.068012    0.068012 ^ clk (in)
                                                         clk (net)
                      0.097648    0.000000    0.068012 ^ clkbuf_0_clk/A (sky130_fd_sc_hd__clkbuf_16)
    16    0.123440    0.106891    0.156506    0.224518 ^ clkbuf_0_clk/X (sky130_fd_sc_hd__clkbuf_16)
                                                         clknet_0_clk (net)
                      0.108138    0.009211    0.233730 ^ clkbuf_4_1_0_clk/A (sky130_fd_sc_hd__clkbuf_8)
    16    0.072521    0.101778    0.154075    0.387805 ^ clkbuf_4_1_0_clk/X (sky130_fd_sc_hd__clkbuf_8)
                                                         clknet_4_1_0_clk (net)
                      0.102106    0.004707    0.392511 ^ _3148_/CLK (sky130_fd_sc_hd__dfrtp_2)
     4    0.014487    0.062320    0.260818    0.653329 ^ _3148_/Q (sky130_fd_sc_hd__dfrtp_2)
                                                         op_reg[0] (net)
                      0.062329    0.000740    0.654069 ^ hold226/A (sky130_fd_sc_hd__dlygate4sd3_1)
     2    0.014830    0.120715    0.441310    1.095379 ^ hold226/X (sky130_fd_sc_hd__dlygate4sd3_1)
                                                         net231 (net)
                      0.120715    0.000446    1.095825 ^ _1512_/A0 (sky130_fd_sc_hd__mux2_1)
     1    0.003217    0.031237    0.093807    1.189632 ^ _1512_/X (sky130_fd_sc_hd__mux2_1)
                                                         _0244_ (net)
                      0.031237    0.000134    1.189766 ^ _3148_/D (sky130_fd_sc_hd__dfrtp_2)
                                              1.189766   data arrival time

                                  0.000000    0.000000   clock clk (rise edge)
                                  0.000000    0.000000   clock source latency
     1    0.027726    0.097508    0.068012    0.068012 ^ clk (in)
                                                         clk (net)
                      0.097648    0.000000    0.068012 ^ clkbuf_0_clk/A (sky130_fd_sc_hd__clkbuf_16)
    16    0.123440    0.106891    0.156506    0.224518 ^ clkbuf_0_clk/X (sky130_fd_sc_hd__clkbuf_16)
                                                         clknet_0_clk (net)
                      0.108138    0.009211    0.233730 ^ clkbuf_4_1_0_clk/A (sky130_fd_sc_hd__clkbuf_8)
    16    0.072521    0.101778    0.154075    0.387805 ^ clkbuf_4_1_0_clk/X (sky130_fd_sc_hd__clkbuf_8)
                                                         clknet_4_1_0_clk (net)
                      0.102106    0.004707    0.392511 ^ _3148_/CLK (sky130_fd_sc_hd__dfrtp_2)
                                  0.500000    0.892511   clock uncertainty
                                  0.000000    0.892511   clock reconvergence pessimism
                                 -0.017885    0.874627   library hold time
                                              0.874627   data required time
---------------------------------------------------------------------------------------------
                                              0.874627   data required time
                                             -1.189766   data arrival time
---------------------------------------------------------------------------------------------
                                              0.315140   slack (MET)


Startpoint: _3007_ (rising edge-triggered flip-flop clocked by clk)
Endpoint: _3008_ (rising edge-triggered flip-flop clocked by clk)
Path Group: clk
Path Type: min

Fanout         Cap        Slew       Delay        Time   Description
---------------------------------------------------------------------------------------------
                                  0.000000    0.000000   clock clk (rise edge)
                                  0.000000    0.000000   clock source latency
     1    0.027726    0.097508    0.068012    0.068012 ^ clk (in)
                                                         clk (net)
                      0.097648    0.000000    0.068012 ^ clkbuf_0_clk/A (sky130_fd_sc_hd__clkbuf_16)
    16    0.123440    0.106891    0.156506    0.224518 ^ clkbuf_0_clk/X (sky130_fd_sc_hd__clkbuf_16)
                                                         clknet_0_clk (net)
                      0.108012    0.008748    0.233267 ^ clkbuf_4_2_0_clk/A (sky130_fd_sc_hd__clkbuf_8)
    18    0.074804    0.104565    0.155121    0.388388 ^ clkbuf_4_2_0_clk/X (sky130_fd_sc_hd__clkbuf_8)
                                                         clknet_4_2_0_clk (net)
                      0.105495    0.007923    0.396311 ^ _3007_/CLK (sky130_fd_sc_hd__dfrtp_1)
     4    0.014245    0.100581    0.271613    0.667925 ^ _3007_/Q (sky130_fd_sc_hd__dfrtp_1)
                                                         my_divider.remainder_reg[6] (net)
                      0.100584    0.000683    0.668608 ^ _2734_/A0 (sky130_fd_sc_hd__mux2_1)
     1    0.003117    0.030666    0.089015    0.757623 ^ _2734_/X (sky130_fd_sc_hd__mux2_1)
                                                         _1008_ (net)
                      0.030667    0.000214    0.757837 ^ _2736_/A2 (sky130_fd_sc_hd__a21o_1)
     1    0.003037    0.026790    0.065394    0.823231 ^ _2736_/X (sky130_fd_sc_hd__a21o_1)
                                                         _0267_ (net)
                      0.026791    0.000226    0.823457 ^ hold282/A (sky130_fd_sc_hd__dlygate4sd3_1)
     1    0.002592    0.036009    0.368489    1.191947 ^ hold282/X (sky130_fd_sc_hd__dlygate4sd3_1)
                                                         net287 (net)
                      0.036009    0.000191    1.192137 ^ _3008_/D (sky130_fd_sc_hd__dfrtp_1)
                                              1.192137   data arrival time

                                  0.000000    0.000000   clock clk (rise edge)
                                  0.000000    0.000000   clock source latency
     1    0.027726    0.097508    0.068012    0.068012 ^ clk (in)
                                                         clk (net)
                      0.097648    0.000000    0.068012 ^ clkbuf_0_clk/A (sky130_fd_sc_hd__clkbuf_16)
    16    0.123440    0.106891    0.156506    0.224518 ^ clkbuf_0_clk/X (sky130_fd_sc_hd__clkbuf_16)
                                                         clknet_0_clk (net)
                      0.108012    0.008748    0.233267 ^ clkbuf_4_2_0_clk/A (sky130_fd_sc_hd__clkbuf_8)
    18    0.074804    0.104565    0.155121    0.388388 ^ clkbuf_4_2_0_clk/X (sky130_fd_sc_hd__clkbuf_8)
                                                         clknet_4_2_0_clk (net)
                      0.105179    0.006492    0.394880 ^ _3008_/CLK (sky130_fd_sc_hd__dfrtp_1)
                                  0.500000    0.894880   clock uncertainty
                                  0.000000    0.894880   clock reconvergence pessimism
                                 -0.018202    0.876678   library hold time
                                              0.876678   data required time
---------------------------------------------------------------------------------------------
                                              0.876678   data required time
                                             -1.192137   data arrival time
---------------------------------------------------------------------------------------------
                                              0.315459   slack (MET)


Startpoint: _3091_ (rising edge-triggered flip-flop clocked by clk)
Endpoint: _3139_ (rising edge-triggered flip-flop clocked by clk)
Path Group: clk
Path Type: min

Fanout         Cap        Slew       Delay        Time   Description
---------------------------------------------------------------------------------------------
                                  0.000000    0.000000   clock clk (rise edge)
                                  0.000000    0.000000   clock source latency
     1    0.027726    0.097508    0.068012    0.068012 ^ clk (in)
                                                         clk (net)
                      0.097648    0.000000    0.068012 ^ clkbuf_0_clk/A (sky130_fd_sc_hd__clkbuf_16)
    16    0.123440    0.106891    0.156506    0.224518 ^ clkbuf_0_clk/X (sky130_fd_sc_hd__clkbuf_16)
                                                         clknet_0_clk (net)
                      0.107621    0.007111    0.231630 ^ clkbuf_4_9_0_clk/A (sky130_fd_sc_hd__clkbuf_8)
     7    0.060949    0.087547    0.144483    0.376113 ^ clkbuf_4_9_0_clk/X (sky130_fd_sc_hd__clkbuf_8)
                                                         clknet_4_9_0_clk (net)
                      0.087787    0.003707    0.379820 ^ _3091_/CLK (sky130_fd_sc_hd__dfrtp_2)
     8    0.027150    0.104490    0.287768    0.667588 ^ _3091_/Q (sky130_fd_sc_hd__dfrtp_2)
                                                         acc_reg[12] (net)
                      0.104520    0.001704    0.669292 ^ _2020_/B2 (sky130_fd_sc_hd__a221o_1)
     1    0.003629    0.035289    0.093042    0.762333 ^ _2020_/X (sky130_fd_sc_hd__a221o_1)
                                                         _0427_ (net)
                      0.035290    0.000246    0.762580 ^ _2021_/B2 (sky130_fd_sc_hd__o22a_1)
     1    0.002791    0.027688    0.056252    0.818832 ^ _2021_/X (sky130_fd_sc_hd__o22a_1)
                                                         _0235_ (net)
                      0.027689    0.000181    0.819013 ^ hold72/A (sky130_fd_sc_hd__dlygate4sd3_1)
     1    0.004052    0.045921    0.377698    1.196711 ^ hold72/X (sky130_fd_sc_hd__dlygate4sd3_1)
                                                         net77 (net)
                      0.045921    0.000260    1.196971 ^ _3139_/D (sky130_fd_sc_hd__dfrtp_1)
                                              1.196971   data arrival time

                                  0.000000    0.000000   clock clk (rise edge)
                                  0.000000    0.000000   clock source latency
     1    0.027726    0.097508    0.068012    0.068012 ^ clk (in)
                                                         clk (net)
                      0.097648    0.000000    0.068012 ^ clkbuf_0_clk/A (sky130_fd_sc_hd__clkbuf_16)
    16    0.123440    0.106891    0.156506    0.224518 ^ clkbuf_0_clk/X (sky130_fd_sc_hd__clkbuf_16)
                                                         clknet_0_clk (net)
                      0.108138    0.009211    0.233730 ^ clkbuf_4_1_0_clk/A (sky130_fd_sc_hd__clkbuf_8)
    16    0.072521    0.101778    0.154075    0.387805 ^ clkbuf_4_1_0_clk/X (sky130_fd_sc_hd__clkbuf_8)
                                                         clknet_4_1_0_clk (net)
                      0.102508    0.006922    0.394727 ^ _3139_/CLK (sky130_fd_sc_hd__dfrtp_1)
                                  0.500000    0.894727   clock uncertainty
                                  0.000000    0.894727   clock reconvergence pessimism
                                 -0.019012    0.875715   library hold time
                                              0.875715   data required time
---------------------------------------------------------------------------------------------
                                              0.875715   data required time
                                             -1.196971   data arrival time
---------------------------------------------------------------------------------------------
                                              0.321256   slack (MET)


Startpoint: _3154_ (rising edge-triggered flip-flop clocked by clk)
Endpoint: _3152_ (rising edge-triggered flip-flop clocked by clk)
Path Group: clk
Path Type: min

Fanout         Cap        Slew       Delay        Time   Description
---------------------------------------------------------------------------------------------
                                  0.000000    0.000000   clock clk (rise edge)
                                  0.000000    0.000000   clock source latency
     1    0.027726    0.097508    0.068012    0.068012 ^ clk (in)
                                                         clk (net)
                      0.097648    0.000000    0.068012 ^ clkbuf_0_clk/A (sky130_fd_sc_hd__clkbuf_16)
    16    0.123440    0.106891    0.156506    0.224518 ^ clkbuf_0_clk/X (sky130_fd_sc_hd__clkbuf_16)
                                                         clknet_0_clk (net)
                      0.108113    0.009124    0.233642 ^ clkbuf_4_0_0_clk/A (sky130_fd_sc_hd__clkbuf_8)
    24    0.079899    0.110840    0.159315    0.392957 ^ clkbuf_4_0_0_clk/X (sky130_fd_sc_hd__clkbuf_8)
                                                         clknet_4_0_0_clk (net)
                      0.111376    0.006283    0.399240 ^ _3154_/CLK (sky130_fd_sc_hd__dfrtp_1)
     4    0.016923    0.117545    0.285054    0.684294 ^ _3154_/Q (sky130_fd_sc_hd__dfrtp_1)
                                                         state[2] (net)
                      0.117553    0.001094    0.685388 ^ hold249/A (sky130_fd_sc_hd__dlygate4sd3_1)
     2    0.010853    0.092104    0.429756    1.115144 ^ hold249/X (sky130_fd_sc_hd__dlygate4sd3_1)
                                                         net254 (net)
                      0.092108    0.000779    1.115923 ^ _2800_/A1 (sky130_fd_sc_hd__a211o_1)
     1    0.004349    0.035304    0.085609    1.201532 ^ _2800_/X (sky130_fd_sc_hd__a211o_1)
                                                         _0007_ (net)
                      0.035308    0.000385    1.201917 ^ _3152_/D (sky130_fd_sc_hd__dfstp_1)
                                              1.201917   data arrival time

                                  0.000000    0.000000   clock clk (rise edge)
                                  0.000000    0.000000   clock source latency
     1    0.027726    0.097508    0.068012    0.068012 ^ clk (in)
                                                         clk (net)
                      0.097648    0.000000    0.068012 ^ clkbuf_0_clk/A (sky130_fd_sc_hd__clkbuf_16)
    16    0.123440    0.106891    0.156506    0.224518 ^ clkbuf_0_clk/X (sky130_fd_sc_hd__clkbuf_16)
                                                         clknet_0_clk (net)
                      0.108113    0.009124    0.233642 ^ clkbuf_4_0_0_clk/A (sky130_fd_sc_hd__clkbuf_8)
    24    0.079899    0.110840    0.159315    0.392957 ^ clkbuf_4_0_0_clk/X (sky130_fd_sc_hd__clkbuf_8)
                                                         clknet_4_0_0_clk (net)
                      0.111238    0.005449    0.398406 ^ _3152_/CLK (sky130_fd_sc_hd__dfstp_1)
                                  0.500000    0.898406   clock uncertainty
                                  0.000000    0.898406   clock reconvergence pessimism
                                 -0.019061    0.879345   library hold time
                                              0.879345   data required time
---------------------------------------------------------------------------------------------
                                              0.879345   data required time
                                             -1.201917   data arrival time
---------------------------------------------------------------------------------------------
                                              0.322572   slack (MET)


Startpoint: _3168_ (rising edge-triggered flip-flop clocked by clk)
Endpoint: _3100_ (rising edge-triggered flip-flop clocked by clk)
Path Group: clk
Path Type: min

Fanout         Cap        Slew       Delay        Time   Description
---------------------------------------------------------------------------------------------
                                  0.000000    0.000000   clock clk (rise edge)
                                  0.000000    0.000000   clock source latency
     1    0.027726    0.097508    0.068012    0.068012 ^ clk (in)
                                                         clk (net)
                      0.097648    0.000000    0.068012 ^ clkbuf_0_clk/A (sky130_fd_sc_hd__clkbuf_16)
    16    0.123440    0.106891    0.156506    0.224518 ^ clkbuf_0_clk/X (sky130_fd_sc_hd__clkbuf_16)
                                                         clknet_0_clk (net)
                      0.108113    0.009124    0.233642 ^ clkbuf_4_0_0_clk/A (sky130_fd_sc_hd__clkbuf_8)
    24    0.079899    0.110840    0.159315    0.392957 ^ clkbuf_4_0_0_clk/X (sky130_fd_sc_hd__clkbuf_8)
                                                         clknet_4_0_0_clk (net)
                      0.112147    0.009642    0.402599 ^ _3168_/CLK (sky130_fd_sc_hd__dfstp_4)
    11    0.040875    0.090631    0.441602    0.844200 ^ _3168_/Q (sky130_fd_sc_hd__dfstp_4)
                                                         ss_s1 (net)
                      0.090831    0.003155    0.847355 ^ _2122_/B (sky130_fd_sc_hd__or3b_4)
    17    0.093987    0.237662    0.231272    1.078628 ^ _2122_/X (sky130_fd_sc_hd__or3b_4)
                                                         _0500_ (net)
                      0.239207    0.015473    1.094100 ^ _2134_/S (sky130_fd_sc_hd__mux2_1)
     1    0.002519    0.027291    0.105165    1.199265 ^ _2134_/X (sky130_fd_sc_hd__mux2_1)
                                                         _0196_ (net)
                      0.027291    0.000184    1.199449 ^ _3100_/D (sky130_fd_sc_hd__dfrtp_4)
                                              1.199449   data arrival time

                                  0.000000    0.000000   clock clk (rise edge)
                                  0.000000    0.000000   clock source latency
     1    0.027726    0.097508    0.068012    0.068012 ^ clk (in)
                                                         clk (net)
                      0.097648    0.000000    0.068012 ^ clkbuf_0_clk/A (sky130_fd_sc_hd__clkbuf_16)
    16    0.123440    0.106891    0.156506    0.224518 ^ clkbuf_0_clk/X (sky130_fd_sc_hd__clkbuf_16)
                                                         clknet_0_clk (net)
                      0.107573    0.006887    0.231405 ^ clkbuf_4_7_0_clk/A (sky130_fd_sc_hd__clkbuf_8)
    17    0.071778    0.100846    0.153065    0.384470 ^ clkbuf_4_7_0_clk/X (sky130_fd_sc_hd__clkbuf_8)
                                                         clknet_4_7_0_clk (net)
                      0.101566    0.006848    0.391318 ^ _3100_/CLK (sky130_fd_sc_hd__dfrtp_4)
                                  0.500000    0.891318   clock uncertainty
                                  0.000000    0.891318   clock reconvergence pessimism
                                 -0.017648    0.873670   library hold time
                                              0.873670   data required time
---------------------------------------------------------------------------------------------
                                              0.873670   data required time
                                             -1.199449   data arrival time
---------------------------------------------------------------------------------------------
                                              0.325779   slack (MET)


Startpoint: _3168_ (rising edge-triggered flip-flop clocked by clk)
Endpoint: _3099_ (rising edge-triggered flip-flop clocked by clk)
Path Group: clk
Path Type: min

Fanout         Cap        Slew       Delay        Time   Description
---------------------------------------------------------------------------------------------
                                  0.000000    0.000000   clock clk (rise edge)
                                  0.000000    0.000000   clock source latency
     1    0.027726    0.097508    0.068012    0.068012 ^ clk (in)
                                                         clk (net)
                      0.097648    0.000000    0.068012 ^ clkbuf_0_clk/A (sky130_fd_sc_hd__clkbuf_16)
    16    0.123440    0.106891    0.156506    0.224518 ^ clkbuf_0_clk/X (sky130_fd_sc_hd__clkbuf_16)
                                                         clknet_0_clk (net)
                      0.108113    0.009124    0.233642 ^ clkbuf_4_0_0_clk/A (sky130_fd_sc_hd__clkbuf_8)
    24    0.079899    0.110840    0.159315    0.392957 ^ clkbuf_4_0_0_clk/X (sky130_fd_sc_hd__clkbuf_8)
                                                         clknet_4_0_0_clk (net)
                      0.112147    0.009642    0.402599 ^ _3168_/CLK (sky130_fd_sc_hd__dfstp_4)
    11    0.040875    0.090631    0.441602    0.844200 ^ _3168_/Q (sky130_fd_sc_hd__dfstp_4)
                                                         ss_s1 (net)
                      0.090831    0.003155    0.847355 ^ _2122_/B (sky130_fd_sc_hd__or3b_4)
    17    0.093987    0.237662    0.231272    1.078628 ^ _2122_/X (sky130_fd_sc_hd__or3b_4)
                                                         _0500_ (net)
                      0.239188    0.015381    1.094008 ^ _2135_/S (sky130_fd_sc_hd__mux2_1)
     1    0.002655    0.028046    0.105928    1.199936 ^ _2135_/X (sky130_fd_sc_hd__mux2_1)
                                                         _0358_ (net)
                      0.028046    0.000179    1.200115 ^ _3099_/D (sky130_fd_sc_hd__dfrtp_4)
                                              1.200115   data arrival time

                                  0.000000    0.000000   clock clk (rise edge)
                                  0.000000    0.000000   clock source latency
     1    0.027726    0.097508    0.068012    0.068012 ^ clk (in)
                                                         clk (net)
                      0.097648    0.000000    0.068012 ^ clkbuf_0_clk/A (sky130_fd_sc_hd__clkbuf_16)
    16    0.123440    0.106891    0.156506    0.224518 ^ clkbuf_0_clk/X (sky130_fd_sc_hd__clkbuf_16)
                                                         clknet_0_clk (net)
                      0.107573    0.006887    0.231405 ^ clkbuf_4_7_0_clk/A (sky130_fd_sc_hd__clkbuf_8)
    17    0.071778    0.100846    0.153065    0.384470 ^ clkbuf_4_7_0_clk/X (sky130_fd_sc_hd__clkbuf_8)
                                                         clknet_4_7_0_clk (net)
                      0.101516    0.006613    0.391083 ^ _3099_/CLK (sky130_fd_sc_hd__dfrtp_4)
                                  0.500000    0.891083   clock uncertainty
                                  0.000000    0.891083   clock reconvergence pessimism
                                 -0.017705    0.873377   library hold time
                                              0.873377   data required time
---------------------------------------------------------------------------------------------
                                              0.873377   data required time
                                             -1.200115   data arrival time
---------------------------------------------------------------------------------------------
                                              0.326738   slack (MET)


Startpoint: _3164_ (rising edge-triggered flip-flop clocked by clk)
Endpoint: _2999_ (rising edge-triggered flip-flop clocked by clk)
Path Group: clk
Path Type: min

Fanout         Cap        Slew       Delay        Time   Description
---------------------------------------------------------------------------------------------
                                  0.000000    0.000000   clock clk (rise edge)
                                  0.000000    0.000000   clock source latency
     1    0.027726    0.097508    0.068012    0.068012 ^ clk (in)
                                                         clk (net)
                      0.097648    0.000000    0.068012 ^ clkbuf_0_clk/A (sky130_fd_sc_hd__clkbuf_16)
    16    0.123440    0.106891    0.156506    0.224518 ^ clkbuf_0_clk/X (sky130_fd_sc_hd__clkbuf_16)
                                                         clknet_0_clk (net)
                      0.108113    0.009124    0.233642 ^ clkbuf_4_0_0_clk/A (sky130_fd_sc_hd__clkbuf_8)
    24    0.079899    0.110840    0.159315    0.392957 ^ clkbuf_4_0_0_clk/X (sky130_fd_sc_hd__clkbuf_8)
                                                         clknet_4_0_0_clk (net)
                      0.111205    0.005229    0.398186 ^ _3164_/CLK (sky130_fd_sc_hd__dfrtp_1)
     2    0.006607    0.053874    0.237704    0.635890 ^ _3164_/Q (sky130_fd_sc_hd__dfrtp_1)
                                                         div_start (net)
                      0.053875    0.000344    0.636234 ^ _2770_/B (sky130_fd_sc_hd__nor2_1)
     2    0.007339    0.030911    0.038138    0.674372 v _2770_/Y (sky130_fd_sc_hd__nor2_1)
                                                         _1036_ (net)
                      0.030931    0.000630    0.675002 v _2771_/A2 (sky130_fd_sc_hd__o21ba_1)
     2    0.005419    0.026014    0.111280    0.786282 v _2771_/X (sky130_fd_sc_hd__o21ba_1)
                                                         _1037_ (net)
                      0.026018    0.000317    0.786599 v _2773_/B1 (sky130_fd_sc_hd__o21a_1)
     1    0.003866    0.020398    0.060893    0.847493 v _2773_/X (sky130_fd_sc_hd__o21a_1)
                                                         _0258_ (net)
                      0.020399    0.000149    0.847642 v hold104/A (sky130_fd_sc_hd__dlygate4sd3_1)
     1    0.002658    0.037501    0.355216    1.202857 v hold104/X (sky130_fd_sc_hd__dlygate4sd3_1)
                                                         net109 (net)
                      0.037501    0.000192    1.203050 v _2999_/D (sky130_fd_sc_hd__dfrtp_1)
                                              1.203050   data arrival time

                                  0.000000    0.000000   clock clk (rise edge)
                                  0.000000    0.000000   clock source latency
     1    0.027726    0.097508    0.068012    0.068012 ^ clk (in)
                                                         clk (net)
                      0.097648    0.000000    0.068012 ^ clkbuf_0_clk/A (sky130_fd_sc_hd__clkbuf_16)
    16    0.123440    0.106891    0.156506    0.224518 ^ clkbuf_0_clk/X (sky130_fd_sc_hd__clkbuf_16)
                                                         clknet_0_clk (net)
                      0.108113    0.009124    0.233642 ^ clkbuf_4_0_0_clk/A (sky130_fd_sc_hd__clkbuf_8)
    24    0.079899    0.110840    0.159315    0.392957 ^ clkbuf_4_0_0_clk/X (sky130_fd_sc_hd__clkbuf_8)
                                                         clknet_4_0_0_clk (net)
                      0.111782    0.008234    0.401190 ^ _2999_/CLK (sky130_fd_sc_hd__dfrtp_1)
                                  0.500000    0.901190   clock uncertainty
                                  0.000000    0.901190   clock reconvergence pessimism
                                 -0.026223    0.874967   library hold time
                                              0.874967   data required time
---------------------------------------------------------------------------------------------
                                              0.874967   data required time
                                             -1.203050   data arrival time
---------------------------------------------------------------------------------------------
                                              0.328083   slack (MET)


Startpoint: _3089_ (rising edge-triggered flip-flop clocked by clk)
Endpoint: _3036_ (rising edge-triggered flip-flop clocked by clk)
Path Group: clk
Path Type: min

Fanout         Cap        Slew       Delay        Time   Description
---------------------------------------------------------------------------------------------
                                  0.000000    0.000000   clock clk (rise edge)
                                  0.000000    0.000000   clock source latency
     1    0.027726    0.097508    0.068012    0.068012 ^ clk (in)
                                                         clk (net)
                      0.097648    0.000000    0.068012 ^ clkbuf_0_clk/A (sky130_fd_sc_hd__clkbuf_16)
    16    0.123440    0.106891    0.156506    0.224518 ^ clkbuf_0_clk/X (sky130_fd_sc_hd__clkbuf_16)
                                                         clknet_0_clk (net)
                      0.107584    0.006936    0.231454 ^ clkbuf_4_4_0_clk/A (sky130_fd_sc_hd__clkbuf_8)
    11    0.060636    0.087160    0.144351    0.375805 ^ clkbuf_4_4_0_clk/X (sky130_fd_sc_hd__clkbuf_8)
                                                         clknet_4_4_0_clk (net)
                      0.087294    0.002780    0.378585 ^ _3089_/CLK (sky130_fd_sc_hd__dfrtp_2)
     8    0.031703    0.120360    0.297852    0.676438 ^ _3089_/Q (sky130_fd_sc_hd__dfrtp_2)
                                                         acc_reg[10] (net)
                      0.120510    0.003787    0.680225 ^ _2390_/A (sky130_fd_sc_hd__and2_1)
     1    0.002745    0.033732    0.086132    0.766357 ^ _2390_/X (sky130_fd_sc_hd__and2_1)
                                                         _0693_ (net)
                      0.033732    0.000128    0.766486 ^ _2391_/C1 (sky130_fd_sc_hd__a221o_1)
     1    0.002744    0.027859    0.056448    0.822934 ^ _2391_/X (sky130_fd_sc_hd__a221o_1)
                                                         _0295_ (net)
                      0.027860    0.000116    0.823050 ^ hold94/A (sky130_fd_sc_hd__dlygate4sd3_1)
     1    0.002303    0.034366    0.366879    1.189929 ^ hold94/X (sky130_fd_sc_hd__dlygate4sd3_1)
                                                         net99 (net)
                      0.034366    0.000168    1.190097 ^ _3036_/D (sky130_fd_sc_hd__dfrtp_1)
                                              1.190097   data arrival time

                                  0.000000    0.000000   clock clk (rise edge)
                                  0.000000    0.000000   clock source latency
     1    0.027726    0.097508    0.068012    0.068012 ^ clk (in)
                                                         clk (net)
                      0.097648    0.000000    0.068012 ^ clkbuf_0_clk/A (sky130_fd_sc_hd__clkbuf_16)
    16    0.123440    0.106891    0.156506    0.224518 ^ clkbuf_0_clk/X (sky130_fd_sc_hd__clkbuf_16)
                                                         clknet_0_clk (net)
                      0.107846    0.008094    0.232613 ^ clkbuf_4_12_0_clk/A (sky130_fd_sc_hd__clkbuf_8)
     8    0.059947    0.086319    0.143633    0.376245 ^ clkbuf_4_12_0_clk/X (sky130_fd_sc_hd__clkbuf_8)
                                                         clknet_4_12_0_clk (net)
                      0.086554    0.003639    0.379884 ^ _3036_/CLK (sky130_fd_sc_hd__dfrtp_1)
                                  0.500000    0.879884   clock uncertainty
                                  0.000000    0.879884   clock reconvergence pessimism
                                 -0.018573    0.861311   library hold time
                                              0.861311   data required time
---------------------------------------------------------------------------------------------
                                              0.861311   data required time
                                             -1.190097   data arrival time
---------------------------------------------------------------------------------------------
                                              0.328786   slack (MET)


Startpoint: _3159_ (rising edge-triggered flip-flop clocked by clk)
Endpoint: _3072_ (rising edge-triggered flip-flop clocked by clk)
Path Group: clk
Path Type: min

Fanout         Cap        Slew       Delay        Time   Description
---------------------------------------------------------------------------------------------
                                  0.000000    0.000000   clock clk (rise edge)
                                  0.000000    0.000000   clock source latency
     1    0.027726    0.097508    0.068012    0.068012 ^ clk (in)
                                                         clk (net)
                      0.097648    0.000000    0.068012 ^ clkbuf_0_clk/A (sky130_fd_sc_hd__clkbuf_16)
    16    0.123440    0.106891    0.156506    0.224518 ^ clkbuf_0_clk/X (sky130_fd_sc_hd__clkbuf_16)
                                                         clknet_0_clk (net)
                      0.108029    0.008811    0.233329 ^ clkbuf_4_14_0_clk/A (sky130_fd_sc_hd__clkbuf_8)
    11    0.072025    0.101070    0.155032    0.388361 ^ clkbuf_4_14_0_clk/X (sky130_fd_sc_hd__clkbuf_8)
                                                         clknet_4_14_0_clk (net)
                      0.101159    0.001746    0.390107 ^ _3159_/CLK (sky130_fd_sc_hd__dfrtp_4)
     7    0.037455    0.095336    0.317605    0.707712 ^ _3159_/Q (sky130_fd_sc_hd__dfrtp_4)
                                                         my_sum_sub.state[1] (net)
                      0.095602    0.004356    0.712067 ^ _2169_/S (sky130_fd_sc_hd__mux2_1)
     1    0.003983    0.035489    0.097109    0.809176 ^ _2169_/X (sky130_fd_sc_hd__mux2_1)
                                                         _0331_ (net)
                      0.035492    0.000315    0.809492 ^ hold99/A (sky130_fd_sc_hd__dlygate4sd3_1)
     1    0.004100    0.046221    0.379602    1.189093 ^ hold99/X (sky130_fd_sc_hd__dlygate4sd3_1)
                                                         net104 (net)
                      0.046221    0.000298    1.189391 ^ _3072_/D (sky130_fd_sc_hd__dfrtp_1)
                                              1.189391   data arrival time

                                  0.000000    0.000000   clock clk (rise edge)
                                  0.000000    0.000000   clock source latency
     1    0.027726    0.097508    0.068012    0.068012 ^ clk (in)
                                                         clk (net)
                      0.097648    0.000000    0.068012 ^ clkbuf_0_clk/A (sky130_fd_sc_hd__clkbuf_16)
    16    0.123440    0.106891    0.156506    0.224518 ^ clkbuf_0_clk/X (sky130_fd_sc_hd__clkbuf_16)
                                                         clknet_0_clk (net)
                      0.107846    0.008092    0.232611 ^ clkbuf_4_11_0_clk/A (sky130_fd_sc_hd__clkbuf_8)
    13    0.060092    0.086421    0.144482    0.377093 ^ clkbuf_4_11_0_clk/X (sky130_fd_sc_hd__clkbuf_8)
                                                         clknet_4_11_0_clk (net)
                      0.086603    0.002820    0.379913 ^ _3072_/CLK (sky130_fd_sc_hd__dfrtp_1)
                                  0.500000    0.879913   clock uncertainty
                                  0.000000    0.879913   clock reconvergence pessimism
                                 -0.019459    0.860454   library hold time
                                              0.860454   data required time
---------------------------------------------------------------------------------------------
                                              0.860454   data required time
                                             -1.189391   data arrival time
---------------------------------------------------------------------------------------------
                                              0.328937   slack (MET)


Startpoint: _3092_ (rising edge-triggered flip-flop clocked by clk)
Endpoint: _3140_ (rising edge-triggered flip-flop clocked by clk)
Path Group: clk
Path Type: min

Fanout         Cap        Slew       Delay        Time   Description
---------------------------------------------------------------------------------------------
                                  0.000000    0.000000   clock clk (rise edge)
                                  0.000000    0.000000   clock source latency
     1    0.027726    0.097508    0.068012    0.068012 ^ clk (in)
                                                         clk (net)
                      0.097648    0.000000    0.068012 ^ clkbuf_0_clk/A (sky130_fd_sc_hd__clkbuf_16)
    16    0.123440    0.106891    0.156506    0.224518 ^ clkbuf_0_clk/X (sky130_fd_sc_hd__clkbuf_16)
                                                         clknet_0_clk (net)
                      0.107887    0.008261    0.232779 ^ clkbuf_4_3_0_clk/A (sky130_fd_sc_hd__clkbuf_8)
    11    0.061023    0.087580    0.145026    0.377806 ^ clkbuf_4_3_0_clk/X (sky130_fd_sc_hd__clkbuf_8)
                                                         clknet_4_3_0_clk (net)
                      0.087754    0.002749    0.380555 ^ _3092_/CLK (sky130_fd_sc_hd__dfrtp_2)
     6    0.026811    0.103338    0.286681    0.667237 ^ _3092_/Q (sky130_fd_sc_hd__dfrtp_2)
                                                         acc_reg[13] (net)
                      0.103364    0.001617    0.668854 ^ _2011_/B2 (sky130_fd_sc_hd__a221o_1)
     1    0.002998    0.031513    0.089369    0.758223 ^ _2011_/X (sky130_fd_sc_hd__a221o_1)
                                                         _0419_ (net)
                      0.031513    0.000140    0.758363 ^ _2012_/B2 (sky130_fd_sc_hd__o22a_1)
     1    0.004437    0.038267    0.063778    0.822141 ^ _2012_/X (sky130_fd_sc_hd__o22a_1)
                                                         _0236_ (net)
                      0.038268    0.000233    0.822374 ^ hold60/A (sky130_fd_sc_hd__dlygate4sd3_1)
     1    0.002423    0.035067    0.369901    1.192275 ^ hold60/X (sky130_fd_sc_hd__dlygate4sd3_1)
                                                         net65 (net)
                      0.035067    0.000113    1.192388 ^ _3140_/D (sky130_fd_sc_hd__dfrtp_1)
                                              1.192388   data arrival time

                                  0.000000    0.000000   clock clk (rise edge)
                                  0.000000    0.000000   clock source latency
     1    0.027726    0.097508    0.068012    0.068012 ^ clk (in)
                                                         clk (net)
                      0.097648    0.000000    0.068012 ^ clkbuf_0_clk/A (sky130_fd_sc_hd__clkbuf_16)
    16    0.123440    0.106891    0.156506    0.224518 ^ clkbuf_0_clk/X (sky130_fd_sc_hd__clkbuf_16)
                                                         clknet_0_clk (net)
                      0.107621    0.007111    0.231630 ^ clkbuf_4_9_0_clk/A (sky130_fd_sc_hd__clkbuf_8)
     7    0.060949    0.087547    0.144483    0.376113 ^ clkbuf_4_9_0_clk/X (sky130_fd_sc_hd__clkbuf_8)
                                                         clknet_4_9_0_clk (net)
                      0.087750    0.003423    0.379536 ^ _3140_/CLK (sky130_fd_sc_hd__dfrtp_1)
                                  0.500000    0.879536   clock uncertainty
                                  0.000000    0.879536   clock reconvergence pessimism
                                 -0.018594    0.860942   library hold time
                                              0.860942   data required time
---------------------------------------------------------------------------------------------
                                              0.860942   data required time
                                             -1.192388   data arrival time
---------------------------------------------------------------------------------------------
                                              0.331446   slack (MET)


Startpoint: _3076_ (rising edge-triggered flip-flop clocked by clk)
Endpoint: _3030_ (rising edge-triggered flip-flop clocked by clk)
Path Group: clk
Path Type: min

Fanout         Cap        Slew       Delay        Time   Description
---------------------------------------------------------------------------------------------
                                  0.000000    0.000000   clock clk (rise edge)
                                  0.000000    0.000000   clock source latency
     1    0.027726    0.097508    0.068012    0.068012 ^ clk (in)
                                                         clk (net)
                      0.097648    0.000000    0.068012 ^ clkbuf_0_clk/A (sky130_fd_sc_hd__clkbuf_16)
    16    0.123440    0.106891    0.156506    0.224518 ^ clkbuf_0_clk/X (sky130_fd_sc_hd__clkbuf_16)
                                                         clknet_0_clk (net)
                      0.107846    0.008092    0.232611 ^ clkbuf_4_11_0_clk/A (sky130_fd_sc_hd__clkbuf_8)
    13    0.060092    0.086421    0.144482    0.377093 ^ clkbuf_4_11_0_clk/X (sky130_fd_sc_hd__clkbuf_8)
                                                         clknet_4_11_0_clk (net)
                      0.086576    0.002543    0.379636 ^ _3076_/CLK (sky130_fd_sc_hd__dfrtp_2)
     6    0.025527    0.099023    0.283284    0.662920 ^ _3076_/Q (sky130_fd_sc_hd__dfrtp_2)
                                                         my_sum_sub.cm_exp[6] (net)
                      0.099052    0.001645    0.664565 ^ _2637_/B2 (sky130_fd_sc_hd__o32a_1)
     2    0.006767    0.059487    0.086495    0.751059 ^ _2637_/X (sky130_fd_sc_hd__o32a_1)
                                                         _0936_ (net)
                      0.059488    0.000364    0.751423 ^ _2662_/B1 (sky130_fd_sc_hd__a22o_1)
     1    0.003846    0.036191    0.074987    0.826410 ^ _2662_/X (sky130_fd_sc_hd__a22o_1)
                                                         _0289_ (net)
                      0.036192    0.000259    0.826669 ^ hold187/A (sky130_fd_sc_hd__dlygate4sd3_1)
     1    0.002603    0.036100    0.370603    1.197272 ^ hold187/X (sky130_fd_sc_hd__dlygate4sd3_1)
                                                         net192 (net)
                      0.036100    0.000122    1.197395 ^ _3030_/D (sky130_fd_sc_hd__dfrtp_1)
                                              1.197395   data arrival time

                                  0.000000    0.000000   clock clk (rise edge)
                                  0.000000    0.000000   clock source latency
     1    0.027726    0.097508    0.068012    0.068012 ^ clk (in)
                                                         clk (net)
                      0.097648    0.000000    0.068012 ^ clkbuf_0_clk/A (sky130_fd_sc_hd__clkbuf_16)
    16    0.123440    0.106891    0.156506    0.224518 ^ clkbuf_0_clk/X (sky130_fd_sc_hd__clkbuf_16)
                                                         clknet_0_clk (net)
                      0.107846    0.008092    0.232611 ^ clkbuf_4_11_0_clk/A (sky130_fd_sc_hd__clkbuf_8)
    13    0.060092    0.086421    0.144482    0.377093 ^ clkbuf_4_11_0_clk/X (sky130_fd_sc_hd__clkbuf_8)
                                                         clknet_4_11_0_clk (net)
                      0.086556    0.002322    0.379415 ^ _3030_/CLK (sky130_fd_sc_hd__dfrtp_1)
                                  0.500000    0.879415   clock uncertainty
                                  0.000000    0.879415   clock reconvergence pessimism
                                 -0.018703    0.860712   library hold time
                                              0.860712   data required time
---------------------------------------------------------------------------------------------
                                              0.860712   data required time
                                             -1.197395   data arrival time
---------------------------------------------------------------------------------------------
                                              0.336683   slack (MET)


Startpoint: _3088_ (rising edge-triggered flip-flop clocked by clk)
Endpoint: _3035_ (rising edge-triggered flip-flop clocked by clk)
Path Group: clk
Path Type: min

Fanout         Cap        Slew       Delay        Time   Description
---------------------------------------------------------------------------------------------
                                  0.000000    0.000000   clock clk (rise edge)
                                  0.000000    0.000000   clock source latency
     1    0.027726    0.097508    0.068012    0.068012 ^ clk (in)
                                                         clk (net)
                      0.097648    0.000000    0.068012 ^ clkbuf_0_clk/A (sky130_fd_sc_hd__clkbuf_16)
    16    0.123440    0.106891    0.156506    0.224518 ^ clkbuf_0_clk/X (sky130_fd_sc_hd__clkbuf_16)
                                                         clknet_0_clk (net)
                      0.107516    0.006605    0.231123 ^ clkbuf_4_5_0_clk/A (sky130_fd_sc_hd__clkbuf_8)
    10    0.065462    0.093069    0.148740    0.379863 ^ clkbuf_4_5_0_clk/X (sky130_fd_sc_hd__clkbuf_8)
                                                         clknet_4_5_0_clk (net)
                      0.093123    0.001850    0.381713 ^ _3088_/CLK (sky130_fd_sc_hd__dfrtp_4)
     8    0.037465    0.095396    0.314708    0.696421 ^ _3088_/Q (sky130_fd_sc_hd__dfrtp_4)
                                                         acc_reg[9] (net)
                      0.096235    0.006723    0.703144 ^ _2392_/B2 (sky130_fd_sc_hd__a22o_1)
     1    0.003696    0.035636    0.082248    0.785393 ^ _2392_/X (sky130_fd_sc_hd__a22o_1)
                                                         _0694_ (net)
                      0.035637    0.000162    0.785554 ^ _2393_/B1 (sky130_fd_sc_hd__a21o_1)
     1    0.002074    0.021042    0.043604    0.829158 ^ _2393_/X (sky130_fd_sc_hd__a21o_1)
                                                         _0294_ (net)
                      0.021042    0.000097    0.829254 ^ hold248/A (sky130_fd_sc_hd__dlygate4sd3_1)
     1    0.002779    0.037142    0.368401    1.197656 ^ hold248/X (sky130_fd_sc_hd__dlygate4sd3_1)
                                                         net253 (net)
                      0.037142    0.000190    1.197846 ^ _3035_/D (sky130_fd_sc_hd__dfrtp_1)
                                              1.197846   data arrival time

                                  0.000000    0.000000   clock clk (rise edge)
                                  0.000000    0.000000   clock source latency
     1    0.027726    0.097508    0.068012    0.068012 ^ clk (in)
                                                         clk (net)
                      0.097648    0.000000    0.068012 ^ clkbuf_0_clk/A (sky130_fd_sc_hd__clkbuf_16)
    16    0.123440    0.106891    0.156506    0.224518 ^ clkbuf_0_clk/X (sky130_fd_sc_hd__clkbuf_16)
                                                         clknet_0_clk (net)
                      0.107846    0.008094    0.232613 ^ clkbuf_4_12_0_clk/A (sky130_fd_sc_hd__clkbuf_8)
     8    0.059947    0.086319    0.143633    0.376245 ^ clkbuf_4_12_0_clk/X (sky130_fd_sc_hd__clkbuf_8)
                                                         clknet_4_12_0_clk (net)
                      0.086531    0.003465    0.379710 ^ _3035_/CLK (sky130_fd_sc_hd__dfrtp_1)
                                  0.500000    0.879710   clock uncertainty
                                  0.000000    0.879710   clock reconvergence pessimism
                                 -0.018782    0.860928   library hold time
                                              0.860928   data required time
---------------------------------------------------------------------------------------------
                                              0.860928   data required time
                                             -1.197846   data arrival time
---------------------------------------------------------------------------------------------
                                              0.336917   slack (MET)


Startpoint: _3087_ (rising edge-triggered flip-flop clocked by clk)
Endpoint: _3034_ (rising edge-triggered flip-flop clocked by clk)
Path Group: clk
Path Type: min

Fanout         Cap        Slew       Delay        Time   Description
---------------------------------------------------------------------------------------------
                                  0.000000    0.000000   clock clk (rise edge)
                                  0.000000    0.000000   clock source latency
     1    0.027726    0.097508    0.068012    0.068012 ^ clk (in)
                                                         clk (net)
                      0.097648    0.000000    0.068012 ^ clkbuf_0_clk/A (sky130_fd_sc_hd__clkbuf_16)
    16    0.123440    0.106891    0.156506    0.224518 ^ clkbuf_0_clk/X (sky130_fd_sc_hd__clkbuf_16)
                                                         clknet_0_clk (net)
                      0.108029    0.008811    0.233329 ^ clkbuf_4_14_0_clk/A (sky130_fd_sc_hd__clkbuf_8)
    11    0.072025    0.101070    0.155032    0.388361 ^ clkbuf_4_14_0_clk/X (sky130_fd_sc_hd__clkbuf_8)
                                                         clknet_4_14_0_clk (net)
                      0.101342    0.003879    0.392240 ^ _3087_/CLK (sky130_fd_sc_hd__dfrtp_4)
     8    0.035348    0.091204    0.314410    0.706650 ^ _3087_/Q (sky130_fd_sc_hd__dfrtp_4)
                                                         acc_reg[8] (net)
                      0.091851    0.005624    0.712275 ^ _2394_/B2 (sky130_fd_sc_hd__a22o_1)
     1    0.003830    0.036417    0.082267    0.794542 ^ _2394_/X (sky130_fd_sc_hd__a22o_1)
                                                         _0695_ (net)
                      0.036418    0.000275    0.794817 ^ _2395_/B1 (sky130_fd_sc_hd__a21o_1)
     1    0.003110    0.027150    0.048436    0.843253 ^ _2395_/X (sky130_fd_sc_hd__a21o_1)
                                                         _0293_ (net)
                      0.027152    0.000225    0.843478 ^ hold258/A (sky130_fd_sc_hd__dlygate4sd3_1)
     1    0.002424    0.035049    0.367503    1.210981 ^ hold258/X (sky130_fd_sc_hd__dlygate4sd3_1)
                                                         net263 (net)
                      0.035049    0.000173    1.211154 ^ _3034_/D (sky130_fd_sc_hd__dfrtp_1)
                                              1.211154   data arrival time

                                  0.000000    0.000000   clock clk (rise edge)
                                  0.000000    0.000000   clock source latency
     1    0.027726    0.097508    0.068012    0.068012 ^ clk (in)
                                                         clk (net)
                      0.097648    0.000000    0.068012 ^ clkbuf_0_clk/A (sky130_fd_sc_hd__clkbuf_16)
    16    0.123440    0.106891    0.156506    0.224518 ^ clkbuf_0_clk/X (sky130_fd_sc_hd__clkbuf_16)
                                                         clknet_0_clk (net)
                      0.108029    0.008811    0.233329 ^ clkbuf_4_14_0_clk/A (sky130_fd_sc_hd__clkbuf_8)
    11    0.072025    0.101070    0.155032    0.388361 ^ clkbuf_4_14_0_clk/X (sky130_fd_sc_hd__clkbuf_8)
                                                         clknet_4_14_0_clk (net)
                      0.101271    0.003232    0.391593 ^ _3034_/CLK (sky130_fd_sc_hd__dfrtp_1)
                                  0.500000    0.891593   clock uncertainty
                                  0.000000    0.891593   clock reconvergence pessimism
                                 -0.018234    0.873359   library hold time
                                              0.873359   data required time
---------------------------------------------------------------------------------------------
                                              0.873359   data required time
                                             -1.211154   data arrival time
---------------------------------------------------------------------------------------------
                                              0.337795   slack (MET)


Startpoint: _3032_ (rising edge-triggered flip-flop clocked by clk)
Endpoint: _3094_ (rising edge-triggered flip-flop clocked by clk)
Path Group: clk
Path Type: min

Fanout         Cap        Slew       Delay        Time   Description
---------------------------------------------------------------------------------------------
                                  0.000000    0.000000   clock clk (rise edge)
                                  0.000000    0.000000   clock source latency
     1    0.027726    0.097508    0.068012    0.068012 ^ clk (in)
                                                         clk (net)
                      0.097648    0.000000    0.068012 ^ clkbuf_0_clk/A (sky130_fd_sc_hd__clkbuf_16)
    16    0.123440    0.106891    0.156506    0.224518 ^ clkbuf_0_clk/X (sky130_fd_sc_hd__clkbuf_16)
                                                         clknet_0_clk (net)
                      0.107846    0.008092    0.232611 ^ clkbuf_4_11_0_clk/A (sky130_fd_sc_hd__clkbuf_8)
    13    0.060092    0.086421    0.144482    0.377093 ^ clkbuf_4_11_0_clk/X (sky130_fd_sc_hd__clkbuf_8)
                                                         clknet_4_11_0_clk (net)
                      0.086616    0.002945    0.380038 ^ _3032_/CLK (sky130_fd_sc_hd__dfrtp_1)
     2    0.016219    0.113156    0.275469    0.655507 ^ _3032_/Q (sky130_fd_sc_hd__dfrtp_1)
                                                         my_sum_sub.result[15] (net)
                      0.113164    0.001076    0.656583 ^ _1558_/A1 (sky130_fd_sc_hd__o211a_1)
     2    0.006091    0.045817    0.114664    0.771247 ^ _1558_/X (sky130_fd_sc_hd__o211a_1)
                                                         _1103_ (net)
                      0.045817    0.000204    0.771451 ^ _2144_/A1 (sky130_fd_sc_hd__mux2_1)
     1    0.002769    0.028675    0.076687    0.848138 ^ _2144_/X (sky130_fd_sc_hd__mux2_1)
                                                         _0353_ (net)
                      0.028691    0.000178    0.848317 ^ hold243/A (sky130_fd_sc_hd__dlygate4sd3_1)
     1    0.002538    0.035698    0.368559    1.216875 ^ hold243/X (sky130_fd_sc_hd__dlygate4sd3_1)
                                                         net248 (net)
                      0.035698    0.000177    1.217052 ^ _3094_/D (sky130_fd_sc_hd__dfrtp_2)
                                              1.217052   data arrival time

                                  0.000000    0.000000   clock clk (rise edge)
                                  0.000000    0.000000   clock source latency
     1    0.027726    0.097508    0.068012    0.068012 ^ clk (in)
                                                         clk (net)
                      0.097648    0.000000    0.068012 ^ clkbuf_0_clk/A (sky130_fd_sc_hd__clkbuf_16)
    16    0.123440    0.106891    0.156506    0.224518 ^ clkbuf_0_clk/X (sky130_fd_sc_hd__clkbuf_16)
                                                         clknet_0_clk (net)
                      0.108138    0.009211    0.233730 ^ clkbuf_4_1_0_clk/A (sky130_fd_sc_hd__clkbuf_8)
    16    0.072521    0.101778    0.154075    0.387805 ^ clkbuf_4_1_0_clk/X (sky130_fd_sc_hd__clkbuf_8)
                                                         clknet_4_1_0_clk (net)
                      0.102498    0.006879    0.394684 ^ _3094_/CLK (sky130_fd_sc_hd__dfrtp_2)
                                  0.500000    0.894684   clock uncertainty
                                  0.000000    0.894684   clock reconvergence pessimism
                                 -0.018198    0.876486   library hold time
                                              0.876486   data required time
---------------------------------------------------------------------------------------------
                                              0.876486   data required time
                                             -1.217052   data arrival time
---------------------------------------------------------------------------------------------
                                              0.340566   slack (MET)


Startpoint: _3115_ (rising edge-triggered flip-flop clocked by clk)
Endpoint: _3115_ (rising edge-triggered flip-flop clocked by clk)
Path Group: clk
Path Type: min

Fanout         Cap        Slew       Delay        Time   Description
---------------------------------------------------------------------------------------------
                                  0.000000    0.000000   clock clk (rise edge)
                                  0.000000    0.000000   clock source latency
     1    0.027726    0.097508    0.068012    0.068012 ^ clk (in)
                                                         clk (net)
                      0.097648    0.000000    0.068012 ^ clkbuf_0_clk/A (sky130_fd_sc_hd__clkbuf_16)
    16    0.123440    0.106891    0.156506    0.224518 ^ clkbuf_0_clk/X (sky130_fd_sc_hd__clkbuf_16)
                                                         clknet_0_clk (net)
                      0.107573    0.006887    0.231405 ^ clkbuf_4_7_0_clk/A (sky130_fd_sc_hd__clkbuf_8)
    17    0.071778    0.100846    0.153065    0.384470 ^ clkbuf_4_7_0_clk/X (sky130_fd_sc_hd__clkbuf_8)
                                                         clknet_4_7_0_clk (net)
                      0.101556    0.006799    0.391269 ^ _3115_/CLK (sky130_fd_sc_hd__dfrtp_2)
     1    0.002799    0.025668    0.225318    0.616587 ^ _3115_/Q (sky130_fd_sc_hd__dfrtp_2)
                                                         shift_in[4] (net)
                      0.025668    0.000180    0.616767 ^ hold185/A (sky130_fd_sc_hd__dlygate4sd3_1)
     6    0.027884    0.214631    0.500009    1.116776 ^ hold185/X (sky130_fd_sc_hd__dlygate4sd3_1)
                                                         net190 (net)
                      0.214636    0.001358    1.118134 ^ _2116_/A1 (sky130_fd_sc_hd__mux2_1)
     1    0.002637    0.028064    0.100096    1.218230 ^ _2116_/X (sky130_fd_sc_hd__mux2_1)
                                                         _0211_ (net)
                      0.028064    0.000181    1.218410 ^ _3115_/D (sky130_fd_sc_hd__dfrtp_2)
                                              1.218410   data arrival time

                                  0.000000    0.000000   clock clk (rise edge)
                                  0.000000    0.000000   clock source latency
     1    0.027726    0.097508    0.068012    0.068012 ^ clk (in)
                                                         clk (net)
                      0.097648    0.000000    0.068012 ^ clkbuf_0_clk/A (sky130_fd_sc_hd__clkbuf_16)
    16    0.123440    0.106891    0.156506    0.224518 ^ clkbuf_0_clk/X (sky130_fd_sc_hd__clkbuf_16)
                                                         clknet_0_clk (net)
                      0.107573    0.006887    0.231405 ^ clkbuf_4_7_0_clk/A (sky130_fd_sc_hd__clkbuf_8)
    17    0.071778    0.100846    0.153065    0.384470 ^ clkbuf_4_7_0_clk/X (sky130_fd_sc_hd__clkbuf_8)
                                                         clknet_4_7_0_clk (net)
                      0.101556    0.006799    0.391269 ^ _3115_/CLK (sky130_fd_sc_hd__dfrtp_2)
                                  0.500000    0.891269   clock uncertainty
                                  0.000000    0.891269   clock reconvergence pessimism
                                 -0.017669    0.873600   library hold time
                                              0.873600   data required time
---------------------------------------------------------------------------------------------
                                              0.873600   data required time
                                             -1.218410   data arrival time
---------------------------------------------------------------------------------------------
                                              0.344810   slack (MET)


Startpoint: _3161_ (rising edge-triggered flip-flop clocked by clk)
Endpoint: _3171_ (rising edge-triggered flip-flop clocked by clk)
Path Group: clk
Path Type: min

Fanout         Cap        Slew       Delay        Time   Description
---------------------------------------------------------------------------------------------
                                  0.000000    0.000000   clock clk (rise edge)
                                  0.000000    0.000000   clock source latency
     1    0.027726    0.097508    0.068012    0.068012 ^ clk (in)
                                                         clk (net)
                      0.097648    0.000000    0.068012 ^ clkbuf_0_clk/A (sky130_fd_sc_hd__clkbuf_16)
    16    0.123440    0.106891    0.156506    0.224518 ^ clkbuf_0_clk/X (sky130_fd_sc_hd__clkbuf_16)
                                                         clknet_0_clk (net)
                      0.108029    0.008811    0.233329 ^ clkbuf_4_14_0_clk/A (sky130_fd_sc_hd__clkbuf_8)
    11    0.072025    0.101070    0.155032    0.388361 ^ clkbuf_4_14_0_clk/X (sky130_fd_sc_hd__clkbuf_8)
                                                         clknet_4_14_0_clk (net)
                      0.101172    0.001978    0.390339 ^ _3161_/CLK (sky130_fd_sc_hd__dfrtp_4)
     3    0.014680    0.052181    0.322505    0.712845 v _3161_/Q (sky130_fd_sc_hd__dfrtp_4)
                                                         my_sum_sub.state[3] (net)
                      0.052190    0.000952    0.713797 v hold128/A (sky130_fd_sc_hd__dlygate4sd3_1)
     3    0.028497    0.114760    0.456464    1.170261 v hold128/X (sky130_fd_sc_hd__dlygate4sd3_1)
                                                         net133 (net)
                      0.114822    0.002456    1.172717 v _3171_/D (sky130_fd_sc_hd__dfrtp_1)
                                              1.172717   data arrival time

                                  0.000000    0.000000   clock clk (rise edge)
                                  0.000000    0.000000   clock source latency
     1    0.027726    0.097508    0.068012    0.068012 ^ clk (in)
                                                         clk (net)
                      0.097648    0.000000    0.068012 ^ clkbuf_0_clk/A (sky130_fd_sc_hd__clkbuf_16)
    16    0.123440    0.106891    0.156506    0.224518 ^ clkbuf_0_clk/X (sky130_fd_sc_hd__clkbuf_16)
                                                         clknet_0_clk (net)
                      0.107887    0.008261    0.232779 ^ clkbuf_4_3_0_clk/A (sky130_fd_sc_hd__clkbuf_8)
    11    0.061023    0.087580    0.145026    0.377806 ^ clkbuf_4_3_0_clk/X (sky130_fd_sc_hd__clkbuf_8)
                                                         clknet_4_3_0_clk (net)
                      0.087761    0.002817    0.380623 ^ _3171_/CLK (sky130_fd_sc_hd__dfrtp_1)
                                  0.500000    0.880623   clock uncertainty
                                  0.000000    0.880623   clock reconvergence pessimism
                                 -0.053723    0.826900   library hold time
                                              0.826900   data required time
---------------------------------------------------------------------------------------------
                                              0.826900   data required time
                                             -1.172717   data arrival time
---------------------------------------------------------------------------------------------
                                              0.345816   slack (MET)


Startpoint: _3160_ (rising edge-triggered flip-flop clocked by clk)
Endpoint: _3056_ (rising edge-triggered flip-flop clocked by clk)
Path Group: clk
Path Type: min

Fanout         Cap        Slew       Delay        Time   Description
---------------------------------------------------------------------------------------------
                                  0.000000    0.000000   clock clk (rise edge)
                                  0.000000    0.000000   clock source latency
     1    0.027726    0.097508    0.068012    0.068012 ^ clk (in)
                                                         clk (net)
                      0.097648    0.000000    0.068012 ^ clkbuf_0_clk/A (sky130_fd_sc_hd__clkbuf_16)
    16    0.123440    0.106891    0.156506    0.224518 ^ clkbuf_0_clk/X (sky130_fd_sc_hd__clkbuf_16)
                                                         clknet_0_clk (net)
                      0.107887    0.008261    0.232779 ^ clkbuf_4_3_0_clk/A (sky130_fd_sc_hd__clkbuf_8)
    11    0.061023    0.087580    0.145026    0.377806 ^ clkbuf_4_3_0_clk/X (sky130_fd_sc_hd__clkbuf_8)
                                                         clknet_4_3_0_clk (net)
                      0.087710    0.002246    0.380051 ^ _3160_/CLK (sky130_fd_sc_hd__dfrtp_4)
    11    0.075681    0.169346    0.362144    0.742195 ^ _3160_/Q (sky130_fd_sc_hd__dfrtp_4)
                                                         my_sum_sub.state[2] (net)
                      0.174880    0.024110    0.766305 ^ _2304_/A1 (sky130_fd_sc_hd__o21a_1)
     1    0.002020    0.022826    0.084173    0.850478 ^ _2304_/X (sky130_fd_sc_hd__o21a_1)
                                                         _0315_ (net)
                      0.022826    0.000093    0.850571 ^ hold130/A (sky130_fd_sc_hd__dlygate4sd3_1)
     1    0.002559    0.035821    0.367429    1.218000 ^ hold130/X (sky130_fd_sc_hd__dlygate4sd3_1)
                                                         net135 (net)
                      0.035821    0.000178    1.218178 ^ _3056_/D (sky130_fd_sc_hd__dfrtp_1)
                                              1.218178   data arrival time

                                  0.000000    0.000000   clock clk (rise edge)
                                  0.000000    0.000000   clock source latency
     1    0.027726    0.097508    0.068012    0.068012 ^ clk (in)
                                                         clk (net)
                      0.097648    0.000000    0.068012 ^ clkbuf_0_clk/A (sky130_fd_sc_hd__clkbuf_16)
    16    0.123440    0.106891    0.156506    0.224518 ^ clkbuf_0_clk/X (sky130_fd_sc_hd__clkbuf_16)
                                                         clknet_0_clk (net)
                      0.108049    0.008885    0.233404 ^ clkbuf_4_13_0_clk/A (sky130_fd_sc_hd__clkbuf_8)
    10    0.066136    0.093930    0.148856    0.382260 ^ clkbuf_4_13_0_clk/X (sky130_fd_sc_hd__clkbuf_8)
                                                         clknet_4_13_0_clk (net)
                      0.094364    0.005143    0.387402 ^ _3056_/CLK (sky130_fd_sc_hd__dfrtp_1)
                                  0.500000    0.887402   clock uncertainty
                                  0.000000    0.887402   clock reconvergence pessimism
                                 -0.018475    0.868928   library hold time
                                              0.868928   data required time
---------------------------------------------------------------------------------------------
                                              0.868928   data required time
                                             -1.218178   data arrival time
---------------------------------------------------------------------------------------------
                                              0.349251   slack (MET)


Startpoint: _3160_ (rising edge-triggered flip-flop clocked by clk)
Endpoint: _3053_ (rising edge-triggered flip-flop clocked by clk)
Path Group: clk
Path Type: min

Fanout         Cap        Slew       Delay        Time   Description
---------------------------------------------------------------------------------------------
                                  0.000000    0.000000   clock clk (rise edge)
                                  0.000000    0.000000   clock source latency
     1    0.027726    0.097508    0.068012    0.068012 ^ clk (in)
                                                         clk (net)
                      0.097648    0.000000    0.068012 ^ clkbuf_0_clk/A (sky130_fd_sc_hd__clkbuf_16)
    16    0.123440    0.106891    0.156506    0.224518 ^ clkbuf_0_clk/X (sky130_fd_sc_hd__clkbuf_16)
                                                         clknet_0_clk (net)
                      0.107887    0.008261    0.232779 ^ clkbuf_4_3_0_clk/A (sky130_fd_sc_hd__clkbuf_8)
    11    0.061023    0.087580    0.145026    0.377806 ^ clkbuf_4_3_0_clk/X (sky130_fd_sc_hd__clkbuf_8)
                                                         clknet_4_3_0_clk (net)
                      0.087710    0.002246    0.380051 ^ _3160_/CLK (sky130_fd_sc_hd__dfrtp_4)
    11    0.075681    0.169346    0.362144    0.742195 ^ _3160_/Q (sky130_fd_sc_hd__dfrtp_4)
                                                         my_sum_sub.state[2] (net)
                      0.174640    0.023586    0.765782 ^ _2330_/A1 (sky130_fd_sc_hd__o21a_1)
     1    0.002404    0.025198    0.086261    0.852042 ^ _2330_/X (sky130_fd_sc_hd__o21a_1)
                                                         _0312_ (net)
                      0.025198    0.000113    0.852155 ^ hold125/A (sky130_fd_sc_hd__dlygate4sd3_1)
     1    0.002267    0.034163    0.366077    1.218232 ^ hold125/X (sky130_fd_sc_hd__dlygate4sd3_1)
                                                         net130 (net)
                      0.034163    0.000166    1.218398 ^ _3053_/D (sky130_fd_sc_hd__dfrtp_1)
                                              1.218398   data arrival time

                                  0.000000    0.000000   clock clk (rise edge)
                                  0.000000    0.000000   clock source latency
     1    0.027726    0.097508    0.068012    0.068012 ^ clk (in)
                                                         clk (net)
                      0.097648    0.000000    0.068012 ^ clkbuf_0_clk/A (sky130_fd_sc_hd__clkbuf_16)
    16    0.123440    0.106891    0.156506    0.224518 ^ clkbuf_0_clk/X (sky130_fd_sc_hd__clkbuf_16)
                                                         clknet_0_clk (net)
                      0.108050    0.008889    0.233408 ^ clkbuf_4_15_0_clk/A (sky130_fd_sc_hd__clkbuf_8)
    13    0.066990    0.094978    0.149504    0.382912 ^ clkbuf_4_15_0_clk/X (sky130_fd_sc_hd__clkbuf_8)
                                                         clknet_4_15_0_clk (net)
                      0.095255    0.004173    0.387085 ^ _3053_/CLK (sky130_fd_sc_hd__dfrtp_1)
                                  0.500000    0.887085   clock uncertainty
                                  0.000000    0.887085   clock reconvergence pessimism
                                 -0.018327    0.868758   library hold time
                                              0.868758   data required time
---------------------------------------------------------------------------------------------
                                              0.868758   data required time
                                             -1.218398   data arrival time
---------------------------------------------------------------------------------------------
                                              0.349641   slack (MET)


Startpoint: _3092_ (rising edge-triggered flip-flop clocked by clk)
Endpoint: _3039_ (rising edge-triggered flip-flop clocked by clk)
Path Group: clk
Path Type: min

Fanout         Cap        Slew       Delay        Time   Description
---------------------------------------------------------------------------------------------
                                  0.000000    0.000000   clock clk (rise edge)
                                  0.000000    0.000000   clock source latency
     1    0.027726    0.097508    0.068012    0.068012 ^ clk (in)
                                                         clk (net)
                      0.097648    0.000000    0.068012 ^ clkbuf_0_clk/A (sky130_fd_sc_hd__clkbuf_16)
    16    0.123440    0.106891    0.156506    0.224518 ^ clkbuf_0_clk/X (sky130_fd_sc_hd__clkbuf_16)
                                                         clknet_0_clk (net)
                      0.107887    0.008261    0.232779 ^ clkbuf_4_3_0_clk/A (sky130_fd_sc_hd__clkbuf_8)
    11    0.061023    0.087580    0.145026    0.377806 ^ clkbuf_4_3_0_clk/X (sky130_fd_sc_hd__clkbuf_8)
                                                         clknet_4_3_0_clk (net)
                      0.087754    0.002749    0.380555 ^ _3092_/CLK (sky130_fd_sc_hd__dfrtp_2)
     6    0.026811    0.103338    0.286681    0.667237 ^ _3092_/Q (sky130_fd_sc_hd__dfrtp_2)
                                                         acc_reg[13] (net)
                      0.103436    0.002852    0.670089 ^ _2384_/A (sky130_fd_sc_hd__and2_1)
     1    0.003664    0.038942    0.088007    0.758096 ^ _2384_/X (sky130_fd_sc_hd__and2_1)
                                                         _0690_ (net)
                      0.038953    0.000279    0.758375 ^ _2385_/C1 (sky130_fd_sc_hd__a221o_1)
     1    0.005377    0.045586    0.071003    0.829377 ^ _2385_/X (sky130_fd_sc_hd__a221o_1)
                                                         _0298_ (net)
                      0.045588    0.000397    0.829774 ^ hold119/A (sky130_fd_sc_hd__dlygate4sd3_1)
     1    0.004070    0.046025    0.381599    1.211373 ^ hold119/X (sky130_fd_sc_hd__dlygate4sd3_1)
                                                         net124 (net)
                      0.046025    0.000298    1.211671 ^ _3039_/D (sky130_fd_sc_hd__dfrtp_1)
                                              1.211671   data arrival time

                                  0.000000    0.000000   clock clk (rise edge)
                                  0.000000    0.000000   clock source latency
     1    0.027726    0.097508    0.068012    0.068012 ^ clk (in)
                                                         clk (net)
                      0.097648    0.000000    0.068012 ^ clkbuf_0_clk/A (sky130_fd_sc_hd__clkbuf_16)
    16    0.123440    0.106891    0.156506    0.224518 ^ clkbuf_0_clk/X (sky130_fd_sc_hd__clkbuf_16)
                                                         clknet_0_clk (net)
                      0.107846    0.008092    0.232611 ^ clkbuf_4_11_0_clk/A (sky130_fd_sc_hd__clkbuf_8)
    13    0.060092    0.086421    0.144482    0.377093 ^ clkbuf_4_11_0_clk/X (sky130_fd_sc_hd__clkbuf_8)
                                                         clknet_4_11_0_clk (net)
                      0.086640    0.003160    0.380253 ^ _3039_/CLK (sky130_fd_sc_hd__dfrtp_1)
                                  0.500000    0.880253   clock uncertainty
                                  0.000000    0.880253   clock reconvergence pessimism
                                 -0.019443    0.860810   library hold time
                                              0.860810   data required time
---------------------------------------------------------------------------------------------
                                              0.860810   data required time
                                             -1.211671   data arrival time
---------------------------------------------------------------------------------------------
                                              0.350861   slack (MET)


Startpoint: _3160_ (rising edge-triggered flip-flop clocked by clk)
Endpoint: _3052_ (rising edge-triggered flip-flop clocked by clk)
Path Group: clk
Path Type: min

Fanout         Cap        Slew       Delay        Time   Description
---------------------------------------------------------------------------------------------
                                  0.000000    0.000000   clock clk (rise edge)
                                  0.000000    0.000000   clock source latency
     1    0.027726    0.097508    0.068012    0.068012 ^ clk (in)
                                                         clk (net)
                      0.097648    0.000000    0.068012 ^ clkbuf_0_clk/A (sky130_fd_sc_hd__clkbuf_16)
    16    0.123440    0.106891    0.156506    0.224518 ^ clkbuf_0_clk/X (sky130_fd_sc_hd__clkbuf_16)
                                                         clknet_0_clk (net)
                      0.107887    0.008261    0.232779 ^ clkbuf_4_3_0_clk/A (sky130_fd_sc_hd__clkbuf_8)
    11    0.061023    0.087580    0.145026    0.377806 ^ clkbuf_4_3_0_clk/X (sky130_fd_sc_hd__clkbuf_8)
                                                         clknet_4_3_0_clk (net)
                      0.087710    0.002246    0.380051 ^ _3160_/CLK (sky130_fd_sc_hd__dfrtp_4)
    11    0.075681    0.169346    0.362144    0.742195 ^ _3160_/Q (sky130_fd_sc_hd__dfrtp_4)
                                                         my_sum_sub.state[2] (net)
                      0.174362    0.022968    0.765163 ^ _2339_/A1 (sky130_fd_sc_hd__o21a_1)
     1    0.002548    0.026040    0.087033    0.852196 ^ _2339_/X (sky130_fd_sc_hd__o21a_1)
                                                         _0311_ (net)
                      0.026040    0.000123    0.852320 ^ hold150/A (sky130_fd_sc_hd__dlygate4sd3_1)
     1    0.002300    0.034343    0.366464    1.218784 ^ hold150/X (sky130_fd_sc_hd__dlygate4sd3_1)
                                                         net155 (net)
                      0.034343    0.000168    1.218952 ^ _3052_/D (sky130_fd_sc_hd__dfrtp_1)
                                              1.218952   data arrival time

                                  0.000000    0.000000   clock clk (rise edge)
                                  0.000000    0.000000   clock source latency
     1    0.027726    0.097508    0.068012    0.068012 ^ clk (in)
                                                         clk (net)
                      0.097648    0.000000    0.068012 ^ clkbuf_0_clk/A (sky130_fd_sc_hd__clkbuf_16)
    16    0.123440    0.106891    0.156506    0.224518 ^ clkbuf_0_clk/X (sky130_fd_sc_hd__clkbuf_16)
                                                         clknet_0_clk (net)
                      0.108049    0.008885    0.233404 ^ clkbuf_4_13_0_clk/A (sky130_fd_sc_hd__clkbuf_8)
    10    0.066136    0.093930    0.148856    0.382260 ^ clkbuf_4_13_0_clk/X (sky130_fd_sc_hd__clkbuf_8)
                                                         clknet_4_13_0_clk (net)
                      0.094201    0.004098    0.386357 ^ _3052_/CLK (sky130_fd_sc_hd__dfrtp_1)
                                  0.500000    0.886357   clock uncertainty
                                  0.000000    0.886357   clock reconvergence pessimism
                                 -0.018369    0.867989   library hold time
                                              0.867989   data required time
---------------------------------------------------------------------------------------------
                                              0.867989   data required time
                                             -1.218952   data arrival time
---------------------------------------------------------------------------------------------
                                              0.350963   slack (MET)


Startpoint: _3160_ (rising edge-triggered flip-flop clocked by clk)
Endpoint: _3054_ (rising edge-triggered flip-flop clocked by clk)
Path Group: clk
Path Type: min

Fanout         Cap        Slew       Delay        Time   Description
---------------------------------------------------------------------------------------------
                                  0.000000    0.000000   clock clk (rise edge)
                                  0.000000    0.000000   clock source latency
     1    0.027726    0.097508    0.068012    0.068012 ^ clk (in)
                                                         clk (net)
                      0.097648    0.000000    0.068012 ^ clkbuf_0_clk/A (sky130_fd_sc_hd__clkbuf_16)
    16    0.123440    0.106891    0.156506    0.224518 ^ clkbuf_0_clk/X (sky130_fd_sc_hd__clkbuf_16)
                                                         clknet_0_clk (net)
                      0.107887    0.008261    0.232779 ^ clkbuf_4_3_0_clk/A (sky130_fd_sc_hd__clkbuf_8)
    11    0.061023    0.087580    0.145026    0.377806 ^ clkbuf_4_3_0_clk/X (sky130_fd_sc_hd__clkbuf_8)
                                                         clknet_4_3_0_clk (net)
                      0.087710    0.002246    0.380051 ^ _3160_/CLK (sky130_fd_sc_hd__dfrtp_4)
    11    0.075681    0.169346    0.362144    0.742195 ^ _3160_/Q (sky130_fd_sc_hd__dfrtp_4)
                                                         my_sum_sub.state[2] (net)
                      0.174739    0.023804    0.765999 ^ _2322_/A1 (sky130_fd_sc_hd__o21a_1)
     1    0.001977    0.022761    0.083933    0.849932 ^ _2322_/X (sky130_fd_sc_hd__o21a_1)
                                                         _0313_ (net)
                      0.022761    0.000091    0.850023 ^ hold127/A (sky130_fd_sc_hd__dlygate4sd3_1)
     1    0.003103    0.039712    0.370902    1.220925 ^ hold127/X (sky130_fd_sc_hd__dlygate4sd3_1)
                                                         net132 (net)
                      0.039712    0.000199    1.221124 ^ _3054_/D (sky130_fd_sc_hd__dfrtp_1)
                                              1.221124   data arrival time

                                  0.000000    0.000000   clock clk (rise edge)
                                  0.000000    0.000000   clock source latency
     1    0.027726    0.097508    0.068012    0.068012 ^ clk (in)
                                                         clk (net)
                      0.097648    0.000000    0.068012 ^ clkbuf_0_clk/A (sky130_fd_sc_hd__clkbuf_16)
    16    0.123440    0.106891    0.156506    0.224518 ^ clkbuf_0_clk/X (sky130_fd_sc_hd__clkbuf_16)
                                                         clknet_0_clk (net)
                      0.108049    0.008885    0.233404 ^ clkbuf_4_13_0_clk/A (sky130_fd_sc_hd__clkbuf_8)
    10    0.066136    0.093930    0.148856    0.382260 ^ clkbuf_4_13_0_clk/X (sky130_fd_sc_hd__clkbuf_8)
                                                         clknet_4_13_0_clk (net)
                      0.094345    0.005032    0.387291 ^ _3054_/CLK (sky130_fd_sc_hd__dfrtp_1)
                                  0.500000    0.887291   clock uncertainty
                                  0.000000    0.887291   clock reconvergence pessimism
                                 -0.018766    0.868525   library hold time
                                              0.868525   data required time
---------------------------------------------------------------------------------------------
                                              0.868525   data required time
                                             -1.221124   data arrival time
---------------------------------------------------------------------------------------------
                                              0.352599   slack (MET)


Startpoint: _3096_ (rising edge-triggered flip-flop clocked by clk)
Endpoint: _3096_ (rising edge-triggered flip-flop clocked by clk)
Path Group: clk
Path Type: min

Fanout         Cap        Slew       Delay        Time   Description
---------------------------------------------------------------------------------------------
                                  0.000000    0.000000   clock clk (rise edge)
                                  0.000000    0.000000   clock source latency
     1    0.027726    0.097508    0.068012    0.068012 ^ clk (in)
                                                         clk (net)
                      0.097648    0.000000    0.068012 ^ clkbuf_0_clk/A (sky130_fd_sc_hd__clkbuf_16)
    16    0.123440    0.106891    0.156506    0.224518 ^ clkbuf_0_clk/X (sky130_fd_sc_hd__clkbuf_16)
                                                         clknet_0_clk (net)
                      0.107573    0.006887    0.231405 ^ clkbuf_4_7_0_clk/A (sky130_fd_sc_hd__clkbuf_8)
    17    0.071778    0.100846    0.153065    0.384470 ^ clkbuf_4_7_0_clk/X (sky130_fd_sc_hd__clkbuf_8)
                                                         clknet_4_7_0_clk (net)
                      0.101585    0.006934    0.391404 ^ _3096_/CLK (sky130_fd_sc_hd__dfrtp_4)
    18    0.072041    0.161693    0.364132    0.755536 ^ _3096_/Q (sky130_fd_sc_hd__dfrtp_4)
                                                         my_mul.x2[1] (net)
                      0.161851    0.004261    0.759797 ^ _2138_/A1 (sky130_fd_sc_hd__mux2_1)
     1    0.002988    0.029925    0.097883    0.857680 ^ _2138_/X (sky130_fd_sc_hd__mux2_1)
                                                         _0355_ (net)
                      0.029925    0.000190    0.857870 ^ hold148/A (sky130_fd_sc_hd__dlygate4sd3_1)
     1    0.002643    0.036308    0.369489    1.227359 ^ hold148/X (sky130_fd_sc_hd__dlygate4sd3_1)
                                                         net153 (net)
                      0.036308    0.000195    1.227553 ^ _3096_/D (sky130_fd_sc_hd__dfrtp_4)
                                              1.227553   data arrival time

                                  0.000000    0.000000   clock clk (rise edge)
                                  0.000000    0.000000   clock source latency
     1    0.027726    0.097508    0.068012    0.068012 ^ clk (in)
                                                         clk (net)
                      0.097648    0.000000    0.068012 ^ clkbuf_0_clk/A (sky130_fd_sc_hd__clkbuf_16)
    16    0.123440    0.106891    0.156506    0.224518 ^ clkbuf_0_clk/X (sky130_fd_sc_hd__clkbuf_16)
                                                         clknet_0_clk (net)
                      0.107573    0.006887    0.231405 ^ clkbuf_4_7_0_clk/A (sky130_fd_sc_hd__clkbuf_8)
    17    0.071778    0.100846    0.153065    0.384470 ^ clkbuf_4_7_0_clk/X (sky130_fd_sc_hd__clkbuf_8)
                                                         clknet_4_7_0_clk (net)
                      0.101585    0.006934    0.391404 ^ _3096_/CLK (sky130_fd_sc_hd__dfrtp_4)
                                  0.500000    0.891404   clock uncertainty
                                  0.000000    0.891404   clock reconvergence pessimism
                                 -0.018320    0.873084   library hold time
                                              0.873084   data required time
---------------------------------------------------------------------------------------------
                                              0.873084   data required time
                                             -1.227553   data arrival time
---------------------------------------------------------------------------------------------
                                              0.354469   slack (MET)


Startpoint: _3160_ (rising edge-triggered flip-flop clocked by clk)
Endpoint: _3050_ (rising edge-triggered flip-flop clocked by clk)
Path Group: clk
Path Type: min

Fanout         Cap        Slew       Delay        Time   Description
---------------------------------------------------------------------------------------------
                                  0.000000    0.000000   clock clk (rise edge)
                                  0.000000    0.000000   clock source latency
     1    0.027726    0.097508    0.068012    0.068012 ^ clk (in)
                                                         clk (net)
                      0.097648    0.000000    0.068012 ^ clkbuf_0_clk/A (sky130_fd_sc_hd__clkbuf_16)
    16    0.123440    0.106891    0.156506    0.224518 ^ clkbuf_0_clk/X (sky130_fd_sc_hd__clkbuf_16)
                                                         clknet_0_clk (net)
                      0.107887    0.008261    0.232779 ^ clkbuf_4_3_0_clk/A (sky130_fd_sc_hd__clkbuf_8)
    11    0.061023    0.087580    0.145026    0.377806 ^ clkbuf_4_3_0_clk/X (sky130_fd_sc_hd__clkbuf_8)
                                                         clknet_4_3_0_clk (net)
                      0.087710    0.002246    0.380051 ^ _3160_/CLK (sky130_fd_sc_hd__dfrtp_4)
    11    0.075681    0.169346    0.362144    0.742195 ^ _3160_/Q (sky130_fd_sc_hd__dfrtp_4)
                                                         my_sum_sub.state[2] (net)
                      0.173529    0.021015    0.763210 ^ _2358_/A1 (sky130_fd_sc_hd__o21a_1)
     1    0.001922    0.022552    0.083571    0.846782 ^ _2358_/X (sky130_fd_sc_hd__o21a_1)
                                                         _0309_ (net)
                      0.022552    0.000089    0.846871 ^ hold138/A (sky130_fd_sc_hd__dlygate4sd3_1)
     1    0.002924    0.038072    0.369700    1.216571 ^ hold138/X (sky130_fd_sc_hd__dlygate4sd3_1)
                                                         net143 (net)
                      0.038537    0.000192    1.216763 ^ _3050_/D (sky130_fd_sc_hd__dfrtp_1)
                                              1.216763   data arrival time

                                  0.000000    0.000000   clock clk (rise edge)
                                  0.000000    0.000000   clock source latency
     1    0.027726    0.097508    0.068012    0.068012 ^ clk (in)
                                                         clk (net)
                      0.097648    0.000000    0.068012 ^ clkbuf_0_clk/A (sky130_fd_sc_hd__clkbuf_16)
    16    0.123440    0.106891    0.156506    0.224518 ^ clkbuf_0_clk/X (sky130_fd_sc_hd__clkbuf_16)
                                                         clknet_0_clk (net)
                      0.107846    0.008094    0.232613 ^ clkbuf_4_12_0_clk/A (sky130_fd_sc_hd__clkbuf_8)
     8    0.059947    0.086319    0.143633    0.376245 ^ clkbuf_4_12_0_clk/X (sky130_fd_sc_hd__clkbuf_8)
                                                         clknet_4_12_0_clk (net)
                      0.086435    0.002587    0.378833 ^ _3050_/CLK (sky130_fd_sc_hd__dfrtp_1)
                                  0.500000    0.878833   clock uncertainty
                                  0.000000    0.878833   clock reconvergence pessimism
                                 -0.018888    0.859944   library hold time
                                              0.859944   data required time
---------------------------------------------------------------------------------------------
                                              0.859944   data required time
                                             -1.216763   data arrival time
---------------------------------------------------------------------------------------------
                                              0.356818   slack (MET)


Startpoint: _3160_ (rising edge-triggered flip-flop clocked by clk)
Endpoint: _3049_ (rising edge-triggered flip-flop clocked by clk)
Path Group: clk
Path Type: min

Fanout         Cap        Slew       Delay        Time   Description
---------------------------------------------------------------------------------------------
                                  0.000000    0.000000   clock clk (rise edge)
                                  0.000000    0.000000   clock source latency
     1    0.027726    0.097508    0.068012    0.068012 ^ clk (in)
                                                         clk (net)
                      0.097648    0.000000    0.068012 ^ clkbuf_0_clk/A (sky130_fd_sc_hd__clkbuf_16)
    16    0.123440    0.106891    0.156506    0.224518 ^ clkbuf_0_clk/X (sky130_fd_sc_hd__clkbuf_16)
                                                         clknet_0_clk (net)
                      0.107887    0.008261    0.232779 ^ clkbuf_4_3_0_clk/A (sky130_fd_sc_hd__clkbuf_8)
    11    0.061023    0.087580    0.145026    0.377806 ^ clkbuf_4_3_0_clk/X (sky130_fd_sc_hd__clkbuf_8)
                                                         clknet_4_3_0_clk (net)
                      0.087710    0.002246    0.380051 ^ _3160_/CLK (sky130_fd_sc_hd__dfrtp_4)
    11    0.075681    0.169346    0.362144    0.742195 ^ _3160_/Q (sky130_fd_sc_hd__dfrtp_4)
                                                         my_sum_sub.state[2] (net)
                      0.173239    0.020295    0.762490 ^ _2365_/A1 (sky130_fd_sc_hd__o21a_1)
     1    0.002210    0.024224    0.085119    0.847610 ^ _2365_/X (sky130_fd_sc_hd__o21a_1)
                                                         _0308_ (net)
                      0.024224    0.000155    0.847764 ^ hold213/A (sky130_fd_sc_hd__dlygate4sd3_1)
     1    0.003905    0.044961    0.376132    1.223897 ^ hold213/X (sky130_fd_sc_hd__dlygate4sd3_1)
                                                         net218 (net)
                      0.044963    0.000299    1.224195 ^ _3049_/D (sky130_fd_sc_hd__dfrtp_2)
                                              1.224195   data arrival time

                                  0.000000    0.000000   clock clk (rise edge)
                                  0.000000    0.000000   clock source latency
     1    0.027726    0.097508    0.068012    0.068012 ^ clk (in)
                                                         clk (net)
                      0.097648    0.000000    0.068012 ^ clkbuf_0_clk/A (sky130_fd_sc_hd__clkbuf_16)
    16    0.123440    0.106891    0.156506    0.224518 ^ clkbuf_0_clk/X (sky130_fd_sc_hd__clkbuf_16)
                                                         clknet_0_clk (net)
                      0.108050    0.008889    0.233408 ^ clkbuf_4_15_0_clk/A (sky130_fd_sc_hd__clkbuf_8)
    13    0.066990    0.094978    0.149504    0.382912 ^ clkbuf_4_15_0_clk/X (sky130_fd_sc_hd__clkbuf_8)
                                                         clknet_4_15_0_clk (net)
                      0.095141    0.003234    0.386146 ^ _3049_/CLK (sky130_fd_sc_hd__dfrtp_2)
                                  0.500000    0.886146   clock uncertainty
                                  0.000000    0.886146   clock reconvergence pessimism
                                 -0.019065    0.867081   library hold time
                                              0.867081   data required time
---------------------------------------------------------------------------------------------
                                              0.867081   data required time
                                             -1.224195   data arrival time
---------------------------------------------------------------------------------------------
                                              0.357114   slack (MET)


Startpoint: _3160_ (rising edge-triggered flip-flop clocked by clk)
Endpoint: _3051_ (rising edge-triggered flip-flop clocked by clk)
Path Group: clk
Path Type: min

Fanout         Cap        Slew       Delay        Time   Description
---------------------------------------------------------------------------------------------
                                  0.000000    0.000000   clock clk (rise edge)
                                  0.000000    0.000000   clock source latency
     1    0.027726    0.097508    0.068012    0.068012 ^ clk (in)
                                                         clk (net)
                      0.097648    0.000000    0.068012 ^ clkbuf_0_clk/A (sky130_fd_sc_hd__clkbuf_16)
    16    0.123440    0.106891    0.156506    0.224518 ^ clkbuf_0_clk/X (sky130_fd_sc_hd__clkbuf_16)
                                                         clknet_0_clk (net)
                      0.107887    0.008261    0.232779 ^ clkbuf_4_3_0_clk/A (sky130_fd_sc_hd__clkbuf_8)
    11    0.061023    0.087580    0.145026    0.377806 ^ clkbuf_4_3_0_clk/X (sky130_fd_sc_hd__clkbuf_8)
                                                         clknet_4_3_0_clk (net)
                      0.087710    0.002246    0.380051 ^ _3160_/CLK (sky130_fd_sc_hd__dfrtp_4)
    11    0.075681    0.169346    0.362144    0.742195 ^ _3160_/Q (sky130_fd_sc_hd__dfrtp_4)
                                                         my_sum_sub.state[2] (net)
                      0.173978    0.022088    0.764283 ^ _2349_/A1 (sky130_fd_sc_hd__o21a_1)
     1    0.002878    0.028206    0.088815    0.853097 ^ _2349_/X (sky130_fd_sc_hd__o21a_1)
                                                         _0310_ (net)
                      0.028206    0.000182    0.853279 ^ hold136/A (sky130_fd_sc_hd__dlygate4sd3_1)
     1    0.003117    0.039806    0.372160    1.225439 ^ hold136/X (sky130_fd_sc_hd__dlygate4sd3_1)
                                                         net141 (net)
                      0.039806    0.000214    1.225654 ^ _3051_/D (sky130_fd_sc_hd__dfrtp_1)
                                              1.225654   data arrival time

                                  0.000000    0.000000   clock clk (rise edge)
                                  0.000000    0.000000   clock source latency
     1    0.027726    0.097508    0.068012    0.068012 ^ clk (in)
                                                         clk (net)
                      0.097648    0.000000    0.068012 ^ clkbuf_0_clk/A (sky130_fd_sc_hd__clkbuf_16)
    16    0.123440    0.106891    0.156506    0.224518 ^ clkbuf_0_clk/X (sky130_fd_sc_hd__clkbuf_16)
                                                         clknet_0_clk (net)
                      0.108049    0.008885    0.233404 ^ clkbuf_4_13_0_clk/A (sky130_fd_sc_hd__clkbuf_8)
    10    0.066136    0.093930    0.148856    0.382260 ^ clkbuf_4_13_0_clk/X (sky130_fd_sc_hd__clkbuf_8)
                                                         clknet_4_13_0_clk (net)
                      0.094122    0.003468    0.385728 ^ _3051_/CLK (sky130_fd_sc_hd__dfrtp_1)
                                  0.500000    0.885728   clock uncertainty
                                  0.000000    0.885728   clock reconvergence pessimism
                                 -0.018779    0.866949   library hold time
                                              0.866949   data required time
---------------------------------------------------------------------------------------------
                                              0.866949   data required time
                                             -1.225654   data arrival time
---------------------------------------------------------------------------------------------
                                              0.358705   slack (MET)


Startpoint: _3160_ (rising edge-triggered flip-flop clocked by clk)
Endpoint: _3040_ (rising edge-triggered flip-flop clocked by clk)
Path Group: clk
Path Type: min

Fanout         Cap        Slew       Delay        Time   Description
---------------------------------------------------------------------------------------------
                                  0.000000    0.000000   clock clk (rise edge)
                                  0.000000    0.000000   clock source latency
     1    0.027726    0.097508    0.068012    0.068012 ^ clk (in)
                                                         clk (net)
                      0.097648    0.000000    0.068012 ^ clkbuf_0_clk/A (sky130_fd_sc_hd__clkbuf_16)
    16    0.123440    0.106891    0.156506    0.224518 ^ clkbuf_0_clk/X (sky130_fd_sc_hd__clkbuf_16)
                                                         clknet_0_clk (net)
                      0.107887    0.008261    0.232779 ^ clkbuf_4_3_0_clk/A (sky130_fd_sc_hd__clkbuf_8)
    11    0.061023    0.087580    0.145026    0.377806 ^ clkbuf_4_3_0_clk/X (sky130_fd_sc_hd__clkbuf_8)
                                                         clknet_4_3_0_clk (net)
                      0.087710    0.002246    0.380051 ^ _3160_/CLK (sky130_fd_sc_hd__dfrtp_4)
    11    0.075681    0.169346    0.362144    0.742195 ^ _3160_/Q (sky130_fd_sc_hd__dfrtp_4)
                                                         my_sum_sub.state[2] (net)
                      0.169630    0.005914    0.748109 ^ _2383_/S (sky130_fd_sc_hd__mux2_1)
     1    0.002733    0.028475    0.100239    0.848348 ^ _2383_/X (sky130_fd_sc_hd__mux2_1)
                                                         _0299_ (net)
                      0.028475    0.000199    0.848547 ^ hold172/A (sky130_fd_sc_hd__dlygate4sd3_1)
     1    0.003024    0.038719    0.371621    1.220168 ^ hold172/X (sky130_fd_sc_hd__dlygate4sd3_1)
                                                         net177 (net)
                      0.039192    0.000205    1.220373 ^ _3040_/D (sky130_fd_sc_hd__dfrtp_1)
                                              1.220373   data arrival time

                                  0.000000    0.000000   clock clk (rise edge)
                                  0.000000    0.000000   clock source latency
     1    0.027726    0.097508    0.068012    0.068012 ^ clk (in)
                                                         clk (net)
                      0.097648    0.000000    0.068012 ^ clkbuf_0_clk/A (sky130_fd_sc_hd__clkbuf_16)
    16    0.123440    0.106891    0.156506    0.224518 ^ clkbuf_0_clk/X (sky130_fd_sc_hd__clkbuf_16)
                                                         clknet_0_clk (net)
                      0.107887    0.008261    0.232779 ^ clkbuf_4_3_0_clk/A (sky130_fd_sc_hd__clkbuf_8)
    11    0.061023    0.087580    0.145026    0.377806 ^ clkbuf_4_3_0_clk/X (sky130_fd_sc_hd__clkbuf_8)
                                                         clknet_4_3_0_clk (net)
                      0.087690    0.001980    0.379785 ^ _3040_/CLK (sky130_fd_sc_hd__dfrtp_1)
                                  0.500000    0.879785   clock uncertainty
                                  0.000000    0.879785   clock reconvergence pessimism
                                 -0.018904    0.860881   library hold time
                                              0.860881   data required time
---------------------------------------------------------------------------------------------
                                              0.860881   data required time
                                             -1.220373   data arrival time
---------------------------------------------------------------------------------------------
                                              0.359492   slack (MET)


Startpoint: _3088_ (rising edge-triggered flip-flop clocked by clk)
Endpoint: _3136_ (rising edge-triggered flip-flop clocked by clk)
Path Group: clk
Path Type: min

Fanout         Cap        Slew       Delay        Time   Description
---------------------------------------------------------------------------------------------
                                  0.000000    0.000000   clock clk (rise edge)
                                  0.000000    0.000000   clock source latency
     1    0.027726    0.097508    0.068012    0.068012 ^ clk (in)
                                                         clk (net)
                      0.097648    0.000000    0.068012 ^ clkbuf_0_clk/A (sky130_fd_sc_hd__clkbuf_16)
    16    0.123440    0.106891    0.156506    0.224518 ^ clkbuf_0_clk/X (sky130_fd_sc_hd__clkbuf_16)
                                                         clknet_0_clk (net)
                      0.107516    0.006605    0.231123 ^ clkbuf_4_5_0_clk/A (sky130_fd_sc_hd__clkbuf_8)
    10    0.065462    0.093069    0.148740    0.379863 ^ clkbuf_4_5_0_clk/X (sky130_fd_sc_hd__clkbuf_8)
                                                         clknet_4_5_0_clk (net)
                      0.093123    0.001850    0.381713 ^ _3088_/CLK (sky130_fd_sc_hd__dfrtp_4)
     8    0.037465    0.095396    0.314708    0.696421 ^ _3088_/Q (sky130_fd_sc_hd__dfrtp_4)
                                                         acc_reg[9] (net)
                      0.095446    0.002266    0.698687 ^ _2042_/B2 (sky130_fd_sc_hd__a221o_1)
     1    0.005191    0.045470    0.099377    0.798064 ^ _2042_/X (sky130_fd_sc_hd__a221o_1)
                                                         _0446_ (net)
                      0.045472    0.000378    0.798442 ^ _2043_/B2 (sky130_fd_sc_hd__o22a_1)
     1    0.002841    0.028093    0.058798    0.857239 ^ _2043_/X (sky130_fd_sc_hd__o22a_1)
                                                         _0232_ (net)
                      0.028093    0.000116    0.857356 ^ hold62/A (sky130_fd_sc_hd__dlygate4sd3_1)
     1    0.002864    0.037695    0.370518    1.227874 ^ hold62/X (sky130_fd_sc_hd__dlygate4sd3_1)
                                                         net67 (net)
                      0.037695    0.000195    1.228068 ^ _3136_/D (sky130_fd_sc_hd__dfrtp_1)
                                              1.228068   data arrival time

                                  0.000000    0.000000   clock clk (rise edge)
                                  0.000000    0.000000   clock source latency
     1    0.027726    0.097508    0.068012    0.068012 ^ clk (in)
                                                         clk (net)
                      0.097648    0.000000    0.068012 ^ clkbuf_0_clk/A (sky130_fd_sc_hd__clkbuf_16)
    16    0.123440    0.106891    0.156506    0.224518 ^ clkbuf_0_clk/X (sky130_fd_sc_hd__clkbuf_16)
                                                         clknet_0_clk (net)
                      0.107516    0.006605    0.231123 ^ clkbuf_4_5_0_clk/A (sky130_fd_sc_hd__clkbuf_8)
    10    0.065462    0.093069    0.148740    0.379863 ^ clkbuf_4_5_0_clk/X (sky130_fd_sc_hd__clkbuf_8)
                                                         clknet_4_5_0_clk (net)
                      0.093108    0.001568    0.381431 ^ _3136_/CLK (sky130_fd_sc_hd__dfrtp_1)
                                  0.500000    0.881431   clock uncertainty
                                  0.000000    0.881431   clock reconvergence pessimism
                                 -0.018648    0.862782   library hold time
                                              0.862782   data required time
---------------------------------------------------------------------------------------------
                                              0.862782   data required time
                                             -1.228068   data arrival time
---------------------------------------------------------------------------------------------
                                              0.365286   slack (MET)


Startpoint: _3160_ (rising edge-triggered flip-flop clocked by clk)
Endpoint: _3055_ (rising edge-triggered flip-flop clocked by clk)
Path Group: clk
Path Type: min

Fanout         Cap        Slew       Delay        Time   Description
---------------------------------------------------------------------------------------------
                                  0.000000    0.000000   clock clk (rise edge)
                                  0.000000    0.000000   clock source latency
     1    0.027726    0.097508    0.068012    0.068012 ^ clk (in)
                                                         clk (net)
                      0.097648    0.000000    0.068012 ^ clkbuf_0_clk/A (sky130_fd_sc_hd__clkbuf_16)
    16    0.123440    0.106891    0.156506    0.224518 ^ clkbuf_0_clk/X (sky130_fd_sc_hd__clkbuf_16)
                                                         clknet_0_clk (net)
                      0.107887    0.008261    0.232779 ^ clkbuf_4_3_0_clk/A (sky130_fd_sc_hd__clkbuf_8)
    11    0.061023    0.087580    0.145026    0.377806 ^ clkbuf_4_3_0_clk/X (sky130_fd_sc_hd__clkbuf_8)
                                                         clknet_4_3_0_clk (net)
                      0.087710    0.002246    0.380051 ^ _3160_/CLK (sky130_fd_sc_hd__dfrtp_4)
    11    0.075681    0.169346    0.362144    0.742195 ^ _3160_/Q (sky130_fd_sc_hd__dfrtp_4)
                                                         my_sum_sub.state[2] (net)
                      0.174912    0.024178    0.766374 ^ _2314_/S (sky130_fd_sc_hd__mux2_1)
     1    0.002905    0.029446    0.101653    0.868027 ^ _2314_/X (sky130_fd_sc_hd__mux2_1)
                                                         _0314_ (net)
                      0.029446    0.000181    0.868208 ^ hold233/A (sky130_fd_sc_hd__dlygate4sd3_1)
     1    0.002303    0.034368    0.367223    1.235430 ^ hold233/X (sky130_fd_sc_hd__dlygate4sd3_1)
                                                         net238 (net)
                      0.034368    0.000167    1.235597 ^ _3055_/D (sky130_fd_sc_hd__dfrtp_1)
                                              1.235597   data arrival time

                                  0.000000    0.000000   clock clk (rise edge)
                                  0.000000    0.000000   clock source latency
     1    0.027726    0.097508    0.068012    0.068012 ^ clk (in)
                                                         clk (net)
                      0.097648    0.000000    0.068012 ^ clkbuf_0_clk/A (sky130_fd_sc_hd__clkbuf_16)
    16    0.123440    0.106891    0.156506    0.224518 ^ clkbuf_0_clk/X (sky130_fd_sc_hd__clkbuf_16)
                                                         clknet_0_clk (net)
                      0.108049    0.008885    0.233404 ^ clkbuf_4_13_0_clk/A (sky130_fd_sc_hd__clkbuf_8)
    10    0.066136    0.093930    0.148856    0.382260 ^ clkbuf_4_13_0_clk/X (sky130_fd_sc_hd__clkbuf_8)
                                                         clknet_4_13_0_clk (net)
                      0.094402    0.005359    0.387619 ^ _3055_/CLK (sky130_fd_sc_hd__dfrtp_1)
                                  0.500000    0.887619   clock uncertainty
                                  0.000000    0.887619   clock reconvergence pessimism
                                 -0.018365    0.869253   library hold time
                                              0.869253   data required time
---------------------------------------------------------------------------------------------
                                              0.869253   data required time
                                             -1.235597   data arrival time
---------------------------------------------------------------------------------------------
                                              0.366344   slack (MET)


Startpoint: _3160_ (rising edge-triggered flip-flop clocked by clk)
Endpoint: _3057_ (rising edge-triggered flip-flop clocked by clk)
Path Group: clk
Path Type: min

Fanout         Cap        Slew       Delay        Time   Description
---------------------------------------------------------------------------------------------
                                  0.000000    0.000000   clock clk (rise edge)
                                  0.000000    0.000000   clock source latency
     1    0.027726    0.097508    0.068012    0.068012 ^ clk (in)
                                                         clk (net)
                      0.097648    0.000000    0.068012 ^ clkbuf_0_clk/A (sky130_fd_sc_hd__clkbuf_16)
    16    0.123440    0.106891    0.156506    0.224518 ^ clkbuf_0_clk/X (sky130_fd_sc_hd__clkbuf_16)
                                                         clknet_0_clk (net)
                      0.107887    0.008261    0.232779 ^ clkbuf_4_3_0_clk/A (sky130_fd_sc_hd__clkbuf_8)
    11    0.061023    0.087580    0.145026    0.377806 ^ clkbuf_4_3_0_clk/X (sky130_fd_sc_hd__clkbuf_8)
                                                         clknet_4_3_0_clk (net)
                      0.087710    0.002246    0.380051 ^ _3160_/CLK (sky130_fd_sc_hd__dfrtp_4)
    11    0.075681    0.169346    0.362144    0.742195 ^ _3160_/Q (sky130_fd_sc_hd__dfrtp_4)
                                                         my_sum_sub.state[2] (net)
                      0.170127    0.009521    0.751717 ^ _2285_/S (sky130_fd_sc_hd__mux2_1)
     1    0.002955    0.029571    0.101495    0.853211 ^ _2285_/X (sky130_fd_sc_hd__mux2_1)
                                                         _0316_ (net)
                      0.029572    0.000188    0.853399 ^ hold265/A (sky130_fd_sc_hd__dlygate4sd3_1)
     1    0.003439    0.041927    0.374507    1.227906 ^ hold265/X (sky130_fd_sc_hd__dlygate4sd3_1)
                                                         net270 (net)
                      0.041927    0.000238    1.228144 ^ _3057_/D (sky130_fd_sc_hd__dfrtp_4)
                                              1.228144   data arrival time

                                  0.000000    0.000000   clock clk (rise edge)
                                  0.000000    0.000000   clock source latency
     1    0.027726    0.097508    0.068012    0.068012 ^ clk (in)
                                                         clk (net)
                      0.097648    0.000000    0.068012 ^ clkbuf_0_clk/A (sky130_fd_sc_hd__clkbuf_16)
    16    0.123440    0.106891    0.156506    0.224518 ^ clkbuf_0_clk/X (sky130_fd_sc_hd__clkbuf_16)
                                                         clknet_0_clk (net)
                      0.107621    0.007111    0.231630 ^ clkbuf_4_9_0_clk/A (sky130_fd_sc_hd__clkbuf_8)
     7    0.060949    0.087547    0.144483    0.376113 ^ clkbuf_4_9_0_clk/X (sky130_fd_sc_hd__clkbuf_8)
                                                         clknet_4_9_0_clk (net)
                      0.087797    0.003784    0.379897 ^ _3057_/CLK (sky130_fd_sc_hd__dfrtp_4)
                                  0.500000    0.879897   clock uncertainty
                                  0.000000    0.879897   clock reconvergence pessimism
                                 -0.019106    0.860791   library hold time
                                              0.860791   data required time
---------------------------------------------------------------------------------------------
                                              0.860791   data required time
                                             -1.228144   data arrival time
---------------------------------------------------------------------------------------------
                                              0.367353   slack (MET)


Startpoint: _3157_ (rising edge-triggered flip-flop clocked by clk)
Endpoint: _3147_ (rising edge-triggered flip-flop clocked by clk)
Path Group: clk
Path Type: min

Fanout         Cap        Slew       Delay        Time   Description
---------------------------------------------------------------------------------------------
                                  0.000000    0.000000   clock clk (rise edge)
                                  0.000000    0.000000   clock source latency
     1    0.027726    0.097508    0.068012    0.068012 ^ clk (in)
                                                         clk (net)
                      0.097648    0.000000    0.068012 ^ clkbuf_0_clk/A (sky130_fd_sc_hd__clkbuf_16)
    16    0.123440    0.106891    0.156506    0.224518 ^ clkbuf_0_clk/X (sky130_fd_sc_hd__clkbuf_16)
                                                         clknet_0_clk (net)
                      0.108113    0.009124    0.233642 ^ clkbuf_4_0_0_clk/A (sky130_fd_sc_hd__clkbuf_8)
    24    0.079899    0.110840    0.159315    0.392957 ^ clkbuf_4_0_0_clk/X (sky130_fd_sc_hd__clkbuf_8)
                                                         clknet_4_0_0_clk (net)
                      0.111214    0.005290    0.398246 ^ _3157_/CLK (sky130_fd_sc_hd__dfrtp_1)
     4    0.015194    0.106566    0.277385    0.675631 ^ _3157_/Q (sky130_fd_sc_hd__dfrtp_1)
                                                         state[5] (net)
                      0.106574    0.000998    0.676629 ^ _1528_/A1_N (sky130_fd_sc_hd__a2bb2o_1)
     1    0.002630    0.026741    0.129622    0.806251 v _1528_/X (sky130_fd_sc_hd__a2bb2o_1)
                                                         _1078_ (net)
                      0.026754    0.000194    0.806445 v _1529_/B2 (sky130_fd_sc_hd__a22o_1)
     1    0.001883    0.020035    0.085540    0.891985 v _1529_/X (sky130_fd_sc_hd__a22o_1)
                                                         _0243_ (net)
                      0.020035    0.000135    0.892120 v hold142/A (sky130_fd_sc_hd__dlygate4sd3_1)
     1    0.002649    0.037470    0.355058    1.247177 v hold142/X (sky130_fd_sc_hd__dlygate4sd3_1)
                                                         net147 (net)
                      0.037470    0.000187    1.247364 v _3147_/D (sky130_fd_sc_hd__dfrtp_1)
                                              1.247364   data arrival time

                                  0.000000    0.000000   clock clk (rise edge)
                                  0.000000    0.000000   clock source latency
     1    0.027726    0.097508    0.068012    0.068012 ^ clk (in)
                                                         clk (net)
                      0.097648    0.000000    0.068012 ^ clkbuf_0_clk/A (sky130_fd_sc_hd__clkbuf_16)
    16    0.123440    0.106891    0.156506    0.224518 ^ clkbuf_0_clk/X (sky130_fd_sc_hd__clkbuf_16)
                                                         clknet_0_clk (net)
                      0.108113    0.009124    0.233642 ^ clkbuf_4_0_0_clk/A (sky130_fd_sc_hd__clkbuf_8)
    24    0.079899    0.110840    0.159315    0.392957 ^ clkbuf_4_0_0_clk/X (sky130_fd_sc_hd__clkbuf_8)
                                                         clknet_4_0_0_clk (net)
                      0.111537    0.007126    0.400083 ^ _3147_/CLK (sky130_fd_sc_hd__dfrtp_1)
                                  0.500000    0.900083   clock uncertainty
                                  0.000000    0.900083   clock reconvergence pessimism
                                 -0.026237    0.873846   library hold time
                                              0.873846   data required time
---------------------------------------------------------------------------------------------
                                              0.873846   data required time
                                             -1.247364   data arrival time
---------------------------------------------------------------------------------------------
                                              0.373519   slack (MET)


Startpoint: _3086_ (rising edge-triggered flip-flop clocked by clk)
Endpoint: _3033_ (rising edge-triggered flip-flop clocked by clk)
Path Group: clk
Path Type: min

Fanout         Cap        Slew       Delay        Time   Description
---------------------------------------------------------------------------------------------
                                  0.000000    0.000000   clock clk (rise edge)
                                  0.000000    0.000000   clock source latency
     1    0.027726    0.097508    0.068012    0.068012 ^ clk (in)
                                                         clk (net)
                      0.097648    0.000000    0.068012 ^ clkbuf_0_clk/A (sky130_fd_sc_hd__clkbuf_16)
    16    0.123440    0.106891    0.156506    0.224518 ^ clkbuf_0_clk/X (sky130_fd_sc_hd__clkbuf_16)
                                                         clknet_0_clk (net)
                      0.107447    0.006247    0.230765 ^ clkbuf_4_6_0_clk/A (sky130_fd_sc_hd__clkbuf_8)
    12    0.060120    0.086529    0.143690    0.374455 ^ clkbuf_4_6_0_clk/X (sky130_fd_sc_hd__clkbuf_8)
                                                         clknet_4_6_0_clk (net)
                      0.086721    0.003302    0.377757 ^ _3086_/CLK (sky130_fd_sc_hd__dfrtp_4)
     9    0.054498    0.128692    0.337965    0.715722 ^ _3086_/Q (sky130_fd_sc_hd__dfrtp_4)
                                                         acc_reg[7] (net)
                      0.129827    0.009174    0.724897 ^ _2396_/A (sky130_fd_sc_hd__and2_1)
     1    0.003380    0.037762    0.090467    0.815363 ^ _2396_/X (sky130_fd_sc_hd__and2_1)
                                                         _0696_ (net)
                      0.037762    0.000234    0.815598 ^ _2397_/C1 (sky130_fd_sc_hd__a221o_1)
     1    0.003903    0.035428    0.063432    0.879030 ^ _2397_/X (sky130_fd_sc_hd__a221o_1)
                                                         _0292_ (net)
                      0.035429    0.000253    0.879283 ^ hold106/A (sky130_fd_sc_hd__dlygate4sd3_1)
     1    0.002619    0.036172    0.370520    1.249803 ^ hold106/X (sky130_fd_sc_hd__dlygate4sd3_1)
                                                         net111 (net)
                      0.036172    0.000193    1.249996 ^ _3033_/D (sky130_fd_sc_hd__dfrtp_1)
                                              1.249996   data arrival time

                                  0.000000    0.000000   clock clk (rise edge)
                                  0.000000    0.000000   clock source latency
     1    0.027726    0.097508    0.068012    0.068012 ^ clk (in)
                                                         clk (net)
                      0.097648    0.000000    0.068012 ^ clkbuf_0_clk/A (sky130_fd_sc_hd__clkbuf_16)
    16    0.123440    0.106891    0.156506    0.224518 ^ clkbuf_0_clk/X (sky130_fd_sc_hd__clkbuf_16)
                                                         clknet_0_clk (net)
                      0.108029    0.008811    0.233329 ^ clkbuf_4_14_0_clk/A (sky130_fd_sc_hd__clkbuf_8)
    11    0.072025    0.101070    0.155032    0.388361 ^ clkbuf_4_14_0_clk/X (sky130_fd_sc_hd__clkbuf_8)
                                                         clknet_4_14_0_clk (net)
                      0.101251    0.003022    0.391383 ^ _3033_/CLK (sky130_fd_sc_hd__dfrtp_1)
                                  0.500000    0.891383   clock uncertainty
                                  0.000000    0.891383   clock reconvergence pessimism
                                 -0.018318    0.873065   library hold time
                                              0.873065   data required time
---------------------------------------------------------------------------------------------
                                              0.873065   data required time
                                             -1.249996   data arrival time
---------------------------------------------------------------------------------------------
                                              0.376931   slack (MET)


Startpoint: _3098_ (rising edge-triggered flip-flop clocked by clk)
Endpoint: _3098_ (rising edge-triggered flip-flop clocked by clk)
Path Group: clk
Path Type: min

Fanout         Cap        Slew       Delay        Time   Description
---------------------------------------------------------------------------------------------
                                  0.000000    0.000000   clock clk (rise edge)
                                  0.000000    0.000000   clock source latency
     1    0.027726    0.097508    0.068012    0.068012 ^ clk (in)
                                                         clk (net)
                      0.097648    0.000000    0.068012 ^ clkbuf_0_clk/A (sky130_fd_sc_hd__clkbuf_16)
    16    0.123440    0.106891    0.156506    0.224518 ^ clkbuf_0_clk/X (sky130_fd_sc_hd__clkbuf_16)
                                                         clknet_0_clk (net)
                      0.107573    0.006887    0.231405 ^ clkbuf_4_7_0_clk/A (sky130_fd_sc_hd__clkbuf_8)
    17    0.071778    0.100846    0.153065    0.384470 ^ clkbuf_4_7_0_clk/X (sky130_fd_sc_hd__clkbuf_8)
                                                         clknet_4_7_0_clk (net)
                      0.101605    0.007024    0.391494 ^ _3098_/CLK (sky130_fd_sc_hd__dfrtp_4)
    20    0.090515    0.197943    0.391877    0.783371 ^ _3098_/Q (sky130_fd_sc_hd__dfrtp_4)
                                                         my_mul.x2[3] (net)
                      0.197979    0.002265    0.785636 ^ _2136_/A1 (sky130_fd_sc_hd__mux2_1)
     1    0.002637    0.027949    0.098809    0.884445 ^ _2136_/X (sky130_fd_sc_hd__mux2_1)
                                                         _0357_ (net)
                      0.027949    0.000171    0.884616 ^ hold167/A (sky130_fd_sc_hd__dlygate4sd3_1)
     1    0.002686    0.036564    0.369343    1.253958 ^ hold167/X (sky130_fd_sc_hd__dlygate4sd3_1)
                                                         net172 (net)
                      0.036564    0.000196    1.254155 ^ _3098_/D (sky130_fd_sc_hd__dfrtp_4)
                                              1.254155   data arrival time

                                  0.000000    0.000000   clock clk (rise edge)
                                  0.000000    0.000000   clock source latency
     1    0.027726    0.097508    0.068012    0.068012 ^ clk (in)
                                                         clk (net)
                      0.097648    0.000000    0.068012 ^ clkbuf_0_clk/A (sky130_fd_sc_hd__clkbuf_16)
    16    0.123440    0.106891    0.156506    0.224518 ^ clkbuf_0_clk/X (sky130_fd_sc_hd__clkbuf_16)
                                                         clknet_0_clk (net)
                      0.107573    0.006887    0.231405 ^ clkbuf_4_7_0_clk/A (sky130_fd_sc_hd__clkbuf_8)
    17    0.071778    0.100846    0.153065    0.384470 ^ clkbuf_4_7_0_clk/X (sky130_fd_sc_hd__clkbuf_8)
                                                         clknet_4_7_0_clk (net)
                      0.101605    0.007024    0.391494 ^ _3098_/CLK (sky130_fd_sc_hd__dfrtp_4)
                                  0.500000    0.891494   clock uncertainty
                                  0.000000    0.891494   clock reconvergence pessimism
                                 -0.018338    0.873156   library hold time
                                              0.873156   data required time
---------------------------------------------------------------------------------------------
                                              0.873156   data required time
                                             -1.254155   data arrival time
---------------------------------------------------------------------------------------------
                                              0.380999   slack (MET)


Startpoint: _3001_ (rising edge-triggered flip-flop clocked by clk)
Endpoint: _3002_ (rising edge-triggered flip-flop clocked by clk)
Path Group: clk
Path Type: min

Fanout         Cap        Slew       Delay        Time   Description
---------------------------------------------------------------------------------------------
                                  0.000000    0.000000   clock clk (rise edge)
                                  0.000000    0.000000   clock source latency
     1    0.027726    0.097508    0.068012    0.068012 ^ clk (in)
                                                         clk (net)
                      0.097648    0.000000    0.068012 ^ clkbuf_0_clk/A (sky130_fd_sc_hd__clkbuf_16)
    16    0.123440    0.106891    0.156506    0.224518 ^ clkbuf_0_clk/X (sky130_fd_sc_hd__clkbuf_16)
                                                         clknet_0_clk (net)
                      0.107739    0.007645    0.232164 ^ clkbuf_4_8_0_clk/A (sky130_fd_sc_hd__clkbuf_8)
     9    0.054386    0.079495    0.138868    0.371032 ^ clkbuf_4_8_0_clk/X (sky130_fd_sc_hd__clkbuf_8)
                                                         clknet_4_8_0_clk (net)
                      0.079717    0.003378    0.374409 ^ _3001_/CLK (sky130_fd_sc_hd__dfrtp_1)
     3    0.008447    0.065089    0.238182    0.612591 ^ _3001_/Q (sky130_fd_sc_hd__dfrtp_1)
                                                         my_divider.remainder_reg[0] (net)
                      0.065090    0.000441    0.613032 ^ _2762_/B1 (sky130_fd_sc_hd__a21oi_1)
     1    0.002372    0.021808    0.023298    0.636330 v _2762_/Y (sky130_fd_sc_hd__a21oi_1)
                                                         _1030_ (net)
                      0.021808    0.000170    0.636500 v _2764_/A1_N (sky130_fd_sc_hd__a2bb2o_1)
     1    0.003936    0.038043    0.156112    0.792612 ^ _2764_/X (sky130_fd_sc_hd__a2bb2o_1)
                                                         _1032_ (net)
                      0.038045    0.000283    0.792895 ^ _2765_/A1 (sky130_fd_sc_hd__mux2_1)
     1    0.002994    0.029952    0.075677    0.868571 ^ _2765_/X (sky130_fd_sc_hd__mux2_1)
                                                         _0261_ (net)
                      0.029970    0.000186    0.868758 ^ hold134/A (sky130_fd_sc_hd__dlygate4sd3_1)
     1    0.002570    0.035889    0.369045    1.237803 ^ hold134/X (sky130_fd_sc_hd__dlygate4sd3_1)
                                                         net139 (net)
                      0.035889    0.000177    1.237980 ^ _3002_/D (sky130_fd_sc_hd__dfrtp_1)
                                              1.237980   data arrival time

                                  0.000000    0.000000   clock clk (rise edge)
                                  0.000000    0.000000   clock source latency
     1    0.027726    0.097508    0.068012    0.068012 ^ clk (in)
                                                         clk (net)
                      0.097648    0.000000    0.068012 ^ clkbuf_0_clk/A (sky130_fd_sc_hd__clkbuf_16)
    16    0.123440    0.106891    0.156506    0.224518 ^ clkbuf_0_clk/X (sky130_fd_sc_hd__clkbuf_16)
                                                         clknet_0_clk (net)
                      0.107739    0.007645    0.232164 ^ clkbuf_4_8_0_clk/A (sky130_fd_sc_hd__clkbuf_8)
     9    0.054386    0.079495    0.138868    0.371032 ^ clkbuf_4_8_0_clk/X (sky130_fd_sc_hd__clkbuf_8)
                                                         clknet_4_8_0_clk (net)
                      0.079726    0.003448    0.374480 ^ _3002_/CLK (sky130_fd_sc_hd__dfrtp_1)
                                  0.500000    0.874480   clock uncertainty
                                  0.000000    0.874480   clock reconvergence pessimism
                                 -0.018868    0.855612   library hold time
                                              0.855612   data required time
---------------------------------------------------------------------------------------------
                                              0.855612   data required time
                                             -1.237980   data arrival time
---------------------------------------------------------------------------------------------
                                              0.382369   slack (MET)


Startpoint: _3075_ (rising edge-triggered flip-flop clocked by clk)
Endpoint: _3029_ (rising edge-triggered flip-flop clocked by clk)
Path Group: clk
Path Type: min

Fanout         Cap        Slew       Delay        Time   Description
---------------------------------------------------------------------------------------------
                                  0.000000    0.000000   clock clk (rise edge)
                                  0.000000    0.000000   clock source latency
     1    0.027726    0.097508    0.068012    0.068012 ^ clk (in)
                                                         clk (net)
                      0.097648    0.000000    0.068012 ^ clkbuf_0_clk/A (sky130_fd_sc_hd__clkbuf_16)
    16    0.123440    0.106891    0.156506    0.224518 ^ clkbuf_0_clk/X (sky130_fd_sc_hd__clkbuf_16)
                                                         clknet_0_clk (net)
                      0.107846    0.008092    0.232611 ^ clkbuf_4_11_0_clk/A (sky130_fd_sc_hd__clkbuf_8)
    13    0.060092    0.086421    0.144482    0.377093 ^ clkbuf_4_11_0_clk/X (sky130_fd_sc_hd__clkbuf_8)
                                                         clknet_4_11_0_clk (net)
                      0.086608    0.002874    0.379967 ^ _3075_/CLK (sky130_fd_sc_hd__dfrtp_1)
     4    0.014595    0.102868    0.268164    0.648131 ^ _3075_/Q (sky130_fd_sc_hd__dfrtp_1)
                                                         my_sum_sub.cm_exp[5] (net)
                      0.102875    0.000962    0.649093 ^ _2613_/A1 (sky130_fd_sc_hd__o22a_1)
     3    0.012401    0.091899    0.132973    0.782066 ^ _2613_/X (sky130_fd_sc_hd__o22a_1)
                                                         _0912_ (net)
                      0.091918    0.001088    0.783154 ^ _2663_/B1 (sky130_fd_sc_hd__a22o_1)
     1    0.005225    0.045916    0.086326    0.869480 ^ _2663_/X (sky130_fd_sc_hd__a22o_1)
                                                         _0288_ (net)
                      0.045918    0.000352    0.869832 ^ hold157/A (sky130_fd_sc_hd__dlygate4sd3_1)
     1    0.002803    0.037309    0.373952    1.243783 ^ hold157/X (sky130_fd_sc_hd__dlygate4sd3_1)
                                                         net162 (net)
                      0.037309    0.000195    1.243978 ^ _3029_/D (sky130_fd_sc_hd__dfrtp_1)
                                              1.243978   data arrival time

                                  0.000000    0.000000   clock clk (rise edge)
                                  0.000000    0.000000   clock source latency
     1    0.027726    0.097508    0.068012    0.068012 ^ clk (in)
                                                         clk (net)
                      0.097648    0.000000    0.068012 ^ clkbuf_0_clk/A (sky130_fd_sc_hd__clkbuf_16)
    16    0.123440    0.106891    0.156506    0.224518 ^ clkbuf_0_clk/X (sky130_fd_sc_hd__clkbuf_16)
                                                         clknet_0_clk (net)
                      0.107846    0.008092    0.232611 ^ clkbuf_4_11_0_clk/A (sky130_fd_sc_hd__clkbuf_8)
    13    0.060092    0.086421    0.144482    0.377093 ^ clkbuf_4_11_0_clk/X (sky130_fd_sc_hd__clkbuf_8)
                                                         clknet_4_11_0_clk (net)
                      0.086573    0.002515    0.379608 ^ _3029_/CLK (sky130_fd_sc_hd__dfrtp_1)
                                  0.500000    0.879608   clock uncertainty
                                  0.000000    0.879608   clock reconvergence pessimism
                                 -0.018793    0.860815   library hold time
                                              0.860815   data required time
---------------------------------------------------------------------------------------------
                                              0.860815   data required time
                                             -1.243978   data arrival time
---------------------------------------------------------------------------------------------
                                              0.383162   slack (MET)


Startpoint: _3086_ (rising edge-triggered flip-flop clocked by clk)
Endpoint: _3134_ (rising edge-triggered flip-flop clocked by clk)
Path Group: clk
Path Type: min

Fanout         Cap        Slew       Delay        Time   Description
---------------------------------------------------------------------------------------------
                                  0.000000    0.000000   clock clk (rise edge)
                                  0.000000    0.000000   clock source latency
     1    0.027726    0.097508    0.068012    0.068012 ^ clk (in)
                                                         clk (net)
                      0.097648    0.000000    0.068012 ^ clkbuf_0_clk/A (sky130_fd_sc_hd__clkbuf_16)
    16    0.123440    0.106891    0.156506    0.224518 ^ clkbuf_0_clk/X (sky130_fd_sc_hd__clkbuf_16)
                                                         clknet_0_clk (net)
                      0.107447    0.006247    0.230765 ^ clkbuf_4_6_0_clk/A (sky130_fd_sc_hd__clkbuf_8)
    12    0.060120    0.086529    0.143690    0.374455 ^ clkbuf_4_6_0_clk/X (sky130_fd_sc_hd__clkbuf_8)
                                                         clknet_4_6_0_clk (net)
                      0.086721    0.003302    0.377757 ^ _3086_/CLK (sky130_fd_sc_hd__dfrtp_4)
     9    0.054498    0.128692    0.337965    0.715722 ^ _3086_/Q (sky130_fd_sc_hd__dfrtp_4)
                                                         acc_reg[7] (net)
                      0.128846    0.001613    0.717335 ^ _2055_/B2 (sky130_fd_sc_hd__a221o_1)
     1    0.004245    0.039236    0.099715    0.817050 ^ _2055_/X (sky130_fd_sc_hd__a221o_1)
                                                         _0457_ (net)
                      0.039237    0.000285    0.817336 ^ _2056_/B2 (sky130_fd_sc_hd__o22a_1)
     1    0.002846    0.028063    0.057410    0.874746 ^ _2056_/X (sky130_fd_sc_hd__o22a_1)
                                                         _0230_ (net)
                      0.028064    0.000184    0.874930 ^ hold47/A (sky130_fd_sc_hd__dlygate4sd3_1)
     1    0.003728    0.043850    0.376049    1.250978 ^ hold47/X (sky130_fd_sc_hd__dlygate4sd3_1)
                                                         net52 (net)
                      0.043850    0.000152    1.251130 ^ _3134_/D (sky130_fd_sc_hd__dfrtp_1)
                                              1.251130   data arrival time

                                  0.000000    0.000000   clock clk (rise edge)
                                  0.000000    0.000000   clock source latency
     1    0.027726    0.097508    0.068012    0.068012 ^ clk (in)
                                                         clk (net)
                      0.097648    0.000000    0.068012 ^ clkbuf_0_clk/A (sky130_fd_sc_hd__clkbuf_16)
    16    0.123440    0.106891    0.156506    0.224518 ^ clkbuf_0_clk/X (sky130_fd_sc_hd__clkbuf_16)
                                                         clknet_0_clk (net)
                      0.107447    0.006247    0.230765 ^ clkbuf_4_6_0_clk/A (sky130_fd_sc_hd__clkbuf_8)
    12    0.060120    0.086529    0.143690    0.374455 ^ clkbuf_4_6_0_clk/X (sky130_fd_sc_hd__clkbuf_8)
                                                         clknet_4_6_0_clk (net)
                      0.086761    0.003624    0.378078 ^ _3134_/CLK (sky130_fd_sc_hd__dfrtp_1)
                                  0.500000    0.878078   clock uncertainty
                                  0.000000    0.878078   clock reconvergence pessimism
                                 -0.019277    0.858801   library hold time
                                              0.858801   data required time
---------------------------------------------------------------------------------------------
                                              0.858801   data required time
                                             -1.251130   data arrival time
---------------------------------------------------------------------------------------------
                                              0.392329   slack (MET)


Startpoint: _3165_ (rising edge-triggered flip-flop clocked by clk)
Endpoint: _3120_ (rising edge-triggered flip-flop clocked by clk)
Path Group: clk
Path Type: min

Fanout         Cap        Slew       Delay        Time   Description
---------------------------------------------------------------------------------------------
                                  0.000000    0.000000   clock clk (rise edge)
                                  0.000000    0.000000   clock source latency
     1    0.027726    0.097508    0.068012    0.068012 ^ clk (in)
                                                         clk (net)
                      0.097648    0.000000    0.068012 ^ clkbuf_0_clk/A (sky130_fd_sc_hd__clkbuf_16)
    16    0.123440    0.106891    0.156506    0.224518 ^ clkbuf_0_clk/X (sky130_fd_sc_hd__clkbuf_16)
                                                         clknet_0_clk (net)
                      0.108113    0.009124    0.233642 ^ clkbuf_4_0_0_clk/A (sky130_fd_sc_hd__clkbuf_8)
    24    0.079899    0.110840    0.159315    0.392957 ^ clkbuf_4_0_0_clk/X (sky130_fd_sc_hd__clkbuf_8)
                                                         clknet_4_0_0_clk (net)
                      0.112146    0.009638    0.402595 ^ _3165_/CLK (sky130_fd_sc_hd__dfrtp_1)
     2    0.004259    0.032807    0.248783    0.651378 v _3165_/Q (sky130_fd_sc_hd__dfrtp_1)
                                                         sclk_s0 (net)
                      0.032810    0.000268    0.651646 v _2104_/D_N (sky130_fd_sc_hd__or4b_4)
     3    0.019808    0.051346    0.153538    0.805184 ^ _2104_/X (sky130_fd_sc_hd__or4b_4)
                                                         _0498_ (net)
                      0.051465    0.001696    0.806880 ^ _2111_/S (sky130_fd_sc_hd__mux2_1)
     1    0.003643    0.033653    0.086452    0.893332 ^ _2111_/X (sky130_fd_sc_hd__mux2_1)
                                                         _0216_ (net)
                      0.033654    0.000214    0.893546 ^ hold79/A (sky130_fd_sc_hd__dlygate4sd3_1)
     1    0.002864    0.037719    0.371741    1.265288 ^ hold79/X (sky130_fd_sc_hd__dlygate4sd3_1)
                                                         net84 (net)
                      0.037719    0.000122    1.265410 ^ _3120_/D (sky130_fd_sc_hd__dfrtp_1)
                                              1.265410   data arrival time

                                  0.000000    0.000000   clock clk (rise edge)
                                  0.000000    0.000000   clock source latency
     1    0.027726    0.097508    0.068012    0.068012 ^ clk (in)
                                                         clk (net)
                      0.097648    0.000000    0.068012 ^ clkbuf_0_clk/A (sky130_fd_sc_hd__clkbuf_16)
    16    0.123440    0.106891    0.156506    0.224518 ^ clkbuf_0_clk/X (sky130_fd_sc_hd__clkbuf_16)
                                                         clknet_0_clk (net)
                      0.107584    0.006936    0.231454 ^ clkbuf_4_4_0_clk/A (sky130_fd_sc_hd__clkbuf_8)
    11    0.060636    0.087160    0.144351    0.375805 ^ clkbuf_4_4_0_clk/X (sky130_fd_sc_hd__clkbuf_8)
                                                         clknet_4_4_0_clk (net)
                      0.087363    0.003404    0.379209 ^ _3120_/CLK (sky130_fd_sc_hd__dfrtp_1)
                                  0.500000    0.879209   clock uncertainty
                                  0.000000    0.879209   clock reconvergence pessimism
                                 -0.018803    0.860406   library hold time
                                              0.860406   data required time
---------------------------------------------------------------------------------------------
                                              0.860406   data required time
                                             -1.265410   data arrival time
---------------------------------------------------------------------------------------------
                                              0.405003   slack (MET)


Startpoint: _3164_ (rising edge-triggered flip-flop clocked by clk)
Endpoint: _3000_ (rising edge-triggered flip-flop clocked by clk)
Path Group: clk
Path Type: min

Fanout         Cap        Slew       Delay        Time   Description
---------------------------------------------------------------------------------------------
                                  0.000000    0.000000   clock clk (rise edge)
                                  0.000000    0.000000   clock source latency
     1    0.027726    0.097508    0.068012    0.068012 ^ clk (in)
                                                         clk (net)
                      0.097648    0.000000    0.068012 ^ clkbuf_0_clk/A (sky130_fd_sc_hd__clkbuf_16)
    16    0.123440    0.106891    0.156506    0.224518 ^ clkbuf_0_clk/X (sky130_fd_sc_hd__clkbuf_16)
                                                         clknet_0_clk (net)
                      0.108113    0.009124    0.233642 ^ clkbuf_4_0_0_clk/A (sky130_fd_sc_hd__clkbuf_8)
    24    0.079899    0.110840    0.159315    0.392957 ^ clkbuf_4_0_0_clk/X (sky130_fd_sc_hd__clkbuf_8)
                                                         clknet_4_0_0_clk (net)
                      0.111205    0.005229    0.398186 ^ _3164_/CLK (sky130_fd_sc_hd__dfrtp_1)
     2    0.006137    0.038476    0.255366    0.653551 v _3164_/Q (sky130_fd_sc_hd__dfrtp_1)
                                                         div_start (net)
                      0.038476    0.000312    0.653863 v _2770_/B (sky130_fd_sc_hd__nor2_1)
     2    0.007838    0.111779    0.101125    0.754988 ^ _2770_/Y (sky130_fd_sc_hd__nor2_1)
                                                         _1036_ (net)
                      0.111785    0.000681    0.755670 ^ _2771_/A2 (sky130_fd_sc_hd__o21ba_1)
     2    0.005797    0.051480    0.093870    0.849539 ^ _2771_/X (sky130_fd_sc_hd__o21ba_1)
                                                         _1037_ (net)
                      0.051482    0.000335    0.849874 ^ _2772_/A1 (sky130_fd_sc_hd__mux2_1)
     1    0.001956    0.023988    0.074128    0.924002 ^ _2772_/X (sky130_fd_sc_hd__mux2_1)
                                                         _0259_ (net)
                      0.023989    0.000089    0.924092 ^ hold140/A (sky130_fd_sc_hd__dlygate4sd3_1)
     1    0.002673    0.036487    0.368411    1.292502 ^ hold140/X (sky130_fd_sc_hd__dlygate4sd3_1)
                                                         net145 (net)
                      0.036487    0.000195    1.292697 ^ _3000_/D (sky130_fd_sc_hd__dfrtp_1)
                                              1.292697   data arrival time

                                  0.000000    0.000000   clock clk (rise edge)
                                  0.000000    0.000000   clock source latency
     1    0.027726    0.097508    0.068012    0.068012 ^ clk (in)
                                                         clk (net)
                      0.097648    0.000000    0.068012 ^ clkbuf_0_clk/A (sky130_fd_sc_hd__clkbuf_16)
    16    0.123440    0.106891    0.156506    0.224518 ^ clkbuf_0_clk/X (sky130_fd_sc_hd__clkbuf_16)
                                                         clknet_0_clk (net)
                      0.108113    0.009124    0.233642 ^ clkbuf_4_0_0_clk/A (sky130_fd_sc_hd__clkbuf_8)
    24    0.079899    0.110840    0.159315    0.392957 ^ clkbuf_4_0_0_clk/X (sky130_fd_sc_hd__clkbuf_8)
                                                         clknet_4_0_0_clk (net)
                      0.111668    0.007739    0.400695 ^ _3000_/CLK (sky130_fd_sc_hd__dfrtp_1)
                                  0.500000    0.900695   clock uncertainty
                                  0.000000    0.900695   clock reconvergence pessimism
                                 -0.018065    0.882630   library hold time
                                              0.882630   data required time
---------------------------------------------------------------------------------------------
                                              0.882630   data required time
                                             -1.292697   data arrival time
---------------------------------------------------------------------------------------------
                                              0.410067   slack (MET)


Startpoint: _3079_ (rising edge-triggered flip-flop clocked by clk)
Endpoint: _3127_ (rising edge-triggered flip-flop clocked by clk)
Path Group: clk
Path Type: min

Fanout         Cap        Slew       Delay        Time   Description
---------------------------------------------------------------------------------------------
                                  0.000000    0.000000   clock clk (rise edge)
                                  0.000000    0.000000   clock source latency
     1    0.027726    0.097508    0.068012    0.068012 ^ clk (in)
                                                         clk (net)
                      0.097648    0.000000    0.068012 ^ clkbuf_0_clk/A (sky130_fd_sc_hd__clkbuf_16)
    16    0.123440    0.106891    0.156506    0.224518 ^ clkbuf_0_clk/X (sky130_fd_sc_hd__clkbuf_16)
                                                         clknet_0_clk (net)
                      0.107447    0.006247    0.230765 ^ clkbuf_4_6_0_clk/A (sky130_fd_sc_hd__clkbuf_8)
    12    0.060120    0.086529    0.143690    0.374455 ^ clkbuf_4_6_0_clk/X (sky130_fd_sc_hd__clkbuf_8)
                                                         clknet_4_6_0_clk (net)
                      0.086785    0.003800    0.378255 ^ _3079_/CLK (sky130_fd_sc_hd__dfrtp_4)
    17    0.078532    0.174724    0.369489    0.747744 ^ _3079_/Q (sky130_fd_sc_hd__dfrtp_4)
                                                         acc_reg[0] (net)
                      0.174873    0.004296    0.752040 ^ _2102_/B2 (sky130_fd_sc_hd__a221o_1)
     1    0.003442    0.034174    0.098218    0.850258 ^ _2102_/X (sky130_fd_sc_hd__a221o_1)
                                                         _0497_ (net)
                      0.034175    0.000260    0.850518 ^ _2103_/B2 (sky130_fd_sc_hd__o22a_1)
     1    0.001942    0.022470    0.051635    0.902154 ^ _2103_/X (sky130_fd_sc_hd__o22a_1)
                                                         _0223_ (net)
                      0.022470    0.000089    0.902243 ^ hold217/A (sky130_fd_sc_hd__dlygate4sd3_1)
     1    0.003089    0.039618    0.370734    1.272977 ^ hold217/X (sky130_fd_sc_hd__dlygate4sd3_1)
                                                         net222 (net)
                      0.039618    0.000209    1.273186 ^ _3127_/D (sky130_fd_sc_hd__dfrtp_1)
                                              1.273186   data arrival time

                                  0.000000    0.000000   clock clk (rise edge)
                                  0.000000    0.000000   clock source latency
     1    0.027726    0.097508    0.068012    0.068012 ^ clk (in)
                                                         clk (net)
                      0.097648    0.000000    0.068012 ^ clkbuf_0_clk/A (sky130_fd_sc_hd__clkbuf_16)
    16    0.123440    0.106891    0.156506    0.224518 ^ clkbuf_0_clk/X (sky130_fd_sc_hd__clkbuf_16)
                                                         clknet_0_clk (net)
                      0.107447    0.006247    0.230765 ^ clkbuf_4_6_0_clk/A (sky130_fd_sc_hd__clkbuf_8)
    12    0.060120    0.086529    0.143690    0.374455 ^ clkbuf_4_6_0_clk/X (sky130_fd_sc_hd__clkbuf_8)
                                                         clknet_4_6_0_clk (net)
                      0.086775    0.003724    0.378179 ^ _3127_/CLK (sky130_fd_sc_hd__dfrtp_1)
                                  0.500000    0.878179   clock uncertainty
                                  0.000000    0.878179   clock reconvergence pessimism
                                 -0.018960    0.859219   library hold time
                                              0.859219   data required time
---------------------------------------------------------------------------------------------
                                              0.859219   data required time
                                             -1.273186   data arrival time
---------------------------------------------------------------------------------------------
                                              0.413968   slack (MET)


Startpoint: _3083_ (rising edge-triggered flip-flop clocked by clk)
Endpoint: _3005_ (rising edge-triggered flip-flop clocked by clk)
Path Group: clk
Path Type: min

Fanout         Cap        Slew       Delay        Time   Description
---------------------------------------------------------------------------------------------
                                  0.000000    0.000000   clock clk (rise edge)
                                  0.000000    0.000000   clock source latency
     1    0.027726    0.097508    0.068012    0.068012 ^ clk (in)
                                                         clk (net)
                      0.097648    0.000000    0.068012 ^ clkbuf_0_clk/A (sky130_fd_sc_hd__clkbuf_16)
    16    0.123440    0.106891    0.156506    0.224518 ^ clkbuf_0_clk/X (sky130_fd_sc_hd__clkbuf_16)
                                                         clknet_0_clk (net)
                      0.107516    0.006605    0.231123 ^ clkbuf_4_5_0_clk/A (sky130_fd_sc_hd__clkbuf_8)
    10    0.065462    0.093069    0.148740    0.379863 ^ clkbuf_4_5_0_clk/X (sky130_fd_sc_hd__clkbuf_8)
                                                         clknet_4_5_0_clk (net)
                      0.093298    0.003735    0.383598 ^ _3083_/CLK (sky130_fd_sc_hd__dfrtp_4)
    23    0.125805    0.269630    0.438835    0.822433 ^ _3083_/Q (sky130_fd_sc_hd__dfrtp_4)
                                                         acc_reg[4] (net)
                      0.270064    0.008965    0.831398 ^ _2751_/A1 (sky130_fd_sc_hd__a31o_1)
     1    0.002430    0.024824    0.092860    0.924258 ^ _2751_/X (sky130_fd_sc_hd__a31o_1)
                                                         _0264_ (net)
                      0.024825    0.000178    0.924436 ^ hold285/A (sky130_fd_sc_hd__dlygate4sd3_1)
     1    0.002552    0.035780    0.367821    1.292257 ^ hold285/X (sky130_fd_sc_hd__dlygate4sd3_1)
                                                         net290 (net)
                      0.035780    0.000177    1.292434 ^ _3005_/D (sky130_fd_sc_hd__dfrtp_1)
                                              1.292434   data arrival time

                                  0.000000    0.000000   clock clk (rise edge)
                                  0.000000    0.000000   clock source latency
     1    0.027726    0.097508    0.068012    0.068012 ^ clk (in)
                                                         clk (net)
                      0.097648    0.000000    0.068012 ^ clkbuf_0_clk/A (sky130_fd_sc_hd__clkbuf_16)
    16    0.123440    0.106891    0.156506    0.224518 ^ clkbuf_0_clk/X (sky130_fd_sc_hd__clkbuf_16)
                                                         clknet_0_clk (net)
                      0.108012    0.008748    0.233267 ^ clkbuf_4_2_0_clk/A (sky130_fd_sc_hd__clkbuf_8)
    18    0.074804    0.104565    0.155121    0.388388 ^ clkbuf_4_2_0_clk/X (sky130_fd_sc_hd__clkbuf_8)
                                                         clknet_4_2_0_clk (net)
                      0.105498    0.007936    0.396324 ^ _3005_/CLK (sky130_fd_sc_hd__dfrtp_1)
                                  0.500000    0.896324   clock uncertainty
                                  0.000000    0.896324   clock reconvergence pessimism
                                 -0.018176    0.878147   library hold time
                                              0.878147   data required time
---------------------------------------------------------------------------------------------
                                              0.878147   data required time
                                             -1.292434   data arrival time
---------------------------------------------------------------------------------------------
                                              0.414287   slack (MET)


Startpoint: _3149_ (rising edge-triggered flip-flop clocked by clk)
Endpoint: _3163_ (rising edge-triggered flip-flop clocked by clk)
Path Group: clk
Path Type: min

Fanout         Cap        Slew       Delay        Time   Description
---------------------------------------------------------------------------------------------
                                  0.000000    0.000000   clock clk (rise edge)
                                  0.000000    0.000000   clock source latency
     1    0.027726    0.097508    0.068012    0.068012 ^ clk (in)
                                                         clk (net)
                      0.097648    0.000000    0.068012 ^ clkbuf_0_clk/A (sky130_fd_sc_hd__clkbuf_16)
    16    0.123440    0.106891    0.156506    0.224518 ^ clkbuf_0_clk/X (sky130_fd_sc_hd__clkbuf_16)
                                                         clknet_0_clk (net)
                      0.108138    0.009211    0.233730 ^ clkbuf_4_1_0_clk/A (sky130_fd_sc_hd__clkbuf_8)
    16    0.072521    0.101778    0.154075    0.387805 ^ clkbuf_4_1_0_clk/X (sky130_fd_sc_hd__clkbuf_8)
                                                         clknet_4_1_0_clk (net)
                      0.102168    0.005115    0.392919 ^ _3149_/CLK (sky130_fd_sc_hd__dfrtp_1)
     3    0.009567    0.071906    0.249457    0.642377 ^ _3149_/Q (sky130_fd_sc_hd__dfrtp_1)
                                                         op_reg[1] (net)
                      0.071906    0.000347    0.642724 ^ _1539_/C (sky130_fd_sc_hd__or4b_4)
     5    0.032444    0.077281    0.126221    0.768945 ^ _1539_/X (sky130_fd_sc_hd__or4b_4)
                                                         _1084_ (net)
                      0.077353    0.001310    0.770254 ^ _2788_/B (sky130_fd_sc_hd__nor2_1)
     2    0.008570    0.038917    0.044829    0.815084 v _2788_/Y (sky130_fd_sc_hd__nor2_1)
                                                         _1040_ (net)
                      0.038927    0.000475    0.815558 v _2803_/B (sky130_fd_sc_hd__and2_1)
     1    0.003748    0.026771    0.101734    0.917293 v _2803_/X (sky130_fd_sc_hd__and2_1)
                                                         _0001_ (net)
                      0.026771    0.000229    0.917522 v hold178/A (sky130_fd_sc_hd__dlygate4sd3_1)
     1    0.003198    0.039909    0.360645    1.278167 v hold178/X (sky130_fd_sc_hd__dlygate4sd3_1)
                                                         net183 (net)
                      0.039909    0.000208    1.278376 v _3163_/D (sky130_fd_sc_hd__dfrtp_1)
                                              1.278376   data arrival time

                                  0.000000    0.000000   clock clk (rise edge)
                                  0.000000    0.000000   clock source latency
     1    0.027726    0.097508    0.068012    0.068012 ^ clk (in)
                                                         clk (net)
                      0.097648    0.000000    0.068012 ^ clkbuf_0_clk/A (sky130_fd_sc_hd__clkbuf_16)
    16    0.123440    0.106891    0.156506    0.224518 ^ clkbuf_0_clk/X (sky130_fd_sc_hd__clkbuf_16)
                                                         clknet_0_clk (net)
                      0.108138    0.009211    0.233730 ^ clkbuf_4_1_0_clk/A (sky130_fd_sc_hd__clkbuf_8)
    16    0.072521    0.101778    0.154075    0.387805 ^ clkbuf_4_1_0_clk/X (sky130_fd_sc_hd__clkbuf_8)
                                                         clknet_4_1_0_clk (net)
                      0.101926    0.003210    0.391015 ^ _3163_/CLK (sky130_fd_sc_hd__dfrtp_1)
                                  0.500000    0.891015   clock uncertainty
                                  0.000000    0.891015   clock reconvergence pessimism
                                 -0.027976    0.863039   library hold time
                                              0.863039   data required time
---------------------------------------------------------------------------------------------
                                              0.863039   data required time
                                             -1.278376   data arrival time
---------------------------------------------------------------------------------------------
                                              0.415337   slack (MET)


Startpoint: _3101_ (rising edge-triggered flip-flop clocked by clk)
Endpoint: _2995_ (rising edge-triggered flip-flop clocked by clk)
Path Group: clk
Path Type: min

Fanout         Cap        Slew       Delay        Time   Description
---------------------------------------------------------------------------------------------
                                  0.000000    0.000000   clock clk (rise edge)
                                  0.000000    0.000000   clock source latency
     1    0.027726    0.097508    0.068012    0.068012 ^ clk (in)
                                                         clk (net)
                      0.097648    0.000000    0.068012 ^ clkbuf_0_clk/A (sky130_fd_sc_hd__clkbuf_16)
    16    0.123440    0.106891    0.156506    0.224518 ^ clkbuf_0_clk/X (sky130_fd_sc_hd__clkbuf_16)
                                                         clknet_0_clk (net)
                      0.108113    0.009124    0.233642 ^ clkbuf_4_0_0_clk/A (sky130_fd_sc_hd__clkbuf_8)
    24    0.079899    0.110840    0.159315    0.392957 ^ clkbuf_4_0_0_clk/X (sky130_fd_sc_hd__clkbuf_8)
                                                         clknet_4_0_0_clk (net)
                      0.111226    0.005374    0.398330 ^ _3101_/CLK (sky130_fd_sc_hd__dfrtp_4)
    23    0.129862    0.277740    0.447754    0.846084 ^ _3101_/Q (sky130_fd_sc_hd__dfrtp_4)
                                                         my_mul.x2[6] (net)
                      0.277979    0.006845    0.852930 ^ _2779_/A1 (sky130_fd_sc_hd__a31o_1)
     1    0.002468    0.025217    0.093450    0.946380 ^ _2779_/X (sky130_fd_sc_hd__a31o_1)
                                                         _0254_ (net)
                      0.025218    0.000166    0.946546 ^ hold294/A (sky130_fd_sc_hd__dlygate4sd3_1)
     1    0.002452    0.035201    0.367257    1.313803 ^ hold294/X (sky130_fd_sc_hd__dlygate4sd3_1)
                                                         net299 (net)
                      0.035201    0.000180    1.313983 ^ _2995_/D (sky130_fd_sc_hd__dfrtp_1)
                                              1.313983   data arrival time

                                  0.000000    0.000000   clock clk (rise edge)
                                  0.000000    0.000000   clock source latency
     1    0.027726    0.097508    0.068012    0.068012 ^ clk (in)
                                                         clk (net)
                      0.097648    0.000000    0.068012 ^ clkbuf_0_clk/A (sky130_fd_sc_hd__clkbuf_16)
    16    0.123440    0.106891    0.156506    0.224518 ^ clkbuf_0_clk/X (sky130_fd_sc_hd__clkbuf_16)
                                                         clknet_0_clk (net)
                      0.108012    0.008748    0.233267 ^ clkbuf_4_2_0_clk/A (sky130_fd_sc_hd__clkbuf_8)
    18    0.074804    0.104565    0.155121    0.388388 ^ clkbuf_4_2_0_clk/X (sky130_fd_sc_hd__clkbuf_8)
                                                         clknet_4_2_0_clk (net)
                      0.105326    0.007193    0.395581 ^ _2995_/CLK (sky130_fd_sc_hd__dfrtp_1)
                                  0.500000    0.895581   clock uncertainty
                                  0.000000    0.895581   clock reconvergence pessimism
                                 -0.018138    0.877444   library hold time
                                              0.877444   data required time
---------------------------------------------------------------------------------------------
                                              0.877444   data required time
                                             -1.313983   data arrival time
---------------------------------------------------------------------------------------------
                                              0.436540   slack (MET)


Startpoint: _3080_ (rising edge-triggered flip-flop clocked by clk)
Endpoint: _3128_ (rising edge-triggered flip-flop clocked by clk)
Path Group: clk
Path Type: min

Fanout         Cap        Slew       Delay        Time   Description
---------------------------------------------------------------------------------------------
                                  0.000000    0.000000   clock clk (rise edge)
                                  0.000000    0.000000   clock source latency
     1    0.027726    0.097508    0.068012    0.068012 ^ clk (in)
                                                         clk (net)
                      0.097648    0.000000    0.068012 ^ clkbuf_0_clk/A (sky130_fd_sc_hd__clkbuf_16)
    16    0.123440    0.106891    0.156506    0.224518 ^ clkbuf_0_clk/X (sky130_fd_sc_hd__clkbuf_16)
                                                         clknet_0_clk (net)
                      0.107447    0.006247    0.230765 ^ clkbuf_4_6_0_clk/A (sky130_fd_sc_hd__clkbuf_8)
    12    0.060120    0.086529    0.143690    0.374455 ^ clkbuf_4_6_0_clk/X (sky130_fd_sc_hd__clkbuf_8)
                                                         clknet_4_6_0_clk (net)
                      0.086864    0.004328    0.378783 ^ _3080_/CLK (sky130_fd_sc_hd__dfrtp_4)
    20    0.092043    0.201256    0.392443    0.771225 ^ _3080_/Q (sky130_fd_sc_hd__dfrtp_4)
                                                         acc_reg[1] (net)
                      0.201295    0.002997    0.774222 ^ _2096_/B2 (sky130_fd_sc_hd__a221o_1)
     1    0.003825    0.036503    0.101959    0.876181 ^ _2096_/X (sky130_fd_sc_hd__a221o_1)
                                                         _0492_ (net)
                      0.036504    0.000255    0.876437 ^ _2097_/B2 (sky130_fd_sc_hd__o22a_1)
     1    0.001964    0.022630    0.052265    0.928701 ^ _2097_/X (sky130_fd_sc_hd__o22a_1)
                                                         _0224_ (net)
                      0.022630    0.000091    0.928793 ^ hold45/A (sky130_fd_sc_hd__dlygate4sd3_1)
     1    0.002883    0.037815    0.369462    1.298255 ^ hold45/X (sky130_fd_sc_hd__dlygate4sd3_1)
                                                         net50 (net)
                      0.038276    0.000189    1.298444 ^ _3128_/D (sky130_fd_sc_hd__dfrtp_1)
                                              1.298444   data arrival time

                                  0.000000    0.000000   clock clk (rise edge)
                                  0.000000    0.000000   clock source latency
     1    0.027726    0.097508    0.068012    0.068012 ^ clk (in)
                                                         clk (net)
                      0.097648    0.000000    0.068012 ^ clkbuf_0_clk/A (sky130_fd_sc_hd__clkbuf_16)
    16    0.123440    0.106891    0.156506    0.224518 ^ clkbuf_0_clk/X (sky130_fd_sc_hd__clkbuf_16)
                                                         clknet_0_clk (net)
                      0.107447    0.006247    0.230765 ^ clkbuf_4_6_0_clk/A (sky130_fd_sc_hd__clkbuf_8)
    12    0.060120    0.086529    0.143690    0.374455 ^ clkbuf_4_6_0_clk/X (sky130_fd_sc_hd__clkbuf_8)
                                                         clknet_4_6_0_clk (net)
                      0.086826    0.004086    0.378541 ^ _3128_/CLK (sky130_fd_sc_hd__dfrtp_1)
                                  0.500000    0.878541   clock uncertainty
                                  0.000000    0.878541   clock reconvergence pessimism
                                 -0.018859    0.859682   library hold time
                                              0.859682   data required time
---------------------------------------------------------------------------------------------
                                              0.859682   data required time
                                             -1.298444   data arrival time
---------------------------------------------------------------------------------------------
                                              0.438762   slack (MET)


Startpoint: _3160_ (rising edge-triggered flip-flop clocked by clk)
Endpoint: _3159_ (rising edge-triggered flip-flop clocked by clk)
Path Group: clk
Path Type: min

Fanout         Cap        Slew       Delay        Time   Description
---------------------------------------------------------------------------------------------
                                  0.000000    0.000000   clock clk (rise edge)
                                  0.000000    0.000000   clock source latency
     1    0.027726    0.097508    0.068012    0.068012 ^ clk (in)
                                                         clk (net)
                      0.097648    0.000000    0.068012 ^ clkbuf_0_clk/A (sky130_fd_sc_hd__clkbuf_16)
    16    0.123440    0.106891    0.156506    0.224518 ^ clkbuf_0_clk/X (sky130_fd_sc_hd__clkbuf_16)
                                                         clknet_0_clk (net)
                      0.107887    0.008261    0.232779 ^ clkbuf_4_3_0_clk/A (sky130_fd_sc_hd__clkbuf_8)
    11    0.061023    0.087580    0.145026    0.377806 ^ clkbuf_4_3_0_clk/X (sky130_fd_sc_hd__clkbuf_8)
                                                         clknet_4_3_0_clk (net)
                      0.087710    0.002246    0.380051 ^ _3160_/CLK (sky130_fd_sc_hd__dfrtp_4)
    11    0.073310    0.103886    0.376932    0.756983 v _3160_/Q (sky130_fd_sc_hd__dfrtp_4)
                                                         my_sum_sub.state[2] (net)
                      0.107713    0.014309    0.771292 v hold277/A (sky130_fd_sc_hd__dlygate4sd3_1)
     3    0.037004    0.140346    0.499328    1.270620 v hold277/X (sky130_fd_sc_hd__dlygate4sd3_1)
                                                         net282 (net)
                      0.140408    0.002776    1.273396 v _3159_/D (sky130_fd_sc_hd__dfrtp_4)
                                              1.273396   data arrival time

                                  0.000000    0.000000   clock clk (rise edge)
                                  0.000000    0.000000   clock source latency
     1    0.027726    0.097508    0.068012    0.068012 ^ clk (in)
                                                         clk (net)
                      0.097648    0.000000    0.068012 ^ clkbuf_0_clk/A (sky130_fd_sc_hd__clkbuf_16)
    16    0.123440    0.106891    0.156506    0.224518 ^ clkbuf_0_clk/X (sky130_fd_sc_hd__clkbuf_16)
                                                         clknet_0_clk (net)
                      0.108029    0.008811    0.233329 ^ clkbuf_4_14_0_clk/A (sky130_fd_sc_hd__clkbuf_8)
    11    0.072025    0.101070    0.155032    0.388361 ^ clkbuf_4_14_0_clk/X (sky130_fd_sc_hd__clkbuf_8)
                                                         clknet_4_14_0_clk (net)
                      0.101159    0.001746    0.390107 ^ _3159_/CLK (sky130_fd_sc_hd__dfrtp_4)
                                  0.500000    0.890107   clock uncertainty
                                  0.000000    0.890107   clock reconvergence pessimism
                                 -0.056735    0.833372   library hold time
                                              0.833372   data required time
---------------------------------------------------------------------------------------------
                                              0.833372   data required time
                                             -1.273396   data arrival time
---------------------------------------------------------------------------------------------
                                              0.440024   slack (MET)


Startpoint: _3101_ (rising edge-triggered flip-flop clocked by clk)
Endpoint: _3101_ (rising edge-triggered flip-flop clocked by clk)
Path Group: clk
Path Type: min

Fanout         Cap        Slew       Delay        Time   Description
---------------------------------------------------------------------------------------------
                                  0.000000    0.000000   clock clk (rise edge)
                                  0.000000    0.000000   clock source latency
     1    0.027726    0.097508    0.068012    0.068012 ^ clk (in)
                                                         clk (net)
                      0.097648    0.000000    0.068012 ^ clkbuf_0_clk/A (sky130_fd_sc_hd__clkbuf_16)
    16    0.123440    0.106891    0.156506    0.224518 ^ clkbuf_0_clk/X (sky130_fd_sc_hd__clkbuf_16)
                                                         clknet_0_clk (net)
                      0.108113    0.009124    0.233642 ^ clkbuf_4_0_0_clk/A (sky130_fd_sc_hd__clkbuf_8)
    24    0.079899    0.110840    0.159315    0.392957 ^ clkbuf_4_0_0_clk/X (sky130_fd_sc_hd__clkbuf_8)
                                                         clknet_4_0_0_clk (net)
                      0.111226    0.005374    0.398330 ^ _3101_/CLK (sky130_fd_sc_hd__dfrtp_4)
    23    0.129862    0.277740    0.447754    0.846084 ^ _3101_/Q (sky130_fd_sc_hd__dfrtp_4)
                                                         my_mul.x2[6] (net)
                      0.277869    0.005060    0.851144 ^ _2133_/A1 (sky130_fd_sc_hd__mux2_1)
     1    0.001956    0.024255    0.101181    0.952325 ^ _2133_/X (sky130_fd_sc_hd__mux2_1)
                                                         _0197_ (net)
                      0.024255    0.000089    0.952414 ^ hold235/A (sky130_fd_sc_hd__dlygate4sd3_1)
     1    0.002601    0.036066    0.368012    1.320426 ^ hold235/X (sky130_fd_sc_hd__dlygate4sd3_1)
                                                         net240 (net)
                      0.036066    0.000184    1.320611 ^ _3101_/D (sky130_fd_sc_hd__dfrtp_4)
                                              1.320611   data arrival time

                                  0.000000    0.000000   clock clk (rise edge)
                                  0.000000    0.000000   clock source latency
     1    0.027726    0.097508    0.068012    0.068012 ^ clk (in)
                                                         clk (net)
                      0.097648    0.000000    0.068012 ^ clkbuf_0_clk/A (sky130_fd_sc_hd__clkbuf_16)
    16    0.123440    0.106891    0.156506    0.224518 ^ clkbuf_0_clk/X (sky130_fd_sc_hd__clkbuf_16)
                                                         clknet_0_clk (net)
                      0.108113    0.009124    0.233642 ^ clkbuf_4_0_0_clk/A (sky130_fd_sc_hd__clkbuf_8)
    24    0.079899    0.110840    0.159315    0.392957 ^ clkbuf_4_0_0_clk/X (sky130_fd_sc_hd__clkbuf_8)
                                                         clknet_4_0_0_clk (net)
                      0.111226    0.005374    0.398330 ^ _3101_/CLK (sky130_fd_sc_hd__dfrtp_4)
                                  0.500000    0.898330   clock uncertainty
                                  0.000000    0.898330   clock reconvergence pessimism
                                 -0.018046    0.880284   library hold time
                                              0.880284   data required time
---------------------------------------------------------------------------------------------
                                              0.880284   data required time
                                             -1.320611   data arrival time
---------------------------------------------------------------------------------------------
                                              0.440326   slack (MET)


Startpoint: _3085_ (rising edge-triggered flip-flop clocked by clk)
Endpoint: _3133_ (rising edge-triggered flip-flop clocked by clk)
Path Group: clk
Path Type: min

Fanout         Cap        Slew       Delay        Time   Description
---------------------------------------------------------------------------------------------
                                  0.000000    0.000000   clock clk (rise edge)
                                  0.000000    0.000000   clock source latency
     1    0.027726    0.097508    0.068012    0.068012 ^ clk (in)
                                                         clk (net)
                      0.097648    0.000000    0.068012 ^ clkbuf_0_clk/A (sky130_fd_sc_hd__clkbuf_16)
    16    0.123440    0.106891    0.156506    0.224518 ^ clkbuf_0_clk/X (sky130_fd_sc_hd__clkbuf_16)
                                                         clknet_0_clk (net)
                      0.107447    0.006247    0.230765 ^ clkbuf_4_6_0_clk/A (sky130_fd_sc_hd__clkbuf_8)
    12    0.060120    0.086529    0.143690    0.374455 ^ clkbuf_4_6_0_clk/X (sky130_fd_sc_hd__clkbuf_8)
                                                         clknet_4_6_0_clk (net)
                      0.086886    0.004467    0.378922 ^ _3085_/CLK (sky130_fd_sc_hd__dfrtp_4)
    20    0.088387    0.193894    0.387938    0.766860 ^ _3085_/Q (sky130_fd_sc_hd__dfrtp_4)
                                                         acc_reg[6] (net)
                      0.193993    0.004133    0.770993 ^ _2066_/B2 (sky130_fd_sc_hd__a221o_1)
     1    0.003449    0.034213    0.099419    0.870411 ^ _2066_/X (sky130_fd_sc_hd__a221o_1)
                                                         _0467_ (net)
                      0.034214    0.000236    0.870647 ^ _2067_/B2 (sky130_fd_sc_hd__o22a_1)
     1    0.002497    0.025845    0.054485    0.925132 ^ _2067_/X (sky130_fd_sc_hd__o22a_1)
                                                         _0229_ (net)
                      0.025846    0.000181    0.925313 ^ hold58/A (sky130_fd_sc_hd__dlygate4sd3_1)
     1    0.003412    0.041748    0.373542    1.298855 ^ hold58/X (sky130_fd_sc_hd__dlygate4sd3_1)
                                                         net63 (net)
                      0.041748    0.000222    1.299077 ^ _3133_/D (sky130_fd_sc_hd__dfrtp_1)
                                              1.299077   data arrival time

                                  0.000000    0.000000   clock clk (rise edge)
                                  0.000000    0.000000   clock source latency
     1    0.027726    0.097508    0.068012    0.068012 ^ clk (in)
                                                         clk (net)
                      0.097648    0.000000    0.068012 ^ clkbuf_0_clk/A (sky130_fd_sc_hd__clkbuf_16)
    16    0.123440    0.106891    0.156506    0.224518 ^ clkbuf_0_clk/X (sky130_fd_sc_hd__clkbuf_16)
                                                         clknet_0_clk (net)
                      0.107447    0.006247    0.230765 ^ clkbuf_4_6_0_clk/A (sky130_fd_sc_hd__clkbuf_8)
    12    0.060120    0.086529    0.143690    0.374455 ^ clkbuf_4_6_0_clk/X (sky130_fd_sc_hd__clkbuf_8)
                                                         clknet_4_6_0_clk (net)
                      0.086706    0.003178    0.377633 ^ _3133_/CLK (sky130_fd_sc_hd__dfrtp_1)
                                  0.500000    0.877633   clock uncertainty
                                  0.000000    0.877633   clock reconvergence pessimism
                                 -0.019121    0.858512   library hold time
                                              0.858512   data required time
---------------------------------------------------------------------------------------------
                                              0.858512   data required time
                                             -1.299077   data arrival time
---------------------------------------------------------------------------------------------
                                              0.440566   slack (MET)


Startpoint: _3077_ (rising edge-triggered flip-flop clocked by clk)
Endpoint: _3031_ (rising edge-triggered flip-flop clocked by clk)
Path Group: clk
Path Type: min

Fanout         Cap        Slew       Delay        Time   Description
---------------------------------------------------------------------------------------------
                                  0.000000    0.000000   clock clk (rise edge)
                                  0.000000    0.000000   clock source latency
     1    0.027726    0.097508    0.068012    0.068012 ^ clk (in)
                                                         clk (net)
                      0.097648    0.000000    0.068012 ^ clkbuf_0_clk/A (sky130_fd_sc_hd__clkbuf_16)
    16    0.123440    0.106891    0.156506    0.224518 ^ clkbuf_0_clk/X (sky130_fd_sc_hd__clkbuf_16)
                                                         clknet_0_clk (net)
                      0.107846    0.008092    0.232611 ^ clkbuf_4_11_0_clk/A (sky130_fd_sc_hd__clkbuf_8)
    13    0.060092    0.086421    0.144482    0.377093 ^ clkbuf_4_11_0_clk/X (sky130_fd_sc_hd__clkbuf_8)
                                                         clknet_4_11_0_clk (net)
                      0.086577    0.002562    0.379655 ^ _3077_/CLK (sky130_fd_sc_hd__dfrtp_1)
     4    0.011797    0.085119    0.255771    0.635426 ^ _3077_/Q (sky130_fd_sc_hd__dfrtp_1)
                                                         my_sum_sub.cm_exp[7] (net)
                      0.085121    0.000582    0.636008 ^ _2622_/A1_N (sky130_fd_sc_hd__a2bb2o_1)
     3    0.020636    0.081181    0.183565    0.819573 v _2622_/X (sky130_fd_sc_hd__a2bb2o_1)
                                                         _0921_ (net)
                      0.081290    0.002643    0.822215 v _2623_/A (sky130_fd_sc_hd__inv_2)
     1    0.003963    0.029181    0.046746    0.868962 ^ _2623_/Y (sky130_fd_sc_hd__inv_2)
                                                         _0922_ (net)
                      0.029183    0.000256    0.869218 ^ _2661_/B1 (sky130_fd_sc_hd__a22o_1)
     1    0.002737    0.028964    0.062344    0.931561 ^ _2661_/X (sky130_fd_sc_hd__a22o_1)
                                                         _0290_ (net)
                      0.028965    0.000181    0.931742 ^ hold121/A (sky130_fd_sc_hd__dlygate4sd3_1)
     1    0.003791    0.044243    0.376558    1.308300 ^ hold121/X (sky130_fd_sc_hd__dlygate4sd3_1)
                                                         net126 (net)
                      0.044243    0.000236    1.308536 ^ _3031_/D (sky130_fd_sc_hd__dfrtp_1)
                                              1.308536   data arrival time

                                  0.000000    0.000000   clock clk (rise edge)
                                  0.000000    0.000000   clock source latency
     1    0.027726    0.097508    0.068012    0.068012 ^ clk (in)
                                                         clk (net)
                      0.097648    0.000000    0.068012 ^ clkbuf_0_clk/A (sky130_fd_sc_hd__clkbuf_16)
    16    0.123440    0.106891    0.156506    0.224518 ^ clkbuf_0_clk/X (sky130_fd_sc_hd__clkbuf_16)
                                                         clknet_0_clk (net)
                      0.107887    0.008261    0.232779 ^ clkbuf_4_3_0_clk/A (sky130_fd_sc_hd__clkbuf_8)
    11    0.061023    0.087580    0.145026    0.377806 ^ clkbuf_4_3_0_clk/X (sky130_fd_sc_hd__clkbuf_8)
                                                         clknet_4_3_0_clk (net)
                      0.087760    0.002809    0.380614 ^ _3031_/CLK (sky130_fd_sc_hd__dfrtp_1)
                                  0.500000    0.880614   clock uncertainty
                                  0.000000    0.880614   clock reconvergence pessimism
                                 -0.019280    0.861334   library hold time
                                              0.861334   data required time
---------------------------------------------------------------------------------------------
                                              0.861334   data required time
                                             -1.308536   data arrival time
---------------------------------------------------------------------------------------------
                                              0.447202   slack (MET)


Startpoint: _3052_ (rising edge-triggered flip-flop clocked by clk)
Endpoint: _3064_ (rising edge-triggered flip-flop clocked by clk)
Path Group: clk
Path Type: min

Fanout         Cap        Slew       Delay        Time   Description
---------------------------------------------------------------------------------------------
                                  0.000000    0.000000   clock clk (rise edge)
                                  0.000000    0.000000   clock source latency
     1    0.027726    0.097508    0.068012    0.068012 ^ clk (in)
                                                         clk (net)
                      0.097648    0.000000    0.068012 ^ clkbuf_0_clk/A (sky130_fd_sc_hd__clkbuf_16)
    16    0.123440    0.106891    0.156506    0.224518 ^ clkbuf_0_clk/X (sky130_fd_sc_hd__clkbuf_16)
                                                         clknet_0_clk (net)
                      0.108049    0.008885    0.233404 ^ clkbuf_4_13_0_clk/A (sky130_fd_sc_hd__clkbuf_8)
    10    0.066136    0.093930    0.148856    0.382260 ^ clkbuf_4_13_0_clk/X (sky130_fd_sc_hd__clkbuf_8)
                                                         clknet_4_13_0_clk (net)
                      0.094201    0.004098    0.386357 ^ _3052_/CLK (sky130_fd_sc_hd__dfrtp_1)
     2    0.005039    0.044497    0.225716    0.612074 ^ _3052_/Q (sky130_fd_sc_hd__dfrtp_1)
                                                         my_sum_sub.al_mb[3] (net)
                      0.044498    0.000272    0.612346 ^ _2223_/A1 (sky130_fd_sc_hd__a21oi_1)
     2    0.006257    0.029353    0.046106    0.658452 v _2223_/Y (sky130_fd_sc_hd__a21oi_1)
                                                         _0558_ (net)
                      0.029360    0.000360    0.658812 v _2252_/A2_N (sky130_fd_sc_hd__a2bb2o_1)
     1    0.004838    0.044347    0.154225    0.813037 ^ _2252_/X (sky130_fd_sc_hd__a2bb2o_1)
                                                         _0583_ (net)
                      0.044348    0.000226    0.813263 ^ _2253_/B (sky130_fd_sc_hd__xnor2_1)
     1    0.002823    0.035913    0.068097    0.881359 ^ _2253_/Y (sky130_fd_sc_hd__xnor2_1)
                                                         _0584_ (net)
                      0.035914    0.000209    0.881568 ^ _2254_/A1 (sky130_fd_sc_hd__mux2_1)
     1    0.002889    0.029189    0.074540    0.956108 ^ _2254_/X (sky130_fd_sc_hd__mux2_1)
                                                         _0323_ (net)
                      0.029190    0.000182    0.956289 ^ hold260/A (sky130_fd_sc_hd__dlygate4sd3_1)
     1    0.002648    0.036340    0.369371    1.325660 ^ hold260/X (sky130_fd_sc_hd__dlygate4sd3_1)
                                                         net265 (net)
                      0.036340    0.000184    1.325845 ^ _3064_/D (sky130_fd_sc_hd__dfrtp_1)
                                              1.325845   data arrival time

                                  0.000000    0.000000   clock clk (rise edge)
                                  0.000000    0.000000   clock source latency
     1    0.027726    0.097508    0.068012    0.068012 ^ clk (in)
                                                         clk (net)
                      0.097648    0.000000    0.068012 ^ clkbuf_0_clk/A (sky130_fd_sc_hd__clkbuf_16)
    16    0.123440    0.106891    0.156506    0.224518 ^ clkbuf_0_clk/X (sky130_fd_sc_hd__clkbuf_16)
                                                         clknet_0_clk (net)
                      0.108049    0.008885    0.233404 ^ clkbuf_4_13_0_clk/A (sky130_fd_sc_hd__clkbuf_8)
    10    0.066136    0.093930    0.148856    0.382260 ^ clkbuf_4_13_0_clk/X (sky130_fd_sc_hd__clkbuf_8)
                                                         clknet_4_13_0_clk (net)
                      0.094186    0.003982    0.386242 ^ _3064_/CLK (sky130_fd_sc_hd__dfrtp_1)
                                  0.500000    0.886242   clock uncertainty
                                  0.000000    0.886242   clock reconvergence pessimism
                                 -0.018518    0.867724   library hold time
                                              0.867724   data required time
---------------------------------------------------------------------------------------------
                                              0.867724   data required time
                                             -1.325845   data arrival time
---------------------------------------------------------------------------------------------
                                              0.458121   slack (MET)


Startpoint: _3167_ (rising edge-triggered flip-flop clocked by clk)
Endpoint: _3168_ (rising edge-triggered flip-flop clocked by clk)
Path Group: clk
Path Type: min

Fanout         Cap        Slew       Delay        Time   Description
---------------------------------------------------------------------------------------------
                                  0.000000    0.000000   clock clk (rise edge)
                                  0.000000    0.000000   clock source latency
     1    0.027726    0.097508    0.068012    0.068012 ^ clk (in)
                                                         clk (net)
                      0.097648    0.000000    0.068012 ^ clkbuf_0_clk/A (sky130_fd_sc_hd__clkbuf_16)
    16    0.123440    0.106891    0.156506    0.224518 ^ clkbuf_0_clk/X (sky130_fd_sc_hd__clkbuf_16)
                                                         clknet_0_clk (net)
                      0.108113    0.009124    0.233642 ^ clkbuf_4_0_0_clk/A (sky130_fd_sc_hd__clkbuf_8)
    24    0.079899    0.110840    0.159315    0.392957 ^ clkbuf_4_0_0_clk/X (sky130_fd_sc_hd__clkbuf_8)
                                                         clknet_4_0_0_clk (net)
                      0.112149    0.009649    0.402605 ^ _3167_/CLK (sky130_fd_sc_hd__dfstp_1)
     1    0.003788    0.021761    0.240516    0.643121 v _3167_/Q (sky130_fd_sc_hd__dfstp_1)
                                                         ss_s0 (net)
                      0.022081    0.000221    0.643343 v hold310/A (sky130_fd_sc_hd__dlygate4sd3_1)
     1    0.002775    0.037977    0.356403    0.999746 v hold310/X (sky130_fd_sc_hd__dlygate4sd3_1)
                                                         net315 (net)
                      0.037977    0.000203    0.999949 v hold24/A (sky130_fd_sc_hd__dlygate4sd3_1)
     1    0.002631    0.037385    0.361502    1.361451 v hold24/X (sky130_fd_sc_hd__dlygate4sd3_1)
                                                         net29 (net)
                      0.037385    0.000186    1.361637 v _3168_/D (sky130_fd_sc_hd__dfstp_4)
                                              1.361637   data arrival time

                                  0.000000    0.000000   clock clk (rise edge)
                                  0.000000    0.000000   clock source latency
     1    0.027726    0.097508    0.068012    0.068012 ^ clk (in)
                                                         clk (net)
                      0.097648    0.000000    0.068012 ^ clkbuf_0_clk/A (sky130_fd_sc_hd__clkbuf_16)
    16    0.123440    0.106891    0.156506    0.224518 ^ clkbuf_0_clk/X (sky130_fd_sc_hd__clkbuf_16)
                                                         clknet_0_clk (net)
                      0.108113    0.009124    0.233642 ^ clkbuf_4_0_0_clk/A (sky130_fd_sc_hd__clkbuf_8)
    24    0.079899    0.110840    0.159315    0.392957 ^ clkbuf_4_0_0_clk/X (sky130_fd_sc_hd__clkbuf_8)
                                                         clknet_4_0_0_clk (net)
                      0.112147    0.009642    0.402599 ^ _3168_/CLK (sky130_fd_sc_hd__dfstp_4)
                                  0.500000    0.902599   clock uncertainty
                                  0.000000    0.902599   clock reconvergence pessimism
                                 -0.005662    0.896937   library hold time
                                              0.896937   data required time
---------------------------------------------------------------------------------------------
                                              0.896937   data required time
                                             -1.361637   data arrival time
---------------------------------------------------------------------------------------------
                                              0.464700   slack (MET)


Startpoint: _3156_ (rising edge-triggered flip-flop clocked by clk)
Endpoint: _3091_ (rising edge-triggered flip-flop clocked by clk)
Path Group: clk
Path Type: min

Fanout         Cap        Slew       Delay        Time   Description
---------------------------------------------------------------------------------------------
                                  0.000000    0.000000   clock clk (rise edge)
                                  0.000000    0.000000   clock source latency
     1    0.027726    0.097508    0.068012    0.068012 ^ clk (in)
                                                         clk (net)
                      0.097648    0.000000    0.068012 ^ clkbuf_0_clk/A (sky130_fd_sc_hd__clkbuf_16)
    16    0.123440    0.106891    0.156506    0.224518 ^ clkbuf_0_clk/X (sky130_fd_sc_hd__clkbuf_16)
                                                         clknet_0_clk (net)
                      0.108138    0.009211    0.233730 ^ clkbuf_4_1_0_clk/A (sky130_fd_sc_hd__clkbuf_8)
    16    0.072521    0.101778    0.154075    0.387805 ^ clkbuf_4_1_0_clk/X (sky130_fd_sc_hd__clkbuf_8)
                                                         clknet_4_1_0_clk (net)
                      0.101915    0.003084    0.390888 ^ _3156_/CLK (sky130_fd_sc_hd__dfrtp_4)
    13    0.085881    0.188767    0.387523    0.778411 ^ _3156_/Q (sky130_fd_sc_hd__dfrtp_4)
                                                         state[4] (net)
                      0.189542    0.009181    0.787592 ^ _2019_/C1 (sky130_fd_sc_hd__o211a_1)
     2    0.010297    0.070769    0.112482    0.900074 ^ _2019_/X (sky130_fd_sc_hd__o211a_1)
                                                         _0426_ (net)
                      0.070774    0.000682    0.900756 ^ _2149_/B2 (sky130_fd_sc_hd__o22a_1)
     1    0.002240    0.024808    0.058904    0.959660 ^ _2149_/X (sky130_fd_sc_hd__o22a_1)
                                                         _0350_ (net)
                      0.024808    0.000102    0.959762 ^ hold267/A (sky130_fd_sc_hd__dlygate4sd3_1)
     1    0.002471    0.035312    0.367294    1.327057 ^ hold267/X (sky130_fd_sc_hd__dlygate4sd3_1)
                                                         net272 (net)
                      0.035312    0.000176    1.327233 ^ _3091_/D (sky130_fd_sc_hd__dfrtp_2)
                                              1.327233   data arrival time

                                  0.000000    0.000000   clock clk (rise edge)
                                  0.000000    0.000000   clock source latency
     1    0.027726    0.097508    0.068012    0.068012 ^ clk (in)
                                                         clk (net)
                      0.097648    0.000000    0.068012 ^ clkbuf_0_clk/A (sky130_fd_sc_hd__clkbuf_16)
    16    0.123440    0.106891    0.156506    0.224518 ^ clkbuf_0_clk/X (sky130_fd_sc_hd__clkbuf_16)
                                                         clknet_0_clk (net)
                      0.107621    0.007111    0.231630 ^ clkbuf_4_9_0_clk/A (sky130_fd_sc_hd__clkbuf_8)
     7    0.060949    0.087547    0.144483    0.376113 ^ clkbuf_4_9_0_clk/X (sky130_fd_sc_hd__clkbuf_8)
                                                         clknet_4_9_0_clk (net)
                      0.087787    0.003707    0.379820 ^ _3091_/CLK (sky130_fd_sc_hd__dfrtp_2)
                                  0.500000    0.879820   clock uncertainty
                                  0.000000    0.879820   clock reconvergence pessimism
                                 -0.018558    0.861262   library hold time
                                              0.861262   data required time
---------------------------------------------------------------------------------------------
                                              0.861262   data required time
                                             -1.327233   data arrival time
---------------------------------------------------------------------------------------------
                                              0.465971   slack (MET)


Startpoint: _3049_ (rising edge-triggered flip-flop clocked by clk)
Endpoint: _3061_ (rising edge-triggered flip-flop clocked by clk)
Path Group: clk
Path Type: min

Fanout         Cap        Slew       Delay        Time   Description
---------------------------------------------------------------------------------------------
                                  0.000000    0.000000   clock clk (rise edge)
                                  0.000000    0.000000   clock source latency
     1    0.027726    0.097508    0.068012    0.068012 ^ clk (in)
                                                         clk (net)
                      0.097648    0.000000    0.068012 ^ clkbuf_0_clk/A (sky130_fd_sc_hd__clkbuf_16)
    16    0.123440    0.106891    0.156506    0.224518 ^ clkbuf_0_clk/X (sky130_fd_sc_hd__clkbuf_16)
                                                         clknet_0_clk (net)
                      0.108050    0.008889    0.233408 ^ clkbuf_4_15_0_clk/A (sky130_fd_sc_hd__clkbuf_8)
    13    0.066990    0.094978    0.149504    0.382912 ^ clkbuf_4_15_0_clk/X (sky130_fd_sc_hd__clkbuf_8)
                                                         clknet_4_15_0_clk (net)
                      0.095141    0.003234    0.386146 ^ _3049_/CLK (sky130_fd_sc_hd__dfrtp_2)
     3    0.015435    0.065311    0.261293    0.647439 ^ _3049_/Q (sky130_fd_sc_hd__dfrtp_2)
                                                         my_sum_sub.al_mb[0] (net)
                      0.065331    0.001085    0.648523 ^ _2266_/A (sky130_fd_sc_hd__xnor2_1)
     2    0.005348    0.033490    0.053248    0.701771 v _2266_/Y (sky130_fd_sc_hd__xnor2_1)
                                                         _0594_ (net)
                      0.033491    0.000179    0.701950 v _2267_/B (sky130_fd_sc_hd__nor2_1)
     2    0.006149    0.091883    0.084876    0.786826 ^ _2267_/Y (sky130_fd_sc_hd__nor2_1)
                                                         _0595_ (net)
                      0.091885    0.000357    0.787184 ^ _2269_/A2 (sky130_fd_sc_hd__a21o_1)
     1    0.001708    0.019118    0.070388    0.857572 ^ _2269_/X (sky130_fd_sc_hd__a21o_1)
                                                         _0597_ (net)
                      0.019118    0.000079    0.857651 ^ _2272_/A1_N (sky130_fd_sc_hd__o2bb2a_1)
     1    0.002639    0.024638    0.118219    0.975870 v _2272_/X (sky130_fd_sc_hd__o2bb2a_1)
                                                         _0320_ (net)
                      0.024638    0.000169    0.976040 v hold272/A (sky130_fd_sc_hd__dlygate4sd3_1)
     1    0.002670    0.037540    0.356665    1.332704 v hold272/X (sky130_fd_sc_hd__dlygate4sd3_1)
                                                         net277 (net)
                      0.037540    0.000180    1.332885 v _3061_/D (sky130_fd_sc_hd__dfrtp_1)
                                              1.332885   data arrival time

                                  0.000000    0.000000   clock clk (rise edge)
                                  0.000000    0.000000   clock source latency
     1    0.027726    0.097508    0.068012    0.068012 ^ clk (in)
                                                         clk (net)
                      0.097648    0.000000    0.068012 ^ clkbuf_0_clk/A (sky130_fd_sc_hd__clkbuf_16)
    16    0.123440    0.106891    0.156506    0.224518 ^ clkbuf_0_clk/X (sky130_fd_sc_hd__clkbuf_16)
                                                         clknet_0_clk (net)
                      0.108050    0.008889    0.233408 ^ clkbuf_4_15_0_clk/A (sky130_fd_sc_hd__clkbuf_8)
    13    0.066990    0.094978    0.149504    0.382912 ^ clkbuf_4_15_0_clk/X (sky130_fd_sc_hd__clkbuf_8)
                                                         clknet_4_15_0_clk (net)
                      0.095517    0.005755    0.388666 ^ _3061_/CLK (sky130_fd_sc_hd__dfrtp_1)
                                  0.500000    0.888666   clock uncertainty
                                  0.000000    0.888666   clock reconvergence pessimism
                                 -0.027836    0.860830   library hold time
                                              0.860830   data required time
---------------------------------------------------------------------------------------------
                                              0.860830   data required time
                                             -1.332885   data arrival time
---------------------------------------------------------------------------------------------
                                              0.472054   slack (MET)


Startpoint: _3163_ (rising edge-triggered flip-flop clocked by clk)
Endpoint: _3172_ (rising edge-triggered flip-flop clocked by clk)
Path Group: clk
Path Type: min

Fanout         Cap        Slew       Delay        Time   Description
---------------------------------------------------------------------------------------------
                                  0.000000    0.000000   clock clk (rise edge)
                                  0.000000    0.000000   clock source latency
     1    0.027726    0.097508    0.068012    0.068012 ^ clk (in)
                                                         clk (net)
                      0.097648    0.000000    0.068012 ^ clkbuf_0_clk/A (sky130_fd_sc_hd__clkbuf_16)
    16    0.123440    0.106891    0.156506    0.224518 ^ clkbuf_0_clk/X (sky130_fd_sc_hd__clkbuf_16)
                                                         clknet_0_clk (net)
                      0.108138    0.009211    0.233730 ^ clkbuf_4_1_0_clk/A (sky130_fd_sc_hd__clkbuf_8)
    16    0.072521    0.101778    0.154075    0.387805 ^ clkbuf_4_1_0_clk/X (sky130_fd_sc_hd__clkbuf_8)
                                                         clknet_4_1_0_clk (net)
                      0.101926    0.003210    0.391015 ^ _3163_/CLK (sky130_fd_sc_hd__dfrtp_1)
     1    0.003619    0.036252    0.220684    0.611699 ^ _3163_/Q (sky130_fd_sc_hd__dfrtp_1)
                                                         my_mul.reg1en.d[0] (net)
                      0.036252    0.000272    0.611971 ^ hold311/A (sky130_fd_sc_hd__dlygate4sd3_1)
     1    0.002639    0.036298    0.370841    0.982812 ^ hold311/X (sky130_fd_sc_hd__dlygate4sd3_1)
                                                         net316 (net)
                      0.036298    0.000174    0.982985 ^ hold22/A (sky130_fd_sc_hd__dlygate4sd3_1)
     1    0.002513    0.035560    0.370036    1.353021 ^ hold22/X (sky130_fd_sc_hd__dlygate4sd3_1)
                                                         net27 (net)
                      0.035560    0.000176    1.353197 ^ _3172_/D (sky130_fd_sc_hd__dfrtp_1)
                                              1.353197   data arrival time

                                  0.000000    0.000000   clock clk (rise edge)
                                  0.000000    0.000000   clock source latency
     1    0.027726    0.097508    0.068012    0.068012 ^ clk (in)
                                                         clk (net)
                      0.097648    0.000000    0.068012 ^ clkbuf_0_clk/A (sky130_fd_sc_hd__clkbuf_16)
    16    0.123440    0.106891    0.156506    0.224518 ^ clkbuf_0_clk/X (sky130_fd_sc_hd__clkbuf_16)
                                                         clknet_0_clk (net)
                      0.108113    0.009124    0.233642 ^ clkbuf_4_0_0_clk/A (sky130_fd_sc_hd__clkbuf_8)
    24    0.079899    0.110840    0.159315    0.392957 ^ clkbuf_4_0_0_clk/X (sky130_fd_sc_hd__clkbuf_8)
                                                         clknet_4_0_0_clk (net)
                      0.111121    0.004611    0.397567 ^ _3172_/CLK (sky130_fd_sc_hd__dfrtp_1)
                                  0.500000    0.897567   clock uncertainty
                                  0.000000    0.897567   clock reconvergence pessimism
                                 -0.018011    0.879556   library hold time
                                              0.879556   data required time
---------------------------------------------------------------------------------------------
                                              0.879556   data required time
                                             -1.353197   data arrival time
---------------------------------------------------------------------------------------------
                                              0.473641   slack (MET)


Startpoint: _3047_ (rising edge-triggered flip-flop clocked by clk)
Endpoint: _3066_ (rising edge-triggered flip-flop clocked by clk)
Path Group: clk
Path Type: min

Fanout         Cap        Slew       Delay        Time   Description
---------------------------------------------------------------------------------------------
                                  0.000000    0.000000   clock clk (rise edge)
                                  0.000000    0.000000   clock source latency
     1    0.027726    0.097508    0.068012    0.068012 ^ clk (in)
                                                         clk (net)
                      0.097648    0.000000    0.068012 ^ clkbuf_0_clk/A (sky130_fd_sc_hd__clkbuf_16)
    16    0.123440    0.106891    0.156506    0.224518 ^ clkbuf_0_clk/X (sky130_fd_sc_hd__clkbuf_16)
                                                         clknet_0_clk (net)
                      0.108050    0.008889    0.233408 ^ clkbuf_4_15_0_clk/A (sky130_fd_sc_hd__clkbuf_8)
    13    0.066990    0.094978    0.149504    0.382912 ^ clkbuf_4_15_0_clk/X (sky130_fd_sc_hd__clkbuf_8)
                                                         clknet_4_15_0_clk (net)
                      0.095226    0.003952    0.386864 ^ _3047_/CLK (sky130_fd_sc_hd__dfrtp_1)
     4    0.011523    0.083203    0.256513    0.643377 ^ _3047_/Q (sky130_fd_sc_hd__dfrtp_1)
                                                         my_sum_sub.al_ma[6] (net)
                      0.083219    0.001156    0.644533 ^ _2177_/B (sky130_fd_sc_hd__and2b_1)
     2    0.005016    0.042951    0.090497    0.735029 ^ _2177_/X (sky130_fd_sc_hd__and2b_1)
                                                         _0512_ (net)
                      0.042951    0.000184    0.735213 ^ _2209_/B (sky130_fd_sc_hd__nor2_1)
     3    0.012303    0.042182    0.046533    0.781746 v _2209_/Y (sky130_fd_sc_hd__nor2_1)
                                                         _0544_ (net)
                      0.042201    0.000732    0.782478 v _2242_/A (sky130_fd_sc_hd__xor2_1)
     1    0.003884    0.082959    0.111386    0.893864 ^ _2242_/X (sky130_fd_sc_hd__xor2_1)
                                                         _0575_ (net)
                      0.082959    0.000247    0.894111 ^ _2243_/A1 (sky130_fd_sc_hd__mux2_1)
     1    0.001956    0.023998    0.080945    0.975056 ^ _2243_/X (sky130_fd_sc_hd__mux2_1)
                                                         _0325_ (net)
                      0.023998    0.000089    0.975145 ^ hold239/A (sky130_fd_sc_hd__dlygate4sd3_1)
     1    0.002704    0.036673    0.368619    1.343765 ^ hold239/X (sky130_fd_sc_hd__dlygate4sd3_1)
                                                         net244 (net)
                      0.036673    0.000181    1.343946 ^ _3066_/D (sky130_fd_sc_hd__dfrtp_2)
                                              1.343946   data arrival time

                                  0.000000    0.000000   clock clk (rise edge)
                                  0.000000    0.000000   clock source latency
     1    0.027726    0.097508    0.068012    0.068012 ^ clk (in)
                                                         clk (net)
                      0.097648    0.000000    0.068012 ^ clkbuf_0_clk/A (sky130_fd_sc_hd__clkbuf_16)
    16    0.123440    0.106891    0.156506    0.224518 ^ clkbuf_0_clk/X (sky130_fd_sc_hd__clkbuf_16)
                                                         clknet_0_clk (net)
                      0.108050    0.008889    0.233408 ^ clkbuf_4_15_0_clk/A (sky130_fd_sc_hd__clkbuf_8)
    13    0.066990    0.094978    0.149504    0.382912 ^ clkbuf_4_15_0_clk/X (sky130_fd_sc_hd__clkbuf_8)
                                                         clknet_4_15_0_clk (net)
                      0.095472    0.005514    0.388426 ^ _3066_/CLK (sky130_fd_sc_hd__dfrtp_2)
                                  0.500000    0.888426   clock uncertainty
                                  0.000000    0.888426   clock reconvergence pessimism
                                 -0.018454    0.869972   library hold time
                                              0.869972   data required time
---------------------------------------------------------------------------------------------
                                              0.869972   data required time
                                             -1.343946   data arrival time
---------------------------------------------------------------------------------------------
                                              0.473974   slack (MET)


Startpoint: _3060_ (rising edge-triggered flip-flop clocked by clk)
Endpoint: _3028_ (rising edge-triggered flip-flop clocked by clk)
Path Group: clk
Path Type: min

Fanout         Cap        Slew       Delay        Time   Description
---------------------------------------------------------------------------------------------
                                  0.000000    0.000000   clock clk (rise edge)
                                  0.000000    0.000000   clock source latency
     1    0.027726    0.097508    0.068012    0.068012 ^ clk (in)
                                                         clk (net)
                      0.097648    0.000000    0.068012 ^ clkbuf_0_clk/A (sky130_fd_sc_hd__clkbuf_16)
    16    0.123440    0.106891    0.156506    0.224518 ^ clkbuf_0_clk/X (sky130_fd_sc_hd__clkbuf_16)
                                                         clknet_0_clk (net)
                      0.108029    0.008811    0.233329 ^ clkbuf_4_14_0_clk/A (sky130_fd_sc_hd__clkbuf_8)
    11    0.072025    0.101070    0.155032    0.388361 ^ clkbuf_4_14_0_clk/X (sky130_fd_sc_hd__clkbuf_8)
                                                         clknet_4_14_0_clk (net)
                      0.101165    0.001860    0.390222 ^ _3060_/CLK (sky130_fd_sc_hd__dfrtp_1)
     3    0.011061    0.080458    0.256196    0.646417 ^ _3060_/Q (sky130_fd_sc_hd__dfrtp_1)
                                                         my_sum_sub.cm_mant[0] (net)
                      0.080462    0.000671    0.647088 ^ _2609_/C (sky130_fd_sc_hd__or4_4)
    11    0.044130    0.101503    0.142356    0.789445 ^ _2609_/X (sky130_fd_sc_hd__or4_4)
                                                         _0908_ (net)
                      0.102193    0.006753    0.796198 ^ _2629_/A2 (sky130_fd_sc_hd__o22ai_2)
     3    0.016195    0.041778    0.063856    0.860054 v _2629_/Y (sky130_fd_sc_hd__o22ai_2)
                                                         _0928_ (net)
                      0.041834    0.001214    0.861268 v _2630_/A (sky130_fd_sc_hd__inv_2)
     1    0.008359    0.034754    0.045330    0.906598 ^ _2630_/Y (sky130_fd_sc_hd__inv_2)
                                                         _0929_ (net)
                      0.034764    0.000475    0.907073 ^ _2664_/B1 (sky130_fd_sc_hd__a22o_1)
     1    0.002360    0.026662    0.061682    0.968755 ^ _2664_/X (sky130_fd_sc_hd__a22o_1)
                                                         _0287_ (net)
                      0.026663    0.000158    0.968913 ^ hold146/A (sky130_fd_sc_hd__dlygate4sd3_1)
     1    0.002583    0.035957    0.368407    1.337320 ^ hold146/X (sky130_fd_sc_hd__dlygate4sd3_1)
                                                         net151 (net)
                      0.035957    0.000189    1.337509 ^ _3028_/D (sky130_fd_sc_hd__dfrtp_1)
                                              1.337509   data arrival time

                                  0.000000    0.000000   clock clk (rise edge)
                                  0.000000    0.000000   clock source latency
     1    0.027726    0.097508    0.068012    0.068012 ^ clk (in)
                                                         clk (net)
                      0.097648    0.000000    0.068012 ^ clkbuf_0_clk/A (sky130_fd_sc_hd__clkbuf_16)
    16    0.123440    0.106891    0.156506    0.224518 ^ clkbuf_0_clk/X (sky130_fd_sc_hd__clkbuf_16)
                                                         clknet_0_clk (net)
                      0.107621    0.007111    0.231630 ^ clkbuf_4_9_0_clk/A (sky130_fd_sc_hd__clkbuf_8)
     7    0.060949    0.087547    0.144483    0.376113 ^ clkbuf_4_9_0_clk/X (sky130_fd_sc_hd__clkbuf_8)
                                                         clknet_4_9_0_clk (net)
                      0.087655    0.002527    0.378640 ^ _3028_/CLK (sky130_fd_sc_hd__dfrtp_1)
                                  0.500000    0.878640   clock uncertainty
                                  0.000000    0.878640   clock reconvergence pessimism
                                 -0.018663    0.859977   library hold time
                                              0.859977   data required time
---------------------------------------------------------------------------------------------
                                              0.859977   data required time
                                             -1.337509   data arrival time
---------------------------------------------------------------------------------------------
                                              0.477532   slack (MET)


Startpoint: _3169_ (rising edge-triggered flip-flop clocked by clk)
Endpoint: _3170_ (rising edge-triggered flip-flop clocked by clk)
Path Group: clk
Path Type: min

Fanout         Cap        Slew       Delay        Time   Description
---------------------------------------------------------------------------------------------
                                  0.000000    0.000000   clock clk (rise edge)
                                  0.000000    0.000000   clock source latency
     1    0.027726    0.097508    0.068012    0.068012 ^ clk (in)
                                                         clk (net)
                      0.097648    0.000000    0.068012 ^ clkbuf_0_clk/A (sky130_fd_sc_hd__clkbuf_16)
    16    0.123440    0.106891    0.156506    0.224518 ^ clkbuf_0_clk/X (sky130_fd_sc_hd__clkbuf_16)
                                                         clknet_0_clk (net)
                      0.108138    0.009211    0.233730 ^ clkbuf_4_1_0_clk/A (sky130_fd_sc_hd__clkbuf_8)
    16    0.072521    0.101778    0.154075    0.387805 ^ clkbuf_4_1_0_clk/X (sky130_fd_sc_hd__clkbuf_8)
                                                         clknet_4_1_0_clk (net)
                      0.102504    0.006903    0.394708 ^ _3169_/CLK (sky130_fd_sc_hd__dfrtp_1)
     1    0.002234    0.028583    0.213003    0.607711 ^ _3169_/Q (sky130_fd_sc_hd__dfrtp_1)
                                                         mosi_s0 (net)
                      0.028583    0.000160    0.607871 ^ hold313/A (sky130_fd_sc_hd__dlygate4sd3_1)
     1    0.003580    0.042863    0.375187    0.983058 ^ hold313/X (sky130_fd_sc_hd__dlygate4sd3_1)
                                                         net318 (net)
                      0.042863    0.000264    0.983322 ^ hold23/A (sky130_fd_sc_hd__dlygate4sd3_1)
     1    0.002407    0.034959    0.370771    1.354093 ^ hold23/X (sky130_fd_sc_hd__dlygate4sd3_1)
                                                         net28 (net)
                      0.034959    0.000170    1.354264 ^ _3170_/D (sky130_fd_sc_hd__dfrtp_1)
                                              1.354264   data arrival time

                                  0.000000    0.000000   clock clk (rise edge)
                                  0.000000    0.000000   clock source latency
     1    0.027726    0.097508    0.068012    0.068012 ^ clk (in)
                                                         clk (net)
                      0.097648    0.000000    0.068012 ^ clkbuf_0_clk/A (sky130_fd_sc_hd__clkbuf_16)
    16    0.123440    0.106891    0.156506    0.224518 ^ clkbuf_0_clk/X (sky130_fd_sc_hd__clkbuf_16)
                                                         clknet_0_clk (net)
                      0.108138    0.009211    0.233730 ^ clkbuf_4_1_0_clk/A (sky130_fd_sc_hd__clkbuf_8)
    16    0.072521    0.101778    0.154075    0.387805 ^ clkbuf_4_1_0_clk/X (sky130_fd_sc_hd__clkbuf_8)
                                                         clknet_4_1_0_clk (net)
                      0.102313    0.005957    0.393761 ^ _3170_/CLK (sky130_fd_sc_hd__dfrtp_1)
                                  0.500000    0.893761   clock uncertainty
                                  0.000000    0.893761   clock reconvergence pessimism
                                 -0.018200    0.875562   library hold time
                                              0.875562   data required time
---------------------------------------------------------------------------------------------
                                              0.875562   data required time
                                             -1.354264   data arrival time
---------------------------------------------------------------------------------------------
                                              0.478702   slack (MET)


Startpoint: _2998_ (rising edge-triggered flip-flop clocked by clk)
Endpoint: _3156_ (rising edge-triggered flip-flop clocked by clk)
Path Group: clk
Path Type: min

Fanout         Cap        Slew       Delay        Time   Description
---------------------------------------------------------------------------------------------
                                  0.000000    0.000000   clock clk (rise edge)
                                  0.000000    0.000000   clock source latency
     1    0.027726    0.097508    0.068012    0.068012 ^ clk (in)
                                                         clk (net)
                      0.097648    0.000000    0.068012 ^ clkbuf_0_clk/A (sky130_fd_sc_hd__clkbuf_16)
    16    0.123440    0.106891    0.156506    0.224518 ^ clkbuf_0_clk/X (sky130_fd_sc_hd__clkbuf_16)
                                                         clknet_0_clk (net)
                      0.108113    0.009124    0.233642 ^ clkbuf_4_0_0_clk/A (sky130_fd_sc_hd__clkbuf_8)
    24    0.079899    0.110840    0.159315    0.392957 ^ clkbuf_4_0_0_clk/X (sky130_fd_sc_hd__clkbuf_8)
                                                         clknet_4_0_0_clk (net)
                      0.111212    0.005281    0.398238 ^ _2998_/CLK (sky130_fd_sc_hd__dfrtp_1)
     2    0.007441    0.058936    0.241631    0.639869 ^ _2998_/Q (sky130_fd_sc_hd__dfrtp_1)
                                                         my_divider.counter[1] (net)
                      0.058939    0.000435    0.640305 ^ _1548_/B (sky130_fd_sc_hd__or4b_1)
     3    0.017321    0.123349    0.141302    0.781607 ^ _1548_/X (sky130_fd_sc_hd__or4b_1)
                                                         _1093_ (net)
                      0.123428    0.001782    0.783389 ^ _1549_/C (sky130_fd_sc_hd__and3_1)
     2    0.007127    0.063525    0.125974    0.909362 ^ _1549_/X (sky130_fd_sc_hd__and3_1)
                                                         _1094_ (net)
                      0.063525    0.000237    0.909599 ^ _2797_/A3 (sky130_fd_sc_hd__o31a_1)
     1    0.003247    0.034887    0.076024    0.985623 ^ _2797_/X (sky130_fd_sc_hd__o31a_1)
                                                         _0009_ (net)
                      0.034887    0.000135    0.985758 ^ hold198/A (sky130_fd_sc_hd__dlygate4sd3_1)
     1    0.002502    0.035498    0.369662    1.355421 ^ hold198/X (sky130_fd_sc_hd__dlygate4sd3_1)
                                                         net203 (net)
                      0.035498    0.000176    1.355597 ^ _3156_/D (sky130_fd_sc_hd__dfrtp_4)
                                              1.355597   data arrival time

                                  0.000000    0.000000   clock clk (rise edge)
                                  0.000000    0.000000   clock source latency
     1    0.027726    0.097508    0.068012    0.068012 ^ clk (in)
                                                         clk (net)
                      0.097648    0.000000    0.068012 ^ clkbuf_0_clk/A (sky130_fd_sc_hd__clkbuf_16)
    16    0.123440    0.106891    0.156506    0.224518 ^ clkbuf_0_clk/X (sky130_fd_sc_hd__clkbuf_16)
                                                         clknet_0_clk (net)
                      0.108138    0.009211    0.233730 ^ clkbuf_4_1_0_clk/A (sky130_fd_sc_hd__clkbuf_8)
    16    0.072521    0.101778    0.154075    0.387805 ^ clkbuf_4_1_0_clk/X (sky130_fd_sc_hd__clkbuf_8)
                                                         clknet_4_1_0_clk (net)
                      0.101915    0.003084    0.390888 ^ _3156_/CLK (sky130_fd_sc_hd__dfrtp_4)
                                  0.500000    0.890888   clock uncertainty
                                  0.000000    0.890888   clock reconvergence pessimism
                                 -0.018250    0.872638   library hold time
                                              0.872638   data required time
---------------------------------------------------------------------------------------------
                                              0.872638   data required time
                                             -1.355597   data arrival time
---------------------------------------------------------------------------------------------
                                              0.482959   slack (MET)


Startpoint: _3082_ (rising edge-triggered flip-flop clocked by clk)
Endpoint: _3130_ (rising edge-triggered flip-flop clocked by clk)
Path Group: clk
Path Type: min

Fanout         Cap        Slew       Delay        Time   Description
---------------------------------------------------------------------------------------------
                                  0.000000    0.000000   clock clk (rise edge)
                                  0.000000    0.000000   clock source latency
     1    0.027726    0.097508    0.068012    0.068012 ^ clk (in)
                                                         clk (net)
                      0.097648    0.000000    0.068012 ^ clkbuf_0_clk/A (sky130_fd_sc_hd__clkbuf_16)
    16    0.123440    0.106891    0.156506    0.224518 ^ clkbuf_0_clk/X (sky130_fd_sc_hd__clkbuf_16)
                                                         clknet_0_clk (net)
                      0.107573    0.006887    0.231405 ^ clkbuf_4_7_0_clk/A (sky130_fd_sc_hd__clkbuf_8)
    17    0.071778    0.100846    0.153065    0.384470 ^ clkbuf_4_7_0_clk/X (sky130_fd_sc_hd__clkbuf_8)
                                                         clknet_4_7_0_clk (net)
                      0.101500    0.006538    0.391008 ^ _3082_/CLK (sky130_fd_sc_hd__dfrtp_4)
    22    0.113335    0.244402    0.425420    0.816428 ^ _3082_/Q (sky130_fd_sc_hd__dfrtp_4)
                                                         acc_reg[3] (net)
                      0.244491    0.003897    0.820325 ^ _2084_/B2 (sky130_fd_sc_hd__a221o_1)
     1    0.004103    0.038315    0.105963    0.926288 ^ _2084_/X (sky130_fd_sc_hd__a221o_1)
                                                         _0482_ (net)
                      0.038316    0.000270    0.926558 ^ _2085_/B2 (sky130_fd_sc_hd__o22a_1)
     1    0.002724    0.027292    0.056556    0.983113 ^ _2085_/X (sky130_fd_sc_hd__o22a_1)
                                                         _0226_ (net)
                      0.027293    0.000205    0.983318 ^ hold50/A (sky130_fd_sc_hd__dlygate4sd3_1)
     1    0.003109    0.039756    0.371922    1.355240 ^ hold50/X (sky130_fd_sc_hd__dlygate4sd3_1)
                                                         net55 (net)
                      0.039756    0.000201    1.355440 ^ _3130_/D (sky130_fd_sc_hd__dfrtp_1)
                                              1.355440   data arrival time

                                  0.000000    0.000000   clock clk (rise edge)
                                  0.000000    0.000000   clock source latency
     1    0.027726    0.097508    0.068012    0.068012 ^ clk (in)
                                                         clk (net)
                      0.097648    0.000000    0.068012 ^ clkbuf_0_clk/A (sky130_fd_sc_hd__clkbuf_16)
    16    0.123440    0.106891    0.156506    0.224518 ^ clkbuf_0_clk/X (sky130_fd_sc_hd__clkbuf_16)
                                                         clknet_0_clk (net)
                      0.107573    0.006887    0.231405 ^ clkbuf_4_7_0_clk/A (sky130_fd_sc_hd__clkbuf_8)
    17    0.071778    0.100846    0.153065    0.384470 ^ clkbuf_4_7_0_clk/X (sky130_fd_sc_hd__clkbuf_8)
                                                         clknet_4_7_0_clk (net)
                      0.101463    0.006356    0.390825 ^ _3130_/CLK (sky130_fd_sc_hd__dfrtp_1)
                                  0.500000    0.890825   clock uncertainty
                                  0.000000    0.890825   clock reconvergence pessimism
                                 -0.018580    0.872245   library hold time
                                              0.872245   data required time
---------------------------------------------------------------------------------------------
                                              0.872245   data required time
                                             -1.355440   data arrival time
---------------------------------------------------------------------------------------------
                                              0.483195   slack (MET)


Startpoint: _3156_ (rising edge-triggered flip-flop clocked by clk)
Endpoint: _3092_ (rising edge-triggered flip-flop clocked by clk)
Path Group: clk
Path Type: min

Fanout         Cap        Slew       Delay        Time   Description
---------------------------------------------------------------------------------------------
                                  0.000000    0.000000   clock clk (rise edge)
                                  0.000000    0.000000   clock source latency
     1    0.027726    0.097508    0.068012    0.068012 ^ clk (in)
                                                         clk (net)
                      0.097648    0.000000    0.068012 ^ clkbuf_0_clk/A (sky130_fd_sc_hd__clkbuf_16)
    16    0.123440    0.106891    0.156506    0.224518 ^ clkbuf_0_clk/X (sky130_fd_sc_hd__clkbuf_16)
                                                         clknet_0_clk (net)
                      0.108138    0.009211    0.233730 ^ clkbuf_4_1_0_clk/A (sky130_fd_sc_hd__clkbuf_8)
    16    0.072521    0.101778    0.154075    0.387805 ^ clkbuf_4_1_0_clk/X (sky130_fd_sc_hd__clkbuf_8)
                                                         clknet_4_1_0_clk (net)
                      0.101915    0.003084    0.390888 ^ _3156_/CLK (sky130_fd_sc_hd__dfrtp_4)
    13    0.085881    0.188767    0.387523    0.778411 ^ _3156_/Q (sky130_fd_sc_hd__dfrtp_4)
                                                         state[4] (net)
                      0.189435    0.008449    0.786860 ^ _2010_/C1 (sky130_fd_sc_hd__o221a_1)
     2    0.009836    0.082259    0.125153    0.912013 ^ _2010_/X (sky130_fd_sc_hd__o221a_1)
                                                         _0418_ (net)
                      0.082259    0.000309    0.912322 ^ _2148_/B2 (sky130_fd_sc_hd__o22a_1)
     1    0.003661    0.033622    0.067188    0.979510 ^ _2148_/X (sky130_fd_sc_hd__o22a_1)
                                                         _0351_ (net)
                      0.033624    0.000285    0.979796 ^ hold254/A (sky130_fd_sc_hd__dlygate4sd3_1)
     1    0.002512    0.035555    0.369453    1.349249 ^ hold254/X (sky130_fd_sc_hd__dlygate4sd3_1)
                                                         net259 (net)
                      0.035555    0.000181    1.349430 ^ _3092_/D (sky130_fd_sc_hd__dfrtp_2)
                                              1.349430   data arrival time

                                  0.000000    0.000000   clock clk (rise edge)
                                  0.000000    0.000000   clock source latency
     1    0.027726    0.097508    0.068012    0.068012 ^ clk (in)
                                                         clk (net)
                      0.097648    0.000000    0.068012 ^ clkbuf_0_clk/A (sky130_fd_sc_hd__clkbuf_16)
    16    0.123440    0.106891    0.156506    0.224518 ^ clkbuf_0_clk/X (sky130_fd_sc_hd__clkbuf_16)
                                                         clknet_0_clk (net)
                      0.107887    0.008261    0.232779 ^ clkbuf_4_3_0_clk/A (sky130_fd_sc_hd__clkbuf_8)
    11    0.061023    0.087580    0.145026    0.377806 ^ clkbuf_4_3_0_clk/X (sky130_fd_sc_hd__clkbuf_8)
                                                         clknet_4_3_0_clk (net)
                      0.087754    0.002749    0.380555 ^ _3092_/CLK (sky130_fd_sc_hd__dfrtp_2)
                                  0.500000    0.880555   clock uncertainty
                                  0.000000    0.880555   clock reconvergence pessimism
                                 -0.018577    0.861978   library hold time
                                              0.861978   data required time
---------------------------------------------------------------------------------------------
                                              0.861978   data required time
                                             -1.349430   data arrival time
---------------------------------------------------------------------------------------------
                                              0.487452   slack (MET)


Startpoint: _3045_ (rising edge-triggered flip-flop clocked by clk)
Endpoint: _3065_ (rising edge-triggered flip-flop clocked by clk)
Path Group: clk
Path Type: min

Fanout         Cap        Slew       Delay        Time   Description
---------------------------------------------------------------------------------------------
                                  0.000000    0.000000   clock clk (rise edge)
                                  0.000000    0.000000   clock source latency
     1    0.027726    0.097508    0.068012    0.068012 ^ clk (in)
                                                         clk (net)
                      0.097648    0.000000    0.068012 ^ clkbuf_0_clk/A (sky130_fd_sc_hd__clkbuf_16)
    16    0.123440    0.106891    0.156506    0.224518 ^ clkbuf_0_clk/X (sky130_fd_sc_hd__clkbuf_16)
                                                         clknet_0_clk (net)
                      0.108049    0.008885    0.233404 ^ clkbuf_4_13_0_clk/A (sky130_fd_sc_hd__clkbuf_8)
    10    0.066136    0.093930    0.148856    0.382260 ^ clkbuf_4_13_0_clk/X (sky130_fd_sc_hd__clkbuf_8)
                                                         clknet_4_13_0_clk (net)
                      0.094289    0.004692    0.386952 ^ _3045_/CLK (sky130_fd_sc_hd__dfrtp_1)
     3    0.010963    0.079845    0.253991    0.640943 ^ _3045_/Q (sky130_fd_sc_hd__dfrtp_1)
                                                         my_sum_sub.al_ma[4] (net)
                      0.079849    0.000653    0.641596 ^ _2215_/B (sky130_fd_sc_hd__nand2_1)
     1    0.003924    0.030238    0.039144    0.680740 v _2215_/Y (sky130_fd_sc_hd__nand2_1)
                                                         _0550_ (net)
                      0.030241    0.000297    0.681037 v _2224_/B1 (sky130_fd_sc_hd__o21a_1)
     2    0.007630    0.031770    0.072618    0.753655 v _2224_/X (sky130_fd_sc_hd__o21a_1)
                                                         _0559_ (net)
                      0.031777    0.000468    0.754123 v _2247_/A2 (sky130_fd_sc_hd__o21ai_1)
     1    0.005021    0.058933    0.095637    0.849760 ^ _2247_/Y (sky130_fd_sc_hd__o21ai_1)
                                                         _0579_ (net)
                      0.058935    0.000239    0.849999 ^ _2248_/B (sky130_fd_sc_hd__xnor2_1)
     1    0.003289    0.039561    0.073321    0.923321 ^ _2248_/Y (sky130_fd_sc_hd__xnor2_1)
                                                         _0580_ (net)
                      0.039564    0.000235    0.923555 ^ _2249_/A1 (sky130_fd_sc_hd__mux2_1)
     1    0.003309    0.031860    0.077703    1.001258 ^ _2249_/X (sky130_fd_sc_hd__mux2_1)
                                                         _0324_ (net)
                      0.031860    0.000207    1.001465 ^ hold270/A (sky130_fd_sc_hd__dlygate4sd3_1)
     1    0.002263    0.034147    0.367486    1.368951 ^ hold270/X (sky130_fd_sc_hd__dlygate4sd3_1)
                                                         net275 (net)
                      0.034147    0.000165    1.369117 ^ _3065_/D (sky130_fd_sc_hd__dfrtp_2)
                                              1.369117   data arrival time

                                  0.000000    0.000000   clock clk (rise edge)
                                  0.000000    0.000000   clock source latency
     1    0.027726    0.097508    0.068012    0.068012 ^ clk (in)
                                                         clk (net)
                      0.097648    0.000000    0.068012 ^ clkbuf_0_clk/A (sky130_fd_sc_hd__clkbuf_16)
    16    0.123440    0.106891    0.156506    0.224518 ^ clkbuf_0_clk/X (sky130_fd_sc_hd__clkbuf_16)
                                                         clknet_0_clk (net)
                      0.108050    0.008889    0.233408 ^ clkbuf_4_15_0_clk/A (sky130_fd_sc_hd__clkbuf_8)
    13    0.066990    0.094978    0.149504    0.382912 ^ clkbuf_4_15_0_clk/X (sky130_fd_sc_hd__clkbuf_8)
                                                         clknet_4_15_0_clk (net)
                      0.095447    0.005380    0.388292 ^ _3065_/CLK (sky130_fd_sc_hd__dfrtp_2)
                                  0.500000    0.888291   clock uncertainty
                                  0.000000    0.888291   clock reconvergence pessimism
                                 -0.018272    0.870020   library hold time
                                              0.870020   data required time
---------------------------------------------------------------------------------------------
                                              0.870020   data required time
                                             -1.369117   data arrival time
---------------------------------------------------------------------------------------------
                                              0.499097   slack (MET)


Startpoint: _3156_ (rising edge-triggered flip-flop clocked by clk)
Endpoint: _3086_ (rising edge-triggered flip-flop clocked by clk)
Path Group: clk
Path Type: min

Fanout         Cap        Slew       Delay        Time   Description
---------------------------------------------------------------------------------------------
                                  0.000000    0.000000   clock clk (rise edge)
                                  0.000000    0.000000   clock source latency
     1    0.027726    0.097508    0.068012    0.068012 ^ clk (in)
                                                         clk (net)
                      0.097648    0.000000    0.068012 ^ clkbuf_0_clk/A (sky130_fd_sc_hd__clkbuf_16)
    16    0.123440    0.106891    0.156506    0.224518 ^ clkbuf_0_clk/X (sky130_fd_sc_hd__clkbuf_16)
                                                         clknet_0_clk (net)
                      0.108138    0.009211    0.233730 ^ clkbuf_4_1_0_clk/A (sky130_fd_sc_hd__clkbuf_8)
    16    0.072521    0.101778    0.154075    0.387805 ^ clkbuf_4_1_0_clk/X (sky130_fd_sc_hd__clkbuf_8)
                                                         clknet_4_1_0_clk (net)
                      0.101915    0.003084    0.390888 ^ _3156_/CLK (sky130_fd_sc_hd__dfrtp_4)
    13    0.085881    0.188767    0.387523    0.778411 ^ _3156_/Q (sky130_fd_sc_hd__dfrtp_4)
                                                         state[4] (net)
                      0.189628    0.009722    0.788133 ^ _2054_/C1 (sky130_fd_sc_hd__o221a_1)
     2    0.013442    0.108210    0.143499    0.931631 ^ _2054_/X (sky130_fd_sc_hd__o221a_1)
                                                         _0456_ (net)
                      0.108259    0.000841    0.932472 ^ _2154_/B2 (sky130_fd_sc_hd__o22a_1)
     1    0.002221    0.025368    0.061997    0.994468 ^ _2154_/X (sky130_fd_sc_hd__o22a_1)
                                                         _0345_ (net)
                      0.025369    0.000156    0.994624 ^ hold299/A (sky130_fd_sc_hd__dlygate4sd3_1)
     1    0.002410    0.034968    0.367029    1.361654 ^ hold299/X (sky130_fd_sc_hd__dlygate4sd3_1)
                                                         net304 (net)
                      0.034968    0.000173    1.361826 ^ _3086_/D (sky130_fd_sc_hd__dfrtp_4)
                                              1.361826   data arrival time

                                  0.000000    0.000000   clock clk (rise edge)
                                  0.000000    0.000000   clock source latency
     1    0.027726    0.097508    0.068012    0.068012 ^ clk (in)
                                                         clk (net)
                      0.097648    0.000000    0.068012 ^ clkbuf_0_clk/A (sky130_fd_sc_hd__clkbuf_16)
    16    0.123440    0.106891    0.156506    0.224518 ^ clkbuf_0_clk/X (sky130_fd_sc_hd__clkbuf_16)
                                                         clknet_0_clk (net)
                      0.107447    0.006247    0.230765 ^ clkbuf_4_6_0_clk/A (sky130_fd_sc_hd__clkbuf_8)
    12    0.060120    0.086529    0.143690    0.374455 ^ clkbuf_4_6_0_clk/X (sky130_fd_sc_hd__clkbuf_8)
                                                         clknet_4_6_0_clk (net)
                      0.086721    0.003302    0.377757 ^ _3086_/CLK (sky130_fd_sc_hd__dfrtp_4)
                                  0.500000    0.877757   clock uncertainty
                                  0.000000    0.877757   clock reconvergence pessimism
                                 -0.018614    0.859143   library hold time
                                              0.859143   data required time
---------------------------------------------------------------------------------------------
                                              0.859143   data required time
                                             -1.361826   data arrival time
---------------------------------------------------------------------------------------------
                                              0.502683   slack (MET)


Startpoint: _3014_ (rising edge-triggered flip-flop clocked by clk)
Endpoint: _3083_ (rising edge-triggered flip-flop clocked by clk)
Path Group: clk
Path Type: min

Fanout         Cap        Slew       Delay        Time   Description
---------------------------------------------------------------------------------------------
                                  0.000000    0.000000   clock clk (rise edge)
                                  0.000000    0.000000   clock source latency
     1    0.027726    0.097508    0.068012    0.068012 ^ clk (in)
                                                         clk (net)
                      0.097648    0.000000    0.068012 ^ clkbuf_0_clk/A (sky130_fd_sc_hd__clkbuf_16)
    16    0.123440    0.106891    0.156506    0.224518 ^ clkbuf_0_clk/X (sky130_fd_sc_hd__clkbuf_16)
                                                         clknet_0_clk (net)
                      0.108012    0.008748    0.233267 ^ clkbuf_4_2_0_clk/A (sky130_fd_sc_hd__clkbuf_8)
    18    0.074804    0.104565    0.155121    0.388388 ^ clkbuf_4_2_0_clk/X (sky130_fd_sc_hd__clkbuf_8)
                                                         clknet_4_2_0_clk (net)
                      0.105505    0.007966    0.396354 ^ _3014_/CLK (sky130_fd_sc_hd__dfrtp_1)
     3    0.011966    0.086189    0.261251    0.657604 ^ _3014_/Q (sky130_fd_sc_hd__dfrtp_1)
                                                         div_quotient[4] (net)
                      0.086199    0.000972    0.658577 ^ _2076_/A1 (sky130_fd_sc_hd__a22o_1)
     1    0.014500    0.109455    0.139085    0.797662 ^ _2076_/X (sky130_fd_sc_hd__a22o_1)
                                                         _0475_ (net)
                      0.109483    0.001445    0.799107 ^ _2077_/A2 (sky130_fd_sc_hd__o21a_1)
     2    0.011354    0.084914    0.114803    0.913910 ^ _2077_/X (sky130_fd_sc_hd__o21a_1)
                                                         _0476_ (net)
                      0.084959    0.000951    0.914862 ^ _2157_/A1 (sky130_fd_sc_hd__mux2_1)
     1    0.002673    0.027959    0.085072    0.999934 ^ _2157_/X (sky130_fd_sc_hd__mux2_1)
                                                         _0342_ (net)
                      0.027959    0.000176    1.000110 ^ hold308/A (sky130_fd_sc_hd__dlygate4sd3_1)
     1    0.002850    0.037603    0.370392    1.370502 ^ hold308/X (sky130_fd_sc_hd__dlygate4sd3_1)
                                                         net313 (net)
                      0.037603    0.000209    1.370711 ^ _3083_/D (sky130_fd_sc_hd__dfrtp_4)
                                              1.370711   data arrival time

                                  0.000000    0.000000   clock clk (rise edge)
                                  0.000000    0.000000   clock source latency
     1    0.027726    0.097508    0.068012    0.068012 ^ clk (in)
                                                         clk (net)
                      0.097648    0.000000    0.068012 ^ clkbuf_0_clk/A (sky130_fd_sc_hd__clkbuf_16)
    16    0.123440    0.106891    0.156506    0.224518 ^ clkbuf_0_clk/X (sky130_fd_sc_hd__clkbuf_16)
                                                         clknet_0_clk (net)
                      0.107516    0.006605    0.231123 ^ clkbuf_4_5_0_clk/A (sky130_fd_sc_hd__clkbuf_8)
    10    0.065462    0.093069    0.148740    0.379863 ^ clkbuf_4_5_0_clk/X (sky130_fd_sc_hd__clkbuf_8)
                                                         clknet_4_5_0_clk (net)
                      0.093298    0.003735    0.383598 ^ _3083_/CLK (sky130_fd_sc_hd__dfrtp_4)
                                  0.500000    0.883598   clock uncertainty
                                  0.000000    0.883598   clock reconvergence pessimism
                                 -0.018636    0.864961   library hold time
                                              0.864961   data required time
---------------------------------------------------------------------------------------------
                                              0.864961   data required time
                                             -1.370711   data arrival time
---------------------------------------------------------------------------------------------
                                              0.505749   slack (MET)


Startpoint: _3156_ (rising edge-triggered flip-flop clocked by clk)
Endpoint: _3093_ (rising edge-triggered flip-flop clocked by clk)
Path Group: clk
Path Type: min

Fanout         Cap        Slew       Delay        Time   Description
---------------------------------------------------------------------------------------------
                                  0.000000    0.000000   clock clk (rise edge)
                                  0.000000    0.000000   clock source latency
     1    0.027726    0.097508    0.068012    0.068012 ^ clk (in)
                                                         clk (net)
                      0.097648    0.000000    0.068012 ^ clkbuf_0_clk/A (sky130_fd_sc_hd__clkbuf_16)
    16    0.123440    0.106891    0.156506    0.224518 ^ clkbuf_0_clk/X (sky130_fd_sc_hd__clkbuf_16)
                                                         clknet_0_clk (net)
                      0.108138    0.009211    0.233730 ^ clkbuf_4_1_0_clk/A (sky130_fd_sc_hd__clkbuf_8)
    16    0.072521    0.101778    0.154075    0.387805 ^ clkbuf_4_1_0_clk/X (sky130_fd_sc_hd__clkbuf_8)
                                                         clknet_4_1_0_clk (net)
                      0.101915    0.003084    0.390888 ^ _3156_/CLK (sky130_fd_sc_hd__dfrtp_4)
    13    0.085881    0.188767    0.387523    0.778411 ^ _3156_/Q (sky130_fd_sc_hd__dfrtp_4)
                                                         state[4] (net)
                      0.189432    0.008424    0.786835 ^ _2003_/C1 (sky130_fd_sc_hd__o221a_1)
     2    0.009840    0.082256    0.125239    0.912074 ^ _2003_/X (sky130_fd_sc_hd__o221a_1)
                                                         _0412_ (net)
                      0.082257    0.000488    0.912561 ^ _2145_/A1 (sky130_fd_sc_hd__mux2_1)
     1    0.002663    0.027895    0.084434    0.996995 ^ _2145_/X (sky130_fd_sc_hd__mux2_1)
                                                         _0352_ (net)
                      0.027896    0.000181    0.997175 ^ hold291/A (sky130_fd_sc_hd__dlygate4sd3_1)
     1    0.002829    0.037468    0.370242    1.367417 ^ hold291/X (sky130_fd_sc_hd__dlygate4sd3_1)
                                                         net296 (net)
                      0.037468    0.000209    1.367626 ^ _3093_/D (sky130_fd_sc_hd__dfrtp_4)
                                              1.367626   data arrival time

                                  0.000000    0.000000   clock clk (rise edge)
                                  0.000000    0.000000   clock source latency
     1    0.027726    0.097508    0.068012    0.068012 ^ clk (in)
                                                         clk (net)
                      0.097648    0.000000    0.068012 ^ clkbuf_0_clk/A (sky130_fd_sc_hd__clkbuf_16)
    16    0.123440    0.106891    0.156506    0.224518 ^ clkbuf_0_clk/X (sky130_fd_sc_hd__clkbuf_16)
                                                         clknet_0_clk (net)
                      0.107887    0.008261    0.232779 ^ clkbuf_4_3_0_clk/A (sky130_fd_sc_hd__clkbuf_8)
    11    0.061023    0.087580    0.145026    0.377806 ^ clkbuf_4_3_0_clk/X (sky130_fd_sc_hd__clkbuf_8)
                                                         clknet_4_3_0_clk (net)
                      0.087726    0.002446    0.380252 ^ _3093_/CLK (sky130_fd_sc_hd__dfrtp_4)
                                  0.500000    0.880252   clock uncertainty
                                  0.000000    0.880252   clock reconvergence pessimism
                                 -0.018774    0.861478   library hold time
                                              0.861478   data required time
---------------------------------------------------------------------------------------------
                                              0.861478   data required time
                                             -1.367626   data arrival time
---------------------------------------------------------------------------------------------
                                              0.506148   slack (MET)


Startpoint: _3073_ (rising edge-triggered flip-flop clocked by clk)
Endpoint: _3073_ (rising edge-triggered flip-flop clocked by clk)
Path Group: clk
Path Type: min

Fanout         Cap        Slew       Delay        Time   Description
---------------------------------------------------------------------------------------------
                                  0.000000    0.000000   clock clk (rise edge)
                                  0.000000    0.000000   clock source latency
     1    0.027726    0.097508    0.068012    0.068012 ^ clk (in)
                                                         clk (net)
                      0.097648    0.000000    0.068012 ^ clkbuf_0_clk/A (sky130_fd_sc_hd__clkbuf_16)
    16    0.123440    0.106891    0.156506    0.224518 ^ clkbuf_0_clk/X (sky130_fd_sc_hd__clkbuf_16)
                                                         clknet_0_clk (net)
                      0.107846    0.008092    0.232611 ^ clkbuf_4_11_0_clk/A (sky130_fd_sc_hd__clkbuf_8)
    13    0.060092    0.086421    0.144482    0.377093 ^ clkbuf_4_11_0_clk/X (sky130_fd_sc_hd__clkbuf_8)
                                                         clknet_4_11_0_clk (net)
                      0.086584    0.002632    0.379725 ^ _3073_/CLK (sky130_fd_sc_hd__dfrtp_2)
     3    0.009340    0.046467    0.241991    0.621716 ^ _3073_/Q (sky130_fd_sc_hd__dfrtp_2)
                                                         my_sum_sub.cm_exp[3] (net)
                      0.046474    0.000570    0.622286 ^ rebuffer5/A (sky130_fd_sc_hd__dlygate4sd1_1)
     2    0.009812    0.078104    0.160967    0.783253 ^ rebuffer5/X (sky130_fd_sc_hd__dlygate4sd1_1)
                                                         net10 (net)
                      0.078107    0.000653    0.783907 ^ rebuffer6/A (sky130_fd_sc_hd__dlygate4sd1_1)
     1    0.004148    0.038518    0.137223    0.921129 ^ rebuffer6/X (sky130_fd_sc_hd__dlygate4sd1_1)
                                                         net11 (net)
                      0.038519    0.000286    0.921415 ^ _2168_/A0 (sky130_fd_sc_hd__mux2_1)
     1    0.003401    0.032129    0.076490    0.997905 ^ _2168_/X (sky130_fd_sc_hd__mux2_1)
                                                         _0332_ (net)
                      0.032130    0.000223    0.998129 ^ hold123/A (sky130_fd_sc_hd__dlygate4sd3_1)
     1    0.002572    0.035901    0.369522    1.367651 ^ hold123/X (sky130_fd_sc_hd__dlygate4sd3_1)
                                                         net128 (net)
                      0.035901    0.000177    1.367828 ^ _3073_/D (sky130_fd_sc_hd__dfrtp_2)
                                              1.367828   data arrival time

                                  0.000000    0.000000   clock clk (rise edge)
                                  0.000000    0.000000   clock source latency
     1    0.027726    0.097508    0.068012    0.068012 ^ clk (in)
                                                         clk (net)
                      0.097648    0.000000    0.068012 ^ clkbuf_0_clk/A (sky130_fd_sc_hd__clkbuf_16)
    16    0.123440    0.106891    0.156506    0.224518 ^ clkbuf_0_clk/X (sky130_fd_sc_hd__clkbuf_16)
                                                         clknet_0_clk (net)
                      0.107846    0.008092    0.232611 ^ clkbuf_4_11_0_clk/A (sky130_fd_sc_hd__clkbuf_8)
    13    0.060092    0.086421    0.144482    0.377093 ^ clkbuf_4_11_0_clk/X (sky130_fd_sc_hd__clkbuf_8)
                                                         clknet_4_11_0_clk (net)
                      0.086584    0.002632    0.379725 ^ _3073_/CLK (sky130_fd_sc_hd__dfrtp_2)
                                  0.500000    0.879725   clock uncertainty
                                  0.000000    0.879725   clock reconvergence pessimism
                                 -0.018633    0.861093   library hold time
                                              0.861093   data required time
---------------------------------------------------------------------------------------------
                                              0.861093   data required time
                                             -1.367828   data arrival time
---------------------------------------------------------------------------------------------
                                              0.506735   slack (MET)


Startpoint: _3084_ (rising edge-triggered flip-flop clocked by clk)
Endpoint: _3046_ (rising edge-triggered flip-flop clocked by clk)
Path Group: clk
Path Type: min

Fanout         Cap        Slew       Delay        Time   Description
---------------------------------------------------------------------------------------------
                                  0.000000    0.000000   clock clk (rise edge)
                                  0.000000    0.000000   clock source latency
     1    0.027726    0.097508    0.068012    0.068012 ^ clk (in)
                                                         clk (net)
                      0.097648    0.000000    0.068012 ^ clkbuf_0_clk/A (sky130_fd_sc_hd__clkbuf_16)
    16    0.123440    0.106891    0.156506    0.224518 ^ clkbuf_0_clk/X (sky130_fd_sc_hd__clkbuf_16)
                                                         clknet_0_clk (net)
                      0.107573    0.006887    0.231405 ^ clkbuf_4_7_0_clk/A (sky130_fd_sc_hd__clkbuf_8)
    17    0.071778    0.100846    0.153065    0.384470 ^ clkbuf_4_7_0_clk/X (sky130_fd_sc_hd__clkbuf_8)
                                                         clknet_4_7_0_clk (net)
                      0.101093    0.004093    0.388563 ^ _3084_/CLK (sky130_fd_sc_hd__dfrtp_4)
    23    0.112158    0.241723    0.420803    0.809366 ^ _3084_/Q (sky130_fd_sc_hd__dfrtp_4)
                                                         acc_reg[5] (net)
                      0.244856    0.022011    0.831377 ^ _2371_/A (sky130_fd_sc_hd__and3_1)
     1    0.004047    0.044567    0.119582    0.950959 ^ _2371_/X (sky130_fd_sc_hd__and3_1)
                                                         _0684_ (net)
                      0.044567    0.000177    0.951136 ^ _2372_/C1 (sky130_fd_sc_hd__a221o_1)
     1    0.002644    0.027313    0.058593    1.009729 ^ _2372_/X (sky130_fd_sc_hd__a221o_1)
                                                         _0305_ (net)
                      0.027314    0.000173    1.009902 ^ hold207/A (sky130_fd_sc_hd__dlygate4sd3_1)
     1    0.002577    0.035926    0.368511    1.378412 ^ hold207/X (sky130_fd_sc_hd__dlygate4sd3_1)
                                                         net212 (net)
                      0.035926    0.000188    1.378601 ^ _3046_/D (sky130_fd_sc_hd__dfrtp_1)
                                              1.378601   data arrival time

                                  0.000000    0.000000   clock clk (rise edge)
                                  0.000000    0.000000   clock source latency
     1    0.027726    0.097508    0.068012    0.068012 ^ clk (in)
                                                         clk (net)
                      0.097648    0.000000    0.068012 ^ clkbuf_0_clk/A (sky130_fd_sc_hd__clkbuf_16)
    16    0.123440    0.106891    0.156506    0.224518 ^ clkbuf_0_clk/X (sky130_fd_sc_hd__clkbuf_16)
                                                         clknet_0_clk (net)
                      0.108050    0.008889    0.233408 ^ clkbuf_4_15_0_clk/A (sky130_fd_sc_hd__clkbuf_8)
    13    0.066990    0.094978    0.149504    0.382912 ^ clkbuf_4_15_0_clk/X (sky130_fd_sc_hd__clkbuf_8)
                                                         clknet_4_15_0_clk (net)
                      0.095214    0.003858    0.386770 ^ _3046_/CLK (sky130_fd_sc_hd__dfrtp_1)
                                  0.500000    0.886770   clock uncertainty
                                  0.000000    0.886770   clock reconvergence pessimism
                                 -0.018460    0.868310   library hold time
                                              0.868310   data required time
---------------------------------------------------------------------------------------------
                                              0.868310   data required time
                                             -1.378601   data arrival time
---------------------------------------------------------------------------------------------
                                              0.510291   slack (MET)


Startpoint: _3156_ (rising edge-triggered flip-flop clocked by clk)
Endpoint: _3089_ (rising edge-triggered flip-flop clocked by clk)
Path Group: clk
Path Type: min

Fanout         Cap        Slew       Delay        Time   Description
---------------------------------------------------------------------------------------------
                                  0.000000    0.000000   clock clk (rise edge)
                                  0.000000    0.000000   clock source latency
     1    0.027726    0.097508    0.068012    0.068012 ^ clk (in)
                                                         clk (net)
                      0.097648    0.000000    0.068012 ^ clkbuf_0_clk/A (sky130_fd_sc_hd__clkbuf_16)
    16    0.123440    0.106891    0.156506    0.224518 ^ clkbuf_0_clk/X (sky130_fd_sc_hd__clkbuf_16)
                                                         clknet_0_clk (net)
                      0.108138    0.009211    0.233730 ^ clkbuf_4_1_0_clk/A (sky130_fd_sc_hd__clkbuf_8)
    16    0.072521    0.101778    0.154075    0.387805 ^ clkbuf_4_1_0_clk/X (sky130_fd_sc_hd__clkbuf_8)
                                                         clknet_4_1_0_clk (net)
                      0.101915    0.003084    0.390888 ^ _3156_/CLK (sky130_fd_sc_hd__dfrtp_4)
    13    0.085881    0.188767    0.387523    0.778411 ^ _3156_/Q (sky130_fd_sc_hd__dfrtp_4)
                                                         state[4] (net)
                      0.189574    0.009385    0.787796 ^ _2034_/C1 (sky130_fd_sc_hd__o211a_1)
     2    0.016531    0.108495    0.139126    0.926922 ^ _2034_/X (sky130_fd_sc_hd__o211a_1)
                                                         _0439_ (net)
                      0.108534    0.001682    0.928604 ^ _2151_/B2 (sky130_fd_sc_hd__o22a_1)
     1    0.003432    0.032597    0.068341    0.996945 ^ _2151_/X (sky130_fd_sc_hd__o22a_1)
                                                         _0348_ (net)
                      0.032598    0.000208    0.997153 ^ hold262/A (sky130_fd_sc_hd__dlygate4sd3_1)
     1    0.003238    0.040599    0.373877    1.371030 ^ hold262/X (sky130_fd_sc_hd__dlygate4sd3_1)
                                                         net267 (net)
                      0.040599    0.000209    1.371240 ^ _3089_/D (sky130_fd_sc_hd__dfrtp_2)
                                              1.371240   data arrival time

                                  0.000000    0.000000   clock clk (rise edge)
                                  0.000000    0.000000   clock source latency
     1    0.027726    0.097508    0.068012    0.068012 ^ clk (in)
                                                         clk (net)
                      0.097648    0.000000    0.068012 ^ clkbuf_0_clk/A (sky130_fd_sc_hd__clkbuf_16)
    16    0.123440    0.106891    0.156506    0.224518 ^ clkbuf_0_clk/X (sky130_fd_sc_hd__clkbuf_16)
                                                         clknet_0_clk (net)
                      0.107584    0.006936    0.231454 ^ clkbuf_4_4_0_clk/A (sky130_fd_sc_hd__clkbuf_8)
    11    0.060636    0.087160    0.144351    0.375805 ^ clkbuf_4_4_0_clk/X (sky130_fd_sc_hd__clkbuf_8)
                                                         clknet_4_4_0_clk (net)
                      0.087294    0.002780    0.378585 ^ _3089_/CLK (sky130_fd_sc_hd__dfrtp_2)
                                  0.500000    0.878585   clock uncertainty
                                  0.000000    0.878585   clock reconvergence pessimism
                                 -0.018956    0.859630   library hold time
                                              0.859630   data required time
---------------------------------------------------------------------------------------------
                                              0.859630   data required time
                                             -1.371240   data arrival time
---------------------------------------------------------------------------------------------
                                              0.511610   slack (MET)


Startpoint: _3159_ (rising edge-triggered flip-flop clocked by clk)
Endpoint: _3161_ (rising edge-triggered flip-flop clocked by clk)
Path Group: clk
Path Type: min

Fanout         Cap        Slew       Delay        Time   Description
---------------------------------------------------------------------------------------------
                                  0.000000    0.000000   clock clk (rise edge)
                                  0.000000    0.000000   clock source latency
     1    0.027726    0.097508    0.068012    0.068012 ^ clk (in)
                                                         clk (net)
                      0.097648    0.000000    0.068012 ^ clkbuf_0_clk/A (sky130_fd_sc_hd__clkbuf_16)
    16    0.123440    0.106891    0.156506    0.224518 ^ clkbuf_0_clk/X (sky130_fd_sc_hd__clkbuf_16)
                                                         clknet_0_clk (net)
                      0.108029    0.008811    0.233329 ^ clkbuf_4_14_0_clk/A (sky130_fd_sc_hd__clkbuf_8)
    11    0.072025    0.101070    0.155032    0.388361 ^ clkbuf_4_14_0_clk/X (sky130_fd_sc_hd__clkbuf_8)
                                                         clknet_4_14_0_clk (net)
                      0.101159    0.001746    0.390107 ^ _3159_/CLK (sky130_fd_sc_hd__dfrtp_4)
     7    0.035809    0.072847    0.347959    0.738066 v _3159_/Q (sky130_fd_sc_hd__dfrtp_4)
                                                         my_sum_sub.state[1] (net)
                      0.072981    0.002510    0.740576 v hold122/A (sky130_fd_sc_hd__dlygate4sd3_1)
    15    0.073372    0.249257    0.573973    1.314548 v hold122/X (sky130_fd_sc_hd__dlygate4sd3_1)
                                                         net127 (net)
                      0.249304    0.003335    1.317883 v _3161_/D (sky130_fd_sc_hd__dfrtp_4)
                                              1.317883   data arrival time

                                  0.000000    0.000000   clock clk (rise edge)
                                  0.000000    0.000000   clock source latency
     1    0.027726    0.097508    0.068012    0.068012 ^ clk (in)
                                                         clk (net)
                      0.097648    0.000000    0.068012 ^ clkbuf_0_clk/A (sky130_fd_sc_hd__clkbuf_16)
    16    0.123440    0.106891    0.156506    0.224518 ^ clkbuf_0_clk/X (sky130_fd_sc_hd__clkbuf_16)
                                                         clknet_0_clk (net)
                      0.108029    0.008811    0.233329 ^ clkbuf_4_14_0_clk/A (sky130_fd_sc_hd__clkbuf_8)
    11    0.072025    0.101070    0.155032    0.388361 ^ clkbuf_4_14_0_clk/X (sky130_fd_sc_hd__clkbuf_8)
                                                         clknet_4_14_0_clk (net)
                      0.101172    0.001978    0.390339 ^ _3161_/CLK (sky130_fd_sc_hd__dfrtp_4)
                                  0.500000    0.890339   clock uncertainty
                                  0.000000    0.890339   clock reconvergence pessimism
                                 -0.091864    0.798476   library hold time
                                              0.798476   data required time
---------------------------------------------------------------------------------------------
                                              0.798476   data required time
                                             -1.317883   data arrival time
---------------------------------------------------------------------------------------------
                                              0.519407   slack (MET)


Startpoint: _3091_ (rising edge-triggered flip-flop clocked by clk)
Endpoint: _3048_ (rising edge-triggered flip-flop clocked by clk)
Path Group: clk
Path Type: min

Fanout         Cap        Slew       Delay        Time   Description
---------------------------------------------------------------------------------------------
                                  0.000000    0.000000   clock clk (rise edge)
                                  0.000000    0.000000   clock source latency
     1    0.027726    0.097508    0.068012    0.068012 ^ clk (in)
                                                         clk (net)
                      0.097648    0.000000    0.068012 ^ clkbuf_0_clk/A (sky130_fd_sc_hd__clkbuf_16)
    16    0.123440    0.106891    0.156506    0.224518 ^ clkbuf_0_clk/X (sky130_fd_sc_hd__clkbuf_16)
                                                         clknet_0_clk (net)
                      0.107621    0.007111    0.231630 ^ clkbuf_4_9_0_clk/A (sky130_fd_sc_hd__clkbuf_8)
     7    0.060949    0.087547    0.144483    0.376113 ^ clkbuf_4_9_0_clk/X (sky130_fd_sc_hd__clkbuf_8)
                                                         clknet_4_9_0_clk (net)
                      0.087787    0.003707    0.379820 ^ _3091_/CLK (sky130_fd_sc_hd__dfrtp_2)
     8    0.027150    0.104490    0.287768    0.667588 ^ _3091_/Q (sky130_fd_sc_hd__dfrtp_2)
                                                         acc_reg[12] (net)
                      0.104518    0.001669    0.669256 ^ _1954_/C (sky130_fd_sc_hd__or4_1)
     1    0.003039    0.029611    0.080709    0.749965 ^ _1954_/X (sky130_fd_sc_hd__or4_1)
                                                         _0363_ (net)
                      0.029612    0.000216    0.750181 ^ _1955_/B (sky130_fd_sc_hd__or2_4)
    16    0.082992    0.191185    0.184146    0.934327 ^ _1955_/X (sky130_fd_sc_hd__or2_4)
                                                         _0364_ (net)
                      0.192312    0.011865    0.946192 ^ _2366_/B1 (sky130_fd_sc_hd__a22o_1)
     1    0.002694    0.030306    0.079605    1.025797 ^ _2366_/X (sky130_fd_sc_hd__a22o_1)
                                                         _0307_ (net)
                      0.030309    0.000172    1.025969 ^ hold203/A (sky130_fd_sc_hd__dlygate4sd3_1)
     1    0.002551    0.035774    0.368993    1.394962 ^ hold203/X (sky130_fd_sc_hd__dlygate4sd3_1)
                                                         net208 (net)
                      0.035774    0.000176    1.395138 ^ _3048_/D (sky130_fd_sc_hd__dfrtp_1)
                                              1.395138   data arrival time

                                  0.000000    0.000000   clock clk (rise edge)
                                  0.000000    0.000000   clock source latency
     1    0.027726    0.097508    0.068012    0.068012 ^ clk (in)
                                                         clk (net)
                      0.097648    0.000000    0.068012 ^ clkbuf_0_clk/A (sky130_fd_sc_hd__clkbuf_16)
    16    0.123440    0.106891    0.156506    0.224518 ^ clkbuf_0_clk/X (sky130_fd_sc_hd__clkbuf_16)
                                                         clknet_0_clk (net)
                      0.108049    0.008885    0.233404 ^ clkbuf_4_13_0_clk/A (sky130_fd_sc_hd__clkbuf_8)
    10    0.066136    0.093930    0.148856    0.382260 ^ clkbuf_4_13_0_clk/X (sky130_fd_sc_hd__clkbuf_8)
                                                         clknet_4_13_0_clk (net)
                      0.094386    0.005271    0.387531 ^ _3048_/CLK (sky130_fd_sc_hd__dfrtp_1)
                                  0.500000    0.887531   clock uncertainty
                                  0.000000    0.887531   clock reconvergence pessimism
                                 -0.018471    0.869060   library hold time
                                              0.869060   data required time
---------------------------------------------------------------------------------------------
                                              0.869060   data required time
                                             -1.395138   data arrival time
---------------------------------------------------------------------------------------------
                                              0.526078   slack (MET)


Startpoint: _3083_ (rising edge-triggered flip-flop clocked by clk)
Endpoint: _3045_ (rising edge-triggered flip-flop clocked by clk)
Path Group: clk
Path Type: min

Fanout         Cap        Slew       Delay        Time   Description
---------------------------------------------------------------------------------------------
                                  0.000000    0.000000   clock clk (rise edge)
                                  0.000000    0.000000   clock source latency
     1    0.027726    0.097508    0.068012    0.068012 ^ clk (in)
                                                         clk (net)
                      0.097648    0.000000    0.068012 ^ clkbuf_0_clk/A (sky130_fd_sc_hd__clkbuf_16)
    16    0.123440    0.106891    0.156506    0.224518 ^ clkbuf_0_clk/X (sky130_fd_sc_hd__clkbuf_16)
                                                         clknet_0_clk (net)
                      0.107516    0.006605    0.231123 ^ clkbuf_4_5_0_clk/A (sky130_fd_sc_hd__clkbuf_8)
    10    0.065462    0.093069    0.148740    0.379863 ^ clkbuf_4_5_0_clk/X (sky130_fd_sc_hd__clkbuf_8)
                                                         clknet_4_5_0_clk (net)
                      0.093298    0.003735    0.383598 ^ _3083_/CLK (sky130_fd_sc_hd__dfrtp_4)
    23    0.125805    0.269630    0.438835    0.822433 ^ _3083_/Q (sky130_fd_sc_hd__dfrtp_4)
                                                         acc_reg[4] (net)
                      0.271476    0.018012    0.840445 ^ _2373_/A (sky130_fd_sc_hd__and3_1)
     1    0.005278    0.052407    0.128656    0.969101 ^ _2373_/X (sky130_fd_sc_hd__and3_1)
                                                         _0685_ (net)
                      0.052408    0.000362    0.969464 ^ _2374_/C1 (sky130_fd_sc_hd__a221o_1)
     1    0.002502    0.026485    0.059791    1.029254 ^ _2374_/X (sky130_fd_sc_hd__a221o_1)
                                                         _0304_ (net)
                      0.026486    0.000175    1.029429 ^ hold205/A (sky130_fd_sc_hd__dlygate4sd3_1)
     1    0.002776    0.037132    0.369605    1.399035 ^ hold205/X (sky130_fd_sc_hd__dlygate4sd3_1)
                                                         net210 (net)
                      0.037132    0.000201    1.399236 ^ _3045_/D (sky130_fd_sc_hd__dfrtp_1)
                                              1.399236   data arrival time

                                  0.000000    0.000000   clock clk (rise edge)
                                  0.000000    0.000000   clock source latency
     1    0.027726    0.097508    0.068012    0.068012 ^ clk (in)
                                                         clk (net)
                      0.097648    0.000000    0.068012 ^ clkbuf_0_clk/A (sky130_fd_sc_hd__clkbuf_16)
    16    0.123440    0.106891    0.156506    0.224518 ^ clkbuf_0_clk/X (sky130_fd_sc_hd__clkbuf_16)
                                                         clknet_0_clk (net)
                      0.108049    0.008885    0.233404 ^ clkbuf_4_13_0_clk/A (sky130_fd_sc_hd__clkbuf_8)
    10    0.066136    0.093930    0.148856    0.382260 ^ clkbuf_4_13_0_clk/X (sky130_fd_sc_hd__clkbuf_8)
                                                         clknet_4_13_0_clk (net)
                      0.094289    0.004692    0.386952 ^ _3045_/CLK (sky130_fd_sc_hd__dfrtp_1)
                                  0.500000    0.886952   clock uncertainty
                                  0.000000    0.886952   clock reconvergence pessimism
                                 -0.018575    0.868377   library hold time
                                              0.868377   data required time
---------------------------------------------------------------------------------------------
                                              0.868377   data required time
                                             -1.399236   data arrival time
---------------------------------------------------------------------------------------------
                                              0.530859   slack (MET)


Startpoint: _3008_ (rising edge-triggered flip-flop clocked by clk)
Endpoint: _3010_ (rising edge-triggered flip-flop clocked by clk)
Path Group: clk
Path Type: min

Fanout         Cap        Slew       Delay        Time   Description
---------------------------------------------------------------------------------------------
                                  0.000000    0.000000   clock clk (rise edge)
                                  0.000000    0.000000   clock source latency
     1    0.027726    0.097508    0.068012    0.068012 ^ clk (in)
                                                         clk (net)
                      0.097648    0.000000    0.068012 ^ clkbuf_0_clk/A (sky130_fd_sc_hd__clkbuf_16)
    16    0.123440    0.106891    0.156506    0.224518 ^ clkbuf_0_clk/X (sky130_fd_sc_hd__clkbuf_16)
                                                         clknet_0_clk (net)
                      0.108012    0.008748    0.233267 ^ clkbuf_4_2_0_clk/A (sky130_fd_sc_hd__clkbuf_8)
    18    0.074804    0.104565    0.155121    0.388388 ^ clkbuf_4_2_0_clk/X (sky130_fd_sc_hd__clkbuf_8)
                                                         clknet_4_2_0_clk (net)
                      0.105179    0.006492    0.394880 ^ _3008_/CLK (sky130_fd_sc_hd__dfrtp_1)
     4    0.011153    0.081038    0.257638    0.652518 ^ _3008_/Q (sky130_fd_sc_hd__dfrtp_1)
                                                         my_divider.remainder_reg[7] (net)
                      0.081041    0.000606    0.653123 ^ _2699_/B (sky130_fd_sc_hd__and2b_1)
     2    0.005984    0.048991    0.094623    0.747747 ^ _2699_/X (sky130_fd_sc_hd__and2b_1)
                                                         _0975_ (net)
                      0.048993    0.000379    0.748126 ^ _2725_/B1 (sky130_fd_sc_hd__a21o_1)
     1    0.016907    0.114419    0.111311    0.859437 ^ _2725_/X (sky130_fd_sc_hd__a21o_1)
                                                         _1001_ (net)
                      0.114442    0.001336    0.860773 ^ _2726_/B (sky130_fd_sc_hd__xor2_4)
    12    0.050488    0.063587    0.103522    0.964296 v _2726_/X (sky130_fd_sc_hd__xor2_4)
                                                         _1002_ (net)
                      0.063796    0.002377    0.966673 v _2727_/B1 (sky130_fd_sc_hd__a22o_1)
     1    0.003155    0.024299    0.095262    1.061935 v _2727_/X (sky130_fd_sc_hd__a22o_1)
                                                         _0269_ (net)
                      0.024301    0.000192    1.062127 v hold192/A (sky130_fd_sc_hd__dlygate4sd3_1)
     1    0.002282    0.036362    0.354206    1.416332 v hold192/X (sky130_fd_sc_hd__dlygate4sd3_1)
                                                         net197 (net)
                      0.036362    0.000166    1.416498 v _3010_/D (sky130_fd_sc_hd__dfrtp_1)
                                              1.416498   data arrival time

                                  0.000000    0.000000   clock clk (rise edge)
                                  0.000000    0.000000   clock source latency
     1    0.027726    0.097508    0.068012    0.068012 ^ clk (in)
                                                         clk (net)
                      0.097648    0.000000    0.068012 ^ clkbuf_0_clk/A (sky130_fd_sc_hd__clkbuf_16)
    16    0.123440    0.106891    0.156506    0.224518 ^ clkbuf_0_clk/X (sky130_fd_sc_hd__clkbuf_16)
                                                         clknet_0_clk (net)
                      0.108012    0.008748    0.233267 ^ clkbuf_4_2_0_clk/A (sky130_fd_sc_hd__clkbuf_8)
    18    0.074804    0.104565    0.155121    0.388388 ^ clkbuf_4_2_0_clk/X (sky130_fd_sc_hd__clkbuf_8)
                                                         clknet_4_2_0_clk (net)
                      0.105459    0.007776    0.396164 ^ _3010_/CLK (sky130_fd_sc_hd__dfrtp_1)
                                  0.500000    0.896164   clock uncertainty
                                  0.000000    0.896164   clock reconvergence pessimism
                                 -0.026475    0.869689   library hold time
                                              0.869689   data required time
---------------------------------------------------------------------------------------------
                                              0.869689   data required time
                                             -1.416498   data arrival time
---------------------------------------------------------------------------------------------
                                              0.546809   slack (MET)


Startpoint: _3005_ (rising edge-triggered flip-flop clocked by clk)
Endpoint: _3007_ (rising edge-triggered flip-flop clocked by clk)
Path Group: clk
Path Type: min

Fanout         Cap        Slew       Delay        Time   Description
---------------------------------------------------------------------------------------------
                                  0.000000    0.000000   clock clk (rise edge)
                                  0.000000    0.000000   clock source latency
     1    0.027726    0.097508    0.068012    0.068012 ^ clk (in)
                                                         clk (net)
                      0.097648    0.000000    0.068012 ^ clkbuf_0_clk/A (sky130_fd_sc_hd__clkbuf_16)
    16    0.123440    0.106891    0.156506    0.224518 ^ clkbuf_0_clk/X (sky130_fd_sc_hd__clkbuf_16)
                                                         clknet_0_clk (net)
                      0.108012    0.008748    0.233267 ^ clkbuf_4_2_0_clk/A (sky130_fd_sc_hd__clkbuf_8)
    18    0.074804    0.104565    0.155121    0.388388 ^ clkbuf_4_2_0_clk/X (sky130_fd_sc_hd__clkbuf_8)
                                                         clknet_4_2_0_clk (net)
                      0.105498    0.007936    0.396324 ^ _3005_/CLK (sky130_fd_sc_hd__dfrtp_1)
     4    0.011975    0.086236    0.261363    0.657686 ^ _3005_/Q (sky130_fd_sc_hd__dfrtp_1)
                                                         my_divider.remainder_reg[4] (net)
                      0.086240    0.000740    0.658427 ^ _2704_/B (sky130_fd_sc_hd__and2b_1)
     3    0.010475    0.077517    0.116606    0.775033 ^ _2704_/X (sky130_fd_sc_hd__and2b_1)
                                                         _0980_ (net)
                      0.077519    0.000484    0.775516 ^ _2737_/B (sky130_fd_sc_hd__nor3_1)
     1    0.002737    0.027221    0.033551    0.809067 v _2737_/Y (sky130_fd_sc_hd__nor3_1)
                                                         _1010_ (net)
                      0.027221    0.000188    0.809255 v _2738_/B (sky130_fd_sc_hd__nor2_1)
     1    0.002716    0.052132    0.052688    0.861944 ^ _2738_/Y (sky130_fd_sc_hd__nor2_1)
                                                         _1011_ (net)
                      0.052132    0.000127    0.862070 ^ _2739_/A1 (sky130_fd_sc_hd__mux2_1)
     1    0.003443    0.032516    0.081880    0.943950 ^ _2739_/X (sky130_fd_sc_hd__mux2_1)
                                                         _1012_ (net)
                      0.032518    0.000234    0.944184 ^ _2740_/B1 (sky130_fd_sc_hd__a22o_1)
     1    0.003533    0.034013    0.067435    1.011618 ^ _2740_/X (sky130_fd_sc_hd__a22o_1)
                                                         _1013_ (net)
                      0.034015    0.000240    1.011858 ^ _2741_/B1 (sky130_fd_sc_hd__a21o_1)
     1    0.003151    0.027374    0.048225    1.060084 ^ _2741_/X (sky130_fd_sc_hd__a21o_1)
                                                         _0266_ (net)
                      0.027374    0.000133    1.060217 ^ hold296/A (sky130_fd_sc_hd__dlygate4sd3_1)
     1    0.003666    0.043451    0.375530    1.435747 ^ hold296/X (sky130_fd_sc_hd__dlygate4sd3_1)
                                                         net301 (net)
                      0.043451    0.000154    1.435901 ^ _3007_/D (sky130_fd_sc_hd__dfrtp_1)
                                              1.435901   data arrival time

                                  0.000000    0.000000   clock clk (rise edge)
                                  0.000000    0.000000   clock source latency
     1    0.027726    0.097508    0.068012    0.068012 ^ clk (in)
                                                         clk (net)
                      0.097648    0.000000    0.068012 ^ clkbuf_0_clk/A (sky130_fd_sc_hd__clkbuf_16)
    16    0.123440    0.106891    0.156506    0.224518 ^ clkbuf_0_clk/X (sky130_fd_sc_hd__clkbuf_16)
                                                         clknet_0_clk (net)
                      0.108012    0.008748    0.233267 ^ clkbuf_4_2_0_clk/A (sky130_fd_sc_hd__clkbuf_8)
    18    0.074804    0.104565    0.155121    0.388388 ^ clkbuf_4_2_0_clk/X (sky130_fd_sc_hd__clkbuf_8)
                                                         clknet_4_2_0_clk (net)
                      0.105495    0.007923    0.396311 ^ _3007_/CLK (sky130_fd_sc_hd__dfrtp_1)
                                  0.500000    0.896311   clock uncertainty
                                  0.000000    0.896311   clock reconvergence pessimism
                                 -0.018748    0.877563   library hold time
                                              0.877563   data required time
---------------------------------------------------------------------------------------------
                                              0.877563   data required time
                                             -1.435901   data arrival time
---------------------------------------------------------------------------------------------
                                              0.558338   slack (MET)


Startpoint: _3079_ (rising edge-triggered flip-flop clocked by clk)
Endpoint: _3001_ (rising edge-triggered flip-flop clocked by clk)
Path Group: clk
Path Type: min

Fanout         Cap        Slew       Delay        Time   Description
---------------------------------------------------------------------------------------------
                                  0.000000    0.000000   clock clk (rise edge)
                                  0.000000    0.000000   clock source latency
     1    0.027726    0.097508    0.068012    0.068012 ^ clk (in)
                                                         clk (net)
                      0.097648    0.000000    0.068012 ^ clkbuf_0_clk/A (sky130_fd_sc_hd__clkbuf_16)
    16    0.123440    0.106891    0.156506    0.224518 ^ clkbuf_0_clk/X (sky130_fd_sc_hd__clkbuf_16)
                                                         clknet_0_clk (net)
                      0.107447    0.006247    0.230765 ^ clkbuf_4_6_0_clk/A (sky130_fd_sc_hd__clkbuf_8)
    12    0.060120    0.086529    0.143690    0.374455 ^ clkbuf_4_6_0_clk/X (sky130_fd_sc_hd__clkbuf_8)
                                                         clknet_4_6_0_clk (net)
                      0.086785    0.003800    0.378255 ^ _3079_/CLK (sky130_fd_sc_hd__dfrtp_4)
    17    0.078532    0.174724    0.369489    0.747744 ^ _3079_/Q (sky130_fd_sc_hd__dfrtp_4)
                                                         acc_reg[0] (net)
                      0.175247    0.007881    0.755625 ^ _2360_/A (sky130_fd_sc_hd__and2_1)
     3    0.024576    0.183154    0.197559    0.953184 ^ _2360_/X (sky130_fd_sc_hd__and2_1)
                                                         _0676_ (net)
                      0.183207    0.002562    0.955746 ^ _2766_/A1 (sky130_fd_sc_hd__a22o_1)
     1    0.002084    0.025679    0.088615    1.044361 ^ _2766_/X (sky130_fd_sc_hd__a22o_1)
                                                         _0260_ (net)
                      0.025679    0.000095    1.044456 ^ hold210/A (sky130_fd_sc_hd__dlygate4sd3_1)
     1    0.002905    0.037953    0.370261    1.414717 ^ hold210/X (sky130_fd_sc_hd__dlygate4sd3_1)
                                                         net215 (net)
                      0.038419    0.000204    1.414921 ^ _3001_/D (sky130_fd_sc_hd__dfrtp_1)
                                              1.414921   data arrival time

                                  0.000000    0.000000   clock clk (rise edge)
                                  0.000000    0.000000   clock source latency
     1    0.027726    0.097508    0.068012    0.068012 ^ clk (in)
                                                         clk (net)
                      0.097648    0.000000    0.068012 ^ clkbuf_0_clk/A (sky130_fd_sc_hd__clkbuf_16)
    16    0.123440    0.106891    0.156506    0.224518 ^ clkbuf_0_clk/X (sky130_fd_sc_hd__clkbuf_16)
                                                         clknet_0_clk (net)
                      0.107739    0.007645    0.232164 ^ clkbuf_4_8_0_clk/A (sky130_fd_sc_hd__clkbuf_8)
     9    0.054386    0.079495    0.138868    0.371032 ^ clkbuf_4_8_0_clk/X (sky130_fd_sc_hd__clkbuf_8)
                                                         clknet_4_8_0_clk (net)
                      0.079717    0.003378    0.374409 ^ _3001_/CLK (sky130_fd_sc_hd__dfrtp_1)
                                  0.500000    0.874409   clock uncertainty
                                  0.000000    0.874409   clock reconvergence pessimism
                                 -0.019058    0.855351   library hold time
                                              0.855351   data required time
---------------------------------------------------------------------------------------------
                                              0.855351   data required time
                                             -1.414921   data arrival time
---------------------------------------------------------------------------------------------
                                              0.559570   slack (MET)


Startpoint: _2992_ (rising edge-triggered flip-flop clocked by clk)
Endpoint: _2992_ (rising edge-triggered flip-flop clocked by clk)
Path Group: clk
Path Type: min

Fanout         Cap        Slew       Delay        Time   Description
---------------------------------------------------------------------------------------------
                                  0.000000    0.000000   clock clk (rise edge)
                                  0.000000    0.000000   clock source latency
     1    0.027726    0.097508    0.068012    0.068012 ^ clk (in)
                                                         clk (net)
                      0.097648    0.000000    0.068012 ^ clkbuf_0_clk/A (sky130_fd_sc_hd__clkbuf_16)
    16    0.123440    0.106891    0.156506    0.224518 ^ clkbuf_0_clk/X (sky130_fd_sc_hd__clkbuf_16)
                                                         clknet_0_clk (net)
                      0.108012    0.008748    0.233267 ^ clkbuf_4_2_0_clk/A (sky130_fd_sc_hd__clkbuf_8)
    18    0.074804    0.104565    0.155121    0.388388 ^ clkbuf_4_2_0_clk/X (sky130_fd_sc_hd__clkbuf_8)
                                                         clknet_4_2_0_clk (net)
                      0.105552    0.008154    0.396542 ^ _2992_/CLK (sky130_fd_sc_hd__dfrtp_1)
     3    0.006760    0.054812    0.236926    0.633467 ^ _2992_/Q (sky130_fd_sc_hd__dfrtp_1)
                                                         my_divider.divisor_reg[3] (net)
                      0.054812    0.000213    0.633681 ^ hold69/A (sky130_fd_sc_hd__dlygate4sd3_1)
     1    0.001953    0.032515    0.370357    1.004038 ^ hold69/X (sky130_fd_sc_hd__dlygate4sd3_1)
                                                         net74 (net)
                      0.032515    0.000137    1.004175 ^ _2782_/A0 (sky130_fd_sc_hd__mux2_1)
     1    0.002071    0.024626    0.067902    1.072077 ^ _2782_/X (sky130_fd_sc_hd__mux2_1)
                                                         _0251_ (net)
                      0.024627    0.000097    1.072174 ^ hold70/A (sky130_fd_sc_hd__dlygate4sd3_1)
     1    0.002563    0.035843    0.367851    1.440024 ^ hold70/X (sky130_fd_sc_hd__dlygate4sd3_1)
                                                         net75 (net)
                      0.035843    0.000176    1.440201 ^ _2992_/D (sky130_fd_sc_hd__dfrtp_1)
                                              1.440201   data arrival time

                                  0.000000    0.000000   clock clk (rise edge)
                                  0.000000    0.000000   clock source latency
     1    0.027726    0.097508    0.068012    0.068012 ^ clk (in)
                                                         clk (net)
                      0.097648    0.000000    0.068012 ^ clkbuf_0_clk/A (sky130_fd_sc_hd__clkbuf_16)
    16    0.123440    0.106891    0.156506    0.224518 ^ clkbuf_0_clk/X (sky130_fd_sc_hd__clkbuf_16)
                                                         clknet_0_clk (net)
                      0.108012    0.008748    0.233267 ^ clkbuf_4_2_0_clk/A (sky130_fd_sc_hd__clkbuf_8)
    18    0.074804    0.104565    0.155121    0.388388 ^ clkbuf_4_2_0_clk/X (sky130_fd_sc_hd__clkbuf_8)
                                                         clknet_4_2_0_clk (net)
                      0.105552    0.008154    0.396542 ^ _2992_/CLK (sky130_fd_sc_hd__dfrtp_1)
                                  0.500000    0.896542   clock uncertainty
                                  0.000000    0.896542   clock reconvergence pessimism
                                 -0.018180    0.878362   library hold time
                                              0.878362   data required time
---------------------------------------------------------------------------------------------
                                              0.878362   data required time
                                             -1.440201   data arrival time
---------------------------------------------------------------------------------------------
                                              0.561839   slack (MET)


Startpoint: _2991_ (rising edge-triggered flip-flop clocked by clk)
Endpoint: _2991_ (rising edge-triggered flip-flop clocked by clk)
Path Group: clk
Path Type: min

Fanout         Cap        Slew       Delay        Time   Description
---------------------------------------------------------------------------------------------
                                  0.000000    0.000000   clock clk (rise edge)
                                  0.000000    0.000000   clock source latency
     1    0.027726    0.097508    0.068012    0.068012 ^ clk (in)
                                                         clk (net)
                      0.097648    0.000000    0.068012 ^ clkbuf_0_clk/A (sky130_fd_sc_hd__clkbuf_16)
    16    0.123440    0.106891    0.156506    0.224518 ^ clkbuf_0_clk/X (sky130_fd_sc_hd__clkbuf_16)
                                                         clknet_0_clk (net)
                      0.107865    0.008170    0.232689 ^ clkbuf_4_10_0_clk/A (sky130_fd_sc_hd__clkbuf_8)
    10    0.054933    0.080107    0.139852    0.372541 ^ clkbuf_4_10_0_clk/X (sky130_fd_sc_hd__clkbuf_8)
                                                         clknet_4_10_0_clk (net)
                      0.080247    0.002288    0.374829 ^ _2991_/CLK (sky130_fd_sc_hd__dfrtp_1)
     3    0.007031    0.056471    0.231575    0.606404 ^ _2991_/Q (sky130_fd_sc_hd__dfrtp_1)
                                                         my_divider.divisor_reg[2] (net)
                      0.056472    0.000335    0.606740 ^ hold65/A (sky130_fd_sc_hd__dlygate4sd3_1)
     1    0.002043    0.032988    0.371200    0.977940 ^ hold65/X (sky130_fd_sc_hd__dlygate4sd3_1)
                                                         net70 (net)
                      0.032988    0.000092    0.978032 ^ _2783_/A0 (sky130_fd_sc_hd__mux2_1)
     1    0.002894    0.029218    0.072312    1.050345 ^ _2783_/X (sky130_fd_sc_hd__mux2_1)
                                                         _0250_ (net)
                      0.029219    0.000180    1.050525 ^ hold66/A (sky130_fd_sc_hd__dlygate4sd3_1)
     1    0.003086    0.039596    0.372161    1.422686 ^ hold66/X (sky130_fd_sc_hd__dlygate4sd3_1)
                                                         net71 (net)
                      0.039596    0.000230    1.422917 ^ _2991_/D (sky130_fd_sc_hd__dfrtp_1)
                                              1.422917   data arrival time

                                  0.000000    0.000000   clock clk (rise edge)
                                  0.000000    0.000000   clock source latency
     1    0.027726    0.097508    0.068012    0.068012 ^ clk (in)
                                                         clk (net)
                      0.097648    0.000000    0.068012 ^ clkbuf_0_clk/A (sky130_fd_sc_hd__clkbuf_16)
    16    0.123440    0.106891    0.156506    0.224518 ^ clkbuf_0_clk/X (sky130_fd_sc_hd__clkbuf_16)
                                                         clknet_0_clk (net)
                      0.107865    0.008170    0.232689 ^ clkbuf_4_10_0_clk/A (sky130_fd_sc_hd__clkbuf_8)
    10    0.054933    0.080107    0.139852    0.372541 ^ clkbuf_4_10_0_clk/X (sky130_fd_sc_hd__clkbuf_8)
                                                         clknet_4_10_0_clk (net)
                      0.080247    0.002288    0.374829 ^ _2991_/CLK (sky130_fd_sc_hd__dfrtp_1)
                                  0.500000    0.874829   clock uncertainty
                                  0.000000    0.874829   clock reconvergence pessimism
                                 -0.019132    0.855697   library hold time
                                              0.855697   data required time
---------------------------------------------------------------------------------------------
                                              0.855697   data required time
                                             -1.422917   data arrival time
---------------------------------------------------------------------------------------------
                                              0.567220   slack (MET)


Startpoint: _3106_ (rising edge-triggered flip-flop clocked by clk)
Endpoint: _2996_ (rising edge-triggered flip-flop clocked by clk)
Path Group: clk
Path Type: min

Fanout         Cap        Slew       Delay        Time   Description
---------------------------------------------------------------------------------------------
                                  0.000000    0.000000   clock clk (rise edge)
                                  0.000000    0.000000   clock source latency
     1    0.027726    0.097508    0.068012    0.068012 ^ clk (in)
                                                         clk (net)
                      0.097648    0.000000    0.068012 ^ clkbuf_0_clk/A (sky130_fd_sc_hd__clkbuf_16)
    16    0.123440    0.106891    0.156506    0.224518 ^ clkbuf_0_clk/X (sky130_fd_sc_hd__clkbuf_16)
                                                         clknet_0_clk (net)
                      0.107584    0.006936    0.231454 ^ clkbuf_4_4_0_clk/A (sky130_fd_sc_hd__clkbuf_8)
    11    0.060636    0.087160    0.144351    0.375805 ^ clkbuf_4_4_0_clk/X (sky130_fd_sc_hd__clkbuf_8)
                                                         clknet_4_4_0_clk (net)
                      0.087363    0.003401    0.379206 ^ _3106_/CLK (sky130_fd_sc_hd__dfrtp_4)
     8    0.050294    0.120544    0.331474    0.710680 ^ _3106_/Q (sky130_fd_sc_hd__dfrtp_4)
                                                         my_mul.x2[11] (net)
                      0.120786    0.003507    0.714187 ^ _1948_/B (sky130_fd_sc_hd__or2_1)
     2    0.009303    0.072241    0.105290    0.819477 ^ _1948_/X (sky130_fd_sc_hd__or2_1)
                                                         _1492_ (net)
                      0.072245    0.000613    0.820090 ^ _2300_/C (sky130_fd_sc_hd__or4_4)
    10    0.059298    0.133065    0.163397    0.983488 ^ _2300_/X (sky130_fd_sc_hd__or4_4)
                                                         _0623_ (net)
                      0.133261    0.004212    0.987699 ^ _2777_/A1 (sky130_fd_sc_hd__mux2_1)
     1    0.002015    0.024563    0.090498    1.078197 ^ _2777_/X (sky130_fd_sc_hd__mux2_1)
                                                         _0255_ (net)
                      0.024563    0.000092    1.078290 ^ hold97/A (sky130_fd_sc_hd__dlygate4sd3_1)
     1    0.002478    0.035354    0.367287    1.445577 ^ hold97/X (sky130_fd_sc_hd__dlygate4sd3_1)
                                                         net102 (net)
                      0.035354    0.000180    1.445757 ^ _2996_/D (sky130_fd_sc_hd__dfrtp_1)
                                              1.445757   data arrival time

                                  0.000000    0.000000   clock clk (rise edge)
                                  0.000000    0.000000   clock source latency
     1    0.027726    0.097508    0.068012    0.068012 ^ clk (in)
                                                         clk (net)
                      0.097648    0.000000    0.068012 ^ clkbuf_0_clk/A (sky130_fd_sc_hd__clkbuf_16)
    16    0.123440    0.106891    0.156506    0.224518 ^ clkbuf_0_clk/X (sky130_fd_sc_hd__clkbuf_16)
                                                         clknet_0_clk (net)
                      0.108012    0.008748    0.233267 ^ clkbuf_4_2_0_clk/A (sky130_fd_sc_hd__clkbuf_8)
    18    0.074804    0.104565    0.155121    0.388388 ^ clkbuf_4_2_0_clk/X (sky130_fd_sc_hd__clkbuf_8)
                                                         clknet_4_2_0_clk (net)
                      0.105231    0.006750    0.395138 ^ _2996_/CLK (sky130_fd_sc_hd__dfrtp_1)
                                  0.500000    0.895138   clock uncertainty
                                  0.000000    0.895138   clock reconvergence pessimism
                                 -0.018152    0.876986   library hold time
                                              0.876986   data required time
---------------------------------------------------------------------------------------------
                                              0.876986   data required time
                                             -1.445757   data arrival time
---------------------------------------------------------------------------------------------
                                              0.568770   slack (MET)


Startpoint: _2990_ (rising edge-triggered flip-flop clocked by clk)
Endpoint: _2990_ (rising edge-triggered flip-flop clocked by clk)
Path Group: clk
Path Type: min

Fanout         Cap        Slew       Delay        Time   Description
---------------------------------------------------------------------------------------------
                                  0.000000    0.000000   clock clk (rise edge)
                                  0.000000    0.000000   clock source latency
     1    0.027726    0.097508    0.068012    0.068012 ^ clk (in)
                                                         clk (net)
                      0.097648    0.000000    0.068012 ^ clkbuf_0_clk/A (sky130_fd_sc_hd__clkbuf_16)
    16    0.123440    0.106891    0.156506    0.224518 ^ clkbuf_0_clk/X (sky130_fd_sc_hd__clkbuf_16)
                                                         clknet_0_clk (net)
                      0.107865    0.008170    0.232689 ^ clkbuf_4_10_0_clk/A (sky130_fd_sc_hd__clkbuf_8)
    10    0.054933    0.080107    0.139852    0.372541 ^ clkbuf_4_10_0_clk/X (sky130_fd_sc_hd__clkbuf_8)
                                                         clknet_4_10_0_clk (net)
                      0.080235    0.002152    0.374694 ^ _2990_/CLK (sky130_fd_sc_hd__dfrtp_1)
     2    0.006325    0.052218    0.228194    0.602887 ^ _2990_/Q (sky130_fd_sc_hd__dfrtp_1)
                                                         my_divider.divisor_reg[1] (net)
                      0.052219    0.000260    0.603147 ^ hold74/A (sky130_fd_sc_hd__dlygate4sd3_1)
     2    0.005892    0.058167    0.392935    0.996082 ^ hold74/X (sky130_fd_sc_hd__dlygate4sd3_1)
                                                         net79 (net)
                      0.058167    0.000187    0.996269 ^ _2784_/A0 (sky130_fd_sc_hd__mux2_1)
     1    0.001992    0.024301    0.074313    1.070583 ^ _2784_/X (sky130_fd_sc_hd__mux2_1)
                                                         _0249_ (net)
                      0.024301    0.000092    1.070675 ^ hold75/A (sky130_fd_sc_hd__dlygate4sd3_1)
     1    0.002777    0.037141    0.369152    1.439827 ^ hold75/X (sky130_fd_sc_hd__dlygate4sd3_1)
                                                         net80 (net)
                      0.037141    0.000187    1.440014 ^ _2990_/D (sky130_fd_sc_hd__dfrtp_1)
                                              1.440014   data arrival time

                                  0.000000    0.000000   clock clk (rise edge)
                                  0.000000    0.000000   clock source latency
     1    0.027726    0.097508    0.068012    0.068012 ^ clk (in)
                                                         clk (net)
                      0.097648    0.000000    0.068012 ^ clkbuf_0_clk/A (sky130_fd_sc_hd__clkbuf_16)
    16    0.123440    0.106891    0.156506    0.224518 ^ clkbuf_0_clk/X (sky130_fd_sc_hd__clkbuf_16)
                                                         clknet_0_clk (net)
                      0.107865    0.008170    0.232689 ^ clkbuf_4_10_0_clk/A (sky130_fd_sc_hd__clkbuf_8)
    10    0.054933    0.080107    0.139852    0.372541 ^ clkbuf_4_10_0_clk/X (sky130_fd_sc_hd__clkbuf_8)
                                                         clknet_4_10_0_clk (net)
                      0.080235    0.002152    0.374694 ^ _2990_/CLK (sky130_fd_sc_hd__dfrtp_1)
                                  0.500000    0.874694   clock uncertainty
                                  0.000000    0.874694   clock reconvergence pessimism
                                 -0.018949    0.855745   library hold time
                                              0.855745   data required time
---------------------------------------------------------------------------------------------
                                              0.855745   data required time
                                             -1.440014   data arrival time
---------------------------------------------------------------------------------------------
                                              0.584269   slack (MET)


Startpoint: _2994_ (rising edge-triggered flip-flop clocked by clk)
Endpoint: _2994_ (rising edge-triggered flip-flop clocked by clk)
Path Group: clk
Path Type: min

Fanout         Cap        Slew       Delay        Time   Description
---------------------------------------------------------------------------------------------
                                  0.000000    0.000000   clock clk (rise edge)
                                  0.000000    0.000000   clock source latency
     1    0.027726    0.097508    0.068012    0.068012 ^ clk (in)
                                                         clk (net)
                      0.097648    0.000000    0.068012 ^ clkbuf_0_clk/A (sky130_fd_sc_hd__clkbuf_16)
    16    0.123440    0.106891    0.156506    0.224518 ^ clkbuf_0_clk/X (sky130_fd_sc_hd__clkbuf_16)
                                                         clknet_0_clk (net)
                      0.108012    0.008748    0.233267 ^ clkbuf_4_2_0_clk/A (sky130_fd_sc_hd__clkbuf_8)
    18    0.074804    0.104565    0.155121    0.388388 ^ clkbuf_4_2_0_clk/X (sky130_fd_sc_hd__clkbuf_8)
                                                         clknet_4_2_0_clk (net)
                      0.105417    0.007597    0.395985 ^ _2994_/CLK (sky130_fd_sc_hd__dfrtp_1)
     3    0.010258    0.075834    0.253498    0.649483 ^ _2994_/Q (sky130_fd_sc_hd__dfrtp_1)
                                                         my_divider.divisor_reg[5] (net)
                      0.075836    0.000489    0.649972 ^ hold131/A (sky130_fd_sc_hd__dlygate4sd3_1)
     1    0.002414    0.034995    0.376585    1.026557 ^ hold131/X (sky130_fd_sc_hd__dlygate4sd3_1)
                                                         net136 (net)
                      0.034995    0.000174    1.026731 ^ _2780_/A0 (sky130_fd_sc_hd__mux2_1)
     1    0.003301    0.031556    0.074971    1.101702 ^ _2780_/X (sky130_fd_sc_hd__mux2_1)
                                                         _0253_ (net)
                      0.031557    0.000233    1.101936 ^ hold132/A (sky130_fd_sc_hd__dlygate4sd3_1)
     1    0.002559    0.035826    0.369313    1.471248 ^ hold132/X (sky130_fd_sc_hd__dlygate4sd3_1)
                                                         net137 (net)
                      0.035826    0.000178    1.471426 ^ _2994_/D (sky130_fd_sc_hd__dfrtp_1)
                                              1.471426   data arrival time

                                  0.000000    0.000000   clock clk (rise edge)
                                  0.000000    0.000000   clock source latency
     1    0.027726    0.097508    0.068012    0.068012 ^ clk (in)
                                                         clk (net)
                      0.097648    0.000000    0.068012 ^ clkbuf_0_clk/A (sky130_fd_sc_hd__clkbuf_16)
    16    0.123440    0.106891    0.156506    0.224518 ^ clkbuf_0_clk/X (sky130_fd_sc_hd__clkbuf_16)
                                                         clknet_0_clk (net)
                      0.108012    0.008748    0.233267 ^ clkbuf_4_2_0_clk/A (sky130_fd_sc_hd__clkbuf_8)
    18    0.074804    0.104565    0.155121    0.388388 ^ clkbuf_4_2_0_clk/X (sky130_fd_sc_hd__clkbuf_8)
                                                         clknet_4_2_0_clk (net)
                      0.105417    0.007597    0.395985 ^ _2994_/CLK (sky130_fd_sc_hd__dfrtp_1)
                                  0.500000    0.895985   clock uncertainty
                                  0.000000    0.895985   clock reconvergence pessimism
                                 -0.018182    0.877803   library hold time
                                              0.877803   data required time
---------------------------------------------------------------------------------------------
                                              0.877803   data required time
                                             -1.471426   data arrival time
---------------------------------------------------------------------------------------------
                                              0.593623   slack (MET)


Startpoint: _2993_ (rising edge-triggered flip-flop clocked by clk)
Endpoint: _2993_ (rising edge-triggered flip-flop clocked by clk)
Path Group: clk
Path Type: min

Fanout         Cap        Slew       Delay        Time   Description
---------------------------------------------------------------------------------------------
                                  0.000000    0.000000   clock clk (rise edge)
                                  0.000000    0.000000   clock source latency
     1    0.027726    0.097508    0.068012    0.068012 ^ clk (in)
                                                         clk (net)
                      0.097648    0.000000    0.068012 ^ clkbuf_0_clk/A (sky130_fd_sc_hd__clkbuf_16)
    16    0.123440    0.106891    0.156506    0.224518 ^ clkbuf_0_clk/X (sky130_fd_sc_hd__clkbuf_16)
                                                         clknet_0_clk (net)
                      0.107739    0.007645    0.232164 ^ clkbuf_4_8_0_clk/A (sky130_fd_sc_hd__clkbuf_8)
     9    0.054386    0.079495    0.138868    0.371032 ^ clkbuf_4_8_0_clk/X (sky130_fd_sc_hd__clkbuf_8)
                                                         clknet_4_8_0_clk (net)
                      0.079718    0.003392    0.374424 ^ _2993_/CLK (sky130_fd_sc_hd__dfrtp_1)
     3    0.011562    0.083654    0.252906    0.627329 ^ _2993_/Q (sky130_fd_sc_hd__dfrtp_1)
                                                         my_divider.divisor_reg[4] (net)
                      0.083654    0.000402    0.627732 ^ hold88/A (sky130_fd_sc_hd__dlygate4sd3_1)
     1    0.003056    0.038903    0.381939    1.009670 ^ hold88/X (sky130_fd_sc_hd__dlygate4sd3_1)
                                                         net93 (net)
                      0.039382    0.000186    1.009856 ^ _2781_/A0 (sky130_fd_sc_hd__mux2_1)
     1    0.002508    0.027025    0.072091    1.081947 ^ _2781_/X (sky130_fd_sc_hd__mux2_1)
                                                         _0252_ (net)
                      0.027026    0.000164    1.082111 ^ hold89/A (sky130_fd_sc_hd__dlygate4sd3_1)
     1    0.002370    0.034762    0.367149    1.449260 ^ hold89/X (sky130_fd_sc_hd__dlygate4sd3_1)
                                                         net94 (net)
                      0.034762    0.000110    1.449369 ^ _2993_/D (sky130_fd_sc_hd__dfrtp_1)
                                              1.449369   data arrival time

                                  0.000000    0.000000   clock clk (rise edge)
                                  0.000000    0.000000   clock source latency
     1    0.027726    0.097508    0.068012    0.068012 ^ clk (in)
                                                         clk (net)
                      0.097648    0.000000    0.068012 ^ clkbuf_0_clk/A (sky130_fd_sc_hd__clkbuf_16)
    16    0.123440    0.106891    0.156506    0.224518 ^ clkbuf_0_clk/X (sky130_fd_sc_hd__clkbuf_16)
                                                         clknet_0_clk (net)
                      0.107739    0.007645    0.232164 ^ clkbuf_4_8_0_clk/A (sky130_fd_sc_hd__clkbuf_8)
     9    0.054386    0.079495    0.138868    0.371032 ^ clkbuf_4_8_0_clk/X (sky130_fd_sc_hd__clkbuf_8)
                                                         clknet_4_8_0_clk (net)
                      0.079718    0.003392    0.374424 ^ _2993_/CLK (sky130_fd_sc_hd__dfrtp_1)
                                  0.500000    0.874424   clock uncertainty
                                  0.000000    0.874424   clock reconvergence pessimism
                                 -0.018784    0.855639   library hold time
                                              0.855639   data required time
---------------------------------------------------------------------------------------------
                                              0.855639   data required time
                                             -1.449369   data arrival time
---------------------------------------------------------------------------------------------
                                              0.593730   slack (MET)


Startpoint: _3013_ (rising edge-triggered flip-flop clocked by clk)
Endpoint: _3013_ (rising edge-triggered flip-flop clocked by clk)
Path Group: clk
Path Type: min

Fanout         Cap        Slew       Delay        Time   Description
---------------------------------------------------------------------------------------------
                                  0.000000    0.000000   clock clk (rise edge)
                                  0.000000    0.000000   clock source latency
     1    0.027726    0.097508    0.068012    0.068012 ^ clk (in)
                                                         clk (net)
                      0.097648    0.000000    0.068012 ^ clkbuf_0_clk/A (sky130_fd_sc_hd__clkbuf_16)
    16    0.123440    0.106891    0.156506    0.224518 ^ clkbuf_0_clk/X (sky130_fd_sc_hd__clkbuf_16)
                                                         clknet_0_clk (net)
                      0.107887    0.008261    0.232779 ^ clkbuf_4_3_0_clk/A (sky130_fd_sc_hd__clkbuf_8)
    11    0.061023    0.087580    0.145026    0.377806 ^ clkbuf_4_3_0_clk/X (sky130_fd_sc_hd__clkbuf_8)
                                                         clknet_4_3_0_clk (net)
                      0.087722    0.002393    0.380199 ^ _3013_/CLK (sky130_fd_sc_hd__dfrtp_1)
     1    0.002467    0.029823    0.210434    0.590633 ^ _3013_/Q (sky130_fd_sc_hd__dfrtp_1)
                                                         div_quotient[3] (net)
                      0.029823    0.000172    0.590804 ^ hold84/A (sky130_fd_sc_hd__dlygate4sd3_1)
     3    0.009976    0.085844    0.410264    1.001069 ^ hold84/X (sky130_fd_sc_hd__dlygate4sd3_1)
                                                         net89 (net)
                      0.085845    0.000545    1.001613 ^ _2696_/B2 (sky130_fd_sc_hd__a22o_1)
     1    0.004458    0.040503    0.084541    1.086154 ^ _2696_/X (sky130_fd_sc_hd__a22o_1)
                                                         _0272_ (net)
                      0.040504    0.000321    1.086475 ^ hold111/A (sky130_fd_sc_hd__dlygate4sd3_1)
     1    0.002451    0.035228    0.370560    1.457036 ^ hold111/X (sky130_fd_sc_hd__dlygate4sd3_1)
                                                         net116 (net)
                      0.035228    0.000115    1.457151 ^ _3013_/D (sky130_fd_sc_hd__dfrtp_1)
                                              1.457151   data arrival time

                                  0.000000    0.000000   clock clk (rise edge)
                                  0.000000    0.000000   clock source latency
     1    0.027726    0.097508    0.068012    0.068012 ^ clk (in)
                                                         clk (net)
                      0.097648    0.000000    0.068012 ^ clkbuf_0_clk/A (sky130_fd_sc_hd__clkbuf_16)
    16    0.123440    0.106891    0.156506    0.224518 ^ clkbuf_0_clk/X (sky130_fd_sc_hd__clkbuf_16)
                                                         clknet_0_clk (net)
                      0.107887    0.008261    0.232779 ^ clkbuf_4_3_0_clk/A (sky130_fd_sc_hd__clkbuf_8)
    11    0.061023    0.087580    0.145026    0.377806 ^ clkbuf_4_3_0_clk/X (sky130_fd_sc_hd__clkbuf_8)
                                                         clknet_4_3_0_clk (net)
                      0.087722    0.002393    0.380199 ^ _3013_/CLK (sky130_fd_sc_hd__dfrtp_1)
                                  0.500000    0.880199   clock uncertainty
                                  0.000000    0.880199   clock reconvergence pessimism
                                 -0.018607    0.861592   library hold time
                                              0.861592   data required time
---------------------------------------------------------------------------------------------
                                              0.861592   data required time
                                             -1.457151   data arrival time
---------------------------------------------------------------------------------------------
                                              0.595559   slack (MET)


Startpoint: _3155_ (rising edge-triggered flip-flop clocked by clk)
Endpoint: _3154_ (rising edge-triggered flip-flop clocked by clk)
Path Group: clk
Path Type: min

Fanout         Cap        Slew       Delay        Time   Description
---------------------------------------------------------------------------------------------
                                  0.000000    0.000000   clock clk (rise edge)
                                  0.000000    0.000000   clock source latency
     1    0.027726    0.097508    0.068012    0.068012 ^ clk (in)
                                                         clk (net)
                      0.097648    0.000000    0.068012 ^ clkbuf_0_clk/A (sky130_fd_sc_hd__clkbuf_16)
    16    0.123440    0.106891    0.156506    0.224518 ^ clkbuf_0_clk/X (sky130_fd_sc_hd__clkbuf_16)
                                                         clknet_0_clk (net)
                      0.108113    0.009124    0.233642 ^ clkbuf_4_0_0_clk/A (sky130_fd_sc_hd__clkbuf_8)
    24    0.079899    0.110840    0.159315    0.392957 ^ clkbuf_4_0_0_clk/X (sky130_fd_sc_hd__clkbuf_8)
                                                         clknet_4_0_0_clk (net)
                      0.112166    0.009710    0.402667 ^ _3155_/CLK (sky130_fd_sc_hd__dfrtp_1)
     4    0.012364    0.056834    0.276650    0.679317 v _3155_/Q (sky130_fd_sc_hd__dfrtp_1)
                                                         state[3] (net)
                      0.056835    0.000368    0.679685 v hold222/A (sky130_fd_sc_hd__dlygate4sd3_1)
     1    0.002790    0.037930    0.369748    1.049433 v hold222/X (sky130_fd_sc_hd__dlygate4sd3_1)
                                                         net227 (net)
                      0.037930    0.000172    1.049605 v _2786_/A (sky130_fd_sc_hd__and3_1)
     1    0.003017    0.024164    0.090198    1.139803 v _2786_/X (sky130_fd_sc_hd__and3_1)
                                                         _0005_ (net)
                      0.024164    0.000122    1.139925 v hold223/A (sky130_fd_sc_hd__dlygate4sd3_1)
     1    0.002323    0.036518    0.354398    1.494323 v hold223/X (sky130_fd_sc_hd__dlygate4sd3_1)
                                                         net228 (net)
                      0.036518    0.000167    1.494490 v _3154_/D (sky130_fd_sc_hd__dfrtp_1)
                                              1.494490   data arrival time

                                  0.000000    0.000000   clock clk (rise edge)
                                  0.000000    0.000000   clock source latency
     1    0.027726    0.097508    0.068012    0.068012 ^ clk (in)
                                                         clk (net)
                      0.097648    0.000000    0.068012 ^ clkbuf_0_clk/A (sky130_fd_sc_hd__clkbuf_16)
    16    0.123440    0.106891    0.156506    0.224518 ^ clkbuf_0_clk/X (sky130_fd_sc_hd__clkbuf_16)
                                                         clknet_0_clk (net)
                      0.108113    0.009124    0.233642 ^ clkbuf_4_0_0_clk/A (sky130_fd_sc_hd__clkbuf_8)
    24    0.079899    0.110840    0.159315    0.392957 ^ clkbuf_4_0_0_clk/X (sky130_fd_sc_hd__clkbuf_8)
                                                         clknet_4_0_0_clk (net)
                      0.111376    0.006283    0.399240 ^ _3154_/CLK (sky130_fd_sc_hd__dfrtp_1)
                                  0.500000    0.899240   clock uncertainty
                                  0.000000    0.899240   clock reconvergence pessimism
                                 -0.025943    0.873296   library hold time
                                              0.873296   data required time
---------------------------------------------------------------------------------------------
                                              0.873296   data required time
                                             -1.494490   data arrival time
---------------------------------------------------------------------------------------------
                                              0.621194   slack (MET)


Startpoint: _3150_ (rising edge-triggered flip-flop clocked by clk)
Endpoint: _3150_ (rising edge-triggered flip-flop clocked by clk)
Path Group: clk
Path Type: min

Fanout         Cap        Slew       Delay        Time   Description
---------------------------------------------------------------------------------------------
                                  0.000000    0.000000   clock clk (rise edge)
                                  0.000000    0.000000   clock source latency
     1    0.027726    0.097508    0.068012    0.068012 ^ clk (in)
                                                         clk (net)
                      0.097648    0.000000    0.068012 ^ clkbuf_0_clk/A (sky130_fd_sc_hd__clkbuf_16)
    16    0.123440    0.106891    0.156506    0.224518 ^ clkbuf_0_clk/X (sky130_fd_sc_hd__clkbuf_16)
                                                         clknet_0_clk (net)
                      0.108113    0.009124    0.233642 ^ clkbuf_4_0_0_clk/A (sky130_fd_sc_hd__clkbuf_8)
    24    0.079899    0.110840    0.159315    0.392957 ^ clkbuf_4_0_0_clk/X (sky130_fd_sc_hd__clkbuf_8)
                                                         clknet_4_0_0_clk (net)
                      0.111255    0.005562    0.398519 ^ _3150_/CLK (sky130_fd_sc_hd__dfrtp_2)
     5    0.022800    0.089905    0.283102    0.681621 ^ _3150_/Q (sky130_fd_sc_hd__dfrtp_2)
                                                         op_reg[2] (net)
                      0.089907    0.000631    0.682253 ^ hold236/A (sky130_fd_sc_hd__dlygate4sd3_1)
     1    0.003013    0.038622    0.382635    1.064888 ^ hold236/X (sky130_fd_sc_hd__dlygate4sd3_1)
                                                         net241 (net)
                      0.039099    0.000211    1.065099 ^ _1510_/A0 (sky130_fd_sc_hd__mux2_1)
     1    0.003292    0.031506    0.076084    1.141183 ^ _1510_/X (sky130_fd_sc_hd__mux2_1)
                                                         _0246_ (net)
                      0.031507    0.000216    1.141399 ^ hold237/A (sky130_fd_sc_hd__dlygate4sd3_1)
     1    0.003151    0.040023    0.373070    1.514469 ^ hold237/X (sky130_fd_sc_hd__dlygate4sd3_1)
                                                         net242 (net)
                      0.040023    0.000231    1.514699 ^ _3150_/D (sky130_fd_sc_hd__dfrtp_2)
                                              1.514699   data arrival time

                                  0.000000    0.000000   clock clk (rise edge)
                                  0.000000    0.000000   clock source latency
     1    0.027726    0.097508    0.068012    0.068012 ^ clk (in)
                                                         clk (net)
                      0.097648    0.000000    0.068012 ^ clkbuf_0_clk/A (sky130_fd_sc_hd__clkbuf_16)
    16    0.123440    0.106891    0.156506    0.224518 ^ clkbuf_0_clk/X (sky130_fd_sc_hd__clkbuf_16)
                                                         clknet_0_clk (net)
                      0.108113    0.009124    0.233642 ^ clkbuf_4_0_0_clk/A (sky130_fd_sc_hd__clkbuf_8)
    24    0.079899    0.110840    0.159315    0.392957 ^ clkbuf_4_0_0_clk/X (sky130_fd_sc_hd__clkbuf_8)
                                                         clknet_4_0_0_clk (net)
                      0.111255    0.005562    0.398519 ^ _3150_/CLK (sky130_fd_sc_hd__dfrtp_2)
                                  0.500000    0.898519   clock uncertainty
                                  0.000000    0.898519   clock reconvergence pessimism
                                 -0.018280    0.880239   library hold time
                                              0.880239   data required time
---------------------------------------------------------------------------------------------
                                              0.880239   data required time
                                             -1.514699   data arrival time
---------------------------------------------------------------------------------------------
                                              0.634461   slack (MET)


Startpoint: _2989_ (rising edge-triggered flip-flop clocked by clk)
Endpoint: _2989_ (rising edge-triggered flip-flop clocked by clk)
Path Group: clk
Path Type: min

Fanout         Cap        Slew       Delay        Time   Description
---------------------------------------------------------------------------------------------
                                  0.000000    0.000000   clock clk (rise edge)
                                  0.000000    0.000000   clock source latency
     1    0.027726    0.097508    0.068012    0.068012 ^ clk (in)
                                                         clk (net)
                      0.097648    0.000000    0.068012 ^ clkbuf_0_clk/A (sky130_fd_sc_hd__clkbuf_16)
    16    0.123440    0.106891    0.156506    0.224518 ^ clkbuf_0_clk/X (sky130_fd_sc_hd__clkbuf_16)
                                                         clknet_0_clk (net)
                      0.107865    0.008170    0.232689 ^ clkbuf_4_10_0_clk/A (sky130_fd_sc_hd__clkbuf_8)
    10    0.054933    0.080107    0.139852    0.372541 ^ clkbuf_4_10_0_clk/X (sky130_fd_sc_hd__clkbuf_8)
                                                         clknet_4_10_0_clk (net)
                      0.080227    0.002045    0.374586 ^ _2989_/CLK (sky130_fd_sc_hd__dfrtp_1)
     3    0.009868    0.073708    0.245121    0.619707 ^ _2989_/Q (sky130_fd_sc_hd__dfrtp_1)
                                                         my_divider.divisor_reg[0] (net)
                      0.073708    0.000284    0.619991 ^ hold224/A (sky130_fd_sc_hd__dlygate4sd3_1)
     3    0.010075    0.086504    0.418964    1.038955 ^ hold224/X (sky130_fd_sc_hd__dlygate4sd3_1)
                                                         net229 (net)
                      0.086505    0.000509    1.039464 ^ _2785_/A0 (sky130_fd_sc_hd__mux2_1)
     1    0.003428    0.032433    0.087723    1.127188 ^ _2785_/X (sky130_fd_sc_hd__mux2_1)
                                                         _0248_ (net)
                      0.032433    0.000214    1.127402 ^ hold225/A (sky130_fd_sc_hd__dlygate4sd3_1)
     1    0.002517    0.035579    0.369227    1.496629 ^ hold225/X (sky130_fd_sc_hd__dlygate4sd3_1)
                                                         net230 (net)
                      0.035579    0.000179    1.496808 ^ _2989_/D (sky130_fd_sc_hd__dfrtp_1)
                                              1.496808   data arrival time

                                  0.000000    0.000000   clock clk (rise edge)
                                  0.000000    0.000000   clock source latency
     1    0.027726    0.097508    0.068012    0.068012 ^ clk (in)
                                                         clk (net)
                      0.097648    0.000000    0.068012 ^ clkbuf_0_clk/A (sky130_fd_sc_hd__clkbuf_16)
    16    0.123440    0.106891    0.156506    0.224518 ^ clkbuf_0_clk/X (sky130_fd_sc_hd__clkbuf_16)
                                                         clknet_0_clk (net)
                      0.107865    0.008170    0.232689 ^ clkbuf_4_10_0_clk/A (sky130_fd_sc_hd__clkbuf_8)
    10    0.054933    0.080107    0.139852    0.372541 ^ clkbuf_4_10_0_clk/X (sky130_fd_sc_hd__clkbuf_8)
                                                         clknet_4_10_0_clk (net)
                      0.080227    0.002045    0.374586 ^ _2989_/CLK (sky130_fd_sc_hd__dfrtp_1)
                                  0.500000    0.874586   clock uncertainty
                                  0.000000    0.874586   clock reconvergence pessimism
                                 -0.018832    0.855754   library hold time
                                              0.855754   data required time
---------------------------------------------------------------------------------------------
                                              0.855754   data required time
                                             -1.496808   data arrival time
---------------------------------------------------------------------------------------------
                                              0.641053   slack (MET)


Startpoint: _3149_ (rising edge-triggered flip-flop clocked by clk)
Endpoint: _3149_ (rising edge-triggered flip-flop clocked by clk)
Path Group: clk
Path Type: min

Fanout         Cap        Slew       Delay        Time   Description
---------------------------------------------------------------------------------------------
                                  0.000000    0.000000   clock clk (rise edge)
                                  0.000000    0.000000   clock source latency
     1    0.027726    0.097508    0.068012    0.068012 ^ clk (in)
                                                         clk (net)
                      0.097648    0.000000    0.068012 ^ clkbuf_0_clk/A (sky130_fd_sc_hd__clkbuf_16)
    16    0.123440    0.106891    0.156506    0.224518 ^ clkbuf_0_clk/X (sky130_fd_sc_hd__clkbuf_16)
                                                         clknet_0_clk (net)
                      0.108138    0.009211    0.233730 ^ clkbuf_4_1_0_clk/A (sky130_fd_sc_hd__clkbuf_8)
    16    0.072521    0.101778    0.154075    0.387805 ^ clkbuf_4_1_0_clk/X (sky130_fd_sc_hd__clkbuf_8)
                                                         clknet_4_1_0_clk (net)
                      0.102168    0.005115    0.392919 ^ _3149_/CLK (sky130_fd_sc_hd__dfrtp_1)
     3    0.009567    0.071906    0.249457    0.642377 ^ _3149_/Q (sky130_fd_sc_hd__dfrtp_1)
                                                         op_reg[1] (net)
                      0.071908    0.000470    0.642847 ^ hold218/A (sky130_fd_sc_hd__dlygate4sd3_1)
     3    0.010527    0.089736    0.421035    1.063882 ^ hold218/X (sky130_fd_sc_hd__dlygate4sd3_1)
                                                         net223 (net)
                      0.089739    0.000603    1.064484 ^ _1511_/A0 (sky130_fd_sc_hd__mux2_1)
     1    0.002668    0.028114    0.084381    1.148865 ^ _1511_/X (sky130_fd_sc_hd__mux2_1)
                                                         _0245_ (net)
                      0.028114    0.000193    1.149058 ^ hold231/A (sky130_fd_sc_hd__dlygate4sd3_1)
     1    0.003704    0.043688    0.375902    1.524960 ^ hold231/X (sky130_fd_sc_hd__dlygate4sd3_1)
                                                         net236 (net)
                      0.043688    0.000231    1.525191 ^ _3149_/D (sky130_fd_sc_hd__dfrtp_1)
                                              1.525191   data arrival time

                                  0.000000    0.000000   clock clk (rise edge)
                                  0.000000    0.000000   clock source latency
     1    0.027726    0.097508    0.068012    0.068012 ^ clk (in)
                                                         clk (net)
                      0.097648    0.000000    0.068012 ^ clkbuf_0_clk/A (sky130_fd_sc_hd__clkbuf_16)
    16    0.123440    0.106891    0.156506    0.224518 ^ clkbuf_0_clk/X (sky130_fd_sc_hd__clkbuf_16)
                                                         clknet_0_clk (net)
                      0.108138    0.009211    0.233730 ^ clkbuf_4_1_0_clk/A (sky130_fd_sc_hd__clkbuf_8)
    16    0.072521    0.101778    0.154075    0.387805 ^ clkbuf_4_1_0_clk/X (sky130_fd_sc_hd__clkbuf_8)
                                                         clknet_4_1_0_clk (net)
                      0.102168    0.005115    0.392919 ^ _3149_/CLK (sky130_fd_sc_hd__dfrtp_1)
                                  0.500000    0.892919   clock uncertainty
                                  0.000000    0.892919   clock reconvergence pessimism
                                 -0.018854    0.874065   library hold time
                                              0.874065   data required time
---------------------------------------------------------------------------------------------
                                              0.874065   data required time
                                             -1.525191   data arrival time
---------------------------------------------------------------------------------------------
                                              0.651126   slack (MET)



