
===========================================================================
report_checks -path_delay min (Hold)
============================================================================
======================= nom_tt_025C_1v80 Corner ===================================

Startpoint: _3167_ (rising edge-triggered flip-flop clocked by clk)
Endpoint: _3168_ (rising edge-triggered flip-flop clocked by clk)
Path Group: clk
Path Type: min

Fanout         Cap        Slew       Delay        Time   Description
---------------------------------------------------------------------------------------------
                                  0.000000    0.000000   clock clk (rise edge)
                                  0.000000    0.000000   clock source latency
   185    0.484103    2.154896    1.483991    1.483991 ^ clk (in)
                                                         clk (net)
                      2.154994    0.000000    1.483991 ^ _3167_/CLK (sky130_fd_sc_hd__dfstp_2)
     1    0.002367    0.021000    0.648355    2.132346 v _3167_/Q (sky130_fd_sc_hd__dfstp_2)
                                                         ss_s0 (net)
                      0.021000    0.000002    2.132348 v _3168_/D (sky130_fd_sc_hd__dfstp_2)
                                              2.132348   data arrival time

                                  0.000000    0.000000   clock clk (rise edge)
                                  0.000000    0.000000   clock source latency
   185    0.484103    2.154896    1.484013    1.484013 ^ clk (in)
                                                         clk (net)
                      2.154994    0.000000    1.484013 ^ _3168_/CLK (sky130_fd_sc_hd__dfstp_2)
                                  0.500000    1.984013   clock uncertainty
                                  0.000000    1.984013   clock reconvergence pessimism
                                  0.220514    2.204527   library hold time
                                              2.204527   data required time
---------------------------------------------------------------------------------------------
                                              2.204527   data required time
                                             -2.132348   data arrival time
---------------------------------------------------------------------------------------------
                                             -0.072179   slack (VIOLATED)


Startpoint: _3163_ (rising edge-triggered flip-flop clocked by clk)
Endpoint: _3172_ (rising edge-triggered flip-flop clocked by clk)
Path Group: clk
Path Type: min

Fanout         Cap        Slew       Delay        Time   Description
---------------------------------------------------------------------------------------------
                                  0.000000    0.000000   clock clk (rise edge)
                                  0.000000    0.000000   clock source latency
   185    0.484103    2.154896    1.484360    1.484360 ^ clk (in)
                                                         clk (net)
                      2.155000    0.000000    1.484360 ^ _3163_/CLK (sky130_fd_sc_hd__dfrtp_2)
     1    0.002115    0.037138    0.666108    2.150468 v _3163_/Q (sky130_fd_sc_hd__dfrtp_2)
                                                         my_mul.reg1en.d[0] (net)
                      0.037138    0.000002    2.150470 v _3172_/D (sky130_fd_sc_hd__dfrtp_2)
                                              2.150470   data arrival time

                                  0.000000    0.000000   clock clk (rise edge)
                                  0.000000    0.000000   clock source latency
   185    0.484103    2.154896    1.484353    1.484353 ^ clk (in)
                                                         clk (net)
                      2.155000    0.000000    1.484353 ^ _3172_/CLK (sky130_fd_sc_hd__dfrtp_2)
                                  0.500000    1.984353   clock uncertainty
                                  0.000000    1.984353   clock reconvergence pessimism
                                  0.195277    2.179630   library hold time
                                              2.179630   data required time
---------------------------------------------------------------------------------------------
                                              2.179630   data required time
                                             -2.150470   data arrival time
---------------------------------------------------------------------------------------------
                                             -0.029160   slack (VIOLATED)


Startpoint: _3169_ (rising edge-triggered flip-flop clocked by clk)
Endpoint: _3170_ (rising edge-triggered flip-flop clocked by clk)
Path Group: clk
Path Type: min

Fanout         Cap        Slew       Delay        Time   Description
---------------------------------------------------------------------------------------------
                                  0.000000    0.000000   clock clk (rise edge)
                                  0.000000    0.000000   clock source latency
   185    0.484103    2.154896    1.482766    1.482766 ^ clk (in)
                                                         clk (net)
                      2.154975    0.000000    1.482766 ^ _3169_/CLK (sky130_fd_sc_hd__dfrtp_2)
     1    0.003047    0.038825    0.671280    2.154046 v _3169_/Q (sky130_fd_sc_hd__dfrtp_2)
                                                         mosi_s0 (net)
                      0.038825    0.000014    2.154060 v _3170_/D (sky130_fd_sc_hd__dfrtp_2)
                                              2.154060   data arrival time

                                  0.000000    0.000000   clock clk (rise edge)
                                  0.000000    0.000000   clock source latency
   185    0.484103    2.154896    1.483040    1.483040 ^ clk (in)
                                                         clk (net)
                      2.154979    0.000000    1.483040 ^ _3170_/CLK (sky130_fd_sc_hd__dfrtp_2)
                                  0.500000    1.983040   clock uncertainty
                                  0.000000    1.983040   clock reconvergence pessimism
                                  0.194620    2.177660   library hold time
                                              2.177660   data required time
---------------------------------------------------------------------------------------------
                                              2.177660   data required time
                                             -2.154060   data arrival time
---------------------------------------------------------------------------------------------
                                             -0.023600   slack (VIOLATED)


Startpoint: _3165_ (rising edge-triggered flip-flop clocked by clk)
Endpoint: _3166_ (rising edge-triggered flip-flop clocked by clk)
Path Group: clk
Path Type: min

Fanout         Cap        Slew       Delay        Time   Description
---------------------------------------------------------------------------------------------
                                  0.000000    0.000000   clock clk (rise edge)
                                  0.000000    0.000000   clock source latency
   185    0.484103    2.154896    1.483938    1.483938 ^ clk (in)
                                                         clk (net)
                      2.154993    0.000000    1.483938 ^ _3165_/CLK (sky130_fd_sc_hd__dfrtp_2)
     3    0.005741    0.048236    0.683645    2.167582 v _3165_/Q (sky130_fd_sc_hd__dfrtp_2)
                                                         sclk_s0 (net)
                      0.048236    0.000009    2.167591 v _3166_/D (sky130_fd_sc_hd__dfrtp_2)
                                              2.167591   data arrival time

                                  0.000000    0.000000   clock clk (rise edge)
                                  0.000000    0.000000   clock source latency
   185    0.484103    2.154896    1.483894    1.483894 ^ clk (in)
                                                         clk (net)
                      2.154992    0.000000    1.483894 ^ _3166_/CLK (sky130_fd_sc_hd__dfrtp_2)
                                  0.500000    1.983894   clock uncertainty
                                  0.000000    1.983894   clock reconvergence pessimism
                                  0.190966    2.174860   library hold time
                                              2.174860   data required time
---------------------------------------------------------------------------------------------
                                              2.174860   data required time
                                             -2.167591   data arrival time
---------------------------------------------------------------------------------------------
                                             -0.007269   slack (VIOLATED)


Startpoint: _3161_ (rising edge-triggered flip-flop clocked by clk)
Endpoint: _3171_ (rising edge-triggered flip-flop clocked by clk)
Path Group: clk
Path Type: min

Fanout         Cap        Slew       Delay        Time   Description
---------------------------------------------------------------------------------------------
                                  0.000000    0.000000   clock clk (rise edge)
                                  0.000000    0.000000   clock source latency
   185    0.484103    2.154896    1.494437    1.494437 ^ clk (in)
                                                         clk (net)
                      2.155238    0.000000    1.494437 ^ _3161_/CLK (sky130_fd_sc_hd__dfrtp_2)
     4    0.022761    0.085467    0.733793    2.228230 v _3161_/Q (sky130_fd_sc_hd__dfrtp_2)
                                                         my_sum_sub.state[3] (net)
                      0.085467    0.000687    2.228917 v _3171_/D (sky130_fd_sc_hd__dfrtp_2)
                                              2.228917   data arrival time

                                  0.000000    0.000000   clock clk (rise edge)
                                  0.000000    0.000000   clock source latency
   185    0.484103    2.154896    1.484277    1.484277 ^ clk (in)
                                                         clk (net)
                      2.154999    0.000000    1.484277 ^ _3171_/CLK (sky130_fd_sc_hd__dfrtp_2)
                                  0.500000    1.984277   clock uncertainty
                                  0.000000    1.984277   clock reconvergence pessimism
                                  0.176510    2.160786   library hold time
                                              2.160786   data required time
---------------------------------------------------------------------------------------------
                                              2.160786   data required time
                                             -2.228917   data arrival time
---------------------------------------------------------------------------------------------
                                              0.068131   slack (MET)


Startpoint: _3158_ (rising edge-triggered flip-flop clocked by clk)
Endpoint: _3160_ (rising edge-triggered flip-flop clocked by clk)
Path Group: clk
Path Type: min

Fanout         Cap        Slew       Delay        Time   Description
---------------------------------------------------------------------------------------------
                                  0.000000    0.000000   clock clk (rise edge)
                                  0.000000    0.000000   clock source latency
   185    0.484103    2.154896    1.484312    1.484312 ^ clk (in)
                                                         clk (net)
                      2.154999    0.000000    1.484312 ^ _3158_/CLK (sky130_fd_sc_hd__dfstp_2)
     2    0.004031    0.024922    0.653853    2.138165 v _3158_/Q (sky130_fd_sc_hd__dfstp_2)
                                                         my_sum_sub.state[0] (net)
                      0.024922    0.000004    2.138169 v _2787_/A (sky130_fd_sc_hd__and2_2)
     1    0.002210    0.033210    0.151159    2.289327 v _2787_/X (sky130_fd_sc_hd__and2_2)
                                                         _0003_ (net)
                      0.033210    0.000003    2.289330 v _3160_/D (sky130_fd_sc_hd__dfrtp_2)
                                              2.289330   data arrival time

                                  0.000000    0.000000   clock clk (rise edge)
                                  0.000000    0.000000   clock source latency
   185    0.484103    2.154896    1.491210    1.491210 ^ clk (in)
                                                         clk (net)
                      2.155147    0.000000    1.491210 ^ _3160_/CLK (sky130_fd_sc_hd__dfrtp_2)
                                  0.500000    1.991210   clock uncertainty
                                  0.000000    1.991210   clock reconvergence pessimism
                                  0.196814    2.188024   library hold time
                                              2.188024   data required time
---------------------------------------------------------------------------------------------
                                              2.188024   data required time
                                             -2.289330   data arrival time
---------------------------------------------------------------------------------------------
                                              0.101307   slack (MET)


Startpoint: _3158_ (rising edge-triggered flip-flop clocked by clk)
Endpoint: _3158_ (rising edge-triggered flip-flop clocked by clk)
Path Group: clk
Path Type: min

Fanout         Cap        Slew       Delay        Time   Description
---------------------------------------------------------------------------------------------
                                  0.000000    0.000000   clock clk (rise edge)
                                  0.000000    0.000000   clock source latency
   185    0.484103    2.154896    1.484312    1.484312 ^ clk (in)
                                                         clk (net)
                      2.154999    0.000000    1.484312 ^ _3158_/CLK (sky130_fd_sc_hd__dfstp_2)
     2    0.004031    0.024922    0.653853    2.138165 v _3158_/Q (sky130_fd_sc_hd__dfstp_2)
                                                         my_sum_sub.state[0] (net)
                      0.024922    0.000005    2.138170 v _2801_/A1 (sky130_fd_sc_hd__a21o_2)
     1    0.002394    0.030326    0.170238    2.308407 v _2801_/X (sky130_fd_sc_hd__a21o_2)
                                                         _0006_ (net)
                      0.030326    0.000002    2.308409 v _3158_/D (sky130_fd_sc_hd__dfstp_2)
                                              2.308409   data arrival time

                                  0.000000    0.000000   clock clk (rise edge)
                                  0.000000    0.000000   clock source latency
   185    0.484103    2.154896    1.484312    1.484312 ^ clk (in)
                                                         clk (net)
                      2.154999    0.000000    1.484312 ^ _3158_/CLK (sky130_fd_sc_hd__dfstp_2)
                                  0.500000    1.984312   clock uncertainty
                                  0.000000    1.984312   clock reconvergence pessimism
                                  0.217737    2.202049   library hold time
                                              2.202049   data required time
---------------------------------------------------------------------------------------------
                                              2.202049   data required time
                                             -2.308409   data arrival time
---------------------------------------------------------------------------------------------
                                              0.106360   slack (MET)


Startpoint: _3152_ (rising edge-triggered flip-flop clocked by clk)
Endpoint: _3155_ (rising edge-triggered flip-flop clocked by clk)
Path Group: clk
Path Type: min

Fanout         Cap        Slew       Delay        Time   Description
---------------------------------------------------------------------------------------------
                                  0.000000    0.000000   clock clk (rise edge)
                                  0.000000    0.000000   clock source latency
   185    0.484103    2.154896    1.483943    1.483943 ^ clk (in)
                                                         clk (net)
                      2.154993    0.000000    1.483943 ^ _3152_/CLK (sky130_fd_sc_hd__dfstp_2)
     2    0.009511    0.035043    0.666952    2.150896 v _3152_/Q (sky130_fd_sc_hd__dfstp_2)
                                                         state[0] (net)
                      0.035043    0.000067    2.150963 v _2798_/B1 (sky130_fd_sc_hd__a21oi_2)
     1    0.005469    0.100164    0.109477    2.260440 ^ _2798_/Y (sky130_fd_sc_hd__a21oi_2)
                                                         _1048_ (net)
                      0.100164    0.000017    2.260457 ^ _2799_/B (sky130_fd_sc_hd__nor2_2)
     1    0.002284    0.025123    0.036108    2.296565 v _2799_/Y (sky130_fd_sc_hd__nor2_2)
                                                         _0008_ (net)
                      0.025123    0.000003    2.296568 v _3155_/D (sky130_fd_sc_hd__dfrtp_2)
                                              2.296568   data arrival time

                                  0.000000    0.000000   clock clk (rise edge)
                                  0.000000    0.000000   clock source latency
   185    0.484103    2.154896    1.484018    1.484018 ^ clk (in)
                                                         clk (net)
                      2.154994    0.000000    1.484018 ^ _3155_/CLK (sky130_fd_sc_hd__dfrtp_2)
                                  0.500000    1.984018   clock uncertainty
                                  0.000000    1.984018   clock reconvergence pessimism
                                  0.199942    2.183960   library hold time
                                              2.183960   data required time
---------------------------------------------------------------------------------------------
                                              2.183960   data required time
                                             -2.296568   data arrival time
---------------------------------------------------------------------------------------------
                                              0.112608   slack (MET)


Startpoint: _3060_ (rising edge-triggered flip-flop clocked by clk)
Endpoint: _3060_ (rising edge-triggered flip-flop clocked by clk)
Path Group: clk
Path Type: min

Fanout         Cap        Slew       Delay        Time   Description
---------------------------------------------------------------------------------------------
                                  0.000000    0.000000   clock clk (rise edge)
                                  0.000000    0.000000   clock source latency
   185    0.484103    2.154896    1.494696    1.494696 ^ clk (in)
                                                         clk (net)
                      2.155246    0.000000    1.494696 ^ _3060_/CLK (sky130_fd_sc_hd__dfrtp_2)
     4    0.012194    0.062751    0.707687    2.202383 v _3060_/Q (sky130_fd_sc_hd__dfrtp_2)
                                                         my_sum_sub.cm_mant[0] (net)
                      0.062751    0.000029    2.202412 v _2273_/B (sky130_fd_sc_hd__nor2_2)
     1    0.004866    0.083359    0.091615    2.294027 ^ _2273_/Y (sky130_fd_sc_hd__nor2_2)
                                                         _0600_ (net)
                      0.083359    0.000004    2.294031 ^ _2274_/B1 (sky130_fd_sc_hd__a21oi_2)
     1    0.002061    0.027961    0.032597    2.326629 v _2274_/Y (sky130_fd_sc_hd__a21oi_2)
                                                         _0319_ (net)
                      0.027961    0.000001    2.326630 v _3060_/D (sky130_fd_sc_hd__dfrtp_2)
                                              2.326630   data arrival time

                                  0.000000    0.000000   clock clk (rise edge)
                                  0.000000    0.000000   clock source latency
   185    0.484103    2.154896    1.494696    1.494696 ^ clk (in)
                                                         clk (net)
                      2.155246    0.000000    1.494696 ^ _3060_/CLK (sky130_fd_sc_hd__dfrtp_2)
                                  0.500000    1.994696   clock uncertainty
                                  0.000000    1.994696   clock reconvergence pessimism
                                  0.198859    2.193555   library hold time
                                              2.193555   data required time
---------------------------------------------------------------------------------------------
                                              2.193555   data required time
                                             -2.326630   data arrival time
---------------------------------------------------------------------------------------------
                                              0.133074   slack (MET)


Startpoint: _3160_ (rising edge-triggered flip-flop clocked by clk)
Endpoint: _3159_ (rising edge-triggered flip-flop clocked by clk)
Path Group: clk
Path Type: min

Fanout         Cap        Slew       Delay        Time   Description
---------------------------------------------------------------------------------------------
                                  0.000000    0.000000   clock clk (rise edge)
                                  0.000000    0.000000   clock source latency
   185    0.484103    2.154896    1.491210    1.491210 ^ clk (in)
                                                         clk (net)
                      2.155147    0.000000    1.491210 ^ _3160_/CLK (sky130_fd_sc_hd__dfrtp_2)
    13    0.053561    0.149120    0.797786    2.288996 v _3160_/Q (sky130_fd_sc_hd__dfrtp_2)
                                                         my_sum_sub.state[2] (net)
                      0.149150    0.002114    2.291110 v _3159_/D (sky130_fd_sc_hd__dfrtp_2)
                                              2.291110   data arrival time

                                  0.000000    0.000000   clock clk (rise edge)
                                  0.000000    0.000000   clock source latency
   185    0.484103    2.154896    1.494637    1.494637 ^ clk (in)
                                                         clk (net)
                      2.155245    0.000000    1.494637 ^ _3159_/CLK (sky130_fd_sc_hd__dfrtp_2)
                                  0.500000    1.994637   clock uncertainty
                                  0.000000    1.994637   clock reconvergence pessimism
                                  0.151800    2.146437   library hold time
                                              2.146437   data required time
---------------------------------------------------------------------------------------------
                                              2.146437   data required time
                                             -2.291110   data arrival time
---------------------------------------------------------------------------------------------
                                              0.144673   slack (MET)


Startpoint: _3144_ (rising edge-triggered flip-flop clocked by clk)
Endpoint: _3144_ (rising edge-triggered flip-flop clocked by clk)
Path Group: clk
Path Type: min

Fanout         Cap        Slew       Delay        Time   Description
---------------------------------------------------------------------------------------------
                                  0.000000    0.000000   clock clk (rise edge)
                                  0.000000    0.000000   clock source latency
   185    0.484103    2.154896    1.484085    1.484085 ^ clk (in)
                                                         clk (net)
                      2.154995    0.000000    1.484085 ^ _3144_/CLK (sky130_fd_sc_hd__dfrtp_2)
     4    0.011523    0.062416    0.705166    2.189250 v _3144_/Q (sky130_fd_sc_hd__dfrtp_2)
                                                         bit_count[1] (net)
                      0.062416    0.000035    2.189285 v _1535_/B1 (sky130_fd_sc_hd__a21oi_2)
     1    0.004749    0.092025    0.113687    2.302972 ^ _1535_/Y (sky130_fd_sc_hd__a21oi_2)
                                                         _1082_ (net)
                      0.092025    0.000001    2.302973 ^ _1537_/B1 (sky130_fd_sc_hd__a21oi_2)
     1    0.002017    0.026119    0.033479    2.336452 v _1537_/Y (sky130_fd_sc_hd__a21oi_2)
                                                         _0240_ (net)
                      0.026119    0.000000    2.336452 v _3144_/D (sky130_fd_sc_hd__dfrtp_2)
                                              2.336452   data arrival time

                                  0.000000    0.000000   clock clk (rise edge)
                                  0.000000    0.000000   clock source latency
   185    0.484103    2.154896    1.484085    1.484085 ^ clk (in)
                                                         clk (net)
                      2.154995    0.000000    1.484085 ^ _3144_/CLK (sky130_fd_sc_hd__dfrtp_2)
                                  0.500000    1.984084   clock uncertainty
                                  0.000000    1.984084   clock reconvergence pessimism
                                  0.199555    2.183640   library hold time
                                              2.183640   data required time
---------------------------------------------------------------------------------------------
                                              2.183640   data required time
                                             -2.336452   data arrival time
---------------------------------------------------------------------------------------------
                                              0.152813   slack (MET)


Startpoint: _3153_ (rising edge-triggered flip-flop clocked by clk)
Endpoint: _3163_ (rising edge-triggered flip-flop clocked by clk)
Path Group: clk
Path Type: min

Fanout         Cap        Slew       Delay        Time   Description
---------------------------------------------------------------------------------------------
                                  0.000000    0.000000   clock clk (rise edge)
                                  0.000000    0.000000   clock source latency
   185    0.484103    2.154896    1.484199    1.484199 ^ clk (in)
                                                         clk (net)
                      2.154997    0.000000    1.484199 ^ _3153_/CLK (sky130_fd_sc_hd__dfrtp_2)
     4    0.007634    0.050436    0.690692    2.174890 v _3153_/Q (sky130_fd_sc_hd__dfrtp_2)
                                                         state[1] (net)
                      0.050436    0.000007    2.174897 v _2803_/A (sky130_fd_sc_hd__and2_2)
     1    0.002180    0.033295    0.161733    2.336630 v _2803_/X (sky130_fd_sc_hd__and2_2)
                                                         _0001_ (net)
                      0.033295    0.000003    2.336633 v _3163_/D (sky130_fd_sc_hd__dfrtp_2)
                                              2.336633   data arrival time

                                  0.000000    0.000000   clock clk (rise edge)
                                  0.000000    0.000000   clock source latency
   185    0.484103    2.154896    1.484360    1.484360 ^ clk (in)
                                                         clk (net)
                      2.155000    0.000000    1.484360 ^ _3163_/CLK (sky130_fd_sc_hd__dfrtp_2)
                                  0.500000    1.984360   clock uncertainty
                                  0.000000    1.984360   clock reconvergence pessimism
                                  0.196769    2.181129   library hold time
                                              2.181129   data required time
---------------------------------------------------------------------------------------------
                                              2.181129   data required time
                                             -2.336633   data arrival time
---------------------------------------------------------------------------------------------
                                              0.155505   slack (MET)


Startpoint: _3170_ (rising edge-triggered flip-flop clocked by clk)
Endpoint: _3126_ (rising edge-triggered flip-flop clocked by clk)
Path Group: clk
Path Type: min

Fanout         Cap        Slew       Delay        Time   Description
---------------------------------------------------------------------------------------------
                                  0.000000    0.000000   clock clk (rise edge)
                                  0.000000    0.000000   clock source latency
   185    0.484103    2.154896    1.483040    1.483040 ^ clk (in)
                                                         clk (net)
                      2.154979    0.000000    1.483040 ^ _3170_/CLK (sky130_fd_sc_hd__dfrtp_2)
     1    0.001678    0.033925    0.635822    2.118862 ^ _3170_/Q (sky130_fd_sc_hd__dfrtp_2)
                                                         mosi_s1 (net)
                      0.033925    0.000000    2.118863 ^ _2105_/A0 (sky130_fd_sc_hd__mux2_1)
     1    0.002165    0.037894    0.105517    2.224380 ^ _2105_/X (sky130_fd_sc_hd__mux2_1)
                                                         _0222_ (net)
                      0.037894    0.000002    2.224382 ^ _3126_/D (sky130_fd_sc_hd__dfrtp_2)
                                              2.224382   data arrival time

                                  0.000000    0.000000   clock clk (rise edge)
                                  0.000000    0.000000   clock source latency
   185    0.484103    2.154896    1.483170    1.483170 ^ clk (in)
                                                         clk (net)
                      2.154981    0.000000    1.483170 ^ _3126_/CLK (sky130_fd_sc_hd__dfrtp_2)
                                  0.500000    1.983170   clock uncertainty
                                  0.000000    1.983170   clock reconvergence pessimism
                                  0.072215    2.055384   library hold time
                                              2.055384   data required time
---------------------------------------------------------------------------------------------
                                              2.055384   data required time
                                             -2.224382   data arrival time
---------------------------------------------------------------------------------------------
                                              0.168997   slack (MET)


Startpoint: _3056_ (rising edge-triggered flip-flop clocked by clk)
Endpoint: _3056_ (rising edge-triggered flip-flop clocked by clk)
Path Group: clk
Path Type: min

Fanout         Cap        Slew       Delay        Time   Description
---------------------------------------------------------------------------------------------
                                  0.000000    0.000000   clock clk (rise edge)
                                  0.000000    0.000000   clock source latency
   185    0.484103    2.154896    1.478494    1.478494 ^ clk (in)
                                                         clk (net)
                      2.154925    0.000000    1.478494 ^ _3056_/CLK (sky130_fd_sc_hd__dfrtp_2)
     4    0.008492    0.055281    0.693894    2.172388 v _3056_/Q (sky130_fd_sc_hd__dfrtp_2)
                                                         my_sum_sub.al_mb[7] (net)
                      0.055281    0.000006    2.172394 v _2304_/A2 (sky130_fd_sc_hd__o21a_2)
     1    0.002118    0.022304    0.186167    2.358561 v _2304_/X (sky130_fd_sc_hd__o21a_2)
                                                         _0315_ (net)
                      0.022304    0.000002    2.358563 v _3056_/D (sky130_fd_sc_hd__dfrtp_2)
                                              2.358563   data arrival time

                                  0.000000    0.000000   clock clk (rise edge)
                                  0.000000    0.000000   clock source latency
   185    0.484103    2.154896    1.478494    1.478494 ^ clk (in)
                                                         clk (net)
                      2.154925    0.000000    1.478494 ^ _3056_/CLK (sky130_fd_sc_hd__dfrtp_2)
                                  0.500000    1.978494   clock uncertainty
                                  0.000000    1.978494   clock reconvergence pessimism
                                  0.201031    2.179525   library hold time
                                              2.179525   data required time
---------------------------------------------------------------------------------------------
                                              2.179525   data required time
                                             -2.358563   data arrival time
---------------------------------------------------------------------------------------------
                                              0.179037   slack (MET)


Startpoint: _3142_ (rising edge-triggered flip-flop clocked by clk)
Endpoint: _3142_ (rising edge-triggered flip-flop clocked by clk)
Path Group: clk
Path Type: min

Fanout         Cap        Slew       Delay        Time   Description
---------------------------------------------------------------------------------------------
                                  0.000000    0.000000   clock clk (rise edge)
                                  0.000000    0.000000   clock source latency
   185    0.484103    2.154896    1.484175    1.484175 ^ clk (in)
                                                         clk (net)
                      2.154997    0.000000    1.484175 ^ _3142_/CLK (sky130_fd_sc_hd__dfrtp_2)
     2    0.005178    0.046795    0.681547    2.165721 v _3142_/Q (sky130_fd_sc_hd__dfrtp_2)
                                                         shift_out[15] (net)
                      0.046795    0.000007    2.165728 v _1560_/A1 (sky130_fd_sc_hd__o21a_2)
     1    0.002136    0.022360    0.199037    2.364765 v _1560_/X (sky130_fd_sc_hd__o21a_2)
                                                         _0238_ (net)
                      0.022360    0.000002    2.364767 v _3142_/D (sky130_fd_sc_hd__dfrtp_2)
                                              2.364767   data arrival time

                                  0.000000    0.000000   clock clk (rise edge)
                                  0.000000    0.000000   clock source latency
   185    0.484103    2.154896    1.484175    1.484175 ^ clk (in)
                                                         clk (net)
                      2.154997    0.000000    1.484175 ^ _3142_/CLK (sky130_fd_sc_hd__dfrtp_2)
                                  0.500000    1.984175   clock uncertainty
                                  0.000000    1.984175   clock reconvergence pessimism
                                  0.201015    2.185189   library hold time
                                              2.185189   data required time
---------------------------------------------------------------------------------------------
                                              2.185189   data required time
                                             -2.364767   data arrival time
---------------------------------------------------------------------------------------------
                                              0.179577   slack (MET)


Startpoint: _3155_ (rising edge-triggered flip-flop clocked by clk)
Endpoint: _3154_ (rising edge-triggered flip-flop clocked by clk)
Path Group: clk
Path Type: min

Fanout         Cap        Slew       Delay        Time   Description
---------------------------------------------------------------------------------------------
                                  0.000000    0.000000   clock clk (rise edge)
                                  0.000000    0.000000   clock source latency
   185    0.484103    2.154896    1.484018    1.484018 ^ clk (in)
                                                         clk (net)
                      2.154994    0.000000    1.484018 ^ _3155_/CLK (sky130_fd_sc_hd__dfrtp_2)
     4    0.012278    0.062813    0.707991    2.192009 v _3155_/Q (sky130_fd_sc_hd__dfrtp_2)
                                                         state[3] (net)
                      0.062813    0.000034    2.192044 v _2786_/A (sky130_fd_sc_hd__and3_2)
     1    0.002071    0.032185    0.171011    2.363054 v _2786_/X (sky130_fd_sc_hd__and3_2)
                                                         _0005_ (net)
                      0.032185    0.000002    2.363056 v _3154_/D (sky130_fd_sc_hd__dfrtp_2)
                                              2.363056   data arrival time

                                  0.000000    0.000000   clock clk (rise edge)
                                  0.000000    0.000000   clock source latency
   185    0.484103    2.154896    1.484397    1.484397 ^ clk (in)
                                                         clk (net)
                      2.155000    0.000000    1.484397 ^ _3154_/CLK (sky130_fd_sc_hd__dfrtp_2)
                                  0.500000    1.984397   clock uncertainty
                                  0.000000    1.984397   clock reconvergence pessimism
                                  0.197200    2.181597   library hold time
                                              2.181597   data required time
---------------------------------------------------------------------------------------------
                                              2.181597   data required time
                                             -2.363056   data arrival time
---------------------------------------------------------------------------------------------
                                              0.181459   slack (MET)


Startpoint: _2999_ (rising edge-triggered flip-flop clocked by clk)
Endpoint: _2999_ (rising edge-triggered flip-flop clocked by clk)
Path Group: clk
Path Type: min

Fanout         Cap        Slew       Delay        Time   Description
---------------------------------------------------------------------------------------------
                                  0.000000    0.000000   clock clk (rise edge)
                                  0.000000    0.000000   clock source latency
   185    0.484103    2.154896    1.484494    1.484494 ^ clk (in)
                                                         clk (net)
                      2.155002    0.000000    1.484494 ^ _2999_/CLK (sky130_fd_sc_hd__dfrtp_2)
     3    0.005659    0.048028    0.683343    2.167837 v _2999_/Q (sky130_fd_sc_hd__dfrtp_2)
                                                         my_divider.counter[2] (net)
                      0.048028    0.000008    2.167844 v _2773_/A1 (sky130_fd_sc_hd__o21a_2)
     1    0.002590    0.023021    0.201742    2.369586 v _2773_/X (sky130_fd_sc_hd__o21a_2)
                                                         _0258_ (net)
                      0.023021    0.000007    2.369593 v _2999_/D (sky130_fd_sc_hd__dfrtp_2)
                                              2.369593   data arrival time

                                  0.000000    0.000000   clock clk (rise edge)
                                  0.000000    0.000000   clock source latency
   185    0.484103    2.154896    1.484494    1.484494 ^ clk (in)
                                                         clk (net)
                      2.155002    0.000000    1.484494 ^ _2999_/CLK (sky130_fd_sc_hd__dfrtp_2)
                                  0.500000    1.984494   clock uncertainty
                                  0.000000    1.984494   clock reconvergence pessimism
                                  0.200758    2.185253   library hold time
                                              2.185253   data required time
---------------------------------------------------------------------------------------------
                                              2.185253   data required time
                                             -2.369593   data arrival time
---------------------------------------------------------------------------------------------
                                              0.184341   slack (MET)


Startpoint: _3153_ (rising edge-triggered flip-flop clocked by clk)
Endpoint: _3164_ (rising edge-triggered flip-flop clocked by clk)
Path Group: clk
Path Type: min

Fanout         Cap        Slew       Delay        Time   Description
---------------------------------------------------------------------------------------------
                                  0.000000    0.000000   clock clk (rise edge)
                                  0.000000    0.000000   clock source latency
   185    0.484103    2.154896    1.484199    1.484199 ^ clk (in)
                                                         clk (net)
                      2.154997    0.000000    1.484199 ^ _3153_/CLK (sky130_fd_sc_hd__dfrtp_2)
     4    0.007634    0.050436    0.690692    2.174890 v _3153_/Q (sky130_fd_sc_hd__dfrtp_2)
                                                         state[1] (net)
                      0.050436    0.000007    2.174897 v _2802_/B (sky130_fd_sc_hd__and3_2)
     1    0.003259    0.034826    0.191771    2.366668 v _2802_/X (sky130_fd_sc_hd__and3_2)
                                                         _0000_ (net)
                      0.034826    0.000023    2.366691 v _3164_/D (sky130_fd_sc_hd__dfrtp_2)
                                              2.366691   data arrival time

                                  0.000000    0.000000   clock clk (rise edge)
                                  0.000000    0.000000   clock source latency
   185    0.484103    2.154896    1.484490    1.484490 ^ clk (in)
                                                         clk (net)
                      2.155002    0.000000    1.484490 ^ _3164_/CLK (sky130_fd_sc_hd__dfrtp_2)
                                  0.500000    1.984490   clock uncertainty
                                  0.000000    1.984490   clock reconvergence pessimism
                                  0.196175    2.180664   library hold time
                                              2.180664   data required time
---------------------------------------------------------------------------------------------
                                              2.180664   data required time
                                             -2.366691   data arrival time
---------------------------------------------------------------------------------------------
                                              0.186027   slack (MET)


Startpoint: _3053_ (rising edge-triggered flip-flop clocked by clk)
Endpoint: _3053_ (rising edge-triggered flip-flop clocked by clk)
Path Group: clk
Path Type: min

Fanout         Cap        Slew       Delay        Time   Description
---------------------------------------------------------------------------------------------
                                  0.000000    0.000000   clock clk (rise edge)
                                  0.000000    0.000000   clock source latency
   185    0.484103    2.154896    1.495270    1.495270 ^ clk (in)
                                                         clk (net)
                      2.155264    0.000000    1.495270 ^ _3053_/CLK (sky130_fd_sc_hd__dfrtp_2)
     4    0.010294    0.059894    0.700643    2.195914 v _3053_/Q (sky130_fd_sc_hd__dfrtp_2)
                                                         my_sum_sub.al_mb[4] (net)
                      0.059894    0.000005    2.195918 v _2330_/A2 (sky130_fd_sc_hd__o21a_2)
     1    0.002011    0.021982    0.187522    2.383440 v _2330_/X (sky130_fd_sc_hd__o21a_2)
                                                         _0312_ (net)
                      0.021982    0.000000    2.383441 v _3053_/D (sky130_fd_sc_hd__dfrtp_2)
                                              2.383441   data arrival time

                                  0.000000    0.000000   clock clk (rise edge)
                                  0.000000    0.000000   clock source latency
   185    0.484103    2.154896    1.495270    1.495270 ^ clk (in)
                                                         clk (net)
                      2.155264    0.000000    1.495270 ^ _3053_/CLK (sky130_fd_sc_hd__dfrtp_2)
                                  0.500000    1.995270   clock uncertainty
                                  0.000000    1.995270   clock reconvergence pessimism
                                  0.201183    2.196453   library hold time
                                              2.196453   data required time
---------------------------------------------------------------------------------------------
                                              2.196453   data required time
                                             -2.383441   data arrival time
---------------------------------------------------------------------------------------------
                                              0.186988   slack (MET)


Startpoint: _3051_ (rising edge-triggered flip-flop clocked by clk)
Endpoint: _3051_ (rising edge-triggered flip-flop clocked by clk)
Path Group: clk
Path Type: min

Fanout         Cap        Slew       Delay        Time   Description
---------------------------------------------------------------------------------------------
                                  0.000000    0.000000   clock clk (rise edge)
                                  0.000000    0.000000   clock source latency
   185    0.484103    2.154896    1.495160    1.495160 ^ clk (in)
                                                         clk (net)
                      2.155261    0.000000    1.495160 ^ _3051_/CLK (sky130_fd_sc_hd__dfrtp_2)
     4    0.010330    0.059984    0.700774    2.195933 v _3051_/Q (sky130_fd_sc_hd__dfrtp_2)
                                                         my_sum_sub.al_mb[2] (net)
                      0.059984    0.000005    2.195938 v _2349_/A2 (sky130_fd_sc_hd__o21a_2)
     1    0.002000    0.021951    0.187510    2.383448 v _2349_/X (sky130_fd_sc_hd__o21a_2)
                                                         _0310_ (net)
                      0.021951    0.000000    2.383448 v _3051_/D (sky130_fd_sc_hd__dfrtp_2)
                                              2.383448   data arrival time

                                  0.000000    0.000000   clock clk (rise edge)
                                  0.000000    0.000000   clock source latency
   185    0.484103    2.154896    1.495160    1.495160 ^ clk (in)
                                                         clk (net)
                      2.155261    0.000000    1.495160 ^ _3051_/CLK (sky130_fd_sc_hd__dfrtp_2)
                                  0.500000    1.995160   clock uncertainty
                                  0.000000    1.995160   clock reconvergence pessimism
                                  0.201194    2.196354   library hold time
                                              2.196354   data required time
---------------------------------------------------------------------------------------------
                                              2.196354   data required time
                                             -2.383448   data arrival time
---------------------------------------------------------------------------------------------
                                              0.187094   slack (MET)


Startpoint: _3054_ (rising edge-triggered flip-flop clocked by clk)
Endpoint: _3054_ (rising edge-triggered flip-flop clocked by clk)
Path Group: clk
Path Type: min

Fanout         Cap        Slew       Delay        Time   Description
---------------------------------------------------------------------------------------------
                                  0.000000    0.000000   clock clk (rise edge)
                                  0.000000    0.000000   clock source latency
   185    0.484103    2.154896    1.495282    1.495282 ^ clk (in)
                                                         clk (net)
                      2.155264    0.000000    1.495282 ^ _3054_/CLK (sky130_fd_sc_hd__dfrtp_2)
     4    0.010439    0.060265    0.701182    2.196464 v _3054_/Q (sky130_fd_sc_hd__dfrtp_2)
                                                         my_sum_sub.al_mb[5] (net)
                      0.060265    0.000009    2.196472 v _2322_/A2 (sky130_fd_sc_hd__o21a_2)
     1    0.002107    0.022275    0.188141    2.384613 v _2322_/X (sky130_fd_sc_hd__o21a_2)
                                                         _0313_ (net)
                      0.022275    0.000002    2.384615 v _3054_/D (sky130_fd_sc_hd__dfrtp_2)
                                              2.384615   data arrival time

                                  0.000000    0.000000   clock clk (rise edge)
                                  0.000000    0.000000   clock source latency
   185    0.484103    2.154896    1.495282    1.495282 ^ clk (in)
                                                         clk (net)
                      2.155264    0.000000    1.495282 ^ _3054_/CLK (sky130_fd_sc_hd__dfrtp_2)
                                  0.500000    1.995282   clock uncertainty
                                  0.000000    1.995282   clock reconvergence pessimism
                                  0.201069    2.196351   library hold time
                                              2.196351   data required time
---------------------------------------------------------------------------------------------
                                              2.196351   data required time
                                             -2.384615   data arrival time
---------------------------------------------------------------------------------------------
                                              0.188264   slack (MET)


Startpoint: _3019_ (rising edge-triggered flip-flop clocked by clk)
Endpoint: _3019_ (rising edge-triggered flip-flop clocked by clk)
Path Group: clk
Path Type: min

Fanout         Cap        Slew       Delay        Time   Description
---------------------------------------------------------------------------------------------
                                  0.000000    0.000000   clock clk (rise edge)
                                  0.000000    0.000000   clock source latency
   185    0.484103    2.154896    1.492022    1.492022 ^ clk (in)
                                                         clk (net)
                      2.155168    0.000000    1.492022 ^ _3019_/CLK (sky130_fd_sc_hd__dfrtp_2)
     2    0.006324    0.052526    0.660089    2.152111 ^ _3019_/Q (sky130_fd_sc_hd__dfrtp_2)
                                                         my_sum_sub.result[2] (net)
                      0.052526    0.000008    2.152118 ^ _2684_/B1 (sky130_fd_sc_hd__a32o_2)
     1    0.002268    0.038542    0.106989    2.259107 ^ _2684_/X (sky130_fd_sc_hd__a32o_2)
                                                         _0278_ (net)
                      0.038542    0.000003    2.259110 ^ _3019_/D (sky130_fd_sc_hd__dfrtp_2)
                                              2.259110   data arrival time

                                  0.000000    0.000000   clock clk (rise edge)
                                  0.000000    0.000000   clock source latency
   185    0.484103    2.154896    1.492022    1.492022 ^ clk (in)
                                                         clk (net)
                      2.155168    0.000000    1.492022 ^ _3019_/CLK (sky130_fd_sc_hd__dfrtp_2)
                                  0.500000    1.992022   clock uncertainty
                                  0.000000    1.992022   clock reconvergence pessimism
                                  0.072098    2.064120   library hold time
                                              2.064120   data required time
---------------------------------------------------------------------------------------------
                                              2.064120   data required time
                                             -2.259110   data arrival time
---------------------------------------------------------------------------------------------
                                              0.194990   slack (MET)


Startpoint: _3153_ (rising edge-triggered flip-flop clocked by clk)
Endpoint: _3162_ (rising edge-triggered flip-flop clocked by clk)
Path Group: clk
Path Type: min

Fanout         Cap        Slew       Delay        Time   Description
---------------------------------------------------------------------------------------------
                                  0.000000    0.000000   clock clk (rise edge)
                                  0.000000    0.000000   clock source latency
   185    0.484103    2.154896    1.484199    1.484199 ^ clk (in)
                                                         clk (net)
                      2.154997    0.000000    1.484199 ^ _3153_/CLK (sky130_fd_sc_hd__dfrtp_2)
     4    0.007634    0.050436    0.690692    2.174890 v _3153_/Q (sky130_fd_sc_hd__dfrtp_2)
                                                         state[1] (net)
                      0.050436    0.000026    2.174917 v _2804_/C (sky130_fd_sc_hd__and3b_2)
     1    0.002748    0.033821    0.203097    2.378014 v _2804_/X (sky130_fd_sc_hd__and3b_2)
                                                         _0002_ (net)
                      0.033821    0.000009    2.378022 v _3162_/D (sky130_fd_sc_hd__dfrtp_2)
                                              2.378022   data arrival time

                                  0.000000    0.000000   clock clk (rise edge)
                                  0.000000    0.000000   clock source latency
   185    0.484103    2.154896    1.484322    1.484322 ^ clk (in)
                                                         clk (net)
                      2.154999    0.000000    1.484322 ^ _3162_/CLK (sky130_fd_sc_hd__dfrtp_2)
                                  0.500000    1.984322   clock uncertainty
                                  0.000000    1.984322   clock reconvergence pessimism
                                  0.196565    2.180887   library hold time
                                              2.180887   data required time
---------------------------------------------------------------------------------------------
                                              2.180887   data required time
                                             -2.378022   data arrival time
---------------------------------------------------------------------------------------------
                                              0.197136   slack (MET)


Startpoint: _2991_ (rising edge-triggered flip-flop clocked by clk)
Endpoint: _2991_ (rising edge-triggered flip-flop clocked by clk)
Path Group: clk
Path Type: min

Fanout         Cap        Slew       Delay        Time   Description
---------------------------------------------------------------------------------------------
                                  0.000000    0.000000   clock clk (rise edge)
                                  0.000000    0.000000   clock source latency
   185    0.484103    2.154896    1.492316    1.492316 ^ clk (in)
                                                         clk (net)
                      2.155177    0.000000    1.492316 ^ _2991_/CLK (sky130_fd_sc_hd__dfrtp_2)
     3    0.005944    0.051050    0.658455    2.150771 ^ _2991_/Q (sky130_fd_sc_hd__dfrtp_2)
                                                         my_divider.divisor_reg[2] (net)
                      0.051050    0.000019    2.150790 ^ _2783_/A0 (sky130_fd_sc_hd__mux2_1)
     1    0.002224    0.038274    0.111894    2.262684 ^ _2783_/X (sky130_fd_sc_hd__mux2_1)
                                                         _0250_ (net)
                      0.038274    0.000003    2.262687 ^ _2991_/D (sky130_fd_sc_hd__dfrtp_2)
                                              2.262687   data arrival time

                                  0.000000    0.000000   clock clk (rise edge)
                                  0.000000    0.000000   clock source latency
   185    0.484103    2.154896    1.492316    1.492316 ^ clk (in)
                                                         clk (net)
                      2.155177    0.000000    1.492316 ^ _2991_/CLK (sky130_fd_sc_hd__dfrtp_2)
                                  0.500000    1.992316   clock uncertainty
                                  0.000000    1.992316   clock reconvergence pessimism
                                  0.072148    2.064464   library hold time
                                              2.064464   data required time
---------------------------------------------------------------------------------------------
                                              2.064464   data required time
                                             -2.262687   data arrival time
---------------------------------------------------------------------------------------------
                                              0.198223   slack (MET)


Startpoint: _3122_ (rising edge-triggered flip-flop clocked by clk)
Endpoint: _3106_ (rising edge-triggered flip-flop clocked by clk)
Path Group: clk
Path Type: min

Fanout         Cap        Slew       Delay        Time   Description
---------------------------------------------------------------------------------------------
                                  0.000000    0.000000   clock clk (rise edge)
                                  0.000000    0.000000   clock source latency
   185    0.484103    2.154896    1.482485    1.482485 ^ clk (in)
                                                         clk (net)
                      2.154971    0.000000    1.482485 ^ _3122_/CLK (sky130_fd_sc_hd__dfrtp_2)
     3    0.006213    0.052093    0.659593    2.142077 ^ _3122_/Q (sky130_fd_sc_hd__dfrtp_2)
                                                         shift_in[11] (net)
                      0.052093    0.000012    2.142090 ^ _2128_/A0 (sky130_fd_sc_hd__mux2_1)
     1    0.002046    0.036930    0.110825    2.252915 ^ _2128_/X (sky130_fd_sc_hd__mux2_1)
                                                         _0202_ (net)
                      0.036930    0.000000    2.252915 ^ _3106_/D (sky130_fd_sc_hd__dfrtp_2)
                                              2.252915   data arrival time

                                  0.000000    0.000000   clock clk (rise edge)
                                  0.000000    0.000000   clock source latency
   185    0.484103    2.154896    1.482261    1.482261 ^ clk (in)
                                                         clk (net)
                      2.154968    0.000000    1.482261 ^ _3106_/CLK (sky130_fd_sc_hd__dfrtp_2)
                                  0.500000    1.982261   clock uncertainty
                                  0.000000    1.982261   clock reconvergence pessimism
                                  0.072395    2.054656   library hold time
                                              2.054656   data required time
---------------------------------------------------------------------------------------------
                                              2.054656   data required time
                                             -2.252915   data arrival time
---------------------------------------------------------------------------------------------
                                              0.198259   slack (MET)


Startpoint: _2992_ (rising edge-triggered flip-flop clocked by clk)
Endpoint: _2992_ (rising edge-triggered flip-flop clocked by clk)
Path Group: clk
Path Type: min

Fanout         Cap        Slew       Delay        Time   Description
---------------------------------------------------------------------------------------------
                                  0.000000    0.000000   clock clk (rise edge)
                                  0.000000    0.000000   clock source latency
   185    0.484103    2.154896    1.492262    1.492262 ^ clk (in)
                                                         clk (net)
                      2.155175    0.000000    1.492262 ^ _2992_/CLK (sky130_fd_sc_hd__dfrtp_2)
     3    0.005302    0.050823    0.655711    2.147973 ^ _2992_/Q (sky130_fd_sc_hd__dfrtp_2)
                                                         my_divider.divisor_reg[3] (net)
                      0.050823    0.000007    2.147980 ^ _2782_/A0 (sky130_fd_sc_hd__mux2_1)
     1    0.002548    0.040837    0.114414    2.262393 ^ _2782_/X (sky130_fd_sc_hd__mux2_1)
                                                         _0251_ (net)
                      0.040837    0.000006    2.262400 ^ _2992_/D (sky130_fd_sc_hd__dfrtp_2)
                                              2.262400   data arrival time

                                  0.000000    0.000000   clock clk (rise edge)
                                  0.000000    0.000000   clock source latency
   185    0.484103    2.154896    1.492262    1.492262 ^ clk (in)
                                                         clk (net)
                      2.155175    0.000000    1.492262 ^ _2992_/CLK (sky130_fd_sc_hd__dfrtp_2)
                                  0.500000    1.992262   clock uncertainty
                                  0.000000    1.992262   clock reconvergence pessimism
                                  0.071668    2.063931   library hold time
                                              2.063931   data required time
---------------------------------------------------------------------------------------------
                                              2.063931   data required time
                                             -2.262400   data arrival time
---------------------------------------------------------------------------------------------
                                              0.198469   slack (MET)


Startpoint: _3125_ (rising edge-triggered flip-flop clocked by clk)
Endpoint: _3109_ (rising edge-triggered flip-flop clocked by clk)
Path Group: clk
Path Type: min

Fanout         Cap        Slew       Delay        Time   Description
---------------------------------------------------------------------------------------------
                                  0.000000    0.000000   clock clk (rise edge)
                                  0.000000    0.000000   clock source latency
   185    0.484103    2.154896    1.482320    1.482320 ^ clk (in)
                                                         clk (net)
                      2.154969    0.000000    1.482320 ^ _3125_/CLK (sky130_fd_sc_hd__dfrtp_2)
     3    0.006377    0.055438    0.660300    2.142621 ^ _3125_/Q (sky130_fd_sc_hd__dfrtp_2)
                                                         shift_in[14] (net)
                      0.055438    0.000004    2.142624 ^ _2125_/A0 (sky130_fd_sc_hd__mux2_1)
     1    0.002073    0.037149    0.112200    2.254824 ^ _2125_/X (sky130_fd_sc_hd__mux2_1)
                                                         _0205_ (net)
                      0.037149    0.000000    2.254825 ^ _3109_/D (sky130_fd_sc_hd__dfrtp_2)
                                              2.254825   data arrival time

                                  0.000000    0.000000   clock clk (rise edge)
                                  0.000000    0.000000   clock source latency
   185    0.484103    2.154896    1.483828    1.483828 ^ clk (in)
                                                         clk (net)
                      2.154991    0.000000    1.483828 ^ _3109_/CLK (sky130_fd_sc_hd__dfrtp_2)
                                  0.500000    1.983828   clock uncertainty
                                  0.000000    1.983828   clock reconvergence pessimism
                                  0.072354    2.056182   library hold time
                                              2.056182   data required time
---------------------------------------------------------------------------------------------
                                              2.056182   data required time
                                             -2.254825   data arrival time
---------------------------------------------------------------------------------------------
                                              0.198643   slack (MET)


Startpoint: _3052_ (rising edge-triggered flip-flop clocked by clk)
Endpoint: _3052_ (rising edge-triggered flip-flop clocked by clk)
Path Group: clk
Path Type: min

Fanout         Cap        Slew       Delay        Time   Description
---------------------------------------------------------------------------------------------
                                  0.000000    0.000000   clock clk (rise edge)
                                  0.000000    0.000000   clock source latency
   185    0.484103    2.154896    1.495251    1.495251 ^ clk (in)
                                                         clk (net)
                      2.155264    0.000000    1.495251 ^ _3052_/CLK (sky130_fd_sc_hd__dfrtp_2)
     4    0.013070    0.066825    0.710503    2.205753 v _3052_/Q (sky130_fd_sc_hd__dfrtp_2)
                                                         my_sum_sub.al_mb[3] (net)
                      0.066825    0.000006    2.205759 v _2339_/A2 (sky130_fd_sc_hd__o21a_2)
     1    0.001965    0.021843    0.190119    2.395878 v _2339_/X (sky130_fd_sc_hd__o21a_2)
                                                         _0311_ (net)
                      0.021843    0.000000    2.395878 v _3052_/D (sky130_fd_sc_hd__dfrtp_2)
                                              2.395878   data arrival time

                                  0.000000    0.000000   clock clk (rise edge)
                                  0.000000    0.000000   clock source latency
   185    0.484103    2.154896    1.495251    1.495251 ^ clk (in)
                                                         clk (net)
                      2.155264    0.000000    1.495251 ^ _3052_/CLK (sky130_fd_sc_hd__dfrtp_2)
                                  0.500000    1.995251   clock uncertainty
                                  0.000000    1.995251   clock reconvergence pessimism
                                  0.201236    2.196487   library hold time
                                              2.196487   data required time
---------------------------------------------------------------------------------------------
                                              2.196487   data required time
                                             -2.395878   data arrival time
---------------------------------------------------------------------------------------------
                                              0.199391   slack (MET)


Startpoint: _3017_ (rising edge-triggered flip-flop clocked by clk)
Endpoint: _3017_ (rising edge-triggered flip-flop clocked by clk)
Path Group: clk
Path Type: min

Fanout         Cap        Slew       Delay        Time   Description
---------------------------------------------------------------------------------------------
                                  0.000000    0.000000   clock clk (rise edge)
                                  0.000000    0.000000   clock source latency
   185    0.484103    2.154896    1.492256    1.492256 ^ clk (in)
                                                         clk (net)
                      2.155175    0.000000    1.492256 ^ _3017_/CLK (sky130_fd_sc_hd__dfrtp_2)
     2    0.007266    0.056292    0.664127    2.156383 ^ _3017_/Q (sky130_fd_sc_hd__dfrtp_2)
                                                         my_sum_sub.result[0] (net)
                      0.056292    0.000013    2.156396 ^ _2688_/B1 (sky130_fd_sc_hd__a32o_2)
     1    0.002146    0.037946    0.107511    2.263907 ^ _2688_/X (sky130_fd_sc_hd__a32o_2)
                                                         _0276_ (net)
                      0.037946    0.000002    2.263908 ^ _3017_/D (sky130_fd_sc_hd__dfrtp_2)
                                              2.263908   data arrival time

                                  0.000000    0.000000   clock clk (rise edge)
                                  0.000000    0.000000   clock source latency
   185    0.484103    2.154896    1.492256    1.492256 ^ clk (in)
                                                         clk (net)
                      2.155175    0.000000    1.492256 ^ _3017_/CLK (sky130_fd_sc_hd__dfrtp_2)
                                  0.500000    1.992256   clock uncertainty
                                  0.000000    1.992256   clock reconvergence pessimism
                                  0.072210    2.064466   library hold time
                                              2.064466   data required time
---------------------------------------------------------------------------------------------
                                              2.064466   data required time
                                             -2.263908   data arrival time
---------------------------------------------------------------------------------------------
                                              0.199443   slack (MET)


Startpoint: _3050_ (rising edge-triggered flip-flop clocked by clk)
Endpoint: _3050_ (rising edge-triggered flip-flop clocked by clk)
Path Group: clk
Path Type: min

Fanout         Cap        Slew       Delay        Time   Description
---------------------------------------------------------------------------------------------
                                  0.000000    0.000000   clock clk (rise edge)
                                  0.000000    0.000000   clock source latency
   185    0.484103    2.154896    1.495061    1.495061 ^ clk (in)
                                                         clk (net)
                      2.155258    0.000000    1.495061 ^ _3050_/CLK (sky130_fd_sc_hd__dfrtp_2)
     4    0.013049    0.066781    0.710450    2.205511 v _3050_/Q (sky130_fd_sc_hd__dfrtp_2)
                                                         my_sum_sub.al_mb[1] (net)
                      0.066781    0.000006    2.205517 v _2358_/A2 (sky130_fd_sc_hd__o21a_2)
     1    0.001994    0.021933    0.190243    2.395760 v _2358_/X (sky130_fd_sc_hd__o21a_2)
                                                         _0309_ (net)
                      0.021933    0.000000    2.395760 v _3050_/D (sky130_fd_sc_hd__dfrtp_2)
                                              2.395760   data arrival time

                                  0.000000    0.000000   clock clk (rise edge)
                                  0.000000    0.000000   clock source latency
   185    0.484103    2.154896    1.495061    1.495061 ^ clk (in)
                                                         clk (net)
                      2.155258    0.000000    1.495061 ^ _3050_/CLK (sky130_fd_sc_hd__dfrtp_2)
                                  0.500000    1.995061   clock uncertainty
                                  0.000000    1.995061   clock reconvergence pessimism
                                  0.201201    2.196262   library hold time
                                              2.196262   data required time
---------------------------------------------------------------------------------------------
                                              2.196262   data required time
                                             -2.395760   data arrival time
---------------------------------------------------------------------------------------------
                                              0.199498   slack (MET)


Startpoint: _3119_ (rising edge-triggered flip-flop clocked by clk)
Endpoint: _3103_ (rising edge-triggered flip-flop clocked by clk)
Path Group: clk
Path Type: min

Fanout         Cap        Slew       Delay        Time   Description
---------------------------------------------------------------------------------------------
                                  0.000000    0.000000   clock clk (rise edge)
                                  0.000000    0.000000   clock source latency
   185    0.484103    2.154896    1.481568    1.481568 ^ clk (in)
                                                         clk (net)
                      2.154958    0.000000    1.481568 ^ _3119_/CLK (sky130_fd_sc_hd__dfrtp_2)
     3    0.006405    0.055561    0.660423    2.141991 ^ _3119_/Q (sky130_fd_sc_hd__dfrtp_2)
                                                         shift_in[8] (net)
                      0.055561    0.000002    2.141993 ^ _2131_/A0 (sky130_fd_sc_hd__mux2_1)
     1    0.002115    0.037476    0.112574    2.254567 ^ _2131_/X (sky130_fd_sc_hd__mux2_1)
                                                         _0199_ (net)
                      0.037476    0.000001    2.254568 ^ _3103_/D (sky130_fd_sc_hd__dfrtp_2)
                                              2.254568   data arrival time

                                  0.000000    0.000000   clock clk (rise edge)
                                  0.000000    0.000000   clock source latency
   185    0.484103    2.154896    1.482746    1.482746 ^ clk (in)
                                                         clk (net)
                      2.154975    0.000000    1.482746 ^ _3103_/CLK (sky130_fd_sc_hd__dfrtp_2)
                                  0.500000    1.982746   clock uncertainty
                                  0.000000    1.982746   clock reconvergence pessimism
                                  0.072293    2.055039   library hold time
                                              2.055039   data required time
---------------------------------------------------------------------------------------------
                                              2.055039   data required time
                                             -2.254568   data arrival time
---------------------------------------------------------------------------------------------
                                              0.199530   slack (MET)


Startpoint: _2990_ (rising edge-triggered flip-flop clocked by clk)
Endpoint: _2990_ (rising edge-triggered flip-flop clocked by clk)
Path Group: clk
Path Type: min

Fanout         Cap        Slew       Delay        Time   Description
---------------------------------------------------------------------------------------------
                                  0.000000    0.000000   clock clk (rise edge)
                                  0.000000    0.000000   clock source latency
   185    0.484103    2.154896    1.492149    1.492149 ^ clk (in)
                                                         clk (net)
                      2.155172    0.000000    1.492149 ^ _2990_/CLK (sky130_fd_sc_hd__dfrtp_2)
     3    0.006423    0.052915    0.660511    2.152660 ^ _2990_/Q (sky130_fd_sc_hd__dfrtp_2)
                                                         my_divider.divisor_reg[1] (net)
                      0.052915    0.000013    2.152673 ^ _2784_/A0 (sky130_fd_sc_hd__mux2_1)
     1    0.002136    0.037583    0.111837    2.264510 ^ _2784_/X (sky130_fd_sc_hd__mux2_1)
                                                         _0249_ (net)
                      0.037583    0.000002    2.264512 ^ _2990_/D (sky130_fd_sc_hd__dfrtp_2)
                                              2.264512   data arrival time

                                  0.000000    0.000000   clock clk (rise edge)
                                  0.000000    0.000000   clock source latency
   185    0.484103    2.154896    1.492149    1.492149 ^ clk (in)
                                                         clk (net)
                      2.155172    0.000000    1.492149 ^ _2990_/CLK (sky130_fd_sc_hd__dfrtp_2)
                                  0.500000    1.992149   clock uncertainty
                                  0.000000    1.992149   clock reconvergence pessimism
                                  0.072278    2.064427   library hold time
                                              2.064427   data required time
---------------------------------------------------------------------------------------------
                                              2.064427   data required time
                                             -2.264512   data arrival time
---------------------------------------------------------------------------------------------
                                              0.200085   slack (MET)


Startpoint: _3123_ (rising edge-triggered flip-flop clocked by clk)
Endpoint: _3107_ (rising edge-triggered flip-flop clocked by clk)
Path Group: clk
Path Type: min

Fanout         Cap        Slew       Delay        Time   Description
---------------------------------------------------------------------------------------------
                                  0.000000    0.000000   clock clk (rise edge)
                                  0.000000    0.000000   clock source latency
   185    0.484103    2.154896    1.482296    1.482296 ^ clk (in)
                                                         clk (net)
                      2.154968    0.000000    1.482296 ^ _3123_/CLK (sky130_fd_sc_hd__dfrtp_2)
     3    0.006604    0.056415    0.661277    2.143572 ^ _3123_/Q (sky130_fd_sc_hd__dfrtp_2)
                                                         shift_in[12] (net)
                      0.056415    0.000004    2.143576 ^ _2127_/A0 (sky130_fd_sc_hd__mux2_1)
     1    0.002066    0.037093    0.112479    2.256055 ^ _2127_/X (sky130_fd_sc_hd__mux2_1)
                                                         _0203_ (net)
                      0.037093    0.000000    2.256056 ^ _3107_/D (sky130_fd_sc_hd__dfrtp_2)
                                              2.256056   data arrival time

                                  0.000000    0.000000   clock clk (rise edge)
                                  0.000000    0.000000   clock source latency
   185    0.484103    2.154896    1.483462    1.483462 ^ clk (in)
                                                         clk (net)
                      2.154985    0.000000    1.483462 ^ _3107_/CLK (sky130_fd_sc_hd__dfrtp_2)
                                  0.500000    1.983462   clock uncertainty
                                  0.000000    1.983462   clock reconvergence pessimism
                                  0.072365    2.055826   library hold time
                                              2.055826   data required time
---------------------------------------------------------------------------------------------
                                              2.055826   data required time
                                             -2.256056   data arrival time
---------------------------------------------------------------------------------------------
                                              0.200230   slack (MET)


Startpoint: _3125_ (rising edge-triggered flip-flop clocked by clk)
Endpoint: _3124_ (rising edge-triggered flip-flop clocked by clk)
Path Group: clk
Path Type: min

Fanout         Cap        Slew       Delay        Time   Description
---------------------------------------------------------------------------------------------
                                  0.000000    0.000000   clock clk (rise edge)
                                  0.000000    0.000000   clock source latency
   185    0.484103    2.154896    1.482320    1.482320 ^ clk (in)
                                                         clk (net)
                      2.154969    0.000000    1.482320 ^ _3125_/CLK (sky130_fd_sc_hd__dfrtp_2)
     3    0.006377    0.055438    0.660300    2.142621 ^ _3125_/Q (sky130_fd_sc_hd__dfrtp_2)
                                                         shift_in[14] (net)
                      0.055438    0.000012    2.142633 ^ _2107_/A0 (sky130_fd_sc_hd__mux2_1)
     1    0.002100    0.037376    0.112410    2.255043 ^ _2107_/X (sky130_fd_sc_hd__mux2_1)
                                                         _0220_ (net)
                      0.037376    0.000001    2.255044 ^ _3124_/D (sky130_fd_sc_hd__dfrtp_2)
                                              2.255044   data arrival time

                                  0.000000    0.000000   clock clk (rise edge)
                                  0.000000    0.000000   clock source latency
   185    0.484103    2.154896    1.482314    1.482314 ^ clk (in)
                                                         clk (net)
                      2.154969    0.000000    1.482314 ^ _3124_/CLK (sky130_fd_sc_hd__dfrtp_2)
                                  0.500000    1.982314   clock uncertainty
                                  0.000000    1.982314   clock reconvergence pessimism
                                  0.072311    2.054626   library hold time
                                              2.054626   data required time
---------------------------------------------------------------------------------------------
                                              2.054626   data required time
                                             -2.255044   data arrival time
---------------------------------------------------------------------------------------------
                                              0.200419   slack (MET)


Startpoint: _3121_ (rising edge-triggered flip-flop clocked by clk)
Endpoint: _3105_ (rising edge-triggered flip-flop clocked by clk)
Path Group: clk
Path Type: min

Fanout         Cap        Slew       Delay        Time   Description
---------------------------------------------------------------------------------------------
                                  0.000000    0.000000   clock clk (rise edge)
                                  0.000000    0.000000   clock source latency
   185    0.484103    2.154896    1.482082    1.482082 ^ clk (in)
                                                         clk (net)
                      2.154965    0.000000    1.482082 ^ _3121_/CLK (sky130_fd_sc_hd__dfrtp_2)
     3    0.006727    0.056941    0.661802    2.143884 ^ _3121_/Q (sky130_fd_sc_hd__dfrtp_2)
                                                         shift_in[10] (net)
                      0.056941    0.000015    2.143899 ^ _2129_/A0 (sky130_fd_sc_hd__mux2_1)
     1    0.002036    0.036856    0.112420    2.256319 ^ _2129_/X (sky130_fd_sc_hd__mux2_1)
                                                         _0201_ (net)
                      0.036856    0.000000    2.256320 ^ _3105_/D (sky130_fd_sc_hd__dfrtp_2)
                                              2.256320   data arrival time

                                  0.000000    0.000000   clock clk (rise edge)
                                  0.000000    0.000000   clock source latency
   185    0.484103    2.154896    1.483452    1.483452 ^ clk (in)
                                                         clk (net)
                      2.154985    0.000000    1.483452 ^ _3105_/CLK (sky130_fd_sc_hd__dfrtp_2)
                                  0.500000    1.983452   clock uncertainty
                                  0.000000    1.983452   clock reconvergence pessimism
                                  0.072409    2.055861   library hold time
                                              2.055861   data required time
---------------------------------------------------------------------------------------------
                                              2.055861   data required time
                                             -2.256320   data arrival time
---------------------------------------------------------------------------------------------
                                              0.200459   slack (MET)


Startpoint: _2996_ (rising edge-triggered flip-flop clocked by clk)
Endpoint: _2996_ (rising edge-triggered flip-flop clocked by clk)
Path Group: clk
Path Type: min

Fanout         Cap        Slew       Delay        Time   Description
---------------------------------------------------------------------------------------------
                                  0.000000    0.000000   clock clk (rise edge)
                                  0.000000    0.000000   clock source latency
   185    0.484103    2.154896    1.484411    1.484411 ^ clk (in)
                                                         clk (net)
                      2.155001    0.000000    1.484411 ^ _2996_/CLK (sky130_fd_sc_hd__dfrtp_2)
     3    0.006525    0.053312    0.660932    2.145344 ^ _2996_/Q (sky130_fd_sc_hd__dfrtp_2)
                                                         my_divider.divisor_reg[7] (net)
                      0.053312    0.000003    2.145346 ^ _2777_/A0 (sky130_fd_sc_hd__mux2_1)
     1    0.002181    0.037936    0.112331    2.257678 ^ _2777_/X (sky130_fd_sc_hd__mux2_1)
                                                         _0255_ (net)
                      0.037936    0.000002    2.257679 ^ _2996_/D (sky130_fd_sc_hd__dfrtp_2)
                                              2.257679   data arrival time

                                  0.000000    0.000000   clock clk (rise edge)
                                  0.000000    0.000000   clock source latency
   185    0.484103    2.154896    1.484411    1.484411 ^ clk (in)
                                                         clk (net)
                      2.155001    0.000000    1.484411 ^ _2996_/CLK (sky130_fd_sc_hd__dfrtp_2)
                                  0.500000    1.984411   clock uncertainty
                                  0.000000    1.984411   clock reconvergence pessimism
                                  0.072207    2.056618   library hold time
                                              2.056618   data required time
---------------------------------------------------------------------------------------------
                                              2.056618   data required time
                                             -2.257679   data arrival time
---------------------------------------------------------------------------------------------
                                              0.201061   slack (MET)


Startpoint: _3122_ (rising edge-triggered flip-flop clocked by clk)
Endpoint: _3121_ (rising edge-triggered flip-flop clocked by clk)
Path Group: clk
Path Type: min

Fanout         Cap        Slew       Delay        Time   Description
---------------------------------------------------------------------------------------------
                                  0.000000    0.000000   clock clk (rise edge)
                                  0.000000    0.000000   clock source latency
   185    0.484103    2.154896    1.482485    1.482485 ^ clk (in)
                                                         clk (net)
                      2.154971    0.000000    1.482485 ^ _3122_/CLK (sky130_fd_sc_hd__dfrtp_2)
     3    0.006213    0.052093    0.659593    2.142077 ^ _3122_/Q (sky130_fd_sc_hd__dfrtp_2)
                                                         shift_in[11] (net)
                      0.052093    0.000014    2.142092 ^ _2110_/A0 (sky130_fd_sc_hd__mux2_1)
     1    0.002412    0.039838    0.113758    2.255850 ^ _2110_/X (sky130_fd_sc_hd__mux2_1)
                                                         _0217_ (net)
                      0.039838    0.000004    2.255854 ^ _3121_/D (sky130_fd_sc_hd__dfrtp_2)
                                              2.255854   data arrival time

                                  0.000000    0.000000   clock clk (rise edge)
                                  0.000000    0.000000   clock source latency
   185    0.484103    2.154896    1.482082    1.482082 ^ clk (in)
                                                         clk (net)
                      2.154965    0.000000    1.482082 ^ _3121_/CLK (sky130_fd_sc_hd__dfrtp_2)
                                  0.500000    1.982082   clock uncertainty
                                  0.000000    1.982082   clock reconvergence pessimism
                                  0.071850    2.053932   library hold time
                                              2.053932   data required time
---------------------------------------------------------------------------------------------
                                              2.053932   data required time
                                             -2.255854   data arrival time
---------------------------------------------------------------------------------------------
                                              0.201922   slack (MET)


Startpoint: _3146_ (rising edge-triggered flip-flop clocked by clk)
Endpoint: _3146_ (rising edge-triggered flip-flop clocked by clk)
Path Group: clk
Path Type: min

Fanout         Cap        Slew       Delay        Time   Description
---------------------------------------------------------------------------------------------
                                  0.000000    0.000000   clock clk (rise edge)
                                  0.000000    0.000000   clock source latency
   185    0.484103    2.154896    1.484038    1.484038 ^ clk (in)
                                                         clk (net)
                      2.154995    0.000000    1.484038 ^ _3146_/CLK (sky130_fd_sc_hd__dfrtp_2)
     2    0.009589    0.069235    0.674092    2.158130 ^ _3146_/Q (sky130_fd_sc_hd__dfrtp_2)
                                                         bit_count[3] (net)
                      0.069235    0.000007    2.158137 ^ _1494_/A (sky130_fd_sc_hd__inv_2)
     2    0.006664    0.026610    0.040068    2.198205 v _1494_/Y (sky130_fd_sc_hd__inv_2)
                                                         _1049_ (net)
                      0.026610    0.000003    2.198208 v _1532_/A1 (sky130_fd_sc_hd__a31o_2)
     1    0.002720    0.032123    0.185059    2.383267 v _1532_/X (sky130_fd_sc_hd__a31o_2)
                                                         _0242_ (net)
                      0.032123    0.000008    2.383275 v _3146_/D (sky130_fd_sc_hd__dfrtp_2)
                                              2.383275   data arrival time

                                  0.000000    0.000000   clock clk (rise edge)
                                  0.000000    0.000000   clock source latency
   185    0.484103    2.154896    1.484038    1.484038 ^ clk (in)
                                                         clk (net)
                      2.154995    0.000000    1.484038 ^ _3146_/CLK (sky130_fd_sc_hd__dfrtp_2)
                                  0.500000    1.984039   clock uncertainty
                                  0.000000    1.984039   clock reconvergence pessimism
                                  0.197224    2.181262   library hold time
                                              2.181262   data required time
---------------------------------------------------------------------------------------------
                                              2.181262   data required time
                                             -2.383275   data arrival time
---------------------------------------------------------------------------------------------
                                              0.202013   slack (MET)


Startpoint: _3120_ (rising edge-triggered flip-flop clocked by clk)
Endpoint: _3104_ (rising edge-triggered flip-flop clocked by clk)
Path Group: clk
Path Type: min

Fanout         Cap        Slew       Delay        Time   Description
---------------------------------------------------------------------------------------------
                                  0.000000    0.000000   clock clk (rise edge)
                                  0.000000    0.000000   clock source latency
   185    0.484103    2.154896    1.481579    1.481579 ^ clk (in)
                                                         clk (net)
                      2.154958    0.000000    1.481579 ^ _3120_/CLK (sky130_fd_sc_hd__dfrtp_2)
     3    0.006938    0.057847    0.662707    2.144286 ^ _3120_/Q (sky130_fd_sc_hd__dfrtp_2)
                                                         shift_in[9] (net)
                      0.057847    0.000008    2.144293 ^ _2130_/A0 (sky130_fd_sc_hd__mux2_1)
     1    0.002123    0.037538    0.113424    2.257717 ^ _2130_/X (sky130_fd_sc_hd__mux2_1)
                                                         _0200_ (net)
                      0.037538    0.000002    2.257719 ^ _3104_/D (sky130_fd_sc_hd__dfrtp_2)
                                              2.257719   data arrival time

                                  0.000000    0.000000   clock clk (rise edge)
                                  0.000000    0.000000   clock source latency
   185    0.484103    2.154896    1.483389    1.483389 ^ clk (in)
                                                         clk (net)
                      2.154984    0.000000    1.483389 ^ _3104_/CLK (sky130_fd_sc_hd__dfrtp_2)
                                  0.500000    1.983389   clock uncertainty
                                  0.000000    1.983389   clock reconvergence pessimism
                                  0.072281    2.055670   library hold time
                                              2.055670   data required time
---------------------------------------------------------------------------------------------
                                              2.055670   data required time
                                             -2.257719   data arrival time
---------------------------------------------------------------------------------------------
                                              0.202048   slack (MET)


Startpoint: _3016_ (rising edge-triggered flip-flop clocked by clk)
Endpoint: _3016_ (rising edge-triggered flip-flop clocked by clk)
Path Group: clk
Path Type: min

Fanout         Cap        Slew       Delay        Time   Description
---------------------------------------------------------------------------------------------
                                  0.000000    0.000000   clock clk (rise edge)
                                  0.000000    0.000000   clock source latency
   185    0.484103    2.154896    1.484369    1.484369 ^ clk (in)
                                                         clk (net)
                      2.155000    0.000000    1.484369 ^ _3016_/CLK (sky130_fd_sc_hd__dfrtp_2)
     2    0.004711    0.045601    0.679809    2.164178 v _3016_/Q (sky130_fd_sc_hd__dfrtp_2)
                                                         div_quotient[6] (net)
                      0.045601    0.000000    2.164179 v _2693_/B2 (sky130_fd_sc_hd__a22o_2)
     1    0.002782    0.037954    0.217858    2.382037 v _2693_/X (sky130_fd_sc_hd__a22o_2)
                                                         _0275_ (net)
                      0.037954    0.000008    2.382046 v _3016_/D (sky130_fd_sc_hd__dfrtp_2)
                                              2.382046   data arrival time

                                  0.000000    0.000000   clock clk (rise edge)
                                  0.000000    0.000000   clock source latency
   185    0.484103    2.154896    1.484369    1.484369 ^ clk (in)
                                                         clk (net)
                      2.155000    0.000000    1.484369 ^ _3016_/CLK (sky130_fd_sc_hd__dfrtp_2)
                                  0.500000    1.984369   clock uncertainty
                                  0.000000    1.984369   clock reconvergence pessimism
                                  0.194959    2.179329   library hold time
                                              2.179329   data required time
---------------------------------------------------------------------------------------------
                                              2.179329   data required time
                                             -2.382046   data arrival time
---------------------------------------------------------------------------------------------
                                              0.202717   slack (MET)


Startpoint: _3121_ (rising edge-triggered flip-flop clocked by clk)
Endpoint: _3120_ (rising edge-triggered flip-flop clocked by clk)
Path Group: clk
Path Type: min

Fanout         Cap        Slew       Delay        Time   Description
---------------------------------------------------------------------------------------------
                                  0.000000    0.000000   clock clk (rise edge)
                                  0.000000    0.000000   clock source latency
   185    0.484103    2.154896    1.482082    1.482082 ^ clk (in)
                                                         clk (net)
                      2.154965    0.000000    1.482082 ^ _3121_/CLK (sky130_fd_sc_hd__dfrtp_2)
     3    0.006727    0.056941    0.661802    2.143884 ^ _3121_/Q (sky130_fd_sc_hd__dfrtp_2)
                                                         shift_in[10] (net)
                      0.056941    0.000012    2.143896 ^ _2111_/A0 (sky130_fd_sc_hd__mux2_1)
     1    0.002095    0.037342    0.112892    2.256789 ^ _2111_/X (sky130_fd_sc_hd__mux2_1)
                                                         _0216_ (net)
                      0.037342    0.000001    2.256790 ^ _3120_/D (sky130_fd_sc_hd__dfrtp_2)
                                              2.256790   data arrival time

                                  0.000000    0.000000   clock clk (rise edge)
                                  0.000000    0.000000   clock source latency
   185    0.484103    2.154896    1.481579    1.481579 ^ clk (in)
                                                         clk (net)
                      2.154958    0.000000    1.481579 ^ _3120_/CLK (sky130_fd_sc_hd__dfrtp_2)
                                  0.500000    1.981579   clock uncertainty
                                  0.000000    1.981579   clock reconvergence pessimism
                                  0.072317    2.053896   library hold time
                                              2.053896   data required time
---------------------------------------------------------------------------------------------
                                              2.053896   data required time
                                             -2.256790   data arrival time
---------------------------------------------------------------------------------------------
                                              0.202894   slack (MET)


Startpoint: _3020_ (rising edge-triggered flip-flop clocked by clk)
Endpoint: _3020_ (rising edge-triggered flip-flop clocked by clk)
Path Group: clk
Path Type: min

Fanout         Cap        Slew       Delay        Time   Description
---------------------------------------------------------------------------------------------
                                  0.000000    0.000000   clock clk (rise edge)
                                  0.000000    0.000000   clock source latency
   185    0.484103    2.154896    1.492054    1.492054 ^ clk (in)
                                                         clk (net)
                      2.155169    0.000000    1.492054 ^ _3020_/CLK (sky130_fd_sc_hd__dfrtp_2)
     2    0.007230    0.049448    0.689197    2.181251 v _3020_/Q (sky130_fd_sc_hd__dfrtp_2)
                                                         my_sum_sub.result[3] (net)
                      0.049448    0.000013    2.181265 v _2681_/B1 (sky130_fd_sc_hd__a32o_2)
     1    0.002086    0.035880    0.209581    2.390845 v _2681_/X (sky130_fd_sc_hd__a32o_2)
                                                         _0279_ (net)
                      0.035880    0.000001    2.390847 v _3020_/D (sky130_fd_sc_hd__dfrtp_2)
                                              2.390847   data arrival time

                                  0.000000    0.000000   clock clk (rise edge)
                                  0.000000    0.000000   clock source latency
   185    0.484103    2.154896    1.492054    1.492054 ^ clk (in)
                                                         clk (net)
                      2.155169    0.000000    1.492054 ^ _3020_/CLK (sky130_fd_sc_hd__dfrtp_2)
                                  0.500000    1.992054   clock uncertainty
                                  0.000000    1.992054   clock reconvergence pessimism
                                  0.195779    2.187833   library hold time
                                              2.187833   data required time
---------------------------------------------------------------------------------------------
                                              2.187833   data required time
                                             -2.390847   data arrival time
---------------------------------------------------------------------------------------------
                                              0.203014   slack (MET)


Startpoint: _3119_ (rising edge-triggered flip-flop clocked by clk)
Endpoint: _3118_ (rising edge-triggered flip-flop clocked by clk)
Path Group: clk
Path Type: min

Fanout         Cap        Slew       Delay        Time   Description
---------------------------------------------------------------------------------------------
                                  0.000000    0.000000   clock clk (rise edge)
                                  0.000000    0.000000   clock source latency
   185    0.484103    2.154896    1.481568    1.481568 ^ clk (in)
                                                         clk (net)
                      2.154958    0.000000    1.481568 ^ _3119_/CLK (sky130_fd_sc_hd__dfrtp_2)
     3    0.006405    0.055561    0.660423    2.141991 ^ _3119_/Q (sky130_fd_sc_hd__dfrtp_2)
                                                         shift_in[8] (net)
                      0.055561    0.000012    2.142004 ^ _2113_/A0 (sky130_fd_sc_hd__mux2_1)
     1    0.002369    0.039502    0.114611    2.256615 ^ _2113_/X (sky130_fd_sc_hd__mux2_1)
                                                         _0214_ (net)
                      0.039502    0.000003    2.256618 ^ _3118_/D (sky130_fd_sc_hd__dfrtp_2)
                                              2.256618   data arrival time

                                  0.000000    0.000000   clock clk (rise edge)
                                  0.000000    0.000000   clock source latency
   185    0.484103    2.154896    1.481678    1.481678 ^ clk (in)
                                                         clk (net)
                      2.154960    0.000000    1.481678 ^ _3118_/CLK (sky130_fd_sc_hd__dfrtp_2)
                                  0.500000    1.981678   clock uncertainty
                                  0.000000    1.981678   clock reconvergence pessimism
                                  0.071913    2.053591   library hold time
                                              2.053591   data required time
---------------------------------------------------------------------------------------------
                                              2.053591   data required time
                                             -2.256618   data arrival time
---------------------------------------------------------------------------------------------
                                              0.203028   slack (MET)


Startpoint: _3124_ (rising edge-triggered flip-flop clocked by clk)
Endpoint: _3108_ (rising edge-triggered flip-flop clocked by clk)
Path Group: clk
Path Type: min

Fanout         Cap        Slew       Delay        Time   Description
---------------------------------------------------------------------------------------------
                                  0.000000    0.000000   clock clk (rise edge)
                                  0.000000    0.000000   clock source latency
   185    0.484103    2.154896    1.482314    1.482314 ^ clk (in)
                                                         clk (net)
                      2.154969    0.000000    1.482314 ^ _3124_/CLK (sky130_fd_sc_hd__dfrtp_2)
     3    0.007052    0.058339    0.663200    2.145514 ^ _3124_/Q (sky130_fd_sc_hd__dfrtp_2)
                                                         shift_in[13] (net)
                      0.058339    0.000007    2.145522 ^ _2126_/A0 (sky130_fd_sc_hd__mux2_1)
     1    0.002127    0.037575    0.113630    2.259152 ^ _2126_/X (sky130_fd_sc_hd__mux2_1)
                                                         _0204_ (net)
                      0.037575    0.000002    2.259154 ^ _3108_/D (sky130_fd_sc_hd__dfrtp_2)
                                              2.259154   data arrival time

                                  0.000000    0.000000   clock clk (rise edge)
                                  0.000000    0.000000   clock source latency
   185    0.484103    2.154896    1.483682    1.483682 ^ clk (in)
                                                         clk (net)
                      2.154989    0.000000    1.483682 ^ _3108_/CLK (sky130_fd_sc_hd__dfrtp_2)
                                  0.500000    1.983682   clock uncertainty
                                  0.000000    1.983682   clock reconvergence pessimism
                                  0.072274    2.055956   library hold time
                                              2.055956   data required time
---------------------------------------------------------------------------------------------
                                              2.055956   data required time
                                             -2.259154   data arrival time
---------------------------------------------------------------------------------------------
                                              0.203197   slack (MET)


Startpoint: _3125_ (rising edge-triggered flip-flop clocked by clk)
Endpoint: _3125_ (rising edge-triggered flip-flop clocked by clk)
Path Group: clk
Path Type: min

Fanout         Cap        Slew       Delay        Time   Description
---------------------------------------------------------------------------------------------
                                  0.000000    0.000000   clock clk (rise edge)
                                  0.000000    0.000000   clock source latency
   185    0.484103    2.154896    1.482320    1.482320 ^ clk (in)
                                                         clk (net)
                      2.154969    0.000000    1.482320 ^ _3125_/CLK (sky130_fd_sc_hd__dfrtp_2)
     3    0.006377    0.055438    0.660300    2.142621 ^ _3125_/Q (sky130_fd_sc_hd__dfrtp_2)
                                                         shift_in[14] (net)
                      0.055438    0.000009    2.142629 ^ _2106_/A1 (sky130_fd_sc_hd__mux2_1)
     1    0.002115    0.037497    0.115322    2.257951 ^ _2106_/X (sky130_fd_sc_hd__mux2_1)
                                                         _0221_ (net)
                      0.037497    0.000001    2.257952 ^ _3125_/D (sky130_fd_sc_hd__dfrtp_2)
                                              2.257952   data arrival time

                                  0.000000    0.000000   clock clk (rise edge)
                                  0.000000    0.000000   clock source latency
   185    0.484103    2.154896    1.482320    1.482320 ^ clk (in)
                                                         clk (net)
                      2.154969    0.000000    1.482320 ^ _3125_/CLK (sky130_fd_sc_hd__dfrtp_2)
                                  0.500000    1.982320   clock uncertainty
                                  0.000000    1.982320   clock reconvergence pessimism
                                  0.072289    2.054609   library hold time
                                              2.054609   data required time
---------------------------------------------------------------------------------------------
                                              2.054609   data required time
                                             -2.257952   data arrival time
---------------------------------------------------------------------------------------------
                                              0.203344   slack (MET)


Startpoint: _3126_ (rising edge-triggered flip-flop clocked by clk)
Endpoint: _3110_ (rising edge-triggered flip-flop clocked by clk)
Path Group: clk
Path Type: min

Fanout         Cap        Slew       Delay        Time   Description
---------------------------------------------------------------------------------------------
                                  0.000000    0.000000   clock clk (rise edge)
                                  0.000000    0.000000   clock source latency
   185    0.484103    2.154896    1.483170    1.483170 ^ clk (in)
                                                         clk (net)
                      2.154981    0.000000    1.483170 ^ _3126_/CLK (sky130_fd_sc_hd__dfrtp_2)
     3    0.007150    0.055819    0.663615    2.146785 ^ _3126_/Q (sky130_fd_sc_hd__dfrtp_2)
                                                         shift_in[15] (net)
                      0.055819    0.000020    2.146804 ^ _2124_/A0 (sky130_fd_sc_hd__mux2_1)
     1    0.002119    0.037507    0.112694    2.259498 ^ _2124_/X (sky130_fd_sc_hd__mux2_1)
                                                         _0206_ (net)
                      0.037507    0.000001    2.259500 ^ _3110_/D (sky130_fd_sc_hd__dfrtp_2)
                                              2.259500   data arrival time

                                  0.000000    0.000000   clock clk (rise edge)
                                  0.000000    0.000000   clock source latency
   185    0.484103    2.154896    1.483829    1.483829 ^ clk (in)
                                                         clk (net)
                      2.154991    0.000000    1.483829 ^ _3110_/CLK (sky130_fd_sc_hd__dfrtp_2)
                                  0.500000    1.983829   clock uncertainty
                                  0.000000    1.983829   clock reconvergence pessimism
                                  0.072287    2.056116   library hold time
                                              2.056116   data required time
---------------------------------------------------------------------------------------------
                                              2.056116   data required time
                                             -2.259500   data arrival time
---------------------------------------------------------------------------------------------
                                              0.203383   slack (MET)


Startpoint: _3033_ (rising edge-triggered flip-flop clocked by clk)
Endpoint: _3070_ (rising edge-triggered flip-flop clocked by clk)
Path Group: clk
Path Type: min

Fanout         Cap        Slew       Delay        Time   Description
---------------------------------------------------------------------------------------------
                                  0.000000    0.000000   clock clk (rise edge)
                                  0.000000    0.000000   clock source latency
   185    0.484103    2.154896    1.494766    1.494766 ^ clk (in)
                                                         clk (net)
                      2.155248    0.000000    1.494766 ^ _3033_/CLK (sky130_fd_sc_hd__dfrtp_2)
     2    0.006241    0.054856    0.659750    2.154515 ^ _3033_/Q (sky130_fd_sc_hd__dfrtp_2)
                                                         my_sum_sub.al_exp[0] (net)
                      0.054856    0.000015    2.154530 ^ _2171_/A1 (sky130_fd_sc_hd__mux2_1)
     1    0.002174    0.037913    0.115598    2.270128 ^ _2171_/X (sky130_fd_sc_hd__mux2_1)
                                                         _0329_ (net)
                      0.037913    0.000002    2.270129 ^ _3070_/D (sky130_fd_sc_hd__dfrtp_2)
                                              2.270129   data arrival time

                                  0.000000    0.000000   clock clk (rise edge)
                                  0.000000    0.000000   clock source latency
   185    0.484103    2.154896    1.494460    1.494460 ^ clk (in)
                                                         clk (net)
                      2.155239    0.000000    1.494460 ^ _3070_/CLK (sky130_fd_sc_hd__dfrtp_2)
                                  0.500000    1.994460   clock uncertainty
                                  0.000000    1.994460   clock reconvergence pessimism
                                  0.072218    2.066678   library hold time
                                              2.066678   data required time
---------------------------------------------------------------------------------------------
                                              2.066678   data required time
                                             -2.270129   data arrival time
---------------------------------------------------------------------------------------------
                                              0.203452   slack (MET)


Startpoint: _3036_ (rising edge-triggered flip-flop clocked by clk)
Endpoint: _3073_ (rising edge-triggered flip-flop clocked by clk)
Path Group: clk
Path Type: min

Fanout         Cap        Slew       Delay        Time   Description
---------------------------------------------------------------------------------------------
                                  0.000000    0.000000   clock clk (rise edge)
                                  0.000000    0.000000   clock source latency
   185    0.484103    2.154896    1.494364    1.494364 ^ clk (in)
                                                         clk (net)
                      2.155236    0.000000    1.494364 ^ _3036_/CLK (sky130_fd_sc_hd__dfrtp_2)
     2    0.006614    0.053667    0.661341    2.155705 ^ _3036_/Q (sky130_fd_sc_hd__dfrtp_2)
                                                         my_sum_sub.al_exp[3] (net)
                      0.053667    0.000023    2.155728 ^ _2168_/A1 (sky130_fd_sc_hd__mux2_1)
     1    0.002059    0.036998    0.114273    2.270001 ^ _2168_/X (sky130_fd_sc_hd__mux2_1)
                                                         _0332_ (net)
                      0.036998    0.000000    2.270001 ^ _3073_/D (sky130_fd_sc_hd__dfrtp_2)
                                              2.270001   data arrival time

                                  0.000000    0.000000   clock clk (rise edge)
                                  0.000000    0.000000   clock source latency
   185    0.484103    2.154896    1.493975    1.493975 ^ clk (in)
                                                         clk (net)
                      2.155224    0.000000    1.493975 ^ _3073_/CLK (sky130_fd_sc_hd__dfrtp_2)
                                  0.500000    1.993976   clock uncertainty
                                  0.000000    1.993976   clock reconvergence pessimism
                                  0.072389    2.066364   library hold time
                                              2.066364   data required time
---------------------------------------------------------------------------------------------
                                              2.066364   data required time
                                             -2.270001   data arrival time
---------------------------------------------------------------------------------------------
                                              0.203637   slack (MET)


Startpoint: _3035_ (rising edge-triggered flip-flop clocked by clk)
Endpoint: _3072_ (rising edge-triggered flip-flop clocked by clk)
Path Group: clk
Path Type: min

Fanout         Cap        Slew       Delay        Time   Description
---------------------------------------------------------------------------------------------
                                  0.000000    0.000000   clock clk (rise edge)
                                  0.000000    0.000000   clock source latency
   185    0.484103    2.154896    1.494404    1.494404 ^ clk (in)
                                                         clk (net)
                      2.155237    0.000000    1.494404 ^ _3035_/CLK (sky130_fd_sc_hd__dfrtp_2)
     2    0.006519    0.053291    0.660935    2.155339 ^ _3035_/Q (sky130_fd_sc_hd__dfrtp_2)
                                                         my_sum_sub.al_exp[2] (net)
                      0.053291    0.000027    2.155365 ^ _2169_/A1 (sky130_fd_sc_hd__mux2_1)
     1    0.002115    0.037440    0.114590    2.269955 ^ _2169_/X (sky130_fd_sc_hd__mux2_1)
                                                         _0331_ (net)
                      0.037440    0.000001    2.269957 ^ _3072_/D (sky130_fd_sc_hd__dfrtp_2)
                                              2.269957   data arrival time

                                  0.000000    0.000000   clock clk (rise edge)
                                  0.000000    0.000000   clock source latency
   185    0.484103    2.154896    1.493991    1.493991 ^ clk (in)
                                                         clk (net)
                      2.155225    0.000000    1.493991 ^ _3072_/CLK (sky130_fd_sc_hd__dfrtp_2)
                                  0.500000    1.993991   clock uncertainty
                                  0.000000    1.993991   clock reconvergence pessimism
                                  0.072306    2.066297   library hold time
                                              2.066297   data required time
---------------------------------------------------------------------------------------------
                                              2.066297   data required time
                                             -2.269957   data arrival time
---------------------------------------------------------------------------------------------
                                              0.203660   slack (MET)


Startpoint: _3018_ (rising edge-triggered flip-flop clocked by clk)
Endpoint: _3018_ (rising edge-triggered flip-flop clocked by clk)
Path Group: clk
Path Type: min

Fanout         Cap        Slew       Delay        Time   Description
---------------------------------------------------------------------------------------------
                                  0.000000    0.000000   clock clk (rise edge)
                                  0.000000    0.000000   clock source latency
   185    0.484103    2.154896    1.492106    1.492106 ^ clk (in)
                                                         clk (net)
                      2.155171    0.000000    1.492106 ^ _3018_/CLK (sky130_fd_sc_hd__dfrtp_2)
     2    0.007374    0.049797    0.689734    2.181841 v _3018_/Q (sky130_fd_sc_hd__dfrtp_2)
                                                         my_sum_sub.result[1] (net)
                      0.049797    0.000016    2.181857 v _2686_/B1 (sky130_fd_sc_hd__a32o_2)
     1    0.002130    0.036018    0.209906    2.391763 v _2686_/X (sky130_fd_sc_hd__a32o_2)
                                                         _0277_ (net)
                      0.036018    0.000002    2.391765 v _3018_/D (sky130_fd_sc_hd__dfrtp_2)
                                              2.391765   data arrival time

                                  0.000000    0.000000   clock clk (rise edge)
                                  0.000000    0.000000   clock source latency
   185    0.484103    2.154896    1.492106    1.492106 ^ clk (in)
                                                         clk (net)
                      2.155171    0.000000    1.492106 ^ _3018_/CLK (sky130_fd_sc_hd__dfrtp_2)
                                  0.500000    1.992107   clock uncertainty
                                  0.000000    1.992107   clock reconvergence pessimism
                                  0.195725    2.187832   library hold time
                                              2.187832   data required time
---------------------------------------------------------------------------------------------
                                              2.187832   data required time
                                             -2.391765   data arrival time
---------------------------------------------------------------------------------------------
                                              0.203933   slack (MET)


Startpoint: _3039_ (rising edge-triggered flip-flop clocked by clk)
Endpoint: _3076_ (rising edge-triggered flip-flop clocked by clk)
Path Group: clk
Path Type: min

Fanout         Cap        Slew       Delay        Time   Description
---------------------------------------------------------------------------------------------
                                  0.000000    0.000000   clock clk (rise edge)
                                  0.000000    0.000000   clock source latency
   185    0.484103    2.154896    1.494047    1.494047 ^ clk (in)
                                                         clk (net)
                      2.155226    0.000000    1.494047 ^ _3039_/CLK (sky130_fd_sc_hd__dfrtp_2)
     2    0.006285    0.055044    0.659935    2.153981 ^ _3039_/Q (sky130_fd_sc_hd__dfrtp_2)
                                                         my_sum_sub.al_exp[6] (net)
                      0.055044    0.000015    2.153997 ^ _2165_/A1 (sky130_fd_sc_hd__mux2_1)
     1    0.002225    0.038315    0.116066    2.270063 ^ _2165_/X (sky130_fd_sc_hd__mux2_1)
                                                         _0335_ (net)
                      0.038315    0.000002    2.270065 ^ _3076_/D (sky130_fd_sc_hd__dfrtp_2)
                                              2.270065   data arrival time

                                  0.000000    0.000000   clock clk (rise edge)
                                  0.000000    0.000000   clock source latency
   185    0.484103    2.154896    1.493901    1.493901 ^ clk (in)
                                                         clk (net)
                      2.155222    0.000000    1.493901 ^ _3076_/CLK (sky130_fd_sc_hd__dfrtp_2)
                                  0.500000    1.993900   clock uncertainty
                                  0.000000    1.993900   clock reconvergence pessimism
                                  0.072142    2.066042   library hold time
                                              2.066042   data required time
---------------------------------------------------------------------------------------------
                                              2.066042   data required time
                                             -2.270065   data arrival time
---------------------------------------------------------------------------------------------
                                              0.204023   slack (MET)


Startpoint: _3034_ (rising edge-triggered flip-flop clocked by clk)
Endpoint: _3071_ (rising edge-triggered flip-flop clocked by clk)
Path Group: clk
Path Type: min

Fanout         Cap        Slew       Delay        Time   Description
---------------------------------------------------------------------------------------------
                                  0.000000    0.000000   clock clk (rise edge)
                                  0.000000    0.000000   clock source latency
   185    0.484103    2.154896    1.494680    1.494680 ^ clk (in)
                                                         clk (net)
                      2.155246    0.000000    1.494680 ^ _3034_/CLK (sky130_fd_sc_hd__dfrtp_2)
     2    0.006533    0.056111    0.661003    2.155683 ^ _3034_/Q (sky130_fd_sc_hd__dfrtp_2)
                                                         my_sum_sub.al_exp[1] (net)
                      0.056111    0.000017    2.155700 ^ _2170_/A1 (sky130_fd_sc_hd__mux2_1)
     1    0.002110    0.037403    0.115510    2.271210 ^ _2170_/X (sky130_fd_sc_hd__mux2_1)
                                                         _0330_ (net)
                      0.037403    0.000001    2.271211 ^ _3071_/D (sky130_fd_sc_hd__dfrtp_2)
                                              2.271211   data arrival time

                                  0.000000    0.000000   clock clk (rise edge)
                                  0.000000    0.000000   clock source latency
   185    0.484103    2.154896    1.494533    1.494533 ^ clk (in)
                                                         clk (net)
                      2.155241    0.000000    1.494533 ^ _3071_/CLK (sky130_fd_sc_hd__dfrtp_2)
                                  0.500000    1.994533   clock uncertainty
                                  0.000000    1.994533   clock reconvergence pessimism
                                  0.072313    2.066847   library hold time
                                              2.066847   data required time
---------------------------------------------------------------------------------------------
                                              2.066847   data required time
                                             -2.271211   data arrival time
---------------------------------------------------------------------------------------------
                                              0.204365   slack (MET)


Startpoint: _3122_ (rising edge-triggered flip-flop clocked by clk)
Endpoint: _3122_ (rising edge-triggered flip-flop clocked by clk)
Path Group: clk
Path Type: min

Fanout         Cap        Slew       Delay        Time   Description
---------------------------------------------------------------------------------------------
                                  0.000000    0.000000   clock clk (rise edge)
                                  0.000000    0.000000   clock source latency
   185    0.484103    2.154896    1.482485    1.482485 ^ clk (in)
                                                         clk (net)
                      2.154971    0.000000    1.482485 ^ _3122_/CLK (sky130_fd_sc_hd__dfrtp_2)
     3    0.006213    0.052093    0.659593    2.142077 ^ _3122_/Q (sky130_fd_sc_hd__dfrtp_2)
                                                         shift_in[11] (net)
                      0.052093    0.000000    2.142078 ^ _2109_/A1 (sky130_fd_sc_hd__mux2_1)
     1    0.002428    0.039964    0.116669    2.258748 ^ _2109_/X (sky130_fd_sc_hd__mux2_1)
                                                         _0218_ (net)
                      0.039964    0.000004    2.258752 ^ _3122_/D (sky130_fd_sc_hd__dfrtp_2)
                                              2.258752   data arrival time

                                  0.000000    0.000000   clock clk (rise edge)
                                  0.000000    0.000000   clock source latency
   185    0.484103    2.154896    1.482485    1.482485 ^ clk (in)
                                                         clk (net)
                      2.154971    0.000000    1.482485 ^ _3122_/CLK (sky130_fd_sc_hd__dfrtp_2)
                                  0.500000    1.982485   clock uncertainty
                                  0.000000    1.982485   clock reconvergence pessimism
                                  0.071827    2.054311   library hold time
                                              2.054311   data required time
---------------------------------------------------------------------------------------------
                                              2.054311   data required time
                                             -2.258752   data arrival time
---------------------------------------------------------------------------------------------
                                              0.204440   slack (MET)


Startpoint: _3038_ (rising edge-triggered flip-flop clocked by clk)
Endpoint: _3075_ (rising edge-triggered flip-flop clocked by clk)
Path Group: clk
Path Type: min

Fanout         Cap        Slew       Delay        Time   Description
---------------------------------------------------------------------------------------------
                                  0.000000    0.000000   clock clk (rise edge)
                                  0.000000    0.000000   clock source latency
   185    0.484103    2.154896    1.493922    1.493922 ^ clk (in)
                                                         clk (net)
                      2.155223    0.000000    1.493922 ^ _3038_/CLK (sky130_fd_sc_hd__dfrtp_2)
     2    0.006919    0.054887    0.662649    2.156571 ^ _3038_/Q (sky130_fd_sc_hd__dfrtp_2)
                                                         my_sum_sub.al_exp[5] (net)
                      0.054887    0.000020    2.156590 ^ _2166_/A1 (sky130_fd_sc_hd__mux2_1)
     1    0.002057    0.036989    0.114678    2.271269 ^ _2166_/X (sky130_fd_sc_hd__mux2_1)
                                                         _0334_ (net)
                      0.036989    0.000000    2.271269 ^ _3075_/D (sky130_fd_sc_hd__dfrtp_2)
                                              2.271269   data arrival time

                                  0.000000    0.000000   clock clk (rise edge)
                                  0.000000    0.000000   clock source latency
   185    0.484103    2.154896    1.494200    1.494200 ^ clk (in)
                                                         clk (net)
                      2.155231    0.000000    1.494200 ^ _3075_/CLK (sky130_fd_sc_hd__dfrtp_2)
                                  0.500000    1.994200   clock uncertainty
                                  0.000000    1.994200   clock reconvergence pessimism
                                  0.072390    2.066591   library hold time
                                              2.066591   data required time
---------------------------------------------------------------------------------------------
                                              2.066591   data required time
                                             -2.271269   data arrival time
---------------------------------------------------------------------------------------------
                                              0.204679   slack (MET)


Startpoint: _3022_ (rising edge-triggered flip-flop clocked by clk)
Endpoint: _3022_ (rising edge-triggered flip-flop clocked by clk)
Path Group: clk
Path Type: min

Fanout         Cap        Slew       Delay        Time   Description
---------------------------------------------------------------------------------------------
                                  0.000000    0.000000   clock clk (rise edge)
                                  0.000000    0.000000   clock source latency
   185    0.484103    2.154896    1.492002    1.492002 ^ clk (in)
                                                         clk (net)
                      2.155168    0.000000    1.492002 ^ _3022_/CLK (sky130_fd_sc_hd__dfrtp_2)
     2    0.007453    0.049986    0.690025    2.182027 v _3022_/Q (sky130_fd_sc_hd__dfrtp_2)
                                                         my_sum_sub.result[5] (net)
                      0.049986    0.000014    2.182041 v _2676_/B1 (sky130_fd_sc_hd__a32o_2)
     1    0.002213    0.036277    0.210364    2.392405 v _2676_/X (sky130_fd_sc_hd__a32o_2)
                                                         _0281_ (net)
                      0.036277    0.000003    2.392408 v _3022_/D (sky130_fd_sc_hd__dfrtp_2)
                                              2.392408   data arrival time

                                  0.000000    0.000000   clock clk (rise edge)
                                  0.000000    0.000000   clock source latency
   185    0.484103    2.154896    1.492002    1.492002 ^ clk (in)
                                                         clk (net)
                      2.155168    0.000000    1.492002 ^ _3022_/CLK (sky130_fd_sc_hd__dfrtp_2)
                                  0.500000    1.992002   clock uncertainty
                                  0.000000    1.992002   clock reconvergence pessimism
                                  0.195624    2.187626   library hold time
                                              2.187626   data required time
---------------------------------------------------------------------------------------------
                                              2.187626   data required time
                                             -2.392408   data arrival time
---------------------------------------------------------------------------------------------
                                              0.204782   slack (MET)


Startpoint: _3119_ (rising edge-triggered flip-flop clocked by clk)
Endpoint: _3119_ (rising edge-triggered flip-flop clocked by clk)
Path Group: clk
Path Type: min

Fanout         Cap        Slew       Delay        Time   Description
---------------------------------------------------------------------------------------------
                                  0.000000    0.000000   clock clk (rise edge)
                                  0.000000    0.000000   clock source latency
   185    0.484103    2.154896    1.481568    1.481568 ^ clk (in)
                                                         clk (net)
                      2.154958    0.000000    1.481568 ^ _3119_/CLK (sky130_fd_sc_hd__dfrtp_2)
     3    0.006405    0.055561    0.660423    2.141991 ^ _3119_/Q (sky130_fd_sc_hd__dfrtp_2)
                                                         shift_in[8] (net)
                      0.055561    0.000008    2.141999 ^ _2112_/A1 (sky130_fd_sc_hd__mux2_1)
     1    0.002254    0.038590    0.116467    2.258466 ^ _2112_/X (sky130_fd_sc_hd__mux2_1)
                                                         _0215_ (net)
                      0.038590    0.000003    2.258469 ^ _3119_/D (sky130_fd_sc_hd__dfrtp_2)
                                              2.258469   data arrival time

                                  0.000000    0.000000   clock clk (rise edge)
                                  0.000000    0.000000   clock source latency
   185    0.484103    2.154896    1.481568    1.481568 ^ clk (in)
                                                         clk (net)
                      2.154958    0.000000    1.481568 ^ _3119_/CLK (sky130_fd_sc_hd__dfrtp_2)
                                  0.500000    1.981569   clock uncertainty
                                  0.000000    1.981569   clock reconvergence pessimism
                                  0.072083    2.053652   library hold time
                                              2.053652   data required time
---------------------------------------------------------------------------------------------
                                              2.053652   data required time
                                             -2.258469   data arrival time
---------------------------------------------------------------------------------------------
                                              0.204817   slack (MET)


Startpoint: _3037_ (rising edge-triggered flip-flop clocked by clk)
Endpoint: _3074_ (rising edge-triggered flip-flop clocked by clk)
Path Group: clk
Path Type: min

Fanout         Cap        Slew       Delay        Time   Description
---------------------------------------------------------------------------------------------
                                  0.000000    0.000000   clock clk (rise edge)
                                  0.000000    0.000000   clock source latency
   185    0.484103    2.154896    1.494247    1.494247 ^ clk (in)
                                                         clk (net)
                      2.155232    0.000000    1.494247 ^ _3037_/CLK (sky130_fd_sc_hd__dfrtp_2)
     2    0.006801    0.057259    0.662149    2.156396 ^ _3037_/Q (sky130_fd_sc_hd__dfrtp_2)
                                                         my_sum_sub.al_exp[4] (net)
                      0.057259    0.000017    2.156413 ^ _2167_/A1 (sky130_fd_sc_hd__mux2_1)
     1    0.002030    0.036769    0.115262    2.271674 ^ _2167_/X (sky130_fd_sc_hd__mux2_1)
                                                         _0333_ (net)
                      0.036769    0.000000    2.271674 ^ _3074_/D (sky130_fd_sc_hd__dfrtp_2)
                                              2.271674   data arrival time

                                  0.000000    0.000000   clock clk (rise edge)
                                  0.000000    0.000000   clock source latency
   185    0.484103    2.154896    1.494345    1.494345 ^ clk (in)
                                                         clk (net)
                      2.155235    0.000000    1.494345 ^ _3074_/CLK (sky130_fd_sc_hd__dfrtp_2)
                                  0.500000    1.994345   clock uncertainty
                                  0.000000    1.994345   clock reconvergence pessimism
                                  0.072432    2.066777   library hold time
                                              2.066777   data required time
---------------------------------------------------------------------------------------------
                                              2.066777   data required time
                                             -2.271674   data arrival time
---------------------------------------------------------------------------------------------
                                              0.204898   slack (MET)


Startpoint: _3124_ (rising edge-triggered flip-flop clocked by clk)
Endpoint: _3123_ (rising edge-triggered flip-flop clocked by clk)
Path Group: clk
Path Type: min

Fanout         Cap        Slew       Delay        Time   Description
---------------------------------------------------------------------------------------------
                                  0.000000    0.000000   clock clk (rise edge)
                                  0.000000    0.000000   clock source latency
   185    0.484103    2.154896    1.482314    1.482314 ^ clk (in)
                                                         clk (net)
                      2.154969    0.000000    1.482314 ^ _3124_/CLK (sky130_fd_sc_hd__dfrtp_2)
     3    0.007052    0.058339    0.663200    2.145514 ^ _3124_/Q (sky130_fd_sc_hd__dfrtp_2)
                                                         shift_in[13] (net)
                      0.058339    0.000015    2.145530 ^ _2108_/A0 (sky130_fd_sc_hd__mux2_1)
     1    0.002193    0.038112    0.114156    2.259686 ^ _2108_/X (sky130_fd_sc_hd__mux2_1)
                                                         _0219_ (net)
                      0.038112    0.000002    2.259688 ^ _3123_/D (sky130_fd_sc_hd__dfrtp_2)
                                              2.259688   data arrival time

                                  0.000000    0.000000   clock clk (rise edge)
                                  0.000000    0.000000   clock source latency
   185    0.484103    2.154896    1.482296    1.482296 ^ clk (in)
                                                         clk (net)
                      2.154968    0.000000    1.482296 ^ _3123_/CLK (sky130_fd_sc_hd__dfrtp_2)
                                  0.500000    1.982296   clock uncertainty
                                  0.000000    1.982296   clock reconvergence pessimism
                                  0.072173    2.054469   library hold time
                                              2.054469   data required time
---------------------------------------------------------------------------------------------
                                              2.054469   data required time
                                             -2.259688   data arrival time
---------------------------------------------------------------------------------------------
                                              0.205219   slack (MET)


Startpoint: _2993_ (rising edge-triggered flip-flop clocked by clk)
Endpoint: _2993_ (rising edge-triggered flip-flop clocked by clk)
Path Group: clk
Path Type: min

Fanout         Cap        Slew       Delay        Time   Description
---------------------------------------------------------------------------------------------
                                  0.000000    0.000000   clock clk (rise edge)
                                  0.000000    0.000000   clock source latency
   185    0.484103    2.154896    1.492104    1.492104 ^ clk (in)
                                                         clk (net)
                      2.155170    0.000000    1.492104 ^ _2993_/CLK (sky130_fd_sc_hd__dfrtp_2)
     3    0.007125    0.055712    0.663517    2.155620 ^ _2993_/Q (sky130_fd_sc_hd__dfrtp_2)
                                                         my_divider.divisor_reg[4] (net)
                      0.055712    0.000007    2.155628 ^ _2781_/A0 (sky130_fd_sc_hd__mux2_1)
     1    0.002266    0.038609    0.113840    2.269468 ^ _2781_/X (sky130_fd_sc_hd__mux2_1)
                                                         _0252_ (net)
                      0.038609    0.000002    2.269470 ^ _2993_/D (sky130_fd_sc_hd__dfrtp_2)
                                              2.269470   data arrival time

                                  0.000000    0.000000   clock clk (rise edge)
                                  0.000000    0.000000   clock source latency
   185    0.484103    2.154896    1.492104    1.492104 ^ clk (in)
                                                         clk (net)
                      2.155170    0.000000    1.492104 ^ _2993_/CLK (sky130_fd_sc_hd__dfrtp_2)
                                  0.500000    1.992104   clock uncertainty
                                  0.000000    1.992104   clock reconvergence pessimism
                                  0.072085    2.064189   library hold time
                                              2.064189   data required time
---------------------------------------------------------------------------------------------
                                              2.064189   data required time
                                             -2.269470   data arrival time
---------------------------------------------------------------------------------------------
                                              0.205281   slack (MET)


Startpoint: _3111_ (rising edge-triggered flip-flop clocked by clk)
Endpoint: _3111_ (rising edge-triggered flip-flop clocked by clk)
Path Group: clk
Path Type: min

Fanout         Cap        Slew       Delay        Time   Description
---------------------------------------------------------------------------------------------
                                  0.000000    0.000000   clock clk (rise edge)
                                  0.000000    0.000000   clock source latency
   185    0.484103    2.154896    1.482410    1.482410 ^ clk (in)
                                                         clk (net)
                      2.154970    0.000000    1.482410 ^ _3111_/CLK (sky130_fd_sc_hd__dfrtp_2)
     3    0.006560    0.056226    0.661088    2.143499 ^ _3111_/Q (sky130_fd_sc_hd__dfrtp_2)
                                                         shift_in[0] (net)
                      0.056226    0.000010    2.143509 ^ _2120_/A1 (sky130_fd_sc_hd__mux2_1)
     1    0.002269    0.038710    0.116814    2.260323 ^ _2120_/X (sky130_fd_sc_hd__mux2_1)
                                                         _0207_ (net)
                      0.038710    0.000003    2.260326 ^ _3111_/D (sky130_fd_sc_hd__dfrtp_2)
                                              2.260326   data arrival time

                                  0.000000    0.000000   clock clk (rise edge)
                                  0.000000    0.000000   clock source latency
   185    0.484103    2.154896    1.482410    1.482410 ^ clk (in)
                                                         clk (net)
                      2.154970    0.000000    1.482410 ^ _3111_/CLK (sky130_fd_sc_hd__dfrtp_2)
                                  0.500000    1.982410   clock uncertainty
                                  0.000000    1.982410   clock reconvergence pessimism
                                  0.072061    2.054471   library hold time
                                              2.054471   data required time
---------------------------------------------------------------------------------------------
                                              2.054471   data required time
                                             -2.260326   data arrival time
---------------------------------------------------------------------------------------------
                                              0.205855   slack (MET)


Startpoint: _3000_ (rising edge-triggered flip-flop clocked by clk)
Endpoint: _3000_ (rising edge-triggered flip-flop clocked by clk)
Path Group: clk
Path Type: min

Fanout         Cap        Slew       Delay        Time   Description
---------------------------------------------------------------------------------------------
                                  0.000000    0.000000   clock clk (rise edge)
                                  0.000000    0.000000   clock source latency
   185    0.484103    2.154896    1.484490    1.484490 ^ clk (in)
                                                         clk (net)
                      2.155002    0.000000    1.484490 ^ _3000_/CLK (sky130_fd_sc_hd__dfrtp_2)
     2    0.005264    0.050659    0.655528    2.140018 ^ _3000_/Q (sky130_fd_sc_hd__dfrtp_2)
                                                         my_divider.counter[3] (net)
                      0.050659    0.000002    2.140020 ^ _2772_/S (sky130_fd_sc_hd__mux2_1)
     1    0.002500    0.040439    0.122437    2.262457 ^ _2772_/X (sky130_fd_sc_hd__mux2_1)
                                                         _0259_ (net)
                      0.040439    0.000005    2.262462 ^ _3000_/D (sky130_fd_sc_hd__dfrtp_2)
                                              2.262462   data arrival time

                                  0.000000    0.000000   clock clk (rise edge)
                                  0.000000    0.000000   clock source latency
   185    0.484103    2.154896    1.484490    1.484490 ^ clk (in)
                                                         clk (net)
                      2.155002    0.000000    1.484490 ^ _3000_/CLK (sky130_fd_sc_hd__dfrtp_2)
                                  0.500000    1.984490   clock uncertainty
                                  0.000000    1.984490   clock reconvergence pessimism
                                  0.071738    2.056229   library hold time
                                              2.056229   data required time
---------------------------------------------------------------------------------------------
                                              2.056229   data required time
                                             -2.262462   data arrival time
---------------------------------------------------------------------------------------------
                                              0.206233   slack (MET)


Startpoint: _3021_ (rising edge-triggered flip-flop clocked by clk)
Endpoint: _3021_ (rising edge-triggered flip-flop clocked by clk)
Path Group: clk
Path Type: min

Fanout         Cap        Slew       Delay        Time   Description
---------------------------------------------------------------------------------------------
                                  0.000000    0.000000   clock clk (rise edge)
                                  0.000000    0.000000   clock source latency
   185    0.484103    2.154896    1.492075    1.492075 ^ clk (in)
                                                         clk (net)
                      2.155170    0.000000    1.492075 ^ _3021_/CLK (sky130_fd_sc_hd__dfrtp_2)
     2    0.007955    0.051242    0.691894    2.183969 v _3021_/Q (sky130_fd_sc_hd__dfrtp_2)
                                                         my_sum_sub.result[4] (net)
                      0.051242    0.000014    2.183983 v _2679_/B1 (sky130_fd_sc_hd__a32o_2)
     1    0.002097    0.035914    0.210219    2.394202 v _2679_/X (sky130_fd_sc_hd__a32o_2)
                                                         _0280_ (net)
                      0.035914    0.000001    2.394203 v _3021_/D (sky130_fd_sc_hd__dfrtp_2)
                                              2.394203   data arrival time

                                  0.000000    0.000000   clock clk (rise edge)
                                  0.000000    0.000000   clock source latency
   185    0.484103    2.154896    1.492075    1.492075 ^ clk (in)
                                                         clk (net)
                      2.155170    0.000000    1.492075 ^ _3021_/CLK (sky130_fd_sc_hd__dfrtp_2)
                                  0.500000    1.992075   clock uncertainty
                                  0.000000    1.992075   clock reconvergence pessimism
                                  0.195765    2.187840   library hold time
                                              2.187840   data required time
---------------------------------------------------------------------------------------------
                                              2.187840   data required time
                                             -2.394203   data arrival time
---------------------------------------------------------------------------------------------
                                              0.206363   slack (MET)


Startpoint: _2994_ (rising edge-triggered flip-flop clocked by clk)
Endpoint: _2994_ (rising edge-triggered flip-flop clocked by clk)
Path Group: clk
Path Type: min

Fanout         Cap        Slew       Delay        Time   Description
---------------------------------------------------------------------------------------------
                                  0.000000    0.000000   clock clk (rise edge)
                                  0.000000    0.000000   clock source latency
   185    0.484103    2.154896    1.492088    1.492088 ^ clk (in)
                                                         clk (net)
                      2.155170    0.000000    1.492088 ^ _2994_/CLK (sky130_fd_sc_hd__dfrtp_2)
     3    0.007338    0.056581    0.664430    2.156519 ^ _2994_/Q (sky130_fd_sc_hd__dfrtp_2)
                                                         my_divider.divisor_reg[5] (net)
                      0.056581    0.000008    2.156527 ^ _2780_/A0 (sky130_fd_sc_hd__mux2_1)
     1    0.002255    0.038517    0.114045    2.270571 ^ _2780_/X (sky130_fd_sc_hd__mux2_1)
                                                         _0253_ (net)
                      0.038517    0.000002    2.270574 ^ _2994_/D (sky130_fd_sc_hd__dfrtp_2)
                                              2.270574   data arrival time

                                  0.000000    0.000000   clock clk (rise edge)
                                  0.000000    0.000000   clock source latency
   185    0.484103    2.154896    1.492088    1.492088 ^ clk (in)
                                                         clk (net)
                      2.155170    0.000000    1.492088 ^ _2994_/CLK (sky130_fd_sc_hd__dfrtp_2)
                                  0.500000    1.992089   clock uncertainty
                                  0.000000    1.992089   clock reconvergence pessimism
                                  0.072103    2.064191   library hold time
                                              2.064191   data required time
---------------------------------------------------------------------------------------------
                                              2.064191   data required time
                                             -2.270574   data arrival time
---------------------------------------------------------------------------------------------
                                              0.206382   slack (MET)


Startpoint: _3002_ (rising edge-triggered flip-flop clocked by clk)
Endpoint: _3002_ (rising edge-triggered flip-flop clocked by clk)
Path Group: clk
Path Type: min

Fanout         Cap        Slew       Delay        Time   Description
---------------------------------------------------------------------------------------------
                                  0.000000    0.000000   clock clk (rise edge)
                                  0.000000    0.000000   clock source latency
   185    0.484103    2.154896    1.492192    1.492192 ^ clk (in)
                                                         clk (net)
                      2.155173    0.000000    1.492192 ^ _3002_/CLK (sky130_fd_sc_hd__dfrtp_2)
     4    0.007410    0.059876    0.664758    2.156950 ^ _3002_/Q (sky130_fd_sc_hd__dfrtp_2)
                                                         my_divider.remainder_reg[1] (net)
                      0.059876    0.000002    2.156952 ^ _2765_/A0 (sky130_fd_sc_hd__mux2_1)
     1    0.002237    0.038345    0.115039    2.271991 ^ _2765_/X (sky130_fd_sc_hd__mux2_1)
                                                         _0261_ (net)
                      0.038345    0.000002    2.271994 ^ _3002_/D (sky130_fd_sc_hd__dfrtp_2)
                                              2.271994   data arrival time

                                  0.000000    0.000000   clock clk (rise edge)
                                  0.000000    0.000000   clock source latency
   185    0.484103    2.154896    1.492192    1.492192 ^ clk (in)
                                                         clk (net)
                      2.155173    0.000000    1.492192 ^ _3002_/CLK (sky130_fd_sc_hd__dfrtp_2)
                                  0.500000    1.992192   clock uncertainty
                                  0.000000    1.992192   clock reconvergence pessimism
                                  0.072135    2.064327   library hold time
                                              2.064327   data required time
---------------------------------------------------------------------------------------------
                                              2.064327   data required time
                                             -2.271994   data arrival time
---------------------------------------------------------------------------------------------
                                              0.207667   slack (MET)


Startpoint: _3111_ (rising edge-triggered flip-flop clocked by clk)
Endpoint: _3095_ (rising edge-triggered flip-flop clocked by clk)
Path Group: clk
Path Type: min

Fanout         Cap        Slew       Delay        Time   Description
---------------------------------------------------------------------------------------------
                                  0.000000    0.000000   clock clk (rise edge)
                                  0.000000    0.000000   clock source latency
   185    0.484103    2.154896    1.482410    1.482410 ^ clk (in)
                                                         clk (net)
                      2.154970    0.000000    1.482410 ^ _3111_/CLK (sky130_fd_sc_hd__dfrtp_2)
     3    0.006560    0.056226    0.661088    2.143499 ^ _3111_/Q (sky130_fd_sc_hd__dfrtp_2)
                                                         shift_in[0] (net)
                      0.056226    0.000011    2.143510 ^ _2139_/A0 (sky130_fd_sc_hd__mux2_1)
     1    0.002241    0.038476    0.113818    2.257328 ^ _2139_/X (sky130_fd_sc_hd__mux2_1)
                                                         _0354_ (net)
                      0.038476    0.000003    2.257330 ^ _3095_/D (sky130_fd_sc_hd__dfrtp_2)
                                              2.257330   data arrival time

                                  0.000000    0.000000   clock clk (rise edge)
                                  0.000000    0.000000   clock source latency
   185    0.484103    2.154896    1.477037    1.477037 ^ clk (in)
                                                         clk (net)
                      2.154913    0.000000    1.477037 ^ _3095_/CLK (sky130_fd_sc_hd__dfrtp_2)
                                  0.500000    1.977037   clock uncertainty
                                  0.000000    1.977037   clock reconvergence pessimism
                                  0.072104    2.049141   library hold time
                                              2.049141   data required time
---------------------------------------------------------------------------------------------
                                              2.049141   data required time
                                             -2.257330   data arrival time
---------------------------------------------------------------------------------------------
                                              0.208189   slack (MET)


Startpoint: _3128_ (rising edge-triggered flip-flop clocked by clk)
Endpoint: _3128_ (rising edge-triggered flip-flop clocked by clk)
Path Group: clk
Path Type: min

Fanout         Cap        Slew       Delay        Time   Description
---------------------------------------------------------------------------------------------
                                  0.000000    0.000000   clock clk (rise edge)
                                  0.000000    0.000000   clock source latency
   185    0.484103    2.154896    1.477623    1.477623 ^ clk (in)
                                                         clk (net)
                      2.154918    0.000000    1.477623 ^ _3128_/CLK (sky130_fd_sc_hd__dfrtp_2)
     2    0.005018    0.046385    0.680943    2.158566 v _3128_/Q (sky130_fd_sc_hd__dfrtp_2)
                                                         shift_out[1] (net)
                      0.046385    0.000005    2.158571 v _2097_/A1 (sky130_fd_sc_hd__o22a_2)
     1    0.002114    0.033458    0.224509    2.383080 v _2097_/X (sky130_fd_sc_hd__o22a_2)
                                                         _0224_ (net)
                      0.033458    0.000002    2.383082 v _3128_/D (sky130_fd_sc_hd__dfrtp_2)
                                              2.383082   data arrival time

                                  0.000000    0.000000   clock clk (rise edge)
                                  0.000000    0.000000   clock source latency
   185    0.484103    2.154896    1.477623    1.477623 ^ clk (in)
                                                         clk (net)
                      2.154918    0.000000    1.477623 ^ _3128_/CLK (sky130_fd_sc_hd__dfrtp_2)
                                  0.500000    1.977623   clock uncertainty
                                  0.000000    1.977623   clock reconvergence pessimism
                                  0.196699    2.174322   library hold time
                                              2.174322   data required time
---------------------------------------------------------------------------------------------
                                              2.174322   data required time
                                             -2.383082   data arrival time
---------------------------------------------------------------------------------------------
                                              0.208760   slack (MET)


Startpoint: _3129_ (rising edge-triggered flip-flop clocked by clk)
Endpoint: _3129_ (rising edge-triggered flip-flop clocked by clk)
Path Group: clk
Path Type: min

Fanout         Cap        Slew       Delay        Time   Description
---------------------------------------------------------------------------------------------
                                  0.000000    0.000000   clock clk (rise edge)
                                  0.000000    0.000000   clock source latency
   185    0.484103    2.154896    1.477365    1.477365 ^ clk (in)
                                                         clk (net)
                      2.154916    0.000000    1.477365 ^ _3129_/CLK (sky130_fd_sc_hd__dfrtp_2)
     2    0.004817    0.045872    0.680195    2.157561 v _3129_/Q (sky130_fd_sc_hd__dfrtp_2)
                                                         shift_out[2] (net)
                      0.045872    0.000006    2.157566 v _2091_/A1 (sky130_fd_sc_hd__o22a_2)
     1    0.002263    0.034041    0.225069    2.382635 v _2091_/X (sky130_fd_sc_hd__o22a_2)
                                                         _0225_ (net)
                      0.034041    0.000003    2.382638 v _3129_/D (sky130_fd_sc_hd__dfrtp_2)
                                              2.382638   data arrival time

                                  0.000000    0.000000   clock clk (rise edge)
                                  0.000000    0.000000   clock source latency
   185    0.484103    2.154896    1.477365    1.477365 ^ clk (in)
                                                         clk (net)
                      2.154916    0.000000    1.477365 ^ _3129_/CLK (sky130_fd_sc_hd__dfrtp_2)
                                  0.500000    1.977365   clock uncertainty
                                  0.000000    1.977365   clock reconvergence pessimism
                                  0.196472    2.173838   library hold time
                                              2.173838   data required time
---------------------------------------------------------------------------------------------
                                              2.173838   data required time
                                             -2.382638   data arrival time
---------------------------------------------------------------------------------------------
                                              0.208801   slack (MET)


Startpoint: _3136_ (rising edge-triggered flip-flop clocked by clk)
Endpoint: _3136_ (rising edge-triggered flip-flop clocked by clk)
Path Group: clk
Path Type: min

Fanout         Cap        Slew       Delay        Time   Description
---------------------------------------------------------------------------------------------
                                  0.000000    0.000000   clock clk (rise edge)
                                  0.000000    0.000000   clock source latency
   185    0.484103    2.154896    1.483294    1.483294 ^ clk (in)
                                                         clk (net)
                      2.154983    0.000000    1.483294 ^ _3136_/CLK (sky130_fd_sc_hd__dfrtp_2)
     2    0.004944    0.046196    0.680674    2.163968 v _3136_/Q (sky130_fd_sc_hd__dfrtp_2)
                                                         shift_out[9] (net)
                      0.046196    0.000004    2.163971 v _2043_/A1 (sky130_fd_sc_hd__o22a_2)
     1    0.002269    0.034061    0.225228    2.389199 v _2043_/X (sky130_fd_sc_hd__o22a_2)
                                                         _0232_ (net)
                      0.034061    0.000003    2.389203 v _3136_/D (sky130_fd_sc_hd__dfrtp_2)
                                              2.389203   data arrival time

                                  0.000000    0.000000   clock clk (rise edge)
                                  0.000000    0.000000   clock source latency
   185    0.484103    2.154896    1.483294    1.483294 ^ clk (in)
                                                         clk (net)
                      2.154983    0.000000    1.483294 ^ _3136_/CLK (sky130_fd_sc_hd__dfrtp_2)
                                  0.500000    1.983294   clock uncertainty
                                  0.000000    1.983294   clock reconvergence pessimism
                                  0.196470    2.179764   library hold time
                                              2.179764   data required time
---------------------------------------------------------------------------------------------
                                              2.179764   data required time
                                             -2.389203   data arrival time
---------------------------------------------------------------------------------------------
                                              0.209439   slack (MET)


Startpoint: _3139_ (rising edge-triggered flip-flop clocked by clk)
Endpoint: _3139_ (rising edge-triggered flip-flop clocked by clk)
Path Group: clk
Path Type: min

Fanout         Cap        Slew       Delay        Time   Description
---------------------------------------------------------------------------------------------
                                  0.000000    0.000000   clock clk (rise edge)
                                  0.000000    0.000000   clock source latency
   185    0.484103    2.154896    1.483677    1.483677 ^ clk (in)
                                                         clk (net)
                      2.154989    0.000000    1.483677 ^ _3139_/CLK (sky130_fd_sc_hd__dfrtp_2)
     2    0.004837    0.045922    0.680275    2.163953 v _3139_/Q (sky130_fd_sc_hd__dfrtp_2)
                                                         shift_out[12] (net)
                      0.045922    0.000000    2.163953 v _2021_/A1 (sky130_fd_sc_hd__o22a_2)
     1    0.002400    0.034573    0.225791    2.389744 v _2021_/X (sky130_fd_sc_hd__o22a_2)
                                                         _0235_ (net)
                      0.034573    0.000004    2.389749 v _3139_/D (sky130_fd_sc_hd__dfrtp_2)
                                              2.389749   data arrival time

                                  0.000000    0.000000   clock clk (rise edge)
                                  0.000000    0.000000   clock source latency
   185    0.484103    2.154896    1.483677    1.483677 ^ clk (in)
                                                         clk (net)
                      2.154989    0.000000    1.483677 ^ _3139_/CLK (sky130_fd_sc_hd__dfrtp_2)
                                  0.500000    1.983677   clock uncertainty
                                  0.000000    1.983677   clock reconvergence pessimism
                                  0.196272    2.179949   library hold time
                                              2.179949   data required time
---------------------------------------------------------------------------------------------
                                              2.179949   data required time
                                             -2.389749   data arrival time
---------------------------------------------------------------------------------------------
                                              0.209799   slack (MET)


Startpoint: _3141_ (rising edge-triggered flip-flop clocked by clk)
Endpoint: _3141_ (rising edge-triggered flip-flop clocked by clk)
Path Group: clk
Path Type: min

Fanout         Cap        Slew       Delay        Time   Description
---------------------------------------------------------------------------------------------
                                  0.000000    0.000000   clock clk (rise edge)
                                  0.000000    0.000000   clock source latency
   185    0.484103    2.154896    1.483707    1.483707 ^ clk (in)
                                                         clk (net)
                      2.154989    0.000000    1.483707 ^ _3141_/CLK (sky130_fd_sc_hd__dfrtp_2)
     2    0.005072    0.046525    0.681153    2.164860 v _3141_/Q (sky130_fd_sc_hd__dfrtp_2)
                                                         shift_out[14] (net)
                      0.046525    0.000006    2.164865 v _2005_/A1 (sky130_fd_sc_hd__o22a_2)
     1    0.002238    0.033941    0.225201    2.390066 v _2005_/X (sky130_fd_sc_hd__o22a_2)
                                                         _0237_ (net)
                      0.033941    0.000003    2.390069 v _3141_/D (sky130_fd_sc_hd__dfrtp_2)
                                              2.390069   data arrival time

                                  0.000000    0.000000   clock clk (rise edge)
                                  0.000000    0.000000   clock source latency
   185    0.484103    2.154896    1.483707    1.483707 ^ clk (in)
                                                         clk (net)
                      2.154989    0.000000    1.483707 ^ _3141_/CLK (sky130_fd_sc_hd__dfrtp_2)
                                  0.500000    1.983707   clock uncertainty
                                  0.000000    1.983707   clock reconvergence pessimism
                                  0.196517    2.180224   library hold time
                                              2.180224   data required time
---------------------------------------------------------------------------------------------
                                              2.180224   data required time
                                             -2.390069   data arrival time
---------------------------------------------------------------------------------------------
                                              0.209845   slack (MET)


Startpoint: _3137_ (rising edge-triggered flip-flop clocked by clk)
Endpoint: _3137_ (rising edge-triggered flip-flop clocked by clk)
Path Group: clk
Path Type: min

Fanout         Cap        Slew       Delay        Time   Description
---------------------------------------------------------------------------------------------
                                  0.000000    0.000000   clock clk (rise edge)
                                  0.000000    0.000000   clock source latency
   185    0.484103    2.154896    1.483618    1.483618 ^ clk (in)
                                                         clk (net)
                      2.154988    0.000000    1.483618 ^ _3137_/CLK (sky130_fd_sc_hd__dfrtp_2)
     2    0.005078    0.046541    0.681176    2.164794 v _3137_/Q (sky130_fd_sc_hd__dfrtp_2)
                                                         shift_out[10] (net)
                      0.046541    0.000003    2.164797 v _2036_/A1 (sky130_fd_sc_hd__o22a_2)
     1    0.002242    0.033955    0.225228    2.390026 v _2036_/X (sky130_fd_sc_hd__o22a_2)
                                                         _0233_ (net)
                      0.033955    0.000003    2.390028 v _3137_/D (sky130_fd_sc_hd__dfrtp_2)
                                              2.390028   data arrival time

                                  0.000000    0.000000   clock clk (rise edge)
                                  0.000000    0.000000   clock source latency
   185    0.484103    2.154896    1.483618    1.483618 ^ clk (in)
                                                         clk (net)
                      2.154988    0.000000    1.483618 ^ _3137_/CLK (sky130_fd_sc_hd__dfrtp_2)
                                  0.500000    1.983618   clock uncertainty
                                  0.000000    1.983618   clock reconvergence pessimism
                                  0.196511    2.180129   library hold time
                                              2.180129   data required time
---------------------------------------------------------------------------------------------
                                              2.180129   data required time
                                             -2.390028   data arrival time
---------------------------------------------------------------------------------------------
                                              0.209899   slack (MET)


Startpoint: _3131_ (rising edge-triggered flip-flop clocked by clk)
Endpoint: _3131_ (rising edge-triggered flip-flop clocked by clk)
Path Group: clk
Path Type: min

Fanout         Cap        Slew       Delay        Time   Description
---------------------------------------------------------------------------------------------
                                  0.000000    0.000000   clock clk (rise edge)
                                  0.000000    0.000000   clock source latency
   185    0.484103    2.154896    1.477043    1.477043 ^ clk (in)
                                                         clk (net)
                      2.154913    0.000000    1.477043 ^ _3131_/CLK (sky130_fd_sc_hd__dfrtp_2)
     2    0.004687    0.045538    0.679710    2.156753 v _3131_/Q (sky130_fd_sc_hd__dfrtp_2)
                                                         shift_out[4] (net)
                      0.045538    0.000003    2.156756 v _2079_/A1 (sky130_fd_sc_hd__o22a_2)
     1    0.002533    0.035009    0.226318    2.383074 v _2079_/X (sky130_fd_sc_hd__o22a_2)
                                                         _0227_ (net)
                      0.035009    0.000006    2.383080 v _3131_/D (sky130_fd_sc_hd__dfrtp_2)
                                              2.383080   data arrival time

                                  0.000000    0.000000   clock clk (rise edge)
                                  0.000000    0.000000   clock source latency
   185    0.484103    2.154896    1.477043    1.477043 ^ clk (in)
                                                         clk (net)
                      2.154913    0.000000    1.477043 ^ _3131_/CLK (sky130_fd_sc_hd__dfrtp_2)
                                  0.500000    1.977043   clock uncertainty
                                  0.000000    1.977043   clock reconvergence pessimism
                                  0.196096    2.173140   library hold time
                                              2.173140   data required time
---------------------------------------------------------------------------------------------
                                              2.173140   data required time
                                             -2.383080   data arrival time
---------------------------------------------------------------------------------------------
                                              0.209940   slack (MET)


Startpoint: _3135_ (rising edge-triggered flip-flop clocked by clk)
Endpoint: _3135_ (rising edge-triggered flip-flop clocked by clk)
Path Group: clk
Path Type: min

Fanout         Cap        Slew       Delay        Time   Description
---------------------------------------------------------------------------------------------
                                  0.000000    0.000000   clock clk (rise edge)
                                  0.000000    0.000000   clock source latency
   185    0.484103    2.154896    1.483306    1.483306 ^ clk (in)
                                                         clk (net)
                      2.154983    0.000000    1.483306 ^ _3135_/CLK (sky130_fd_sc_hd__dfrtp_2)
     2    0.005173    0.046781    0.681526    2.164833 v _3135_/Q (sky130_fd_sc_hd__dfrtp_2)
                                                         shift_out[8] (net)
                      0.046781    0.000006    2.164838 v _2050_/A1 (sky130_fd_sc_hd__o22a_2)
     1    0.002185    0.033736    0.225035    2.389873 v _2050_/X (sky130_fd_sc_hd__o22a_2)
                                                         _0231_ (net)
                      0.033736    0.000002    2.389875 v _3135_/D (sky130_fd_sc_hd__dfrtp_2)
                                              2.389875   data arrival time

                                  0.000000    0.000000   clock clk (rise edge)
                                  0.000000    0.000000   clock source latency
   185    0.484103    2.154896    1.483306    1.483306 ^ clk (in)
                                                         clk (net)
                      2.154983    0.000000    1.483306 ^ _3135_/CLK (sky130_fd_sc_hd__dfrtp_2)
                                  0.500000    1.983306   clock uncertainty
                                  0.000000    1.983306   clock reconvergence pessimism
                                  0.196596    2.179903   library hold time
                                              2.179903   data required time
---------------------------------------------------------------------------------------------
                                              2.179903   data required time
                                             -2.389875   data arrival time
---------------------------------------------------------------------------------------------
                                              0.209973   slack (MET)


Startpoint: _3132_ (rising edge-triggered flip-flop clocked by clk)
Endpoint: _3132_ (rising edge-triggered flip-flop clocked by clk)
Path Group: clk
Path Type: min

Fanout         Cap        Slew       Delay        Time   Description
---------------------------------------------------------------------------------------------
                                  0.000000    0.000000   clock clk (rise edge)
                                  0.000000    0.000000   clock source latency
   185    0.484103    2.154896    1.483546    1.483546 ^ clk (in)
                                                         clk (net)
                      2.154987    0.000000    1.483546 ^ _3132_/CLK (sky130_fd_sc_hd__dfrtp_2)
     2    0.004996    0.046331    0.680870    2.164416 v _3132_/Q (sky130_fd_sc_hd__dfrtp_2)
                                                         shift_out[5] (net)
                      0.046331    0.000001    2.164417 v _2073_/A1 (sky130_fd_sc_hd__o22a_2)
     1    0.002320    0.034259    0.225545    2.389962 v _2073_/X (sky130_fd_sc_hd__o22a_2)
                                                         _0228_ (net)
                      0.034259    0.000003    2.389966 v _3132_/D (sky130_fd_sc_hd__dfrtp_2)
                                              2.389966   data arrival time

                                  0.000000    0.000000   clock clk (rise edge)
                                  0.000000    0.000000   clock source latency
   185    0.484103    2.154896    1.483546    1.483546 ^ clk (in)
                                                         clk (net)
                      2.154987    0.000000    1.483546 ^ _3132_/CLK (sky130_fd_sc_hd__dfrtp_2)
                                  0.500000    1.983546   clock uncertainty
                                  0.000000    1.983546   clock reconvergence pessimism
                                  0.196394    2.179939   library hold time
                                              2.179939   data required time
---------------------------------------------------------------------------------------------
                                              2.179939   data required time
                                             -2.389966   data arrival time
---------------------------------------------------------------------------------------------
                                              0.210027   slack (MET)


Startpoint: _3130_ (rising edge-triggered flip-flop clocked by clk)
Endpoint: _3130_ (rising edge-triggered flip-flop clocked by clk)
Path Group: clk
Path Type: min

Fanout         Cap        Slew       Delay        Time   Description
---------------------------------------------------------------------------------------------
                                  0.000000    0.000000   clock clk (rise edge)
                                  0.000000    0.000000   clock source latency
   185    0.484103    2.154896    1.477352    1.477352 ^ clk (in)
                                                         clk (net)
                      2.154916    0.000000    1.477352 ^ _3130_/CLK (sky130_fd_sc_hd__dfrtp_2)
     2    0.005047    0.046459    0.681051    2.158402 v _3130_/Q (sky130_fd_sc_hd__dfrtp_2)
                                                         shift_out[3] (net)
                      0.046459    0.000006    2.158408 v _2085_/A1 (sky130_fd_sc_hd__o22a_2)
     1    0.002299    0.034180    0.225491    2.383900 v _2085_/X (sky130_fd_sc_hd__o22a_2)
                                                         _0226_ (net)
                      0.034180    0.000004    2.383904 v _3130_/D (sky130_fd_sc_hd__dfrtp_2)
                                              2.383904   data arrival time

                                  0.000000    0.000000   clock clk (rise edge)
                                  0.000000    0.000000   clock source latency
   185    0.484103    2.154896    1.477352    1.477352 ^ clk (in)
                                                         clk (net)
                      2.154916    0.000000    1.477352 ^ _3130_/CLK (sky130_fd_sc_hd__dfrtp_2)
                                  0.500000    1.977352   clock uncertainty
                                  0.000000    1.977352   clock reconvergence pessimism
                                  0.196419    2.173770   library hold time
                                              2.173770   data required time
---------------------------------------------------------------------------------------------
                                              2.173770   data required time
                                             -2.383904   data arrival time
---------------------------------------------------------------------------------------------
                                              0.210133   slack (MET)


Startpoint: _3140_ (rising edge-triggered flip-flop clocked by clk)
Endpoint: _3140_ (rising edge-triggered flip-flop clocked by clk)
Path Group: clk
Path Type: min

Fanout         Cap        Slew       Delay        Time   Description
---------------------------------------------------------------------------------------------
                                  0.000000    0.000000   clock clk (rise edge)
                                  0.000000    0.000000   clock source latency
   185    0.484103    2.154896    1.483696    1.483696 ^ clk (in)
                                                         clk (net)
                      2.154989    0.000000    1.483696 ^ _3140_/CLK (sky130_fd_sc_hd__dfrtp_2)
     2    0.004977    0.046280    0.680797    2.164492 v _3140_/Q (sky130_fd_sc_hd__dfrtp_2)
                                                         shift_out[13] (net)
                      0.046280    0.000000    2.164493 v _2012_/A1 (sky130_fd_sc_hd__o22a_2)
     1    0.002423    0.034660    0.226053    2.390546 v _2012_/X (sky130_fd_sc_hd__o22a_2)
                                                         _0236_ (net)
                      0.034660    0.000004    2.390551 v _3140_/D (sky130_fd_sc_hd__dfrtp_2)
                                              2.390551   data arrival time

                                  0.000000    0.000000   clock clk (rise edge)
                                  0.000000    0.000000   clock source latency
   185    0.484103    2.154896    1.483696    1.483696 ^ clk (in)
                                                         clk (net)
                      2.154989    0.000000    1.483696 ^ _3140_/CLK (sky130_fd_sc_hd__dfrtp_2)
                                  0.500000    1.983696   clock uncertainty
                                  0.000000    1.983696   clock reconvergence pessimism
                                  0.196238    2.179933   library hold time
                                              2.179933   data required time
---------------------------------------------------------------------------------------------
                                              2.179933   data required time
                                             -2.390551   data arrival time
---------------------------------------------------------------------------------------------
                                              0.210618   slack (MET)


Startpoint: _3133_ (rising edge-triggered flip-flop clocked by clk)
Endpoint: _3133_ (rising edge-triggered flip-flop clocked by clk)
Path Group: clk
Path Type: min

Fanout         Cap        Slew       Delay        Time   Description
---------------------------------------------------------------------------------------------
                                  0.000000    0.000000   clock clk (rise edge)
                                  0.000000    0.000000   clock source latency
   185    0.484103    2.154896    1.484369    1.484369 ^ clk (in)
                                                         clk (net)
                      2.155000    0.000000    1.484369 ^ _3133_/CLK (sky130_fd_sc_hd__dfrtp_2)
     2    0.005280    0.047055    0.681927    2.166296 v _3133_/Q (sky130_fd_sc_hd__dfrtp_2)
                                                         shift_out[6] (net)
                      0.047055    0.000004    2.166300 v _2067_/A1 (sky130_fd_sc_hd__o22a_2)
     1    0.002296    0.034165    0.225714    2.392014 v _2067_/X (sky130_fd_sc_hd__o22a_2)
                                                         _0229_ (net)
                      0.034165    0.000003    2.392017 v _3133_/D (sky130_fd_sc_hd__dfrtp_2)
                                              2.392017   data arrival time

                                  0.000000    0.000000   clock clk (rise edge)
                                  0.000000    0.000000   clock source latency
   185    0.484103    2.154896    1.484369    1.484369 ^ clk (in)
                                                         clk (net)
                      2.155000    0.000000    1.484369 ^ _3133_/CLK (sky130_fd_sc_hd__dfrtp_2)
                                  0.500000    1.984369   clock uncertainty
                                  0.000000    1.984369   clock reconvergence pessimism
                                  0.196431    2.180800   library hold time
                                              2.180800   data required time
---------------------------------------------------------------------------------------------
                                              2.180800   data required time
                                             -2.392017   data arrival time
---------------------------------------------------------------------------------------------
                                              0.211217   slack (MET)


Startpoint: _3113_ (rising edge-triggered flip-flop clocked by clk)
Endpoint: _3112_ (rising edge-triggered flip-flop clocked by clk)
Path Group: clk
Path Type: min

Fanout         Cap        Slew       Delay        Time   Description
---------------------------------------------------------------------------------------------
                                  0.000000    0.000000   clock clk (rise edge)
                                  0.000000    0.000000   clock source latency
   185    0.484103    2.154896    1.477709    1.477709 ^ clk (in)
                                                         clk (net)
                      2.154918    0.000000    1.477709 ^ _3113_/CLK (sky130_fd_sc_hd__dfrtp_2)
     4    0.008285    0.063634    0.668486    2.146195 ^ _3113_/Q (sky130_fd_sc_hd__dfrtp_2)
                                                         shift_in[2] (net)
                      0.063634    0.000018    2.146213 ^ _2119_/A0 (sky130_fd_sc_hd__mux2_1)
     1    0.002070    0.037138    0.114990    2.261203 ^ _2119_/X (sky130_fd_sc_hd__mux2_1)
                                                         _0208_ (net)
                      0.037138    0.000000    2.261203 ^ _3112_/D (sky130_fd_sc_hd__dfrtp_2)
                                              2.261203   data arrival time

                                  0.000000    0.000000   clock clk (rise edge)
                                  0.000000    0.000000   clock source latency
   185    0.484103    2.154896    1.476813    1.476813 ^ clk (in)
                                                         clk (net)
                      2.154912    0.000000    1.476813 ^ _3112_/CLK (sky130_fd_sc_hd__dfrtp_2)
                                  0.500000    1.976813   clock uncertainty
                                  0.000000    1.976813   clock reconvergence pessimism
                                  0.072354    2.049167   library hold time
                                              2.049167   data required time
---------------------------------------------------------------------------------------------
                                              2.049167   data required time
                                             -2.261203   data arrival time
---------------------------------------------------------------------------------------------
                                              0.212036   slack (MET)


Startpoint: _3040_ (rising edge-triggered flip-flop clocked by clk)
Endpoint: _3077_ (rising edge-triggered flip-flop clocked by clk)
Path Group: clk
Path Type: min

Fanout         Cap        Slew       Delay        Time   Description
---------------------------------------------------------------------------------------------
                                  0.000000    0.000000   clock clk (rise edge)
                                  0.000000    0.000000   clock source latency
   185    0.484103    2.154896    1.490328    1.490328 ^ clk (in)
                                                         clk (net)
                      2.155124    0.000000    1.490328 ^ _3040_/CLK (sky130_fd_sc_hd__dfrtp_2)
     2    0.008723    0.063409    0.670361    2.160688 ^ _3040_/Q (sky130_fd_sc_hd__dfrtp_2)
                                                         my_sum_sub.al_exp[7] (net)
                      0.063409    0.000091    2.160779 ^ _2164_/A1 (sky130_fd_sc_hd__mux2_1)
     1    0.002075    0.037124    0.117708    2.278487 ^ _2164_/X (sky130_fd_sc_hd__mux2_1)
                                                         _0336_ (net)
                      0.037124    0.000000    2.278488 ^ _3077_/D (sky130_fd_sc_hd__dfrtp_2)
                                              2.278488   data arrival time

                                  0.000000    0.000000   clock clk (rise edge)
                                  0.000000    0.000000   clock source latency
   185    0.484103    2.154896    1.494040    1.494040 ^ clk (in)
                                                         clk (net)
                      2.155226    0.000000    1.494040 ^ _3077_/CLK (sky130_fd_sc_hd__dfrtp_2)
                                  0.500000    1.994040   clock uncertainty
                                  0.000000    1.994040   clock reconvergence pessimism
                                  0.072365    2.066405   library hold time
                                              2.066405   data required time
---------------------------------------------------------------------------------------------
                                              2.066405   data required time
                                             -2.278488   data arrival time
---------------------------------------------------------------------------------------------
                                              0.212083   slack (MET)


Startpoint: _3134_ (rising edge-triggered flip-flop clocked by clk)
Endpoint: _3134_ (rising edge-triggered flip-flop clocked by clk)
Path Group: clk
Path Type: min

Fanout         Cap        Slew       Delay        Time   Description
---------------------------------------------------------------------------------------------
                                  0.000000    0.000000   clock clk (rise edge)
                                  0.000000    0.000000   clock source latency
   185    0.484103    2.154896    1.485018    1.485018 ^ clk (in)
                                                         clk (net)
                      2.155011    0.000000    1.485018 ^ _3134_/CLK (sky130_fd_sc_hd__dfrtp_2)
     2    0.005353    0.047245    0.682203    2.167222 v _3134_/Q (sky130_fd_sc_hd__dfrtp_2)
                                                         shift_out[7] (net)
                      0.047245    0.000002    2.167223 v _2056_/A1 (sky130_fd_sc_hd__o22a_2)
     1    0.002480    0.034844    0.226737    2.393960 v _2056_/X (sky130_fd_sc_hd__o22a_2)
                                                         _0230_ (net)
                      0.034844    0.000006    2.393965 v _3134_/D (sky130_fd_sc_hd__dfrtp_2)
                                              2.393965   data arrival time

                                  0.000000    0.000000   clock clk (rise edge)
                                  0.000000    0.000000   clock source latency
   185    0.484103    2.154896    1.485018    1.485018 ^ clk (in)
                                                         clk (net)
                      2.155011    0.000000    1.485018 ^ _3134_/CLK (sky130_fd_sc_hd__dfrtp_2)
                                  0.500000    1.985018   clock uncertainty
                                  0.000000    1.985018   clock reconvergence pessimism
                                  0.196168    2.181186   library hold time
                                              2.181186   data required time
---------------------------------------------------------------------------------------------
                                              2.181186   data required time
                                             -2.393965   data arrival time
---------------------------------------------------------------------------------------------
                                              0.212779   slack (MET)


Startpoint: _3012_ (rising edge-triggered flip-flop clocked by clk)
Endpoint: _3012_ (rising edge-triggered flip-flop clocked by clk)
Path Group: clk
Path Type: min

Fanout         Cap        Slew       Delay        Time   Description
---------------------------------------------------------------------------------------------
                                  0.000000    0.000000   clock clk (rise edge)
                                  0.000000    0.000000   clock source latency
   185    0.484103    2.154896    1.491864    1.491864 ^ clk (in)
                                                         clk (net)
                      2.155164    0.000000    1.491864 ^ _3012_/CLK (sky130_fd_sc_hd__dfrtp_2)
     3    0.008072    0.051552    0.692340    2.184204 v _3012_/Q (sky130_fd_sc_hd__dfrtp_2)
                                                         div_quotient[2] (net)
                      0.051552    0.000020    2.184224 v _2697_/B2 (sky130_fd_sc_hd__a22o_2)
     1    0.002136    0.035765    0.216388    2.400612 v _2697_/X (sky130_fd_sc_hd__a22o_2)
                                                         _0271_ (net)
                      0.035765    0.000002    2.400615 v _3012_/D (sky130_fd_sc_hd__dfrtp_2)
                                              2.400615   data arrival time

                                  0.000000    0.000000   clock clk (rise edge)
                                  0.000000    0.000000   clock source latency
   185    0.484103    2.154896    1.491864    1.491864 ^ clk (in)
                                                         clk (net)
                      2.155164    0.000000    1.491864 ^ _3012_/CLK (sky130_fd_sc_hd__dfrtp_2)
                                  0.500000    1.991864   clock uncertainty
                                  0.000000    1.991864   clock reconvergence pessimism
                                  0.195822    2.187686   library hold time
                                              2.187686   data required time
---------------------------------------------------------------------------------------------
                                              2.187686   data required time
                                             -2.400615   data arrival time
---------------------------------------------------------------------------------------------
                                              0.212928   slack (MET)


Startpoint: _3011_ (rising edge-triggered flip-flop clocked by clk)
Endpoint: _3011_ (rising edge-triggered flip-flop clocked by clk)
Path Group: clk
Path Type: min

Fanout         Cap        Slew       Delay        Time   Description
---------------------------------------------------------------------------------------------
                                  0.000000    0.000000   clock clk (rise edge)
                                  0.000000    0.000000   clock source latency
   185    0.484103    2.154896    1.491979    1.491979 ^ clk (in)
                                                         clk (net)
                      2.155167    0.000000    1.491979 ^ _3011_/CLK (sky130_fd_sc_hd__dfrtp_2)
     3    0.008179    0.051828    0.692737    2.184716 v _3011_/Q (sky130_fd_sc_hd__dfrtp_2)
                                                         div_quotient[1] (net)
                      0.051828    0.000021    2.184737 v _2698_/B2 (sky130_fd_sc_hd__a22o_2)
     1    0.002065    0.035532    0.216097    2.400834 v _2698_/X (sky130_fd_sc_hd__a22o_2)
                                                         _0270_ (net)
                      0.035532    0.000001    2.400835 v _3011_/D (sky130_fd_sc_hd__dfrtp_2)
                                              2.400835   data arrival time

                                  0.000000    0.000000   clock clk (rise edge)
                                  0.000000    0.000000   clock source latency
   185    0.484103    2.154896    1.491979    1.491979 ^ clk (in)
                                                         clk (net)
                      2.155167    0.000000    1.491979 ^ _3011_/CLK (sky130_fd_sc_hd__dfrtp_2)
                                  0.500000    1.991979   clock uncertainty
                                  0.000000    1.991979   clock reconvergence pessimism
                                  0.195913    2.187893   library hold time
                                              2.187893   data required time
---------------------------------------------------------------------------------------------
                                              2.187893   data required time
                                             -2.400835   data arrival time
---------------------------------------------------------------------------------------------
                                              0.212942   slack (MET)


Startpoint: _3023_ (rising edge-triggered flip-flop clocked by clk)
Endpoint: _3023_ (rising edge-triggered flip-flop clocked by clk)
Path Group: clk
Path Type: min

Fanout         Cap        Slew       Delay        Time   Description
---------------------------------------------------------------------------------------------
                                  0.000000    0.000000   clock clk (rise edge)
                                  0.000000    0.000000   clock source latency
   185    0.484103    2.154896    1.492109    1.492109 ^ clk (in)
                                                         clk (net)
                      2.155171    0.000000    1.492109 ^ _3023_/CLK (sky130_fd_sc_hd__dfrtp_2)
     2    0.009397    0.056069    0.697250    2.189359 v _3023_/Q (sky130_fd_sc_hd__dfrtp_2)
                                                         my_sum_sub.result[6] (net)
                      0.056069    0.000018    2.189378 v _2673_/B1 (sky130_fd_sc_hd__a32o_2)
     1    0.002072    0.035837    0.211883    2.401261 v _2673_/X (sky130_fd_sc_hd__a32o_2)
                                                         _0282_ (net)
                      0.035837    0.000001    2.401262 v _3023_/D (sky130_fd_sc_hd__dfrtp_2)
                                              2.401262   data arrival time

                                  0.000000    0.000000   clock clk (rise edge)
                                  0.000000    0.000000   clock source latency
   185    0.484103    2.154896    1.492109    1.492109 ^ clk (in)
                                                         clk (net)
                      2.155171    0.000000    1.492109 ^ _3023_/CLK (sky130_fd_sc_hd__dfrtp_2)
                                  0.500000    1.992109   clock uncertainty
                                  0.000000    1.992109   clock reconvergence pessimism
                                  0.195795    2.187905   library hold time
                                              2.187905   data required time
---------------------------------------------------------------------------------------------
                                              2.187905   data required time
                                             -2.401262   data arrival time
---------------------------------------------------------------------------------------------
                                              0.213357   slack (MET)


Startpoint: _3112_ (rising edge-triggered flip-flop clocked by clk)
Endpoint: _3096_ (rising edge-triggered flip-flop clocked by clk)
Path Group: clk
Path Type: min

Fanout         Cap        Slew       Delay        Time   Description
---------------------------------------------------------------------------------------------
                                  0.000000    0.000000   clock clk (rise edge)
                                  0.000000    0.000000   clock source latency
   185    0.484103    2.154896    1.476813    1.476813 ^ clk (in)
                                                         clk (net)
                      2.154912    0.000000    1.476813 ^ _3112_/CLK (sky130_fd_sc_hd__dfrtp_2)
     4    0.008382    0.064050    0.668901    2.145714 ^ _3112_/Q (sky130_fd_sc_hd__dfrtp_2)
                                                         shift_in[1] (net)
                      0.064050    0.000008    2.145722 ^ _2138_/A0 (sky130_fd_sc_hd__mux2_1)
     1    0.002271    0.038713    0.116751    2.262472 ^ _2138_/X (sky130_fd_sc_hd__mux2_1)
                                                         _0355_ (net)
                      0.038713    0.000004    2.262476 ^ _3096_/D (sky130_fd_sc_hd__dfrtp_2)
                                              2.262476   data arrival time

                                  0.000000    0.000000   clock clk (rise edge)
                                  0.000000    0.000000   clock source latency
   185    0.484103    2.154896    1.477000    1.477000 ^ clk (in)
                                                         clk (net)
                      2.154913    0.000000    1.477000 ^ _3096_/CLK (sky130_fd_sc_hd__dfrtp_2)
                                  0.500000    1.977000   clock uncertainty
                                  0.000000    1.977000   clock reconvergence pessimism
                                  0.072059    2.049059   library hold time
                                              2.049059   data required time
---------------------------------------------------------------------------------------------
                                              2.049059   data required time
                                             -2.262476   data arrival time
---------------------------------------------------------------------------------------------
                                              0.213417   slack (MET)


Startpoint: _3069_ (rising edge-triggered flip-flop clocked by clk)
Endpoint: _3069_ (rising edge-triggered flip-flop clocked by clk)
Path Group: clk
Path Type: min

Fanout         Cap        Slew       Delay        Time   Description
---------------------------------------------------------------------------------------------
                                  0.000000    0.000000   clock clk (rise edge)
                                  0.000000    0.000000   clock source latency
   185    0.484103    2.154896    1.494521    1.494521 ^ clk (in)
                                                         clk (net)
                      2.155241    0.000000    1.494521 ^ _3069_/CLK (sky130_fd_sc_hd__dfrtp_2)
     2    0.008577    0.062776    0.669738    2.164259 ^ _3069_/Q (sky130_fd_sc_hd__dfrtp_2)
                                                         my_sum_sub.cm_sign (net)
                      0.062776    0.000010    2.164269 ^ _2173_/A0 (sky130_fd_sc_hd__mux2_1)
     1    0.002215    0.038236    0.115862    2.280130 ^ _2173_/X (sky130_fd_sc_hd__mux2_1)
                                                         _0328_ (net)
                      0.038236    0.000002    2.280132 ^ _3069_/D (sky130_fd_sc_hd__dfrtp_2)
                                              2.280132   data arrival time

                                  0.000000    0.000000   clock clk (rise edge)
                                  0.000000    0.000000   clock source latency
   185    0.484103    2.154896    1.494521    1.494521 ^ clk (in)
                                                         clk (net)
                      2.155241    0.000000    1.494521 ^ _3069_/CLK (sky130_fd_sc_hd__dfrtp_2)
                                  0.500000    1.994521   clock uncertainty
                                  0.000000    1.994521   clock reconvergence pessimism
                                  0.072157    2.066679   library hold time
                                              2.066679   data required time
---------------------------------------------------------------------------------------------
                                              2.066679   data required time
                                             -2.280132   data arrival time
---------------------------------------------------------------------------------------------
                                              0.213454   slack (MET)


Startpoint: _3113_ (rising edge-triggered flip-flop clocked by clk)
Endpoint: _3097_ (rising edge-triggered flip-flop clocked by clk)
Path Group: clk
Path Type: min

Fanout         Cap        Slew       Delay        Time   Description
---------------------------------------------------------------------------------------------
                                  0.000000    0.000000   clock clk (rise edge)
                                  0.000000    0.000000   clock source latency
   185    0.484103    2.154896    1.477709    1.477709 ^ clk (in)
                                                         clk (net)
                      2.154918    0.000000    1.477709 ^ _3113_/CLK (sky130_fd_sc_hd__dfrtp_2)
     4    0.008285    0.063634    0.668486    2.146195 ^ _3113_/Q (sky130_fd_sc_hd__dfrtp_2)
                                                         shift_in[2] (net)
                      0.063634    0.000015    2.146210 ^ _2137_/A0 (sky130_fd_sc_hd__mux2_1)
     1    0.002230    0.038382    0.116272    2.262482 ^ _2137_/X (sky130_fd_sc_hd__mux2_1)
                                                         _0356_ (net)
                      0.038382    0.000003    2.262485 ^ _3097_/D (sky130_fd_sc_hd__dfrtp_2)
                                              2.262485   data arrival time

                                  0.000000    0.000000   clock clk (rise edge)
                                  0.000000    0.000000   clock source latency
   185    0.484103    2.154896    1.476841    1.476841 ^ clk (in)
                                                         clk (net)
                      2.154912    0.000000    1.476841 ^ _3097_/CLK (sky130_fd_sc_hd__dfrtp_2)
                                  0.500000    1.976841   clock uncertainty
                                  0.000000    1.976841   clock reconvergence pessimism
                                  0.072121    2.048962   library hold time
                                              2.048962   data required time
---------------------------------------------------------------------------------------------
                                              2.048962   data required time
                                             -2.262485   data arrival time
---------------------------------------------------------------------------------------------
                                              0.213523   slack (MET)


Startpoint: _3138_ (rising edge-triggered flip-flop clocked by clk)
Endpoint: _3138_ (rising edge-triggered flip-flop clocked by clk)
Path Group: clk
Path Type: min

Fanout         Cap        Slew       Delay        Time   Description
---------------------------------------------------------------------------------------------
                                  0.000000    0.000000   clock clk (rise edge)
                                  0.000000    0.000000   clock source latency
   185    0.484103    2.154896    1.483648    1.483648 ^ clk (in)
                                                         clk (net)
                      2.154988    0.000000    1.483648 ^ _3138_/CLK (sky130_fd_sc_hd__dfrtp_2)
     2    0.005255    0.046993    0.681835    2.165483 v _3138_/Q (sky130_fd_sc_hd__dfrtp_2)
                                                         shift_out[11] (net)
                      0.046993    0.000007    2.165490 v _2029_/A1 (sky130_fd_sc_hd__o22a_2)
     1    0.002692    0.035501    0.227721    2.393211 v _2029_/X (sky130_fd_sc_hd__o22a_2)
                                                         _0234_ (net)
                      0.035501    0.000008    2.393219 v _3138_/D (sky130_fd_sc_hd__dfrtp_2)
                                              2.393219   data arrival time

                                  0.000000    0.000000   clock clk (rise edge)
                                  0.000000    0.000000   clock source latency
   185    0.484103    2.154896    1.483648    1.483648 ^ clk (in)
                                                         clk (net)
                      2.154988    0.000000    1.483648 ^ _3138_/CLK (sky130_fd_sc_hd__dfrtp_2)
                                  0.500000    1.983648   clock uncertainty
                                  0.000000    1.983648   clock reconvergence pessimism
                                  0.195911    2.179559   library hold time
                                              2.179559   data required time
---------------------------------------------------------------------------------------------
                                              2.179559   data required time
                                             -2.393219   data arrival time
---------------------------------------------------------------------------------------------
                                              0.213660   slack (MET)


Startpoint: _3040_ (rising edge-triggered flip-flop clocked by clk)
Endpoint: _3040_ (rising edge-triggered flip-flop clocked by clk)
Path Group: clk
Path Type: min

Fanout         Cap        Slew       Delay        Time   Description
---------------------------------------------------------------------------------------------
                                  0.000000    0.000000   clock clk (rise edge)
                                  0.000000    0.000000   clock source latency
   185    0.484103    2.154896    1.490328    1.490328 ^ clk (in)
                                                         clk (net)
                      2.155124    0.000000    1.490328 ^ _3040_/CLK (sky130_fd_sc_hd__dfrtp_2)
     2    0.008723    0.063409    0.670361    2.160688 ^ _3040_/Q (sky130_fd_sc_hd__dfrtp_2)
                                                         my_sum_sub.al_exp[7] (net)
                      0.063409    0.000008    2.160696 ^ _2383_/A0 (sky130_fd_sc_hd__mux2_1)
     1    0.002204    0.038102    0.115992    2.276688 ^ _2383_/X (sky130_fd_sc_hd__mux2_1)
                                                         _0299_ (net)
                      0.038102    0.000002    2.276690 ^ _3040_/D (sky130_fd_sc_hd__dfrtp_2)
                                              2.276690   data arrival time

                                  0.000000    0.000000   clock clk (rise edge)
                                  0.000000    0.000000   clock source latency
   185    0.484103    2.154896    1.490328    1.490328 ^ clk (in)
                                                         clk (net)
                      2.155124    0.000000    1.490328 ^ _3040_/CLK (sky130_fd_sc_hd__dfrtp_2)
                                  0.500000    1.990328   clock uncertainty
                                  0.000000    1.990328   clock reconvergence pessimism
                                  0.072179    2.062507   library hold time
                                              2.062507   data required time
---------------------------------------------------------------------------------------------
                                              2.062507   data required time
                                             -2.276690   data arrival time
---------------------------------------------------------------------------------------------
                                              0.214183   slack (MET)


Startpoint: _3014_ (rising edge-triggered flip-flop clocked by clk)
Endpoint: _3014_ (rising edge-triggered flip-flop clocked by clk)
Path Group: clk
Path Type: min

Fanout         Cap        Slew       Delay        Time   Description
---------------------------------------------------------------------------------------------
                                  0.000000    0.000000   clock clk (rise edge)
                                  0.000000    0.000000   clock source latency
   185    0.484103    2.154896    1.491719    1.491719 ^ clk (in)
                                                         clk (net)
                      2.155160    0.000000    1.491719 ^ _3014_/CLK (sky130_fd_sc_hd__dfrtp_2)
     3    0.007995    0.051354    0.692052    2.183771 v _3014_/Q (sky130_fd_sc_hd__dfrtp_2)
                                                         div_quotient[4] (net)
                      0.051354    0.000022    2.183793 v _2695_/B2 (sky130_fd_sc_hd__a22o_2)
     1    0.002497    0.036993    0.218253    2.402046 v _2695_/X (sky130_fd_sc_hd__a22o_2)
                                                         _0273_ (net)
                      0.036993    0.000006    2.402052 v _3014_/D (sky130_fd_sc_hd__dfrtp_2)
                                              2.402052   data arrival time

                                  0.000000    0.000000   clock clk (rise edge)
                                  0.000000    0.000000   clock source latency
   185    0.484103    2.154896    1.491719    1.491719 ^ clk (in)
                                                         clk (net)
                      2.155160    0.000000    1.491719 ^ _3014_/CLK (sky130_fd_sc_hd__dfrtp_2)
                                  0.500000    1.991719   clock uncertainty
                                  0.000000    1.991719   clock reconvergence pessimism
                                  0.195345    2.187065   library hold time
                                              2.187065   data required time
---------------------------------------------------------------------------------------------
                                              2.187065   data required time
                                             -2.402052   data arrival time
---------------------------------------------------------------------------------------------
                                              0.214987   slack (MET)


Startpoint: _3013_ (rising edge-triggered flip-flop clocked by clk)
Endpoint: _3013_ (rising edge-triggered flip-flop clocked by clk)
Path Group: clk
Path Type: min

Fanout         Cap        Slew       Delay        Time   Description
---------------------------------------------------------------------------------------------
                                  0.000000    0.000000   clock clk (rise edge)
                                  0.000000    0.000000   clock source latency
   185    0.484103    2.154896    1.491628    1.491628 ^ clk (in)
                                                         clk (net)
                      2.155158    0.000000    1.491628 ^ _3013_/CLK (sky130_fd_sc_hd__dfrtp_2)
     3    0.007612    0.053027    0.690636    2.182264 v _3013_/Q (sky130_fd_sc_hd__dfrtp_2)
                                                         div_quotient[3] (net)
                      0.053027    0.000015    2.182279 v _2696_/B2 (sky130_fd_sc_hd__a22o_2)
     1    0.002640    0.037470    0.219574    2.401852 v _2696_/X (sky130_fd_sc_hd__a22o_2)
                                                         _0272_ (net)
                      0.037470    0.000008    2.401860 v _3013_/D (sky130_fd_sc_hd__dfrtp_2)
                                              2.401860   data arrival time

                                  0.000000    0.000000   clock clk (rise edge)
                                  0.000000    0.000000   clock source latency
   185    0.484103    2.154896    1.491628    1.491628 ^ clk (in)
                                                         clk (net)
                      2.155158    0.000000    1.491628 ^ _3013_/CLK (sky130_fd_sc_hd__dfrtp_2)
                                  0.500000    1.991628   clock uncertainty
                                  0.000000    1.991628   clock reconvergence pessimism
                                  0.195160    2.186788   library hold time
                                              2.186788   data required time
---------------------------------------------------------------------------------------------
                                              2.186788   data required time
                                             -2.401860   data arrival time
---------------------------------------------------------------------------------------------
                                              0.215072   slack (MET)


Startpoint: _3015_ (rising edge-triggered flip-flop clocked by clk)
Endpoint: _3015_ (rising edge-triggered flip-flop clocked by clk)
Path Group: clk
Path Type: min

Fanout         Cap        Slew       Delay        Time   Description
---------------------------------------------------------------------------------------------
                                  0.000000    0.000000   clock clk (rise edge)
                                  0.000000    0.000000   clock source latency
   185    0.484103    2.154896    1.484393    1.484393 ^ clk (in)
                                                         clk (net)
                      2.155000    0.000000    1.484393 ^ _3015_/CLK (sky130_fd_sc_hd__dfrtp_2)
     3    0.007286    0.052192    0.689404    2.173798 v _3015_/Q (sky130_fd_sc_hd__dfrtp_2)
                                                         div_quotient[5] (net)
                      0.052192    0.000007    2.173805 v _2694_/B2 (sky130_fd_sc_hd__a22o_2)
     1    0.002935    0.037309    0.220874    2.394679 v _2694_/X (sky130_fd_sc_hd__a22o_2)
                                                         _0274_ (net)
                      0.037309    0.000011    2.394690 v _3015_/D (sky130_fd_sc_hd__dfrtp_2)
                                              2.394690   data arrival time

                                  0.000000    0.000000   clock clk (rise edge)
                                  0.000000    0.000000   clock source latency
   185    0.484103    2.154896    1.484393    1.484393 ^ clk (in)
                                                         clk (net)
                      2.155000    0.000000    1.484393 ^ _3015_/CLK (sky130_fd_sc_hd__dfrtp_2)
                                  0.500000    1.984393   clock uncertainty
                                  0.000000    1.984393   clock reconvergence pessimism
                                  0.195210    2.179604   library hold time
                                              2.179604   data required time
---------------------------------------------------------------------------------------------
                                              2.179604   data required time
                                             -2.394690   data arrival time
---------------------------------------------------------------------------------------------
                                              0.215086   slack (MET)


Startpoint: _3069_ (rising edge-triggered flip-flop clocked by clk)
Endpoint: _3032_ (rising edge-triggered flip-flop clocked by clk)
Path Group: clk
Path Type: min

Fanout         Cap        Slew       Delay        Time   Description
---------------------------------------------------------------------------------------------
                                  0.000000    0.000000   clock clk (rise edge)
                                  0.000000    0.000000   clock source latency
   185    0.484103    2.154896    1.494521    1.494521 ^ clk (in)
                                                         clk (net)
                      2.155241    0.000000    1.494521 ^ _3069_/CLK (sky130_fd_sc_hd__dfrtp_2)
     2    0.008121    0.051658    0.692509    2.187030 v _3069_/Q (sky130_fd_sc_hd__dfrtp_2)
                                                         my_sum_sub.cm_sign (net)
                      0.051658    0.000103    2.187132 v _2660_/B2 (sky130_fd_sc_hd__a22o_2)
     1    0.002296    0.036319    0.217277    2.404409 v _2660_/X (sky130_fd_sc_hd__a22o_2)
                                                         _0291_ (net)
                      0.036319    0.000003    2.404413 v _3032_/D (sky130_fd_sc_hd__dfrtp_2)
                                              2.404413   data arrival time

                                  0.000000    0.000000   clock clk (rise edge)
                                  0.000000    0.000000   clock source latency
   185    0.484103    2.154896    1.493403    1.493403 ^ clk (in)
                                                         clk (net)
                      2.155207    0.000000    1.493403 ^ _3032_/CLK (sky130_fd_sc_hd__dfrtp_2)
                                  0.500000    1.993403   clock uncertainty
                                  0.000000    1.993403   clock reconvergence pessimism
                                  0.195611    2.189014   library hold time
                                              2.189014   data required time
---------------------------------------------------------------------------------------------
                                              2.189014   data required time
                                             -2.404413   data arrival time
---------------------------------------------------------------------------------------------
                                              0.215399   slack (MET)


Startpoint: _3033_ (rising edge-triggered flip-flop clocked by clk)
Endpoint: _3033_ (rising edge-triggered flip-flop clocked by clk)
Path Group: clk
Path Type: min

Fanout         Cap        Slew       Delay        Time   Description
---------------------------------------------------------------------------------------------
                                  0.000000    0.000000   clock clk (rise edge)
                                  0.000000    0.000000   clock source latency
   185    0.484103    2.154896    1.494766    1.494766 ^ clk (in)
                                                         clk (net)
                      2.155248    0.000000    1.494766 ^ _3033_/CLK (sky130_fd_sc_hd__dfrtp_2)
     2    0.006241    0.054856    0.659750    2.154515 ^ _3033_/Q (sky130_fd_sc_hd__dfrtp_2)
                                                         my_sum_sub.al_exp[0] (net)
                      0.054856    0.000011    2.154526 ^ _2397_/A1 (sky130_fd_sc_hd__a221o_2)
     1    0.002150    0.027718    0.130875    2.285401 ^ _2397_/X (sky130_fd_sc_hd__a221o_2)
                                                         _0292_ (net)
                      0.027718    0.000001    2.285402 ^ _3033_/D (sky130_fd_sc_hd__dfrtp_2)
                                              2.285402   data arrival time

                                  0.000000    0.000000   clock clk (rise edge)
                                  0.000000    0.000000   clock source latency
   185    0.484103    2.154896    1.494766    1.494766 ^ clk (in)
                                                         clk (net)
                      2.155248    0.000000    1.494766 ^ _3033_/CLK (sky130_fd_sc_hd__dfrtp_2)
                                  0.500000    1.994766   clock uncertainty
                                  0.000000    1.994766   clock reconvergence pessimism
                                  0.074128    2.068893   library hold time
                                              2.068893   data required time
---------------------------------------------------------------------------------------------
                                              2.068893   data required time
                                             -2.285402   data arrival time
---------------------------------------------------------------------------------------------
                                              0.216509   slack (MET)


Startpoint: _3039_ (rising edge-triggered flip-flop clocked by clk)
Endpoint: _3039_ (rising edge-triggered flip-flop clocked by clk)
Path Group: clk
Path Type: min

Fanout         Cap        Slew       Delay        Time   Description
---------------------------------------------------------------------------------------------
                                  0.000000    0.000000   clock clk (rise edge)
                                  0.000000    0.000000   clock source latency
   185    0.484103    2.154896    1.494047    1.494047 ^ clk (in)
                                                         clk (net)
                      2.155226    0.000000    1.494047 ^ _3039_/CLK (sky130_fd_sc_hd__dfrtp_2)
     2    0.006285    0.055044    0.659935    2.153981 ^ _3039_/Q (sky130_fd_sc_hd__dfrtp_2)
                                                         my_sum_sub.al_exp[6] (net)
                      0.055044    0.000012    2.153993 ^ _2385_/A1 (sky130_fd_sc_hd__a221o_2)
     1    0.002140    0.027674    0.130890    2.284883 ^ _2385_/X (sky130_fd_sc_hd__a221o_2)
                                                         _0298_ (net)
                      0.027674    0.000002    2.284884 ^ _3039_/D (sky130_fd_sc_hd__dfrtp_2)
                                              2.284884   data arrival time

                                  0.000000    0.000000   clock clk (rise edge)
                                  0.000000    0.000000   clock source latency
   185    0.484103    2.154896    1.494047    1.494047 ^ clk (in)
                                                         clk (net)
                      2.155226    0.000000    1.494047 ^ _3039_/CLK (sky130_fd_sc_hd__dfrtp_2)
                                  0.500000    1.994047   clock uncertainty
                                  0.000000    1.994047   clock reconvergence pessimism
                                  0.074135    2.068182   library hold time
                                              2.068182   data required time
---------------------------------------------------------------------------------------------
                                              2.068182   data required time
                                             -2.284884   data arrival time
---------------------------------------------------------------------------------------------
                                              0.216703   slack (MET)


Startpoint: _3149_ (rising edge-triggered flip-flop clocked by clk)
Endpoint: _3149_ (rising edge-triggered flip-flop clocked by clk)
Path Group: clk
Path Type: min

Fanout         Cap        Slew       Delay        Time   Description
---------------------------------------------------------------------------------------------
                                  0.000000    0.000000   clock clk (rise edge)
                                  0.000000    0.000000   clock source latency
   185    0.484103    2.154896    1.483712    1.483712 ^ clk (in)
                                                         clk (net)
                      2.154989    0.000000    1.483712 ^ _3149_/CLK (sky130_fd_sc_hd__dfrtp_2)
     5    0.009304    0.068011    0.672868    2.156580 ^ _3149_/Q (sky130_fd_sc_hd__dfrtp_2)
                                                         op_reg[1] (net)
                      0.068011    0.000004    2.156584 ^ _1511_/A0 (sky130_fd_sc_hd__mux2_1)
     1    0.002071    0.037043    0.116504    2.273088 ^ _1511_/X (sky130_fd_sc_hd__mux2_1)
                                                         _0245_ (net)
                      0.037043    0.000000    2.273089 ^ _3149_/D (sky130_fd_sc_hd__dfrtp_2)
                                              2.273089   data arrival time

                                  0.000000    0.000000   clock clk (rise edge)
                                  0.000000    0.000000   clock source latency
   185    0.484103    2.154896    1.483712    1.483712 ^ clk (in)
                                                         clk (net)
                      2.154989    0.000000    1.483712 ^ _3149_/CLK (sky130_fd_sc_hd__dfrtp_2)
                                  0.500000    1.983712   clock uncertainty
                                  0.000000    1.983712   clock reconvergence pessimism
                                  0.072374    2.056087   library hold time
                                              2.056087   data required time
---------------------------------------------------------------------------------------------
                                              2.056087   data required time
                                             -2.273089   data arrival time
---------------------------------------------------------------------------------------------
                                              0.217002   slack (MET)


Startpoint: _3114_ (rising edge-triggered flip-flop clocked by clk)
Endpoint: _3114_ (rising edge-triggered flip-flop clocked by clk)
Path Group: clk
Path Type: min

Fanout         Cap        Slew       Delay        Time   Description
---------------------------------------------------------------------------------------------
                                  0.000000    0.000000   clock clk (rise edge)
                                  0.000000    0.000000   clock source latency
   185    0.484103    2.154896    1.478955    1.478955 ^ clk (in)
                                                         clk (net)
                      2.154929    0.000000    1.478955 ^ _3114_/CLK (sky130_fd_sc_hd__dfrtp_2)
     4    0.008425    0.064235    0.669088    2.148043 ^ _3114_/Q (sky130_fd_sc_hd__dfrtp_2)
                                                         shift_in[3] (net)
                      0.064235    0.000006    2.148049 ^ _2117_/A1 (sky130_fd_sc_hd__mux2_1)
     1    0.002316    0.039083    0.119910    2.267959 ^ _2117_/X (sky130_fd_sc_hd__mux2_1)
                                                         _0210_ (net)
                      0.039083    0.000003    2.267962 ^ _3114_/D (sky130_fd_sc_hd__dfrtp_2)
                                              2.267962   data arrival time

                                  0.000000    0.000000   clock clk (rise edge)
                                  0.000000    0.000000   clock source latency
   185    0.484103    2.154896    1.478955    1.478955 ^ clk (in)
                                                         clk (net)
                      2.154929    0.000000    1.478955 ^ _3114_/CLK (sky130_fd_sc_hd__dfrtp_2)
                                  0.500000    1.978956   clock uncertainty
                                  0.000000    1.978956   clock reconvergence pessimism
                                  0.071990    2.050946   library hold time
                                              2.050946   data required time
---------------------------------------------------------------------------------------------
                                              2.050946   data required time
                                             -2.267962   data arrival time
---------------------------------------------------------------------------------------------
                                              0.217016   slack (MET)


Startpoint: _3114_ (rising edge-triggered flip-flop clocked by clk)
Endpoint: _3113_ (rising edge-triggered flip-flop clocked by clk)
Path Group: clk
Path Type: min

Fanout         Cap        Slew       Delay        Time   Description
---------------------------------------------------------------------------------------------
                                  0.000000    0.000000   clock clk (rise edge)
                                  0.000000    0.000000   clock source latency
   185    0.484103    2.154896    1.478955    1.478955 ^ clk (in)
                                                         clk (net)
                      2.154929    0.000000    1.478955 ^ _3114_/CLK (sky130_fd_sc_hd__dfrtp_2)
     4    0.008425    0.064235    0.669088    2.148043 ^ _3114_/Q (sky130_fd_sc_hd__dfrtp_2)
                                                         shift_in[3] (net)
                      0.064235    0.000012    2.148056 ^ _2118_/A0 (sky130_fd_sc_hd__mux2_1)
     1    0.002486    0.040428    0.118537    2.266593 ^ _2118_/X (sky130_fd_sc_hd__mux2_1)
                                                         _0209_ (net)
                      0.040428    0.000005    2.266598 ^ _3113_/D (sky130_fd_sc_hd__dfrtp_2)
                                              2.266598   data arrival time

                                  0.000000    0.000000   clock clk (rise edge)
                                  0.000000    0.000000   clock source latency
   185    0.484103    2.154896    1.477709    1.477709 ^ clk (in)
                                                         clk (net)
                      2.154918    0.000000    1.477709 ^ _3113_/CLK (sky130_fd_sc_hd__dfrtp_2)
                                  0.500000    1.977709   clock uncertainty
                                  0.000000    1.977709   clock reconvergence pessimism
                                  0.071738    2.049447   library hold time
                                              2.049447   data required time
---------------------------------------------------------------------------------------------
                                              2.049447   data required time
                                             -2.266598   data arrival time
---------------------------------------------------------------------------------------------
                                              0.217151   slack (MET)


Startpoint: _3036_ (rising edge-triggered flip-flop clocked by clk)
Endpoint: _3036_ (rising edge-triggered flip-flop clocked by clk)
Path Group: clk
Path Type: min

Fanout         Cap        Slew       Delay        Time   Description
---------------------------------------------------------------------------------------------
                                  0.000000    0.000000   clock clk (rise edge)
                                  0.000000    0.000000   clock source latency
   185    0.484103    2.154896    1.494364    1.494364 ^ clk (in)
                                                         clk (net)
                      2.155236    0.000000    1.494364 ^ _3036_/CLK (sky130_fd_sc_hd__dfrtp_2)
     2    0.006614    0.053667    0.661341    2.155705 ^ _3036_/Q (sky130_fd_sc_hd__dfrtp_2)
                                                         my_sum_sub.al_exp[3] (net)
                      0.053667    0.000011    2.155716 ^ _2391_/A1 (sky130_fd_sc_hd__a221o_2)
     1    0.002144    0.027692    0.130420    2.286136 ^ _2391_/X (sky130_fd_sc_hd__a221o_2)
                                                         _0295_ (net)
                      0.027692    0.000001    2.286137 ^ _3036_/D (sky130_fd_sc_hd__dfrtp_2)
                                              2.286137   data arrival time

                                  0.000000    0.000000   clock clk (rise edge)
                                  0.000000    0.000000   clock source latency
   185    0.484103    2.154896    1.494364    1.494364 ^ clk (in)
                                                         clk (net)
                      2.155236    0.000000    1.494364 ^ _3036_/CLK (sky130_fd_sc_hd__dfrtp_2)
                                  0.500000    1.994364   clock uncertainty
                                  0.000000    1.994364   clock reconvergence pessimism
                                  0.074132    2.068496   library hold time
                                              2.068496   data required time
---------------------------------------------------------------------------------------------
                                              2.068496   data required time
                                             -2.286137   data arrival time
---------------------------------------------------------------------------------------------
                                              0.217641   slack (MET)


Startpoint: _3114_ (rising edge-triggered flip-flop clocked by clk)
Endpoint: _3098_ (rising edge-triggered flip-flop clocked by clk)
Path Group: clk
Path Type: min

Fanout         Cap        Slew       Delay        Time   Description
---------------------------------------------------------------------------------------------
                                  0.000000    0.000000   clock clk (rise edge)
                                  0.000000    0.000000   clock source latency
   185    0.484103    2.154896    1.478955    1.478955 ^ clk (in)
                                                         clk (net)
                      2.154929    0.000000    1.478955 ^ _3114_/CLK (sky130_fd_sc_hd__dfrtp_2)
     4    0.008425    0.064235    0.669088    2.148043 ^ _3114_/Q (sky130_fd_sc_hd__dfrtp_2)
                                                         shift_in[3] (net)
                      0.064235    0.000018    2.148061 ^ _2136_/A0 (sky130_fd_sc_hd__mux2_1)
     1    0.002506    0.040562    0.118691    2.266752 ^ _2136_/X (sky130_fd_sc_hd__mux2_1)
                                                         _0357_ (net)
                      0.040562    0.000006    2.266758 ^ _3098_/D (sky130_fd_sc_hd__dfrtp_2)
                                              2.266758   data arrival time

                                  0.000000    0.000000   clock clk (rise edge)
                                  0.000000    0.000000   clock source latency
   185    0.484103    2.154896    1.476300    1.476300 ^ clk (in)
                                                         clk (net)
                      2.154908    0.000000    1.476300 ^ _3098_/CLK (sky130_fd_sc_hd__dfrtp_2)
                                  0.500000    1.976300   clock uncertainty
                                  0.000000    1.976300   clock reconvergence pessimism
                                  0.071713    2.048013   library hold time
                                              2.048013   data required time
---------------------------------------------------------------------------------------------
                                              2.048013   data required time
                                             -2.266758   data arrival time
---------------------------------------------------------------------------------------------
                                              0.218745   slack (MET)


Startpoint: _3159_ (rising edge-triggered flip-flop clocked by clk)
Endpoint: _3161_ (rising edge-triggered flip-flop clocked by clk)
Path Group: clk
Path Type: min

Fanout         Cap        Slew       Delay        Time   Description
---------------------------------------------------------------------------------------------
                                  0.000000    0.000000   clock clk (rise edge)
                                  0.000000    0.000000   clock source latency
   185    0.484103    2.154896    1.494637    1.494637 ^ clk (in)
                                                         clk (net)
                      2.155245    0.000000    1.494637 ^ _3159_/CLK (sky130_fd_sc_hd__dfrtp_2)
    21    0.080588    0.207348    0.848044    2.342680 v _3159_/Q (sky130_fd_sc_hd__dfrtp_2)
                                                         my_sum_sub.state[1] (net)
                      0.207348    0.000449    2.343129 v _3161_/D (sky130_fd_sc_hd__dfrtp_2)
                                              2.343129   data arrival time

                                  0.000000    0.000000   clock clk (rise edge)
                                  0.000000    0.000000   clock source latency
   185    0.484103    2.154896    1.494437    1.494437 ^ clk (in)
                                                         clk (net)
                      2.155238    0.000000    1.494437 ^ _3161_/CLK (sky130_fd_sc_hd__dfrtp_2)
                                  0.500000    1.994437   clock uncertainty
                                  0.000000    1.994437   clock reconvergence pessimism
                                  0.129201    2.123637   library hold time
                                              2.123637   data required time
---------------------------------------------------------------------------------------------
                                              2.123637   data required time
                                             -2.343129   data arrival time
---------------------------------------------------------------------------------------------
                                              0.219492   slack (MET)


Startpoint: _3104_ (rising edge-triggered flip-flop clocked by clk)
Endpoint: _3035_ (rising edge-triggered flip-flop clocked by clk)
Path Group: clk
Path Type: min

Fanout         Cap        Slew       Delay        Time   Description
---------------------------------------------------------------------------------------------
                                  0.000000    0.000000   clock clk (rise edge)
                                  0.000000    0.000000   clock source latency
   185    0.484103    2.154896    1.483389    1.483389 ^ clk (in)
                                                         clk (net)
                      2.154984    0.000000    1.483389 ^ _3104_/CLK (sky130_fd_sc_hd__dfrtp_2)
     7    0.023500    0.087114    0.735640    2.219030 v _3104_/Q (sky130_fd_sc_hd__dfrtp_2)
                                                         my_mul.x2[9] (net)
                      0.087114    0.000518    2.219548 v _2393_/A1 (sky130_fd_sc_hd__a21o_2)
     1    0.002044    0.029514    0.193789    2.413337 v _2393_/X (sky130_fd_sc_hd__a21o_2)
                                                         _0294_ (net)
                      0.029514    0.000000    2.413338 v _3035_/D (sky130_fd_sc_hd__dfrtp_2)
                                              2.413338   data arrival time

                                  0.000000    0.000000   clock clk (rise edge)
                                  0.000000    0.000000   clock source latency
   185    0.484103    2.154896    1.494404    1.494404 ^ clk (in)
                                                         clk (net)
                      2.155237    0.000000    1.494404 ^ _3035_/CLK (sky130_fd_sc_hd__dfrtp_2)
                                  0.500000    1.994404   clock uncertainty
                                  0.000000    1.994404   clock reconvergence pessimism
                                  0.198256    2.192660   library hold time
                                              2.192660   data required time
---------------------------------------------------------------------------------------------
                                              2.192660   data required time
                                             -2.413338   data arrival time
---------------------------------------------------------------------------------------------
                                              0.220678   slack (MET)


Startpoint: _3031_ (rising edge-triggered flip-flop clocked by clk)
Endpoint: _3031_ (rising edge-triggered flip-flop clocked by clk)
Path Group: clk
Path Type: min

Fanout         Cap        Slew       Delay        Time   Description
---------------------------------------------------------------------------------------------
                                  0.000000    0.000000   clock clk (rise edge)
                                  0.000000    0.000000   clock source latency
   185    0.484103    2.154896    1.491751    1.491751 ^ clk (in)
                                                         clk (net)
                      2.155161    0.000000    1.491751 ^ _3031_/CLK (sky130_fd_sc_hd__dfrtp_2)
     2    0.006061    0.054083    0.658968    2.150718 ^ _3031_/Q (sky130_fd_sc_hd__dfrtp_2)
                                                         my_sum_sub.result[14] (net)
                      0.054083    0.000006    2.150724 ^ _2661_/A2 (sky130_fd_sc_hd__a22o_2)
     1    0.003071    0.033909    0.135399    2.286123 ^ _2661_/X (sky130_fd_sc_hd__a22o_2)
                                                         _0290_ (net)
                      0.033909    0.000011    2.286134 ^ _3031_/D (sky130_fd_sc_hd__dfrtp_2)
                                              2.286134   data arrival time

                                  0.000000    0.000000   clock clk (rise edge)
                                  0.000000    0.000000   clock source latency
   185    0.484103    2.154896    1.491751    1.491751 ^ clk (in)
                                                         clk (net)
                      2.155161    0.000000    1.491751 ^ _3031_/CLK (sky130_fd_sc_hd__dfrtp_2)
                                  0.500000    1.991751   clock uncertainty
                                  0.000000    1.991751   clock reconvergence pessimism
                                  0.072966    2.064716   library hold time
                                              2.064716   data required time
---------------------------------------------------------------------------------------------
                                              2.064716   data required time
                                             -2.286134   data arrival time
---------------------------------------------------------------------------------------------
                                              0.221418   slack (MET)


Startpoint: _3028_ (rising edge-triggered flip-flop clocked by clk)
Endpoint: _3028_ (rising edge-triggered flip-flop clocked by clk)
Path Group: clk
Path Type: min

Fanout         Cap        Slew       Delay        Time   Description
---------------------------------------------------------------------------------------------
                                  0.000000    0.000000   clock clk (rise edge)
                                  0.000000    0.000000   clock source latency
   185    0.484103    2.154896    1.491907    1.491907 ^ clk (in)
                                                         clk (net)
                      2.155165    0.000000    1.491907 ^ _3028_/CLK (sky130_fd_sc_hd__dfrtp_2)
     2    0.007376    0.056725    0.664598    2.156505 ^ _3028_/Q (sky130_fd_sc_hd__dfrtp_2)
                                                         my_sum_sub.result[11] (net)
                      0.056725    0.000002    2.156506 ^ _2664_/A2 (sky130_fd_sc_hd__a22o_2)
     1    0.002830    0.032882    0.134990    2.291496 ^ _2664_/X (sky130_fd_sc_hd__a22o_2)
                                                         _0287_ (net)
                      0.032882    0.000008    2.291504 ^ _3028_/D (sky130_fd_sc_hd__dfrtp_2)
                                              2.291504   data arrival time

                                  0.000000    0.000000   clock clk (rise edge)
                                  0.000000    0.000000   clock source latency
   185    0.484103    2.154896    1.491907    1.491907 ^ clk (in)
                                                         clk (net)
                      2.155165    0.000000    1.491907 ^ _3028_/CLK (sky130_fd_sc_hd__dfrtp_2)
                                  0.500000    1.991907   clock uncertainty
                                  0.000000    1.991907   clock reconvergence pessimism
                                  0.073158    2.065065   library hold time
                                              2.065065   data required time
---------------------------------------------------------------------------------------------
                                              2.065065   data required time
                                             -2.291504   data arrival time
---------------------------------------------------------------------------------------------
                                              0.226440   slack (MET)


Startpoint: _3153_ (rising edge-triggered flip-flop clocked by clk)
Endpoint: _3156_ (rising edge-triggered flip-flop clocked by clk)
Path Group: clk
Path Type: min

Fanout         Cap        Slew       Delay        Time   Description
---------------------------------------------------------------------------------------------
                                  0.000000    0.000000   clock clk (rise edge)
                                  0.000000    0.000000   clock source latency
   185    0.484103    2.154896    1.484199    1.484199 ^ clk (in)
                                                         clk (net)
                      2.154997    0.000000    1.484199 ^ _3153_/CLK (sky130_fd_sc_hd__dfrtp_2)
     4    0.008155    0.060932    0.667925    2.152123 ^ _3153_/Q (sky130_fd_sc_hd__dfrtp_2)
                                                         state[1] (net)
                      0.060932    0.000028    2.152151 ^ _2797_/A1 (sky130_fd_sc_hd__o31a_2)
     1    0.002539    0.032349    0.132423    2.284574 ^ _2797_/X (sky130_fd_sc_hd__o31a_2)
                                                         _0009_ (net)
                      0.032349    0.000006    2.284580 ^ _3156_/D (sky130_fd_sc_hd__dfrtp_2)
                                              2.284580   data arrival time

                                  0.000000    0.000000   clock clk (rise edge)
                                  0.000000    0.000000   clock source latency
   185    0.484103    2.154896    1.484328    1.484328 ^ clk (in)
                                                         clk (net)
                      2.154999    0.000000    1.484328 ^ _3156_/CLK (sky130_fd_sc_hd__dfrtp_2)
                                  0.500000    1.984328   clock uncertainty
                                  0.000000    1.984328   clock reconvergence pessimism
                                  0.073254    2.057581   library hold time
                                              2.057581   data required time
---------------------------------------------------------------------------------------------
                                              2.057581   data required time
                                             -2.284580   data arrival time
---------------------------------------------------------------------------------------------
                                              0.226998   slack (MET)


Startpoint: _3107_ (rising edge-triggered flip-flop clocked by clk)
Endpoint: _3038_ (rising edge-triggered flip-flop clocked by clk)
Path Group: clk
Path Type: min

Fanout         Cap        Slew       Delay        Time   Description
---------------------------------------------------------------------------------------------
                                  0.000000    0.000000   clock clk (rise edge)
                                  0.000000    0.000000   clock source latency
   185    0.484103    2.154896    1.483462    1.483462 ^ clk (in)
                                                         clk (net)
                      2.154985    0.000000    1.483462 ^ _3107_/CLK (sky130_fd_sc_hd__dfrtp_2)
     7    0.025259    0.091170    0.739966    2.223428 v _3107_/Q (sky130_fd_sc_hd__dfrtp_2)
                                                         my_mul.x2[12] (net)
                      0.091170    0.000408    2.223836 v _2387_/A1 (sky130_fd_sc_hd__a21o_2)
     1    0.002191    0.029967    0.196104    2.419940 v _2387_/X (sky130_fd_sc_hd__a21o_2)
                                                         _0297_ (net)
                      0.029967    0.000003    2.419943 v _3038_/D (sky130_fd_sc_hd__dfrtp_2)
                                              2.419943   data arrival time

                                  0.000000    0.000000   clock clk (rise edge)
                                  0.000000    0.000000   clock source latency
   185    0.484103    2.154896    1.493922    1.493922 ^ clk (in)
                                                         clk (net)
                      2.155223    0.000000    1.493922 ^ _3038_/CLK (sky130_fd_sc_hd__dfrtp_2)
                                  0.500000    1.993922   clock uncertainty
                                  0.000000    1.993922   clock reconvergence pessimism
                                  0.198079    2.192001   library hold time
                                              2.192001   data required time
---------------------------------------------------------------------------------------------
                                              2.192001   data required time
                                             -2.419943   data arrival time
---------------------------------------------------------------------------------------------
                                              0.227942   slack (MET)


Startpoint: _3010_ (rising edge-triggered flip-flop clocked by clk)
Endpoint: _3010_ (rising edge-triggered flip-flop clocked by clk)
Path Group: clk
Path Type: min

Fanout         Cap        Slew       Delay        Time   Description
---------------------------------------------------------------------------------------------
                                  0.000000    0.000000   clock clk (rise edge)
                                  0.000000    0.000000   clock source latency
   185    0.484103    2.154896    1.491739    1.491739 ^ clk (in)
                                                         clk (net)
                      2.155161    0.000000    1.491739 ^ _3010_/CLK (sky130_fd_sc_hd__dfrtp_2)
     3    0.009078    0.054249    0.696084    2.187823 v _3010_/Q (sky130_fd_sc_hd__dfrtp_2)
                                                         div_quotient[0] (net)
                      0.054249    0.000009    2.187832 v _2727_/A1 (sky130_fd_sc_hd__a22o_2)
     1    0.002187    0.035946    0.227639    2.415472 v _2727_/X (sky130_fd_sc_hd__a22o_2)
                                                         _0269_ (net)
                      0.035946    0.000002    2.415474 v _3010_/D (sky130_fd_sc_hd__dfrtp_2)
                                              2.415474   data arrival time

                                  0.000000    0.000000   clock clk (rise edge)
                                  0.000000    0.000000   clock source latency
   185    0.484103    2.154896    1.491739    1.491739 ^ clk (in)
                                                         clk (net)
                      2.155161    0.000000    1.491739 ^ _3010_/CLK (sky130_fd_sc_hd__dfrtp_2)
                                  0.500000    1.991739   clock uncertainty
                                  0.000000    1.991739   clock reconvergence pessimism
                                  0.195752    2.187491   library hold time
                                              2.187491   data required time
---------------------------------------------------------------------------------------------
                                              2.187491   data required time
                                             -2.415474   data arrival time
---------------------------------------------------------------------------------------------
                                              0.227983   slack (MET)


Startpoint: _3147_ (rising edge-triggered flip-flop clocked by clk)
Endpoint: _3147_ (rising edge-triggered flip-flop clocked by clk)
Path Group: clk
Path Type: min

Fanout         Cap        Slew       Delay        Time   Description
---------------------------------------------------------------------------------------------
                                  0.000000    0.000000   clock clk (rise edge)
                                  0.000000    0.000000   clock source latency
   185    0.484103    2.154896    1.484481    1.484481 ^ clk (in)
                                                         clk (net)
                      2.155002    0.000000    1.484481 ^ _3147_/CLK (sky130_fd_sc_hd__dfrtp_2)
     3    0.009364    0.055961    0.697129    2.181609 v _3147_/Q (sky130_fd_sc_hd__dfrtp_2)
                                                         bit_count[4] (net)
                      0.055961    0.000038    2.181647 v _1529_/A1 (sky130_fd_sc_hd__a22o_2)
     1    0.001981    0.035252    0.227218    2.408865 v _1529_/X (sky130_fd_sc_hd__a22o_2)
                                                         _0243_ (net)
                      0.035252    0.000000    2.408865 v _3147_/D (sky130_fd_sc_hd__dfrtp_2)
                                              2.408865   data arrival time

                                  0.000000    0.000000   clock clk (rise edge)
                                  0.000000    0.000000   clock source latency
   185    0.484103    2.154896    1.484481    1.484481 ^ clk (in)
                                                         clk (net)
                      2.155002    0.000000    1.484481 ^ _3147_/CLK (sky130_fd_sc_hd__dfrtp_2)
                                  0.500000    1.984481   clock uncertainty
                                  0.000000    1.984481   clock reconvergence pessimism
                                  0.196009    2.180490   library hold time
                                              2.180490   data required time
---------------------------------------------------------------------------------------------
                                              2.180490   data required time
                                             -2.408865   data arrival time
---------------------------------------------------------------------------------------------
                                              0.228376   slack (MET)


Startpoint: _3025_ (rising edge-triggered flip-flop clocked by clk)
Endpoint: _3025_ (rising edge-triggered flip-flop clocked by clk)
Path Group: clk
Path Type: min

Fanout         Cap        Slew       Delay        Time   Description
---------------------------------------------------------------------------------------------
                                  0.000000    0.000000   clock clk (rise edge)
                                  0.000000    0.000000   clock source latency
   185    0.484103    2.154896    1.492540    1.492540 ^ clk (in)
                                                         clk (net)
                      2.155183    0.000000    1.492540 ^ _3025_/CLK (sky130_fd_sc_hd__dfrtp_2)
     2    0.008396    0.061986    0.668964    2.161504 ^ _3025_/Q (sky130_fd_sc_hd__dfrtp_2)
                                                         my_sum_sub.result[8] (net)
                      0.061986    0.000014    2.161518 ^ _2667_/A2 (sky130_fd_sc_hd__a22o_2)
     1    0.002381    0.031715    0.134325    2.295844 ^ _2667_/X (sky130_fd_sc_hd__a22o_2)
                                                         _0284_ (net)
                      0.031715    0.000004    2.295847 ^ _3025_/D (sky130_fd_sc_hd__dfrtp_2)
                                              2.295847   data arrival time

                                  0.000000    0.000000   clock clk (rise edge)
                                  0.000000    0.000000   clock source latency
   185    0.484103    2.154896    1.492540    1.492540 ^ clk (in)
                                                         clk (net)
                      2.155183    0.000000    1.492540 ^ _3025_/CLK (sky130_fd_sc_hd__dfrtp_2)
                                  0.500000    1.992540   clock uncertainty
                                  0.000000    1.992540   clock reconvergence pessimism
                                  0.073377    2.065917   library hold time
                                              2.065917   data required time
---------------------------------------------------------------------------------------------
                                              2.065917   data required time
                                             -2.295847   data arrival time
---------------------------------------------------------------------------------------------
                                              0.229931   slack (MET)


Startpoint: _3029_ (rising edge-triggered flip-flop clocked by clk)
Endpoint: _3029_ (rising edge-triggered flip-flop clocked by clk)
Path Group: clk
Path Type: min

Fanout         Cap        Slew       Delay        Time   Description
---------------------------------------------------------------------------------------------
                                  0.000000    0.000000   clock clk (rise edge)
                                  0.000000    0.000000   clock source latency
   185    0.484103    2.154896    1.493708    1.493708 ^ clk (in)
                                                         clk (net)
                      2.155216    0.000000    1.493708 ^ _3029_/CLK (sky130_fd_sc_hd__dfrtp_2)
     2    0.008457    0.062245    0.669232    2.162940 ^ _3029_/Q (sky130_fd_sc_hd__dfrtp_2)
                                                         my_sum_sub.result[12] (net)
                      0.062245    0.000013    2.162952 ^ _2663_/A2 (sky130_fd_sc_hd__a22o_2)
     1    0.002510    0.032327    0.135041    2.297993 ^ _2663_/X (sky130_fd_sc_hd__a22o_2)
                                                         _0288_ (net)
                      0.032327    0.000006    2.297999 ^ _3029_/D (sky130_fd_sc_hd__dfrtp_2)
                                              2.297999   data arrival time

                                  0.000000    0.000000   clock clk (rise edge)
                                  0.000000    0.000000   clock source latency
   185    0.484103    2.154896    1.493708    1.493708 ^ clk (in)
                                                         clk (net)
                      2.155216    0.000000    1.493708 ^ _3029_/CLK (sky130_fd_sc_hd__dfrtp_2)
                                  0.500000    1.993708   clock uncertainty
                                  0.000000    1.993708   clock reconvergence pessimism
                                  0.073263    2.066971   library hold time
                                              2.066971   data required time
---------------------------------------------------------------------------------------------
                                              2.066971   data required time
                                             -2.297999   data arrival time
---------------------------------------------------------------------------------------------
                                              0.231028   slack (MET)


Startpoint: _2997_ (rising edge-triggered flip-flop clocked by clk)
Endpoint: _2997_ (rising edge-triggered flip-flop clocked by clk)
Path Group: clk
Path Type: min

Fanout         Cap        Slew       Delay        Time   Description
---------------------------------------------------------------------------------------------
                                  0.000000    0.000000   clock clk (rise edge)
                                  0.000000    0.000000   clock source latency
   185    0.484103    2.154896    1.484634    1.484634 ^ clk (in)
                                                         clk (net)
                      2.155005    0.000000    1.484634 ^ _2997_/CLK (sky130_fd_sc_hd__dfrtp_2)
     4    0.010442    0.071029    0.677729    2.162363 ^ _2997_/Q (sky130_fd_sc_hd__dfrtp_2)
                                                         my_divider.counter[0] (net)
                      0.071029    0.000043    2.162406 ^ _2776_/S (sky130_fd_sc_hd__mux2_1)
     1    0.002158    0.037738    0.125923    2.288329 ^ _2776_/X (sky130_fd_sc_hd__mux2_1)
                                                         _0256_ (net)
                      0.037738    0.000002    2.288331 ^ _2997_/D (sky130_fd_sc_hd__dfrtp_2)
                                              2.288331   data arrival time

                                  0.000000    0.000000   clock clk (rise edge)
                                  0.000000    0.000000   clock source latency
   185    0.484103    2.154896    1.484634    1.484634 ^ clk (in)
                                                         clk (net)
                      2.155005    0.000000    1.484634 ^ _2997_/CLK (sky130_fd_sc_hd__dfrtp_2)
                                  0.500000    1.984634   clock uncertainty
                                  0.000000    1.984634   clock reconvergence pessimism
                                  0.072244    2.056878   library hold time
                                              2.056878   data required time
---------------------------------------------------------------------------------------------
                                              2.056878   data required time
                                             -2.288331   data arrival time
---------------------------------------------------------------------------------------------
                                              0.231453   slack (MET)


Startpoint: _3049_ (rising edge-triggered flip-flop clocked by clk)
Endpoint: _3049_ (rising edge-triggered flip-flop clocked by clk)
Path Group: clk
Path Type: min

Fanout         Cap        Slew       Delay        Time   Description
---------------------------------------------------------------------------------------------
                                  0.000000    0.000000   clock clk (rise edge)
                                  0.000000    0.000000   clock source latency
   185    0.484103    2.154896    1.494644    1.494644 ^ clk (in)
                                                         clk (net)
                      2.155245    0.000000    1.494644 ^ _3049_/CLK (sky130_fd_sc_hd__dfrtp_2)
     5    0.022999    0.085823    0.734644    2.229289 v _3049_/Q (sky130_fd_sc_hd__dfrtp_2)
                                                         my_sum_sub.al_mb[0] (net)
                      0.085823    0.000017    2.229305 v _2365_/A2 (sky130_fd_sc_hd__o21a_2)
     1    0.002028    0.022035    0.198147    2.427452 v _2365_/X (sky130_fd_sc_hd__o21a_2)
                                                         _0308_ (net)
                      0.022035    0.000000    2.427453 v _3049_/D (sky130_fd_sc_hd__dfrtp_2)
                                              2.427453   data arrival time

                                  0.000000    0.000000   clock clk (rise edge)
                                  0.000000    0.000000   clock source latency
   185    0.484103    2.154896    1.494644    1.494644 ^ clk (in)
                                                         clk (net)
                      2.155245    0.000000    1.494644 ^ _3049_/CLK (sky130_fd_sc_hd__dfrtp_2)
                                  0.500000    1.994644   clock uncertainty
                                  0.000000    1.994644   clock reconvergence pessimism
                                  0.201161    2.195805   library hold time
                                              2.195805   data required time
---------------------------------------------------------------------------------------------
                                              2.195805   data required time
                                             -2.427453   data arrival time
---------------------------------------------------------------------------------------------
                                              0.231648   slack (MET)


Startpoint: _3006_ (rising edge-triggered flip-flop clocked by clk)
Endpoint: _3006_ (rising edge-triggered flip-flop clocked by clk)
Path Group: clk
Path Type: min

Fanout         Cap        Slew       Delay        Time   Description
---------------------------------------------------------------------------------------------
                                  0.000000    0.000000   clock clk (rise edge)
                                  0.000000    0.000000   clock source latency
   185    0.484103    2.154896    1.484656    1.484656 ^ clk (in)
                                                         clk (net)
                      2.155005    0.000000    1.484656 ^ _3006_/CLK (sky130_fd_sc_hd__dfrtp_2)
     4    0.008637    0.063031    0.669989    2.154645 ^ _3006_/Q (sky130_fd_sc_hd__dfrtp_2)
                                                         my_divider.remainder_reg[5] (net)
                      0.063031    0.000022    2.154667 ^ _2746_/A1 (sky130_fd_sc_hd__a221o_2)
     1    0.002466    0.029174    0.135576    2.290244 ^ _2746_/X (sky130_fd_sc_hd__a221o_2)
                                                         _0265_ (net)
                      0.029174    0.000005    2.290249 ^ _3006_/D (sky130_fd_sc_hd__dfrtp_2)
                                              2.290249   data arrival time

                                  0.000000    0.000000   clock clk (rise edge)
                                  0.000000    0.000000   clock source latency
   185    0.484103    2.154896    1.484656    1.484656 ^ clk (in)
                                                         clk (net)
                      2.155005    0.000000    1.484656 ^ _3006_/CLK (sky130_fd_sc_hd__dfrtp_2)
                                  0.500000    1.984656   clock uncertainty
                                  0.000000    1.984656   clock reconvergence pessimism
                                  0.073848    2.058504   library hold time
                                              2.058504   data required time
---------------------------------------------------------------------------------------------
                                              2.058504   data required time
                                             -2.290249   data arrival time
---------------------------------------------------------------------------------------------
                                              0.231744   slack (MET)


Startpoint: _3026_ (rising edge-triggered flip-flop clocked by clk)
Endpoint: _3026_ (rising edge-triggered flip-flop clocked by clk)
Path Group: clk
Path Type: min

Fanout         Cap        Slew       Delay        Time   Description
---------------------------------------------------------------------------------------------
                                  0.000000    0.000000   clock clk (rise edge)
                                  0.000000    0.000000   clock source latency
   185    0.484103    2.154896    1.493003    1.493003 ^ clk (in)
                                                         clk (net)
                      2.155196    0.000000    1.493003 ^ _3026_/CLK (sky130_fd_sc_hd__dfrtp_2)
     2    0.008813    0.063806    0.670751    2.163754 ^ _3026_/Q (sky130_fd_sc_hd__dfrtp_2)
                                                         my_sum_sub.result[9] (net)
                      0.063806    0.000017    2.163772 ^ _2666_/A2 (sky130_fd_sc_hd__a22o_2)
     1    0.002309    0.031371    0.134507    2.298279 ^ _2666_/X (sky130_fd_sc_hd__a22o_2)
                                                         _0285_ (net)
                      0.031371    0.000003    2.298282 ^ _3026_/D (sky130_fd_sc_hd__dfrtp_2)
                                              2.298282   data arrival time

                                  0.000000    0.000000   clock clk (rise edge)
                                  0.000000    0.000000   clock source latency
   185    0.484103    2.154896    1.493003    1.493003 ^ clk (in)
                                                         clk (net)
                      2.155196    0.000000    1.493003 ^ _3026_/CLK (sky130_fd_sc_hd__dfrtp_2)
                                  0.500000    1.993003   clock uncertainty
                                  0.000000    1.993003   clock reconvergence pessimism
                                  0.073442    2.066445   library hold time
                                              2.066445   data required time
---------------------------------------------------------------------------------------------
                                              2.066445   data required time
                                             -2.298282   data arrival time
---------------------------------------------------------------------------------------------
                                              0.231837   slack (MET)


Startpoint: _3117_ (rising edge-triggered flip-flop clocked by clk)
Endpoint: _3101_ (rising edge-triggered flip-flop clocked by clk)
Path Group: clk
Path Type: min

Fanout         Cap        Slew       Delay        Time   Description
---------------------------------------------------------------------------------------------
                                  0.000000    0.000000   clock clk (rise edge)
                                  0.000000    0.000000   clock source latency
   185    0.484103    2.154896    1.483756    1.483756 ^ clk (in)
                                                         clk (net)
                      2.154990    0.000000    1.483756 ^ _3117_/CLK (sky130_fd_sc_hd__dfrtp_2)
     5    0.011533    0.077584    0.682435    2.166190 ^ _3117_/Q (sky130_fd_sc_hd__dfrtp_2)
                                                         shift_in[6] (net)
                      0.077584    0.000011    2.166201 ^ _2133_/A0 (sky130_fd_sc_hd__mux2_1)
     1    0.002358    0.039396    0.122101    2.288302 ^ _2133_/X (sky130_fd_sc_hd__mux2_1)
                                                         _0197_ (net)
                      0.039396    0.000004    2.288306 ^ _3101_/D (sky130_fd_sc_hd__dfrtp_2)
                                              2.288306   data arrival time

                                  0.000000    0.000000   clock clk (rise edge)
                                  0.000000    0.000000   clock source latency
   185    0.484103    2.154896    1.483850    1.483850 ^ clk (in)
                                                         clk (net)
                      2.154992    0.000000    1.483850 ^ _3101_/CLK (sky130_fd_sc_hd__dfrtp_2)
                                  0.500000    1.983850   clock uncertainty
                                  0.000000    1.983850   clock reconvergence pessimism
                                  0.071933    2.055783   library hold time
                                              2.055783   data required time
---------------------------------------------------------------------------------------------
                                              2.055783   data required time
                                             -2.288306   data arrival time
---------------------------------------------------------------------------------------------
                                              0.232523   slack (MET)


Startpoint: _3117_ (rising edge-triggered flip-flop clocked by clk)
Endpoint: _3150_ (rising edge-triggered flip-flop clocked by clk)
Path Group: clk
Path Type: min

Fanout         Cap        Slew       Delay        Time   Description
---------------------------------------------------------------------------------------------
                                  0.000000    0.000000   clock clk (rise edge)
                                  0.000000    0.000000   clock source latency
   185    0.484103    2.154896    1.483756    1.483756 ^ clk (in)
                                                         clk (net)
                      2.154990    0.000000    1.483756 ^ _3117_/CLK (sky130_fd_sc_hd__dfrtp_2)
     5    0.011533    0.077584    0.682435    2.166190 ^ _3117_/Q (sky130_fd_sc_hd__dfrtp_2)
                                                         shift_in[6] (net)
                      0.077584    0.000012    2.166202 ^ _1510_/A1 (sky130_fd_sc_hd__mux2_1)
     1    0.002106    0.037323    0.122772    2.288975 ^ _1510_/X (sky130_fd_sc_hd__mux2_1)
                                                         _0246_ (net)
                      0.037323    0.000001    2.288976 ^ _3150_/D (sky130_fd_sc_hd__dfrtp_2)
                                              2.288976   data arrival time

                                  0.000000    0.000000   clock clk (rise edge)
                                  0.000000    0.000000   clock source latency
   185    0.484103    2.154896    1.483904    1.483904 ^ clk (in)
                                                         clk (net)
                      2.154993    0.000000    1.483904 ^ _3150_/CLK (sky130_fd_sc_hd__dfrtp_2)
                                  0.500000    1.983904   clock uncertainty
                                  0.000000    1.983904   clock reconvergence pessimism
                                  0.072322    2.056226   library hold time
                                              2.056226   data required time
---------------------------------------------------------------------------------------------
                                              2.056226   data required time
                                             -2.288976   data arrival time
---------------------------------------------------------------------------------------------
                                              0.232750   slack (MET)


Startpoint: _3030_ (rising edge-triggered flip-flop clocked by clk)
Endpoint: _3030_ (rising edge-triggered flip-flop clocked by clk)
Path Group: clk
Path Type: min

Fanout         Cap        Slew       Delay        Time   Description
---------------------------------------------------------------------------------------------
                                  0.000000    0.000000   clock clk (rise edge)
                                  0.000000    0.000000   clock source latency
   185    0.484103    2.154896    1.493777    1.493777 ^ clk (in)
                                                         clk (net)
                      2.155218    0.000000    1.493777 ^ _3030_/CLK (sky130_fd_sc_hd__dfrtp_2)
     2    0.008971    0.064495    0.671434    2.165211 ^ _3030_/Q (sky130_fd_sc_hd__dfrtp_2)
                                                         my_sum_sub.result[13] (net)
                      0.064495    0.000023    2.165234 ^ _2662_/A2 (sky130_fd_sc_hd__a22o_2)
     1    0.002345    0.031543    0.134890    2.300124 ^ _2662_/X (sky130_fd_sc_hd__a22o_2)
                                                         _0289_ (net)
                      0.031543    0.000004    2.300129 ^ _3030_/D (sky130_fd_sc_hd__dfrtp_2)
                                              2.300129   data arrival time

                                  0.000000    0.000000   clock clk (rise edge)
                                  0.000000    0.000000   clock source latency
   185    0.484103    2.154896    1.493777    1.493777 ^ clk (in)
                                                         clk (net)
                      2.155218    0.000000    1.493777 ^ _3030_/CLK (sky130_fd_sc_hd__dfrtp_2)
                                  0.500000    1.993777   clock uncertainty
                                  0.000000    1.993777   clock reconvergence pessimism
                                  0.073410    2.067187   library hold time
                                              2.067187   data required time
---------------------------------------------------------------------------------------------
                                              2.067187   data required time
                                             -2.300129   data arrival time
---------------------------------------------------------------------------------------------
                                              0.232942   slack (MET)


Startpoint: _3117_ (rising edge-triggered flip-flop clocked by clk)
Endpoint: _3116_ (rising edge-triggered flip-flop clocked by clk)
Path Group: clk
Path Type: min

Fanout         Cap        Slew       Delay        Time   Description
---------------------------------------------------------------------------------------------
                                  0.000000    0.000000   clock clk (rise edge)
                                  0.000000    0.000000   clock source latency
   185    0.484103    2.154896    1.483756    1.483756 ^ clk (in)
                                                         clk (net)
                      2.154990    0.000000    1.483756 ^ _3117_/CLK (sky130_fd_sc_hd__dfrtp_2)
     5    0.011533    0.077584    0.682435    2.166190 ^ _3117_/Q (sky130_fd_sc_hd__dfrtp_2)
                                                         shift_in[6] (net)
                      0.077584    0.000014    2.166204 ^ _2115_/A0 (sky130_fd_sc_hd__mux2_1)
     1    0.002514    0.040644    0.123349    2.289553 ^ _2115_/X (sky130_fd_sc_hd__mux2_1)
                                                         _0212_ (net)
                      0.040644    0.000006    2.289560 ^ _3116_/D (sky130_fd_sc_hd__dfrtp_2)
                                              2.289560   data arrival time

                                  0.000000    0.000000   clock clk (rise edge)
                                  0.000000    0.000000   clock source latency
   185    0.484103    2.154896    1.483629    1.483629 ^ clk (in)
                                                         clk (net)
                      2.154988    0.000000    1.483629 ^ _3116_/CLK (sky130_fd_sc_hd__dfrtp_2)
                                  0.500000    1.983629   clock uncertainty
                                  0.000000    1.983629   clock reconvergence pessimism
                                  0.071700    2.055329   library hold time
                                              2.055329   data required time
---------------------------------------------------------------------------------------------
                                              2.055329   data required time
                                             -2.289560   data arrival time
---------------------------------------------------------------------------------------------
                                              0.234231   slack (MET)


Startpoint: _3117_ (rising edge-triggered flip-flop clocked by clk)
Endpoint: _3117_ (rising edge-triggered flip-flop clocked by clk)
Path Group: clk
Path Type: min

Fanout         Cap        Slew       Delay        Time   Description
---------------------------------------------------------------------------------------------
                                  0.000000    0.000000   clock clk (rise edge)
                                  0.000000    0.000000   clock source latency
   185    0.484103    2.154896    1.483756    1.483756 ^ clk (in)
                                                         clk (net)
                      2.154990    0.000000    1.483756 ^ _3117_/CLK (sky130_fd_sc_hd__dfrtp_2)
     5    0.011533    0.077584    0.682435    2.166190 ^ _3117_/Q (sky130_fd_sc_hd__dfrtp_2)
                                                         shift_in[6] (net)
                      0.077584    0.000010    2.166201 ^ _2114_/A1 (sky130_fd_sc_hd__mux2_1)
     1    0.002294    0.038908    0.124268    2.290468 ^ _2114_/X (sky130_fd_sc_hd__mux2_1)
                                                         _0213_ (net)
                      0.038908    0.000003    2.290472 ^ _3117_/D (sky130_fd_sc_hd__dfrtp_2)
                                              2.290472   data arrival time

                                  0.000000    0.000000   clock clk (rise edge)
                                  0.000000    0.000000   clock source latency
   185    0.484103    2.154896    1.483756    1.483756 ^ clk (in)
                                                         clk (net)
                      2.154990    0.000000    1.483756 ^ _3117_/CLK (sky130_fd_sc_hd__dfrtp_2)
                                  0.500000    1.983756   clock uncertainty
                                  0.000000    1.983756   clock reconvergence pessimism
                                  0.072025    2.055780   library hold time
                                              2.055780   data required time
---------------------------------------------------------------------------------------------
                                              2.055780   data required time
                                             -2.290472   data arrival time
---------------------------------------------------------------------------------------------
                                              0.234691   slack (MET)


Startpoint: _3062_ (rising edge-triggered flip-flop clocked by clk)
Endpoint: _3062_ (rising edge-triggered flip-flop clocked by clk)
Path Group: clk
Path Type: min

Fanout         Cap        Slew       Delay        Time   Description
---------------------------------------------------------------------------------------------
                                  0.000000    0.000000   clock clk (rise edge)
                                  0.000000    0.000000   clock source latency
   185    0.484103    2.154896    1.494746    1.494746 ^ clk (in)
                                                         clk (net)
                      2.155248    0.000000    1.494746 ^ _3062_/CLK (sky130_fd_sc_hd__dfrtp_2)
     5    0.012659    0.079502    0.687214    2.181960 ^ _3062_/Q (sky130_fd_sc_hd__dfrtp_2)
                                                         my_sum_sub.cm_mant[2] (net)
                      0.079502    0.000027    2.181987 ^ _2264_/A0 (sky130_fd_sc_hd__mux2_1)
     1    0.002072    0.037102    0.120469    2.302456 ^ _2264_/X (sky130_fd_sc_hd__mux2_1)
                                                         _0321_ (net)
                      0.037102    0.000000    2.302457 ^ _3062_/D (sky130_fd_sc_hd__dfrtp_2)
                                              2.302457   data arrival time

                                  0.000000    0.000000   clock clk (rise edge)
                                  0.000000    0.000000   clock source latency
   185    0.484103    2.154896    1.494746    1.494746 ^ clk (in)
                                                         clk (net)
                      2.155248    0.000000    1.494746 ^ _3062_/CLK (sky130_fd_sc_hd__dfrtp_2)
                                  0.500000    1.994745   clock uncertainty
                                  0.000000    1.994745   clock reconvergence pessimism
                                  0.072370    2.067116   library hold time
                                              2.067116   data required time
---------------------------------------------------------------------------------------------
                                              2.067116   data required time
                                             -2.302457   data arrival time
---------------------------------------------------------------------------------------------
                                              0.235341   slack (MET)


Startpoint: _3004_ (rising edge-triggered flip-flop clocked by clk)
Endpoint: _3004_ (rising edge-triggered flip-flop clocked by clk)
Path Group: clk
Path Type: min

Fanout         Cap        Slew       Delay        Time   Description
---------------------------------------------------------------------------------------------
                                  0.000000    0.000000   clock clk (rise edge)
                                  0.000000    0.000000   clock source latency
   185    0.484103    2.154896    1.492299    1.492299 ^ clk (in)
                                                         clk (net)
                      2.155176    0.000000    1.492299 ^ _3004_/CLK (sky130_fd_sc_hd__dfrtp_2)
     4    0.009327    0.066061    0.672960    2.165258 ^ _3004_/Q (sky130_fd_sc_hd__dfrtp_2)
                                                         my_divider.remainder_reg[3] (net)
                      0.066061    0.000033    2.165291 ^ _2756_/A1 (sky130_fd_sc_hd__a221o_2)
     1    0.002402    0.028879    0.136301    2.301592 ^ _2756_/X (sky130_fd_sc_hd__a221o_2)
                                                         _0263_ (net)
                      0.028879    0.000005    2.301597 ^ _3004_/D (sky130_fd_sc_hd__dfrtp_2)
                                              2.301597   data arrival time

                                  0.000000    0.000000   clock clk (rise edge)
                                  0.000000    0.000000   clock source latency
   185    0.484103    2.154896    1.492299    1.492299 ^ clk (in)
                                                         clk (net)
                      2.155176    0.000000    1.492299 ^ _3004_/CLK (sky130_fd_sc_hd__dfrtp_2)
                                  0.500000    1.992299   clock uncertainty
                                  0.000000    1.992299   clock reconvergence pessimism
                                  0.073908    2.066207   library hold time
                                              2.066207   data required time
---------------------------------------------------------------------------------------------
                                              2.066207   data required time
                                             -2.301597   data arrival time
---------------------------------------------------------------------------------------------
                                              0.235390   slack (MET)


Startpoint: _3027_ (rising edge-triggered flip-flop clocked by clk)
Endpoint: _3027_ (rising edge-triggered flip-flop clocked by clk)
Path Group: clk
Path Type: min

Fanout         Cap        Slew       Delay        Time   Description
---------------------------------------------------------------------------------------------
                                  0.000000    0.000000   clock clk (rise edge)
                                  0.000000    0.000000   clock source latency
   185    0.484103    2.154896    1.492271    1.492271 ^ clk (in)
                                                         clk (net)
                      2.155175    0.000000    1.492271 ^ _3027_/CLK (sky130_fd_sc_hd__dfrtp_2)
     2    0.009484    0.066764    0.673619    2.165890 ^ _3027_/Q (sky130_fd_sc_hd__dfrtp_2)
                                                         my_sum_sub.result[10] (net)
                      0.066764    0.000017    2.165906 ^ _2665_/A2 (sky130_fd_sc_hd__a22o_2)
     1    0.002388    0.031749    0.135780    2.301686 ^ _2665_/X (sky130_fd_sc_hd__a22o_2)
                                                         _0286_ (net)
                      0.031749    0.000004    2.301690 ^ _3027_/D (sky130_fd_sc_hd__dfrtp_2)
                                              2.301690   data arrival time

                                  0.000000    0.000000   clock clk (rise edge)
                                  0.000000    0.000000   clock source latency
   185    0.484103    2.154896    1.492271    1.492271 ^ clk (in)
                                                         clk (net)
                      2.155175    0.000000    1.492271 ^ _3027_/CLK (sky130_fd_sc_hd__dfrtp_2)
                                  0.500000    1.992271   clock uncertainty
                                  0.000000    1.992271   clock reconvergence pessimism
                                  0.073370    2.065641   library hold time
                                              2.065641   data required time
---------------------------------------------------------------------------------------------
                                              2.065641   data required time
                                             -2.301690   data arrival time
---------------------------------------------------------------------------------------------
                                              0.236049   slack (MET)


Startpoint: _3009_ (rising edge-triggered flip-flop clocked by clk)
Endpoint: _3009_ (rising edge-triggered flip-flop clocked by clk)
Path Group: clk
Path Type: min

Fanout         Cap        Slew       Delay        Time   Description
---------------------------------------------------------------------------------------------
                                  0.000000    0.000000   clock clk (rise edge)
                                  0.000000    0.000000   clock source latency
   185    0.484103    2.154896    1.484640    1.484640 ^ clk (in)
                                                         clk (net)
                      2.155005    0.000000    1.484640 ^ _3009_/CLK (sky130_fd_sc_hd__dfrtp_2)
     2    0.012234    0.080595    0.685445    2.170085 ^ _3009_/Q (sky130_fd_sc_hd__dfrtp_2)
                                                         my_divider.remainder_reg[8] (net)
                      0.080595    0.000013    2.170098 ^ _2731_/B2 (sky130_fd_sc_hd__a32o_2)
     1    0.002796    0.041396    0.122551    2.292649 ^ _2731_/X (sky130_fd_sc_hd__a32o_2)
                                                         _0268_ (net)
                      0.041396    0.000009    2.292658 ^ _3009_/D (sky130_fd_sc_hd__dfrtp_2)
                                              2.292658   data arrival time

                                  0.000000    0.000000   clock clk (rise edge)
                                  0.000000    0.000000   clock source latency
   185    0.484103    2.154896    1.484640    1.484640 ^ clk (in)
                                                         clk (net)
                      2.155005    0.000000    1.484640 ^ _3009_/CLK (sky130_fd_sc_hd__dfrtp_2)
                                  0.500000    1.984640   clock uncertainty
                                  0.000000    1.984640   clock reconvergence pessimism
                                  0.071559    2.056199   library hold time
                                              2.056199   data required time
---------------------------------------------------------------------------------------------
                                              2.056199   data required time
                                             -2.292658   data arrival time
---------------------------------------------------------------------------------------------
                                              0.236459   slack (MET)


Startpoint: _3024_ (rising edge-triggered flip-flop clocked by clk)
Endpoint: _3024_ (rising edge-triggered flip-flop clocked by clk)
Path Group: clk
Path Type: min

Fanout         Cap        Slew       Delay        Time   Description
---------------------------------------------------------------------------------------------
                                  0.000000    0.000000   clock clk (rise edge)
                                  0.000000    0.000000   clock source latency
   185    0.484103    2.154896    1.492265    1.492265 ^ clk (in)
                                                         clk (net)
                      2.155175    0.000000    1.492265 ^ _3024_/CLK (sky130_fd_sc_hd__dfrtp_2)
     2    0.010053    0.069304    0.676051    2.168316 ^ _3024_/Q (sky130_fd_sc_hd__dfrtp_2)
                                                         my_sum_sub.result[7] (net)
                      0.069304    0.000019    2.168336 ^ _2668_/A2 (sky130_fd_sc_hd__a22o_2)
     1    0.002315    0.031401    0.136169    2.304505 ^ _2668_/X (sky130_fd_sc_hd__a22o_2)
                                                         _0283_ (net)
                      0.031401    0.000003    2.304508 ^ _3024_/D (sky130_fd_sc_hd__dfrtp_2)
                                              2.304508   data arrival time

                                  0.000000    0.000000   clock clk (rise edge)
                                  0.000000    0.000000   clock source latency
   185    0.484103    2.154896    1.492265    1.492265 ^ clk (in)
                                                         clk (net)
                      2.155175    0.000000    1.492265 ^ _3024_/CLK (sky130_fd_sc_hd__dfrtp_2)
                                  0.500000    1.992265   clock uncertainty
                                  0.000000    1.992265   clock reconvergence pessimism
                                  0.073436    2.065701   library hold time
                                              2.065701   data required time
---------------------------------------------------------------------------------------------
                                              2.065701   data required time
                                             -2.304508   data arrival time
---------------------------------------------------------------------------------------------
                                              0.238807   slack (MET)


Startpoint: _3103_ (rising edge-triggered flip-flop clocked by clk)
Endpoint: _3034_ (rising edge-triggered flip-flop clocked by clk)
Path Group: clk
Path Type: min

Fanout         Cap        Slew       Delay        Time   Description
---------------------------------------------------------------------------------------------
                                  0.000000    0.000000   clock clk (rise edge)
                                  0.000000    0.000000   clock source latency
   185    0.484103    2.154896    1.482746    1.482746 ^ clk (in)
                                                         clk (net)
                      2.154975    0.000000    1.482746 ^ _3103_/CLK (sky130_fd_sc_hd__dfrtp_2)
     8    0.029280    0.100825    0.749554    2.232300 v _3103_/Q (sky130_fd_sc_hd__dfrtp_2)
                                                         my_mul.x2[8] (net)
                      0.100825    0.000761    2.233061 v _2395_/A1 (sky130_fd_sc_hd__a21o_2)
     1    0.002122    0.029732    0.199682    2.432743 v _2395_/X (sky130_fd_sc_hd__a21o_2)
                                                         _0293_ (net)
                      0.029732    0.000002    2.432745 v _3034_/D (sky130_fd_sc_hd__dfrtp_2)
                                              2.432745   data arrival time

                                  0.000000    0.000000   clock clk (rise edge)
                                  0.000000    0.000000   clock source latency
   185    0.484103    2.154896    1.494680    1.494680 ^ clk (in)
                                                         clk (net)
                      2.155246    0.000000    1.494680 ^ _3034_/CLK (sky130_fd_sc_hd__dfrtp_2)
                                  0.500000    1.994680   clock uncertainty
                                  0.000000    1.994680   clock reconvergence pessimism
                                  0.198172    2.192852   library hold time
                                              2.192852   data required time
---------------------------------------------------------------------------------------------
                                              2.192852   data required time
                                             -2.432745   data arrival time
---------------------------------------------------------------------------------------------
                                              0.239893   slack (MET)


Startpoint: _3148_ (rising edge-triggered flip-flop clocked by clk)
Endpoint: _3148_ (rising edge-triggered flip-flop clocked by clk)
Path Group: clk
Path Type: min

Fanout         Cap        Slew       Delay        Time   Description
---------------------------------------------------------------------------------------------
                                  0.000000    0.000000   clock clk (rise edge)
                                  0.000000    0.000000   clock source latency
   185    0.484103    2.154896    1.483487    1.483487 ^ clk (in)
                                                         clk (net)
                      2.154986    0.000000    1.483487 ^ _3148_/CLK (sky130_fd_sc_hd__dfrtp_2)
     5    0.012732    0.079786    0.687517    2.171004 ^ _3148_/Q (sky130_fd_sc_hd__dfrtp_2)
                                                         op_reg[0] (net)
                      0.079786    0.000007    2.171011 ^ _1512_/A0 (sky130_fd_sc_hd__mux2_1)
     1    0.002513    0.040534    0.124099    2.295110 ^ _1512_/X (sky130_fd_sc_hd__mux2_1)
                                                         _0244_ (net)
                      0.040534    0.000005    2.295115 ^ _3148_/D (sky130_fd_sc_hd__dfrtp_2)
                                              2.295115   data arrival time

                                  0.000000    0.000000   clock clk (rise edge)
                                  0.000000    0.000000   clock source latency
   185    0.484103    2.154896    1.483487    1.483487 ^ clk (in)
                                                         clk (net)
                      2.154986    0.000000    1.483487 ^ _3148_/CLK (sky130_fd_sc_hd__dfrtp_2)
                                  0.500000    1.983487   clock uncertainty
                                  0.000000    1.983487   clock reconvergence pessimism
                                  0.071720    2.055207   library hold time
                                              2.055207   data required time
---------------------------------------------------------------------------------------------
                                              2.055207   data required time
                                             -2.295115   data arrival time
---------------------------------------------------------------------------------------------
                                              0.239908   slack (MET)


Startpoint: _3055_ (rising edge-triggered flip-flop clocked by clk)
Endpoint: _3055_ (rising edge-triggered flip-flop clocked by clk)
Path Group: clk
Path Type: min

Fanout         Cap        Slew       Delay        Time   Description
---------------------------------------------------------------------------------------------
                                  0.000000    0.000000   clock clk (rise edge)
                                  0.000000    0.000000   clock source latency
   185    0.484103    2.154896    1.478460    1.478460 ^ clk (in)
                                                         clk (net)
                      2.154925    0.000000    1.478460 ^ _3055_/CLK (sky130_fd_sc_hd__dfrtp_2)
     5    0.013683    0.083786    0.690774    2.169235 ^ _3055_/Q (sky130_fd_sc_hd__dfrtp_2)
                                                         my_sum_sub.al_mb[6] (net)
                      0.083786    0.000007    2.169241 ^ _2314_/A0 (sky130_fd_sc_hd__mux2_1)
     1    0.002182    0.037927    0.122828    2.292069 ^ _2314_/X (sky130_fd_sc_hd__mux2_1)
                                                         _0314_ (net)
                      0.037927    0.000002    2.292072 ^ _3055_/D (sky130_fd_sc_hd__dfrtp_2)
                                              2.292072   data arrival time

                                  0.000000    0.000000   clock clk (rise edge)
                                  0.000000    0.000000   clock source latency
   185    0.484103    2.154896    1.478460    1.478460 ^ clk (in)
                                                         clk (net)
                      2.154925    0.000000    1.478460 ^ _3055_/CLK (sky130_fd_sc_hd__dfrtp_2)
                                  0.500000    1.978460   clock uncertainty
                                  0.000000    1.978460   clock reconvergence pessimism
                                  0.072207    2.050667   library hold time
                                              2.050667   data required time
---------------------------------------------------------------------------------------------
                                              2.050667   data required time
                                             -2.292072   data arrival time
---------------------------------------------------------------------------------------------
                                              0.241404   slack (MET)


Startpoint: _3048_ (rising edge-triggered flip-flop clocked by clk)
Endpoint: _3048_ (rising edge-triggered flip-flop clocked by clk)
Path Group: clk
Path Type: min

Fanout         Cap        Slew       Delay        Time   Description
---------------------------------------------------------------------------------------------
                                  0.000000    0.000000   clock clk (rise edge)
                                  0.000000    0.000000   clock source latency
   185    0.484103    2.154896    1.478401    1.478401 ^ clk (in)
                                                         clk (net)
                      2.154924    0.000000    1.478401 ^ _3048_/CLK (sky130_fd_sc_hd__dfrtp_2)
     4    0.010544    0.071485    0.678164    2.156565 ^ _3048_/Q (sky130_fd_sc_hd__dfrtp_2)
                                                         my_sum_sub.al_ma[7] (net)
                      0.071485    0.000013    2.156578 ^ _2366_/A2 (sky130_fd_sc_hd__a22o_2)
     1    0.002326    0.031452    0.136870    2.293448 ^ _2366_/X (sky130_fd_sc_hd__a22o_2)
                                                         _0307_ (net)
                      0.031452    0.000004    2.293452 ^ _3048_/D (sky130_fd_sc_hd__dfrtp_2)
                                              2.293452   data arrival time

                                  0.000000    0.000000   clock clk (rise edge)
                                  0.000000    0.000000   clock source latency
   185    0.484103    2.154896    1.478401    1.478401 ^ clk (in)
                                                         clk (net)
                      2.154924    0.000000    1.478401 ^ _3048_/CLK (sky130_fd_sc_hd__dfrtp_2)
                                  0.500000    1.978401   clock uncertainty
                                  0.000000    1.978401   clock reconvergence pessimism
                                  0.073420    2.051821   library hold time
                                              2.051821   data required time
---------------------------------------------------------------------------------------------
                                              2.051821   data required time
                                             -2.293452   data arrival time
---------------------------------------------------------------------------------------------
                                              0.241631   slack (MET)


Startpoint: _3001_ (rising edge-triggered flip-flop clocked by clk)
Endpoint: _3001_ (rising edge-triggered flip-flop clocked by clk)
Path Group: clk
Path Type: min

Fanout         Cap        Slew       Delay        Time   Description
---------------------------------------------------------------------------------------------
                                  0.000000    0.000000   clock clk (rise edge)
                                  0.000000    0.000000   clock source latency
   185    0.484103    2.154896    1.492113    1.492113 ^ clk (in)
                                                         clk (net)
                      2.155171    0.000000    1.492113 ^ _3001_/CLK (sky130_fd_sc_hd__dfrtp_2)
     4    0.013232    0.067165    0.710889    2.203002 v _3001_/Q (sky130_fd_sc_hd__dfrtp_2)
                                                         my_divider.remainder_reg[0] (net)
                      0.067165    0.000001    2.203003 v _2766_/B2 (sky130_fd_sc_hd__a22o_2)
     1    0.002801    0.038033    0.225707    2.428710 v _2766_/X (sky130_fd_sc_hd__a22o_2)
                                                         _0260_ (net)
                      0.038033    0.000008    2.428719 v _3001_/D (sky130_fd_sc_hd__dfrtp_2)
                                              2.428719   data arrival time

                                  0.000000    0.000000   clock clk (rise edge)
                                  0.000000    0.000000   clock source latency
   185    0.484103    2.154896    1.492113    1.492113 ^ clk (in)
                                                         clk (net)
                      2.155171    0.000000    1.492113 ^ _3001_/CLK (sky130_fd_sc_hd__dfrtp_2)
                                  0.500000    1.992113   clock uncertainty
                                  0.000000    1.992113   clock reconvergence pessimism
                                  0.194942    2.187056   library hold time
                                              2.187056   data required time
---------------------------------------------------------------------------------------------
                                              2.187056   data required time
                                             -2.428719   data arrival time
---------------------------------------------------------------------------------------------
                                              0.241663   slack (MET)


Startpoint: _3058_ (rising edge-triggered flip-flop clocked by clk)
Endpoint: _3058_ (rising edge-triggered flip-flop clocked by clk)
Path Group: clk
Path Type: min

Fanout         Cap        Slew       Delay        Time   Description
---------------------------------------------------------------------------------------------
                                  0.000000    0.000000   clock clk (rise edge)
                                  0.000000    0.000000   clock source latency
   185    0.484103    2.154896    1.494004    1.494004 ^ clk (in)
                                                         clk (net)
                      2.155225    0.000000    1.494004 ^ _3058_/CLK (sky130_fd_sc_hd__dfrtp_2)
     3    0.014117    0.085618    0.692308    2.186312 ^ _3058_/Q (sky130_fd_sc_hd__dfrtp_2)
                                                         my_sum_sub.al_sb_eff (net)
                      0.085618    0.000012    2.186324 ^ _2284_/A0 (sky130_fd_sc_hd__mux2_1)
     1    0.002108    0.037343    0.122867    2.309192 ^ _2284_/X (sky130_fd_sc_hd__mux2_1)
                                                         _0317_ (net)
                      0.037343    0.000001    2.309193 ^ _3058_/D (sky130_fd_sc_hd__dfrtp_2)
                                              2.309193   data arrival time

                                  0.000000    0.000000   clock clk (rise edge)
                                  0.000000    0.000000   clock source latency
   185    0.484103    2.154896    1.494004    1.494004 ^ clk (in)
                                                         clk (net)
                      2.155225    0.000000    1.494004 ^ _3058_/CLK (sky130_fd_sc_hd__dfrtp_2)
                                  0.500000    1.994004   clock uncertainty
                                  0.000000    1.994004   clock reconvergence pessimism
                                  0.072324    2.066328   library hold time
                                              2.066328   data required time
---------------------------------------------------------------------------------------------
                                              2.066328   data required time
                                             -2.309193   data arrival time
---------------------------------------------------------------------------------------------
                                              0.242865   slack (MET)


Startpoint: _3173_ (rising edge-triggered flip-flop clocked by clk)
Endpoint: _2998_ (rising edge-triggered flip-flop clocked by clk)
Path Group: clk
Path Type: min

Fanout         Cap        Slew       Delay        Time   Description
---------------------------------------------------------------------------------------------
                                  0.000000    0.000000   clock clk (rise edge)
                                  0.000000    0.000000   clock source latency
   185    0.484103    2.154896    1.484547    1.484547 ^ clk (in)
                                                         clk (net)
                      2.155003    0.000000    1.484547 ^ _3173_/CLK (sky130_fd_sc_hd__dfrtp_2)
     5    0.012940    0.063430    0.710134    2.194681 v _3173_/Q (sky130_fd_sc_hd__dfrtp_2)
                                                         my_divider.state (net)
                      0.063430    0.000074    2.194756 v _2775_/A2 (sky130_fd_sc_hd__o211a_2)
     1    0.002081    0.022596    0.233731    2.428487 v _2775_/X (sky130_fd_sc_hd__o211a_2)
                                                         _0257_ (net)
                      0.022596    0.000002    2.428488 v _2998_/D (sky130_fd_sc_hd__dfrtp_2)
                                              2.428488   data arrival time

                                  0.000000    0.000000   clock clk (rise edge)
                                  0.000000    0.000000   clock source latency
   185    0.484103    2.154896    1.484614    1.484614 ^ clk (in)
                                                         clk (net)
                      2.155004    0.000000    1.484614 ^ _2998_/CLK (sky130_fd_sc_hd__dfrtp_2)
                                  0.500000    1.984614   clock uncertainty
                                  0.000000    1.984614   clock reconvergence pessimism
                                  0.200924    2.185538   library hold time
                                              2.185538   data required time
---------------------------------------------------------------------------------------------
                                              2.185538   data required time
                                             -2.428488   data arrival time
---------------------------------------------------------------------------------------------
                                              0.242950   slack (MET)


Startpoint: _3127_ (rising edge-triggered flip-flop clocked by clk)
Endpoint: _3078_ (rising edge-triggered flip-flop clocked by clk)
Path Group: clk
Path Type: min

Fanout         Cap        Slew       Delay        Time   Description
---------------------------------------------------------------------------------------------
                                  0.000000    0.000000   clock clk (rise edge)
                                  0.000000    0.000000   clock source latency
   185    0.484103    2.154896    1.477643    1.477643 ^ clk (in)
                                                         clk (net)
                      2.154918    0.000000    1.477643 ^ _3127_/CLK (sky130_fd_sc_hd__dfrtp_2)
     2    0.012475    0.063146    0.708632    2.186275 v _3127_/Q (sky130_fd_sc_hd__dfrtp_2)
                                                         shift_out[0] (net)
                      0.063146    0.000302    2.186577 v _2163_/A1 (sky130_fd_sc_hd__a32o_2)
     1    0.002086    0.035920    0.236516    2.423093 v _2163_/X (sky130_fd_sc_hd__a32o_2)
                                                         _0337_ (net)
                      0.035920    0.000002    2.423094 v _3078_/D (sky130_fd_sc_hd__dfrtp_2)
                                              2.423094   data arrival time

                                  0.000000    0.000000   clock clk (rise edge)
                                  0.000000    0.000000   clock source latency
   185    0.484103    2.154896    1.484367    1.484367 ^ clk (in)
                                                         clk (net)
                      2.155000    0.000000    1.484367 ^ _3078_/CLK (sky130_fd_sc_hd__dfrtp_2)
                                  0.500000    1.984367   clock uncertainty
                                  0.000000    1.984367   clock reconvergence pessimism
                                  0.195750    2.180116   library hold time
                                              2.180116   data required time
---------------------------------------------------------------------------------------------
                                              2.180116   data required time
                                             -2.423094   data arrival time
---------------------------------------------------------------------------------------------
                                              0.242978   slack (MET)


Startpoint: _3127_ (rising edge-triggered flip-flop clocked by clk)
Endpoint: _3127_ (rising edge-triggered flip-flop clocked by clk)
Path Group: clk
Path Type: min

Fanout         Cap        Slew       Delay        Time   Description
---------------------------------------------------------------------------------------------
                                  0.000000    0.000000   clock clk (rise edge)
                                  0.000000    0.000000   clock source latency
   185    0.484103    2.154896    1.477643    1.477643 ^ clk (in)
                                                         clk (net)
                      2.154918    0.000000    1.477643 ^ _3127_/CLK (sky130_fd_sc_hd__dfrtp_2)
     2    0.012475    0.063146    0.708632    2.186275 v _3127_/Q (sky130_fd_sc_hd__dfrtp_2)
                                                         shift_out[0] (net)
                      0.063146    0.000016    2.186291 v _2103_/A1 (sky130_fd_sc_hd__o22a_2)
     1    0.002216    0.033857    0.231514    2.417805 v _2103_/X (sky130_fd_sc_hd__o22a_2)
                                                         _0223_ (net)
                      0.033857    0.000003    2.417808 v _3127_/D (sky130_fd_sc_hd__dfrtp_2)
                                              2.417808   data arrival time

                                  0.000000    0.000000   clock clk (rise edge)
                                  0.000000    0.000000   clock source latency
   185    0.484103    2.154896    1.477643    1.477643 ^ clk (in)
                                                         clk (net)
                      2.154918    0.000000    1.477643 ^ _3127_/CLK (sky130_fd_sc_hd__dfrtp_2)
                                  0.500000    1.977643   clock uncertainty
                                  0.000000    1.977643   clock reconvergence pessimism
                                  0.196544    2.174188   library hold time
                                              2.174188   data required time
---------------------------------------------------------------------------------------------
                                              2.174188   data required time
                                             -2.417808   data arrival time
---------------------------------------------------------------------------------------------
                                              0.243620   slack (MET)


Startpoint: _3063_ (rising edge-triggered flip-flop clocked by clk)
Endpoint: _3063_ (rising edge-triggered flip-flop clocked by clk)
Path Group: clk
Path Type: min

Fanout         Cap        Slew       Delay        Time   Description
---------------------------------------------------------------------------------------------
                                  0.000000    0.000000   clock clk (rise edge)
                                  0.000000    0.000000   clock source latency
   185    0.484103    2.154896    1.494757    1.494757 ^ clk (in)
                                                         clk (net)
                      2.155248    0.000000    1.494757 ^ _3063_/CLK (sky130_fd_sc_hd__dfrtp_2)
     5    0.015093    0.089775    0.695574    2.190331 ^ _3063_/Q (sky130_fd_sc_hd__dfrtp_2)
                                                         my_sum_sub.cm_mant[3] (net)
                      0.089775    0.000031    2.190361 ^ _2259_/A0 (sky130_fd_sc_hd__mux2_1)
     1    0.002048    0.036913    0.123814    2.314176 ^ _2259_/X (sky130_fd_sc_hd__mux2_1)
                                                         _0322_ (net)
                      0.036913    0.000000    2.314176 ^ _3063_/D (sky130_fd_sc_hd__dfrtp_2)
                                              2.314176   data arrival time

                                  0.000000    0.000000   clock clk (rise edge)
                                  0.000000    0.000000   clock source latency
   185    0.484103    2.154896    1.494757    1.494757 ^ clk (in)
                                                         clk (net)
                      2.155248    0.000000    1.494757 ^ _3063_/CLK (sky130_fd_sc_hd__dfrtp_2)
                                  0.500000    1.994757   clock uncertainty
                                  0.000000    1.994757   clock reconvergence pessimism
                                  0.072405    2.067162   library hold time
                                              2.067162   data required time
---------------------------------------------------------------------------------------------
                                              2.067162   data required time
                                             -2.314176   data arrival time
---------------------------------------------------------------------------------------------
                                              0.247014   slack (MET)


Startpoint: _3064_ (rising edge-triggered flip-flop clocked by clk)
Endpoint: _3064_ (rising edge-triggered flip-flop clocked by clk)
Path Group: clk
Path Type: min

Fanout         Cap        Slew       Delay        Time   Description
---------------------------------------------------------------------------------------------
                                  0.000000    0.000000   clock clk (rise edge)
                                  0.000000    0.000000   clock source latency
   185    0.484103    2.154896    1.478721    1.478721 ^ clk (in)
                                                         clk (net)
                      2.154927    0.000000    1.478721 ^ _3064_/CLK (sky130_fd_sc_hd__dfrtp_2)
     5    0.015327    0.090773    0.696330    2.175051 ^ _3064_/Q (sky130_fd_sc_hd__dfrtp_2)
                                                         my_sum_sub.cm_mant[4] (net)
                      0.090773    0.000034    2.175085 ^ _2254_/A0 (sky130_fd_sc_hd__mux2_1)
     1    0.002099    0.037316    0.124566    2.299650 ^ _2254_/X (sky130_fd_sc_hd__mux2_1)
                                                         _0323_ (net)
                      0.037316    0.000000    2.299651 ^ _3064_/D (sky130_fd_sc_hd__dfrtp_2)
                                              2.299651   data arrival time

                                  0.000000    0.000000   clock clk (rise edge)
                                  0.000000    0.000000   clock source latency
   185    0.484103    2.154896    1.478721    1.478721 ^ clk (in)
                                                         clk (net)
                      2.154927    0.000000    1.478721 ^ _3064_/CLK (sky130_fd_sc_hd__dfrtp_2)
                                  0.500000    1.978721   clock uncertainty
                                  0.000000    1.978721   clock reconvergence pessimism
                                  0.072321    2.051042   library hold time
                                              2.051042   data required time
---------------------------------------------------------------------------------------------
                                              2.051042   data required time
                                             -2.299651   data arrival time
---------------------------------------------------------------------------------------------
                                              0.248609   slack (MET)


Startpoint: _3157_ (rising edge-triggered flip-flop clocked by clk)
Endpoint: _3157_ (rising edge-triggered flip-flop clocked by clk)
Path Group: clk
Path Type: min

Fanout         Cap        Slew       Delay        Time   Description
---------------------------------------------------------------------------------------------
                                  0.000000    0.000000   clock clk (rise edge)
                                  0.000000    0.000000   clock source latency
   185    0.484103    2.154896    1.484071    1.484071 ^ clk (in)
                                                         clk (net)
                      2.154995    0.000000    1.484071 ^ _3157_/CLK (sky130_fd_sc_hd__dfrtp_2)
     6    0.014852    0.068016    0.714796    2.198868 v _3157_/Q (sky130_fd_sc_hd__dfrtp_2)
                                                         state[5] (net)
                      0.068016    0.000004    2.198871 v _2796_/A2 (sky130_fd_sc_hd__a31o_2)
     1    0.002652    0.032892    0.231745    2.430616 v _2796_/X (sky130_fd_sc_hd__a31o_2)
                                                         _0010_ (net)
                      0.032892    0.000007    2.430623 v _3157_/D (sky130_fd_sc_hd__dfrtp_2)
                                              2.430623   data arrival time

                                  0.000000    0.000000   clock clk (rise edge)
                                  0.000000    0.000000   clock source latency
   185    0.484103    2.154896    1.484071    1.484071 ^ clk (in)
                                                         clk (net)
                      2.154995    0.000000    1.484071 ^ _3157_/CLK (sky130_fd_sc_hd__dfrtp_2)
                                  0.500000    1.984071   clock uncertainty
                                  0.000000    1.984071   clock reconvergence pessimism
                                  0.196925    2.180996   library hold time
                                              2.180996   data required time
---------------------------------------------------------------------------------------------
                                              2.180996   data required time
                                             -2.430623   data arrival time
---------------------------------------------------------------------------------------------
                                              0.249627   slack (MET)


Startpoint: _3043_ (rising edge-triggered flip-flop clocked by clk)
Endpoint: _3043_ (rising edge-triggered flip-flop clocked by clk)
Path Group: clk
Path Type: min

Fanout         Cap        Slew       Delay        Time   Description
---------------------------------------------------------------------------------------------
                                  0.000000    0.000000   clock clk (rise edge)
                                  0.000000    0.000000   clock source latency
   185    0.484103    2.154896    1.495146    1.495146 ^ clk (in)
                                                         clk (net)
                      2.155260    0.000000    1.495146 ^ _3043_/CLK (sky130_fd_sc_hd__dfrtp_2)
     4    0.011935    0.079310    0.684189    2.179335 ^ _3043_/Q (sky130_fd_sc_hd__dfrtp_2)
                                                         my_sum_sub.al_ma[2] (net)
                      0.079310    0.000011    2.179347 ^ _2378_/A2 (sky130_fd_sc_hd__a221o_2)
     1    0.002152    0.027729    0.141779    2.321126 ^ _2378_/X (sky130_fd_sc_hd__a221o_2)
                                                         _0302_ (net)
                      0.027729    0.000002    2.321128 ^ _3043_/D (sky130_fd_sc_hd__dfrtp_2)
                                              2.321128   data arrival time

                                  0.000000    0.000000   clock clk (rise edge)
                                  0.000000    0.000000   clock source latency
   185    0.484103    2.154896    1.495146    1.495146 ^ clk (in)
                                                         clk (net)
                      2.155260    0.000000    1.495146 ^ _3043_/CLK (sky130_fd_sc_hd__dfrtp_2)
                                  0.500000    1.995146   clock uncertainty
                                  0.000000    1.995146   clock reconvergence pessimism
                                  0.074126    2.069272   library hold time
                                              2.069272   data required time
---------------------------------------------------------------------------------------------
                                              2.069272   data required time
                                             -2.321128   data arrival time
---------------------------------------------------------------------------------------------
                                              0.251856   slack (MET)


Startpoint: _3061_ (rising edge-triggered flip-flop clocked by clk)
Endpoint: _3061_ (rising edge-triggered flip-flop clocked by clk)
Path Group: clk
Path Type: min

Fanout         Cap        Slew       Delay        Time   Description
---------------------------------------------------------------------------------------------
                                  0.000000    0.000000   clock clk (rise edge)
                                  0.000000    0.000000   clock source latency
   185    0.484103    2.154896    1.494724    1.494724 ^ clk (in)
                                                         clk (net)
                      2.155247    0.000000    1.494724 ^ _3061_/CLK (sky130_fd_sc_hd__dfrtp_2)
     5    0.012540    0.062391    0.708948    2.203672 v _3061_/Q (sky130_fd_sc_hd__dfrtp_2)
                                                         my_sum_sub.cm_mant[1] (net)
                      0.062391    0.000031    2.203703 v _2272_/B2 (sky130_fd_sc_hd__o2bb2a_2)
     1    0.002192    0.029345    0.242013    2.445716 v _2272_/X (sky130_fd_sc_hd__o2bb2a_2)
                                                         _0320_ (net)
                      0.029345    0.000002    2.445719 v _3061_/D (sky130_fd_sc_hd__dfrtp_2)
                                              2.445719   data arrival time

                                  0.000000    0.000000   clock clk (rise edge)
                                  0.000000    0.000000   clock source latency
   185    0.484103    2.154896    1.494724    1.494724 ^ clk (in)
                                                         clk (net)
                      2.155247    0.000000    1.494724 ^ _3061_/CLK (sky130_fd_sc_hd__dfrtp_2)
                                  0.500000    1.994724   clock uncertainty
                                  0.000000    1.994724   clock reconvergence pessimism
                                  0.198322    2.193047   library hold time
                                              2.193047   data required time
---------------------------------------------------------------------------------------------
                                              2.193047   data required time
                                             -2.445719   data arrival time
---------------------------------------------------------------------------------------------
                                              0.252672   slack (MET)


Startpoint: _3045_ (rising edge-triggered flip-flop clocked by clk)
Endpoint: _3045_ (rising edge-triggered flip-flop clocked by clk)
Path Group: clk
Path Type: min

Fanout         Cap        Slew       Delay        Time   Description
---------------------------------------------------------------------------------------------
                                  0.000000    0.000000   clock clk (rise edge)
                                  0.000000    0.000000   clock source latency
   185    0.484103    2.154896    1.495276    1.495276 ^ clk (in)
                                                         clk (net)
                      2.155264    0.000000    1.495276 ^ _3045_/CLK (sky130_fd_sc_hd__dfrtp_2)
     4    0.012205    0.080471    0.685350    2.180625 ^ _3045_/Q (sky130_fd_sc_hd__dfrtp_2)
                                                         my_sum_sub.al_ma[4] (net)
                      0.080471    0.000011    2.180636 ^ _2374_/A2 (sky130_fd_sc_hd__a221o_2)
     1    0.002151    0.027730    0.142123    2.322759 ^ _2374_/X (sky130_fd_sc_hd__a221o_2)
                                                         _0304_ (net)
                      0.027730    0.000001    2.322761 ^ _3045_/D (sky130_fd_sc_hd__dfrtp_2)
                                              2.322761   data arrival time

                                  0.000000    0.000000   clock clk (rise edge)
                                  0.000000    0.000000   clock source latency
   185    0.484103    2.154896    1.495276    1.495276 ^ clk (in)
                                                         clk (net)
                      2.155264    0.000000    1.495276 ^ _3045_/CLK (sky130_fd_sc_hd__dfrtp_2)
                                  0.500000    1.995276   clock uncertainty
                                  0.000000    1.995276   clock reconvergence pessimism
                                  0.074126    2.069402   library hold time
                                              2.069402   data required time
---------------------------------------------------------------------------------------------
                                              2.069402   data required time
                                             -2.322761   data arrival time
---------------------------------------------------------------------------------------------
                                              0.253359   slack (MET)


Startpoint: _3118_ (rising edge-triggered flip-flop clocked by clk)
Endpoint: _3102_ (rising edge-triggered flip-flop clocked by clk)
Path Group: clk
Path Type: min

Fanout         Cap        Slew       Delay        Time   Description
---------------------------------------------------------------------------------------------
                                  0.000000    0.000000   clock clk (rise edge)
                                  0.000000    0.000000   clock source latency
   185    0.484103    2.154896    1.481678    1.481678 ^ clk (in)
                                                         clk (net)
                      2.154960    0.000000    1.481678 ^ _3118_/CLK (sky130_fd_sc_hd__dfrtp_2)
     5    0.016634    0.096349    0.700843    2.182520 ^ _3118_/Q (sky130_fd_sc_hd__dfrtp_2)
                                                         shift_in[7] (net)
                      0.096349    0.000077    2.182597 ^ _2132_/A0 (sky130_fd_sc_hd__mux2_1)
     1    0.002076    0.037168    0.126302    2.308899 ^ _2132_/X (sky130_fd_sc_hd__mux2_1)
                                                         _0198_ (net)
                      0.037168    0.000000    2.308900 ^ _3102_/D (sky130_fd_sc_hd__dfrtp_2)
                                              2.308900   data arrival time

                                  0.000000    0.000000   clock clk (rise edge)
                                  0.000000    0.000000   clock source latency
   185    0.484103    2.154896    1.483031    1.483031 ^ clk (in)
                                                         clk (net)
                      2.154979    0.000000    1.483031 ^ _3102_/CLK (sky130_fd_sc_hd__dfrtp_2)
                                  0.500000    1.983031   clock uncertainty
                                  0.000000    1.983031   clock reconvergence pessimism
                                  0.072350    2.055381   library hold time
                                              2.055381   data required time
---------------------------------------------------------------------------------------------
                                              2.055381   data required time
                                             -2.308900   data arrival time
---------------------------------------------------------------------------------------------
                                              0.253519   slack (MET)


Startpoint: _3046_ (rising edge-triggered flip-flop clocked by clk)
Endpoint: _3046_ (rising edge-triggered flip-flop clocked by clk)
Path Group: clk
Path Type: min

Fanout         Cap        Slew       Delay        Time   Description
---------------------------------------------------------------------------------------------
                                  0.000000    0.000000   clock clk (rise edge)
                                  0.000000    0.000000   clock source latency
   185    0.484103    2.154896    1.495297    1.495297 ^ clk (in)
                                                         clk (net)
                      2.155265    0.000000    1.495297 ^ _3046_/CLK (sky130_fd_sc_hd__dfrtp_2)
     4    0.012318    0.078344    0.685817    2.181113 ^ _3046_/Q (sky130_fd_sc_hd__dfrtp_2)
                                                         my_sum_sub.al_ma[5] (net)
                      0.078344    0.000013    2.181126 ^ _2372_/A2 (sky130_fd_sc_hd__a221o_2)
     1    0.002290    0.028365    0.142256    2.323383 ^ _2372_/X (sky130_fd_sc_hd__a221o_2)
                                                         _0305_ (net)
                      0.028365    0.000004    2.323386 ^ _3046_/D (sky130_fd_sc_hd__dfrtp_2)
                                              2.323386   data arrival time

                                  0.000000    0.000000   clock clk (rise edge)
                                  0.000000    0.000000   clock source latency
   185    0.484103    2.154896    1.495297    1.495297 ^ clk (in)
                                                         clk (net)
                      2.155265    0.000000    1.495297 ^ _3046_/CLK (sky130_fd_sc_hd__dfrtp_2)
                                  0.500000    1.995297   clock uncertainty
                                  0.000000    1.995297   clock reconvergence pessimism
                                  0.074007    2.069304   library hold time
                                              2.069304   data required time
---------------------------------------------------------------------------------------------
                                              2.069304   data required time
                                             -2.323386   data arrival time
---------------------------------------------------------------------------------------------
                                              0.254083   slack (MET)


Startpoint: _3118_ (rising edge-triggered flip-flop clocked by clk)
Endpoint: _3151_ (rising edge-triggered flip-flop clocked by clk)
Path Group: clk
Path Type: min

Fanout         Cap        Slew       Delay        Time   Description
---------------------------------------------------------------------------------------------
                                  0.000000    0.000000   clock clk (rise edge)
                                  0.000000    0.000000   clock source latency
   185    0.484103    2.154896    1.481678    1.481678 ^ clk (in)
                                                         clk (net)
                      2.154960    0.000000    1.481678 ^ _3118_/CLK (sky130_fd_sc_hd__dfrtp_2)
     5    0.016634    0.096349    0.700843    2.182520 ^ _3118_/Q (sky130_fd_sc_hd__dfrtp_2)
                                                         shift_in[7] (net)
                      0.096349    0.000264    2.182785 ^ _1509_/A1 (sky130_fd_sc_hd__mux2_1)
     1    0.002212    0.038158    0.129988    2.312773 ^ _1509_/X (sky130_fd_sc_hd__mux2_1)
                                                         _0247_ (net)
                      0.038158    0.000002    2.312775 ^ _3151_/D (sky130_fd_sc_hd__dfrtp_2)
                                              2.312775   data arrival time

                                  0.000000    0.000000   clock clk (rise edge)
                                  0.000000    0.000000   clock source latency
   185    0.484103    2.154896    1.483720    1.483720 ^ clk (in)
                                                         clk (net)
                      2.154989    0.000000    1.483720 ^ _3151_/CLK (sky130_fd_sc_hd__dfrtp_2)
                                  0.500000    1.983720   clock uncertainty
                                  0.000000    1.983720   clock reconvergence pessimism
                                  0.072165    2.055886   library hold time
                                              2.055886   data required time
---------------------------------------------------------------------------------------------
                                              2.055886   data required time
                                             -2.312775   data arrival time
---------------------------------------------------------------------------------------------
                                              0.256890   slack (MET)


Startpoint: _2989_ (rising edge-triggered flip-flop clocked by clk)
Endpoint: _2989_ (rising edge-triggered flip-flop clocked by clk)
Path Group: clk
Path Type: min

Fanout         Cap        Slew       Delay        Time   Description
---------------------------------------------------------------------------------------------
                                  0.000000    0.000000   clock clk (rise edge)
                                  0.000000    0.000000   clock source latency
   185    0.484103    2.154896    1.492136    1.492136 ^ clk (in)
                                                         clk (net)
                      2.155171    0.000000    1.492136 ^ _2989_/CLK (sky130_fd_sc_hd__dfrtp_2)
     5    0.016920    0.097551    0.701920    2.194056 ^ _2989_/Q (sky130_fd_sc_hd__dfrtp_2)
                                                         my_divider.divisor_reg[0] (net)
                      0.097551    0.000023    2.194078 ^ _2785_/A0 (sky130_fd_sc_hd__mux2_1)
     1    0.002170    0.037848    0.127468    2.321547 ^ _2785_/X (sky130_fd_sc_hd__mux2_1)
                                                         _0248_ (net)
                      0.037848    0.000002    2.321548 ^ _2989_/D (sky130_fd_sc_hd__dfrtp_2)
                                              2.321548   data arrival time

                                  0.000000    0.000000   clock clk (rise edge)
                                  0.000000    0.000000   clock source latency
   185    0.484103    2.154896    1.492136    1.492136 ^ clk (in)
                                                         clk (net)
                      2.155171    0.000000    1.492136 ^ _2989_/CLK (sky130_fd_sc_hd__dfrtp_2)
                                  0.500000    1.992136   clock uncertainty
                                  0.000000    1.992136   clock reconvergence pessimism
                                  0.072228    2.064364   library hold time
                                              2.064364   data required time
---------------------------------------------------------------------------------------------
                                              2.064364   data required time
                                             -2.321548   data arrival time
---------------------------------------------------------------------------------------------
                                              0.257185   slack (MET)


Startpoint: _3057_ (rising edge-triggered flip-flop clocked by clk)
Endpoint: _3057_ (rising edge-triggered flip-flop clocked by clk)
Path Group: clk
Path Type: min

Fanout         Cap        Slew       Delay        Time   Description
---------------------------------------------------------------------------------------------
                                  0.000000    0.000000   clock clk (rise edge)
                                  0.000000    0.000000   clock source latency
   185    0.484103    2.154896    1.487699    1.487699 ^ clk (in)
                                                         clk (net)
                      2.155064    0.000000    1.487699 ^ _3057_/CLK (sky130_fd_sc_hd__dfrtp_2)
     3    0.017950    0.102003    0.705343    2.193041 ^ _3057_/Q (sky130_fd_sc_hd__dfrtp_2)
                                                         my_sum_sub.al_sa (net)
                      0.102003    0.000004    2.193045 ^ _2285_/A0 (sky130_fd_sc_hd__mux2_1)
     1    0.002200    0.038068    0.129241    2.322286 ^ _2285_/X (sky130_fd_sc_hd__mux2_1)
                                                         _0316_ (net)
                      0.038068    0.000002    2.322288 ^ _3057_/D (sky130_fd_sc_hd__dfrtp_2)
                                              2.322288   data arrival time

                                  0.000000    0.000000   clock clk (rise edge)
                                  0.000000    0.000000   clock source latency
   185    0.484103    2.154896    1.487699    1.487699 ^ clk (in)
                                                         clk (net)
                      2.155064    0.000000    1.487699 ^ _3057_/CLK (sky130_fd_sc_hd__dfrtp_2)
                                  0.500000    1.987699   clock uncertainty
                                  0.000000    1.987699   clock reconvergence pessimism
                                  0.072184    2.059883   library hold time
                                              2.059883   data required time
---------------------------------------------------------------------------------------------
                                              2.059883   data required time
                                             -2.322288   data arrival time
---------------------------------------------------------------------------------------------
                                              0.262405   slack (MET)


Startpoint: _3115_ (rising edge-triggered flip-flop clocked by clk)
Endpoint: _3099_ (rising edge-triggered flip-flop clocked by clk)
Path Group: clk
Path Type: min

Fanout         Cap        Slew       Delay        Time   Description
---------------------------------------------------------------------------------------------
                                  0.000000    0.000000   clock clk (rise edge)
                                  0.000000    0.000000   clock source latency
   185    0.484103    2.154896    1.481229    1.481229 ^ clk (in)
                                                         clk (net)
                      2.154954    0.000000    1.481229 ^ _3115_/CLK (sky130_fd_sc_hd__dfrtp_2)
     6    0.017798    0.101327    0.704870    2.186099 ^ _3115_/Q (sky130_fd_sc_hd__dfrtp_2)
                                                         shift_in[4] (net)
                      0.101327    0.000020    2.186118 ^ _2135_/A0 (sky130_fd_sc_hd__mux2_1)
     1    0.002207    0.038207    0.129067    2.315186 ^ _2135_/X (sky130_fd_sc_hd__mux2_1)
                                                         _0358_ (net)
                      0.038207    0.000002    2.315187 ^ _3099_/D (sky130_fd_sc_hd__dfrtp_2)
                                              2.315187   data arrival time

                                  0.000000    0.000000   clock clk (rise edge)
                                  0.000000    0.000000   clock source latency
   185    0.484103    2.154896    1.480353    1.480353 ^ clk (in)
                                                         clk (net)
                      2.154944    0.000000    1.480353 ^ _3099_/CLK (sky130_fd_sc_hd__dfrtp_2)
                                  0.500000    1.980353   clock uncertainty
                                  0.000000    1.980353   clock reconvergence pessimism
                                  0.072155    2.052508   library hold time
                                              2.052508   data required time
---------------------------------------------------------------------------------------------
                                              2.052508   data required time
                                             -2.315187   data arrival time
---------------------------------------------------------------------------------------------
                                              0.262680   slack (MET)


Startpoint: _3115_ (rising edge-triggered flip-flop clocked by clk)
Endpoint: _3115_ (rising edge-triggered flip-flop clocked by clk)
Path Group: clk
Path Type: min

Fanout         Cap        Slew       Delay        Time   Description
---------------------------------------------------------------------------------------------
                                  0.000000    0.000000   clock clk (rise edge)
                                  0.000000    0.000000   clock source latency
   185    0.484103    2.154896    1.481229    1.481229 ^ clk (in)
                                                         clk (net)
                      2.154954    0.000000    1.481229 ^ _3115_/CLK (sky130_fd_sc_hd__dfrtp_2)
     6    0.017798    0.101327    0.704870    2.186099 ^ _3115_/Q (sky130_fd_sc_hd__dfrtp_2)
                                                         shift_in[4] (net)
                      0.101327    0.000007    2.186106 ^ _2116_/A1 (sky130_fd_sc_hd__mux2_1)
     1    0.002201    0.038178    0.131595    2.317702 ^ _2116_/X (sky130_fd_sc_hd__mux2_1)
                                                         _0211_ (net)
                      0.038178    0.000002    2.317703 ^ _3115_/D (sky130_fd_sc_hd__dfrtp_2)
                                              2.317703   data arrival time

                                  0.000000    0.000000   clock clk (rise edge)
                                  0.000000    0.000000   clock source latency
   185    0.484103    2.154896    1.481229    1.481229 ^ clk (in)
                                                         clk (net)
                      2.154954    0.000000    1.481229 ^ _3115_/CLK (sky130_fd_sc_hd__dfrtp_2)
                                  0.500000    1.981229   clock uncertainty
                                  0.000000    1.981229   clock reconvergence pessimism
                                  0.072161    2.053390   library hold time
                                              2.053390   data required time
---------------------------------------------------------------------------------------------
                                              2.053390   data required time
                                             -2.317703   data arrival time
---------------------------------------------------------------------------------------------
                                              0.264314   slack (MET)


Startpoint: _3106_ (rising edge-triggered flip-flop clocked by clk)
Endpoint: _3037_ (rising edge-triggered flip-flop clocked by clk)
Path Group: clk
Path Type: min

Fanout         Cap        Slew       Delay        Time   Description
---------------------------------------------------------------------------------------------
                                  0.000000    0.000000   clock clk (rise edge)
                                  0.000000    0.000000   clock source latency
   185    0.484103    2.154896    1.482261    1.482261 ^ clk (in)
                                                         clk (net)
                      2.154968    0.000000    1.482261 ^ _3106_/CLK (sky130_fd_sc_hd__dfrtp_2)
     9    0.036704    0.115986    0.767529    2.249790 v _3106_/Q (sky130_fd_sc_hd__dfrtp_2)
                                                         my_mul.x2[11] (net)
                      0.115990    0.000802    2.250592 v _2389_/A1 (sky130_fd_sc_hd__a21o_2)
     1    0.002231    0.030050    0.206311    2.456902 v _2389_/X (sky130_fd_sc_hd__a21o_2)
                                                         _0296_ (net)
                      0.030050    0.000002    2.456904 v _3037_/D (sky130_fd_sc_hd__dfrtp_2)
                                              2.456904   data arrival time

                                  0.000000    0.000000   clock clk (rise edge)
                                  0.000000    0.000000   clock source latency
   185    0.484103    2.154896    1.494247    1.494247 ^ clk (in)
                                                         clk (net)
                      2.155232    0.000000    1.494247 ^ _3037_/CLK (sky130_fd_sc_hd__dfrtp_2)
                                  0.500000    1.994247   clock uncertainty
                                  0.000000    1.994247   clock reconvergence pessimism
                                  0.198047    2.192294   library hold time
                                              2.192294   data required time
---------------------------------------------------------------------------------------------
                                              2.192294   data required time
                                             -2.456904   data arrival time
---------------------------------------------------------------------------------------------
                                              0.264611   slack (MET)


Startpoint: _3116_ (rising edge-triggered flip-flop clocked by clk)
Endpoint: _3100_ (rising edge-triggered flip-flop clocked by clk)
Path Group: clk
Path Type: min

Fanout         Cap        Slew       Delay        Time   Description
---------------------------------------------------------------------------------------------
                                  0.000000    0.000000   clock clk (rise edge)
                                  0.000000    0.000000   clock source latency
   185    0.484103    2.154896    1.483629    1.483629 ^ clk (in)
                                                         clk (net)
                      2.154988    0.000000    1.483629 ^ _3116_/CLK (sky130_fd_sc_hd__dfrtp_2)
     6    0.018260    0.103297    0.706509    2.190139 ^ _3116_/Q (sky130_fd_sc_hd__dfrtp_2)
                                                         shift_in[5] (net)
                      0.103297    0.000152    2.190291 ^ _2134_/A0 (sky130_fd_sc_hd__mux2_1)
     1    0.002087    0.037254    0.128780    2.319070 ^ _2134_/X (sky130_fd_sc_hd__mux2_1)
                                                         _0196_ (net)
                      0.037254    0.000001    2.319072 ^ _3100_/D (sky130_fd_sc_hd__dfrtp_2)
                                              2.319072   data arrival time

                                  0.000000    0.000000   clock clk (rise edge)
                                  0.000000    0.000000   clock source latency
   185    0.484103    2.154896    1.481934    1.481934 ^ clk (in)
                                                         clk (net)
                      2.154963    0.000000    1.481934 ^ _3100_/CLK (sky130_fd_sc_hd__dfrtp_2)
                                  0.500000    1.981934   clock uncertainty
                                  0.000000    1.981934   clock reconvergence pessimism
                                  0.072334    2.054268   library hold time
                                              2.054268   data required time
---------------------------------------------------------------------------------------------
                                              2.054268   data required time
                                             -2.319072   data arrival time
---------------------------------------------------------------------------------------------
                                              0.264803   slack (MET)


Startpoint: _3047_ (rising edge-triggered flip-flop clocked by clk)
Endpoint: _3047_ (rising edge-triggered flip-flop clocked by clk)
Path Group: clk
Path Type: min

Fanout         Cap        Slew       Delay        Time   Description
---------------------------------------------------------------------------------------------
                                  0.000000    0.000000   clock clk (rise edge)
                                  0.000000    0.000000   clock source latency
   185    0.484103    2.154896    1.495303    1.495303 ^ clk (in)
                                                         clk (net)
                      2.155265    0.000000    1.495303 ^ _3047_/CLK (sky130_fd_sc_hd__dfrtp_2)
     5    0.014579    0.087572    0.693892    2.189195 ^ _3047_/Q (sky130_fd_sc_hd__dfrtp_2)
                                                         my_sum_sub.al_ma[6] (net)
                      0.087572    0.000013    2.189208 ^ _2370_/A2 (sky130_fd_sc_hd__a221o_2)
     1    0.002282    0.028326    0.145015    2.334223 ^ _2370_/X (sky130_fd_sc_hd__a221o_2)
                                                         _0306_ (net)
                      0.028326    0.000004    2.334227 ^ _3047_/D (sky130_fd_sc_hd__dfrtp_2)
                                              2.334227   data arrival time

                                  0.000000    0.000000   clock clk (rise edge)
                                  0.000000    0.000000   clock source latency
   185    0.484103    2.154896    1.495303    1.495303 ^ clk (in)
                                                         clk (net)
                      2.155265    0.000000    1.495303 ^ _3047_/CLK (sky130_fd_sc_hd__dfrtp_2)
                                  0.500000    1.995303   clock uncertainty
                                  0.000000    1.995303   clock reconvergence pessimism
                                  0.074014    2.069317   library hold time
                                              2.069317   data required time
---------------------------------------------------------------------------------------------
                                              2.069317   data required time
                                             -2.334227   data arrival time
---------------------------------------------------------------------------------------------
                                              0.264910   slack (MET)


Startpoint: _3044_ (rising edge-triggered flip-flop clocked by clk)
Endpoint: _3044_ (rising edge-triggered flip-flop clocked by clk)
Path Group: clk
Path Type: min

Fanout         Cap        Slew       Delay        Time   Description
---------------------------------------------------------------------------------------------
                                  0.000000    0.000000   clock clk (rise edge)
                                  0.000000    0.000000   clock source latency
   185    0.484103    2.154896    1.495237    1.495237 ^ clk (in)
                                                         clk (net)
                      2.155263    0.000000    1.495237 ^ _3044_/CLK (sky130_fd_sc_hd__dfrtp_2)
     4    0.015453    0.091280    0.696908    2.192145 ^ _3044_/Q (sky130_fd_sc_hd__dfrtp_2)
                                                         my_sum_sub.al_ma[3] (net)
                      0.091280    0.000010    2.192155 ^ _2376_/A2 (sky130_fd_sc_hd__a221o_2)
     1    0.002124    0.027600    0.145257    2.337412 ^ _2376_/X (sky130_fd_sc_hd__a221o_2)
                                                         _0303_ (net)
                      0.027600    0.000001    2.337413 ^ _3044_/D (sky130_fd_sc_hd__dfrtp_2)
                                              2.337413   data arrival time

                                  0.000000    0.000000   clock clk (rise edge)
                                  0.000000    0.000000   clock source latency
   185    0.484103    2.154896    1.495237    1.495237 ^ clk (in)
                                                         clk (net)
                      2.155263    0.000000    1.495237 ^ _3044_/CLK (sky130_fd_sc_hd__dfrtp_2)
                                  0.500000    1.995237   clock uncertainty
                                  0.000000    1.995237   clock reconvergence pessimism
                                  0.074150    2.069387   library hold time
                                              2.069387   data required time
---------------------------------------------------------------------------------------------
                                              2.069387   data required time
                                             -2.337413   data arrival time
---------------------------------------------------------------------------------------------
                                              0.268026   slack (MET)


Startpoint: _3143_ (rising edge-triggered flip-flop clocked by clk)
Endpoint: _3143_ (rising edge-triggered flip-flop clocked by clk)
Path Group: clk
Path Type: min

Fanout         Cap        Slew       Delay        Time   Description
---------------------------------------------------------------------------------------------
                                  0.000000    0.000000   clock clk (rise edge)
                                  0.000000    0.000000   clock source latency
   185    0.484103    2.154896    1.484057    1.484057 ^ clk (in)
                                                         clk (net)
                      2.154995    0.000000    1.484057 ^ _3143_/CLK (sky130_fd_sc_hd__dfrtp_2)
     5    0.016146    0.094238    0.699254    2.183311 ^ _3143_/Q (sky130_fd_sc_hd__dfrtp_2)
                                                         bit_count[0] (net)
                      0.094238    0.000028    2.183339 ^ _1538_/S (sky130_fd_sc_hd__mux2_1)
     1    0.003096    0.045138    0.139771    2.323109 ^ _1538_/X (sky130_fd_sc_hd__mux2_1)
                                                         _0239_ (net)
                      0.045138    0.000012    2.323121 ^ _3143_/D (sky130_fd_sc_hd__dfrtp_2)
                                              2.323121   data arrival time

                                  0.000000    0.000000   clock clk (rise edge)
                                  0.000000    0.000000   clock source latency
   185    0.484103    2.154896    1.484057    1.484057 ^ clk (in)
                                                         clk (net)
                      2.154995    0.000000    1.484057 ^ _3143_/CLK (sky130_fd_sc_hd__dfrtp_2)
                                  0.500000    1.984057   clock uncertainty
                                  0.000000    1.984057   clock reconvergence pessimism
                                  0.070858    2.054916   library hold time
                                              2.054916   data required time
---------------------------------------------------------------------------------------------
                                              2.054916   data required time
                                             -2.323121   data arrival time
---------------------------------------------------------------------------------------------
                                              0.268206   slack (MET)


Startpoint: _3042_ (rising edge-triggered flip-flop clocked by clk)
Endpoint: _3042_ (rising edge-triggered flip-flop clocked by clk)
Path Group: clk
Path Type: min

Fanout         Cap        Slew       Delay        Time   Description
---------------------------------------------------------------------------------------------
                                  0.000000    0.000000   clock clk (rise edge)
                                  0.000000    0.000000   clock source latency
   185    0.484103    2.154896    1.495042    1.495042 ^ clk (in)
                                                         clk (net)
                      2.155257    0.000000    1.495042 ^ _3042_/CLK (sky130_fd_sc_hd__dfrtp_2)
     4    0.015654    0.092140    0.697599    2.192642 ^ _3042_/Q (sky130_fd_sc_hd__dfrtp_2)
                                                         my_sum_sub.al_ma[1] (net)
                      0.092140    0.000010    2.192652 ^ _2380_/A2 (sky130_fd_sc_hd__a221o_2)
     1    0.002134    0.027644    0.145572    2.338224 ^ _2380_/X (sky130_fd_sc_hd__a221o_2)
                                                         _0301_ (net)
                      0.027644    0.000001    2.338225 ^ _3042_/D (sky130_fd_sc_hd__dfrtp_2)
                                              2.338225   data arrival time

                                  0.000000    0.000000   clock clk (rise edge)
                                  0.000000    0.000000   clock source latency
   185    0.484103    2.154896    1.495042    1.495042 ^ clk (in)
                                                         clk (net)
                      2.155257    0.000000    1.495042 ^ _3042_/CLK (sky130_fd_sc_hd__dfrtp_2)
                                  0.500000    1.995042   clock uncertainty
                                  0.000000    1.995042   clock reconvergence pessimism
                                  0.074141    2.069184   library hold time
                                              2.069184   data required time
---------------------------------------------------------------------------------------------
                                              2.069184   data required time
                                             -2.338225   data arrival time
---------------------------------------------------------------------------------------------
                                              0.269041   slack (MET)


Startpoint: _3092_ (rising edge-triggered flip-flop clocked by clk)
Endpoint: _3092_ (rising edge-triggered flip-flop clocked by clk)
Path Group: clk
Path Type: min

Fanout         Cap        Slew       Delay        Time   Description
---------------------------------------------------------------------------------------------
                                  0.000000    0.000000   clock clk (rise edge)
                                  0.000000    0.000000   clock source latency
   185    0.484103    2.154896    1.489709    1.489709 ^ clk (in)
                                                         clk (net)
                      2.155109    0.000000    1.489709 ^ _3092_/CLK (sky130_fd_sc_hd__dfrtp_2)
     7    0.020758    0.080737    0.729171    2.218880 v _3092_/Q (sky130_fd_sc_hd__dfrtp_2)
                                                         acc_reg[13] (net)
                      0.080737    0.000037    2.218917 v _2148_/A1 (sky130_fd_sc_hd__o22a_2)
     1    0.002126    0.033516    0.237629    2.456546 v _2148_/X (sky130_fd_sc_hd__o22a_2)
                                                         _0351_ (net)
                      0.033516    0.000002    2.456549 v _3092_/D (sky130_fd_sc_hd__dfrtp_2)
                                              2.456549   data arrival time

                                  0.000000    0.000000   clock clk (rise edge)
                                  0.000000    0.000000   clock source latency
   185    0.484103    2.154896    1.489709    1.489709 ^ clk (in)
                                                         clk (net)
                      2.155109    0.000000    1.489709 ^ _3092_/CLK (sky130_fd_sc_hd__dfrtp_2)
                                  0.500000    1.989709   clock uncertainty
                                  0.000000    1.989709   clock reconvergence pessimism
                                  0.196692    2.186400   library hold time
                                              2.186400   data required time
---------------------------------------------------------------------------------------------
                                              2.186400   data required time
                                             -2.456549   data arrival time
---------------------------------------------------------------------------------------------
                                              0.270148   slack (MET)


Startpoint: _3089_ (rising edge-triggered flip-flop clocked by clk)
Endpoint: _3089_ (rising edge-triggered flip-flop clocked by clk)
Path Group: clk
Path Type: min

Fanout         Cap        Slew       Delay        Time   Description
---------------------------------------------------------------------------------------------
                                  0.000000    0.000000   clock clk (rise edge)
                                  0.000000    0.000000   clock source latency
   185    0.484103    2.154896    1.483585    1.483585 ^ clk (in)
                                                         clk (net)
                      2.154987    0.000000    1.483585 ^ _3089_/CLK (sky130_fd_sc_hd__dfrtp_2)
     8    0.023013    0.085922    0.734559    2.218144 v _3089_/Q (sky130_fd_sc_hd__dfrtp_2)
                                                         acc_reg[10] (net)
                      0.085922    0.000001    2.218146 v _2151_/A1 (sky130_fd_sc_hd__o22a_2)
     1    0.002305    0.034221    0.240487    2.458632 v _2151_/X (sky130_fd_sc_hd__o22a_2)
                                                         _0348_ (net)
                      0.034221    0.000003    2.458635 v _3089_/D (sky130_fd_sc_hd__dfrtp_2)
                                              2.458635   data arrival time

                                  0.000000    0.000000   clock clk (rise edge)
                                  0.000000    0.000000   clock source latency
   185    0.484103    2.154896    1.483585    1.483585 ^ clk (in)
                                                         clk (net)
                      2.154987    0.000000    1.483585 ^ _3089_/CLK (sky130_fd_sc_hd__dfrtp_2)
                                  0.500000    1.983585   clock uncertainty
                                  0.000000    1.983585   clock reconvergence pessimism
                                  0.196408    2.179994   library hold time
                                              2.179994   data required time
---------------------------------------------------------------------------------------------
                                              2.179994   data required time
                                             -2.458635   data arrival time
---------------------------------------------------------------------------------------------
                                              0.278642   slack (MET)


Startpoint: _3094_ (rising edge-triggered flip-flop clocked by clk)
Endpoint: _3094_ (rising edge-triggered flip-flop clocked by clk)
Path Group: clk
Path Type: min

Fanout         Cap        Slew       Delay        Time   Description
---------------------------------------------------------------------------------------------
                                  0.000000    0.000000   clock clk (rise edge)
                                  0.000000    0.000000   clock source latency
   185    0.484103    2.154896    1.483960    1.483960 ^ clk (in)
                                                         clk (net)
                      2.154993    0.000000    1.483960 ^ _3094_/CLK (sky130_fd_sc_hd__dfrtp_2)
     5    0.021422    0.117100    0.717377    2.201338 ^ _3094_/Q (sky130_fd_sc_hd__dfrtp_2)
                                                         acc_reg[15] (net)
                      0.117100    0.000029    2.201366 ^ _2144_/A0 (sky130_fd_sc_hd__mux2_1)
     1    0.002322    0.039032    0.135411    2.336778 ^ _2144_/X (sky130_fd_sc_hd__mux2_1)
                                                         _0353_ (net)
                      0.039032    0.000004    2.336782 ^ _3094_/D (sky130_fd_sc_hd__dfrtp_2)
                                              2.336782   data arrival time

                                  0.000000    0.000000   clock clk (rise edge)
                                  0.000000    0.000000   clock source latency
   185    0.484103    2.154896    1.483960    1.483960 ^ clk (in)
                                                         clk (net)
                      2.154993    0.000000    1.483960 ^ _3094_/CLK (sky130_fd_sc_hd__dfrtp_2)
                                  0.500000    1.983960   clock uncertainty
                                  0.000000    1.983960   clock reconvergence pessimism
                                  0.072002    2.055962   library hold time
                                              2.055962   data required time
---------------------------------------------------------------------------------------------
                                              2.055962   data required time
                                             -2.336782   data arrival time
---------------------------------------------------------------------------------------------
                                              0.280820   slack (MET)


Startpoint: _3091_ (rising edge-triggered flip-flop clocked by clk)
Endpoint: _3091_ (rising edge-triggered flip-flop clocked by clk)
Path Group: clk
Path Type: min

Fanout         Cap        Slew       Delay        Time   Description
---------------------------------------------------------------------------------------------
                                  0.000000    0.000000   clock clk (rise edge)
                                  0.000000    0.000000   clock source latency
   185    0.484103    2.154896    1.488878    1.488878 ^ clk (in)
                                                         clk (net)
                      2.155090    0.000000    1.488878 ^ _3091_/CLK (sky130_fd_sc_hd__dfrtp_2)
     8    0.024333    0.088897    0.737885    2.226763 v _3091_/Q (sky130_fd_sc_hd__dfrtp_2)
                                                         acc_reg[12] (net)
                      0.088897    0.000019    2.226782 v _2149_/A1 (sky130_fd_sc_hd__o22a_2)
     1    0.001979    0.032931    0.239927    2.466708 v _2149_/X (sky130_fd_sc_hd__o22a_2)
                                                         _0350_ (net)
                      0.032931    0.000000    2.466709 v _3091_/D (sky130_fd_sc_hd__dfrtp_2)
                                              2.466709   data arrival time

                                  0.000000    0.000000   clock clk (rise edge)
                                  0.000000    0.000000   clock source latency
   185    0.484103    2.154896    1.488878    1.488878 ^ clk (in)
                                                         clk (net)
                      2.155090    0.000000    1.488878 ^ _3091_/CLK (sky130_fd_sc_hd__dfrtp_2)
                                  0.500000    1.988878   clock uncertainty
                                  0.000000    1.988878   clock reconvergence pessimism
                                  0.196917    2.185796   library hold time
                                              2.185796   data required time
---------------------------------------------------------------------------------------------
                                              2.185796   data required time
                                             -2.466709   data arrival time
---------------------------------------------------------------------------------------------
                                              0.280913   slack (MET)


Startpoint: _3087_ (rising edge-triggered flip-flop clocked by clk)
Endpoint: _3087_ (rising edge-triggered flip-flop clocked by clk)
Path Group: clk
Path Type: min

Fanout         Cap        Slew       Delay        Time   Description
---------------------------------------------------------------------------------------------
                                  0.000000    0.000000   clock clk (rise edge)
                                  0.000000    0.000000   clock source latency
   185    0.484103    2.154896    1.486811    1.486811 ^ clk (in)
                                                         clk (net)
                      2.155045    0.000000    1.486811 ^ _3087_/CLK (sky130_fd_sc_hd__dfrtp_2)
     8    0.024754    0.089950    0.738799    2.225610 v _3087_/Q (sky130_fd_sc_hd__dfrtp_2)
                                                         acc_reg[8] (net)
                      0.089950    0.000014    2.225624 v _2153_/A1 (sky130_fd_sc_hd__o22a_2)
     1    0.001962    0.032865    0.240236    2.465860 v _2153_/X (sky130_fd_sc_hd__o22a_2)
                                                         _0346_ (net)
                      0.032865    0.000000    2.465861 v _3087_/D (sky130_fd_sc_hd__dfrtp_2)
                                              2.465861   data arrival time

                                  0.000000    0.000000   clock clk (rise edge)
                                  0.000000    0.000000   clock source latency
   185    0.484103    2.154896    1.486811    1.486811 ^ clk (in)
                                                         clk (net)
                      2.155045    0.000000    1.486811 ^ _3087_/CLK (sky130_fd_sc_hd__dfrtp_2)
                                  0.500000    1.986811   clock uncertainty
                                  0.000000    1.986811   clock reconvergence pessimism
                                  0.196939    2.183751   library hold time
                                              2.183751   data required time
---------------------------------------------------------------------------------------------
                                              2.183751   data required time
                                             -2.465861   data arrival time
---------------------------------------------------------------------------------------------
                                              0.282110   slack (MET)


Startpoint: _3066_ (rising edge-triggered flip-flop clocked by clk)
Endpoint: _3066_ (rising edge-triggered flip-flop clocked by clk)
Path Group: clk
Path Type: min

Fanout         Cap        Slew       Delay        Time   Description
---------------------------------------------------------------------------------------------
                                  0.000000    0.000000   clock clk (rise edge)
                                  0.000000    0.000000   clock source latency
   185    0.484103    2.154896    1.478692    1.478692 ^ clk (in)
                                                         clk (net)
                      2.154927    0.000000    1.478692 ^ _3066_/CLK (sky130_fd_sc_hd__dfrtp_2)
     5    0.022195    0.120566    0.719727    2.198419 ^ _3066_/Q (sky130_fd_sc_hd__dfrtp_2)
                                                         my_sum_sub.cm_mant[6] (net)
                      0.120566    0.000034    2.198453 ^ _2243_/A0 (sky130_fd_sc_hd__mux2_1)
     1    0.002181    0.037967    0.135479    2.333932 ^ _2243_/X (sky130_fd_sc_hd__mux2_1)
                                                         _0325_ (net)
                      0.037967    0.000002    2.333934 ^ _3066_/D (sky130_fd_sc_hd__dfrtp_2)
                                              2.333934   data arrival time

                                  0.000000    0.000000   clock clk (rise edge)
                                  0.000000    0.000000   clock source latency
   185    0.484103    2.154896    1.478692    1.478692 ^ clk (in)
                                                         clk (net)
                      2.154927    0.000000    1.478692 ^ _3066_/CLK (sky130_fd_sc_hd__dfrtp_2)
                                  0.500000    1.978692   clock uncertainty
                                  0.000000    1.978692   clock reconvergence pessimism
                                  0.072199    2.050891   library hold time
                                              2.050891   data required time
---------------------------------------------------------------------------------------------
                                              2.050891   data required time
                                             -2.333934   data arrival time
---------------------------------------------------------------------------------------------
                                              0.283043   slack (MET)


Startpoint: _3154_ (rising edge-triggered flip-flop clocked by clk)
Endpoint: _3152_ (rising edge-triggered flip-flop clocked by clk)
Path Group: clk
Path Type: min

Fanout         Cap        Slew       Delay        Time   Description
---------------------------------------------------------------------------------------------
                                  0.000000    0.000000   clock clk (rise edge)
                                  0.000000    0.000000   clock source latency
   185    0.484103    2.154896    1.484397    1.484397 ^ clk (in)
                                                         clk (net)
                      2.155000    0.000000    1.484397 ^ _3154_/CLK (sky130_fd_sc_hd__dfrtp_2)
     5    0.020509    0.113015    0.714190    2.198587 ^ _3154_/Q (sky130_fd_sc_hd__dfrtp_2)
                                                         state[2] (net)
                      0.113015    0.000140    2.198727 ^ _2800_/A1 (sky130_fd_sc_hd__a211o_2)
     1    0.002891    0.026800    0.134150    2.332878 ^ _2800_/X (sky130_fd_sc_hd__a211o_2)
                                                         _0007_ (net)
                      0.026800    0.000006    2.332883 ^ _3152_/D (sky130_fd_sc_hd__dfstp_2)
                                              2.332883   data arrival time

                                  0.000000    0.000000   clock clk (rise edge)
                                  0.000000    0.000000   clock source latency
   185    0.484103    2.154896    1.483943    1.483943 ^ clk (in)
                                                         clk (net)
                      2.154993    0.000000    1.483943 ^ _3152_/CLK (sky130_fd_sc_hd__dfstp_2)
                                  0.500000    1.983943   clock uncertainty
                                  0.000000    1.983943   clock reconvergence pessimism
                                  0.065805    2.049748   library hold time
                                              2.049748   data required time
---------------------------------------------------------------------------------------------
                                              2.049748   data required time
                                             -2.332883   data arrival time
---------------------------------------------------------------------------------------------
                                              0.283136   slack (MET)


Startpoint: _3088_ (rising edge-triggered flip-flop clocked by clk)
Endpoint: _3088_ (rising edge-triggered flip-flop clocked by clk)
Path Group: clk
Path Type: min

Fanout         Cap        Slew       Delay        Time   Description
---------------------------------------------------------------------------------------------
                                  0.000000    0.000000   clock clk (rise edge)
                                  0.000000    0.000000   clock source latency
   185    0.484103    2.154896    1.483266    1.483266 ^ clk (in)
                                                         clk (net)
                      2.154983    0.000000    1.483266 ^ _3088_/CLK (sky130_fd_sc_hd__dfrtp_2)
     8    0.025037    0.090652    0.739425    2.222692 v _3088_/Q (sky130_fd_sc_hd__dfrtp_2)
                                                         acc_reg[9] (net)
                      0.090652    0.000000    2.222692 v _2152_/A1 (sky130_fd_sc_hd__o22a_2)
     1    0.002315    0.034265    0.242310    2.465003 v _2152_/X (sky130_fd_sc_hd__o22a_2)
                                                         _0347_ (net)
                      0.034265    0.000003    2.465006 v _3088_/D (sky130_fd_sc_hd__dfrtp_2)
                                              2.465006   data arrival time

                                  0.000000    0.000000   clock clk (rise edge)
                                  0.000000    0.000000   clock source latency
   185    0.484103    2.154896    1.483266    1.483266 ^ clk (in)
                                                         clk (net)
                      2.154983    0.000000    1.483266 ^ _3088_/CLK (sky130_fd_sc_hd__dfrtp_2)
                                  0.500000    1.983266   clock uncertainty
                                  0.000000    1.983266   clock reconvergence pessimism
                                  0.196391    2.179657   library hold time
                                              2.179657   data required time
---------------------------------------------------------------------------------------------
                                              2.179657   data required time
                                             -2.465006   data arrival time
---------------------------------------------------------------------------------------------
                                              0.285349   slack (MET)


Startpoint: _3145_ (rising edge-triggered flip-flop clocked by clk)
Endpoint: _3145_ (rising edge-triggered flip-flop clocked by clk)
Path Group: clk
Path Type: min

Fanout         Cap        Slew       Delay        Time   Description
---------------------------------------------------------------------------------------------
                                  0.000000    0.000000   clock clk (rise edge)
                                  0.000000    0.000000   clock source latency
   185    0.484103    2.154896    1.484072    1.484072 ^ clk (in)
                                                         clk (net)
                      2.154995    0.000000    1.484072 ^ _3145_/CLK (sky130_fd_sc_hd__dfrtp_2)
     2    0.004341    0.046695    0.651567    2.135639 ^ _3145_/Q (sky130_fd_sc_hd__dfrtp_2)
                                                         bit_count[2] (net)
                      0.046695    0.000007    2.135646 ^ _1533_/B1 (sky130_fd_sc_hd__a31o_2)
     1    0.001794    0.027221    0.084053    2.219699 ^ _1533_/X (sky130_fd_sc_hd__a31o_2)
                                                         _1081_ (net)
                      0.027221    0.000000    2.219700 ^ _1534_/B (sky130_fd_sc_hd__and2b_2)
     1    0.002695    0.034978    0.122745    2.342445 ^ _1534_/X (sky130_fd_sc_hd__and2b_2)
                                                         _0241_ (net)
                      0.034978    0.000007    2.342452 ^ _3145_/D (sky130_fd_sc_hd__dfrtp_2)
                                              2.342452   data arrival time

                                  0.000000    0.000000   clock clk (rise edge)
                                  0.000000    0.000000   clock source latency
   185    0.484103    2.154896    1.484072    1.484072 ^ clk (in)
                                                         clk (net)
                      2.154995    0.000000    1.484072 ^ _3145_/CLK (sky130_fd_sc_hd__dfrtp_2)
                                  0.500000    1.984072   clock uncertainty
                                  0.000000    1.984072   clock reconvergence pessimism
                                  0.072761    2.056834   library hold time
                                              2.056834   data required time
---------------------------------------------------------------------------------------------
                                              2.056834   data required time
                                             -2.342452   data arrival time
---------------------------------------------------------------------------------------------
                                              0.285619   slack (MET)


Startpoint: _3093_ (rising edge-triggered flip-flop clocked by clk)
Endpoint: _3093_ (rising edge-triggered flip-flop clocked by clk)
Path Group: clk
Path Type: min

Fanout         Cap        Slew       Delay        Time   Description
---------------------------------------------------------------------------------------------
                                  0.000000    0.000000   clock clk (rise edge)
                                  0.000000    0.000000   clock source latency
   185    0.484103    2.154896    1.490536    1.490536 ^ clk (in)
                                                         clk (net)
                      2.155129    0.000000    1.490536 ^ _3093_/CLK (sky130_fd_sc_hd__dfrtp_2)
     7    0.022935    0.123683    0.722584    2.213120 ^ _3093_/Q (sky130_fd_sc_hd__dfrtp_2)
                                                         acc_reg[14] (net)
                      0.123683    0.000031    2.213151 ^ _2145_/A0 (sky130_fd_sc_hd__mux2_1)
     1    0.002130    0.037515    0.136021    2.349172 ^ _2145_/X (sky130_fd_sc_hd__mux2_1)
                                                         _0352_ (net)
                      0.037515    0.000002    2.349174 ^ _3093_/D (sky130_fd_sc_hd__dfrtp_2)
                                              2.349174   data arrival time

                                  0.000000    0.000000   clock clk (rise edge)
                                  0.000000    0.000000   clock source latency
   185    0.484103    2.154896    1.490536    1.490536 ^ clk (in)
                                                         clk (net)
                      2.155129    0.000000    1.490536 ^ _3093_/CLK (sky130_fd_sc_hd__dfrtp_2)
                                  0.500000    1.990536   clock uncertainty
                                  0.000000    1.990536   clock reconvergence pessimism
                                  0.072289    2.062825   library hold time
                                              2.062825   data required time
---------------------------------------------------------------------------------------------
                                              2.062825   data required time
                                             -2.349174   data arrival time
---------------------------------------------------------------------------------------------
                                              0.286349   slack (MET)


Startpoint: _3065_ (rising edge-triggered flip-flop clocked by clk)
Endpoint: _3065_ (rising edge-triggered flip-flop clocked by clk)
Path Group: clk
Path Type: min

Fanout         Cap        Slew       Delay        Time   Description
---------------------------------------------------------------------------------------------
                                  0.000000    0.000000   clock clk (rise edge)
                                  0.000000    0.000000   clock source latency
   185    0.484103    2.154896    1.478711    1.478711 ^ clk (in)
                                                         clk (net)
                      2.154927    0.000000    1.478711 ^ _3065_/CLK (sky130_fd_sc_hd__dfrtp_2)
     8    0.023790    0.127523    0.725177    2.203888 ^ _3065_/Q (sky130_fd_sc_hd__dfrtp_2)
                                                         my_sum_sub.cm_mant[5] (net)
                      0.127523    0.000052    2.203940 ^ _2249_/A0 (sky130_fd_sc_hd__mux2_1)
     1    0.002118    0.037468    0.136854    2.340794 ^ _2249_/X (sky130_fd_sc_hd__mux2_1)
                                                         _0324_ (net)
                      0.037468    0.000001    2.340796 ^ _3065_/D (sky130_fd_sc_hd__dfrtp_2)
                                              2.340796   data arrival time

                                  0.000000    0.000000   clock clk (rise edge)
                                  0.000000    0.000000   clock source latency
   185    0.484103    2.154896    1.478711    1.478711 ^ clk (in)
                                                         clk (net)
                      2.154927    0.000000    1.478711 ^ _3065_/CLK (sky130_fd_sc_hd__dfrtp_2)
                                  0.500000    1.978711   clock uncertainty
                                  0.000000    1.978711   clock reconvergence pessimism
                                  0.072293    2.051004   library hold time
                                              2.051004   data required time
---------------------------------------------------------------------------------------------
                                              2.051004   data required time
                                             -2.340796   data arrival time
---------------------------------------------------------------------------------------------
                                              0.289791   slack (MET)


Startpoint: _3008_ (rising edge-triggered flip-flop clocked by clk)
Endpoint: _3008_ (rising edge-triggered flip-flop clocked by clk)
Path Group: clk
Path Type: min

Fanout         Cap        Slew       Delay        Time   Description
---------------------------------------------------------------------------------------------
                                  0.000000    0.000000   clock clk (rise edge)
                                  0.000000    0.000000   clock source latency
   185    0.484103    2.154896    1.484569    1.484569 ^ clk (in)
                                                         clk (net)
                      2.155003    0.000000    1.484569 ^ _3008_/CLK (sky130_fd_sc_hd__dfrtp_2)
     4    0.009012    0.066757    0.671616    2.156185 ^ _3008_/Q (sky130_fd_sc_hd__dfrtp_2)
                                                         my_divider.remainder_reg[7] (net)
                      0.066757    0.000004    2.156189 ^ _2735_/B2 (sky130_fd_sc_hd__a22o_2)
     1    0.002666    0.034524    0.124453    2.280642 ^ _2735_/X (sky130_fd_sc_hd__a22o_2)
                                                         _1009_ (net)
                      0.034524    0.000001    2.280643 ^ _2736_/B1 (sky130_fd_sc_hd__a21o_2)
     1    0.002415    0.025034    0.073601    2.354244 ^ _2736_/X (sky130_fd_sc_hd__a21o_2)
                                                         _0267_ (net)
                      0.025034    0.000004    2.354248 ^ _3008_/D (sky130_fd_sc_hd__dfrtp_2)
                                              2.354248   data arrival time

                                  0.000000    0.000000   clock clk (rise edge)
                                  0.000000    0.000000   clock source latency
   185    0.484103    2.154896    1.484569    1.484569 ^ clk (in)
                                                         clk (net)
                      2.155003    0.000000    1.484569 ^ _3008_/CLK (sky130_fd_sc_hd__dfrtp_2)
                                  0.500000    1.984569   clock uncertainty
                                  0.000000    1.984569   clock reconvergence pessimism
                                  0.074624    2.059193   library hold time
                                              2.059193   data required time
---------------------------------------------------------------------------------------------
                                              2.059193   data required time
                                             -2.354248   data arrival time
---------------------------------------------------------------------------------------------
                                              0.295055   slack (MET)


Startpoint: _2995_ (rising edge-triggered flip-flop clocked by clk)
Endpoint: _2995_ (rising edge-triggered flip-flop clocked by clk)
Path Group: clk
Path Type: min

Fanout         Cap        Slew       Delay        Time   Description
---------------------------------------------------------------------------------------------
                                  0.000000    0.000000   clock clk (rise edge)
                                  0.000000    0.000000   clock source latency
   185    0.484103    2.154896    1.484414    1.484414 ^ clk (in)
                                                         clk (net)
                      2.155001    0.000000    1.484414 ^ _2995_/CLK (sky130_fd_sc_hd__dfrtp_2)
     2    0.012910    0.063380    0.710071    2.194485 v _2995_/Q (sky130_fd_sc_hd__dfrtp_2)
                                                         my_divider.divisor_reg[6] (net)
                      0.063380    0.000029    2.194514 v _1504_/A (sky130_fd_sc_hd__inv_2)
     2    0.007743    0.045735    0.064067    2.258580 ^ _1504_/Y (sky130_fd_sc_hd__inv_2)
                                                         _1059_ (net)
                      0.045735    0.000010    2.258590 ^ _2778_/A (sky130_fd_sc_hd__nor2_2)
     1    0.002502    0.019761    0.033795    2.292385 v _2778_/Y (sky130_fd_sc_hd__nor2_2)
                                                         _1039_ (net)
                      0.019761    0.000005    2.292390 v _2779_/B1 (sky130_fd_sc_hd__a31o_2)
     1    0.002170    0.031558    0.195337    2.487727 v _2779_/X (sky130_fd_sc_hd__a31o_2)
                                                         _0254_ (net)
                      0.031558    0.000002    2.487730 v _2995_/D (sky130_fd_sc_hd__dfrtp_2)
                                              2.487730   data arrival time

                                  0.000000    0.000000   clock clk (rise edge)
                                  0.000000    0.000000   clock source latency
   185    0.484103    2.154896    1.484414    1.484414 ^ clk (in)
                                                         clk (net)
                      2.155001    0.000000    1.484414 ^ _2995_/CLK (sky130_fd_sc_hd__dfrtp_2)
                                  0.500000    1.984414   clock uncertainty
                                  0.000000    1.984414   clock reconvergence pessimism
                                  0.197443    2.181858   library hold time
                                              2.181858   data required time
---------------------------------------------------------------------------------------------
                                              2.181858   data required time
                                             -2.487730   data arrival time
---------------------------------------------------------------------------------------------
                                              0.305872   slack (MET)


Startpoint: _3003_ (rising edge-triggered flip-flop clocked by clk)
Endpoint: _3003_ (rising edge-triggered flip-flop clocked by clk)
Path Group: clk
Path Type: min

Fanout         Cap        Slew       Delay        Time   Description
---------------------------------------------------------------------------------------------
                                  0.000000    0.000000   clock clk (rise edge)
                                  0.000000    0.000000   clock source latency
   185    0.484103    2.154896    1.492314    1.492314 ^ clk (in)
                                                         clk (net)
                      2.155176    0.000000    1.492314 ^ _3003_/CLK (sky130_fd_sc_hd__dfrtp_2)
     4    0.009075    0.064945    0.671893    2.164207 ^ _3003_/Q (sky130_fd_sc_hd__dfrtp_2)
                                                         my_divider.remainder_reg[2] (net)
                      0.064945    0.000034    2.164241 ^ _2760_/B2 (sky130_fd_sc_hd__a22o_2)
     1    0.002662    0.034502    0.123884    2.288125 ^ _2760_/X (sky130_fd_sc_hd__a22o_2)
                                                         _1029_ (net)
                      0.034502    0.000002    2.288127 ^ _2761_/B1 (sky130_fd_sc_hd__a31o_2)
     1    0.002884    0.031629    0.085002    2.373130 ^ _2761_/X (sky130_fd_sc_hd__a31o_2)
                                                         _0262_ (net)
                      0.031629    0.000014    2.373143 ^ _3003_/D (sky130_fd_sc_hd__dfrtp_2)
                                              2.373143   data arrival time

                                  0.000000    0.000000   clock clk (rise edge)
                                  0.000000    0.000000   clock source latency
   185    0.484103    2.154896    1.492314    1.492314 ^ clk (in)
                                                         clk (net)
                      2.155176    0.000000    1.492314 ^ _3003_/CLK (sky130_fd_sc_hd__dfrtp_2)
                                  0.500000    1.992314   clock uncertainty
                                  0.000000    1.992314   clock reconvergence pessimism
                                  0.073393    2.065707   library hold time
                                              2.065707   data required time
---------------------------------------------------------------------------------------------
                                              2.065707   data required time
                                             -2.373143   data arrival time
---------------------------------------------------------------------------------------------
                                              0.307436   slack (MET)


Startpoint: _3005_ (rising edge-triggered flip-flop clocked by clk)
Endpoint: _3005_ (rising edge-triggered flip-flop clocked by clk)
Path Group: clk
Path Type: min

Fanout         Cap        Slew       Delay        Time   Description
---------------------------------------------------------------------------------------------
                                  0.000000    0.000000   clock clk (rise edge)
                                  0.000000    0.000000   clock source latency
   185    0.484103    2.154896    1.492165    1.492165 ^ clk (in)
                                                         clk (net)
                      2.155172    0.000000    1.492165 ^ _3005_/CLK (sky130_fd_sc_hd__dfrtp_2)
     4    0.008904    0.064195    0.671151    2.163316 ^ _3005_/Q (sky130_fd_sc_hd__dfrtp_2)
                                                         my_divider.remainder_reg[4] (net)
                      0.064195    0.000016    2.163332 ^ _2750_/A1 (sky130_fd_sc_hd__a22o_2)
     1    0.002886    0.035571    0.131815    2.295147 ^ _2750_/X (sky130_fd_sc_hd__a22o_2)
                                                         _1021_ (net)
                      0.035571    0.000006    2.295153 ^ _2751_/B1 (sky130_fd_sc_hd__a31o_2)
     1    0.002254    0.029513    0.082230    2.377383 ^ _2751_/X (sky130_fd_sc_hd__a31o_2)
                                                         _0264_ (net)
                      0.029513    0.000002    2.377385 ^ _3005_/D (sky130_fd_sc_hd__dfrtp_2)
                                              2.377385   data arrival time

                                  0.000000    0.000000   clock clk (rise edge)
                                  0.000000    0.000000   clock source latency
   185    0.484103    2.154896    1.492165    1.492165 ^ clk (in)
                                                         clk (net)
                      2.155172    0.000000    1.492165 ^ _3005_/CLK (sky130_fd_sc_hd__dfrtp_2)
                                  0.500000    1.992165   clock uncertainty
                                  0.000000    1.992165   clock reconvergence pessimism
                                  0.073789    2.065954   library hold time
                                              2.065954   data required time
---------------------------------------------------------------------------------------------
                                              2.065954   data required time
                                             -2.377385   data arrival time
---------------------------------------------------------------------------------------------
                                              0.311431   slack (MET)


Startpoint: _3086_ (rising edge-triggered flip-flop clocked by clk)
Endpoint: _3086_ (rising edge-triggered flip-flop clocked by clk)
Path Group: clk
Path Type: min

Fanout         Cap        Slew       Delay        Time   Description
---------------------------------------------------------------------------------------------
                                  0.000000    0.000000   clock clk (rise edge)
                                  0.000000    0.000000   clock source latency
   185    0.484103    2.154896    1.485873    1.485873 ^ clk (in)
                                                         clk (net)
                      2.155027    0.000000    1.485873 ^ _3086_/CLK (sky130_fd_sc_hd__dfrtp_2)
     9    0.033662    0.111545    0.760334    2.246208 v _3086_/Q (sky130_fd_sc_hd__dfrtp_2)
                                                         acc_reg[7] (net)
                      0.111545    0.000015    2.246222 v _2154_/A1 (sky130_fd_sc_hd__o22a_2)
     1    0.002045    0.033195    0.248741    2.494964 v _2154_/X (sky130_fd_sc_hd__o22a_2)
                                                         _0345_ (net)
                      0.033195    0.000001    2.494965 v _3086_/D (sky130_fd_sc_hd__dfrtp_2)
                                              2.494965   data arrival time

                                  0.000000    0.000000   clock clk (rise edge)
                                  0.000000    0.000000   clock source latency
   185    0.484103    2.154896    1.485873    1.485873 ^ clk (in)
                                                         clk (net)
                      2.155027    0.000000    1.485873 ^ _3086_/CLK (sky130_fd_sc_hd__dfrtp_2)
                                  0.500000    1.985874   clock uncertainty
                                  0.000000    1.985874   clock reconvergence pessimism
                                  0.196810    2.182683   library hold time
                                              2.182683   data required time
---------------------------------------------------------------------------------------------
                                              2.182683   data required time
                                             -2.494965   data arrival time
---------------------------------------------------------------------------------------------
                                              0.312282   slack (MET)


Startpoint: _3067_ (rising edge-triggered flip-flop clocked by clk)
Endpoint: _3067_ (rising edge-triggered flip-flop clocked by clk)
Path Group: clk
Path Type: min

Fanout         Cap        Slew       Delay        Time   Description
---------------------------------------------------------------------------------------------
                                  0.000000    0.000000   clock clk (rise edge)
                                  0.000000    0.000000   clock source latency
   185    0.484103    2.154896    1.478665    1.478665 ^ clk (in)
                                                         clk (net)
                      2.154926    0.000000    1.478665 ^ _3067_/CLK (sky130_fd_sc_hd__dfrtp_2)
     8    0.030991    0.159153    0.749677    2.228342 ^ _3067_/Q (sky130_fd_sc_hd__dfrtp_2)
                                                         my_sum_sub.cm_mant[7] (net)
                      0.159153    0.000077    2.228420 ^ _2239_/A0 (sky130_fd_sc_hd__mux2_1)
     1    0.002119    0.037474    0.144519    2.372939 ^ _2239_/X (sky130_fd_sc_hd__mux2_1)
                                                         _0326_ (net)
                      0.037474    0.000001    2.372940 ^ _3067_/D (sky130_fd_sc_hd__dfrtp_2)
                                              2.372940   data arrival time

                                  0.000000    0.000000   clock clk (rise edge)
                                  0.000000    0.000000   clock source latency
   185    0.484103    2.154896    1.478665    1.478665 ^ clk (in)
                                                         clk (net)
                      2.154926    0.000000    1.478665 ^ _3067_/CLK (sky130_fd_sc_hd__dfrtp_2)
                                  0.500000    1.978665   clock uncertainty
                                  0.000000    1.978665   clock reconvergence pessimism
                                  0.072292    2.050957   library hold time
                                              2.050957   data required time
---------------------------------------------------------------------------------------------
                                              2.050957   data required time
                                             -2.372940   data arrival time
---------------------------------------------------------------------------------------------
                                              0.321983   slack (MET)


Startpoint: _3090_ (rising edge-triggered flip-flop clocked by clk)
Endpoint: _3090_ (rising edge-triggered flip-flop clocked by clk)
Path Group: clk
Path Type: min

Fanout         Cap        Slew       Delay        Time   Description
---------------------------------------------------------------------------------------------
                                  0.000000    0.000000   clock clk (rise edge)
                                  0.000000    0.000000   clock source latency
   185    0.484103    2.154896    1.483318    1.483318 ^ clk (in)
                                                         clk (net)
                      2.154983    0.000000    1.483318 ^ _3090_/CLK (sky130_fd_sc_hd__dfrtp_2)
    11    0.037987    0.115342    0.770628    2.253946 v _3090_/Q (sky130_fd_sc_hd__dfrtp_2)
                                                         acc_reg[11] (net)
                      0.115342    0.000012    2.253958 v _2150_/A1 (sky130_fd_sc_hd__o22a_2)
     1    0.002093    0.033384    0.250404    2.504362 v _2150_/X (sky130_fd_sc_hd__o22a_2)
                                                         _0349_ (net)
                      0.033384    0.000002    2.504364 v _3090_/D (sky130_fd_sc_hd__dfrtp_2)
                                              2.504364   data arrival time

                                  0.000000    0.000000   clock clk (rise edge)
                                  0.000000    0.000000   clock source latency
   185    0.484103    2.154896    1.483318    1.483318 ^ clk (in)
                                                         clk (net)
                      2.154983    0.000000    1.483318 ^ _3090_/CLK (sky130_fd_sc_hd__dfrtp_2)
                                  0.500000    1.983318   clock uncertainty
                                  0.000000    1.983318   clock reconvergence pessimism
                                  0.196733    2.180051   library hold time
                                              2.180051   data required time
---------------------------------------------------------------------------------------------
                                              2.180051   data required time
                                             -2.504364   data arrival time
---------------------------------------------------------------------------------------------
                                              0.324313   slack (MET)


Startpoint: _3041_ (rising edge-triggered flip-flop clocked by clk)
Endpoint: _3041_ (rising edge-triggered flip-flop clocked by clk)
Path Group: clk
Path Type: min

Fanout         Cap        Slew       Delay        Time   Description
---------------------------------------------------------------------------------------------
                                  0.000000    0.000000   clock clk (rise edge)
                                  0.000000    0.000000   clock source latency
   185    0.484103    2.154896    1.494955    1.494955 ^ clk (in)
                                                         clk (net)
                      2.155254    0.000000    1.494955 ^ _3041_/CLK (sky130_fd_sc_hd__dfrtp_2)
     6    0.027742    0.144700    0.739065    2.234020 ^ _3041_/Q (sky130_fd_sc_hd__dfrtp_2)
                                                         my_sum_sub.al_ma[0] (net)
                      0.144700    0.000010    2.234030 ^ _2382_/A2 (sky130_fd_sc_hd__a221o_2)
     1    0.002121    0.027586    0.160602    2.394631 ^ _2382_/X (sky130_fd_sc_hd__a221o_2)
                                                         _0300_ (net)
                      0.027586    0.000001    2.394632 ^ _3041_/D (sky130_fd_sc_hd__dfrtp_2)
                                              2.394632   data arrival time

                                  0.000000    0.000000   clock clk (rise edge)
                                  0.000000    0.000000   clock source latency
   185    0.484103    2.154896    1.494955    1.494955 ^ clk (in)
                                                         clk (net)
                      2.155254    0.000000    1.494955 ^ _3041_/CLK (sky130_fd_sc_hd__dfrtp_2)
                                  0.500000    1.994955   clock uncertainty
                                  0.000000    1.994955   clock reconvergence pessimism
                                  0.074152    2.069107   library hold time
                                              2.069107   data required time
---------------------------------------------------------------------------------------------
                                              2.069107   data required time
                                             -2.394632   data arrival time
---------------------------------------------------------------------------------------------
                                              0.325525   slack (MET)


Startpoint: _3059_ (rising edge-triggered flip-flop clocked by clk)
Endpoint: _3059_ (rising edge-triggered flip-flop clocked by clk)
Path Group: clk
Path Type: min

Fanout         Cap        Slew       Delay        Time   Description
---------------------------------------------------------------------------------------------
                                  0.000000    0.000000   clock clk (rise edge)
                                  0.000000    0.000000   clock source latency
   185    0.484103    2.154896    1.494848    1.494848 ^ clk (in)
                                                         clk (net)
                      2.155251    0.000000    1.494848 ^ _3059_/CLK (sky130_fd_sc_hd__dfrtp_2)
    16    0.058372    0.159189    0.807276    2.302124 v _3059_/Q (sky130_fd_sc_hd__dfrtp_2)
                                                         my_sum_sub.al_b_larger (net)
                      0.159189    0.000016    2.302140 v _2282_/A1 (sky130_fd_sc_hd__a21o_2)
     1    0.002082    0.029668    0.222414    2.524554 v _2282_/X (sky130_fd_sc_hd__a21o_2)
                                                         _0318_ (net)
                      0.029668    0.000001    2.524555 v _3059_/D (sky130_fd_sc_hd__dfrtp_2)
                                              2.524555   data arrival time

                                  0.000000    0.000000   clock clk (rise edge)
                                  0.000000    0.000000   clock source latency
   185    0.484103    2.154896    1.494848    1.494848 ^ clk (in)
                                                         clk (net)
                      2.155251    0.000000    1.494848 ^ _3059_/CLK (sky130_fd_sc_hd__dfrtp_2)
                                  0.500000    1.994848   clock uncertainty
                                  0.000000    1.994848   clock reconvergence pessimism
                                  0.198197    2.193046   library hold time
                                              2.193046   data required time
---------------------------------------------------------------------------------------------
                                              2.193046   data required time
                                             -2.524555   data arrival time
---------------------------------------------------------------------------------------------
                                              0.331510   slack (MET)


Startpoint: _3007_ (rising edge-triggered flip-flop clocked by clk)
Endpoint: _3007_ (rising edge-triggered flip-flop clocked by clk)
Path Group: clk
Path Type: min

Fanout         Cap        Slew       Delay        Time   Description
---------------------------------------------------------------------------------------------
                                  0.000000    0.000000   clock clk (rise edge)
                                  0.000000    0.000000   clock source latency
   185    0.484103    2.154896    1.491749    1.491749 ^ clk (in)
                                                         clk (net)
                      2.155161    0.000000    1.491749 ^ _3007_/CLK (sky130_fd_sc_hd__dfrtp_2)
     4    0.017211    0.098805    0.702905    2.194654 ^ _3007_/Q (sky130_fd_sc_hd__dfrtp_2)
                                                         my_divider.remainder_reg[6] (net)
                      0.098805    0.000055    2.194709 ^ _2740_/A1 (sky130_fd_sc_hd__a22o_2)
     1    0.002800    0.035163    0.143644    2.338352 ^ _2740_/X (sky130_fd_sc_hd__a22o_2)
                                                         _1013_ (net)
                      0.035163    0.000004    2.338356 ^ _2741_/B1 (sky130_fd_sc_hd__a21o_2)
     1    0.002162    0.023908    0.072778    2.411134 ^ _2741_/X (sky130_fd_sc_hd__a21o_2)
                                                         _0266_ (net)
                      0.023908    0.000001    2.411135 ^ _3007_/D (sky130_fd_sc_hd__dfrtp_2)
                                              2.411135   data arrival time

                                  0.000000    0.000000   clock clk (rise edge)
                                  0.000000    0.000000   clock source latency
   185    0.484103    2.154896    1.491749    1.491749 ^ clk (in)
                                                         clk (net)
                      2.155161    0.000000    1.491749 ^ _3007_/CLK (sky130_fd_sc_hd__dfrtp_2)
                                  0.500000    1.991749   clock uncertainty
                                  0.000000    1.991749   clock reconvergence pessimism
                                  0.074839    2.066588   library hold time
                                              2.066588   data required time
---------------------------------------------------------------------------------------------
                                              2.066588   data required time
                                             -2.411135   data arrival time
---------------------------------------------------------------------------------------------
                                              0.344547   slack (MET)


Startpoint: _3079_ (rising edge-triggered flip-flop clocked by clk)
Endpoint: _3079_ (rising edge-triggered flip-flop clocked by clk)
Path Group: clk
Path Type: min

Fanout         Cap        Slew       Delay        Time   Description
---------------------------------------------------------------------------------------------
                                  0.000000    0.000000   clock clk (rise edge)
                                  0.000000    0.000000   clock source latency
   185    0.484103    2.154896    1.477645    1.477645 ^ clk (in)
                                                         clk (net)
                      2.154918    0.000000    1.477645 ^ _3079_/CLK (sky130_fd_sc_hd__dfrtp_2)
    17    0.059640    0.162095    0.809192    2.286837 v _3079_/Q (sky130_fd_sc_hd__dfrtp_2)
                                                         acc_reg[0] (net)
                      0.162095    0.000016    2.286853 v _2161_/A0 (sky130_fd_sc_hd__mux2_1)
     1    0.002032    0.051380    0.314763    2.601616 v _2161_/X (sky130_fd_sc_hd__mux2_1)
                                                         _0338_ (net)
                      0.051380    0.000000    2.601617 v _3079_/D (sky130_fd_sc_hd__dfrtp_2)
                                              2.601617   data arrival time

                                  0.000000    0.000000   clock clk (rise edge)
                                  0.000000    0.000000   clock source latency
   185    0.484103    2.154896    1.477645    1.477645 ^ clk (in)
                                                         clk (net)
                      2.154918    0.000000    1.477645 ^ _3079_/CLK (sky130_fd_sc_hd__dfrtp_2)
                                  0.500000    1.977645   clock uncertainty
                                  0.000000    1.977645   clock reconvergence pessimism
                                  0.189740    2.167385   library hold time
                                              2.167385   data required time
---------------------------------------------------------------------------------------------
                                              2.167385   data required time
                                             -2.601617   data arrival time
---------------------------------------------------------------------------------------------
                                              0.434232   slack (MET)


Startpoint: _3068_ (rising edge-triggered flip-flop clocked by clk)
Endpoint: _3068_ (rising edge-triggered flip-flop clocked by clk)
Path Group: clk
Path Type: min

Fanout         Cap        Slew       Delay        Time   Description
---------------------------------------------------------------------------------------------
                                  0.000000    0.000000   clock clk (rise edge)
                                  0.000000    0.000000   clock source latency
   185    0.484103    2.154896    1.494598    1.494598 ^ clk (in)
                                                         clk (net)
                      2.155243    0.000000    1.494598 ^ _3068_/CLK (sky130_fd_sc_hd__dfrtp_2)
    22    0.065631    0.174692    0.820940    2.315538 v _3068_/Q (sky130_fd_sc_hd__dfrtp_2)
                                                         my_sum_sub.cm_mant[8] (net)
                      0.174692    0.000006    2.315545 v _2230_/A0 (sky130_fd_sc_hd__mux2_1)
     1    0.002255    0.052729    0.322230    2.637775 v _2230_/X (sky130_fd_sc_hd__mux2_1)
                                                         _0327_ (net)
                      0.052729    0.000003    2.637778 v _3068_/D (sky130_fd_sc_hd__dfrtp_2)
                                              2.637778   data arrival time

                                  0.000000    0.000000   clock clk (rise edge)
                                  0.000000    0.000000   clock source latency
   185    0.484103    2.154896    1.494598    1.494598 ^ clk (in)
                                                         clk (net)
                      2.155243    0.000000    1.494598 ^ _3068_/CLK (sky130_fd_sc_hd__dfrtp_2)
                                  0.500000    1.994598   clock uncertainty
                                  0.000000    1.994598   clock reconvergence pessimism
                                  0.189241    2.183840   library hold time
                                              2.183840   data required time
---------------------------------------------------------------------------------------------
                                              2.183840   data required time
                                             -2.637778   data arrival time
---------------------------------------------------------------------------------------------
                                              0.453938   slack (MET)


Startpoint: _3080_ (rising edge-triggered flip-flop clocked by clk)
Endpoint: _3080_ (rising edge-triggered flip-flop clocked by clk)
Path Group: clk
Path Type: min

Fanout         Cap        Slew       Delay        Time   Description
---------------------------------------------------------------------------------------------
                                  0.000000    0.000000   clock clk (rise edge)
                                  0.000000    0.000000   clock source latency
   185    0.484103    2.154896    1.477587    1.477587 ^ clk (in)
                                                         clk (net)
                      2.154917    0.000000    1.477587 ^ _3080_/CLK (sky130_fd_sc_hd__dfrtp_2)
    20    0.068944    0.182109    0.826502    2.304089 v _3080_/Q (sky130_fd_sc_hd__dfrtp_2)
                                                         acc_reg[1] (net)
                      0.182109    0.000076    2.304165 v _2160_/A0 (sky130_fd_sc_hd__mux2_1)
     1    0.002198    0.052386    0.324871    2.629037 v _2160_/X (sky130_fd_sc_hd__mux2_1)
                                                         _0339_ (net)
                      0.052386    0.000003    2.629040 v _3080_/D (sky130_fd_sc_hd__dfrtp_2)
                                              2.629040   data arrival time

                                  0.000000    0.000000   clock clk (rise edge)
                                  0.000000    0.000000   clock source latency
   185    0.484103    2.154896    1.477587    1.477587 ^ clk (in)
                                                         clk (net)
                      2.154917    0.000000    1.477587 ^ _3080_/CLK (sky130_fd_sc_hd__dfrtp_2)
                                  0.500000    1.977587   clock uncertainty
                                  0.000000    1.977587   clock reconvergence pessimism
                                  0.189349    2.166936   library hold time
                                              2.166936   data required time
---------------------------------------------------------------------------------------------
                                              2.166936   data required time
                                             -2.629040   data arrival time
---------------------------------------------------------------------------------------------
                                              0.462103   slack (MET)


Startpoint: _3081_ (rising edge-triggered flip-flop clocked by clk)
Endpoint: _3081_ (rising edge-triggered flip-flop clocked by clk)
Path Group: clk
Path Type: min

Fanout         Cap        Slew       Delay        Time   Description
---------------------------------------------------------------------------------------------
                                  0.000000    0.000000   clock clk (rise edge)
                                  0.000000    0.000000   clock source latency
   185    0.484103    2.154896    1.477620    1.477620 ^ clk (in)
                                                         clk (net)
                      2.154918    0.000000    1.477620 ^ _3081_/CLK (sky130_fd_sc_hd__dfrtp_2)
    21    0.072620    0.190073    0.833278    2.310899 v _3081_/Q (sky130_fd_sc_hd__dfrtp_2)
                                                         acc_reg[2] (net)
                      0.190073    0.000054    2.310952 v _2159_/A0 (sky130_fd_sc_hd__mux2_1)
     1    0.002743    0.055672    0.333390    2.644343 v _2159_/X (sky130_fd_sc_hd__mux2_1)
                                                         _0340_ (net)
                      0.055672    0.000013    2.644355 v _3081_/D (sky130_fd_sc_hd__dfrtp_2)
                                              2.644355   data arrival time

                                  0.000000    0.000000   clock clk (rise edge)
                                  0.000000    0.000000   clock source latency
   185    0.484103    2.154896    1.477620    1.477620 ^ clk (in)
                                                         clk (net)
                      2.154918    0.000000    1.477620 ^ _3081_/CLK (sky130_fd_sc_hd__dfrtp_2)
                                  0.500000    1.977620   clock uncertainty
                                  0.000000    1.977620   clock reconvergence pessimism
                                  0.188073    2.165693   library hold time
                                              2.165693   data required time
---------------------------------------------------------------------------------------------
                                              2.165693   data required time
                                             -2.644355   data arrival time
---------------------------------------------------------------------------------------------
                                              0.478662   slack (MET)


Startpoint: _3016_ (rising edge-triggered flip-flop clocked by clk)
Endpoint: _3085_ (rising edge-triggered flip-flop clocked by clk)
Path Group: clk
Path Type: min

Fanout         Cap        Slew       Delay        Time   Description
---------------------------------------------------------------------------------------------
                                  0.000000    0.000000   clock clk (rise edge)
                                  0.000000    0.000000   clock source latency
   185    0.484103    2.154896    1.484369    1.484369 ^ clk (in)
                                                         clk (net)
                      2.155000    0.000000    1.484369 ^ _3016_/CLK (sky130_fd_sc_hd__dfrtp_2)
     2    0.005247    0.050588    0.655457    2.139826 ^ _3016_/Q (sky130_fd_sc_hd__dfrtp_2)
                                                         div_quotient[6] (net)
                      0.050588    0.000004    2.139830 ^ _2064_/A1 (sky130_fd_sc_hd__a22o_2)
     1    0.008488    0.059422    0.151784    2.291614 ^ _2064_/X (sky130_fd_sc_hd__a22o_2)
                                                         _0465_ (net)
                      0.059422    0.000223    2.291837 ^ _2065_/A2 (sky130_fd_sc_hd__o21a_2)
     2    0.007041    0.048959    0.125722    2.417559 ^ _2065_/X (sky130_fd_sc_hd__o21a_2)
                                                         _0466_ (net)
                      0.048959    0.000035    2.417593 ^ _2155_/A1 (sky130_fd_sc_hd__mux2_1)
     1    0.002465    0.040164    0.115888    2.533481 ^ _2155_/X (sky130_fd_sc_hd__mux2_1)
                                                         _0344_ (net)
                      0.040164    0.000007    2.533488 ^ _3085_/D (sky130_fd_sc_hd__dfrtp_2)
                                              2.533488   data arrival time

                                  0.000000    0.000000   clock clk (rise edge)
                                  0.000000    0.000000   clock source latency
   185    0.484103    2.154896    1.477498    1.477498 ^ clk (in)
                                                         clk (net)
                      2.154917    0.000000    1.477498 ^ _3085_/CLK (sky130_fd_sc_hd__dfrtp_2)
                                  0.500000    1.977498   clock uncertainty
                                  0.000000    1.977498   clock reconvergence pessimism
                                  0.071788    2.049286   library hold time
                                              2.049286   data required time
---------------------------------------------------------------------------------------------
                                              2.049286   data required time
                                             -2.533488   data arrival time
---------------------------------------------------------------------------------------------
                                              0.484202   slack (MET)


Startpoint: _3015_ (rising edge-triggered flip-flop clocked by clk)
Endpoint: _3084_ (rising edge-triggered flip-flop clocked by clk)
Path Group: clk
Path Type: min

Fanout         Cap        Slew       Delay        Time   Description
---------------------------------------------------------------------------------------------
                                  0.000000    0.000000   clock clk (rise edge)
                                  0.000000    0.000000   clock source latency
   185    0.484103    2.154896    1.484393    1.484393 ^ clk (in)
                                                         clk (net)
                      2.155000    0.000000    1.484393 ^ _3015_/CLK (sky130_fd_sc_hd__dfrtp_2)
     3    0.008008    0.062444    0.667305    2.151699 ^ _3015_/Q (sky130_fd_sc_hd__dfrtp_2)
                                                         div_quotient[5] (net)
                      0.062444    0.000020    2.151719 ^ _2070_/A1 (sky130_fd_sc_hd__a22o_2)
     1    0.007498    0.054871    0.151856    2.303575 ^ _2070_/X (sky130_fd_sc_hd__a22o_2)
                                                         _0470_ (net)
                      0.054871    0.000169    2.303744 ^ _2071_/A2 (sky130_fd_sc_hd__o21a_2)
     2    0.006635    0.047023    0.122805    2.426548 ^ _2071_/X (sky130_fd_sc_hd__o21a_2)
                                                         _0471_ (net)
                      0.047023    0.000047    2.426596 ^ _2156_/A1 (sky130_fd_sc_hd__mux2_1)
     1    0.002751    0.042427    0.117501    2.544096 ^ _2156_/X (sky130_fd_sc_hd__mux2_1)
                                                         _0343_ (net)
                      0.042427    0.000008    2.544104 ^ _3084_/D (sky130_fd_sc_hd__dfrtp_2)
                                              2.544104   data arrival time

                                  0.000000    0.000000   clock clk (rise edge)
                                  0.000000    0.000000   clock source latency
   185    0.484103    2.154896    1.482896    1.482896 ^ clk (in)
                                                         clk (net)
                      2.154977    0.000000    1.482896 ^ _3084_/CLK (sky130_fd_sc_hd__dfrtp_2)
                                  0.500000    1.982896   clock uncertainty
                                  0.000000    1.982896   clock reconvergence pessimism
                                  0.071365    2.054261   library hold time
                                              2.054261   data required time
---------------------------------------------------------------------------------------------
                                              2.054261   data required time
                                             -2.544104   data arrival time
---------------------------------------------------------------------------------------------
                                              0.489843   slack (MET)


Startpoint: _3082_ (rising edge-triggered flip-flop clocked by clk)
Endpoint: _3082_ (rising edge-triggered flip-flop clocked by clk)
Path Group: clk
Path Type: min

Fanout         Cap        Slew       Delay        Time   Description
---------------------------------------------------------------------------------------------
                                  0.000000    0.000000   clock clk (rise edge)
                                  0.000000    0.000000   clock source latency
   185    0.484103    2.154896    1.477347    1.477347 ^ clk (in)
                                                         clk (net)
                      2.154916    0.000000    1.477347 ^ _3082_/CLK (sky130_fd_sc_hd__dfrtp_2)
    22    0.082033    0.210869    0.849932    2.327280 v _3082_/Q (sky130_fd_sc_hd__dfrtp_2)
                                                         acc_reg[3] (net)
                      0.210869    0.000061    2.327341 v _2158_/A0 (sky130_fd_sc_hd__mux2_1)
     1    0.002238    0.052631    0.337542    2.664882 v _2158_/X (sky130_fd_sc_hd__mux2_1)
                                                         _0341_ (net)
                      0.052631    0.000004    2.664886 v _3082_/D (sky130_fd_sc_hd__dfrtp_2)
                                              2.664886   data arrival time

                                  0.000000    0.000000   clock clk (rise edge)
                                  0.000000    0.000000   clock source latency
   185    0.484103    2.154896    1.477347    1.477347 ^ clk (in)
                                                         clk (net)
                      2.154916    0.000000    1.477347 ^ _3082_/CLK (sky130_fd_sc_hd__dfrtp_2)
                                  0.500000    1.977347   clock uncertainty
                                  0.000000    1.977347   clock reconvergence pessimism
                                  0.189254    2.166601   library hold time
                                              2.166601   data required time
---------------------------------------------------------------------------------------------
                                              2.166601   data required time
                                             -2.664886   data arrival time
---------------------------------------------------------------------------------------------
                                              0.498285   slack (MET)


Startpoint: _3021_ (rising edge-triggered flip-flop clocked by clk)
Endpoint: _3083_ (rising edge-triggered flip-flop clocked by clk)
Path Group: clk
Path Type: min

Fanout         Cap        Slew       Delay        Time   Description
---------------------------------------------------------------------------------------------
                                  0.000000    0.000000   clock clk (rise edge)
                                  0.000000    0.000000   clock source latency
   185    0.484103    2.154896    1.492075    1.492075 ^ clk (in)
                                                         clk (net)
                      2.155170    0.000000    1.492075 ^ _3021_/CLK (sky130_fd_sc_hd__dfrtp_2)
     2    0.008593    0.062839    0.669811    2.161886 ^ _3021_/Q (sky130_fd_sc_hd__dfrtp_2)
                                                         my_sum_sub.result[4] (net)
                      0.062839    0.000071    2.161957 ^ _2076_/B2 (sky130_fd_sc_hd__a22o_2)
     1    0.008481    0.059383    0.149224    2.311181 ^ _2076_/X (sky130_fd_sc_hd__a22o_2)
                                                         _0475_ (net)
                      0.059383    0.000220    2.311401 ^ _2077_/A2 (sky130_fd_sc_hd__o21a_2)
     2    0.007723    0.052201    0.128399    2.439800 ^ _2077_/X (sky130_fd_sc_hd__o21a_2)
                                                         _0476_ (net)
                      0.052201    0.000074    2.439874 ^ _2157_/A1 (sky130_fd_sc_hd__mux2_1)
     1    0.002448    0.040029    0.116867    2.556742 ^ _2157_/X (sky130_fd_sc_hd__mux2_1)
                                                         _0342_ (net)
                      0.040029    0.000005    2.556747 ^ _3083_/D (sky130_fd_sc_hd__dfrtp_2)
                                              2.556747   data arrival time

                                  0.000000    0.000000   clock clk (rise edge)
                                  0.000000    0.000000   clock source latency
   185    0.484103    2.154896    1.477191    1.477191 ^ clk (in)
                                                         clk (net)
                      2.154915    0.000000    1.477191 ^ _3083_/CLK (sky130_fd_sc_hd__dfrtp_2)
                                  0.500000    1.977191   clock uncertainty
                                  0.000000    1.977191   clock reconvergence pessimism
                                  0.071813    2.049004   library hold time
                                              2.049004   data required time
---------------------------------------------------------------------------------------------
                                              2.049004   data required time
                                             -2.556747   data arrival time
---------------------------------------------------------------------------------------------
                                              0.507743   slack (MET)


Startpoint: _3157_ (rising edge-triggered flip-flop clocked by clk)
Endpoint: _3153_ (rising edge-triggered flip-flop clocked by clk)
Path Group: clk
Path Type: min

Fanout         Cap        Slew       Delay        Time   Description
---------------------------------------------------------------------------------------------
                                  0.000000    0.000000   clock clk (rise edge)
                                  0.000000    0.000000   clock source latency
   185    0.484103    2.154896    1.484071    1.484071 ^ clk (in)
                                                         clk (net)
                      2.154995    0.000000    1.484071 ^ _3157_/CLK (sky130_fd_sc_hd__dfrtp_2)
     6    0.014852    0.068016    0.714796    2.198868 v _3157_/Q (sky130_fd_sc_hd__dfrtp_2)
                                                         state[5] (net)
                      0.068016    0.000003    2.198870 v _2122_/C_N (sky130_fd_sc_hd__or3b_2)
    17    0.076112    0.427420    0.472720    2.671590 ^ _2122_/X (sky130_fd_sc_hd__or3b_2)
                                                         _0500_ (net)
                      0.427420    0.000106    2.671696 ^ _2123_/A (sky130_fd_sc_hd__inv_2)
     1    0.001951    0.056599    0.037437    2.709133 v _2123_/Y (sky130_fd_sc_hd__inv_2)
                                                         _0004_ (net)
                      0.056599    0.000000    2.709133 v _3153_/D (sky130_fd_sc_hd__dfrtp_2)
                                              2.709133   data arrival time

                                  0.000000    0.000000   clock clk (rise edge)
                                  0.000000    0.000000   clock source latency
   185    0.484103    2.154896    1.484199    1.484199 ^ clk (in)
                                                         clk (net)
                      2.154997    0.000000    1.484199 ^ _3153_/CLK (sky130_fd_sc_hd__dfrtp_2)
                                  0.500000    1.984199   clock uncertainty
                                  0.000000    1.984199   clock reconvergence pessimism
                                  0.187719    2.171918   library hold time
                                              2.171918   data required time
---------------------------------------------------------------------------------------------
                                              2.171918   data required time
                                             -2.709133   data arrival time
---------------------------------------------------------------------------------------------
                                              0.537215   slack (MET)


Startpoint: _3173_ (rising edge-triggered flip-flop clocked by clk)
Endpoint: _3173_ (rising edge-triggered flip-flop clocked by clk)
Path Group: clk
Path Type: min

Fanout         Cap        Slew       Delay        Time   Description
---------------------------------------------------------------------------------------------
                                  0.000000    0.000000   clock clk (rise edge)
                                  0.000000    0.000000   clock source latency
   185    0.484103    2.154896    1.484547    1.484547 ^ clk (in)
                                                         clk (net)
                      2.155003    0.000000    1.484547 ^ _3173_/CLK (sky130_fd_sc_hd__dfrtp_2)
     5    0.014013    0.085178    0.691916    2.176463 ^ _3173_/Q (sky130_fd_sc_hd__dfrtp_2)
                                                         my_divider.state (net)
                      0.085178    0.000058    2.176522 ^ _2689_/A (sky130_fd_sc_hd__and2_2)
    17    0.057372    0.292481    0.333515    2.510037 ^ _2689_/X (sky130_fd_sc_hd__and2_2)
                                                         _0972_ (net)
                      0.292481    0.000437    2.510474 ^ _2691_/A (sky130_fd_sc_hd__nor2_2)
    16    0.050108    0.151480    0.199573    2.710047 v _2691_/Y (sky130_fd_sc_hd__nor2_2)
                                                         _0974_ (net)
                      0.151480    0.000413    2.710460 v _2692_/A (sky130_fd_sc_hd__inv_2)
     2    0.009972    0.067423    0.106053    2.816512 ^ _2692_/Y (sky130_fd_sc_hd__inv_2)
                                                         my_divider.en_r (net)
                      0.067423    0.000068    2.816581 ^ _3173_/D (sky130_fd_sc_hd__dfrtp_2)
                                              2.816581   data arrival time

                                  0.000000    0.000000   clock clk (rise edge)
                                  0.000000    0.000000   clock source latency
   185    0.484103    2.154896    1.484547    1.484547 ^ clk (in)
                                                         clk (net)
                      2.155003    0.000000    1.484547 ^ _3173_/CLK (sky130_fd_sc_hd__dfrtp_2)
                                  0.500000    1.984547   clock uncertainty
                                  0.000000    1.984547   clock reconvergence pessimism
                                  0.066684    2.051232   library hold time
                                              2.051232   data required time
---------------------------------------------------------------------------------------------
                                              2.051232   data required time
                                             -2.816581   data arrival time
---------------------------------------------------------------------------------------------
                                              0.765349   slack (MET)



