
===========================================================================
report_checks -path_delay min (Hold)
============================================================================
======================= nom_ff_n40C_1v95 Corner ===================================

Startpoint: _3169_ (rising edge-triggered flip-flop clocked by clk)
Endpoint: _3170_ (rising edge-triggered flip-flop clocked by clk)
Path Group: clk
Path Type: min

Fanout         Cap        Slew       Delay        Time   Description
---------------------------------------------------------------------------------------------
                      0.000000    0.000000    0.000000   clock clk (rise edge)
                                  0.000000    0.000000   clock network delay (ideal)
                      0.000000    0.000000    0.000000 ^ _3169_/CLK (sky130_fd_sc_hd__dfrtp_2)
     1    0.002087    0.024174    0.194139    0.194139 ^ _3169_/Q (sky130_fd_sc_hd__dfrtp_2)
                                                         mosi_s0 (net)
                      0.024174    0.000000    0.194139 ^ _3170_/D (sky130_fd_sc_hd__dfrtp_2)
                                              0.194139   data arrival time

                      0.000000    0.000000    0.000000   clock clk (rise edge)
                                  0.000000    0.000000   clock network delay (ideal)
                                  0.500000    0.500000   clock uncertainty
                                  0.000000    0.500000   clock reconvergence pessimism
                                              0.500000 ^ _3170_/CLK (sky130_fd_sc_hd__dfrtp_2)
                                 -0.020056    0.479944   library hold time
                                              0.479944   data required time
---------------------------------------------------------------------------------------------
                                              0.479944   data required time
                                             -0.194139   data arrival time
---------------------------------------------------------------------------------------------
                                             -0.285805   slack (VIOLATED)


Startpoint: _3163_ (rising edge-triggered flip-flop clocked by clk)
Endpoint: _3172_ (rising edge-triggered flip-flop clocked by clk)
Path Group: clk
Path Type: min

Fanout         Cap        Slew       Delay        Time   Description
---------------------------------------------------------------------------------------------
                      0.000000    0.000000    0.000000   clock clk (rise edge)
                                  0.000000    0.000000   clock network delay (ideal)
                      0.000000    0.000000    0.000000 ^ _3163_/CLK (sky130_fd_sc_hd__dfrtp_2)
     1    0.002087    0.024174    0.194139    0.194139 ^ _3163_/Q (sky130_fd_sc_hd__dfrtp_2)
                                                         my_mul.reg1en.d[0] (net)
                      0.024174    0.000000    0.194139 ^ _3172_/D (sky130_fd_sc_hd__dfrtp_2)
                                              0.194139   data arrival time

                      0.000000    0.000000    0.000000   clock clk (rise edge)
                                  0.000000    0.000000   clock network delay (ideal)
                                  0.500000    0.500000   clock uncertainty
                                  0.000000    0.500000   clock reconvergence pessimism
                                              0.500000 ^ _3172_/CLK (sky130_fd_sc_hd__dfrtp_2)
                                 -0.020056    0.479944   library hold time
                                              0.479944   data required time
---------------------------------------------------------------------------------------------
                                              0.479944   data required time
                                             -0.194139   data arrival time
---------------------------------------------------------------------------------------------
                                             -0.285805   slack (VIOLATED)


Startpoint: _3167_ (rising edge-triggered flip-flop clocked by clk)
Endpoint: _3168_ (rising edge-triggered flip-flop clocked by clk)
Path Group: clk
Path Type: min

Fanout         Cap        Slew       Delay        Time   Description
---------------------------------------------------------------------------------------------
                      0.000000    0.000000    0.000000   clock clk (rise edge)
                                  0.000000    0.000000   clock network delay (ideal)
                      0.000000    0.000000    0.000000 ^ _3167_/CLK (sky130_fd_sc_hd__dfstp_2)
     1    0.002259    0.014876    0.209594    0.209594 v _3167_/Q (sky130_fd_sc_hd__dfstp_2)
                                                         ss_s0 (net)
                      0.014876    0.000000    0.209594 v _3168_/D (sky130_fd_sc_hd__dfstp_2)
                                              0.209594   data arrival time

                      0.000000    0.000000    0.000000   clock clk (rise edge)
                                  0.000000    0.000000   clock network delay (ideal)
                                  0.500000    0.500000   clock uncertainty
                                  0.000000    0.500000   clock reconvergence pessimism
                                              0.500000 ^ _3168_/CLK (sky130_fd_sc_hd__dfstp_2)
                                 -0.008748    0.491252   library hold time
                                              0.491252   data required time
---------------------------------------------------------------------------------------------
                                              0.491252   data required time
                                             -0.209594   data arrival time
---------------------------------------------------------------------------------------------
                                             -0.281658   slack (VIOLATED)


Startpoint: _3165_ (rising edge-triggered flip-flop clocked by clk)
Endpoint: _3166_ (rising edge-triggered flip-flop clocked by clk)
Path Group: clk
Path Type: min

Fanout         Cap        Slew       Delay        Time   Description
---------------------------------------------------------------------------------------------
                      0.000000    0.000000    0.000000   clock clk (rise edge)
                                  0.000000    0.000000   clock network delay (ideal)
                      0.000000    0.000000    0.000000 ^ _3165_/CLK (sky130_fd_sc_hd__dfrtp_2)
     3    0.005400    0.035416    0.206311    0.206311 ^ _3165_/Q (sky130_fd_sc_hd__dfrtp_2)
                                                         sclk_s0 (net)
                      0.035416    0.000000    0.206311 ^ _3166_/D (sky130_fd_sc_hd__dfrtp_2)
                                              0.206311   data arrival time

                      0.000000    0.000000    0.000000   clock clk (rise edge)
                                  0.000000    0.000000   clock network delay (ideal)
                                  0.500000    0.500000   clock uncertainty
                                  0.000000    0.500000   clock reconvergence pessimism
                                              0.500000 ^ _3166_/CLK (sky130_fd_sc_hd__dfrtp_2)
                                 -0.020883    0.479117   library hold time
                                              0.479117   data required time
---------------------------------------------------------------------------------------------
                                              0.479117   data required time
                                             -0.206311   data arrival time
---------------------------------------------------------------------------------------------
                                             -0.272806   slack (VIOLATED)


Startpoint: _3161_ (rising edge-triggered flip-flop clocked by clk)
Endpoint: _3171_ (rising edge-triggered flip-flop clocked by clk)
Path Group: clk
Path Type: min

Fanout         Cap        Slew       Delay        Time   Description
---------------------------------------------------------------------------------------------
                      0.000000    0.000000    0.000000   clock clk (rise edge)
                                  0.000000    0.000000   clock network delay (ideal)
                      0.000000    0.000000    0.000000 ^ _3161_/CLK (sky130_fd_sc_hd__dfrtp_2)
     4    0.011852    0.056114    0.225017    0.225017 ^ _3161_/Q (sky130_fd_sc_hd__dfrtp_2)
                                                         my_sum_sub.state[3] (net)
                      0.056114    0.000000    0.225017 ^ _3171_/D (sky130_fd_sc_hd__dfrtp_2)
                                              0.225017   data arrival time

                      0.000000    0.000000    0.000000   clock clk (rise edge)
                                  0.000000    0.000000   clock network delay (ideal)
                                  0.500000    0.500000   clock uncertainty
                                  0.000000    0.500000   clock reconvergence pessimism
                                              0.500000 ^ _3171_/CLK (sky130_fd_sc_hd__dfrtp_2)
                                 -0.022406    0.477594   library hold time
                                              0.477594   data required time
---------------------------------------------------------------------------------------------
                                              0.477594   data required time
                                             -0.225017   data arrival time
---------------------------------------------------------------------------------------------
                                             -0.252577   slack (VIOLATED)


Startpoint: _3170_ (rising edge-triggered flip-flop clocked by clk)
Endpoint: _3126_ (rising edge-triggered flip-flop clocked by clk)
Path Group: clk
Path Type: min

Fanout         Cap        Slew       Delay        Time   Description
---------------------------------------------------------------------------------------------
                      0.000000    0.000000    0.000000   clock clk (rise edge)
                                  0.000000    0.000000   clock network delay (ideal)
                      0.000000    0.000000    0.000000 ^ _3170_/CLK (sky130_fd_sc_hd__dfrtp_2)
     1    0.001695    0.022825    0.192623    0.192623 ^ _3170_/Q (sky130_fd_sc_hd__dfrtp_2)
                                                         mosi_s1 (net)
                      0.022825    0.000000    0.192623 ^ _2105_/A0 (sky130_fd_sc_hd__mux2_1)
     1    0.002087    0.025493    0.065308    0.257931 ^ _2105_/X (sky130_fd_sc_hd__mux2_1)
                                                         _0222_ (net)
                      0.025493    0.000000    0.257931 ^ _3126_/D (sky130_fd_sc_hd__dfrtp_2)
                                              0.257931   data arrival time

                      0.000000    0.000000    0.000000   clock clk (rise edge)
                                  0.000000    0.000000   clock network delay (ideal)
                                  0.500000    0.500000   clock uncertainty
                                  0.000000    0.500000   clock reconvergence pessimism
                                              0.500000 ^ _3126_/CLK (sky130_fd_sc_hd__dfrtp_2)
                                 -0.020153    0.479847   library hold time
                                              0.479847   data required time
---------------------------------------------------------------------------------------------
                                              0.479847   data required time
                                             -0.257931   data arrival time
---------------------------------------------------------------------------------------------
                                             -0.221915   slack (VIOLATED)


Startpoint: _3017_ (rising edge-triggered flip-flop clocked by clk)
Endpoint: _3017_ (rising edge-triggered flip-flop clocked by clk)
Path Group: clk
Path Type: min

Fanout         Cap        Slew       Delay        Time   Description
---------------------------------------------------------------------------------------------
                      0.000000    0.000000    0.000000   clock clk (rise edge)
                                  0.000000    0.000000   clock network delay (ideal)
                      0.000000    0.000000    0.000000 ^ _3017_/CLK (sky130_fd_sc_hd__dfrtp_2)
     2    0.004999    0.034130    0.205148    0.205148 ^ _3017_/Q (sky130_fd_sc_hd__dfrtp_2)
                                                         my_sum_sub.result[0] (net)
                      0.034130    0.000000    0.205148 ^ _2688_/B1 (sky130_fd_sc_hd__a32o_2)
     1    0.002087    0.022545    0.058721    0.263869 ^ _2688_/X (sky130_fd_sc_hd__a32o_2)
                                                         _0276_ (net)
                      0.022545    0.000000    0.263869 ^ _3017_/D (sky130_fd_sc_hd__dfrtp_2)
                                              0.263869   data arrival time

                      0.000000    0.000000    0.000000   clock clk (rise edge)
                                  0.000000    0.000000   clock network delay (ideal)
                                  0.500000    0.500000   clock uncertainty
                                  0.000000    0.500000   clock reconvergence pessimism
                                              0.500000 ^ _3017_/CLK (sky130_fd_sc_hd__dfrtp_2)
                                 -0.019936    0.480064   library hold time
                                              0.480064   data required time
---------------------------------------------------------------------------------------------
                                              0.480064   data required time
                                             -0.263869   data arrival time
---------------------------------------------------------------------------------------------
                                             -0.216194   slack (VIOLATED)


Startpoint: _3018_ (rising edge-triggered flip-flop clocked by clk)
Endpoint: _3018_ (rising edge-triggered flip-flop clocked by clk)
Path Group: clk
Path Type: min

Fanout         Cap        Slew       Delay        Time   Description
---------------------------------------------------------------------------------------------
                      0.000000    0.000000    0.000000   clock clk (rise edge)
                                  0.000000    0.000000   clock network delay (ideal)
                      0.000000    0.000000    0.000000 ^ _3018_/CLK (sky130_fd_sc_hd__dfrtp_2)
     2    0.004999    0.034130    0.205148    0.205148 ^ _3018_/Q (sky130_fd_sc_hd__dfrtp_2)
                                                         my_sum_sub.result[1] (net)
                      0.034130    0.000000    0.205148 ^ _2686_/B1 (sky130_fd_sc_hd__a32o_2)
     1    0.002087    0.022545    0.058721    0.263869 ^ _2686_/X (sky130_fd_sc_hd__a32o_2)
                                                         _0277_ (net)
                      0.022545    0.000000    0.263869 ^ _3018_/D (sky130_fd_sc_hd__dfrtp_2)
                                              0.263869   data arrival time

                      0.000000    0.000000    0.000000   clock clk (rise edge)
                                  0.000000    0.000000   clock network delay (ideal)
                                  0.500000    0.500000   clock uncertainty
                                  0.000000    0.500000   clock reconvergence pessimism
                                              0.500000 ^ _3018_/CLK (sky130_fd_sc_hd__dfrtp_2)
                                 -0.019936    0.480064   library hold time
                                              0.480064   data required time
---------------------------------------------------------------------------------------------
                                              0.480064   data required time
                                             -0.263869   data arrival time
---------------------------------------------------------------------------------------------
                                             -0.216194   slack (VIOLATED)


Startpoint: _3019_ (rising edge-triggered flip-flop clocked by clk)
Endpoint: _3019_ (rising edge-triggered flip-flop clocked by clk)
Path Group: clk
Path Type: min

Fanout         Cap        Slew       Delay        Time   Description
---------------------------------------------------------------------------------------------
                      0.000000    0.000000    0.000000   clock clk (rise edge)
                                  0.000000    0.000000   clock network delay (ideal)
                      0.000000    0.000000    0.000000 ^ _3019_/CLK (sky130_fd_sc_hd__dfrtp_2)
     2    0.004999    0.034130    0.205148    0.205148 ^ _3019_/Q (sky130_fd_sc_hd__dfrtp_2)
                                                         my_sum_sub.result[2] (net)
                      0.034130    0.000000    0.205148 ^ _2684_/B1 (sky130_fd_sc_hd__a32o_2)
     1    0.002087    0.022545    0.058721    0.263869 ^ _2684_/X (sky130_fd_sc_hd__a32o_2)
                                                         _0278_ (net)
                      0.022545    0.000000    0.263869 ^ _3019_/D (sky130_fd_sc_hd__dfrtp_2)
                                              0.263869   data arrival time

                      0.000000    0.000000    0.000000   clock clk (rise edge)
                                  0.000000    0.000000   clock network delay (ideal)
                                  0.500000    0.500000   clock uncertainty
                                  0.000000    0.500000   clock reconvergence pessimism
                                              0.500000 ^ _3019_/CLK (sky130_fd_sc_hd__dfrtp_2)
                                 -0.019936    0.480064   library hold time
                                              0.480064   data required time
---------------------------------------------------------------------------------------------
                                              0.480064   data required time
                                             -0.263869   data arrival time
---------------------------------------------------------------------------------------------
                                             -0.216194   slack (VIOLATED)


Startpoint: _3020_ (rising edge-triggered flip-flop clocked by clk)
Endpoint: _3020_ (rising edge-triggered flip-flop clocked by clk)
Path Group: clk
Path Type: min

Fanout         Cap        Slew       Delay        Time   Description
---------------------------------------------------------------------------------------------
                      0.000000    0.000000    0.000000   clock clk (rise edge)
                                  0.000000    0.000000   clock network delay (ideal)
                      0.000000    0.000000    0.000000 ^ _3020_/CLK (sky130_fd_sc_hd__dfrtp_2)
     2    0.004999    0.034130    0.205148    0.205148 ^ _3020_/Q (sky130_fd_sc_hd__dfrtp_2)
                                                         my_sum_sub.result[3] (net)
                      0.034130    0.000000    0.205148 ^ _2681_/B1 (sky130_fd_sc_hd__a32o_2)
     1    0.002087    0.022545    0.058721    0.263869 ^ _2681_/X (sky130_fd_sc_hd__a32o_2)
                                                         _0279_ (net)
                      0.022545    0.000000    0.263869 ^ _3020_/D (sky130_fd_sc_hd__dfrtp_2)
                                              0.263869   data arrival time

                      0.000000    0.000000    0.000000   clock clk (rise edge)
                                  0.000000    0.000000   clock network delay (ideal)
                                  0.500000    0.500000   clock uncertainty
                                  0.000000    0.500000   clock reconvergence pessimism
                                              0.500000 ^ _3020_/CLK (sky130_fd_sc_hd__dfrtp_2)
                                 -0.019936    0.480064   library hold time
                                              0.480064   data required time
---------------------------------------------------------------------------------------------
                                              0.480064   data required time
                                             -0.263869   data arrival time
---------------------------------------------------------------------------------------------
                                             -0.216194   slack (VIOLATED)


Startpoint: _3021_ (rising edge-triggered flip-flop clocked by clk)
Endpoint: _3021_ (rising edge-triggered flip-flop clocked by clk)
Path Group: clk
Path Type: min

Fanout         Cap        Slew       Delay        Time   Description
---------------------------------------------------------------------------------------------
                      0.000000    0.000000    0.000000   clock clk (rise edge)
                                  0.000000    0.000000   clock network delay (ideal)
                      0.000000    0.000000    0.000000 ^ _3021_/CLK (sky130_fd_sc_hd__dfrtp_2)
     2    0.004999    0.034130    0.205148    0.205148 ^ _3021_/Q (sky130_fd_sc_hd__dfrtp_2)
                                                         my_sum_sub.result[4] (net)
                      0.034130    0.000000    0.205148 ^ _2679_/B1 (sky130_fd_sc_hd__a32o_2)
     1    0.002087    0.022545    0.058721    0.263869 ^ _2679_/X (sky130_fd_sc_hd__a32o_2)
                                                         _0280_ (net)
                      0.022545    0.000000    0.263869 ^ _3021_/D (sky130_fd_sc_hd__dfrtp_2)
                                              0.263869   data arrival time

                      0.000000    0.000000    0.000000   clock clk (rise edge)
                                  0.000000    0.000000   clock network delay (ideal)
                                  0.500000    0.500000   clock uncertainty
                                  0.000000    0.500000   clock reconvergence pessimism
                                              0.500000 ^ _3021_/CLK (sky130_fd_sc_hd__dfrtp_2)
                                 -0.019936    0.480064   library hold time
                                              0.480064   data required time
---------------------------------------------------------------------------------------------
                                              0.480064   data required time
                                             -0.263869   data arrival time
---------------------------------------------------------------------------------------------
                                             -0.216194   slack (VIOLATED)


Startpoint: _3022_ (rising edge-triggered flip-flop clocked by clk)
Endpoint: _3022_ (rising edge-triggered flip-flop clocked by clk)
Path Group: clk
Path Type: min

Fanout         Cap        Slew       Delay        Time   Description
---------------------------------------------------------------------------------------------
                      0.000000    0.000000    0.000000   clock clk (rise edge)
                                  0.000000    0.000000   clock network delay (ideal)
                      0.000000    0.000000    0.000000 ^ _3022_/CLK (sky130_fd_sc_hd__dfrtp_2)
     2    0.004999    0.034130    0.205148    0.205148 ^ _3022_/Q (sky130_fd_sc_hd__dfrtp_2)
                                                         my_sum_sub.result[5] (net)
                      0.034130    0.000000    0.205148 ^ _2676_/B1 (sky130_fd_sc_hd__a32o_2)
     1    0.002087    0.022545    0.058721    0.263869 ^ _2676_/X (sky130_fd_sc_hd__a32o_2)
                                                         _0281_ (net)
                      0.022545    0.000000    0.263869 ^ _3022_/D (sky130_fd_sc_hd__dfrtp_2)
                                              0.263869   data arrival time

                      0.000000    0.000000    0.000000   clock clk (rise edge)
                                  0.000000    0.000000   clock network delay (ideal)
                                  0.500000    0.500000   clock uncertainty
                                  0.000000    0.500000   clock reconvergence pessimism
                                              0.500000 ^ _3022_/CLK (sky130_fd_sc_hd__dfrtp_2)
                                 -0.019936    0.480064   library hold time
                                              0.480064   data required time
---------------------------------------------------------------------------------------------
                                              0.480064   data required time
                                             -0.263869   data arrival time
---------------------------------------------------------------------------------------------
                                             -0.216194   slack (VIOLATED)


Startpoint: _3023_ (rising edge-triggered flip-flop clocked by clk)
Endpoint: _3023_ (rising edge-triggered flip-flop clocked by clk)
Path Group: clk
Path Type: min

Fanout         Cap        Slew       Delay        Time   Description
---------------------------------------------------------------------------------------------
                      0.000000    0.000000    0.000000   clock clk (rise edge)
                                  0.000000    0.000000   clock network delay (ideal)
                      0.000000    0.000000    0.000000 ^ _3023_/CLK (sky130_fd_sc_hd__dfrtp_2)
     2    0.004999    0.034130    0.205148    0.205148 ^ _3023_/Q (sky130_fd_sc_hd__dfrtp_2)
                                                         my_sum_sub.result[6] (net)
                      0.034130    0.000000    0.205148 ^ _2673_/B1 (sky130_fd_sc_hd__a32o_2)
     1    0.002087    0.022545    0.058721    0.263869 ^ _2673_/X (sky130_fd_sc_hd__a32o_2)
                                                         _0282_ (net)
                      0.022545    0.000000    0.263869 ^ _3023_/D (sky130_fd_sc_hd__dfrtp_2)
                                              0.263869   data arrival time

                      0.000000    0.000000    0.000000   clock clk (rise edge)
                                  0.000000    0.000000   clock network delay (ideal)
                                  0.500000    0.500000   clock uncertainty
                                  0.000000    0.500000   clock reconvergence pessimism
                                              0.500000 ^ _3023_/CLK (sky130_fd_sc_hd__dfrtp_2)
                                 -0.019936    0.480064   library hold time
                                              0.480064   data required time
---------------------------------------------------------------------------------------------
                                              0.480064   data required time
                                             -0.263869   data arrival time
---------------------------------------------------------------------------------------------
                                             -0.216194   slack (VIOLATED)


Startpoint: _3069_ (rising edge-triggered flip-flop clocked by clk)
Endpoint: _3032_ (rising edge-triggered flip-flop clocked by clk)
Path Group: clk
Path Type: min

Fanout         Cap        Slew       Delay        Time   Description
---------------------------------------------------------------------------------------------
                      0.000000    0.000000    0.000000   clock clk (rise edge)
                                  0.000000    0.000000   clock network delay (ideal)
                      0.000000    0.000000    0.000000 ^ _3069_/CLK (sky130_fd_sc_hd__dfrtp_2)
     2    0.004213    0.031486    0.202360    0.202360 ^ _3069_/Q (sky130_fd_sc_hd__dfrtp_2)
                                                         my_sum_sub.cm_sign (net)
                      0.031486    0.000000    0.202360 ^ _2660_/B2 (sky130_fd_sc_hd__a22o_2)
     1    0.002087    0.019566    0.065899    0.268259 ^ _2660_/X (sky130_fd_sc_hd__a22o_2)
                                                         _0291_ (net)
                      0.019566    0.000000    0.268259 ^ _3032_/D (sky130_fd_sc_hd__dfrtp_2)
                                              0.268259   data arrival time

                      0.000000    0.000000    0.000000   clock clk (rise edge)
                                  0.000000    0.000000   clock network delay (ideal)
                                  0.500000    0.500000   clock uncertainty
                                  0.000000    0.500000   clock reconvergence pessimism
                                              0.500000 ^ _3032_/CLK (sky130_fd_sc_hd__dfrtp_2)
                                 -0.019717    0.480283   library hold time
                                              0.480283   data required time
---------------------------------------------------------------------------------------------
                                              0.480283   data required time
                                             -0.268259   data arrival time
---------------------------------------------------------------------------------------------
                                             -0.212023   slack (VIOLATED)


Startpoint: _3040_ (rising edge-triggered flip-flop clocked by clk)
Endpoint: _3040_ (rising edge-triggered flip-flop clocked by clk)
Path Group: clk
Path Type: min

Fanout         Cap        Slew       Delay        Time   Description
---------------------------------------------------------------------------------------------
                      0.000000    0.000000    0.000000   clock clk (rise edge)
                                  0.000000    0.000000   clock network delay (ideal)
                      0.000000    0.000000    0.000000 ^ _3040_/CLK (sky130_fd_sc_hd__dfrtp_2)
     2    0.003764    0.029942    0.200624    0.200624 ^ _3040_/Q (sky130_fd_sc_hd__dfrtp_2)
                                                         my_sum_sub.al_exp[7] (net)
                      0.029942    0.000000    0.200624 ^ _2383_/A0 (sky130_fd_sc_hd__mux2_1)
     1    0.002087    0.025489    0.067302    0.267926 ^ _2383_/X (sky130_fd_sc_hd__mux2_1)
                                                         _0299_ (net)
                      0.025489    0.000000    0.267926 ^ _3040_/D (sky130_fd_sc_hd__dfrtp_2)
                                              0.267926   data arrival time

                      0.000000    0.000000    0.000000   clock clk (rise edge)
                                  0.000000    0.000000   clock network delay (ideal)
                                  0.500000    0.500000   clock uncertainty
                                  0.000000    0.500000   clock reconvergence pessimism
                                              0.500000 ^ _3040_/CLK (sky130_fd_sc_hd__dfrtp_2)
                                 -0.020153    0.479847   library hold time
                                              0.479847   data required time
---------------------------------------------------------------------------------------------
                                              0.479847   data required time
                                             -0.267926   data arrival time
---------------------------------------------------------------------------------------------
                                             -0.211921   slack (VIOLATED)


Startpoint: _3040_ (rising edge-triggered flip-flop clocked by clk)
Endpoint: _3077_ (rising edge-triggered flip-flop clocked by clk)
Path Group: clk
Path Type: min

Fanout         Cap        Slew       Delay        Time   Description
---------------------------------------------------------------------------------------------
                      0.000000    0.000000    0.000000   clock clk (rise edge)
                                  0.000000    0.000000   clock network delay (ideal)
                      0.000000    0.000000    0.000000 ^ _3040_/CLK (sky130_fd_sc_hd__dfrtp_2)
     2    0.003764    0.029942    0.200624    0.200624 ^ _3040_/Q (sky130_fd_sc_hd__dfrtp_2)
                                                         my_sum_sub.al_exp[7] (net)
                      0.029942    0.000000    0.200624 ^ _2164_/A1 (sky130_fd_sc_hd__mux2_1)
     1    0.002087    0.025479    0.068821    0.269445 ^ _2164_/X (sky130_fd_sc_hd__mux2_1)
                                                         _0336_ (net)
                      0.025479    0.000000    0.269445 ^ _3077_/D (sky130_fd_sc_hd__dfrtp_2)
                                              0.269445   data arrival time

                      0.000000    0.000000    0.000000   clock clk (rise edge)
                                  0.000000    0.000000   clock network delay (ideal)
                                  0.500000    0.500000   clock uncertainty
                                  0.000000    0.500000   clock reconvergence pessimism
                                              0.500000 ^ _3077_/CLK (sky130_fd_sc_hd__dfrtp_2)
                                 -0.020152    0.479848   library hold time
                                              0.479848   data required time
---------------------------------------------------------------------------------------------
                                              0.479848   data required time
                                             -0.269445   data arrival time
---------------------------------------------------------------------------------------------
                                             -0.210402   slack (VIOLATED)


Startpoint: _3069_ (rising edge-triggered flip-flop clocked by clk)
Endpoint: _3069_ (rising edge-triggered flip-flop clocked by clk)
Path Group: clk
Path Type: min

Fanout         Cap        Slew       Delay        Time   Description
---------------------------------------------------------------------------------------------
                      0.000000    0.000000    0.000000   clock clk (rise edge)
                                  0.000000    0.000000   clock network delay (ideal)
                      0.000000    0.000000    0.000000 ^ _3069_/CLK (sky130_fd_sc_hd__dfrtp_2)
     2    0.004213    0.031486    0.202360    0.202360 ^ _3069_/Q (sky130_fd_sc_hd__dfrtp_2)
                                                         my_sum_sub.cm_sign (net)
                      0.031486    0.000000    0.202360 ^ _2173_/A0 (sky130_fd_sc_hd__mux2_1)
     1    0.002087    0.025487    0.067735    0.270095 ^ _2173_/X (sky130_fd_sc_hd__mux2_1)
                                                         _0328_ (net)
                      0.025487    0.000000    0.270095 ^ _3069_/D (sky130_fd_sc_hd__dfrtp_2)
                                              0.270095   data arrival time

                      0.000000    0.000000    0.000000   clock clk (rise edge)
                                  0.000000    0.000000   clock network delay (ideal)
                                  0.500000    0.500000   clock uncertainty
                                  0.000000    0.500000   clock reconvergence pessimism
                                              0.500000 ^ _3069_/CLK (sky130_fd_sc_hd__dfrtp_2)
                                 -0.020153    0.479847   library hold time
                                              0.479847   data required time
---------------------------------------------------------------------------------------------
                                              0.479847   data required time
                                             -0.270095   data arrival time
---------------------------------------------------------------------------------------------
                                             -0.209752   slack (VIOLATED)


Startpoint: _3016_ (rising edge-triggered flip-flop clocked by clk)
Endpoint: _3016_ (rising edge-triggered flip-flop clocked by clk)
Path Group: clk
Path Type: min

Fanout         Cap        Slew       Delay        Time   Description
---------------------------------------------------------------------------------------------
                      0.000000    0.000000    0.000000   clock clk (rise edge)
                                  0.000000    0.000000   clock network delay (ideal)
                      0.000000    0.000000    0.000000 ^ _3016_/CLK (sky130_fd_sc_hd__dfrtp_2)
     2    0.004987    0.034091    0.205113    0.205113 ^ _3016_/Q (sky130_fd_sc_hd__dfrtp_2)
                                                         div_quotient[6] (net)
                      0.034091    0.000000    0.205113 ^ _2693_/B2 (sky130_fd_sc_hd__a22o_2)
     1    0.002087    0.019562    0.066541    0.271654 ^ _2693_/X (sky130_fd_sc_hd__a22o_2)
                                                         _0275_ (net)
                      0.019562    0.000000    0.271654 ^ _3016_/D (sky130_fd_sc_hd__dfrtp_2)
                                              0.271654   data arrival time

                      0.000000    0.000000    0.000000   clock clk (rise edge)
                                  0.000000    0.000000   clock network delay (ideal)
                                  0.500000    0.500000   clock uncertainty
                                  0.000000    0.500000   clock reconvergence pessimism
                                              0.500000 ^ _3016_/CLK (sky130_fd_sc_hd__dfrtp_2)
                                 -0.019717    0.480283   library hold time
                                              0.480283   data required time
---------------------------------------------------------------------------------------------
                                              0.480283   data required time
                                             -0.271654   data arrival time
---------------------------------------------------------------------------------------------
                                             -0.208629   slack (VIOLATED)


Startpoint: _3127_ (rising edge-triggered flip-flop clocked by clk)
Endpoint: _3127_ (rising edge-triggered flip-flop clocked by clk)
Path Group: clk
Path Type: min

Fanout         Cap        Slew       Delay        Time   Description
---------------------------------------------------------------------------------------------
                      0.000000    0.000000    0.000000   clock clk (rise edge)
                                  0.000000    0.000000   clock network delay (ideal)
                      0.000000    0.000000    0.000000 ^ _3127_/CLK (sky130_fd_sc_hd__dfrtp_2)
     2    0.004843    0.033629    0.204696    0.204696 ^ _3127_/Q (sky130_fd_sc_hd__dfrtp_2)
                                                         shift_out[0] (net)
                      0.033629    0.000000    0.204696 ^ _2103_/A1 (sky130_fd_sc_hd__o22a_2)
     1    0.002087    0.017082    0.067488    0.272184 ^ _2103_/X (sky130_fd_sc_hd__o22a_2)
                                                         _0223_ (net)
                      0.017082    0.000000    0.272184 ^ _3127_/D (sky130_fd_sc_hd__dfrtp_2)
                                              0.272184   data arrival time

                      0.000000    0.000000    0.000000   clock clk (rise edge)
                                  0.000000    0.000000   clock network delay (ideal)
                                  0.500000    0.500000   clock uncertainty
                                  0.000000    0.500000   clock reconvergence pessimism
                                              0.500000 ^ _3127_/CLK (sky130_fd_sc_hd__dfrtp_2)
                                 -0.019534    0.480466   library hold time
                                              0.480466   data required time
---------------------------------------------------------------------------------------------
                                              0.480466   data required time
                                             -0.272184   data arrival time
---------------------------------------------------------------------------------------------
                                             -0.208281   slack (VIOLATED)


Startpoint: _3128_ (rising edge-triggered flip-flop clocked by clk)
Endpoint: _3128_ (rising edge-triggered flip-flop clocked by clk)
Path Group: clk
Path Type: min

Fanout         Cap        Slew       Delay        Time   Description
---------------------------------------------------------------------------------------------
                      0.000000    0.000000    0.000000   clock clk (rise edge)
                                  0.000000    0.000000   clock network delay (ideal)
                      0.000000    0.000000    0.000000 ^ _3128_/CLK (sky130_fd_sc_hd__dfrtp_2)
     2    0.004918    0.033870    0.204913    0.204913 ^ _3128_/Q (sky130_fd_sc_hd__dfrtp_2)
                                                         shift_out[1] (net)
                      0.033870    0.000000    0.204913 ^ _2097_/A1 (sky130_fd_sc_hd__o22a_2)
     1    0.002087    0.017082    0.067557    0.272471 ^ _2097_/X (sky130_fd_sc_hd__o22a_2)
                                                         _0224_ (net)
                      0.017082    0.000000    0.272471 ^ _3128_/D (sky130_fd_sc_hd__dfrtp_2)
                                              0.272471   data arrival time

                      0.000000    0.000000    0.000000   clock clk (rise edge)
                                  0.000000    0.000000   clock network delay (ideal)
                                  0.500000    0.500000   clock uncertainty
                                  0.000000    0.500000   clock reconvergence pessimism
                                              0.500000 ^ _3128_/CLK (sky130_fd_sc_hd__dfrtp_2)
                                 -0.019534    0.480466   library hold time
                                              0.480466   data required time
---------------------------------------------------------------------------------------------
                                              0.480466   data required time
                                             -0.272471   data arrival time
---------------------------------------------------------------------------------------------
                                             -0.207995   slack (VIOLATED)


Startpoint: _3129_ (rising edge-triggered flip-flop clocked by clk)
Endpoint: _3129_ (rising edge-triggered flip-flop clocked by clk)
Path Group: clk
Path Type: min

Fanout         Cap        Slew       Delay        Time   Description
---------------------------------------------------------------------------------------------
                      0.000000    0.000000    0.000000   clock clk (rise edge)
                                  0.000000    0.000000   clock network delay (ideal)
                      0.000000    0.000000    0.000000 ^ _3129_/CLK (sky130_fd_sc_hd__dfrtp_2)
     2    0.004918    0.033870    0.204913    0.204913 ^ _3129_/Q (sky130_fd_sc_hd__dfrtp_2)
                                                         shift_out[2] (net)
                      0.033870    0.000000    0.204913 ^ _2091_/A1 (sky130_fd_sc_hd__o22a_2)
     1    0.002087    0.017082    0.067557    0.272471 ^ _2091_/X (sky130_fd_sc_hd__o22a_2)
                                                         _0225_ (net)
                      0.017082    0.000000    0.272471 ^ _3129_/D (sky130_fd_sc_hd__dfrtp_2)
                                              0.272471   data arrival time

                      0.000000    0.000000    0.000000   clock clk (rise edge)
                                  0.000000    0.000000   clock network delay (ideal)
                                  0.500000    0.500000   clock uncertainty
                                  0.000000    0.500000   clock reconvergence pessimism
                                              0.500000 ^ _3129_/CLK (sky130_fd_sc_hd__dfrtp_2)
                                 -0.019534    0.480466   library hold time
                                              0.480466   data required time
---------------------------------------------------------------------------------------------
                                              0.480466   data required time
                                             -0.272471   data arrival time
---------------------------------------------------------------------------------------------
                                             -0.207995   slack (VIOLATED)


Startpoint: _3130_ (rising edge-triggered flip-flop clocked by clk)
Endpoint: _3130_ (rising edge-triggered flip-flop clocked by clk)
Path Group: clk
Path Type: min

Fanout         Cap        Slew       Delay        Time   Description
---------------------------------------------------------------------------------------------
                      0.000000    0.000000    0.000000   clock clk (rise edge)
                                  0.000000    0.000000   clock network delay (ideal)
                      0.000000    0.000000    0.000000 ^ _3130_/CLK (sky130_fd_sc_hd__dfrtp_2)
     2    0.004918    0.033870    0.204913    0.204913 ^ _3130_/Q (sky130_fd_sc_hd__dfrtp_2)
                                                         shift_out[3] (net)
                      0.033870    0.000000    0.204913 ^ _2085_/A1 (sky130_fd_sc_hd__o22a_2)
     1    0.002087    0.017082    0.067557    0.272471 ^ _2085_/X (sky130_fd_sc_hd__o22a_2)
                                                         _0226_ (net)
                      0.017082    0.000000    0.272471 ^ _3130_/D (sky130_fd_sc_hd__dfrtp_2)
                                              0.272471   data arrival time

                      0.000000    0.000000    0.000000   clock clk (rise edge)
                                  0.000000    0.000000   clock network delay (ideal)
                                  0.500000    0.500000   clock uncertainty
                                  0.000000    0.500000   clock reconvergence pessimism
                                              0.500000 ^ _3130_/CLK (sky130_fd_sc_hd__dfrtp_2)
                                 -0.019534    0.480466   library hold time
                                              0.480466   data required time
---------------------------------------------------------------------------------------------
                                              0.480466   data required time
                                             -0.272471   data arrival time
---------------------------------------------------------------------------------------------
                                             -0.207995   slack (VIOLATED)


Startpoint: _3131_ (rising edge-triggered flip-flop clocked by clk)
Endpoint: _3131_ (rising edge-triggered flip-flop clocked by clk)
Path Group: clk
Path Type: min

Fanout         Cap        Slew       Delay        Time   Description
---------------------------------------------------------------------------------------------
                      0.000000    0.000000    0.000000   clock clk (rise edge)
                                  0.000000    0.000000   clock network delay (ideal)
                      0.000000    0.000000    0.000000 ^ _3131_/CLK (sky130_fd_sc_hd__dfrtp_2)
     2    0.004918    0.033870    0.204913    0.204913 ^ _3131_/Q (sky130_fd_sc_hd__dfrtp_2)
                                                         shift_out[4] (net)
                      0.033870    0.000000    0.204913 ^ _2079_/A1 (sky130_fd_sc_hd__o22a_2)
     1    0.002087    0.017082    0.067557    0.272471 ^ _2079_/X (sky130_fd_sc_hd__o22a_2)
                                                         _0227_ (net)
                      0.017082    0.000000    0.272471 ^ _3131_/D (sky130_fd_sc_hd__dfrtp_2)
                                              0.272471   data arrival time

                      0.000000    0.000000    0.000000   clock clk (rise edge)
                                  0.000000    0.000000   clock network delay (ideal)
                                  0.500000    0.500000   clock uncertainty
                                  0.000000    0.500000   clock reconvergence pessimism
                                              0.500000 ^ _3131_/CLK (sky130_fd_sc_hd__dfrtp_2)
                                 -0.019534    0.480466   library hold time
                                              0.480466   data required time
---------------------------------------------------------------------------------------------
                                              0.480466   data required time
                                             -0.272471   data arrival time
---------------------------------------------------------------------------------------------
                                             -0.207995   slack (VIOLATED)


Startpoint: _3132_ (rising edge-triggered flip-flop clocked by clk)
Endpoint: _3132_ (rising edge-triggered flip-flop clocked by clk)
Path Group: clk
Path Type: min

Fanout         Cap        Slew       Delay        Time   Description
---------------------------------------------------------------------------------------------
                      0.000000    0.000000    0.000000   clock clk (rise edge)
                                  0.000000    0.000000   clock network delay (ideal)
                      0.000000    0.000000    0.000000 ^ _3132_/CLK (sky130_fd_sc_hd__dfrtp_2)
     2    0.004918    0.033870    0.204913    0.204913 ^ _3132_/Q (sky130_fd_sc_hd__dfrtp_2)
                                                         shift_out[5] (net)
                      0.033870    0.000000    0.204913 ^ _2073_/A1 (sky130_fd_sc_hd__o22a_2)
     1    0.002087    0.017082    0.067557    0.272471 ^ _2073_/X (sky130_fd_sc_hd__o22a_2)
                                                         _0228_ (net)
                      0.017082    0.000000    0.272471 ^ _3132_/D (sky130_fd_sc_hd__dfrtp_2)
                                              0.272471   data arrival time

                      0.000000    0.000000    0.000000   clock clk (rise edge)
                                  0.000000    0.000000   clock network delay (ideal)
                                  0.500000    0.500000   clock uncertainty
                                  0.000000    0.500000   clock reconvergence pessimism
                                              0.500000 ^ _3132_/CLK (sky130_fd_sc_hd__dfrtp_2)
                                 -0.019534    0.480466   library hold time
                                              0.480466   data required time
---------------------------------------------------------------------------------------------
                                              0.480466   data required time
                                             -0.272471   data arrival time
---------------------------------------------------------------------------------------------
                                             -0.207995   slack (VIOLATED)


Startpoint: _3133_ (rising edge-triggered flip-flop clocked by clk)
Endpoint: _3133_ (rising edge-triggered flip-flop clocked by clk)
Path Group: clk
Path Type: min

Fanout         Cap        Slew       Delay        Time   Description
---------------------------------------------------------------------------------------------
                      0.000000    0.000000    0.000000   clock clk (rise edge)
                                  0.000000    0.000000   clock network delay (ideal)
                      0.000000    0.000000    0.000000 ^ _3133_/CLK (sky130_fd_sc_hd__dfrtp_2)
     2    0.004918    0.033870    0.204913    0.204913 ^ _3133_/Q (sky130_fd_sc_hd__dfrtp_2)
                                                         shift_out[6] (net)
                      0.033870    0.000000    0.204913 ^ _2067_/A1 (sky130_fd_sc_hd__o22a_2)
     1    0.002087    0.017082    0.067557    0.272471 ^ _2067_/X (sky130_fd_sc_hd__o22a_2)
                                                         _0229_ (net)
                      0.017082    0.000000    0.272471 ^ _3133_/D (sky130_fd_sc_hd__dfrtp_2)
                                              0.272471   data arrival time

                      0.000000    0.000000    0.000000   clock clk (rise edge)
                                  0.000000    0.000000   clock network delay (ideal)
                                  0.500000    0.500000   clock uncertainty
                                  0.000000    0.500000   clock reconvergence pessimism
                                              0.500000 ^ _3133_/CLK (sky130_fd_sc_hd__dfrtp_2)
                                 -0.019534    0.480466   library hold time
                                              0.480466   data required time
---------------------------------------------------------------------------------------------
                                              0.480466   data required time
                                             -0.272471   data arrival time
---------------------------------------------------------------------------------------------
                                             -0.207995   slack (VIOLATED)


Startpoint: _3134_ (rising edge-triggered flip-flop clocked by clk)
Endpoint: _3134_ (rising edge-triggered flip-flop clocked by clk)
Path Group: clk
Path Type: min

Fanout         Cap        Slew       Delay        Time   Description
---------------------------------------------------------------------------------------------
                      0.000000    0.000000    0.000000   clock clk (rise edge)
                                  0.000000    0.000000   clock network delay (ideal)
                      0.000000    0.000000    0.000000 ^ _3134_/CLK (sky130_fd_sc_hd__dfrtp_2)
     2    0.004918    0.033870    0.204913    0.204913 ^ _3134_/Q (sky130_fd_sc_hd__dfrtp_2)
                                                         shift_out[7] (net)
                      0.033870    0.000000    0.204913 ^ _2056_/A1 (sky130_fd_sc_hd__o22a_2)
     1    0.002087    0.017082    0.067557    0.272471 ^ _2056_/X (sky130_fd_sc_hd__o22a_2)
                                                         _0230_ (net)
                      0.017082    0.000000    0.272471 ^ _3134_/D (sky130_fd_sc_hd__dfrtp_2)
                                              0.272471   data arrival time

                      0.000000    0.000000    0.000000   clock clk (rise edge)
                                  0.000000    0.000000   clock network delay (ideal)
                                  0.500000    0.500000   clock uncertainty
                                  0.000000    0.500000   clock reconvergence pessimism
                                              0.500000 ^ _3134_/CLK (sky130_fd_sc_hd__dfrtp_2)
                                 -0.019534    0.480466   library hold time
                                              0.480466   data required time
---------------------------------------------------------------------------------------------
                                              0.480466   data required time
                                             -0.272471   data arrival time
---------------------------------------------------------------------------------------------
                                             -0.207995   slack (VIOLATED)


Startpoint: _3135_ (rising edge-triggered flip-flop clocked by clk)
Endpoint: _3135_ (rising edge-triggered flip-flop clocked by clk)
Path Group: clk
Path Type: min

Fanout         Cap        Slew       Delay        Time   Description
---------------------------------------------------------------------------------------------
                      0.000000    0.000000    0.000000   clock clk (rise edge)
                                  0.000000    0.000000   clock network delay (ideal)
                      0.000000    0.000000    0.000000 ^ _3135_/CLK (sky130_fd_sc_hd__dfrtp_2)
     2    0.004918    0.033870    0.204913    0.204913 ^ _3135_/Q (sky130_fd_sc_hd__dfrtp_2)
                                                         shift_out[8] (net)
                      0.033870    0.000000    0.204913 ^ _2050_/A1 (sky130_fd_sc_hd__o22a_2)
     1    0.002087    0.017082    0.067557    0.272471 ^ _2050_/X (sky130_fd_sc_hd__o22a_2)
                                                         _0231_ (net)
                      0.017082    0.000000    0.272471 ^ _3135_/D (sky130_fd_sc_hd__dfrtp_2)
                                              0.272471   data arrival time

                      0.000000    0.000000    0.000000   clock clk (rise edge)
                                  0.000000    0.000000   clock network delay (ideal)
                                  0.500000    0.500000   clock uncertainty
                                  0.000000    0.500000   clock reconvergence pessimism
                                              0.500000 ^ _3135_/CLK (sky130_fd_sc_hd__dfrtp_2)
                                 -0.019534    0.480466   library hold time
                                              0.480466   data required time
---------------------------------------------------------------------------------------------
                                              0.480466   data required time
                                             -0.272471   data arrival time
---------------------------------------------------------------------------------------------
                                             -0.207995   slack (VIOLATED)


Startpoint: _3136_ (rising edge-triggered flip-flop clocked by clk)
Endpoint: _3136_ (rising edge-triggered flip-flop clocked by clk)
Path Group: clk
Path Type: min

Fanout         Cap        Slew       Delay        Time   Description
---------------------------------------------------------------------------------------------
                      0.000000    0.000000    0.000000   clock clk (rise edge)
                                  0.000000    0.000000   clock network delay (ideal)
                      0.000000    0.000000    0.000000 ^ _3136_/CLK (sky130_fd_sc_hd__dfrtp_2)
     2    0.004918    0.033870    0.204913    0.204913 ^ _3136_/Q (sky130_fd_sc_hd__dfrtp_2)
                                                         shift_out[9] (net)
                      0.033870    0.000000    0.204913 ^ _2043_/A1 (sky130_fd_sc_hd__o22a_2)
     1    0.002087    0.017082    0.067557    0.272471 ^ _2043_/X (sky130_fd_sc_hd__o22a_2)
                                                         _0232_ (net)
                      0.017082    0.000000    0.272471 ^ _3136_/D (sky130_fd_sc_hd__dfrtp_2)
                                              0.272471   data arrival time

                      0.000000    0.000000    0.000000   clock clk (rise edge)
                                  0.000000    0.000000   clock network delay (ideal)
                                  0.500000    0.500000   clock uncertainty
                                  0.000000    0.500000   clock reconvergence pessimism
                                              0.500000 ^ _3136_/CLK (sky130_fd_sc_hd__dfrtp_2)
                                 -0.019534    0.480466   library hold time
                                              0.480466   data required time
---------------------------------------------------------------------------------------------
                                              0.480466   data required time
                                             -0.272471   data arrival time
---------------------------------------------------------------------------------------------
                                             -0.207995   slack (VIOLATED)


Startpoint: _3137_ (rising edge-triggered flip-flop clocked by clk)
Endpoint: _3137_ (rising edge-triggered flip-flop clocked by clk)
Path Group: clk
Path Type: min

Fanout         Cap        Slew       Delay        Time   Description
---------------------------------------------------------------------------------------------
                      0.000000    0.000000    0.000000   clock clk (rise edge)
                                  0.000000    0.000000   clock network delay (ideal)
                      0.000000    0.000000    0.000000 ^ _3137_/CLK (sky130_fd_sc_hd__dfrtp_2)
     2    0.004918    0.033870    0.204913    0.204913 ^ _3137_/Q (sky130_fd_sc_hd__dfrtp_2)
                                                         shift_out[10] (net)
                      0.033870    0.000000    0.204913 ^ _2036_/A1 (sky130_fd_sc_hd__o22a_2)
     1    0.002087    0.017082    0.067557    0.272471 ^ _2036_/X (sky130_fd_sc_hd__o22a_2)
                                                         _0233_ (net)
                      0.017082    0.000000    0.272471 ^ _3137_/D (sky130_fd_sc_hd__dfrtp_2)
                                              0.272471   data arrival time

                      0.000000    0.000000    0.000000   clock clk (rise edge)
                                  0.000000    0.000000   clock network delay (ideal)
                                  0.500000    0.500000   clock uncertainty
                                  0.000000    0.500000   clock reconvergence pessimism
                                              0.500000 ^ _3137_/CLK (sky130_fd_sc_hd__dfrtp_2)
                                 -0.019534    0.480466   library hold time
                                              0.480466   data required time
---------------------------------------------------------------------------------------------
                                              0.480466   data required time
                                             -0.272471   data arrival time
---------------------------------------------------------------------------------------------
                                             -0.207995   slack (VIOLATED)


Startpoint: _3138_ (rising edge-triggered flip-flop clocked by clk)
Endpoint: _3138_ (rising edge-triggered flip-flop clocked by clk)
Path Group: clk
Path Type: min

Fanout         Cap        Slew       Delay        Time   Description
---------------------------------------------------------------------------------------------
                      0.000000    0.000000    0.000000   clock clk (rise edge)
                                  0.000000    0.000000   clock network delay (ideal)
                      0.000000    0.000000    0.000000 ^ _3138_/CLK (sky130_fd_sc_hd__dfrtp_2)
     2    0.004918    0.033870    0.204913    0.204913 ^ _3138_/Q (sky130_fd_sc_hd__dfrtp_2)
                                                         shift_out[11] (net)
                      0.033870    0.000000    0.204913 ^ _2029_/A1 (sky130_fd_sc_hd__o22a_2)
     1    0.002087    0.017082    0.067557    0.272471 ^ _2029_/X (sky130_fd_sc_hd__o22a_2)
                                                         _0234_ (net)
                      0.017082    0.000000    0.272471 ^ _3138_/D (sky130_fd_sc_hd__dfrtp_2)
                                              0.272471   data arrival time

                      0.000000    0.000000    0.000000   clock clk (rise edge)
                                  0.000000    0.000000   clock network delay (ideal)
                                  0.500000    0.500000   clock uncertainty
                                  0.000000    0.500000   clock reconvergence pessimism
                                              0.500000 ^ _3138_/CLK (sky130_fd_sc_hd__dfrtp_2)
                                 -0.019534    0.480466   library hold time
                                              0.480466   data required time
---------------------------------------------------------------------------------------------
                                              0.480466   data required time
                                             -0.272471   data arrival time
---------------------------------------------------------------------------------------------
                                             -0.207995   slack (VIOLATED)


Startpoint: _3139_ (rising edge-triggered flip-flop clocked by clk)
Endpoint: _3139_ (rising edge-triggered flip-flop clocked by clk)
Path Group: clk
Path Type: min

Fanout         Cap        Slew       Delay        Time   Description
---------------------------------------------------------------------------------------------
                      0.000000    0.000000    0.000000   clock clk (rise edge)
                                  0.000000    0.000000   clock network delay (ideal)
                      0.000000    0.000000    0.000000 ^ _3139_/CLK (sky130_fd_sc_hd__dfrtp_2)
     2    0.004918    0.033870    0.204913    0.204913 ^ _3139_/Q (sky130_fd_sc_hd__dfrtp_2)
                                                         shift_out[12] (net)
                      0.033870    0.000000    0.204913 ^ _2021_/A1 (sky130_fd_sc_hd__o22a_2)
     1    0.002087    0.017082    0.067557    0.272471 ^ _2021_/X (sky130_fd_sc_hd__o22a_2)
                                                         _0235_ (net)
                      0.017082    0.000000    0.272471 ^ _3139_/D (sky130_fd_sc_hd__dfrtp_2)
                                              0.272471   data arrival time

                      0.000000    0.000000    0.000000   clock clk (rise edge)
                                  0.000000    0.000000   clock network delay (ideal)
                                  0.500000    0.500000   clock uncertainty
                                  0.000000    0.500000   clock reconvergence pessimism
                                              0.500000 ^ _3139_/CLK (sky130_fd_sc_hd__dfrtp_2)
                                 -0.019534    0.480466   library hold time
                                              0.480466   data required time
---------------------------------------------------------------------------------------------
                                              0.480466   data required time
                                             -0.272471   data arrival time
---------------------------------------------------------------------------------------------
                                             -0.207995   slack (VIOLATED)


Startpoint: _3140_ (rising edge-triggered flip-flop clocked by clk)
Endpoint: _3140_ (rising edge-triggered flip-flop clocked by clk)
Path Group: clk
Path Type: min

Fanout         Cap        Slew       Delay        Time   Description
---------------------------------------------------------------------------------------------
                      0.000000    0.000000    0.000000   clock clk (rise edge)
                                  0.000000    0.000000   clock network delay (ideal)
                      0.000000    0.000000    0.000000 ^ _3140_/CLK (sky130_fd_sc_hd__dfrtp_2)
     2    0.004918    0.033870    0.204913    0.204913 ^ _3140_/Q (sky130_fd_sc_hd__dfrtp_2)
                                                         shift_out[13] (net)
                      0.033870    0.000000    0.204913 ^ _2012_/A1 (sky130_fd_sc_hd__o22a_2)
     1    0.002087    0.017082    0.067557    0.272471 ^ _2012_/X (sky130_fd_sc_hd__o22a_2)
                                                         _0236_ (net)
                      0.017082    0.000000    0.272471 ^ _3140_/D (sky130_fd_sc_hd__dfrtp_2)
                                              0.272471   data arrival time

                      0.000000    0.000000    0.000000   clock clk (rise edge)
                                  0.000000    0.000000   clock network delay (ideal)
                                  0.500000    0.500000   clock uncertainty
                                  0.000000    0.500000   clock reconvergence pessimism
                                              0.500000 ^ _3140_/CLK (sky130_fd_sc_hd__dfrtp_2)
                                 -0.019534    0.480466   library hold time
                                              0.480466   data required time
---------------------------------------------------------------------------------------------
                                              0.480466   data required time
                                             -0.272471   data arrival time
---------------------------------------------------------------------------------------------
                                             -0.207995   slack (VIOLATED)


Startpoint: _3141_ (rising edge-triggered flip-flop clocked by clk)
Endpoint: _3141_ (rising edge-triggered flip-flop clocked by clk)
Path Group: clk
Path Type: min

Fanout         Cap        Slew       Delay        Time   Description
---------------------------------------------------------------------------------------------
                      0.000000    0.000000    0.000000   clock clk (rise edge)
                                  0.000000    0.000000   clock network delay (ideal)
                      0.000000    0.000000    0.000000 ^ _3141_/CLK (sky130_fd_sc_hd__dfrtp_2)
     2    0.004918    0.033870    0.204913    0.204913 ^ _3141_/Q (sky130_fd_sc_hd__dfrtp_2)
                                                         shift_out[14] (net)
                      0.033870    0.000000    0.204913 ^ _2005_/A1 (sky130_fd_sc_hd__o22a_2)
     1    0.002087    0.017082    0.067557    0.272471 ^ _2005_/X (sky130_fd_sc_hd__o22a_2)
                                                         _0237_ (net)
                      0.017082    0.000000    0.272471 ^ _3141_/D (sky130_fd_sc_hd__dfrtp_2)
                                              0.272471   data arrival time

                      0.000000    0.000000    0.000000   clock clk (rise edge)
                                  0.000000    0.000000   clock network delay (ideal)
                                  0.500000    0.500000   clock uncertainty
                                  0.000000    0.500000   clock reconvergence pessimism
                                              0.500000 ^ _3141_/CLK (sky130_fd_sc_hd__dfrtp_2)
                                 -0.019534    0.480466   library hold time
                                              0.480466   data required time
---------------------------------------------------------------------------------------------
                                              0.480466   data required time
                                             -0.272471   data arrival time
---------------------------------------------------------------------------------------------
                                             -0.207995   slack (VIOLATED)


Startpoint: _3038_ (rising edge-triggered flip-flop clocked by clk)
Endpoint: _3075_ (rising edge-triggered flip-flop clocked by clk)
Path Group: clk
Path Type: min

Fanout         Cap        Slew       Delay        Time   Description
---------------------------------------------------------------------------------------------
                      0.000000    0.000000    0.000000   clock clk (rise edge)
                                  0.000000    0.000000   clock network delay (ideal)
                      0.000000    0.000000    0.000000 ^ _3038_/CLK (sky130_fd_sc_hd__dfrtp_2)
     2    0.004538    0.032604    0.203617    0.203617 ^ _3038_/Q (sky130_fd_sc_hd__dfrtp_2)
                                                         my_sum_sub.al_exp[5] (net)
                      0.032604    0.000000    0.203617 ^ _2166_/A1 (sky130_fd_sc_hd__mux2_1)
     1    0.002087    0.025471    0.069564    0.273181 ^ _2166_/X (sky130_fd_sc_hd__mux2_1)
                                                         _0334_ (net)
                      0.025471    0.000000    0.273181 ^ _3075_/D (sky130_fd_sc_hd__dfrtp_2)
                                              0.273181   data arrival time

                      0.000000    0.000000    0.000000   clock clk (rise edge)
                                  0.000000    0.000000   clock network delay (ideal)
                                  0.500000    0.500000   clock uncertainty
                                  0.000000    0.500000   clock reconvergence pessimism
                                              0.500000 ^ _3075_/CLK (sky130_fd_sc_hd__dfrtp_2)
                                 -0.020152    0.479848   library hold time
                                              0.479848   data required time
---------------------------------------------------------------------------------------------
                                              0.479848   data required time
                                             -0.273181   data arrival time
---------------------------------------------------------------------------------------------
                                             -0.206667   slack (VIOLATED)


Startpoint: _3033_ (rising edge-triggered flip-flop clocked by clk)
Endpoint: _3070_ (rising edge-triggered flip-flop clocked by clk)
Path Group: clk
Path Type: min

Fanout         Cap        Slew       Delay        Time   Description
---------------------------------------------------------------------------------------------
                      0.000000    0.000000    0.000000   clock clk (rise edge)
                                  0.000000    0.000000   clock network delay (ideal)
                      0.000000    0.000000    0.000000 ^ _3033_/CLK (sky130_fd_sc_hd__dfrtp_2)
     2    0.004536    0.032597    0.203609    0.203609 ^ _3033_/Q (sky130_fd_sc_hd__dfrtp_2)
                                                         my_sum_sub.al_exp[0] (net)
                      0.032597    0.000000    0.203609 ^ _2171_/A1 (sky130_fd_sc_hd__mux2_1)
     1    0.002087    0.025737    0.069562    0.273171 ^ _2171_/X (sky130_fd_sc_hd__mux2_1)
                                                         _0329_ (net)
                      0.025737    0.000000    0.273171 ^ _3070_/D (sky130_fd_sc_hd__dfrtp_2)
                                              0.273171   data arrival time

                      0.000000    0.000000    0.000000   clock clk (rise edge)
                                  0.000000    0.000000   clock network delay (ideal)
                                  0.500000    0.500000   clock uncertainty
                                  0.000000    0.500000   clock reconvergence pessimism
                                              0.500000 ^ _3070_/CLK (sky130_fd_sc_hd__dfrtp_2)
                                 -0.020171    0.479829   library hold time
                                              0.479829   data required time
---------------------------------------------------------------------------------------------
                                              0.479829   data required time
                                             -0.273171   data arrival time
---------------------------------------------------------------------------------------------
                                             -0.206657   slack (VIOLATED)


Startpoint: _3036_ (rising edge-triggered flip-flop clocked by clk)
Endpoint: _3073_ (rising edge-triggered flip-flop clocked by clk)
Path Group: clk
Path Type: min

Fanout         Cap        Slew       Delay        Time   Description
---------------------------------------------------------------------------------------------
                      0.000000    0.000000    0.000000   clock clk (rise edge)
                                  0.000000    0.000000   clock network delay (ideal)
                      0.000000    0.000000    0.000000 ^ _3036_/CLK (sky130_fd_sc_hd__dfrtp_2)
     2    0.004536    0.032597    0.203609    0.203609 ^ _3036_/Q (sky130_fd_sc_hd__dfrtp_2)
                                                         my_sum_sub.al_exp[3] (net)
                      0.032597    0.000000    0.203609 ^ _2168_/A1 (sky130_fd_sc_hd__mux2_1)
     1    0.002087    0.025737    0.069562    0.273171 ^ _2168_/X (sky130_fd_sc_hd__mux2_1)
                                                         _0332_ (net)
                      0.025737    0.000000    0.273171 ^ _3073_/D (sky130_fd_sc_hd__dfrtp_2)
                                              0.273171   data arrival time

                      0.000000    0.000000    0.000000   clock clk (rise edge)
                                  0.000000    0.000000   clock network delay (ideal)
                                  0.500000    0.500000   clock uncertainty
                                  0.000000    0.500000   clock reconvergence pessimism
                                              0.500000 ^ _3073_/CLK (sky130_fd_sc_hd__dfrtp_2)
                                 -0.020171    0.479829   library hold time
                                              0.479829   data required time
---------------------------------------------------------------------------------------------
                                              0.479829   data required time
                                             -0.273171   data arrival time
---------------------------------------------------------------------------------------------
                                             -0.206657   slack (VIOLATED)


Startpoint: _3039_ (rising edge-triggered flip-flop clocked by clk)
Endpoint: _3076_ (rising edge-triggered flip-flop clocked by clk)
Path Group: clk
Path Type: min

Fanout         Cap        Slew       Delay        Time   Description
---------------------------------------------------------------------------------------------
                      0.000000    0.000000    0.000000   clock clk (rise edge)
                                  0.000000    0.000000   clock network delay (ideal)
                      0.000000    0.000000    0.000000 ^ _3039_/CLK (sky130_fd_sc_hd__dfrtp_2)
     2    0.004536    0.032597    0.203609    0.203609 ^ _3039_/Q (sky130_fd_sc_hd__dfrtp_2)
                                                         my_sum_sub.al_exp[6] (net)
                      0.032597    0.000000    0.203609 ^ _2165_/A1 (sky130_fd_sc_hd__mux2_1)
     1    0.002087    0.025737    0.069562    0.273171 ^ _2165_/X (sky130_fd_sc_hd__mux2_1)
                                                         _0335_ (net)
                      0.025737    0.000000    0.273171 ^ _3076_/D (sky130_fd_sc_hd__dfrtp_2)
                                              0.273171   data arrival time

                      0.000000    0.000000    0.000000   clock clk (rise edge)
                                  0.000000    0.000000   clock network delay (ideal)
                                  0.500000    0.500000   clock uncertainty
                                  0.000000    0.500000   clock reconvergence pessimism
                                              0.500000 ^ _3076_/CLK (sky130_fd_sc_hd__dfrtp_2)
                                 -0.020171    0.479829   library hold time
                                              0.479829   data required time
---------------------------------------------------------------------------------------------
                                              0.479829   data required time
                                             -0.273171   data arrival time
---------------------------------------------------------------------------------------------
                                             -0.206657   slack (VIOLATED)


Startpoint: _3035_ (rising edge-triggered flip-flop clocked by clk)
Endpoint: _3072_ (rising edge-triggered flip-flop clocked by clk)
Path Group: clk
Path Type: min

Fanout         Cap        Slew       Delay        Time   Description
---------------------------------------------------------------------------------------------
                      0.000000    0.000000    0.000000   clock clk (rise edge)
                                  0.000000    0.000000   clock network delay (ideal)
                      0.000000    0.000000    0.000000 ^ _3035_/CLK (sky130_fd_sc_hd__dfrtp_2)
     2    0.004538    0.032604    0.203617    0.203617 ^ _3035_/Q (sky130_fd_sc_hd__dfrtp_2)
                                                         my_sum_sub.al_exp[2] (net)
                      0.032604    0.000000    0.203617 ^ _2169_/A1 (sky130_fd_sc_hd__mux2_1)
     1    0.002087    0.025669    0.069564    0.273181 ^ _2169_/X (sky130_fd_sc_hd__mux2_1)
                                                         _0331_ (net)
                      0.025669    0.000000    0.273181 ^ _3072_/D (sky130_fd_sc_hd__dfrtp_2)
                                              0.273181   data arrival time

                      0.000000    0.000000    0.000000   clock clk (rise edge)
                                  0.000000    0.000000   clock network delay (ideal)
                                  0.500000    0.500000   clock uncertainty
                                  0.000000    0.500000   clock reconvergence pessimism
                                              0.500000 ^ _3072_/CLK (sky130_fd_sc_hd__dfrtp_2)
                                 -0.020166    0.479834   library hold time
                                              0.479834   data required time
---------------------------------------------------------------------------------------------
                                              0.479834   data required time
                                             -0.273181   data arrival time
---------------------------------------------------------------------------------------------
                                             -0.206653   slack (VIOLATED)


Startpoint: _3034_ (rising edge-triggered flip-flop clocked by clk)
Endpoint: _3071_ (rising edge-triggered flip-flop clocked by clk)
Path Group: clk
Path Type: min

Fanout         Cap        Slew       Delay        Time   Description
---------------------------------------------------------------------------------------------
                      0.000000    0.000000    0.000000   clock clk (rise edge)
                                  0.000000    0.000000   clock network delay (ideal)
                      0.000000    0.000000    0.000000 ^ _3034_/CLK (sky130_fd_sc_hd__dfrtp_2)
     2    0.004538    0.032604    0.203617    0.203617 ^ _3034_/Q (sky130_fd_sc_hd__dfrtp_2)
                                                         my_sum_sub.al_exp[1] (net)
                      0.032604    0.000000    0.203617 ^ _2170_/A1 (sky130_fd_sc_hd__mux2_1)
     1    0.002087    0.025737    0.069564    0.273181 ^ _2170_/X (sky130_fd_sc_hd__mux2_1)
                                                         _0330_ (net)
                      0.025737    0.000000    0.273181 ^ _3071_/D (sky130_fd_sc_hd__dfrtp_2)
                                              0.273181   data arrival time

                      0.000000    0.000000    0.000000   clock clk (rise edge)
                                  0.000000    0.000000   clock network delay (ideal)
                                  0.500000    0.500000   clock uncertainty
                                  0.000000    0.500000   clock reconvergence pessimism
                                              0.500000 ^ _3071_/CLK (sky130_fd_sc_hd__dfrtp_2)
                                 -0.020171    0.479829   library hold time
                                              0.479829   data required time
---------------------------------------------------------------------------------------------
                                              0.479829   data required time
                                             -0.273181   data arrival time
---------------------------------------------------------------------------------------------
                                             -0.206648   slack (VIOLATED)


Startpoint: _3037_ (rising edge-triggered flip-flop clocked by clk)
Endpoint: _3074_ (rising edge-triggered flip-flop clocked by clk)
Path Group: clk
Path Type: min

Fanout         Cap        Slew       Delay        Time   Description
---------------------------------------------------------------------------------------------
                      0.000000    0.000000    0.000000   clock clk (rise edge)
                                  0.000000    0.000000   clock network delay (ideal)
                      0.000000    0.000000    0.000000 ^ _3037_/CLK (sky130_fd_sc_hd__dfrtp_2)
     2    0.004538    0.032604    0.203617    0.203617 ^ _3037_/Q (sky130_fd_sc_hd__dfrtp_2)
                                                         my_sum_sub.al_exp[4] (net)
                      0.032604    0.000000    0.203617 ^ _2167_/A1 (sky130_fd_sc_hd__mux2_1)
     1    0.002087    0.025737    0.069564    0.273181 ^ _2167_/X (sky130_fd_sc_hd__mux2_1)
                                                         _0333_ (net)
                      0.025737    0.000000    0.273181 ^ _3074_/D (sky130_fd_sc_hd__dfrtp_2)
                                              0.273181   data arrival time

                      0.000000    0.000000    0.000000   clock clk (rise edge)
                                  0.000000    0.000000   clock network delay (ideal)
                                  0.500000    0.500000   clock uncertainty
                                  0.000000    0.500000   clock reconvergence pessimism
                                              0.500000 ^ _3074_/CLK (sky130_fd_sc_hd__dfrtp_2)
                                 -0.020171    0.479829   library hold time
                                              0.479829   data required time
---------------------------------------------------------------------------------------------
                                              0.479829   data required time
                                             -0.273181   data arrival time
---------------------------------------------------------------------------------------------
                                             -0.206648   slack (VIOLATED)


Startpoint: _2990_ (rising edge-triggered flip-flop clocked by clk)
Endpoint: _2990_ (rising edge-triggered flip-flop clocked by clk)
Path Group: clk
Path Type: min

Fanout         Cap        Slew       Delay        Time   Description
---------------------------------------------------------------------------------------------
                      0.000000    0.000000    0.000000   clock clk (rise edge)
                                  0.000000    0.000000   clock network delay (ideal)
                      0.000000    0.000000    0.000000 ^ _2990_/CLK (sky130_fd_sc_hd__dfrtp_2)
     3    0.005202    0.034781    0.205737    0.205737 ^ _2990_/Q (sky130_fd_sc_hd__dfrtp_2)
                                                         my_divider.divisor_reg[1] (net)
                      0.034781    0.000000    0.205737 ^ _2784_/A0 (sky130_fd_sc_hd__mux2_1)
     1    0.002087    0.025485    0.068658    0.274395 ^ _2784_/X (sky130_fd_sc_hd__mux2_1)
                                                         _0249_ (net)
                      0.025485    0.000000    0.274395 ^ _2990_/D (sky130_fd_sc_hd__dfrtp_2)
                                              0.274395   data arrival time

                      0.000000    0.000000    0.000000   clock clk (rise edge)
                                  0.000000    0.000000   clock network delay (ideal)
                                  0.500000    0.500000   clock uncertainty
                                  0.000000    0.500000   clock reconvergence pessimism
                                              0.500000 ^ _2990_/CLK (sky130_fd_sc_hd__dfrtp_2)
                                 -0.020153    0.479847   library hold time
                                              0.479847   data required time
---------------------------------------------------------------------------------------------
                                              0.479847   data required time
                                             -0.274395   data arrival time
---------------------------------------------------------------------------------------------
                                             -0.205452   slack (VIOLATED)


Startpoint: _2991_ (rising edge-triggered flip-flop clocked by clk)
Endpoint: _2991_ (rising edge-triggered flip-flop clocked by clk)
Path Group: clk
Path Type: min

Fanout         Cap        Slew       Delay        Time   Description
---------------------------------------------------------------------------------------------
                      0.000000    0.000000    0.000000   clock clk (rise edge)
                                  0.000000    0.000000   clock network delay (ideal)
                      0.000000    0.000000    0.000000 ^ _2991_/CLK (sky130_fd_sc_hd__dfrtp_2)
     3    0.005202    0.034781    0.205737    0.205737 ^ _2991_/Q (sky130_fd_sc_hd__dfrtp_2)
                                                         my_divider.divisor_reg[2] (net)
                      0.034781    0.000000    0.205737 ^ _2783_/A0 (sky130_fd_sc_hd__mux2_1)
     1    0.002087    0.025485    0.068658    0.274395 ^ _2783_/X (sky130_fd_sc_hd__mux2_1)
                                                         _0250_ (net)
                      0.025485    0.000000    0.274395 ^ _2991_/D (sky130_fd_sc_hd__dfrtp_2)
                                              0.274395   data arrival time

                      0.000000    0.000000    0.000000   clock clk (rise edge)
                                  0.000000    0.000000   clock network delay (ideal)
                                  0.500000    0.500000   clock uncertainty
                                  0.000000    0.500000   clock reconvergence pessimism
                                              0.500000 ^ _2991_/CLK (sky130_fd_sc_hd__dfrtp_2)
                                 -0.020153    0.479847   library hold time
                                              0.479847   data required time
---------------------------------------------------------------------------------------------
                                              0.479847   data required time
                                             -0.274395   data arrival time
---------------------------------------------------------------------------------------------
                                             -0.205452   slack (VIOLATED)


Startpoint: _2992_ (rising edge-triggered flip-flop clocked by clk)
Endpoint: _2992_ (rising edge-triggered flip-flop clocked by clk)
Path Group: clk
Path Type: min

Fanout         Cap        Slew       Delay        Time   Description
---------------------------------------------------------------------------------------------
                      0.000000    0.000000    0.000000   clock clk (rise edge)
                                  0.000000    0.000000   clock network delay (ideal)
                      0.000000    0.000000    0.000000 ^ _2992_/CLK (sky130_fd_sc_hd__dfrtp_2)
     3    0.005202    0.034781    0.205737    0.205737 ^ _2992_/Q (sky130_fd_sc_hd__dfrtp_2)
                                                         my_divider.divisor_reg[3] (net)
                      0.034781    0.000000    0.205737 ^ _2782_/A0 (sky130_fd_sc_hd__mux2_1)
     1    0.002087    0.025485    0.068658    0.274395 ^ _2782_/X (sky130_fd_sc_hd__mux2_1)
                                                         _0251_ (net)
                      0.025485    0.000000    0.274395 ^ _2992_/D (sky130_fd_sc_hd__dfrtp_2)
                                              0.274395   data arrival time

                      0.000000    0.000000    0.000000   clock clk (rise edge)
                                  0.000000    0.000000   clock network delay (ideal)
                                  0.500000    0.500000   clock uncertainty
                                  0.000000    0.500000   clock reconvergence pessimism
                                              0.500000 ^ _2992_/CLK (sky130_fd_sc_hd__dfrtp_2)
                                 -0.020153    0.479847   library hold time
                                              0.479847   data required time
---------------------------------------------------------------------------------------------
                                              0.479847   data required time
                                             -0.274395   data arrival time
---------------------------------------------------------------------------------------------
                                             -0.205452   slack (VIOLATED)


Startpoint: _2993_ (rising edge-triggered flip-flop clocked by clk)
Endpoint: _2993_ (rising edge-triggered flip-flop clocked by clk)
Path Group: clk
Path Type: min

Fanout         Cap        Slew       Delay        Time   Description
---------------------------------------------------------------------------------------------
                      0.000000    0.000000    0.000000   clock clk (rise edge)
                                  0.000000    0.000000   clock network delay (ideal)
                      0.000000    0.000000    0.000000 ^ _2993_/CLK (sky130_fd_sc_hd__dfrtp_2)
     3    0.005202    0.034781    0.205737    0.205737 ^ _2993_/Q (sky130_fd_sc_hd__dfrtp_2)
                                                         my_divider.divisor_reg[4] (net)
                      0.034781    0.000000    0.205737 ^ _2781_/A0 (sky130_fd_sc_hd__mux2_1)
     1    0.002087    0.025485    0.068658    0.274395 ^ _2781_/X (sky130_fd_sc_hd__mux2_1)
                                                         _0252_ (net)
                      0.025485    0.000000    0.274395 ^ _2993_/D (sky130_fd_sc_hd__dfrtp_2)
                                              0.274395   data arrival time

                      0.000000    0.000000    0.000000   clock clk (rise edge)
                                  0.000000    0.000000   clock network delay (ideal)
                                  0.500000    0.500000   clock uncertainty
                                  0.000000    0.500000   clock reconvergence pessimism
                                              0.500000 ^ _2993_/CLK (sky130_fd_sc_hd__dfrtp_2)
                                 -0.020153    0.479847   library hold time
                                              0.479847   data required time
---------------------------------------------------------------------------------------------
                                              0.479847   data required time
                                             -0.274395   data arrival time
---------------------------------------------------------------------------------------------
                                             -0.205452   slack (VIOLATED)


Startpoint: _2994_ (rising edge-triggered flip-flop clocked by clk)
Endpoint: _2994_ (rising edge-triggered flip-flop clocked by clk)
Path Group: clk
Path Type: min

Fanout         Cap        Slew       Delay        Time   Description
---------------------------------------------------------------------------------------------
                      0.000000    0.000000    0.000000   clock clk (rise edge)
                                  0.000000    0.000000   clock network delay (ideal)
                      0.000000    0.000000    0.000000 ^ _2994_/CLK (sky130_fd_sc_hd__dfrtp_2)
     3    0.005202    0.034781    0.205737    0.205737 ^ _2994_/Q (sky130_fd_sc_hd__dfrtp_2)
                                                         my_divider.divisor_reg[5] (net)
                      0.034781    0.000000    0.205737 ^ _2780_/A0 (sky130_fd_sc_hd__mux2_1)
     1    0.002087    0.025485    0.068658    0.274395 ^ _2780_/X (sky130_fd_sc_hd__mux2_1)
                                                         _0253_ (net)
                      0.025485    0.000000    0.274395 ^ _2994_/D (sky130_fd_sc_hd__dfrtp_2)
                                              0.274395   data arrival time

                      0.000000    0.000000    0.000000   clock clk (rise edge)
                                  0.000000    0.000000   clock network delay (ideal)
                                  0.500000    0.500000   clock uncertainty
                                  0.000000    0.500000   clock reconvergence pessimism
                                              0.500000 ^ _2994_/CLK (sky130_fd_sc_hd__dfrtp_2)
                                 -0.020153    0.479847   library hold time
                                              0.479847   data required time
---------------------------------------------------------------------------------------------
                                              0.479847   data required time
                                             -0.274395   data arrival time
---------------------------------------------------------------------------------------------
                                             -0.205452   slack (VIOLATED)


Startpoint: _2996_ (rising edge-triggered flip-flop clocked by clk)
Endpoint: _2996_ (rising edge-triggered flip-flop clocked by clk)
Path Group: clk
Path Type: min

Fanout         Cap        Slew       Delay        Time   Description
---------------------------------------------------------------------------------------------
                      0.000000    0.000000    0.000000   clock clk (rise edge)
                                  0.000000    0.000000   clock network delay (ideal)
                      0.000000    0.000000    0.000000 ^ _2996_/CLK (sky130_fd_sc_hd__dfrtp_2)
     3    0.005202    0.034781    0.205737    0.205737 ^ _2996_/Q (sky130_fd_sc_hd__dfrtp_2)
                                                         my_divider.divisor_reg[7] (net)
                      0.034781    0.000000    0.205737 ^ _2777_/A0 (sky130_fd_sc_hd__mux2_1)
     1    0.002087    0.025485    0.068658    0.274395 ^ _2777_/X (sky130_fd_sc_hd__mux2_1)
                                                         _0255_ (net)
                      0.025485    0.000000    0.274395 ^ _2996_/D (sky130_fd_sc_hd__dfrtp_2)
                                              0.274395   data arrival time

                      0.000000    0.000000    0.000000   clock clk (rise edge)
                                  0.000000    0.000000   clock network delay (ideal)
                                  0.500000    0.500000   clock uncertainty
                                  0.000000    0.500000   clock reconvergence pessimism
                                              0.500000 ^ _2996_/CLK (sky130_fd_sc_hd__dfrtp_2)
                                 -0.020153    0.479847   library hold time
                                              0.479847   data required time
---------------------------------------------------------------------------------------------
                                              0.479847   data required time
                                             -0.274395   data arrival time
---------------------------------------------------------------------------------------------
                                             -0.205452   slack (VIOLATED)


Startpoint: _3111_ (rising edge-triggered flip-flop clocked by clk)
Endpoint: _3095_ (rising edge-triggered flip-flop clocked by clk)
Path Group: clk
Path Type: min

Fanout         Cap        Slew       Delay        Time   Description
---------------------------------------------------------------------------------------------
                      0.000000    0.000000    0.000000   clock clk (rise edge)
                                  0.000000    0.000000   clock network delay (ideal)
                      0.000000    0.000000    0.000000 ^ _3111_/CLK (sky130_fd_sc_hd__dfrtp_2)
     3    0.005426    0.035499    0.206386    0.206386 ^ _3111_/Q (sky130_fd_sc_hd__dfrtp_2)
                                                         shift_in[0] (net)
                      0.035499    0.000000    0.206386 ^ _2139_/A0 (sky130_fd_sc_hd__mux2_1)
     1    0.002087    0.025484    0.068859    0.275246 ^ _2139_/X (sky130_fd_sc_hd__mux2_1)
                                                         _0354_ (net)
                      0.025484    0.000000    0.275246 ^ _3095_/D (sky130_fd_sc_hd__dfrtp_2)
                                              0.275246   data arrival time

                      0.000000    0.000000    0.000000   clock clk (rise edge)
                                  0.000000    0.000000   clock network delay (ideal)
                                  0.500000    0.500000   clock uncertainty
                                  0.000000    0.500000   clock reconvergence pessimism
                                              0.500000 ^ _3095_/CLK (sky130_fd_sc_hd__dfrtp_2)
                                 -0.020153    0.479847   library hold time
                                              0.479847   data required time
---------------------------------------------------------------------------------------------
                                              0.479847   data required time
                                             -0.275246   data arrival time
---------------------------------------------------------------------------------------------
                                             -0.204602   slack (VIOLATED)


Startpoint: _3142_ (rising edge-triggered flip-flop clocked by clk)
Endpoint: _3142_ (rising edge-triggered flip-flop clocked by clk)
Path Group: clk
Path Type: min

Fanout         Cap        Slew       Delay        Time   Description
---------------------------------------------------------------------------------------------
                      0.000000    0.000000    0.000000   clock clk (rise edge)
                                  0.000000    0.000000   clock network delay (ideal)
                      0.000000    0.000000    0.000000 ^ _3142_/CLK (sky130_fd_sc_hd__dfrtp_2)
     2    0.004907    0.033834    0.204881    0.204881 ^ _3142_/Q (sky130_fd_sc_hd__dfrtp_2)
                                                         shift_out[15] (net)
                      0.033834    0.000000    0.204881 ^ _1560_/A1 (sky130_fd_sc_hd__o21a_2)
     1    0.002087    0.017489    0.071019    0.275901 ^ _1560_/X (sky130_fd_sc_hd__o21a_2)
                                                         _0238_ (net)
                      0.017489    0.000000    0.275901 ^ _3142_/D (sky130_fd_sc_hd__dfrtp_2)
                                              0.275901   data arrival time

                      0.000000    0.000000    0.000000   clock clk (rise edge)
                                  0.000000    0.000000   clock network delay (ideal)
                                  0.500000    0.500000   clock uncertainty
                                  0.000000    0.500000   clock reconvergence pessimism
                                              0.500000 ^ _3142_/CLK (sky130_fd_sc_hd__dfrtp_2)
                                 -0.019564    0.480436   library hold time
                                              0.480436   data required time
---------------------------------------------------------------------------------------------
                                              0.480436   data required time
                                             -0.275901   data arrival time
---------------------------------------------------------------------------------------------
                                             -0.204535   slack (VIOLATED)


Startpoint: _3119_ (rising edge-triggered flip-flop clocked by clk)
Endpoint: _3103_ (rising edge-triggered flip-flop clocked by clk)
Path Group: clk
Path Type: min

Fanout         Cap        Slew       Delay        Time   Description
---------------------------------------------------------------------------------------------
                      0.000000    0.000000    0.000000   clock clk (rise edge)
                                  0.000000    0.000000   clock network delay (ideal)
                      0.000000    0.000000    0.000000 ^ _3119_/CLK (sky130_fd_sc_hd__dfrtp_2)
     3    0.005459    0.035605    0.206482    0.206482 ^ _3119_/Q (sky130_fd_sc_hd__dfrtp_2)
                                                         shift_in[8] (net)
                      0.035605    0.000000    0.206482 ^ _2131_/A0 (sky130_fd_sc_hd__mux2_1)
     1    0.002087    0.025484    0.068889    0.275371 ^ _2131_/X (sky130_fd_sc_hd__mux2_1)
                                                         _0199_ (net)
                      0.025484    0.000000    0.275371 ^ _3103_/D (sky130_fd_sc_hd__dfrtp_2)
                                              0.275371   data arrival time

                      0.000000    0.000000    0.000000   clock clk (rise edge)
                                  0.000000    0.000000   clock network delay (ideal)
                                  0.500000    0.500000   clock uncertainty
                                  0.000000    0.500000   clock reconvergence pessimism
                                              0.500000 ^ _3103_/CLK (sky130_fd_sc_hd__dfrtp_2)
                                 -0.020153    0.479847   library hold time
                                              0.479847   data required time
---------------------------------------------------------------------------------------------
                                              0.479847   data required time
                                             -0.275371   data arrival time
---------------------------------------------------------------------------------------------
                                             -0.204476   slack (VIOLATED)


Startpoint: _3120_ (rising edge-triggered flip-flop clocked by clk)
Endpoint: _3104_ (rising edge-triggered flip-flop clocked by clk)
Path Group: clk
Path Type: min

Fanout         Cap        Slew       Delay        Time   Description
---------------------------------------------------------------------------------------------
                      0.000000    0.000000    0.000000   clock clk (rise edge)
                                  0.000000    0.000000   clock network delay (ideal)
                      0.000000    0.000000    0.000000 ^ _3120_/CLK (sky130_fd_sc_hd__dfrtp_2)
     3    0.005459    0.035605    0.206482    0.206482 ^ _3120_/Q (sky130_fd_sc_hd__dfrtp_2)
                                                         shift_in[9] (net)
                      0.035605    0.000000    0.206482 ^ _2130_/A0 (sky130_fd_sc_hd__mux2_1)
     1    0.002087    0.025484    0.068889    0.275371 ^ _2130_/X (sky130_fd_sc_hd__mux2_1)
                                                         _0200_ (net)
                      0.025484    0.000000    0.275371 ^ _3104_/D (sky130_fd_sc_hd__dfrtp_2)
                                              0.275371   data arrival time

                      0.000000    0.000000    0.000000   clock clk (rise edge)
                                  0.000000    0.000000   clock network delay (ideal)
                                  0.500000    0.500000   clock uncertainty
                                  0.000000    0.500000   clock reconvergence pessimism
                                              0.500000 ^ _3104_/CLK (sky130_fd_sc_hd__dfrtp_2)
                                 -0.020153    0.479847   library hold time
                                              0.479847   data required time
---------------------------------------------------------------------------------------------
                                              0.479847   data required time
                                             -0.275371   data arrival time
---------------------------------------------------------------------------------------------
                                             -0.204476   slack (VIOLATED)


Startpoint: _3121_ (rising edge-triggered flip-flop clocked by clk)
Endpoint: _3105_ (rising edge-triggered flip-flop clocked by clk)
Path Group: clk
Path Type: min

Fanout         Cap        Slew       Delay        Time   Description
---------------------------------------------------------------------------------------------
                      0.000000    0.000000    0.000000   clock clk (rise edge)
                                  0.000000    0.000000   clock network delay (ideal)
                      0.000000    0.000000    0.000000 ^ _3121_/CLK (sky130_fd_sc_hd__dfrtp_2)
     3    0.005459    0.035605    0.206482    0.206482 ^ _3121_/Q (sky130_fd_sc_hd__dfrtp_2)
                                                         shift_in[10] (net)
                      0.035605    0.000000    0.206482 ^ _2129_/A0 (sky130_fd_sc_hd__mux2_1)
     1    0.002087    0.025484    0.068889    0.275371 ^ _2129_/X (sky130_fd_sc_hd__mux2_1)
                                                         _0201_ (net)
                      0.025484    0.000000    0.275371 ^ _3105_/D (sky130_fd_sc_hd__dfrtp_2)
                                              0.275371   data arrival time

                      0.000000    0.000000    0.000000   clock clk (rise edge)
                                  0.000000    0.000000   clock network delay (ideal)
                                  0.500000    0.500000   clock uncertainty
                                  0.000000    0.500000   clock reconvergence pessimism
                                              0.500000 ^ _3105_/CLK (sky130_fd_sc_hd__dfrtp_2)
                                 -0.020153    0.479847   library hold time
                                              0.479847   data required time
---------------------------------------------------------------------------------------------
                                              0.479847   data required time
                                             -0.275371   data arrival time
---------------------------------------------------------------------------------------------
                                             -0.204476   slack (VIOLATED)


Startpoint: _3122_ (rising edge-triggered flip-flop clocked by clk)
Endpoint: _3106_ (rising edge-triggered flip-flop clocked by clk)
Path Group: clk
Path Type: min

Fanout         Cap        Slew       Delay        Time   Description
---------------------------------------------------------------------------------------------
                      0.000000    0.000000    0.000000   clock clk (rise edge)
                                  0.000000    0.000000   clock network delay (ideal)
                      0.000000    0.000000    0.000000 ^ _3122_/CLK (sky130_fd_sc_hd__dfrtp_2)
     3    0.005459    0.035605    0.206482    0.206482 ^ _3122_/Q (sky130_fd_sc_hd__dfrtp_2)
                                                         shift_in[11] (net)
                      0.035605    0.000000    0.206482 ^ _2128_/A0 (sky130_fd_sc_hd__mux2_1)
     1    0.002087    0.025484    0.068889    0.275371 ^ _2128_/X (sky130_fd_sc_hd__mux2_1)
                                                         _0202_ (net)
                      0.025484    0.000000    0.275371 ^ _3106_/D (sky130_fd_sc_hd__dfrtp_2)
                                              0.275371   data arrival time

                      0.000000    0.000000    0.000000   clock clk (rise edge)
                                  0.000000    0.000000   clock network delay (ideal)
                                  0.500000    0.500000   clock uncertainty
                                  0.000000    0.500000   clock reconvergence pessimism
                                              0.500000 ^ _3106_/CLK (sky130_fd_sc_hd__dfrtp_2)
                                 -0.020153    0.479847   library hold time
                                              0.479847   data required time
---------------------------------------------------------------------------------------------
                                              0.479847   data required time
                                             -0.275371   data arrival time
---------------------------------------------------------------------------------------------
                                             -0.204476   slack (VIOLATED)


Startpoint: _3123_ (rising edge-triggered flip-flop clocked by clk)
Endpoint: _3107_ (rising edge-triggered flip-flop clocked by clk)
Path Group: clk
Path Type: min

Fanout         Cap        Slew       Delay        Time   Description
---------------------------------------------------------------------------------------------
                      0.000000    0.000000    0.000000   clock clk (rise edge)
                                  0.000000    0.000000   clock network delay (ideal)
                      0.000000    0.000000    0.000000 ^ _3123_/CLK (sky130_fd_sc_hd__dfrtp_2)
     3    0.005459    0.035605    0.206482    0.206482 ^ _3123_/Q (sky130_fd_sc_hd__dfrtp_2)
                                                         shift_in[12] (net)
                      0.035605    0.000000    0.206482 ^ _2127_/A0 (sky130_fd_sc_hd__mux2_1)
     1    0.002087    0.025484    0.068889    0.275371 ^ _2127_/X (sky130_fd_sc_hd__mux2_1)
                                                         _0203_ (net)
                      0.025484    0.000000    0.275371 ^ _3107_/D (sky130_fd_sc_hd__dfrtp_2)
                                              0.275371   data arrival time

                      0.000000    0.000000    0.000000   clock clk (rise edge)
                                  0.000000    0.000000   clock network delay (ideal)
                                  0.500000    0.500000   clock uncertainty
                                  0.000000    0.500000   clock reconvergence pessimism
                                              0.500000 ^ _3107_/CLK (sky130_fd_sc_hd__dfrtp_2)
                                 -0.020153    0.479847   library hold time
                                              0.479847   data required time
---------------------------------------------------------------------------------------------
                                              0.479847   data required time
                                             -0.275371   data arrival time
---------------------------------------------------------------------------------------------
                                             -0.204476   slack (VIOLATED)


Startpoint: _3124_ (rising edge-triggered flip-flop clocked by clk)
Endpoint: _3108_ (rising edge-triggered flip-flop clocked by clk)
Path Group: clk
Path Type: min

Fanout         Cap        Slew       Delay        Time   Description
---------------------------------------------------------------------------------------------
                      0.000000    0.000000    0.000000   clock clk (rise edge)
                                  0.000000    0.000000   clock network delay (ideal)
                      0.000000    0.000000    0.000000 ^ _3124_/CLK (sky130_fd_sc_hd__dfrtp_2)
     3    0.005459    0.035605    0.206482    0.206482 ^ _3124_/Q (sky130_fd_sc_hd__dfrtp_2)
                                                         shift_in[13] (net)
                      0.035605    0.000000    0.206482 ^ _2126_/A0 (sky130_fd_sc_hd__mux2_1)
     1    0.002087    0.025484    0.068889    0.275371 ^ _2126_/X (sky130_fd_sc_hd__mux2_1)
                                                         _0204_ (net)
                      0.025484    0.000000    0.275371 ^ _3108_/D (sky130_fd_sc_hd__dfrtp_2)
                                              0.275371   data arrival time

                      0.000000    0.000000    0.000000   clock clk (rise edge)
                                  0.000000    0.000000   clock network delay (ideal)
                                  0.500000    0.500000   clock uncertainty
                                  0.000000    0.500000   clock reconvergence pessimism
                                              0.500000 ^ _3108_/CLK (sky130_fd_sc_hd__dfrtp_2)
                                 -0.020153    0.479847   library hold time
                                              0.479847   data required time
---------------------------------------------------------------------------------------------
                                              0.479847   data required time
                                             -0.275371   data arrival time
---------------------------------------------------------------------------------------------
                                             -0.204476   slack (VIOLATED)


Startpoint: _3125_ (rising edge-triggered flip-flop clocked by clk)
Endpoint: _3109_ (rising edge-triggered flip-flop clocked by clk)
Path Group: clk
Path Type: min

Fanout         Cap        Slew       Delay        Time   Description
---------------------------------------------------------------------------------------------
                      0.000000    0.000000    0.000000   clock clk (rise edge)
                                  0.000000    0.000000   clock network delay (ideal)
                      0.000000    0.000000    0.000000 ^ _3125_/CLK (sky130_fd_sc_hd__dfrtp_2)
     3    0.005459    0.035605    0.206482    0.206482 ^ _3125_/Q (sky130_fd_sc_hd__dfrtp_2)
                                                         shift_in[14] (net)
                      0.035605    0.000000    0.206482 ^ _2125_/A0 (sky130_fd_sc_hd__mux2_1)
     1    0.002087    0.025484    0.068889    0.275371 ^ _2125_/X (sky130_fd_sc_hd__mux2_1)
                                                         _0205_ (net)
                      0.025484    0.000000    0.275371 ^ _3109_/D (sky130_fd_sc_hd__dfrtp_2)
                                              0.275371   data arrival time

                      0.000000    0.000000    0.000000   clock clk (rise edge)
                                  0.000000    0.000000   clock network delay (ideal)
                                  0.500000    0.500000   clock uncertainty
                                  0.000000    0.500000   clock reconvergence pessimism
                                              0.500000 ^ _3109_/CLK (sky130_fd_sc_hd__dfrtp_2)
                                 -0.020153    0.479847   library hold time
                                              0.479847   data required time
---------------------------------------------------------------------------------------------
                                              0.479847   data required time
                                             -0.275371   data arrival time
---------------------------------------------------------------------------------------------
                                             -0.204476   slack (VIOLATED)


Startpoint: _3126_ (rising edge-triggered flip-flop clocked by clk)
Endpoint: _3110_ (rising edge-triggered flip-flop clocked by clk)
Path Group: clk
Path Type: min

Fanout         Cap        Slew       Delay        Time   Description
---------------------------------------------------------------------------------------------
                      0.000000    0.000000    0.000000   clock clk (rise edge)
                                  0.000000    0.000000   clock network delay (ideal)
                      0.000000    0.000000    0.000000 ^ _3126_/CLK (sky130_fd_sc_hd__dfrtp_2)
     3    0.005459    0.035605    0.206482    0.206482 ^ _3126_/Q (sky130_fd_sc_hd__dfrtp_2)
                                                         shift_in[15] (net)
                      0.035605    0.000000    0.206482 ^ _2124_/A0 (sky130_fd_sc_hd__mux2_1)
     1    0.002087    0.025484    0.068889    0.275371 ^ _2124_/X (sky130_fd_sc_hd__mux2_1)
                                                         _0206_ (net)
                      0.025484    0.000000    0.275371 ^ _3110_/D (sky130_fd_sc_hd__dfrtp_2)
                                              0.275371   data arrival time

                      0.000000    0.000000    0.000000   clock clk (rise edge)
                                  0.000000    0.000000   clock network delay (ideal)
                                  0.500000    0.500000   clock uncertainty
                                  0.000000    0.500000   clock reconvergence pessimism
                                              0.500000 ^ _3110_/CLK (sky130_fd_sc_hd__dfrtp_2)
                                 -0.020153    0.479847   library hold time
                                              0.479847   data required time
---------------------------------------------------------------------------------------------
                                              0.479847   data required time
                                             -0.275371   data arrival time
---------------------------------------------------------------------------------------------
                                             -0.204476   slack (VIOLATED)


Startpoint: _3119_ (rising edge-triggered flip-flop clocked by clk)
Endpoint: _3118_ (rising edge-triggered flip-flop clocked by clk)
Path Group: clk
Path Type: min

Fanout         Cap        Slew       Delay        Time   Description
---------------------------------------------------------------------------------------------
                      0.000000    0.000000    0.000000   clock clk (rise edge)
                                  0.000000    0.000000   clock network delay (ideal)
                      0.000000    0.000000    0.000000 ^ _3119_/CLK (sky130_fd_sc_hd__dfrtp_2)
     3    0.005459    0.035605    0.206482    0.206482 ^ _3119_/Q (sky130_fd_sc_hd__dfrtp_2)
                                                         shift_in[8] (net)
                      0.035605    0.000000    0.206482 ^ _2113_/A0 (sky130_fd_sc_hd__mux2_1)
     1    0.002087    0.025484    0.068889    0.275371 ^ _2113_/X (sky130_fd_sc_hd__mux2_1)
                                                         _0214_ (net)
                      0.025484    0.000000    0.275371 ^ _3118_/D (sky130_fd_sc_hd__dfrtp_2)
                                              0.275371   data arrival time

                      0.000000    0.000000    0.000000   clock clk (rise edge)
                                  0.000000    0.000000   clock network delay (ideal)
                                  0.500000    0.500000   clock uncertainty
                                  0.000000    0.500000   clock reconvergence pessimism
                                              0.500000 ^ _3118_/CLK (sky130_fd_sc_hd__dfrtp_2)
                                 -0.020153    0.479847   library hold time
                                              0.479847   data required time
---------------------------------------------------------------------------------------------
                                              0.479847   data required time
                                             -0.275371   data arrival time
---------------------------------------------------------------------------------------------
                                             -0.204476   slack (VIOLATED)


Startpoint: _3120_ (rising edge-triggered flip-flop clocked by clk)
Endpoint: _3119_ (rising edge-triggered flip-flop clocked by clk)
Path Group: clk
Path Type: min

Fanout         Cap        Slew       Delay        Time   Description
---------------------------------------------------------------------------------------------
                      0.000000    0.000000    0.000000   clock clk (rise edge)
                                  0.000000    0.000000   clock network delay (ideal)
                      0.000000    0.000000    0.000000 ^ _3120_/CLK (sky130_fd_sc_hd__dfrtp_2)
     3    0.005459    0.035605    0.206482    0.206482 ^ _3120_/Q (sky130_fd_sc_hd__dfrtp_2)
                                                         shift_in[9] (net)
                      0.035605    0.000000    0.206482 ^ _2112_/A0 (sky130_fd_sc_hd__mux2_1)
     1    0.002087    0.025484    0.068889    0.275371 ^ _2112_/X (sky130_fd_sc_hd__mux2_1)
                                                         _0215_ (net)
                      0.025484    0.000000    0.275371 ^ _3119_/D (sky130_fd_sc_hd__dfrtp_2)
                                              0.275371   data arrival time

                      0.000000    0.000000    0.000000   clock clk (rise edge)
                                  0.000000    0.000000   clock network delay (ideal)
                                  0.500000    0.500000   clock uncertainty
                                  0.000000    0.500000   clock reconvergence pessimism
                                              0.500000 ^ _3119_/CLK (sky130_fd_sc_hd__dfrtp_2)
                                 -0.020153    0.479847   library hold time
                                              0.479847   data required time
---------------------------------------------------------------------------------------------
                                              0.479847   data required time
                                             -0.275371   data arrival time
---------------------------------------------------------------------------------------------
                                             -0.204476   slack (VIOLATED)


Startpoint: _3121_ (rising edge-triggered flip-flop clocked by clk)
Endpoint: _3120_ (rising edge-triggered flip-flop clocked by clk)
Path Group: clk
Path Type: min

Fanout         Cap        Slew       Delay        Time   Description
---------------------------------------------------------------------------------------------
                      0.000000    0.000000    0.000000   clock clk (rise edge)
                                  0.000000    0.000000   clock network delay (ideal)
                      0.000000    0.000000    0.000000 ^ _3121_/CLK (sky130_fd_sc_hd__dfrtp_2)
     3    0.005459    0.035605    0.206482    0.206482 ^ _3121_/Q (sky130_fd_sc_hd__dfrtp_2)
                                                         shift_in[10] (net)
                      0.035605    0.000000    0.206482 ^ _2111_/A0 (sky130_fd_sc_hd__mux2_1)
     1    0.002087    0.025484    0.068889    0.275371 ^ _2111_/X (sky130_fd_sc_hd__mux2_1)
                                                         _0216_ (net)
                      0.025484    0.000000    0.275371 ^ _3120_/D (sky130_fd_sc_hd__dfrtp_2)
                                              0.275371   data arrival time

                      0.000000    0.000000    0.000000   clock clk (rise edge)
                                  0.000000    0.000000   clock network delay (ideal)
                                  0.500000    0.500000   clock uncertainty
                                  0.000000    0.500000   clock reconvergence pessimism
                                              0.500000 ^ _3120_/CLK (sky130_fd_sc_hd__dfrtp_2)
                                 -0.020153    0.479847   library hold time
                                              0.479847   data required time
---------------------------------------------------------------------------------------------
                                              0.479847   data required time
                                             -0.275371   data arrival time
---------------------------------------------------------------------------------------------
                                             -0.204476   slack (VIOLATED)


Startpoint: _3122_ (rising edge-triggered flip-flop clocked by clk)
Endpoint: _3121_ (rising edge-triggered flip-flop clocked by clk)
Path Group: clk
Path Type: min

Fanout         Cap        Slew       Delay        Time   Description
---------------------------------------------------------------------------------------------
                      0.000000    0.000000    0.000000   clock clk (rise edge)
                                  0.000000    0.000000   clock network delay (ideal)
                      0.000000    0.000000    0.000000 ^ _3122_/CLK (sky130_fd_sc_hd__dfrtp_2)
     3    0.005459    0.035605    0.206482    0.206482 ^ _3122_/Q (sky130_fd_sc_hd__dfrtp_2)
                                                         shift_in[11] (net)
                      0.035605    0.000000    0.206482 ^ _2110_/A0 (sky130_fd_sc_hd__mux2_1)
     1    0.002087    0.025484    0.068889    0.275371 ^ _2110_/X (sky130_fd_sc_hd__mux2_1)
                                                         _0217_ (net)
                      0.025484    0.000000    0.275371 ^ _3121_/D (sky130_fd_sc_hd__dfrtp_2)
                                              0.275371   data arrival time

                      0.000000    0.000000    0.000000   clock clk (rise edge)
                                  0.000000    0.000000   clock network delay (ideal)
                                  0.500000    0.500000   clock uncertainty
                                  0.000000    0.500000   clock reconvergence pessimism
                                              0.500000 ^ _3121_/CLK (sky130_fd_sc_hd__dfrtp_2)
                                 -0.020153    0.479847   library hold time
                                              0.479847   data required time
---------------------------------------------------------------------------------------------
                                              0.479847   data required time
                                             -0.275371   data arrival time
---------------------------------------------------------------------------------------------
                                             -0.204476   slack (VIOLATED)


Startpoint: _3123_ (rising edge-triggered flip-flop clocked by clk)
Endpoint: _3122_ (rising edge-triggered flip-flop clocked by clk)
Path Group: clk
Path Type: min

Fanout         Cap        Slew       Delay        Time   Description
---------------------------------------------------------------------------------------------
                      0.000000    0.000000    0.000000   clock clk (rise edge)
                                  0.000000    0.000000   clock network delay (ideal)
                      0.000000    0.000000    0.000000 ^ _3123_/CLK (sky130_fd_sc_hd__dfrtp_2)
     3    0.005459    0.035605    0.206482    0.206482 ^ _3123_/Q (sky130_fd_sc_hd__dfrtp_2)
                                                         shift_in[12] (net)
                      0.035605    0.000000    0.206482 ^ _2109_/A0 (sky130_fd_sc_hd__mux2_1)
     1    0.002087    0.025484    0.068889    0.275371 ^ _2109_/X (sky130_fd_sc_hd__mux2_1)
                                                         _0218_ (net)
                      0.025484    0.000000    0.275371 ^ _3122_/D (sky130_fd_sc_hd__dfrtp_2)
                                              0.275371   data arrival time

                      0.000000    0.000000    0.000000   clock clk (rise edge)
                                  0.000000    0.000000   clock network delay (ideal)
                                  0.500000    0.500000   clock uncertainty
                                  0.000000    0.500000   clock reconvergence pessimism
                                              0.500000 ^ _3122_/CLK (sky130_fd_sc_hd__dfrtp_2)
                                 -0.020153    0.479847   library hold time
                                              0.479847   data required time
---------------------------------------------------------------------------------------------
                                              0.479847   data required time
                                             -0.275371   data arrival time
---------------------------------------------------------------------------------------------
                                             -0.204476   slack (VIOLATED)


Startpoint: _3124_ (rising edge-triggered flip-flop clocked by clk)
Endpoint: _3123_ (rising edge-triggered flip-flop clocked by clk)
Path Group: clk
Path Type: min

Fanout         Cap        Slew       Delay        Time   Description
---------------------------------------------------------------------------------------------
                      0.000000    0.000000    0.000000   clock clk (rise edge)
                                  0.000000    0.000000   clock network delay (ideal)
                      0.000000    0.000000    0.000000 ^ _3124_/CLK (sky130_fd_sc_hd__dfrtp_2)
     3    0.005459    0.035605    0.206482    0.206482 ^ _3124_/Q (sky130_fd_sc_hd__dfrtp_2)
                                                         shift_in[13] (net)
                      0.035605    0.000000    0.206482 ^ _2108_/A0 (sky130_fd_sc_hd__mux2_1)
     1    0.002087    0.025484    0.068889    0.275371 ^ _2108_/X (sky130_fd_sc_hd__mux2_1)
                                                         _0219_ (net)
                      0.025484    0.000000    0.275371 ^ _3123_/D (sky130_fd_sc_hd__dfrtp_2)
                                              0.275371   data arrival time

                      0.000000    0.000000    0.000000   clock clk (rise edge)
                                  0.000000    0.000000   clock network delay (ideal)
                                  0.500000    0.500000   clock uncertainty
                                  0.000000    0.500000   clock reconvergence pessimism
                                              0.500000 ^ _3123_/CLK (sky130_fd_sc_hd__dfrtp_2)
                                 -0.020153    0.479847   library hold time
                                              0.479847   data required time
---------------------------------------------------------------------------------------------
                                              0.479847   data required time
                                             -0.275371   data arrival time
---------------------------------------------------------------------------------------------
                                             -0.204476   slack (VIOLATED)


Startpoint: _3125_ (rising edge-triggered flip-flop clocked by clk)
Endpoint: _3124_ (rising edge-triggered flip-flop clocked by clk)
Path Group: clk
Path Type: min

Fanout         Cap        Slew       Delay        Time   Description
---------------------------------------------------------------------------------------------
                      0.000000    0.000000    0.000000   clock clk (rise edge)
                                  0.000000    0.000000   clock network delay (ideal)
                      0.000000    0.000000    0.000000 ^ _3125_/CLK (sky130_fd_sc_hd__dfrtp_2)
     3    0.005459    0.035605    0.206482    0.206482 ^ _3125_/Q (sky130_fd_sc_hd__dfrtp_2)
                                                         shift_in[14] (net)
                      0.035605    0.000000    0.206482 ^ _2107_/A0 (sky130_fd_sc_hd__mux2_1)
     1    0.002087    0.025484    0.068889    0.275371 ^ _2107_/X (sky130_fd_sc_hd__mux2_1)
                                                         _0220_ (net)
                      0.025484    0.000000    0.275371 ^ _3124_/D (sky130_fd_sc_hd__dfrtp_2)
                                              0.275371   data arrival time

                      0.000000    0.000000    0.000000   clock clk (rise edge)
                                  0.000000    0.000000   clock network delay (ideal)
                                  0.500000    0.500000   clock uncertainty
                                  0.000000    0.500000   clock reconvergence pessimism
                                              0.500000 ^ _3124_/CLK (sky130_fd_sc_hd__dfrtp_2)
                                 -0.020153    0.479847   library hold time
                                              0.479847   data required time
---------------------------------------------------------------------------------------------
                                              0.479847   data required time
                                             -0.275371   data arrival time
---------------------------------------------------------------------------------------------
                                             -0.204476   slack (VIOLATED)


Startpoint: _3126_ (rising edge-triggered flip-flop clocked by clk)
Endpoint: _3125_ (rising edge-triggered flip-flop clocked by clk)
Path Group: clk
Path Type: min

Fanout         Cap        Slew       Delay        Time   Description
---------------------------------------------------------------------------------------------
                      0.000000    0.000000    0.000000   clock clk (rise edge)
                                  0.000000    0.000000   clock network delay (ideal)
                      0.000000    0.000000    0.000000 ^ _3126_/CLK (sky130_fd_sc_hd__dfrtp_2)
     3    0.005459    0.035605    0.206482    0.206482 ^ _3126_/Q (sky130_fd_sc_hd__dfrtp_2)
                                                         shift_in[15] (net)
                      0.035605    0.000000    0.206482 ^ _2106_/A0 (sky130_fd_sc_hd__mux2_1)
     1    0.002087    0.025484    0.068889    0.275371 ^ _2106_/X (sky130_fd_sc_hd__mux2_1)
                                                         _0221_ (net)
                      0.025484    0.000000    0.275371 ^ _3125_/D (sky130_fd_sc_hd__dfrtp_2)
                                              0.275371   data arrival time

                      0.000000    0.000000    0.000000   clock clk (rise edge)
                                  0.000000    0.000000   clock network delay (ideal)
                                  0.500000    0.500000   clock uncertainty
                                  0.000000    0.500000   clock reconvergence pessimism
                                              0.500000 ^ _3125_/CLK (sky130_fd_sc_hd__dfrtp_2)
                                 -0.020153    0.479847   library hold time
                                              0.479847   data required time
---------------------------------------------------------------------------------------------
                                              0.479847   data required time
                                             -0.275371   data arrival time
---------------------------------------------------------------------------------------------
                                             -0.204476   slack (VIOLATED)


Startpoint: _3036_ (rising edge-triggered flip-flop clocked by clk)
Endpoint: _3036_ (rising edge-triggered flip-flop clocked by clk)
Path Group: clk
Path Type: min

Fanout         Cap        Slew       Delay        Time   Description
---------------------------------------------------------------------------------------------
                      0.000000    0.000000    0.000000   clock clk (rise edge)
                                  0.000000    0.000000   clock network delay (ideal)
                      0.000000    0.000000    0.000000 ^ _3036_/CLK (sky130_fd_sc_hd__dfrtp_2)
     2    0.004536    0.032597    0.203609    0.203609 ^ _3036_/Q (sky130_fd_sc_hd__dfrtp_2)
                                                         my_sum_sub.al_exp[3] (net)
                      0.032597    0.000000    0.203609 ^ _2391_/A1 (sky130_fd_sc_hd__a221o_2)
     1    0.002087    0.017290    0.072479    0.276088 ^ _2391_/X (sky130_fd_sc_hd__a221o_2)
                                                         _0295_ (net)
                      0.017290    0.000000    0.276088 ^ _3036_/D (sky130_fd_sc_hd__dfrtp_2)
                                              0.276088   data arrival time

                      0.000000    0.000000    0.000000   clock clk (rise edge)
                                  0.000000    0.000000   clock network delay (ideal)
                                  0.500000    0.500000   clock uncertainty
                                  0.000000    0.500000   clock reconvergence pessimism
                                              0.500000 ^ _3036_/CLK (sky130_fd_sc_hd__dfrtp_2)
                                 -0.019550    0.480450   library hold time
                                              0.480450   data required time
---------------------------------------------------------------------------------------------
                                              0.480450   data required time
                                             -0.276088   data arrival time
---------------------------------------------------------------------------------------------
                                             -0.204362   slack (VIOLATED)


Startpoint: _3039_ (rising edge-triggered flip-flop clocked by clk)
Endpoint: _3039_ (rising edge-triggered flip-flop clocked by clk)
Path Group: clk
Path Type: min

Fanout         Cap        Slew       Delay        Time   Description
---------------------------------------------------------------------------------------------
                      0.000000    0.000000    0.000000   clock clk (rise edge)
                                  0.000000    0.000000   clock network delay (ideal)
                      0.000000    0.000000    0.000000 ^ _3039_/CLK (sky130_fd_sc_hd__dfrtp_2)
     2    0.004536    0.032597    0.203609    0.203609 ^ _3039_/Q (sky130_fd_sc_hd__dfrtp_2)
                                                         my_sum_sub.al_exp[6] (net)
                      0.032597    0.000000    0.203609 ^ _2385_/A1 (sky130_fd_sc_hd__a221o_2)
     1    0.002087    0.017289    0.072479    0.276088 ^ _2385_/X (sky130_fd_sc_hd__a221o_2)
                                                         _0298_ (net)
                      0.017289    0.000000    0.276088 ^ _3039_/D (sky130_fd_sc_hd__dfrtp_2)
                                              0.276088   data arrival time

                      0.000000    0.000000    0.000000   clock clk (rise edge)
                                  0.000000    0.000000   clock network delay (ideal)
                                  0.500000    0.500000   clock uncertainty
                                  0.000000    0.500000   clock reconvergence pessimism
                                              0.500000 ^ _3039_/CLK (sky130_fd_sc_hd__dfrtp_2)
                                 -0.019550    0.480450   library hold time
                                              0.480450   data required time
---------------------------------------------------------------------------------------------
                                              0.480450   data required time
                                             -0.276088   data arrival time
---------------------------------------------------------------------------------------------
                                             -0.204362   slack (VIOLATED)


Startpoint: _3033_ (rising edge-triggered flip-flop clocked by clk)
Endpoint: _3033_ (rising edge-triggered flip-flop clocked by clk)
Path Group: clk
Path Type: min

Fanout         Cap        Slew       Delay        Time   Description
---------------------------------------------------------------------------------------------
                      0.000000    0.000000    0.000000   clock clk (rise edge)
                                  0.000000    0.000000   clock network delay (ideal)
                      0.000000    0.000000    0.000000 ^ _3033_/CLK (sky130_fd_sc_hd__dfrtp_2)
     2    0.004536    0.032597    0.203609    0.203609 ^ _3033_/Q (sky130_fd_sc_hd__dfrtp_2)
                                                         my_sum_sub.al_exp[0] (net)
                      0.032597    0.000000    0.203609 ^ _2397_/A1 (sky130_fd_sc_hd__a221o_2)
     1    0.002087    0.017296    0.072479    0.276088 ^ _2397_/X (sky130_fd_sc_hd__a221o_2)
                                                         _0292_ (net)
                      0.017296    0.000000    0.276088 ^ _3033_/D (sky130_fd_sc_hd__dfrtp_2)
                                              0.276088   data arrival time

                      0.000000    0.000000    0.000000   clock clk (rise edge)
                                  0.000000    0.000000   clock network delay (ideal)
                                  0.500000    0.500000   clock uncertainty
                                  0.000000    0.500000   clock reconvergence pessimism
                                              0.500000 ^ _3033_/CLK (sky130_fd_sc_hd__dfrtp_2)
                                 -0.019550    0.480450   library hold time
                                              0.480450   data required time
---------------------------------------------------------------------------------------------
                                              0.480450   data required time
                                             -0.276088   data arrival time
---------------------------------------------------------------------------------------------
                                             -0.204362   slack (VIOLATED)


Startpoint: _3161_ (rising edge-triggered flip-flop clocked by clk)
Endpoint: _3158_ (rising edge-triggered flip-flop clocked by clk)
Path Group: clk
Path Type: min

Fanout         Cap        Slew       Delay        Time   Description
---------------------------------------------------------------------------------------------
                      0.000000    0.000000    0.000000   clock clk (rise edge)
                                  0.000000    0.000000   clock network delay (ideal)
                      0.000000    0.000000    0.000000 ^ _3161_/CLK (sky130_fd_sc_hd__dfrtp_2)
     4    0.011852    0.056114    0.225017    0.225017 ^ _3161_/Q (sky130_fd_sc_hd__dfrtp_2)
                                                         my_sum_sub.state[3] (net)
                      0.056114    0.000000    0.225017 ^ _2801_/B1 (sky130_fd_sc_hd__a21o_2)
     1    0.002517    0.018168    0.053341    0.278358 ^ _2801_/X (sky130_fd_sc_hd__a21o_2)
                                                         _0006_ (net)
                      0.018168    0.000000    0.278358 ^ _3158_/D (sky130_fd_sc_hd__dfstp_2)
                                              0.278358   data arrival time

                      0.000000    0.000000    0.000000   clock clk (rise edge)
                                  0.000000    0.000000   clock network delay (ideal)
                                  0.500000    0.500000   clock uncertainty
                                  0.000000    0.500000   clock reconvergence pessimism
                                              0.500000 ^ _3158_/CLK (sky130_fd_sc_hd__dfstp_2)
                                 -0.018339    0.481661   library hold time
                                              0.481661   data required time
---------------------------------------------------------------------------------------------
                                              0.481661   data required time
                                             -0.278358   data arrival time
---------------------------------------------------------------------------------------------
                                             -0.203303   slack (VIOLATED)


Startpoint: _3111_ (rising edge-triggered flip-flop clocked by clk)
Endpoint: _3111_ (rising edge-triggered flip-flop clocked by clk)
Path Group: clk
Path Type: min

Fanout         Cap        Slew       Delay        Time   Description
---------------------------------------------------------------------------------------------
                      0.000000    0.000000    0.000000   clock clk (rise edge)
                                  0.000000    0.000000   clock network delay (ideal)
                      0.000000    0.000000    0.000000 ^ _3111_/CLK (sky130_fd_sc_hd__dfrtp_2)
     3    0.005426    0.035499    0.206386    0.206386 ^ _3111_/Q (sky130_fd_sc_hd__dfrtp_2)
                                                         shift_in[0] (net)
                      0.035499    0.000000    0.206386 ^ _2120_/A1 (sky130_fd_sc_hd__mux2_1)
     1    0.002087    0.025480    0.070372    0.276758 ^ _2120_/X (sky130_fd_sc_hd__mux2_1)
                                                         _0207_ (net)
                      0.025480    0.000000    0.276758 ^ _3111_/D (sky130_fd_sc_hd__dfrtp_2)
                                              0.276758   data arrival time

                      0.000000    0.000000    0.000000   clock clk (rise edge)
                                  0.000000    0.000000   clock network delay (ideal)
                                  0.500000    0.500000   clock uncertainty
                                  0.000000    0.500000   clock reconvergence pessimism
                                              0.500000 ^ _3111_/CLK (sky130_fd_sc_hd__dfrtp_2)
                                 -0.020152    0.479848   library hold time
                                              0.479848   data required time
---------------------------------------------------------------------------------------------
                                              0.479848   data required time
                                             -0.276758   data arrival time
---------------------------------------------------------------------------------------------
                                             -0.203090   slack (VIOLATED)


Startpoint: _2999_ (rising edge-triggered flip-flop clocked by clk)
Endpoint: _2999_ (rising edge-triggered flip-flop clocked by clk)
Path Group: clk
Path Type: min

Fanout         Cap        Slew       Delay        Time   Description
---------------------------------------------------------------------------------------------
                      0.000000    0.000000    0.000000   clock clk (rise edge)
                                  0.000000    0.000000   clock network delay (ideal)
                      0.000000    0.000000    0.000000 ^ _2999_/CLK (sky130_fd_sc_hd__dfrtp_2)
     3    0.005659    0.036247    0.207062    0.207062 ^ _2999_/Q (sky130_fd_sc_hd__dfrtp_2)
                                                         my_divider.counter[2] (net)
                      0.036247    0.000000    0.207062 ^ _2773_/A1 (sky130_fd_sc_hd__o21a_2)
     1    0.002087    0.017559    0.071564    0.278626 ^ _2773_/X (sky130_fd_sc_hd__o21a_2)
                                                         _0258_ (net)
                      0.017559    0.000000    0.278626 ^ _2999_/D (sky130_fd_sc_hd__dfrtp_2)
                                              0.278626   data arrival time

                      0.000000    0.000000    0.000000   clock clk (rise edge)
                                  0.000000    0.000000   clock network delay (ideal)
                                  0.500000    0.500000   clock uncertainty
                                  0.000000    0.500000   clock reconvergence pessimism
                                              0.500000 ^ _2999_/CLK (sky130_fd_sc_hd__dfrtp_2)
                                 -0.019570    0.480430   library hold time
                                              0.480430   data required time
---------------------------------------------------------------------------------------------
                                              0.480430   data required time
                                             -0.278626   data arrival time
---------------------------------------------------------------------------------------------
                                             -0.201805   slack (VIOLATED)


Startpoint: _3144_ (rising edge-triggered flip-flop clocked by clk)
Endpoint: _3144_ (rising edge-triggered flip-flop clocked by clk)
Path Group: clk
Path Type: min

Fanout         Cap        Slew       Delay        Time   Description
---------------------------------------------------------------------------------------------
                      0.000000    0.000000    0.000000   clock clk (rise edge)
                                  0.000000    0.000000   clock network delay (ideal)
                      0.000000    0.000000    0.000000 ^ _3144_/CLK (sky130_fd_sc_hd__dfrtp_2)
     4    0.011346    0.054491    0.223550    0.223550 ^ _3144_/Q (sky130_fd_sc_hd__dfrtp_2)
                                                         bit_count[1] (net)
                      0.054491    0.000000    0.223550 ^ _1535_/B1 (sky130_fd_sc_hd__a21oi_2)
     1    0.004215    0.019128    0.020627    0.244177 v _1535_/Y (sky130_fd_sc_hd__a21oi_2)
                                                         _1082_ (net)
                      0.019128    0.000000    0.244177 v _1537_/B1 (sky130_fd_sc_hd__a21oi_2)
     1    0.002087    0.030862    0.033746    0.277923 ^ _1537_/Y (sky130_fd_sc_hd__a21oi_2)
                                                         _0240_ (net)
                      0.030862    0.000000    0.277923 ^ _3144_/D (sky130_fd_sc_hd__dfrtp_2)
                                              0.277923   data arrival time

                      0.000000    0.000000    0.000000   clock clk (rise edge)
                                  0.000000    0.000000   clock network delay (ideal)
                                  0.500000    0.500000   clock uncertainty
                                  0.000000    0.500000   clock reconvergence pessimism
                                              0.500000 ^ _3144_/CLK (sky130_fd_sc_hd__dfrtp_2)
                                 -0.020548    0.479452   library hold time
                                              0.479452   data required time
---------------------------------------------------------------------------------------------
                                              0.479452   data required time
                                             -0.277923   data arrival time
---------------------------------------------------------------------------------------------
                                             -0.201528   slack (VIOLATED)


Startpoint: _3024_ (rising edge-triggered flip-flop clocked by clk)
Endpoint: _3024_ (rising edge-triggered flip-flop clocked by clk)
Path Group: clk
Path Type: min

Fanout         Cap        Slew       Delay        Time   Description
---------------------------------------------------------------------------------------------
                      0.000000    0.000000    0.000000   clock clk (rise edge)
                                  0.000000    0.000000   clock network delay (ideal)
                      0.000000    0.000000    0.000000 ^ _3024_/CLK (sky130_fd_sc_hd__dfrtp_2)
     2    0.005065    0.034341    0.205340    0.205340 ^ _3024_/Q (sky130_fd_sc_hd__dfrtp_2)
                                                         my_sum_sub.result[7] (net)
                      0.034341    0.000000    0.205340 ^ _2668_/A2 (sky130_fd_sc_hd__a22o_2)
     1    0.002087    0.019575    0.073457    0.278796 ^ _2668_/X (sky130_fd_sc_hd__a22o_2)
                                                         _0283_ (net)
                      0.019575    0.000000    0.278796 ^ _3024_/D (sky130_fd_sc_hd__dfrtp_2)
                                              0.278796   data arrival time

                      0.000000    0.000000    0.000000   clock clk (rise edge)
                                  0.000000    0.000000   clock network delay (ideal)
                                  0.500000    0.500000   clock uncertainty
                                  0.000000    0.500000   clock reconvergence pessimism
                                              0.500000 ^ _3024_/CLK (sky130_fd_sc_hd__dfrtp_2)
                                 -0.019718    0.480282   library hold time
                                              0.480282   data required time
---------------------------------------------------------------------------------------------
                                              0.480282   data required time
                                             -0.278796   data arrival time
---------------------------------------------------------------------------------------------
                                             -0.201486   slack (VIOLATED)


Startpoint: _3031_ (rising edge-triggered flip-flop clocked by clk)
Endpoint: _3031_ (rising edge-triggered flip-flop clocked by clk)
Path Group: clk
Path Type: min

Fanout         Cap        Slew       Delay        Time   Description
---------------------------------------------------------------------------------------------
                      0.000000    0.000000    0.000000   clock clk (rise edge)
                                  0.000000    0.000000   clock network delay (ideal)
                      0.000000    0.000000    0.000000 ^ _3031_/CLK (sky130_fd_sc_hd__dfrtp_2)
     2    0.005065    0.034341    0.205340    0.205340 ^ _3031_/Q (sky130_fd_sc_hd__dfrtp_2)
                                                         my_sum_sub.result[14] (net)
                      0.034341    0.000000    0.205340 ^ _2661_/A2 (sky130_fd_sc_hd__a22o_2)
     1    0.002087    0.019575    0.073457    0.278796 ^ _2661_/X (sky130_fd_sc_hd__a22o_2)
                                                         _0290_ (net)
                      0.019575    0.000000    0.278796 ^ _3031_/D (sky130_fd_sc_hd__dfrtp_2)
                                              0.278796   data arrival time

                      0.000000    0.000000    0.000000   clock clk (rise edge)
                                  0.000000    0.000000   clock network delay (ideal)
                                  0.500000    0.500000   clock uncertainty
                                  0.000000    0.500000   clock reconvergence pessimism
                                              0.500000 ^ _3031_/CLK (sky130_fd_sc_hd__dfrtp_2)
                                 -0.019718    0.480282   library hold time
                                              0.480282   data required time
---------------------------------------------------------------------------------------------
                                              0.480282   data required time
                                             -0.278796   data arrival time
---------------------------------------------------------------------------------------------
                                             -0.201486   slack (VIOLATED)


Startpoint: _3030_ (rising edge-triggered flip-flop clocked by clk)
Endpoint: _3030_ (rising edge-triggered flip-flop clocked by clk)
Path Group: clk
Path Type: min

Fanout         Cap        Slew       Delay        Time   Description
---------------------------------------------------------------------------------------------
                      0.000000    0.000000    0.000000   clock clk (rise edge)
                                  0.000000    0.000000   clock network delay (ideal)
                      0.000000    0.000000    0.000000 ^ _3030_/CLK (sky130_fd_sc_hd__dfrtp_2)
     2    0.005065    0.034341    0.205340    0.205340 ^ _3030_/Q (sky130_fd_sc_hd__dfrtp_2)
                                                         my_sum_sub.result[13] (net)
                      0.034341    0.000000    0.205340 ^ _2662_/A2 (sky130_fd_sc_hd__a22o_2)
     1    0.002087    0.019582    0.073457    0.278796 ^ _2662_/X (sky130_fd_sc_hd__a22o_2)
                                                         _0289_ (net)
                      0.019582    0.000000    0.278796 ^ _3030_/D (sky130_fd_sc_hd__dfrtp_2)
                                              0.278796   data arrival time

                      0.000000    0.000000    0.000000   clock clk (rise edge)
                                  0.000000    0.000000   clock network delay (ideal)
                                  0.500000    0.500000   clock uncertainty
                                  0.000000    0.500000   clock reconvergence pessimism
                                              0.500000 ^ _3030_/CLK (sky130_fd_sc_hd__dfrtp_2)
                                 -0.019718    0.480282   library hold time
                                              0.480282   data required time
---------------------------------------------------------------------------------------------
                                              0.480282   data required time
                                             -0.278796   data arrival time
---------------------------------------------------------------------------------------------
                                             -0.201485   slack (VIOLATED)


Startpoint: _3025_ (rising edge-triggered flip-flop clocked by clk)
Endpoint: _3025_ (rising edge-triggered flip-flop clocked by clk)
Path Group: clk
Path Type: min

Fanout         Cap        Slew       Delay        Time   Description
---------------------------------------------------------------------------------------------
                      0.000000    0.000000    0.000000   clock clk (rise edge)
                                  0.000000    0.000000   clock network delay (ideal)
                      0.000000    0.000000    0.000000 ^ _3025_/CLK (sky130_fd_sc_hd__dfrtp_2)
     2    0.005107    0.034476    0.205461    0.205461 ^ _3025_/Q (sky130_fd_sc_hd__dfrtp_2)
                                                         my_sum_sub.result[8] (net)
                      0.034476    0.000000    0.205461 ^ _2667_/A2 (sky130_fd_sc_hd__a22o_2)
     1    0.002087    0.019575    0.073489    0.278950 ^ _2667_/X (sky130_fd_sc_hd__a22o_2)
                                                         _0284_ (net)
                      0.019575    0.000000    0.278950 ^ _3025_/D (sky130_fd_sc_hd__dfrtp_2)
                                              0.278950   data arrival time

                      0.000000    0.000000    0.000000   clock clk (rise edge)
                                  0.000000    0.000000   clock network delay (ideal)
                                  0.500000    0.500000   clock uncertainty
                                  0.000000    0.500000   clock reconvergence pessimism
                                              0.500000 ^ _3025_/CLK (sky130_fd_sc_hd__dfrtp_2)
                                 -0.019718    0.480282   library hold time
                                              0.480282   data required time
---------------------------------------------------------------------------------------------
                                              0.480282   data required time
                                             -0.278950   data arrival time
---------------------------------------------------------------------------------------------
                                             -0.201332   slack (VIOLATED)


Startpoint: _3026_ (rising edge-triggered flip-flop clocked by clk)
Endpoint: _3026_ (rising edge-triggered flip-flop clocked by clk)
Path Group: clk
Path Type: min

Fanout         Cap        Slew       Delay        Time   Description
---------------------------------------------------------------------------------------------
                      0.000000    0.000000    0.000000   clock clk (rise edge)
                                  0.000000    0.000000   clock network delay (ideal)
                      0.000000    0.000000    0.000000 ^ _3026_/CLK (sky130_fd_sc_hd__dfrtp_2)
     2    0.005107    0.034476    0.205461    0.205461 ^ _3026_/Q (sky130_fd_sc_hd__dfrtp_2)
                                                         my_sum_sub.result[9] (net)
                      0.034476    0.000000    0.205461 ^ _2666_/A2 (sky130_fd_sc_hd__a22o_2)
     1    0.002087    0.019575    0.073489    0.278950 ^ _2666_/X (sky130_fd_sc_hd__a22o_2)
                                                         _0285_ (net)
                      0.019575    0.000000    0.278950 ^ _3026_/D (sky130_fd_sc_hd__dfrtp_2)
                                              0.278950   data arrival time

                      0.000000    0.000000    0.000000   clock clk (rise edge)
                                  0.000000    0.000000   clock network delay (ideal)
                                  0.500000    0.500000   clock uncertainty
                                  0.000000    0.500000   clock reconvergence pessimism
                                              0.500000 ^ _3026_/CLK (sky130_fd_sc_hd__dfrtp_2)
                                 -0.019718    0.480282   library hold time
                                              0.480282   data required time
---------------------------------------------------------------------------------------------
                                              0.480282   data required time
                                             -0.278950   data arrival time
---------------------------------------------------------------------------------------------
                                             -0.201332   slack (VIOLATED)


Startpoint: _3027_ (rising edge-triggered flip-flop clocked by clk)
Endpoint: _3027_ (rising edge-triggered flip-flop clocked by clk)
Path Group: clk
Path Type: min

Fanout         Cap        Slew       Delay        Time   Description
---------------------------------------------------------------------------------------------
                      0.000000    0.000000    0.000000   clock clk (rise edge)
                                  0.000000    0.000000   clock network delay (ideal)
                      0.000000    0.000000    0.000000 ^ _3027_/CLK (sky130_fd_sc_hd__dfrtp_2)
     2    0.005107    0.034476    0.205461    0.205461 ^ _3027_/Q (sky130_fd_sc_hd__dfrtp_2)
                                                         my_sum_sub.result[10] (net)
                      0.034476    0.000000    0.205461 ^ _2665_/A2 (sky130_fd_sc_hd__a22o_2)
     1    0.002087    0.019575    0.073489    0.278950 ^ _2665_/X (sky130_fd_sc_hd__a22o_2)
                                                         _0286_ (net)
                      0.019575    0.000000    0.278950 ^ _3027_/D (sky130_fd_sc_hd__dfrtp_2)
                                              0.278950   data arrival time

                      0.000000    0.000000    0.000000   clock clk (rise edge)
                                  0.000000    0.000000   clock network delay (ideal)
                                  0.500000    0.500000   clock uncertainty
                                  0.000000    0.500000   clock reconvergence pessimism
                                              0.500000 ^ _3027_/CLK (sky130_fd_sc_hd__dfrtp_2)
                                 -0.019718    0.480282   library hold time
                                              0.480282   data required time
---------------------------------------------------------------------------------------------
                                              0.480282   data required time
                                             -0.278950   data arrival time
---------------------------------------------------------------------------------------------
                                             -0.201332   slack (VIOLATED)


Startpoint: _3028_ (rising edge-triggered flip-flop clocked by clk)
Endpoint: _3028_ (rising edge-triggered flip-flop clocked by clk)
Path Group: clk
Path Type: min

Fanout         Cap        Slew       Delay        Time   Description
---------------------------------------------------------------------------------------------
                      0.000000    0.000000    0.000000   clock clk (rise edge)
                                  0.000000    0.000000   clock network delay (ideal)
                      0.000000    0.000000    0.000000 ^ _3028_/CLK (sky130_fd_sc_hd__dfrtp_2)
     2    0.005107    0.034476    0.205461    0.205461 ^ _3028_/Q (sky130_fd_sc_hd__dfrtp_2)
                                                         my_sum_sub.result[11] (net)
                      0.034476    0.000000    0.205461 ^ _2664_/A2 (sky130_fd_sc_hd__a22o_2)
     1    0.002087    0.019575    0.073489    0.278950 ^ _2664_/X (sky130_fd_sc_hd__a22o_2)
                                                         _0287_ (net)
                      0.019575    0.000000    0.278950 ^ _3028_/D (sky130_fd_sc_hd__dfrtp_2)
                                              0.278950   data arrival time

                      0.000000    0.000000    0.000000   clock clk (rise edge)
                                  0.000000    0.000000   clock network delay (ideal)
                                  0.500000    0.500000   clock uncertainty
                                  0.000000    0.500000   clock reconvergence pessimism
                                              0.500000 ^ _3028_/CLK (sky130_fd_sc_hd__dfrtp_2)
                                 -0.019718    0.480282   library hold time
                                              0.480282   data required time
---------------------------------------------------------------------------------------------
                                              0.480282   data required time
                                             -0.278950   data arrival time
---------------------------------------------------------------------------------------------
                                             -0.201332   slack (VIOLATED)


Startpoint: _3029_ (rising edge-triggered flip-flop clocked by clk)
Endpoint: _3029_ (rising edge-triggered flip-flop clocked by clk)
Path Group: clk
Path Type: min

Fanout         Cap        Slew       Delay        Time   Description
---------------------------------------------------------------------------------------------
                      0.000000    0.000000    0.000000   clock clk (rise edge)
                                  0.000000    0.000000   clock network delay (ideal)
                      0.000000    0.000000    0.000000 ^ _3029_/CLK (sky130_fd_sc_hd__dfrtp_2)
     2    0.005107    0.034476    0.205461    0.205461 ^ _3029_/Q (sky130_fd_sc_hd__dfrtp_2)
                                                         my_sum_sub.result[12] (net)
                      0.034476    0.000000    0.205461 ^ _2663_/A2 (sky130_fd_sc_hd__a22o_2)
     1    0.002087    0.019584    0.073489    0.278950 ^ _2663_/X (sky130_fd_sc_hd__a22o_2)
                                                         _0288_ (net)
                      0.019584    0.000000    0.278950 ^ _3029_/D (sky130_fd_sc_hd__dfrtp_2)
                                              0.278950   data arrival time

                      0.000000    0.000000    0.000000   clock clk (rise edge)
                                  0.000000    0.000000   clock network delay (ideal)
                                  0.500000    0.500000   clock uncertainty
                                  0.000000    0.500000   clock reconvergence pessimism
                                              0.500000 ^ _3029_/CLK (sky130_fd_sc_hd__dfrtp_2)
                                 -0.019719    0.480281   library hold time
                                              0.480281   data required time
---------------------------------------------------------------------------------------------
                                              0.480281   data required time
                                             -0.278950   data arrival time
---------------------------------------------------------------------------------------------
                                             -0.201331   slack (VIOLATED)


Startpoint: _3056_ (rising edge-triggered flip-flop clocked by clk)
Endpoint: _3056_ (rising edge-triggered flip-flop clocked by clk)
Path Group: clk
Path Type: min

Fanout         Cap        Slew       Delay        Time   Description
---------------------------------------------------------------------------------------------
                      0.000000    0.000000    0.000000   clock clk (rise edge)
                                  0.000000    0.000000   clock network delay (ideal)
                      0.000000    0.000000    0.000000 ^ _3056_/CLK (sky130_fd_sc_hd__dfrtp_2)
     4    0.008549    0.045518    0.215441    0.215441 ^ _3056_/Q (sky130_fd_sc_hd__dfrtp_2)
                                                         my_sum_sub.al_mb[7] (net)
                      0.045518    0.000000    0.215441 ^ _2304_/A2 (sky130_fd_sc_hd__o21a_2)
     1    0.002087    0.017485    0.064617    0.280058 ^ _2304_/X (sky130_fd_sc_hd__o21a_2)
                                                         _0315_ (net)
                      0.017485    0.000000    0.280058 ^ _3056_/D (sky130_fd_sc_hd__dfrtp_2)
                                              0.280058   data arrival time

                      0.000000    0.000000    0.000000   clock clk (rise edge)
                                  0.000000    0.000000   clock network delay (ideal)
                                  0.500000    0.500000   clock uncertainty
                                  0.000000    0.500000   clock reconvergence pessimism
                                              0.500000 ^ _3056_/CLK (sky130_fd_sc_hd__dfrtp_2)
                                 -0.019564    0.480436   library hold time
                                              0.480436   data required time
---------------------------------------------------------------------------------------------
                                              0.480436   data required time
                                             -0.280058   data arrival time
---------------------------------------------------------------------------------------------
                                             -0.200378   slack (VIOLATED)


Startpoint: _3060_ (rising edge-triggered flip-flop clocked by clk)
Endpoint: _3060_ (rising edge-triggered flip-flop clocked by clk)
Path Group: clk
Path Type: min

Fanout         Cap        Slew       Delay        Time   Description
---------------------------------------------------------------------------------------------
                      0.000000    0.000000    0.000000   clock clk (rise edge)
                                  0.000000    0.000000   clock network delay (ideal)
                      0.000000    0.000000    0.000000 ^ _3060_/CLK (sky130_fd_sc_hd__dfrtp_2)
     4    0.011550    0.055145    0.224142    0.224142 ^ _3060_/Q (sky130_fd_sc_hd__dfrtp_2)
                                                         my_sum_sub.cm_mant[0] (net)
                      0.055145    0.000000    0.224142 ^ _2273_/B (sky130_fd_sc_hd__nor2_2)
     1    0.004215    0.019469    0.021480    0.245622 v _2273_/Y (sky130_fd_sc_hd__nor2_2)
                                                         _0600_ (net)
                      0.019469    0.000000    0.245622 v _2274_/B1 (sky130_fd_sc_hd__a21oi_2)
     1    0.002087    0.030856    0.033856    0.279478 ^ _2274_/Y (sky130_fd_sc_hd__a21oi_2)
                                                         _0319_ (net)
                      0.030856    0.000000    0.279478 ^ _3060_/D (sky130_fd_sc_hd__dfrtp_2)
                                              0.279478   data arrival time

                      0.000000    0.000000    0.000000   clock clk (rise edge)
                                  0.000000    0.000000   clock network delay (ideal)
                                  0.500000    0.500000   clock uncertainty
                                  0.000000    0.500000   clock reconvergence pessimism
                                              0.500000 ^ _3060_/CLK (sky130_fd_sc_hd__dfrtp_2)
                                 -0.020548    0.479452   library hold time
                                              0.479452   data required time
---------------------------------------------------------------------------------------------
                                              0.479452   data required time
                                             -0.279478   data arrival time
---------------------------------------------------------------------------------------------
                                             -0.199974   slack (VIOLATED)


Startpoint: _3011_ (rising edge-triggered flip-flop clocked by clk)
Endpoint: _3011_ (rising edge-triggered flip-flop clocked by clk)
Path Group: clk
Path Type: min

Fanout         Cap        Slew       Delay        Time   Description
---------------------------------------------------------------------------------------------
                      0.000000    0.000000    0.000000   clock clk (rise edge)
                                  0.000000    0.000000   clock network delay (ideal)
                      0.000000    0.000000    0.000000 ^ _3011_/CLK (sky130_fd_sc_hd__dfrtp_2)
     3    0.007456    0.042012    0.212272    0.212272 ^ _3011_/Q (sky130_fd_sc_hd__dfrtp_2)
                                                         div_quotient[1] (net)
                      0.042012    0.000000    0.212272 ^ _2698_/B2 (sky130_fd_sc_hd__a22o_2)
     1    0.002087    0.019550    0.068492    0.280764 ^ _2698_/X (sky130_fd_sc_hd__a22o_2)
                                                         _0270_ (net)
                      0.019550    0.000000    0.280764 ^ _3011_/D (sky130_fd_sc_hd__dfrtp_2)
                                              0.280764   data arrival time

                      0.000000    0.000000    0.000000   clock clk (rise edge)
                                  0.000000    0.000000   clock network delay (ideal)
                                  0.500000    0.500000   clock uncertainty
                                  0.000000    0.500000   clock reconvergence pessimism
                                              0.500000 ^ _3011_/CLK (sky130_fd_sc_hd__dfrtp_2)
                                 -0.019716    0.480284   library hold time
                                              0.480284   data required time
---------------------------------------------------------------------------------------------
                                              0.480284   data required time
                                             -0.280764   data arrival time
---------------------------------------------------------------------------------------------
                                             -0.199520   slack (VIOLATED)


Startpoint: _3012_ (rising edge-triggered flip-flop clocked by clk)
Endpoint: _3012_ (rising edge-triggered flip-flop clocked by clk)
Path Group: clk
Path Type: min

Fanout         Cap        Slew       Delay        Time   Description
---------------------------------------------------------------------------------------------
                      0.000000    0.000000    0.000000   clock clk (rise edge)
                                  0.000000    0.000000   clock network delay (ideal)
                      0.000000    0.000000    0.000000 ^ _3012_/CLK (sky130_fd_sc_hd__dfrtp_2)
     3    0.007456    0.042012    0.212272    0.212272 ^ _3012_/Q (sky130_fd_sc_hd__dfrtp_2)
                                                         div_quotient[2] (net)
                      0.042012    0.000000    0.212272 ^ _2697_/B2 (sky130_fd_sc_hd__a22o_2)
     1    0.002087    0.019550    0.068492    0.280764 ^ _2697_/X (sky130_fd_sc_hd__a22o_2)
                                                         _0271_ (net)
                      0.019550    0.000000    0.280764 ^ _3012_/D (sky130_fd_sc_hd__dfrtp_2)
                                              0.280764   data arrival time

                      0.000000    0.000000    0.000000   clock clk (rise edge)
                                  0.000000    0.000000   clock network delay (ideal)
                                  0.500000    0.500000   clock uncertainty
                                  0.000000    0.500000   clock reconvergence pessimism
                                              0.500000 ^ _3012_/CLK (sky130_fd_sc_hd__dfrtp_2)
                                 -0.019716    0.480284   library hold time
                                              0.480284   data required time
---------------------------------------------------------------------------------------------
                                              0.480284   data required time
                                             -0.280764   data arrival time
---------------------------------------------------------------------------------------------
                                             -0.199520   slack (VIOLATED)


Startpoint: _3013_ (rising edge-triggered flip-flop clocked by clk)
Endpoint: _3013_ (rising edge-triggered flip-flop clocked by clk)
Path Group: clk
Path Type: min

Fanout         Cap        Slew       Delay        Time   Description
---------------------------------------------------------------------------------------------
                      0.000000    0.000000    0.000000   clock clk (rise edge)
                                  0.000000    0.000000   clock network delay (ideal)
                      0.000000    0.000000    0.000000 ^ _3013_/CLK (sky130_fd_sc_hd__dfrtp_2)
     3    0.007456    0.042012    0.212272    0.212272 ^ _3013_/Q (sky130_fd_sc_hd__dfrtp_2)
                                                         div_quotient[3] (net)
                      0.042012    0.000000    0.212272 ^ _2696_/B2 (sky130_fd_sc_hd__a22o_2)
     1    0.002087    0.019550    0.068492    0.280764 ^ _2696_/X (sky130_fd_sc_hd__a22o_2)
                                                         _0272_ (net)
                      0.019550    0.000000    0.280764 ^ _3013_/D (sky130_fd_sc_hd__dfrtp_2)
                                              0.280764   data arrival time

                      0.000000    0.000000    0.000000   clock clk (rise edge)
                                  0.000000    0.000000   clock network delay (ideal)
                                  0.500000    0.500000   clock uncertainty
                                  0.000000    0.500000   clock reconvergence pessimism
                                              0.500000 ^ _3013_/CLK (sky130_fd_sc_hd__dfrtp_2)
                                 -0.019716    0.480284   library hold time
                                              0.480284   data required time
---------------------------------------------------------------------------------------------
                                              0.480284   data required time
                                             -0.280764   data arrival time
---------------------------------------------------------------------------------------------
                                             -0.199520   slack (VIOLATED)


Startpoint: _3014_ (rising edge-triggered flip-flop clocked by clk)
Endpoint: _3014_ (rising edge-triggered flip-flop clocked by clk)
Path Group: clk
Path Type: min

Fanout         Cap        Slew       Delay        Time   Description
---------------------------------------------------------------------------------------------
                      0.000000    0.000000    0.000000   clock clk (rise edge)
                                  0.000000    0.000000   clock network delay (ideal)
                      0.000000    0.000000    0.000000 ^ _3014_/CLK (sky130_fd_sc_hd__dfrtp_2)
     3    0.007456    0.042012    0.212272    0.212272 ^ _3014_/Q (sky130_fd_sc_hd__dfrtp_2)
                                                         div_quotient[4] (net)
                      0.042012    0.000000    0.212272 ^ _2695_/B2 (sky130_fd_sc_hd__a22o_2)
     1    0.002087    0.019550    0.068492    0.280764 ^ _2695_/X (sky130_fd_sc_hd__a22o_2)
                                                         _0273_ (net)
                      0.019550    0.000000    0.280764 ^ _3014_/D (sky130_fd_sc_hd__dfrtp_2)
                                              0.280764   data arrival time

                      0.000000    0.000000    0.000000   clock clk (rise edge)
                                  0.000000    0.000000   clock network delay (ideal)
                                  0.500000    0.500000   clock uncertainty
                                  0.000000    0.500000   clock reconvergence pessimism
                                              0.500000 ^ _3014_/CLK (sky130_fd_sc_hd__dfrtp_2)
                                 -0.019716    0.480284   library hold time
                                              0.480284   data required time
---------------------------------------------------------------------------------------------
                                              0.480284   data required time
                                             -0.280764   data arrival time
---------------------------------------------------------------------------------------------
                                             -0.199520   slack (VIOLATED)


Startpoint: _3015_ (rising edge-triggered flip-flop clocked by clk)
Endpoint: _3015_ (rising edge-triggered flip-flop clocked by clk)
Path Group: clk
Path Type: min

Fanout         Cap        Slew       Delay        Time   Description
---------------------------------------------------------------------------------------------
                      0.000000    0.000000    0.000000   clock clk (rise edge)
                                  0.000000    0.000000   clock network delay (ideal)
                      0.000000    0.000000    0.000000 ^ _3015_/CLK (sky130_fd_sc_hd__dfrtp_2)
     3    0.007456    0.042012    0.212272    0.212272 ^ _3015_/Q (sky130_fd_sc_hd__dfrtp_2)
                                                         div_quotient[5] (net)
                      0.042012    0.000000    0.212272 ^ _2694_/B2 (sky130_fd_sc_hd__a22o_2)
     1    0.002087    0.019550    0.068492    0.280764 ^ _2694_/X (sky130_fd_sc_hd__a22o_2)
                                                         _0274_ (net)
                      0.019550    0.000000    0.280764 ^ _3015_/D (sky130_fd_sc_hd__dfrtp_2)
                                              0.280764   data arrival time

                      0.000000    0.000000    0.000000   clock clk (rise edge)
                                  0.000000    0.000000   clock network delay (ideal)
                                  0.500000    0.500000   clock uncertainty
                                  0.000000    0.500000   clock reconvergence pessimism
                                              0.500000 ^ _3015_/CLK (sky130_fd_sc_hd__dfrtp_2)
                                 -0.019716    0.480284   library hold time
                                              0.480284   data required time
---------------------------------------------------------------------------------------------
                                              0.480284   data required time
                                             -0.280764   data arrival time
---------------------------------------------------------------------------------------------
                                             -0.199520   slack (VIOLATED)


Startpoint: _3000_ (rising edge-triggered flip-flop clocked by clk)
Endpoint: _3000_ (rising edge-triggered flip-flop clocked by clk)
Path Group: clk
Path Type: min

Fanout         Cap        Slew       Delay        Time   Description
---------------------------------------------------------------------------------------------
                      0.000000    0.000000    0.000000   clock clk (rise edge)
                                  0.000000    0.000000   clock network delay (ideal)
                      0.000000    0.000000    0.000000 ^ _3000_/CLK (sky130_fd_sc_hd__dfrtp_2)
     2    0.005278    0.035025    0.205957    0.205957 ^ _3000_/Q (sky130_fd_sc_hd__dfrtp_2)
                                                         my_divider.counter[3] (net)
                      0.035025    0.000000    0.205957 ^ _2772_/S (sky130_fd_sc_hd__mux2_1)
     1    0.002087    0.025491    0.074404    0.280361 ^ _2772_/X (sky130_fd_sc_hd__mux2_1)
                                                         _0259_ (net)
                      0.025491    0.000000    0.280361 ^ _3000_/D (sky130_fd_sc_hd__dfrtp_2)
                                              0.280361   data arrival time

                      0.000000    0.000000    0.000000   clock clk (rise edge)
                                  0.000000    0.000000   clock network delay (ideal)
                                  0.500000    0.500000   clock uncertainty
                                  0.000000    0.500000   clock reconvergence pessimism
                                              0.500000 ^ _3000_/CLK (sky130_fd_sc_hd__dfrtp_2)
                                 -0.020153    0.479847   library hold time
                                              0.479847   data required time
---------------------------------------------------------------------------------------------
                                              0.479847   data required time
                                             -0.280361   data arrival time
---------------------------------------------------------------------------------------------
                                             -0.199486   slack (VIOLATED)


Startpoint: _3002_ (rising edge-triggered flip-flop clocked by clk)
Endpoint: _3002_ (rising edge-triggered flip-flop clocked by clk)
Path Group: clk
Path Type: min

Fanout         Cap        Slew       Delay        Time   Description
---------------------------------------------------------------------------------------------
                      0.000000    0.000000    0.000000   clock clk (rise edge)
                                  0.000000    0.000000   clock network delay (ideal)
                      0.000000    0.000000    0.000000 ^ _3002_/CLK (sky130_fd_sc_hd__dfrtp_2)
     4    0.006871    0.040135    0.210576    0.210576 ^ _3002_/Q (sky130_fd_sc_hd__dfrtp_2)
                                                         my_divider.remainder_reg[1] (net)
                      0.040135    0.000000    0.210576 ^ _2765_/A0 (sky130_fd_sc_hd__mux2_1)
     1    0.002087    0.025481    0.070159    0.280734 ^ _2765_/X (sky130_fd_sc_hd__mux2_1)
                                                         _0261_ (net)
                      0.025481    0.000000    0.280734 ^ _3002_/D (sky130_fd_sc_hd__dfrtp_2)
                                              0.280734   data arrival time

                      0.000000    0.000000    0.000000   clock clk (rise edge)
                                  0.000000    0.000000   clock network delay (ideal)
                                  0.500000    0.500000   clock uncertainty
                                  0.000000    0.500000   clock reconvergence pessimism
                                              0.500000 ^ _3002_/CLK (sky130_fd_sc_hd__dfrtp_2)
                                 -0.020152    0.479848   library hold time
                                              0.479848   data required time
---------------------------------------------------------------------------------------------
                                              0.479848   data required time
                                             -0.280734   data arrival time
---------------------------------------------------------------------------------------------
                                             -0.199113   slack (VIOLATED)


Startpoint: _3112_ (rising edge-triggered flip-flop clocked by clk)
Endpoint: _3096_ (rising edge-triggered flip-flop clocked by clk)
Path Group: clk
Path Type: min

Fanout         Cap        Slew       Delay        Time   Description
---------------------------------------------------------------------------------------------
                      0.000000    0.000000    0.000000   clock clk (rise edge)
                                  0.000000    0.000000   clock network delay (ideal)
                      0.000000    0.000000    0.000000 ^ _3112_/CLK (sky130_fd_sc_hd__dfrtp_2)
     4    0.007015    0.040597    0.210993    0.210993 ^ _3112_/Q (sky130_fd_sc_hd__dfrtp_2)
                                                         shift_in[1] (net)
                      0.040597    0.000000    0.210993 ^ _2138_/A0 (sky130_fd_sc_hd__mux2_1)
     1    0.002087    0.025480    0.070288    0.281281 ^ _2138_/X (sky130_fd_sc_hd__mux2_1)
                                                         _0355_ (net)
                      0.025480    0.000000    0.281281 ^ _3096_/D (sky130_fd_sc_hd__dfrtp_2)
                                              0.281281   data arrival time

                      0.000000    0.000000    0.000000   clock clk (rise edge)
                                  0.000000    0.000000   clock network delay (ideal)
                                  0.500000    0.500000   clock uncertainty
                                  0.000000    0.500000   clock reconvergence pessimism
                                              0.500000 ^ _3096_/CLK (sky130_fd_sc_hd__dfrtp_2)
                                 -0.020152    0.479848   library hold time
                                              0.479848   data required time
---------------------------------------------------------------------------------------------
                                              0.479848   data required time
                                             -0.281281   data arrival time
---------------------------------------------------------------------------------------------
                                             -0.198566   slack (VIOLATED)


Startpoint: _3127_ (rising edge-triggered flip-flop clocked by clk)
Endpoint: _3078_ (rising edge-triggered flip-flop clocked by clk)
Path Group: clk
Path Type: min

Fanout         Cap        Slew       Delay        Time   Description
---------------------------------------------------------------------------------------------
                      0.000000    0.000000    0.000000   clock clk (rise edge)
                                  0.000000    0.000000   clock network delay (ideal)
                      0.000000    0.000000    0.000000 ^ _3127_/CLK (sky130_fd_sc_hd__dfrtp_2)
     2    0.004843    0.033629    0.204696    0.204696 ^ _3127_/Q (sky130_fd_sc_hd__dfrtp_2)
                                                         shift_out[0] (net)
                      0.033629    0.000000    0.204696 ^ _2163_/A1 (sky130_fd_sc_hd__a32o_2)
     1    0.002087    0.022577    0.077243    0.281938 ^ _2163_/X (sky130_fd_sc_hd__a32o_2)
                                                         _0337_ (net)
                      0.022577    0.000000    0.281938 ^ _3078_/D (sky130_fd_sc_hd__dfrtp_2)
                                              0.281938   data arrival time

                      0.000000    0.000000    0.000000   clock clk (rise edge)
                                  0.000000    0.000000   clock network delay (ideal)
                                  0.500000    0.500000   clock uncertainty
                                  0.000000    0.500000   clock reconvergence pessimism
                                              0.500000 ^ _3078_/CLK (sky130_fd_sc_hd__dfrtp_2)
                                 -0.019939    0.480061   library hold time
                                              0.480061   data required time
---------------------------------------------------------------------------------------------
                                              0.480061   data required time
                                             -0.281938   data arrival time
---------------------------------------------------------------------------------------------
                                             -0.198123   slack (VIOLATED)


Startpoint: _3114_ (rising edge-triggered flip-flop clocked by clk)
Endpoint: _3098_ (rising edge-triggered flip-flop clocked by clk)
Path Group: clk
Path Type: min

Fanout         Cap        Slew       Delay        Time   Description
---------------------------------------------------------------------------------------------
                      0.000000    0.000000    0.000000   clock clk (rise edge)
                                  0.000000    0.000000   clock network delay (ideal)
                      0.000000    0.000000    0.000000 ^ _3114_/CLK (sky130_fd_sc_hd__dfrtp_2)
     4    0.007217    0.041245    0.211579    0.211579 ^ _3114_/Q (sky130_fd_sc_hd__dfrtp_2)
                                                         shift_in[3] (net)
                      0.041245    0.000000    0.211579 ^ _2136_/A0 (sky130_fd_sc_hd__mux2_1)
     1    0.002087    0.025480    0.070470    0.282049 ^ _2136_/X (sky130_fd_sc_hd__mux2_1)
                                                         _0357_ (net)
                      0.025480    0.000000    0.282049 ^ _3098_/D (sky130_fd_sc_hd__dfrtp_2)
                                              0.282049   data arrival time

                      0.000000    0.000000    0.000000   clock clk (rise edge)
                                  0.000000    0.000000   clock network delay (ideal)
                                  0.500000    0.500000   clock uncertainty
                                  0.000000    0.500000   clock reconvergence pessimism
                                              0.500000 ^ _3098_/CLK (sky130_fd_sc_hd__dfrtp_2)
                                 -0.020152    0.479848   library hold time
                                              0.479848   data required time
---------------------------------------------------------------------------------------------
                                              0.479848   data required time
                                             -0.282049   data arrival time
---------------------------------------------------------------------------------------------
                                             -0.197799   slack (VIOLATED)


Startpoint: _3114_ (rising edge-triggered flip-flop clocked by clk)
Endpoint: _3113_ (rising edge-triggered flip-flop clocked by clk)
Path Group: clk
Path Type: min

Fanout         Cap        Slew       Delay        Time   Description
---------------------------------------------------------------------------------------------
                      0.000000    0.000000    0.000000   clock clk (rise edge)
                                  0.000000    0.000000   clock network delay (ideal)
                      0.000000    0.000000    0.000000 ^ _3114_/CLK (sky130_fd_sc_hd__dfrtp_2)
     4    0.007217    0.041245    0.211579    0.211579 ^ _3114_/Q (sky130_fd_sc_hd__dfrtp_2)
                                                         shift_in[3] (net)
                      0.041245    0.000000    0.211579 ^ _2118_/A0 (sky130_fd_sc_hd__mux2_1)
     1    0.002087    0.025480    0.070470    0.282049 ^ _2118_/X (sky130_fd_sc_hd__mux2_1)
                                                         _0209_ (net)
                      0.025480    0.000000    0.282049 ^ _3113_/D (sky130_fd_sc_hd__dfrtp_2)
                                              0.282049   data arrival time

                      0.000000    0.000000    0.000000   clock clk (rise edge)
                                  0.000000    0.000000   clock network delay (ideal)
                                  0.500000    0.500000   clock uncertainty
                                  0.000000    0.500000   clock reconvergence pessimism
                                              0.500000 ^ _3113_/CLK (sky130_fd_sc_hd__dfrtp_2)
                                 -0.020152    0.479848   library hold time
                                              0.479848   data required time
---------------------------------------------------------------------------------------------
                                              0.479848   data required time
                                             -0.282049   data arrival time
---------------------------------------------------------------------------------------------
                                             -0.197799   slack (VIOLATED)


Startpoint: _3113_ (rising edge-triggered flip-flop clocked by clk)
Endpoint: _3097_ (rising edge-triggered flip-flop clocked by clk)
Path Group: clk
Path Type: min

Fanout         Cap        Slew       Delay        Time   Description
---------------------------------------------------------------------------------------------
                      0.000000    0.000000    0.000000   clock clk (rise edge)
                                  0.000000    0.000000   clock network delay (ideal)
                      0.000000    0.000000    0.000000 ^ _3113_/CLK (sky130_fd_sc_hd__dfrtp_2)
     4    0.007253    0.041360    0.211683    0.211683 ^ _3113_/Q (sky130_fd_sc_hd__dfrtp_2)
                                                         shift_in[2] (net)
                      0.041360    0.000000    0.211683 ^ _2137_/A0 (sky130_fd_sc_hd__mux2_1)
     1    0.002087    0.025480    0.070502    0.282185 ^ _2137_/X (sky130_fd_sc_hd__mux2_1)
                                                         _0356_ (net)
                      0.025480    0.000000    0.282185 ^ _3097_/D (sky130_fd_sc_hd__dfrtp_2)
                                              0.282185   data arrival time

                      0.000000    0.000000    0.000000   clock clk (rise edge)
                                  0.000000    0.000000   clock network delay (ideal)
                                  0.500000    0.500000   clock uncertainty
                                  0.000000    0.500000   clock reconvergence pessimism
                                              0.500000 ^ _3097_/CLK (sky130_fd_sc_hd__dfrtp_2)
                                 -0.020152    0.479848   library hold time
                                              0.479848   data required time
---------------------------------------------------------------------------------------------
                                              0.479848   data required time
                                             -0.282185   data arrival time
---------------------------------------------------------------------------------------------
                                             -0.197662   slack (VIOLATED)


Startpoint: _3113_ (rising edge-triggered flip-flop clocked by clk)
Endpoint: _3112_ (rising edge-triggered flip-flop clocked by clk)
Path Group: clk
Path Type: min

Fanout         Cap        Slew       Delay        Time   Description
---------------------------------------------------------------------------------------------
                      0.000000    0.000000    0.000000   clock clk (rise edge)
                                  0.000000    0.000000   clock network delay (ideal)
                      0.000000    0.000000    0.000000 ^ _3113_/CLK (sky130_fd_sc_hd__dfrtp_2)
     4    0.007253    0.041360    0.211683    0.211683 ^ _3113_/Q (sky130_fd_sc_hd__dfrtp_2)
                                                         shift_in[2] (net)
                      0.041360    0.000000    0.211683 ^ _2119_/A0 (sky130_fd_sc_hd__mux2_1)
     1    0.002087    0.025480    0.070502    0.282185 ^ _2119_/X (sky130_fd_sc_hd__mux2_1)
                                                         _0208_ (net)
                      0.025480    0.000000    0.282185 ^ _3112_/D (sky130_fd_sc_hd__dfrtp_2)
                                              0.282185   data arrival time

                      0.000000    0.000000    0.000000   clock clk (rise edge)
                                  0.000000    0.000000   clock network delay (ideal)
                                  0.500000    0.500000   clock uncertainty
                                  0.000000    0.500000   clock reconvergence pessimism
                                              0.500000 ^ _3112_/CLK (sky130_fd_sc_hd__dfrtp_2)
                                 -0.020152    0.479848   library hold time
                                              0.479848   data required time
---------------------------------------------------------------------------------------------
                                              0.479848   data required time
                                             -0.282185   data arrival time
---------------------------------------------------------------------------------------------
                                             -0.197662   slack (VIOLATED)


Startpoint: _3114_ (rising edge-triggered flip-flop clocked by clk)
Endpoint: _3114_ (rising edge-triggered flip-flop clocked by clk)
Path Group: clk
Path Type: min

Fanout         Cap        Slew       Delay        Time   Description
---------------------------------------------------------------------------------------------
                      0.000000    0.000000    0.000000   clock clk (rise edge)
                                  0.000000    0.000000   clock network delay (ideal)
                      0.000000    0.000000    0.000000 ^ _3114_/CLK (sky130_fd_sc_hd__dfrtp_2)
     4    0.007217    0.041245    0.211579    0.211579 ^ _3114_/Q (sky130_fd_sc_hd__dfrtp_2)
                                                         shift_in[3] (net)
                      0.041245    0.000000    0.211579 ^ _2117_/A1 (sky130_fd_sc_hd__mux2_1)
     1    0.002087    0.025597    0.071975    0.283553 ^ _2117_/X (sky130_fd_sc_hd__mux2_1)
                                                         _0210_ (net)
                      0.025597    0.000000    0.283553 ^ _3114_/D (sky130_fd_sc_hd__dfrtp_2)
                                              0.283553   data arrival time

                      0.000000    0.000000    0.000000   clock clk (rise edge)
                                  0.000000    0.000000   clock network delay (ideal)
                                  0.500000    0.500000   clock uncertainty
                                  0.000000    0.500000   clock reconvergence pessimism
                                              0.500000 ^ _3114_/CLK (sky130_fd_sc_hd__dfrtp_2)
                                 -0.020161    0.479839   library hold time
                                              0.479839   data required time
---------------------------------------------------------------------------------------------
                                              0.479839   data required time
                                             -0.283553   data arrival time
---------------------------------------------------------------------------------------------
                                             -0.196286   slack (VIOLATED)


Startpoint: _3010_ (rising edge-triggered flip-flop clocked by clk)
Endpoint: _3010_ (rising edge-triggered flip-flop clocked by clk)
Path Group: clk
Path Type: min

Fanout         Cap        Slew       Delay        Time   Description
---------------------------------------------------------------------------------------------
                      0.000000    0.000000    0.000000   clock clk (rise edge)
                                  0.000000    0.000000   clock network delay (ideal)
                      0.000000    0.000000    0.000000 ^ _3010_/CLK (sky130_fd_sc_hd__dfrtp_2)
     3    0.007407    0.041854    0.212130    0.212130 ^ _3010_/Q (sky130_fd_sc_hd__dfrtp_2)
                                                         div_quotient[0] (net)
                      0.041854    0.000000    0.212130 ^ _2727_/A1 (sky130_fd_sc_hd__a22o_2)
     1    0.002087    0.020546    0.072179    0.284309 ^ _2727_/X (sky130_fd_sc_hd__a22o_2)
                                                         _0269_ (net)
                      0.020546    0.000000    0.284309 ^ _3010_/D (sky130_fd_sc_hd__dfrtp_2)
                                              0.284309   data arrival time

                      0.000000    0.000000    0.000000   clock clk (rise edge)
                                  0.000000    0.000000   clock network delay (ideal)
                                  0.500000    0.500000   clock uncertainty
                                  0.000000    0.500000   clock reconvergence pessimism
                                              0.500000 ^ _3010_/CLK (sky130_fd_sc_hd__dfrtp_2)
                                 -0.019789    0.480211   library hold time
                                              0.480211   data required time
---------------------------------------------------------------------------------------------
                                              0.480211   data required time
                                             -0.284309   data arrival time
---------------------------------------------------------------------------------------------
                                             -0.195901   slack (VIOLATED)


Startpoint: _3149_ (rising edge-triggered flip-flop clocked by clk)
Endpoint: _3149_ (rising edge-triggered flip-flop clocked by clk)
Path Group: clk
Path Type: min

Fanout         Cap        Slew       Delay        Time   Description
---------------------------------------------------------------------------------------------
                      0.000000    0.000000    0.000000   clock clk (rise edge)
                                  0.000000    0.000000   clock network delay (ideal)
                      0.000000    0.000000    0.000000 ^ _3149_/CLK (sky130_fd_sc_hd__dfrtp_2)
     5    0.008331    0.044819    0.214809    0.214809 ^ _3149_/Q (sky130_fd_sc_hd__dfrtp_2)
                                                         op_reg[1] (net)
                      0.044819    0.000000    0.214809 ^ _1511_/A0 (sky130_fd_sc_hd__mux2_1)
     1    0.002087    0.025477    0.071471    0.286280 ^ _1511_/X (sky130_fd_sc_hd__mux2_1)
                                                         _0245_ (net)
                      0.025477    0.000000    0.286280 ^ _3149_/D (sky130_fd_sc_hd__dfrtp_2)
                                              0.286280   data arrival time

                      0.000000    0.000000    0.000000   clock clk (rise edge)
                                  0.000000    0.000000   clock network delay (ideal)
                                  0.500000    0.500000   clock uncertainty
                                  0.000000    0.500000   clock reconvergence pessimism
                                              0.500000 ^ _3149_/CLK (sky130_fd_sc_hd__dfrtp_2)
                                 -0.020152    0.479848   library hold time
                                              0.479848   data required time
---------------------------------------------------------------------------------------------
                                              0.479848   data required time
                                             -0.286280   data arrival time
---------------------------------------------------------------------------------------------
                                             -0.193568   slack (VIOLATED)


Startpoint: _3162_ (rising edge-triggered flip-flop clocked by clk)
Endpoint: _3160_ (rising edge-triggered flip-flop clocked by clk)
Path Group: clk
Path Type: min

Fanout         Cap        Slew       Delay        Time   Description
---------------------------------------------------------------------------------------------
                      0.000000    0.000000    0.000000   clock clk (rise edge)
                                  0.000000    0.000000   clock network delay (ideal)
                      0.000000    0.000000    0.000000 ^ _3162_/CLK (sky130_fd_sc_hd__dfrtp_2)
     2    0.006284    0.038252    0.208874    0.208874 ^ _3162_/Q (sky130_fd_sc_hd__dfrtp_2)
                                                         my_sum_sub.start (net)
                      0.038252    0.000000    0.208874 ^ _2787_/B (sky130_fd_sc_hd__and2_2)
     1    0.002087    0.022945    0.077733    0.286607 ^ _2787_/X (sky130_fd_sc_hd__and2_2)
                                                         _0003_ (net)
                      0.022945    0.000000    0.286607 ^ _3160_/D (sky130_fd_sc_hd__dfrtp_2)
                                              0.286607   data arrival time

                      0.000000    0.000000    0.000000   clock clk (rise edge)
                                  0.000000    0.000000   clock network delay (ideal)
                                  0.500000    0.500000   clock uncertainty
                                  0.000000    0.500000   clock reconvergence pessimism
                                              0.500000 ^ _3160_/CLK (sky130_fd_sc_hd__dfrtp_2)
                                 -0.019966    0.480034   library hold time
                                              0.480034   data required time
---------------------------------------------------------------------------------------------
                                              0.480034   data required time
                                             -0.286607   data arrival time
---------------------------------------------------------------------------------------------
                                             -0.193427   slack (VIOLATED)


Startpoint: _3051_ (rising edge-triggered flip-flop clocked by clk)
Endpoint: _3051_ (rising edge-triggered flip-flop clocked by clk)
Path Group: clk
Path Type: min

Fanout         Cap        Slew       Delay        Time   Description
---------------------------------------------------------------------------------------------
                      0.000000    0.000000    0.000000   clock clk (rise edge)
                                  0.000000    0.000000   clock network delay (ideal)
                      0.000000    0.000000    0.000000 ^ _3051_/CLK (sky130_fd_sc_hd__dfrtp_2)
     4    0.010663    0.052300    0.221570    0.221570 ^ _3051_/Q (sky130_fd_sc_hd__dfrtp_2)
                                                         my_sum_sub.al_mb[2] (net)
                      0.052300    0.000000    0.221570 ^ _2349_/A2 (sky130_fd_sc_hd__o21a_2)
     1    0.002087    0.017485    0.066215    0.287785 ^ _2349_/X (sky130_fd_sc_hd__o21a_2)
                                                         _0310_ (net)
                      0.017485    0.000000    0.287785 ^ _3051_/D (sky130_fd_sc_hd__dfrtp_2)
                                              0.287785   data arrival time

                      0.000000    0.000000    0.000000   clock clk (rise edge)
                                  0.000000    0.000000   clock network delay (ideal)
                                  0.500000    0.500000   clock uncertainty
                                  0.000000    0.500000   clock reconvergence pessimism
                                              0.500000 ^ _3051_/CLK (sky130_fd_sc_hd__dfrtp_2)
                                 -0.019564    0.480436   library hold time
                                              0.480436   data required time
---------------------------------------------------------------------------------------------
                                              0.480436   data required time
                                             -0.287785   data arrival time
---------------------------------------------------------------------------------------------
                                             -0.192651   slack (VIOLATED)


Startpoint: _3053_ (rising edge-triggered flip-flop clocked by clk)
Endpoint: _3053_ (rising edge-triggered flip-flop clocked by clk)
Path Group: clk
Path Type: min

Fanout         Cap        Slew       Delay        Time   Description
---------------------------------------------------------------------------------------------
                      0.000000    0.000000    0.000000   clock clk (rise edge)
                                  0.000000    0.000000   clock network delay (ideal)
                      0.000000    0.000000    0.000000 ^ _3053_/CLK (sky130_fd_sc_hd__dfrtp_2)
     4    0.010663    0.052300    0.221570    0.221570 ^ _3053_/Q (sky130_fd_sc_hd__dfrtp_2)
                                                         my_sum_sub.al_mb[4] (net)
                      0.052300    0.000000    0.221570 ^ _2330_/A2 (sky130_fd_sc_hd__o21a_2)
     1    0.002087    0.017485    0.066215    0.287785 ^ _2330_/X (sky130_fd_sc_hd__o21a_2)
                                                         _0312_ (net)
                      0.017485    0.000000    0.287785 ^ _3053_/D (sky130_fd_sc_hd__dfrtp_2)
                                              0.287785   data arrival time

                      0.000000    0.000000    0.000000   clock clk (rise edge)
                                  0.000000    0.000000   clock network delay (ideal)
                                  0.500000    0.500000   clock uncertainty
                                  0.000000    0.500000   clock reconvergence pessimism
                                              0.500000 ^ _3053_/CLK (sky130_fd_sc_hd__dfrtp_2)
                                 -0.019564    0.480436   library hold time
                                              0.480436   data required time
---------------------------------------------------------------------------------------------
                                              0.480436   data required time
                                             -0.287785   data arrival time
---------------------------------------------------------------------------------------------
                                             -0.192651   slack (VIOLATED)


Startpoint: _3054_ (rising edge-triggered flip-flop clocked by clk)
Endpoint: _3054_ (rising edge-triggered flip-flop clocked by clk)
Path Group: clk
Path Type: min

Fanout         Cap        Slew       Delay        Time   Description
---------------------------------------------------------------------------------------------
                      0.000000    0.000000    0.000000   clock clk (rise edge)
                                  0.000000    0.000000   clock network delay (ideal)
                      0.000000    0.000000    0.000000 ^ _3054_/CLK (sky130_fd_sc_hd__dfrtp_2)
     4    0.010663    0.052300    0.221570    0.221570 ^ _3054_/Q (sky130_fd_sc_hd__dfrtp_2)
                                                         my_sum_sub.al_mb[5] (net)
                      0.052300    0.000000    0.221570 ^ _2322_/A2 (sky130_fd_sc_hd__o21a_2)
     1    0.002087    0.017485    0.066215    0.287785 ^ _2322_/X (sky130_fd_sc_hd__o21a_2)
                                                         _0313_ (net)
                      0.017485    0.000000    0.287785 ^ _3054_/D (sky130_fd_sc_hd__dfrtp_2)
                                              0.287785   data arrival time

                      0.000000    0.000000    0.000000   clock clk (rise edge)
                                  0.000000    0.000000   clock network delay (ideal)
                                  0.500000    0.500000   clock uncertainty
                                  0.000000    0.500000   clock reconvergence pessimism
                                              0.500000 ^ _3054_/CLK (sky130_fd_sc_hd__dfrtp_2)
                                 -0.019564    0.480436   library hold time
                                              0.480436   data required time
---------------------------------------------------------------------------------------------
                                              0.480436   data required time
                                             -0.287785   data arrival time
---------------------------------------------------------------------------------------------
                                             -0.192651   slack (VIOLATED)


Startpoint: _3153_ (rising edge-triggered flip-flop clocked by clk)
Endpoint: _3163_ (rising edge-triggered flip-flop clocked by clk)
Path Group: clk
Path Type: min

Fanout         Cap        Slew       Delay        Time   Description
---------------------------------------------------------------------------------------------
                      0.000000    0.000000    0.000000   clock clk (rise edge)
                                  0.000000    0.000000   clock network delay (ideal)
                      0.000000    0.000000    0.000000 ^ _3153_/CLK (sky130_fd_sc_hd__dfrtp_2)
     4    0.007404    0.041845    0.212121    0.212121 ^ _3153_/Q (sky130_fd_sc_hd__dfrtp_2)
                                                         state[1] (net)
                      0.041845    0.000000    0.212121 ^ _2803_/A (sky130_fd_sc_hd__and2_2)
     1    0.002087    0.022952    0.075322    0.287443 ^ _2803_/X (sky130_fd_sc_hd__and2_2)
                                                         _0001_ (net)
                      0.022952    0.000000    0.287443 ^ _3163_/D (sky130_fd_sc_hd__dfrtp_2)
                                              0.287443   data arrival time

                      0.000000    0.000000    0.000000   clock clk (rise edge)
                                  0.000000    0.000000   clock network delay (ideal)
                                  0.500000    0.500000   clock uncertainty
                                  0.000000    0.500000   clock reconvergence pessimism
                                              0.500000 ^ _3163_/CLK (sky130_fd_sc_hd__dfrtp_2)
                                 -0.019966    0.480034   library hold time
                                              0.480034   data required time
---------------------------------------------------------------------------------------------
                                              0.480034   data required time
                                             -0.287443   data arrival time
---------------------------------------------------------------------------------------------
                                             -0.192590   slack (VIOLATED)


Startpoint: _3004_ (rising edge-triggered flip-flop clocked by clk)
Endpoint: _3004_ (rising edge-triggered flip-flop clocked by clk)
Path Group: clk
Path Type: min

Fanout         Cap        Slew       Delay        Time   Description
---------------------------------------------------------------------------------------------
                      0.000000    0.000000    0.000000   clock clk (rise edge)
                                  0.000000    0.000000   clock network delay (ideal)
                      0.000000    0.000000    0.000000 ^ _3004_/CLK (sky130_fd_sc_hd__dfrtp_2)
     4    0.007669    0.042695    0.212889    0.212889 ^ _3004_/Q (sky130_fd_sc_hd__dfrtp_2)
                                                         my_divider.remainder_reg[3] (net)
                      0.042695    0.000000    0.212889 ^ _2756_/A1 (sky130_fd_sc_hd__a221o_2)
     1    0.002087    0.017309    0.075250    0.288140 ^ _2756_/X (sky130_fd_sc_hd__a221o_2)
                                                         _0263_ (net)
                      0.017309    0.000000    0.288140 ^ _3004_/D (sky130_fd_sc_hd__dfrtp_2)
                                              0.288140   data arrival time

                      0.000000    0.000000    0.000000   clock clk (rise edge)
                                  0.000000    0.000000   clock network delay (ideal)
                                  0.500000    0.500000   clock uncertainty
                                  0.000000    0.500000   clock reconvergence pessimism
                                              0.500000 ^ _3004_/CLK (sky130_fd_sc_hd__dfrtp_2)
                                 -0.019551    0.480449   library hold time
                                              0.480449   data required time
---------------------------------------------------------------------------------------------
                                              0.480449   data required time
                                             -0.288140   data arrival time
---------------------------------------------------------------------------------------------
                                             -0.192309   slack (VIOLATED)


Startpoint: _3006_ (rising edge-triggered flip-flop clocked by clk)
Endpoint: _3006_ (rising edge-triggered flip-flop clocked by clk)
Path Group: clk
Path Type: min

Fanout         Cap        Slew       Delay        Time   Description
---------------------------------------------------------------------------------------------
                      0.000000    0.000000    0.000000   clock clk (rise edge)
                                  0.000000    0.000000   clock network delay (ideal)
                      0.000000    0.000000    0.000000 ^ _3006_/CLK (sky130_fd_sc_hd__dfrtp_2)
     4    0.007669    0.042695    0.212889    0.212889 ^ _3006_/Q (sky130_fd_sc_hd__dfrtp_2)
                                                         my_divider.remainder_reg[5] (net)
                      0.042695    0.000000    0.212889 ^ _2746_/A1 (sky130_fd_sc_hd__a221o_2)
     1    0.002087    0.017309    0.075250    0.288140 ^ _2746_/X (sky130_fd_sc_hd__a221o_2)
                                                         _0265_ (net)
                      0.017309    0.000000    0.288140 ^ _3006_/D (sky130_fd_sc_hd__dfrtp_2)
                                              0.288140   data arrival time

                      0.000000    0.000000    0.000000   clock clk (rise edge)
                                  0.000000    0.000000   clock network delay (ideal)
                                  0.500000    0.500000   clock uncertainty
                                  0.000000    0.500000   clock reconvergence pessimism
                                              0.500000 ^ _3006_/CLK (sky130_fd_sc_hd__dfrtp_2)
                                 -0.019551    0.480449   library hold time
                                              0.480449   data required time
---------------------------------------------------------------------------------------------
                                              0.480449   data required time
                                             -0.288140   data arrival time
---------------------------------------------------------------------------------------------
                                             -0.192309   slack (VIOLATED)


Startpoint: _3147_ (rising edge-triggered flip-flop clocked by clk)
Endpoint: _3147_ (rising edge-triggered flip-flop clocked by clk)
Path Group: clk
Path Type: min

Fanout         Cap        Slew       Delay        Time   Description
---------------------------------------------------------------------------------------------
                      0.000000    0.000000    0.000000   clock clk (rise edge)
                                  0.000000    0.000000   clock network delay (ideal)
                      0.000000    0.000000    0.000000 ^ _3147_/CLK (sky130_fd_sc_hd__dfrtp_2)
     3    0.008998    0.046958    0.216743    0.216743 ^ _3147_/Q (sky130_fd_sc_hd__dfrtp_2)
                                                         bit_count[4] (net)
                      0.046958    0.000000    0.216743 ^ _1529_/A1 (sky130_fd_sc_hd__a22o_2)
     1    0.002087    0.019579    0.073513    0.290256 ^ _1529_/X (sky130_fd_sc_hd__a22o_2)
                                                         _0243_ (net)
                      0.019579    0.000000    0.290256 ^ _3147_/D (sky130_fd_sc_hd__dfrtp_2)
                                              0.290256   data arrival time

                      0.000000    0.000000    0.000000   clock clk (rise edge)
                                  0.000000    0.000000   clock network delay (ideal)
                                  0.500000    0.500000   clock uncertainty
                                  0.000000    0.500000   clock reconvergence pessimism
                                              0.500000 ^ _3147_/CLK (sky130_fd_sc_hd__dfrtp_2)
                                 -0.019718    0.480282   library hold time
                                              0.480282   data required time
---------------------------------------------------------------------------------------------
                                              0.480282   data required time
                                             -0.290256   data arrival time
---------------------------------------------------------------------------------------------
                                             -0.190026   slack (VIOLATED)


Startpoint: _3048_ (rising edge-triggered flip-flop clocked by clk)
Endpoint: _3048_ (rising edge-triggered flip-flop clocked by clk)
Path Group: clk
Path Type: min

Fanout         Cap        Slew       Delay        Time   Description
---------------------------------------------------------------------------------------------
                      0.000000    0.000000    0.000000   clock clk (rise edge)
                                  0.000000    0.000000   clock network delay (ideal)
                      0.000000    0.000000    0.000000 ^ _3048_/CLK (sky130_fd_sc_hd__dfrtp_2)
     4    0.008476    0.045284    0.215229    0.215229 ^ _3048_/Q (sky130_fd_sc_hd__dfrtp_2)
                                                         my_sum_sub.al_ma[7] (net)
                      0.045284    0.000000    0.215229 ^ _2366_/A2 (sky130_fd_sc_hd__a22o_2)
     1    0.002087    0.020525    0.076047    0.291276 ^ _2366_/X (sky130_fd_sc_hd__a22o_2)
                                                         _0307_ (net)
                      0.020525    0.000000    0.291276 ^ _3048_/D (sky130_fd_sc_hd__dfrtp_2)
                                              0.291276   data arrival time

                      0.000000    0.000000    0.000000   clock clk (rise edge)
                                  0.000000    0.000000   clock network delay (ideal)
                                  0.500000    0.500000   clock uncertainty
                                  0.000000    0.500000   clock reconvergence pessimism
                                              0.500000 ^ _3048_/CLK (sky130_fd_sc_hd__dfrtp_2)
                                 -0.019788    0.480212   library hold time
                                              0.480212   data required time
---------------------------------------------------------------------------------------------
                                              0.480212   data required time
                                             -0.291276   data arrival time
---------------------------------------------------------------------------------------------
                                             -0.188936   slack (VIOLATED)


Startpoint: _3153_ (rising edge-triggered flip-flop clocked by clk)
Endpoint: _3156_ (rising edge-triggered flip-flop clocked by clk)
Path Group: clk
Path Type: min

Fanout         Cap        Slew       Delay        Time   Description
---------------------------------------------------------------------------------------------
                      0.000000    0.000000    0.000000   clock clk (rise edge)
                                  0.000000    0.000000   clock network delay (ideal)
                      0.000000    0.000000    0.000000 ^ _3153_/CLK (sky130_fd_sc_hd__dfrtp_2)
     4    0.007404    0.041845    0.212121    0.212121 ^ _3153_/Q (sky130_fd_sc_hd__dfrtp_2)
                                                         state[1] (net)
                      0.041845    0.000000    0.212121 ^ _2797_/A1 (sky130_fd_sc_hd__o31a_2)
     1    0.002087    0.019418    0.079514    0.291635 ^ _2797_/X (sky130_fd_sc_hd__o31a_2)
                                                         _0009_ (net)
                      0.019418    0.000000    0.291635 ^ _3156_/D (sky130_fd_sc_hd__dfrtp_2)
                                              0.291635   data arrival time

                      0.000000    0.000000    0.000000   clock clk (rise edge)
                                  0.000000    0.000000   clock network delay (ideal)
                                  0.500000    0.500000   clock uncertainty
                                  0.000000    0.500000   clock reconvergence pessimism
                                              0.500000 ^ _3156_/CLK (sky130_fd_sc_hd__dfrtp_2)
                                 -0.019706    0.480294   library hold time
                                              0.480294   data required time
---------------------------------------------------------------------------------------------
                                              0.480294   data required time
                                             -0.291635   data arrival time
---------------------------------------------------------------------------------------------
                                             -0.188658   slack (VIOLATED)


Startpoint: _3152_ (rising edge-triggered flip-flop clocked by clk)
Endpoint: _3155_ (rising edge-triggered flip-flop clocked by clk)
Path Group: clk
Path Type: min

Fanout         Cap        Slew       Delay        Time   Description
---------------------------------------------------------------------------------------------
                      0.000000    0.000000    0.000000   clock clk (rise edge)
                                  0.000000    0.000000   clock network delay (ideal)
                      0.000000    0.000000    0.000000 ^ _3152_/CLK (sky130_fd_sc_hd__dfstp_2)
     2    0.008360    0.024202    0.221077    0.221077 v _3152_/Q (sky130_fd_sc_hd__dfstp_2)
                                                         state[0] (net)
                      0.024202    0.000000    0.221077 v _2798_/B1 (sky130_fd_sc_hd__a21oi_2)
     1    0.004773    0.047847    0.047647    0.268724 ^ _2798_/Y (sky130_fd_sc_hd__a21oi_2)
                                                         _1048_ (net)
                      0.047847    0.000000    0.268724 ^ _2799_/B (sky130_fd_sc_hd__nor2_2)
     1    0.002059    0.014581    0.016201    0.284925 v _2799_/Y (sky130_fd_sc_hd__nor2_2)
                                                         _0008_ (net)
                      0.014581    0.000000    0.284925 v _3155_/D (sky130_fd_sc_hd__dfrtp_2)
                                              0.284925   data arrival time

                      0.000000    0.000000    0.000000   clock clk (rise edge)
                                  0.000000    0.000000   clock network delay (ideal)
                                  0.500000    0.500000   clock uncertainty
                                  0.000000    0.500000   clock reconvergence pessimism
                                              0.500000 ^ _3155_/CLK (sky130_fd_sc_hd__dfrtp_2)
                                 -0.027331    0.472669   library hold time
                                              0.472669   data required time
---------------------------------------------------------------------------------------------
                                              0.472669   data required time
                                             -0.284925   data arrival time
---------------------------------------------------------------------------------------------
                                             -0.187744   slack (VIOLATED)


Startpoint: _3062_ (rising edge-triggered flip-flop clocked by clk)
Endpoint: _3062_ (rising edge-triggered flip-flop clocked by clk)
Path Group: clk
Path Type: min

Fanout         Cap        Slew       Delay        Time   Description
---------------------------------------------------------------------------------------------
                      0.000000    0.000000    0.000000   clock clk (rise edge)
                                  0.000000    0.000000   clock network delay (ideal)
                      0.000000    0.000000    0.000000 ^ _3062_/CLK (sky130_fd_sc_hd__dfrtp_2)
     5    0.009876    0.049775    0.219288    0.219288 ^ _3062_/Q (sky130_fd_sc_hd__dfrtp_2)
                                                         my_sum_sub.cm_mant[2] (net)
                      0.049775    0.000000    0.219288 ^ _2264_/A0 (sky130_fd_sc_hd__mux2_1)
     1    0.002087    0.025473    0.072860    0.292148 ^ _2264_/X (sky130_fd_sc_hd__mux2_1)
                                                         _0321_ (net)
                      0.025473    0.000000    0.292148 ^ _3062_/D (sky130_fd_sc_hd__dfrtp_2)
                                              0.292148   data arrival time

                      0.000000    0.000000    0.000000   clock clk (rise edge)
                                  0.000000    0.000000   clock network delay (ideal)
                                  0.500000    0.500000   clock uncertainty
                                  0.000000    0.500000   clock reconvergence pessimism
                                              0.500000 ^ _3062_/CLK (sky130_fd_sc_hd__dfrtp_2)
                                 -0.020152    0.479848   library hold time
                                              0.479848   data required time
---------------------------------------------------------------------------------------------
                                              0.479848   data required time
                                             -0.292148   data arrival time
---------------------------------------------------------------------------------------------
                                             -0.187700   slack (VIOLATED)


Startpoint: _3009_ (rising edge-triggered flip-flop clocked by clk)
Endpoint: _3009_ (rising edge-triggered flip-flop clocked by clk)
Path Group: clk
Path Type: min

Fanout         Cap        Slew       Delay        Time   Description
---------------------------------------------------------------------------------------------
                      0.000000    0.000000    0.000000   clock clk (rise edge)
                                  0.000000    0.000000   clock network delay (ideal)
                      0.000000    0.000000    0.000000 ^ _3009_/CLK (sky130_fd_sc_hd__dfrtp_2)
     2    0.012054    0.056762    0.225603    0.225603 ^ _3009_/Q (sky130_fd_sc_hd__dfrtp_2)
                                                         my_divider.remainder_reg[8] (net)
                      0.056762    0.000000    0.225603 ^ _2731_/B2 (sky130_fd_sc_hd__a32o_2)
     1    0.002087    0.022626    0.067278    0.292881 ^ _2731_/X (sky130_fd_sc_hd__a32o_2)
                                                         _0268_ (net)
                      0.022626    0.000000    0.292881 ^ _3009_/D (sky130_fd_sc_hd__dfrtp_2)
                                              0.292881   data arrival time

                      0.000000    0.000000    0.000000   clock clk (rise edge)
                                  0.000000    0.000000   clock network delay (ideal)
                                  0.500000    0.500000   clock uncertainty
                                  0.000000    0.500000   clock reconvergence pessimism
                                              0.500000 ^ _3009_/CLK (sky130_fd_sc_hd__dfrtp_2)
                                 -0.019942    0.480058   library hold time
                                              0.480058   data required time
---------------------------------------------------------------------------------------------
                                              0.480058   data required time
                                             -0.292881   data arrival time
---------------------------------------------------------------------------------------------
                                             -0.187177   slack (VIOLATED)


Startpoint: _3064_ (rising edge-triggered flip-flop clocked by clk)
Endpoint: _3064_ (rising edge-triggered flip-flop clocked by clk)
Path Group: clk
Path Type: min

Fanout         Cap        Slew       Delay        Time   Description
---------------------------------------------------------------------------------------------
                      0.000000    0.000000    0.000000   clock clk (rise edge)
                                  0.000000    0.000000   clock network delay (ideal)
                      0.000000    0.000000    0.000000 ^ _3064_/CLK (sky130_fd_sc_hd__dfrtp_2)
     5    0.010074    0.050410    0.219862    0.219862 ^ _3064_/Q (sky130_fd_sc_hd__dfrtp_2)
                                                         my_sum_sub.cm_mant[4] (net)
                      0.050410    0.000000    0.219862 ^ _2254_/A0 (sky130_fd_sc_hd__mux2_1)
     1    0.002087    0.025473    0.073038    0.292901 ^ _2254_/X (sky130_fd_sc_hd__mux2_1)
                                                         _0323_ (net)
                      0.025473    0.000000    0.292901 ^ _3064_/D (sky130_fd_sc_hd__dfrtp_2)
                                              0.292901   data arrival time

                      0.000000    0.000000    0.000000   clock clk (rise edge)
                                  0.000000    0.000000   clock network delay (ideal)
                                  0.500000    0.500000   clock uncertainty
                                  0.000000    0.500000   clock reconvergence pessimism
                                              0.500000 ^ _3064_/CLK (sky130_fd_sc_hd__dfrtp_2)
                                 -0.020152    0.479848   library hold time
                                              0.479848   data required time
---------------------------------------------------------------------------------------------
                                              0.479848   data required time
                                             -0.292901   data arrival time
---------------------------------------------------------------------------------------------
                                             -0.186948   slack (VIOLATED)


Startpoint: _3117_ (rising edge-triggered flip-flop clocked by clk)
Endpoint: _3101_ (rising edge-triggered flip-flop clocked by clk)
Path Group: clk
Path Type: min

Fanout         Cap        Slew       Delay        Time   Description
---------------------------------------------------------------------------------------------
                      0.000000    0.000000    0.000000   clock clk (rise edge)
                                  0.000000    0.000000   clock network delay (ideal)
                      0.000000    0.000000    0.000000 ^ _3117_/CLK (sky130_fd_sc_hd__dfrtp_2)
     5    0.010089    0.050458    0.219906    0.219906 ^ _3117_/Q (sky130_fd_sc_hd__dfrtp_2)
                                                         shift_in[6] (net)
                      0.050458    0.000000    0.219906 ^ _2133_/A0 (sky130_fd_sc_hd__mux2_1)
     1    0.002087    0.025473    0.073052    0.292958 ^ _2133_/X (sky130_fd_sc_hd__mux2_1)
                                                         _0197_ (net)
                      0.025473    0.000000    0.292958 ^ _3101_/D (sky130_fd_sc_hd__dfrtp_2)
                                              0.292958   data arrival time

                      0.000000    0.000000    0.000000   clock clk (rise edge)
                                  0.000000    0.000000   clock network delay (ideal)
                                  0.500000    0.500000   clock uncertainty
                                  0.000000    0.500000   clock reconvergence pessimism
                                              0.500000 ^ _3101_/CLK (sky130_fd_sc_hd__dfrtp_2)
                                 -0.020152    0.479848   library hold time
                                              0.479848   data required time
---------------------------------------------------------------------------------------------
                                              0.479848   data required time
                                             -0.292958   data arrival time
---------------------------------------------------------------------------------------------
                                             -0.186891   slack (VIOLATED)


Startpoint: _3117_ (rising edge-triggered flip-flop clocked by clk)
Endpoint: _3116_ (rising edge-triggered flip-flop clocked by clk)
Path Group: clk
Path Type: min

Fanout         Cap        Slew       Delay        Time   Description
---------------------------------------------------------------------------------------------
                      0.000000    0.000000    0.000000   clock clk (rise edge)
                                  0.000000    0.000000   clock network delay (ideal)
                      0.000000    0.000000    0.000000 ^ _3117_/CLK (sky130_fd_sc_hd__dfrtp_2)
     5    0.010089    0.050458    0.219906    0.219906 ^ _3117_/Q (sky130_fd_sc_hd__dfrtp_2)
                                                         shift_in[6] (net)
                      0.050458    0.000000    0.219906 ^ _2115_/A0 (sky130_fd_sc_hd__mux2_1)
     1    0.002087    0.025473    0.073052    0.292958 ^ _2115_/X (sky130_fd_sc_hd__mux2_1)
                                                         _0212_ (net)
                      0.025473    0.000000    0.292958 ^ _3116_/D (sky130_fd_sc_hd__dfrtp_2)
                                              0.292958   data arrival time

                      0.000000    0.000000    0.000000   clock clk (rise edge)
                                  0.000000    0.000000   clock network delay (ideal)
                                  0.500000    0.500000   clock uncertainty
                                  0.000000    0.500000   clock reconvergence pessimism
                                              0.500000 ^ _3116_/CLK (sky130_fd_sc_hd__dfrtp_2)
                                 -0.020152    0.479848   library hold time
                                              0.479848   data required time
---------------------------------------------------------------------------------------------
                                              0.479848   data required time
                                             -0.292958   data arrival time
---------------------------------------------------------------------------------------------
                                             -0.186891   slack (VIOLATED)


Startpoint: _3118_ (rising edge-triggered flip-flop clocked by clk)
Endpoint: _3102_ (rising edge-triggered flip-flop clocked by clk)
Path Group: clk
Path Type: min

Fanout         Cap        Slew       Delay        Time   Description
---------------------------------------------------------------------------------------------
                      0.000000    0.000000    0.000000   clock clk (rise edge)
                                  0.000000    0.000000   clock network delay (ideal)
                      0.000000    0.000000    0.000000 ^ _3118_/CLK (sky130_fd_sc_hd__dfrtp_2)
     5    0.010128    0.050583    0.220019    0.220019 ^ _3118_/Q (sky130_fd_sc_hd__dfrtp_2)
                                                         shift_in[7] (net)
                      0.050583    0.000000    0.220019 ^ _2132_/A0 (sky130_fd_sc_hd__mux2_1)
     1    0.002087    0.025472    0.073087    0.293106 ^ _2132_/X (sky130_fd_sc_hd__mux2_1)
                                                         _0198_ (net)
                      0.025472    0.000000    0.293106 ^ _3102_/D (sky130_fd_sc_hd__dfrtp_2)
                                              0.293106   data arrival time

                      0.000000    0.000000    0.000000   clock clk (rise edge)
                                  0.000000    0.000000   clock network delay (ideal)
                                  0.500000    0.500000   clock uncertainty
                                  0.000000    0.500000   clock reconvergence pessimism
                                              0.500000 ^ _3102_/CLK (sky130_fd_sc_hd__dfrtp_2)
                                 -0.020152    0.479848   library hold time
                                              0.479848   data required time
---------------------------------------------------------------------------------------------
                                              0.479848   data required time
                                             -0.293106   data arrival time
---------------------------------------------------------------------------------------------
                                             -0.186742   slack (VIOLATED)


Startpoint: _3118_ (rising edge-triggered flip-flop clocked by clk)
Endpoint: _3117_ (rising edge-triggered flip-flop clocked by clk)
Path Group: clk
Path Type: min

Fanout         Cap        Slew       Delay        Time   Description
---------------------------------------------------------------------------------------------
                      0.000000    0.000000    0.000000   clock clk (rise edge)
                                  0.000000    0.000000   clock network delay (ideal)
                      0.000000    0.000000    0.000000 ^ _3118_/CLK (sky130_fd_sc_hd__dfrtp_2)
     5    0.010128    0.050583    0.220019    0.220019 ^ _3118_/Q (sky130_fd_sc_hd__dfrtp_2)
                                                         shift_in[7] (net)
                      0.050583    0.000000    0.220019 ^ _2114_/A0 (sky130_fd_sc_hd__mux2_1)
     1    0.002087    0.025472    0.073087    0.293106 ^ _2114_/X (sky130_fd_sc_hd__mux2_1)
                                                         _0213_ (net)
                      0.025472    0.000000    0.293106 ^ _3117_/D (sky130_fd_sc_hd__dfrtp_2)
                                              0.293106   data arrival time

                      0.000000    0.000000    0.000000   clock clk (rise edge)
                                  0.000000    0.000000   clock network delay (ideal)
                                  0.500000    0.500000   clock uncertainty
                                  0.000000    0.500000   clock reconvergence pessimism
                                              0.500000 ^ _3117_/CLK (sky130_fd_sc_hd__dfrtp_2)
                                 -0.020152    0.479848   library hold time
                                              0.479848   data required time
---------------------------------------------------------------------------------------------
                                              0.479848   data required time
                                             -0.293106   data arrival time
---------------------------------------------------------------------------------------------
                                             -0.186742   slack (VIOLATED)


Startpoint: _3117_ (rising edge-triggered flip-flop clocked by clk)
Endpoint: _3150_ (rising edge-triggered flip-flop clocked by clk)
Path Group: clk
Path Type: min

Fanout         Cap        Slew       Delay        Time   Description
---------------------------------------------------------------------------------------------
                      0.000000    0.000000    0.000000   clock clk (rise edge)
                                  0.000000    0.000000   clock network delay (ideal)
                      0.000000    0.000000    0.000000 ^ _3117_/CLK (sky130_fd_sc_hd__dfrtp_2)
     5    0.010089    0.050458    0.219906    0.219906 ^ _3117_/Q (sky130_fd_sc_hd__dfrtp_2)
                                                         shift_in[6] (net)
                      0.050458    0.000000    0.219906 ^ _1510_/A1 (sky130_fd_sc_hd__mux2_1)
     1    0.002087    0.025511    0.074545    0.294451 ^ _1510_/X (sky130_fd_sc_hd__mux2_1)
                                                         _0246_ (net)
                      0.025511    0.000000    0.294451 ^ _3150_/D (sky130_fd_sc_hd__dfrtp_2)
                                              0.294451   data arrival time

                      0.000000    0.000000    0.000000   clock clk (rise edge)
                                  0.000000    0.000000   clock network delay (ideal)
                                  0.500000    0.500000   clock uncertainty
                                  0.000000    0.500000   clock reconvergence pessimism
                                              0.500000 ^ _3150_/CLK (sky130_fd_sc_hd__dfrtp_2)
                                 -0.020155    0.479845   library hold time
                                              0.479845   data required time
---------------------------------------------------------------------------------------------
                                              0.479845   data required time
                                             -0.294451   data arrival time
---------------------------------------------------------------------------------------------
                                             -0.185395   slack (VIOLATED)


Startpoint: _3118_ (rising edge-triggered flip-flop clocked by clk)
Endpoint: _3151_ (rising edge-triggered flip-flop clocked by clk)
Path Group: clk
Path Type: min

Fanout         Cap        Slew       Delay        Time   Description
---------------------------------------------------------------------------------------------
                      0.000000    0.000000    0.000000   clock clk (rise edge)
                                  0.000000    0.000000   clock network delay (ideal)
                      0.000000    0.000000    0.000000 ^ _3118_/CLK (sky130_fd_sc_hd__dfrtp_2)
     5    0.010128    0.050583    0.220019    0.220019 ^ _3118_/Q (sky130_fd_sc_hd__dfrtp_2)
                                                         shift_in[7] (net)
                      0.050583    0.000000    0.220019 ^ _1509_/A1 (sky130_fd_sc_hd__mux2_1)
     1    0.002087    0.025728    0.074580    0.294599 ^ _1509_/X (sky130_fd_sc_hd__mux2_1)
                                                         _0247_ (net)
                      0.025728    0.000000    0.294599 ^ _3151_/D (sky130_fd_sc_hd__dfrtp_2)
                                              0.294599   data arrival time

                      0.000000    0.000000    0.000000   clock clk (rise edge)
                                  0.000000    0.000000   clock network delay (ideal)
                                  0.500000    0.500000   clock uncertainty
                                  0.000000    0.500000   clock reconvergence pessimism
                                              0.500000 ^ _3151_/CLK (sky130_fd_sc_hd__dfrtp_2)
                                 -0.020171    0.479829   library hold time
                                              0.479829   data required time
---------------------------------------------------------------------------------------------
                                              0.479829   data required time
                                             -0.294599   data arrival time
---------------------------------------------------------------------------------------------
                                             -0.185231   slack (VIOLATED)


Startpoint: _3063_ (rising edge-triggered flip-flop clocked by clk)
Endpoint: _3063_ (rising edge-triggered flip-flop clocked by clk)
Path Group: clk
Path Type: min

Fanout         Cap        Slew       Delay        Time   Description
---------------------------------------------------------------------------------------------
                      0.000000    0.000000    0.000000   clock clk (rise edge)
                                  0.000000    0.000000   clock network delay (ideal)
                      0.000000    0.000000    0.000000 ^ _3063_/CLK (sky130_fd_sc_hd__dfrtp_2)
     5    0.010775    0.052659    0.221895    0.221895 ^ _3063_/Q (sky130_fd_sc_hd__dfrtp_2)
                                                         my_sum_sub.cm_mant[3] (net)
                      0.052659    0.000000    0.221895 ^ _2259_/A0 (sky130_fd_sc_hd__mux2_1)
     1    0.002087    0.025471    0.073669    0.295563 ^ _2259_/X (sky130_fd_sc_hd__mux2_1)
                                                         _0322_ (net)
                      0.025471    0.000000    0.295563 ^ _3063_/D (sky130_fd_sc_hd__dfrtp_2)
                                              0.295563   data arrival time

                      0.000000    0.000000    0.000000   clock clk (rise edge)
                                  0.000000    0.000000   clock network delay (ideal)
                                  0.500000    0.500000   clock uncertainty
                                  0.000000    0.500000   clock reconvergence pessimism
                                              0.500000 ^ _3063_/CLK (sky130_fd_sc_hd__dfrtp_2)
                                 -0.020152    0.479848   library hold time
                                              0.479848   data required time
---------------------------------------------------------------------------------------------
                                              0.479848   data required time
                                             -0.295563   data arrival time
---------------------------------------------------------------------------------------------
                                             -0.184285   slack (VIOLATED)


Startpoint: _2997_ (rising edge-triggered flip-flop clocked by clk)
Endpoint: _2997_ (rising edge-triggered flip-flop clocked by clk)
Path Group: clk
Path Type: min

Fanout         Cap        Slew       Delay        Time   Description
---------------------------------------------------------------------------------------------
                      0.000000    0.000000    0.000000   clock clk (rise edge)
                                  0.000000    0.000000   clock network delay (ideal)
                      0.000000    0.000000    0.000000 ^ _2997_/CLK (sky130_fd_sc_hd__dfrtp_2)
     4    0.009558    0.048755    0.218366    0.218366 ^ _2997_/Q (sky130_fd_sc_hd__dfrtp_2)
                                                         my_divider.counter[0] (net)
                      0.048755    0.000000    0.218366 ^ _2776_/S (sky130_fd_sc_hd__mux2_1)
     1    0.002087    0.025730    0.077867    0.296233 ^ _2776_/X (sky130_fd_sc_hd__mux2_1)
                                                         _0256_ (net)
                      0.025730    0.000000    0.296233 ^ _2997_/D (sky130_fd_sc_hd__dfrtp_2)
                                              0.296233   data arrival time

                      0.000000    0.000000    0.000000   clock clk (rise edge)
                                  0.000000    0.000000   clock network delay (ideal)
                                  0.500000    0.500000   clock uncertainty
                                  0.000000    0.500000   clock reconvergence pessimism
                                              0.500000 ^ _2997_/CLK (sky130_fd_sc_hd__dfrtp_2)
                                 -0.020171    0.479829   library hold time
                                              0.479829   data required time
---------------------------------------------------------------------------------------------
                                              0.479829   data required time
                                             -0.296233   data arrival time
---------------------------------------------------------------------------------------------
                                             -0.183596   slack (VIOLATED)


Startpoint: _3050_ (rising edge-triggered flip-flop clocked by clk)
Endpoint: _3050_ (rising edge-triggered flip-flop clocked by clk)
Path Group: clk
Path Type: min

Fanout         Cap        Slew       Delay        Time   Description
---------------------------------------------------------------------------------------------
                      0.000000    0.000000    0.000000   clock clk (rise edge)
                                  0.000000    0.000000   clock network delay (ideal)
                      0.000000    0.000000    0.000000 ^ _3050_/CLK (sky130_fd_sc_hd__dfrtp_2)
     4    0.013525    0.061481    0.229868    0.229868 ^ _3050_/Q (sky130_fd_sc_hd__dfrtp_2)
                                                         my_sum_sub.al_mb[1] (net)
                      0.061481    0.000000    0.229868 ^ _2358_/A2 (sky130_fd_sc_hd__o21a_2)
     1    0.002087    0.017485    0.067714    0.297582 ^ _2358_/X (sky130_fd_sc_hd__o21a_2)
                                                         _0309_ (net)
                      0.017485    0.000000    0.297582 ^ _3050_/D (sky130_fd_sc_hd__dfrtp_2)
                                              0.297582   data arrival time

                      0.000000    0.000000    0.000000   clock clk (rise edge)
                                  0.000000    0.000000   clock network delay (ideal)
                                  0.500000    0.500000   clock uncertainty
                                  0.000000    0.500000   clock reconvergence pessimism
                                              0.500000 ^ _3050_/CLK (sky130_fd_sc_hd__dfrtp_2)
                                 -0.019564    0.480436   library hold time
                                              0.480436   data required time
---------------------------------------------------------------------------------------------
                                              0.480436   data required time
                                             -0.297582   data arrival time
---------------------------------------------------------------------------------------------
                                             -0.182854   slack (VIOLATED)


Startpoint: _3052_ (rising edge-triggered flip-flop clocked by clk)
Endpoint: _3052_ (rising edge-triggered flip-flop clocked by clk)
Path Group: clk
Path Type: min

Fanout         Cap        Slew       Delay        Time   Description
---------------------------------------------------------------------------------------------
                      0.000000    0.000000    0.000000   clock clk (rise edge)
                                  0.000000    0.000000   clock network delay (ideal)
                      0.000000    0.000000    0.000000 ^ _3052_/CLK (sky130_fd_sc_hd__dfrtp_2)
     4    0.013525    0.061481    0.229868    0.229868 ^ _3052_/Q (sky130_fd_sc_hd__dfrtp_2)
                                                         my_sum_sub.al_mb[3] (net)
                      0.061481    0.000000    0.229868 ^ _2339_/A2 (sky130_fd_sc_hd__o21a_2)
     1    0.002087    0.017485    0.067714    0.297582 ^ _2339_/X (sky130_fd_sc_hd__o21a_2)
                                                         _0311_ (net)
                      0.017485    0.000000    0.297582 ^ _3052_/D (sky130_fd_sc_hd__dfrtp_2)
                                              0.297582   data arrival time

                      0.000000    0.000000    0.000000   clock clk (rise edge)
                                  0.000000    0.000000   clock network delay (ideal)
                                  0.500000    0.500000   clock uncertainty
                                  0.000000    0.500000   clock reconvergence pessimism
                                              0.500000 ^ _3052_/CLK (sky130_fd_sc_hd__dfrtp_2)
                                 -0.019564    0.480436   library hold time
                                              0.480436   data required time
---------------------------------------------------------------------------------------------
                                              0.480436   data required time
                                             -0.297582   data arrival time
---------------------------------------------------------------------------------------------
                                             -0.182854   slack (VIOLATED)


Startpoint: _3148_ (rising edge-triggered flip-flop clocked by clk)
Endpoint: _3148_ (rising edge-triggered flip-flop clocked by clk)
Path Group: clk
Path Type: min

Fanout         Cap        Slew       Delay        Time   Description
---------------------------------------------------------------------------------------------
                      0.000000    0.000000    0.000000   clock clk (rise edge)
                                  0.000000    0.000000   clock network delay (ideal)
                      0.000000    0.000000    0.000000 ^ _3148_/CLK (sky130_fd_sc_hd__dfrtp_2)
     5    0.011194    0.054003    0.223109    0.223109 ^ _3148_/Q (sky130_fd_sc_hd__dfrtp_2)
                                                         op_reg[0] (net)
                      0.054003    0.000000    0.223109 ^ _1512_/A0 (sky130_fd_sc_hd__mux2_1)
     1    0.002087    0.025490    0.073981    0.297091 ^ _1512_/X (sky130_fd_sc_hd__mux2_1)
                                                         _0244_ (net)
                      0.025490    0.000000    0.297091 ^ _3148_/D (sky130_fd_sc_hd__dfrtp_2)
                                              0.297091   data arrival time

                      0.000000    0.000000    0.000000   clock clk (rise edge)
                                  0.000000    0.000000   clock network delay (ideal)
                                  0.500000    0.500000   clock uncertainty
                                  0.000000    0.500000   clock reconvergence pessimism
                                              0.500000 ^ _3148_/CLK (sky130_fd_sc_hd__dfrtp_2)
                                 -0.020153    0.479847   library hold time
                                              0.479847   data required time
---------------------------------------------------------------------------------------------
                                              0.479847   data required time
                                             -0.297091   data arrival time
---------------------------------------------------------------------------------------------
                                             -0.182756   slack (VIOLATED)


Startpoint: _3055_ (rising edge-triggered flip-flop clocked by clk)
Endpoint: _3055_ (rising edge-triggered flip-flop clocked by clk)
Path Group: clk
Path Type: min

Fanout         Cap        Slew       Delay        Time   Description
---------------------------------------------------------------------------------------------
                      0.000000    0.000000    0.000000   clock clk (rise edge)
                                  0.000000    0.000000   clock network delay (ideal)
                      0.000000    0.000000    0.000000 ^ _3055_/CLK (sky130_fd_sc_hd__dfrtp_2)
     5    0.011476    0.054908    0.223927    0.223927 ^ _3055_/Q (sky130_fd_sc_hd__dfrtp_2)
                                                         my_sum_sub.al_mb[6] (net)
                      0.054908    0.000000    0.223927 ^ _2314_/A0 (sky130_fd_sc_hd__mux2_1)
     1    0.002087    0.025511    0.074169    0.298096 ^ _2314_/X (sky130_fd_sc_hd__mux2_1)
                                                         _0314_ (net)
                      0.025511    0.000000    0.298096 ^ _3055_/D (sky130_fd_sc_hd__dfrtp_2)
                                              0.298096   data arrival time

                      0.000000    0.000000    0.000000   clock clk (rise edge)
                                  0.000000    0.000000   clock network delay (ideal)
                                  0.500000    0.500000   clock uncertainty
                                  0.000000    0.500000   clock reconvergence pessimism
                                              0.500000 ^ _3055_/CLK (sky130_fd_sc_hd__dfrtp_2)
                                 -0.020155    0.479845   library hold time
                                              0.479845   data required time
---------------------------------------------------------------------------------------------
                                              0.479845   data required time
                                             -0.298096   data arrival time
---------------------------------------------------------------------------------------------
                                             -0.181750   slack (VIOLATED)


Startpoint: _3057_ (rising edge-triggered flip-flop clocked by clk)
Endpoint: _3057_ (rising edge-triggered flip-flop clocked by clk)
Path Group: clk
Path Type: min

Fanout         Cap        Slew       Delay        Time   Description
---------------------------------------------------------------------------------------------
                      0.000000    0.000000    0.000000   clock clk (rise edge)
                                  0.000000    0.000000   clock network delay (ideal)
                      0.000000    0.000000    0.000000 ^ _3057_/CLK (sky130_fd_sc_hd__dfrtp_2)
     3    0.011799    0.055944    0.224864    0.224864 ^ _3057_/Q (sky130_fd_sc_hd__dfrtp_2)
                                                         my_sum_sub.al_sa (net)
                      0.055944    0.000000    0.224864 ^ _2285_/A0 (sky130_fd_sc_hd__mux2_1)
     1    0.002087    0.025535    0.074383    0.299247 ^ _2285_/X (sky130_fd_sc_hd__mux2_1)
                                                         _0316_ (net)
                      0.025535    0.000000    0.299247 ^ _3057_/D (sky130_fd_sc_hd__dfrtp_2)
                                              0.299247   data arrival time

                      0.000000    0.000000    0.000000   clock clk (rise edge)
                                  0.000000    0.000000   clock network delay (ideal)
                                  0.500000    0.500000   clock uncertainty
                                  0.000000    0.500000   clock reconvergence pessimism
                                              0.500000 ^ _3057_/CLK (sky130_fd_sc_hd__dfrtp_2)
                                 -0.020156    0.479844   library hold time
                                              0.479844   data required time
---------------------------------------------------------------------------------------------
                                              0.479844   data required time
                                             -0.299247   data arrival time
---------------------------------------------------------------------------------------------
                                             -0.180597   slack (VIOLATED)


Startpoint: _3160_ (rising edge-triggered flip-flop clocked by clk)
Endpoint: _3159_ (rising edge-triggered flip-flop clocked by clk)
Path Group: clk
Path Type: min

Fanout         Cap        Slew       Delay        Time   Description
---------------------------------------------------------------------------------------------
                      0.000000    0.000000    0.000000   clock clk (rise edge)
                                  0.000000    0.000000   clock network delay (ideal)
                      0.000000    0.000000    0.000000 ^ _3160_/CLK (sky130_fd_sc_hd__dfrtp_2)
    13    0.038563    0.145589    0.292283    0.292283 ^ _3160_/Q (sky130_fd_sc_hd__dfrtp_2)
                                                         my_sum_sub.state[2] (net)
                      0.145589    0.000000    0.292283 ^ _3159_/D (sky130_fd_sc_hd__dfrtp_2)
                                              0.292283   data arrival time

                      0.000000    0.000000    0.000000   clock clk (rise edge)
                                  0.000000    0.000000   clock network delay (ideal)
                                  0.500000    0.500000   clock uncertainty
                                  0.000000    0.500000   clock reconvergence pessimism
                                              0.500000 ^ _3159_/CLK (sky130_fd_sc_hd__dfrtp_2)
                                 -0.028990    0.471010   library hold time
                                              0.471010   data required time
---------------------------------------------------------------------------------------------
                                              0.471010   data required time
                                             -0.292283   data arrival time
---------------------------------------------------------------------------------------------
                                             -0.178727   slack (VIOLATED)


Startpoint: _3043_ (rising edge-triggered flip-flop clocked by clk)
Endpoint: _3043_ (rising edge-triggered flip-flop clocked by clk)
Path Group: clk
Path Type: min

Fanout         Cap        Slew       Delay        Time   Description
---------------------------------------------------------------------------------------------
                      0.000000    0.000000    0.000000   clock clk (rise edge)
                                  0.000000    0.000000   clock network delay (ideal)
                      0.000000    0.000000    0.000000 ^ _3043_/CLK (sky130_fd_sc_hd__dfrtp_2)
     4    0.010637    0.052216    0.221495    0.221495 ^ _3043_/Q (sky130_fd_sc_hd__dfrtp_2)
                                                         my_sum_sub.al_ma[2] (net)
                      0.052216    0.000000    0.221495 ^ _2378_/A2 (sky130_fd_sc_hd__a221o_2)
     1    0.002087    0.017286    0.080578    0.302073 ^ _2378_/X (sky130_fd_sc_hd__a221o_2)
                                                         _0302_ (net)
                      0.017286    0.000000    0.302073 ^ _3043_/D (sky130_fd_sc_hd__dfrtp_2)
                                              0.302073   data arrival time

                      0.000000    0.000000    0.000000   clock clk (rise edge)
                                  0.000000    0.000000   clock network delay (ideal)
                                  0.500000    0.500000   clock uncertainty
                                  0.000000    0.500000   clock reconvergence pessimism
                                              0.500000 ^ _3043_/CLK (sky130_fd_sc_hd__dfrtp_2)
                                 -0.019549    0.480451   library hold time
                                              0.480451   data required time
---------------------------------------------------------------------------------------------
                                              0.480451   data required time
                                             -0.302073   data arrival time
---------------------------------------------------------------------------------------------
                                             -0.178378   slack (VIOLATED)


Startpoint: _3045_ (rising edge-triggered flip-flop clocked by clk)
Endpoint: _3045_ (rising edge-triggered flip-flop clocked by clk)
Path Group: clk
Path Type: min

Fanout         Cap        Slew       Delay        Time   Description
---------------------------------------------------------------------------------------------
                      0.000000    0.000000    0.000000   clock clk (rise edge)
                                  0.000000    0.000000   clock network delay (ideal)
                      0.000000    0.000000    0.000000 ^ _3045_/CLK (sky130_fd_sc_hd__dfrtp_2)
     4    0.010637    0.052216    0.221495    0.221495 ^ _3045_/Q (sky130_fd_sc_hd__dfrtp_2)
                                                         my_sum_sub.al_ma[4] (net)
                      0.052216    0.000000    0.221495 ^ _2374_/A2 (sky130_fd_sc_hd__a221o_2)
     1    0.002087    0.017309    0.080578    0.302073 ^ _2374_/X (sky130_fd_sc_hd__a221o_2)
                                                         _0304_ (net)
                      0.017309    0.000000    0.302073 ^ _3045_/D (sky130_fd_sc_hd__dfrtp_2)
                                              0.302073   data arrival time

                      0.000000    0.000000    0.000000   clock clk (rise edge)
                                  0.000000    0.000000   clock network delay (ideal)
                                  0.500000    0.500000   clock uncertainty
                                  0.000000    0.500000   clock reconvergence pessimism
                                              0.500000 ^ _3045_/CLK (sky130_fd_sc_hd__dfrtp_2)
                                 -0.019551    0.480449   library hold time
                                              0.480449   data required time
---------------------------------------------------------------------------------------------
                                              0.480449   data required time
                                             -0.302073   data arrival time
---------------------------------------------------------------------------------------------
                                             -0.178376   slack (VIOLATED)


Startpoint: _3046_ (rising edge-triggered flip-flop clocked by clk)
Endpoint: _3046_ (rising edge-triggered flip-flop clocked by clk)
Path Group: clk
Path Type: min

Fanout         Cap        Slew       Delay        Time   Description
---------------------------------------------------------------------------------------------
                      0.000000    0.000000    0.000000   clock clk (rise edge)
                                  0.000000    0.000000   clock network delay (ideal)
                      0.000000    0.000000    0.000000 ^ _3046_/CLK (sky130_fd_sc_hd__dfrtp_2)
     4    0.010637    0.052216    0.221495    0.221495 ^ _3046_/Q (sky130_fd_sc_hd__dfrtp_2)
                                                         my_sum_sub.al_ma[5] (net)
                      0.052216    0.000000    0.221495 ^ _2372_/A2 (sky130_fd_sc_hd__a221o_2)
     1    0.002087    0.017309    0.080578    0.302073 ^ _2372_/X (sky130_fd_sc_hd__a221o_2)
                                                         _0305_ (net)
                      0.017309    0.000000    0.302073 ^ _3046_/D (sky130_fd_sc_hd__dfrtp_2)
                                              0.302073   data arrival time

                      0.000000    0.000000    0.000000   clock clk (rise edge)
                                  0.000000    0.000000   clock network delay (ideal)
                                  0.500000    0.500000   clock uncertainty
                                  0.000000    0.500000   clock reconvergence pessimism
                                              0.500000 ^ _3046_/CLK (sky130_fd_sc_hd__dfrtp_2)
                                 -0.019551    0.480449   library hold time
                                              0.480449   data required time
---------------------------------------------------------------------------------------------
                                              0.480449   data required time
                                             -0.302073   data arrival time
---------------------------------------------------------------------------------------------
                                             -0.178376   slack (VIOLATED)


Startpoint: _3116_ (rising edge-triggered flip-flop clocked by clk)
Endpoint: _3100_ (rising edge-triggered flip-flop clocked by clk)
Path Group: clk
Path Type: min

Fanout         Cap        Slew       Delay        Time   Description
---------------------------------------------------------------------------------------------
                      0.000000    0.000000    0.000000   clock clk (rise edge)
                                  0.000000    0.000000   clock network delay (ideal)
                      0.000000    0.000000    0.000000 ^ _3116_/CLK (sky130_fd_sc_hd__dfrtp_2)
     6    0.012455    0.058049    0.226765    0.226765 ^ _3116_/Q (sky130_fd_sc_hd__dfrtp_2)
                                                         shift_in[5] (net)
                      0.058049    0.000000    0.226765 ^ _2134_/A0 (sky130_fd_sc_hd__mux2_1)
     1    0.002087    0.025583    0.074819    0.301584 ^ _2134_/X (sky130_fd_sc_hd__mux2_1)
                                                         _0196_ (net)
                      0.025583    0.000000    0.301584 ^ _3100_/D (sky130_fd_sc_hd__dfrtp_2)
                                              0.301584   data arrival time

                      0.000000    0.000000    0.000000   clock clk (rise edge)
                                  0.000000    0.000000   clock network delay (ideal)
                                  0.500000    0.500000   clock uncertainty
                                  0.000000    0.500000   clock reconvergence pessimism
                                              0.500000 ^ _3100_/CLK (sky130_fd_sc_hd__dfrtp_2)
                                 -0.020160    0.479840   library hold time
                                              0.479840   data required time
---------------------------------------------------------------------------------------------
                                              0.479840   data required time
                                             -0.301584   data arrival time
---------------------------------------------------------------------------------------------
                                             -0.178256   slack (VIOLATED)


Startpoint: _3116_ (rising edge-triggered flip-flop clocked by clk)
Endpoint: _3115_ (rising edge-triggered flip-flop clocked by clk)
Path Group: clk
Path Type: min

Fanout         Cap        Slew       Delay        Time   Description
---------------------------------------------------------------------------------------------
                      0.000000    0.000000    0.000000   clock clk (rise edge)
                                  0.000000    0.000000   clock network delay (ideal)
                      0.000000    0.000000    0.000000 ^ _3116_/CLK (sky130_fd_sc_hd__dfrtp_2)
     6    0.012455    0.058049    0.226765    0.226765 ^ _3116_/Q (sky130_fd_sc_hd__dfrtp_2)
                                                         shift_in[5] (net)
                      0.058049    0.000000    0.226765 ^ _2116_/A0 (sky130_fd_sc_hd__mux2_1)
     1    0.002087    0.025583    0.074819    0.301584 ^ _2116_/X (sky130_fd_sc_hd__mux2_1)
                                                         _0211_ (net)
                      0.025583    0.000000    0.301584 ^ _3115_/D (sky130_fd_sc_hd__dfrtp_2)
                                              0.301584   data arrival time

                      0.000000    0.000000    0.000000   clock clk (rise edge)
                                  0.000000    0.000000   clock network delay (ideal)
                                  0.500000    0.500000   clock uncertainty
                                  0.000000    0.500000   clock reconvergence pessimism
                                              0.500000 ^ _3115_/CLK (sky130_fd_sc_hd__dfrtp_2)
                                 -0.020160    0.479840   library hold time
                                              0.479840   data required time
---------------------------------------------------------------------------------------------
                                              0.479840   data required time
                                             -0.301584   data arrival time
---------------------------------------------------------------------------------------------
                                             -0.178256   slack (VIOLATED)


Startpoint: _3115_ (rising edge-triggered flip-flop clocked by clk)
Endpoint: _3099_ (rising edge-triggered flip-flop clocked by clk)
Path Group: clk
Path Type: min

Fanout         Cap        Slew       Delay        Time   Description
---------------------------------------------------------------------------------------------
                      0.000000    0.000000    0.000000   clock clk (rise edge)
                                  0.000000    0.000000   clock network delay (ideal)
                      0.000000    0.000000    0.000000 ^ _3115_/CLK (sky130_fd_sc_hd__dfrtp_2)
     6    0.012642    0.058648    0.227308    0.227308 ^ _3115_/Q (sky130_fd_sc_hd__dfrtp_2)
                                                         shift_in[4] (net)
                      0.058648    0.000000    0.227308 ^ _2135_/A0 (sky130_fd_sc_hd__mux2_1)
     1    0.002087    0.025597    0.074943    0.302250 ^ _2135_/X (sky130_fd_sc_hd__mux2_1)
                                                         _0358_ (net)
                      0.025597    0.000000    0.302250 ^ _3099_/D (sky130_fd_sc_hd__dfrtp_2)
                                              0.302250   data arrival time

                      0.000000    0.000000    0.000000   clock clk (rise edge)
                                  0.000000    0.000000   clock network delay (ideal)
                                  0.500000    0.500000   clock uncertainty
                                  0.000000    0.500000   clock reconvergence pessimism
                                              0.500000 ^ _3099_/CLK (sky130_fd_sc_hd__dfrtp_2)
                                 -0.020161    0.479839   library hold time
                                              0.479839   data required time
---------------------------------------------------------------------------------------------
                                              0.479839   data required time
                                             -0.302250   data arrival time
---------------------------------------------------------------------------------------------
                                             -0.177589   slack (VIOLATED)


Startpoint: _3058_ (rising edge-triggered flip-flop clocked by clk)
Endpoint: _3058_ (rising edge-triggered flip-flop clocked by clk)
Path Group: clk
Path Type: min

Fanout         Cap        Slew       Delay        Time   Description
---------------------------------------------------------------------------------------------
                      0.000000    0.000000    0.000000   clock clk (rise edge)
                                  0.000000    0.000000   clock network delay (ideal)
                      0.000000    0.000000    0.000000 ^ _3058_/CLK (sky130_fd_sc_hd__dfrtp_2)
     3    0.013113    0.060159    0.228673    0.228673 ^ _3058_/Q (sky130_fd_sc_hd__dfrtp_2)
                                                         my_sum_sub.al_sb_eff (net)
                      0.060159    0.000000    0.228673 ^ _2284_/A0 (sky130_fd_sc_hd__mux2_1)
     1    0.002087    0.025632    0.075255    0.303929 ^ _2284_/X (sky130_fd_sc_hd__mux2_1)
                                                         _0317_ (net)
                      0.025632    0.000000    0.303929 ^ _3058_/D (sky130_fd_sc_hd__dfrtp_2)
                                              0.303929   data arrival time

                      0.000000    0.000000    0.000000   clock clk (rise edge)
                                  0.000000    0.000000   clock network delay (ideal)
                                  0.500000    0.500000   clock uncertainty
                                  0.000000    0.500000   clock reconvergence pessimism
                                              0.500000 ^ _3058_/CLK (sky130_fd_sc_hd__dfrtp_2)
                                 -0.020164    0.479836   library hold time
                                              0.479836   data required time
---------------------------------------------------------------------------------------------
                                              0.479836   data required time
                                             -0.303929   data arrival time
---------------------------------------------------------------------------------------------
                                             -0.175908   slack (VIOLATED)


Startpoint: _3001_ (rising edge-triggered flip-flop clocked by clk)
Endpoint: _3001_ (rising edge-triggered flip-flop clocked by clk)
Path Group: clk
Path Type: min

Fanout         Cap        Slew       Delay        Time   Description
---------------------------------------------------------------------------------------------
                      0.000000    0.000000    0.000000   clock clk (rise edge)
                                  0.000000    0.000000   clock network delay (ideal)
                      0.000000    0.000000    0.000000 ^ _3001_/CLK (sky130_fd_sc_hd__dfrtp_2)
     4    0.014429    0.064381    0.232489    0.232489 ^ _3001_/Q (sky130_fd_sc_hd__dfrtp_2)
                                                         my_divider.remainder_reg[0] (net)
                      0.064381    0.000000    0.232489 ^ _2766_/B2 (sky130_fd_sc_hd__a22o_2)
     1    0.002087    0.019783    0.073271    0.305759 ^ _2766_/X (sky130_fd_sc_hd__a22o_2)
                                                         _0260_ (net)
                      0.019783    0.000000    0.305759 ^ _3001_/D (sky130_fd_sc_hd__dfrtp_2)
                                              0.305759   data arrival time

                      0.000000    0.000000    0.000000   clock clk (rise edge)
                                  0.000000    0.000000   clock network delay (ideal)
                                  0.500000    0.500000   clock uncertainty
                                  0.000000    0.500000   clock reconvergence pessimism
                                              0.500000 ^ _3001_/CLK (sky130_fd_sc_hd__dfrtp_2)
                                 -0.019733    0.480267   library hold time
                                              0.480267   data required time
---------------------------------------------------------------------------------------------
                                              0.480267   data required time
                                             -0.305759   data arrival time
---------------------------------------------------------------------------------------------
                                             -0.174507   slack (VIOLATED)


Startpoint: _3104_ (rising edge-triggered flip-flop clocked by clk)
Endpoint: _3035_ (rising edge-triggered flip-flop clocked by clk)
Path Group: clk
Path Type: min

Fanout         Cap        Slew       Delay        Time   Description
---------------------------------------------------------------------------------------------
                      0.000000    0.000000    0.000000   clock clk (rise edge)
                                  0.000000    0.000000   clock network delay (ideal)
                      0.000000    0.000000    0.000000 ^ _3104_/CLK (sky130_fd_sc_hd__dfrtp_2)
     7    0.015741    0.068772    0.235804    0.235804 ^ _3104_/Q (sky130_fd_sc_hd__dfrtp_2)
                                                         my_mul.x2[9] (net)
                      0.068772    0.000000    0.235804 ^ _2393_/A1 (sky130_fd_sc_hd__a21o_2)
     1    0.002087    0.016084    0.070329    0.306133 ^ _2393_/X (sky130_fd_sc_hd__a21o_2)
                                                         _0294_ (net)
                      0.016084    0.000000    0.306133 ^ _3035_/D (sky130_fd_sc_hd__dfrtp_2)
                                              0.306133   data arrival time

                      0.000000    0.000000    0.000000   clock clk (rise edge)
                                  0.000000    0.000000   clock network delay (ideal)
                                  0.500000    0.500000   clock uncertainty
                                  0.000000    0.500000   clock reconvergence pessimism
                                              0.500000 ^ _3035_/CLK (sky130_fd_sc_hd__dfrtp_2)
                                 -0.019461    0.480539   library hold time
                                              0.480539   data required time
---------------------------------------------------------------------------------------------
                                              0.480539   data required time
                                             -0.306133   data arrival time
---------------------------------------------------------------------------------------------
                                             -0.174406   slack (VIOLATED)


Startpoint: _3153_ (rising edge-triggered flip-flop clocked by clk)
Endpoint: _3164_ (rising edge-triggered flip-flop clocked by clk)
Path Group: clk
Path Type: min

Fanout         Cap        Slew       Delay        Time   Description
---------------------------------------------------------------------------------------------
                      0.000000    0.000000    0.000000   clock clk (rise edge)
                                  0.000000    0.000000   clock network delay (ideal)
                      0.000000    0.000000    0.000000 ^ _3153_/CLK (sky130_fd_sc_hd__dfrtp_2)
     4    0.007404    0.041845    0.212121    0.212121 ^ _3153_/Q (sky130_fd_sc_hd__dfrtp_2)
                                                         state[1] (net)
                      0.041845    0.000000    0.212121 ^ _2802_/B (sky130_fd_sc_hd__and3_2)
     1    0.002087    0.025351    0.093504    0.305625 ^ _2802_/X (sky130_fd_sc_hd__and3_2)
                                                         _0000_ (net)
                      0.025351    0.000000    0.305625 ^ _3164_/D (sky130_fd_sc_hd__dfrtp_2)
                                              0.305625   data arrival time

                      0.000000    0.000000    0.000000   clock clk (rise edge)
                                  0.000000    0.000000   clock network delay (ideal)
                                  0.500000    0.500000   clock uncertainty
                                  0.000000    0.500000   clock reconvergence pessimism
                                              0.500000 ^ _3164_/CLK (sky130_fd_sc_hd__dfrtp_2)
                                 -0.020143    0.479857   library hold time
                                              0.479857   data required time
---------------------------------------------------------------------------------------------
                                              0.479857   data required time
                                             -0.305625   data arrival time
---------------------------------------------------------------------------------------------
                                             -0.174232   slack (VIOLATED)


Startpoint: _3047_ (rising edge-triggered flip-flop clocked by clk)
Endpoint: _3047_ (rising edge-triggered flip-flop clocked by clk)
Path Group: clk
Path Type: min

Fanout         Cap        Slew       Delay        Time   Description
---------------------------------------------------------------------------------------------
                      0.000000    0.000000    0.000000   clock clk (rise edge)
                                  0.000000    0.000000   clock network delay (ideal)
                      0.000000    0.000000    0.000000 ^ _3047_/CLK (sky130_fd_sc_hd__dfrtp_2)
     5    0.012299    0.057548    0.226313    0.226313 ^ _3047_/Q (sky130_fd_sc_hd__dfrtp_2)
                                                         my_sum_sub.al_ma[6] (net)
                      0.057548    0.000000    0.226313 ^ _2370_/A2 (sky130_fd_sc_hd__a221o_2)
     1    0.002087    0.017305    0.081747    0.308060 ^ _2370_/X (sky130_fd_sc_hd__a221o_2)
                                                         _0306_ (net)
                      0.017305    0.000000    0.308060 ^ _3047_/D (sky130_fd_sc_hd__dfrtp_2)
                                              0.308060   data arrival time

                      0.000000    0.000000    0.000000   clock clk (rise edge)
                                  0.000000    0.000000   clock network delay (ideal)
                                  0.500000    0.500000   clock uncertainty
                                  0.000000    0.500000   clock reconvergence pessimism
                                              0.500000 ^ _3047_/CLK (sky130_fd_sc_hd__dfrtp_2)
                                 -0.019551    0.480449   library hold time
                                              0.480449   data required time
---------------------------------------------------------------------------------------------
                                              0.480449   data required time
                                             -0.308060   data arrival time
---------------------------------------------------------------------------------------------
                                             -0.172389   slack (VIOLATED)


Startpoint: _3154_ (rising edge-triggered flip-flop clocked by clk)
Endpoint: _3152_ (rising edge-triggered flip-flop clocked by clk)
Path Group: clk
Path Type: min

Fanout         Cap        Slew       Delay        Time   Description
---------------------------------------------------------------------------------------------
                      0.000000    0.000000    0.000000   clock clk (rise edge)
                                  0.000000    0.000000   clock network delay (ideal)
                      0.000000    0.000000    0.000000 ^ _3154_/CLK (sky130_fd_sc_hd__dfrtp_2)
     5    0.015948    0.069469    0.236316    0.236316 ^ _3154_/Q (sky130_fd_sc_hd__dfrtp_2)
                                                         state[2] (net)
                      0.069469    0.000000    0.236316 ^ _2800_/A1 (sky130_fd_sc_hd__a211o_2)
     1    0.002517    0.017171    0.074985    0.311302 ^ _2800_/X (sky130_fd_sc_hd__a211o_2)
                                                         _0007_ (net)
                      0.017171    0.000000    0.311302 ^ _3152_/D (sky130_fd_sc_hd__dfstp_2)
                                              0.311302   data arrival time

                      0.000000    0.000000    0.000000   clock clk (rise edge)
                                  0.000000    0.000000   clock network delay (ideal)
                                  0.500000    0.500000   clock uncertainty
                                  0.000000    0.500000   clock reconvergence pessimism
                                              0.500000 ^ _3152_/CLK (sky130_fd_sc_hd__dfstp_2)
                                 -0.018263    0.481737   library hold time
                                              0.481737   data required time
---------------------------------------------------------------------------------------------
                                              0.481737   data required time
                                             -0.311302   data arrival time
---------------------------------------------------------------------------------------------
                                             -0.170435   slack (VIOLATED)


Startpoint: _2998_ (rising edge-triggered flip-flop clocked by clk)
Endpoint: _2998_ (rising edge-triggered flip-flop clocked by clk)
Path Group: clk
Path Type: min

Fanout         Cap        Slew       Delay        Time   Description
---------------------------------------------------------------------------------------------
                      0.000000    0.000000    0.000000   clock clk (rise edge)
                                  0.000000    0.000000   clock network delay (ideal)
                      0.000000    0.000000    0.000000 ^ _2998_/CLK (sky130_fd_sc_hd__dfrtp_2)
     4    0.008258    0.044584    0.214597    0.214597 ^ _2998_/Q (sky130_fd_sc_hd__dfrtp_2)
                                                         my_divider.counter[1] (net)
                      0.044584    0.000000    0.214597 ^ _2775_/A1 (sky130_fd_sc_hd__o211a_2)
     1    0.002087    0.023751    0.095852    0.310449 ^ _2775_/X (sky130_fd_sc_hd__o211a_2)
                                                         _0257_ (net)
                      0.023751    0.000000    0.310449 ^ _2998_/D (sky130_fd_sc_hd__dfrtp_2)
                                              0.310449   data arrival time

                      0.000000    0.000000    0.000000   clock clk (rise edge)
                                  0.000000    0.000000   clock network delay (ideal)
                                  0.500000    0.500000   clock uncertainty
                                  0.000000    0.500000   clock reconvergence pessimism
                                              0.500000 ^ _2998_/CLK (sky130_fd_sc_hd__dfrtp_2)
                                 -0.020025    0.479975   library hold time
                                              0.479975   data required time
---------------------------------------------------------------------------------------------
                                              0.479975   data required time
                                             -0.310449   data arrival time
---------------------------------------------------------------------------------------------
                                             -0.169526   slack (VIOLATED)


Startpoint: _3153_ (rising edge-triggered flip-flop clocked by clk)
Endpoint: _3162_ (rising edge-triggered flip-flop clocked by clk)
Path Group: clk
Path Type: min

Fanout         Cap        Slew       Delay        Time   Description
---------------------------------------------------------------------------------------------
                      0.000000    0.000000    0.000000   clock clk (rise edge)
                                  0.000000    0.000000   clock network delay (ideal)
                      0.000000    0.000000    0.000000 ^ _3153_/CLK (sky130_fd_sc_hd__dfrtp_2)
     4    0.007404    0.041845    0.212121    0.212121 ^ _3153_/Q (sky130_fd_sc_hd__dfrtp_2)
                                                         state[1] (net)
                      0.041845    0.000000    0.212121 ^ _2804_/C (sky130_fd_sc_hd__and3b_2)
     1    0.002087    0.025473    0.098301    0.310422 ^ _2804_/X (sky130_fd_sc_hd__and3b_2)
                                                         _0002_ (net)
                      0.025473    0.000000    0.310422 ^ _3162_/D (sky130_fd_sc_hd__dfrtp_2)
                                              0.310422   data arrival time

                      0.000000    0.000000    0.000000   clock clk (rise edge)
                                  0.000000    0.000000   clock network delay (ideal)
                                  0.500000    0.500000   clock uncertainty
                                  0.000000    0.500000   clock reconvergence pessimism
                                              0.500000 ^ _3162_/CLK (sky130_fd_sc_hd__dfrtp_2)
                                 -0.020152    0.479848   library hold time
                                              0.479848   data required time
---------------------------------------------------------------------------------------------
                                              0.479848   data required time
                                             -0.310422   data arrival time
---------------------------------------------------------------------------------------------
                                             -0.169426   slack (VIOLATED)


Startpoint: _3066_ (rising edge-triggered flip-flop clocked by clk)
Endpoint: _3066_ (rising edge-triggered flip-flop clocked by clk)
Path Group: clk
Path Type: min

Fanout         Cap        Slew       Delay        Time   Description
---------------------------------------------------------------------------------------------
                      0.000000    0.000000    0.000000   clock clk (rise edge)
                                  0.000000    0.000000   clock network delay (ideal)
                      0.000000    0.000000    0.000000 ^ _3066_/CLK (sky130_fd_sc_hd__dfrtp_2)
     5    0.015313    0.067331    0.234745    0.234745 ^ _3066_/Q (sky130_fd_sc_hd__dfrtp_2)
                                                         my_sum_sub.cm_mant[6] (net)
                      0.067331    0.000000    0.234745 ^ _2243_/A0 (sky130_fd_sc_hd__mux2_1)
     1    0.002087    0.025737    0.076739    0.311484 ^ _2243_/X (sky130_fd_sc_hd__mux2_1)
                                                         _0325_ (net)
                      0.025737    0.000000    0.311484 ^ _3066_/D (sky130_fd_sc_hd__dfrtp_2)
                                              0.311484   data arrival time

                      0.000000    0.000000    0.000000   clock clk (rise edge)
                                  0.000000    0.000000   clock network delay (ideal)
                                  0.500000    0.500000   clock uncertainty
                                  0.000000    0.500000   clock reconvergence pessimism
                                              0.500000 ^ _3066_/CLK (sky130_fd_sc_hd__dfrtp_2)
                                 -0.020171    0.479829   library hold time
                                              0.479829   data required time
---------------------------------------------------------------------------------------------
                                              0.479829   data required time
                                             -0.311484   data arrival time
---------------------------------------------------------------------------------------------
                                             -0.168345   slack (VIOLATED)


Startpoint: _2989_ (rising edge-triggered flip-flop clocked by clk)
Endpoint: _2989_ (rising edge-triggered flip-flop clocked by clk)
Path Group: clk
Path Type: min

Fanout         Cap        Slew       Delay        Time   Description
---------------------------------------------------------------------------------------------
                      0.000000    0.000000    0.000000   clock clk (rise edge)
                                  0.000000    0.000000   clock network delay (ideal)
                      0.000000    0.000000    0.000000 ^ _2989_/CLK (sky130_fd_sc_hd__dfrtp_2)
     5    0.015468    0.067853    0.235128    0.235128 ^ _2989_/Q (sky130_fd_sc_hd__dfrtp_2)
                                                         my_divider.divisor_reg[0] (net)
                      0.067853    0.000000    0.235128 ^ _2785_/A0 (sky130_fd_sc_hd__mux2_1)
     1    0.002087    0.025727    0.076847    0.311976 ^ _2785_/X (sky130_fd_sc_hd__mux2_1)
                                                         _0248_ (net)
                      0.025727    0.000000    0.311976 ^ _2989_/D (sky130_fd_sc_hd__dfrtp_2)
                                              0.311976   data arrival time

                      0.000000    0.000000    0.000000   clock clk (rise edge)
                                  0.000000    0.000000   clock network delay (ideal)
                                  0.500000    0.500000   clock uncertainty
                                  0.000000    0.500000   clock reconvergence pessimism
                                              0.500000 ^ _2989_/CLK (sky130_fd_sc_hd__dfrtp_2)
                                 -0.020171    0.479829   library hold time
                                              0.479829   data required time
---------------------------------------------------------------------------------------------
                                              0.479829   data required time
                                             -0.311976   data arrival time
---------------------------------------------------------------------------------------------
                                             -0.167854   slack (VIOLATED)


Startpoint: _3042_ (rising edge-triggered flip-flop clocked by clk)
Endpoint: _3042_ (rising edge-triggered flip-flop clocked by clk)
Path Group: clk
Path Type: min

Fanout         Cap        Slew       Delay        Time   Description
---------------------------------------------------------------------------------------------
                      0.000000    0.000000    0.000000   clock clk (rise edge)
                                  0.000000    0.000000   clock network delay (ideal)
                      0.000000    0.000000    0.000000 ^ _3042_/CLK (sky130_fd_sc_hd__dfrtp_2)
     4    0.013900    0.062684    0.230955    0.230955 ^ _3042_/Q (sky130_fd_sc_hd__dfrtp_2)
                                                         my_sum_sub.al_ma[1] (net)
                      0.062684    0.000000    0.230955 ^ _2380_/A2 (sky130_fd_sc_hd__a221o_2)
     1    0.002087    0.017286    0.082840    0.313795 ^ _2380_/X (sky130_fd_sc_hd__a221o_2)
                                                         _0301_ (net)
                      0.017286    0.000000    0.313795 ^ _3042_/D (sky130_fd_sc_hd__dfrtp_2)
                                              0.313795   data arrival time

                      0.000000    0.000000    0.000000   clock clk (rise edge)
                                  0.000000    0.000000   clock network delay (ideal)
                                  0.500000    0.500000   clock uncertainty
                                  0.000000    0.500000   clock reconvergence pessimism
                                              0.500000 ^ _3042_/CLK (sky130_fd_sc_hd__dfrtp_2)
                                 -0.019549    0.480451   library hold time
                                              0.480451   data required time
---------------------------------------------------------------------------------------------
                                              0.480451   data required time
                                             -0.313795   data arrival time
---------------------------------------------------------------------------------------------
                                             -0.166655   slack (VIOLATED)


Startpoint: _3044_ (rising edge-triggered flip-flop clocked by clk)
Endpoint: _3044_ (rising edge-triggered flip-flop clocked by clk)
Path Group: clk
Path Type: min

Fanout         Cap        Slew       Delay        Time   Description
---------------------------------------------------------------------------------------------
                      0.000000    0.000000    0.000000   clock clk (rise edge)
                                  0.000000    0.000000   clock network delay (ideal)
                      0.000000    0.000000    0.000000 ^ _3044_/CLK (sky130_fd_sc_hd__dfrtp_2)
     4    0.013900    0.062684    0.230955    0.230955 ^ _3044_/Q (sky130_fd_sc_hd__dfrtp_2)
                                                         my_sum_sub.al_ma[3] (net)
                      0.062684    0.000000    0.230955 ^ _2376_/A2 (sky130_fd_sc_hd__a221o_2)
     1    0.002087    0.017286    0.082840    0.313795 ^ _2376_/X (sky130_fd_sc_hd__a221o_2)
                                                         _0303_ (net)
                      0.017286    0.000000    0.313795 ^ _3044_/D (sky130_fd_sc_hd__dfrtp_2)
                                              0.313795   data arrival time

                      0.000000    0.000000    0.000000   clock clk (rise edge)
                                  0.000000    0.000000   clock network delay (ideal)
                                  0.500000    0.500000   clock uncertainty
                                  0.000000    0.500000   clock reconvergence pessimism
                                              0.500000 ^ _3044_/CLK (sky130_fd_sc_hd__dfrtp_2)
                                 -0.019549    0.480451   library hold time
                                              0.480451   data required time
---------------------------------------------------------------------------------------------
                                              0.480451   data required time
                                             -0.313795   data arrival time
---------------------------------------------------------------------------------------------
                                             -0.166655   slack (VIOLATED)


Startpoint: _3061_ (rising edge-triggered flip-flop clocked by clk)
Endpoint: _3061_ (rising edge-triggered flip-flop clocked by clk)
Path Group: clk
Path Type: min

Fanout         Cap        Slew       Delay        Time   Description
---------------------------------------------------------------------------------------------
                      0.000000    0.000000    0.000000   clock clk (rise edge)
                                  0.000000    0.000000   clock network delay (ideal)
                      0.000000    0.000000    0.000000 ^ _3061_/CLK (sky130_fd_sc_hd__dfrtp_2)
     5    0.011557    0.055168    0.224162    0.224162 ^ _3061_/Q (sky130_fd_sc_hd__dfrtp_2)
                                                         my_sum_sub.cm_mant[1] (net)
                      0.055168    0.000000    0.224162 ^ _2272_/B2 (sky130_fd_sc_hd__o2bb2a_2)
     1    0.002087    0.021693    0.089670    0.313832 ^ _2272_/X (sky130_fd_sc_hd__o2bb2a_2)
                                                         _0320_ (net)
                      0.021693    0.000000    0.313832 ^ _3061_/D (sky130_fd_sc_hd__dfrtp_2)
                                              0.313832   data arrival time

                      0.000000    0.000000    0.000000   clock clk (rise edge)
                                  0.000000    0.000000   clock network delay (ideal)
                                  0.500000    0.500000   clock uncertainty
                                  0.000000    0.500000   clock reconvergence pessimism
                                              0.500000 ^ _3061_/CLK (sky130_fd_sc_hd__dfrtp_2)
                                 -0.019874    0.480126   library hold time
                                              0.480126   data required time
---------------------------------------------------------------------------------------------
                                              0.480126   data required time
                                             -0.313832   data arrival time
---------------------------------------------------------------------------------------------
                                             -0.166294   slack (VIOLATED)


Startpoint: _3094_ (rising edge-triggered flip-flop clocked by clk)
Endpoint: _3094_ (rising edge-triggered flip-flop clocked by clk)
Path Group: clk
Path Type: min

Fanout         Cap        Slew       Delay        Time   Description
---------------------------------------------------------------------------------------------
                      0.000000    0.000000    0.000000   clock clk (rise edge)
                                  0.000000    0.000000   clock network delay (ideal)
                      0.000000    0.000000    0.000000 ^ _3094_/CLK (sky130_fd_sc_hd__dfrtp_2)
     5    0.016249    0.070482    0.237061    0.237061 ^ _3094_/Q (sky130_fd_sc_hd__dfrtp_2)
                                                         acc_reg[15] (net)
                      0.070482    0.000000    0.237061 ^ _2144_/A0 (sky130_fd_sc_hd__mux2_1)
     1    0.002087    0.025727    0.077391    0.314452 ^ _2144_/X (sky130_fd_sc_hd__mux2_1)
                                                         _0353_ (net)
                      0.025727    0.000000    0.314452 ^ _3094_/D (sky130_fd_sc_hd__dfrtp_2)
                                              0.314452   data arrival time

                      0.000000    0.000000    0.000000   clock clk (rise edge)
                                  0.000000    0.000000   clock network delay (ideal)
                                  0.500000    0.500000   clock uncertainty
                                  0.000000    0.500000   clock reconvergence pessimism
                                              0.500000 ^ _3094_/CLK (sky130_fd_sc_hd__dfrtp_2)
                                 -0.020171    0.479829   library hold time
                                              0.479829   data required time
---------------------------------------------------------------------------------------------
                                              0.479829   data required time
                                             -0.314452   data arrival time
---------------------------------------------------------------------------------------------
                                             -0.165377   slack (VIOLATED)


Startpoint: _3092_ (rising edge-triggered flip-flop clocked by clk)
Endpoint: _3092_ (rising edge-triggered flip-flop clocked by clk)
Path Group: clk
Path Type: min

Fanout         Cap        Slew       Delay        Time   Description
---------------------------------------------------------------------------------------------
                      0.000000    0.000000    0.000000   clock clk (rise edge)
                                  0.000000    0.000000   clock network delay (ideal)
                      0.000000    0.000000    0.000000 ^ _3092_/CLK (sky130_fd_sc_hd__dfrtp_2)
     7    0.016605    0.071680    0.237942    0.237942 ^ _3092_/Q (sky130_fd_sc_hd__dfrtp_2)
                                                         acc_reg[13] (net)
                      0.071680    0.000000    0.237942 ^ _2148_/A1 (sky130_fd_sc_hd__o22a_2)
     1    0.002087    0.017169    0.077329    0.315271 ^ _2148_/X (sky130_fd_sc_hd__o22a_2)
                                                         _0351_ (net)
                      0.017169    0.000000    0.315271 ^ _3092_/D (sky130_fd_sc_hd__dfrtp_2)
                                              0.315271   data arrival time

                      0.000000    0.000000    0.000000   clock clk (rise edge)
                                  0.000000    0.000000   clock network delay (ideal)
                                  0.500000    0.500000   clock uncertainty
                                  0.000000    0.500000   clock reconvergence pessimism
                                              0.500000 ^ _3092_/CLK (sky130_fd_sc_hd__dfrtp_2)
                                 -0.019541    0.480459   library hold time
                                              0.480459   data required time
---------------------------------------------------------------------------------------------
                                              0.480459   data required time
                                             -0.315271   data arrival time
---------------------------------------------------------------------------------------------
                                             -0.165188   slack (VIOLATED)


Startpoint: _3107_ (rising edge-triggered flip-flop clocked by clk)
Endpoint: _3038_ (rising edge-triggered flip-flop clocked by clk)
Path Group: clk
Path Type: min

Fanout         Cap        Slew       Delay        Time   Description
---------------------------------------------------------------------------------------------
                      0.000000    0.000000    0.000000   clock clk (rise edge)
                                  0.000000    0.000000   clock network delay (ideal)
                      0.000000    0.000000    0.000000 ^ _3107_/CLK (sky130_fd_sc_hd__dfrtp_2)
     7    0.018853    0.079247    0.243505    0.243505 ^ _3107_/Q (sky130_fd_sc_hd__dfrtp_2)
                                                         my_mul.x2[12] (net)
                      0.079247    0.000000    0.243505 ^ _2387_/A1 (sky130_fd_sc_hd__a21o_2)
     1    0.002087    0.016085    0.072258    0.315764 ^ _2387_/X (sky130_fd_sc_hd__a21o_2)
                                                         _0297_ (net)
                      0.016085    0.000000    0.315764 ^ _3038_/D (sky130_fd_sc_hd__dfrtp_2)
                                              0.315764   data arrival time

                      0.000000    0.000000    0.000000   clock clk (rise edge)
                                  0.000000    0.000000   clock network delay (ideal)
                                  0.500000    0.500000   clock uncertainty
                                  0.000000    0.500000   clock reconvergence pessimism
                                              0.500000 ^ _3038_/CLK (sky130_fd_sc_hd__dfrtp_2)
                                 -0.019461    0.480539   library hold time
                                              0.480539   data required time
---------------------------------------------------------------------------------------------
                                              0.480539   data required time
                                             -0.315764   data arrival time
---------------------------------------------------------------------------------------------
                                             -0.164775   slack (VIOLATED)


Startpoint: _3143_ (rising edge-triggered flip-flop clocked by clk)
Endpoint: _3143_ (rising edge-triggered flip-flop clocked by clk)
Path Group: clk
Path Type: min

Fanout         Cap        Slew       Delay        Time   Description
---------------------------------------------------------------------------------------------
                      0.000000    0.000000    0.000000   clock clk (rise edge)
                                  0.000000    0.000000   clock network delay (ideal)
                      0.000000    0.000000    0.000000 ^ _3143_/CLK (sky130_fd_sc_hd__dfrtp_2)
     5    0.014895    0.065924    0.233710    0.233710 ^ _3143_/Q (sky130_fd_sc_hd__dfrtp_2)
                                                         bit_count[0] (net)
                      0.065924    0.000000    0.233710 ^ _1538_/S (sky130_fd_sc_hd__mux2_1)
     1    0.002087    0.025727    0.081516    0.315226 ^ _1538_/X (sky130_fd_sc_hd__mux2_1)
                                                         _0239_ (net)
                      0.025727    0.000000    0.315226 ^ _3143_/D (sky130_fd_sc_hd__dfrtp_2)
                                              0.315226   data arrival time

                      0.000000    0.000000    0.000000   clock clk (rise edge)
                                  0.000000    0.000000   clock network delay (ideal)
                                  0.500000    0.500000   clock uncertainty
                                  0.000000    0.500000   clock reconvergence pessimism
                                              0.500000 ^ _3143_/CLK (sky130_fd_sc_hd__dfrtp_2)
                                 -0.020171    0.479829   library hold time
                                              0.479829   data required time
---------------------------------------------------------------------------------------------
                                              0.479829   data required time
                                             -0.315226   data arrival time
---------------------------------------------------------------------------------------------
                                             -0.164604   slack (VIOLATED)


Startpoint: _3065_ (rising edge-triggered flip-flop clocked by clk)
Endpoint: _3065_ (rising edge-triggered flip-flop clocked by clk)
Path Group: clk
Path Type: min

Fanout         Cap        Slew       Delay        Time   Description
---------------------------------------------------------------------------------------------
                      0.000000    0.000000    0.000000   clock clk (rise edge)
                                  0.000000    0.000000   clock network delay (ideal)
                      0.000000    0.000000    0.000000 ^ _3065_/CLK (sky130_fd_sc_hd__dfrtp_2)
     8    0.017191    0.073652    0.239392    0.239392 ^ _3065_/Q (sky130_fd_sc_hd__dfrtp_2)
                                                         my_sum_sub.cm_mant[5] (net)
                      0.073652    0.000000    0.239392 ^ _2249_/A0 (sky130_fd_sc_hd__mux2_1)
     1    0.002087    0.025737    0.078047    0.317440 ^ _2249_/X (sky130_fd_sc_hd__mux2_1)
                                                         _0324_ (net)
                      0.025737    0.000000    0.317440 ^ _3065_/D (sky130_fd_sc_hd__dfrtp_2)
                                              0.317440   data arrival time

                      0.000000    0.000000    0.000000   clock clk (rise edge)
                                  0.000000    0.000000   clock network delay (ideal)
                                  0.500000    0.500000   clock uncertainty
                                  0.000000    0.500000   clock reconvergence pessimism
                                              0.500000 ^ _3065_/CLK (sky130_fd_sc_hd__dfrtp_2)
                                 -0.020171    0.479829   library hold time
                                              0.479829   data required time
---------------------------------------------------------------------------------------------
                                              0.479829   data required time
                                             -0.317440   data arrival time
---------------------------------------------------------------------------------------------
                                             -0.162389   slack (VIOLATED)


Startpoint: _3157_ (rising edge-triggered flip-flop clocked by clk)
Endpoint: _3157_ (rising edge-triggered flip-flop clocked by clk)
Path Group: clk
Path Type: min

Fanout         Cap        Slew       Delay        Time   Description
---------------------------------------------------------------------------------------------
                      0.000000    0.000000    0.000000   clock clk (rise edge)
                                  0.000000    0.000000   clock network delay (ideal)
                      0.000000    0.000000    0.000000 ^ _3157_/CLK (sky130_fd_sc_hd__dfrtp_2)
     6    0.014658    0.065127    0.233124    0.233124 ^ _3157_/Q (sky130_fd_sc_hd__dfrtp_2)
                                                         state[5] (net)
                      0.065127    0.000000    0.233124 ^ _2796_/A2 (sky130_fd_sc_hd__a31o_2)
     1    0.002087    0.018190    0.085582    0.318706 ^ _2796_/X (sky130_fd_sc_hd__a31o_2)
                                                         _0010_ (net)
                      0.018190    0.000000    0.318706 ^ _3157_/D (sky130_fd_sc_hd__dfrtp_2)
                                              0.318706   data arrival time

                      0.000000    0.000000    0.000000   clock clk (rise edge)
                                  0.000000    0.000000   clock network delay (ideal)
                                  0.500000    0.500000   clock uncertainty
                                  0.000000    0.500000   clock reconvergence pessimism
                                              0.500000 ^ _3157_/CLK (sky130_fd_sc_hd__dfrtp_2)
                                 -0.019616    0.480384   library hold time
                                              0.480384   data required time
---------------------------------------------------------------------------------------------
                                              0.480384   data required time
                                             -0.318706   data arrival time
---------------------------------------------------------------------------------------------
                                             -0.161678   slack (VIOLATED)


Startpoint: _3034_ (rising edge-triggered flip-flop clocked by clk)
Endpoint: _3034_ (rising edge-triggered flip-flop clocked by clk)
Path Group: clk
Path Type: min

Fanout         Cap        Slew       Delay        Time   Description
---------------------------------------------------------------------------------------------
                      0.000000    0.000000    0.000000   clock clk (rise edge)
                                  0.000000    0.000000   clock network delay (ideal)
                      0.000000    0.000000    0.000000 ^ _3034_/CLK (sky130_fd_sc_hd__dfrtp_2)
     2    0.004538    0.032604    0.203617    0.203617 ^ _3034_/Q (sky130_fd_sc_hd__dfrtp_2)
                                                         my_sum_sub.al_exp[1] (net)
                      0.032604    0.000000    0.203617 ^ _2394_/A1 (sky130_fd_sc_hd__a22o_2)
     1    0.002616    0.021957    0.071528    0.275145 ^ _2394_/X (sky130_fd_sc_hd__a22o_2)
                                                         _0695_ (net)
                      0.021957    0.000000    0.275145 ^ _2395_/B1 (sky130_fd_sc_hd__a21o_2)
     1    0.002087    0.016084    0.043984    0.319128 ^ _2395_/X (sky130_fd_sc_hd__a21o_2)
                                                         _0293_ (net)
                      0.016084    0.000000    0.319128 ^ _3034_/D (sky130_fd_sc_hd__dfrtp_2)
                                              0.319128   data arrival time

                      0.000000    0.000000    0.000000   clock clk (rise edge)
                                  0.000000    0.000000   clock network delay (ideal)
                                  0.500000    0.500000   clock uncertainty
                                  0.000000    0.500000   clock reconvergence pessimism
                                              0.500000 ^ _3034_/CLK (sky130_fd_sc_hd__dfrtp_2)
                                 -0.019461    0.480539   library hold time
                                              0.480539   data required time
---------------------------------------------------------------------------------------------
                                              0.480539   data required time
                                             -0.319128   data arrival time
---------------------------------------------------------------------------------------------
                                             -0.161411   slack (VIOLATED)


Startpoint: _3037_ (rising edge-triggered flip-flop clocked by clk)
Endpoint: _3037_ (rising edge-triggered flip-flop clocked by clk)
Path Group: clk
Path Type: min

Fanout         Cap        Slew       Delay        Time   Description
---------------------------------------------------------------------------------------------
                      0.000000    0.000000    0.000000   clock clk (rise edge)
                                  0.000000    0.000000   clock network delay (ideal)
                      0.000000    0.000000    0.000000 ^ _3037_/CLK (sky130_fd_sc_hd__dfrtp_2)
     2    0.004538    0.032604    0.203617    0.203617 ^ _3037_/Q (sky130_fd_sc_hd__dfrtp_2)
                                                         my_sum_sub.al_exp[4] (net)
                      0.032604    0.000000    0.203617 ^ _2388_/A1 (sky130_fd_sc_hd__a22o_2)
     1    0.002616    0.022413    0.071528    0.275145 ^ _2388_/X (sky130_fd_sc_hd__a22o_2)
                                                         _0692_ (net)
                      0.022413    0.000000    0.275145 ^ _2389_/B1 (sky130_fd_sc_hd__a21o_2)
     1    0.002087    0.016086    0.044106    0.319251 ^ _2389_/X (sky130_fd_sc_hd__a21o_2)
                                                         _0296_ (net)
                      0.016086    0.000000    0.319251 ^ _3037_/D (sky130_fd_sc_hd__dfrtp_2)
                                              0.319251   data arrival time

                      0.000000    0.000000    0.000000   clock clk (rise edge)
                                  0.000000    0.000000   clock network delay (ideal)
                                  0.500000    0.500000   clock uncertainty
                                  0.000000    0.500000   clock reconvergence pessimism
                                              0.500000 ^ _3037_/CLK (sky130_fd_sc_hd__dfrtp_2)
                                 -0.019461    0.480539   library hold time
                                              0.480539   data required time
---------------------------------------------------------------------------------------------
                                              0.480539   data required time
                                             -0.319251   data arrival time
---------------------------------------------------------------------------------------------
                                             -0.161288   slack (VIOLATED)


Startpoint: _3089_ (rising edge-triggered flip-flop clocked by clk)
Endpoint: _3089_ (rising edge-triggered flip-flop clocked by clk)
Path Group: clk
Path Type: min

Fanout         Cap        Slew       Delay        Time   Description
---------------------------------------------------------------------------------------------
                      0.000000    0.000000    0.000000   clock clk (rise edge)
                                  0.000000    0.000000   clock network delay (ideal)
                      0.000000    0.000000    0.000000 ^ _3089_/CLK (sky130_fd_sc_hd__dfrtp_2)
     8    0.018191    0.077018    0.241867    0.241867 ^ _3089_/Q (sky130_fd_sc_hd__dfrtp_2)
                                                         acc_reg[10] (net)
                      0.077018    0.000000    0.241867 ^ _2151_/A1 (sky130_fd_sc_hd__o22a_2)
     1    0.002087    0.017178    0.078549    0.320416 ^ _2151_/X (sky130_fd_sc_hd__o22a_2)
                                                         _0348_ (net)
                      0.017178    0.000000    0.320416 ^ _3089_/D (sky130_fd_sc_hd__dfrtp_2)
                                              0.320416   data arrival time

                      0.000000    0.000000    0.000000   clock clk (rise edge)
                                  0.000000    0.000000   clock network delay (ideal)
                                  0.500000    0.500000   clock uncertainty
                                  0.000000    0.500000   clock reconvergence pessimism
                                              0.500000 ^ _3089_/CLK (sky130_fd_sc_hd__dfrtp_2)
                                 -0.019542    0.480458   library hold time
                                              0.480458   data required time
---------------------------------------------------------------------------------------------
                                              0.480458   data required time
                                             -0.320416   data arrival time
---------------------------------------------------------------------------------------------
                                             -0.160042   slack (VIOLATED)


Startpoint: _3155_ (rising edge-triggered flip-flop clocked by clk)
Endpoint: _3154_ (rising edge-triggered flip-flop clocked by clk)
Path Group: clk
Path Type: min

Fanout         Cap        Slew       Delay        Time   Description
---------------------------------------------------------------------------------------------
                      0.000000    0.000000    0.000000   clock clk (rise edge)
                                  0.000000    0.000000   clock network delay (ideal)
                      0.000000    0.000000    0.000000 ^ _3155_/CLK (sky130_fd_sc_hd__dfrtp_2)
     4    0.012470    0.058097    0.226809    0.226809 ^ _3155_/Q (sky130_fd_sc_hd__dfrtp_2)
                                                         state[3] (net)
                      0.058097    0.000000    0.226809 ^ _2786_/A (sky130_fd_sc_hd__and3_2)
     1    0.002087    0.025386    0.093257    0.320066 ^ _2786_/X (sky130_fd_sc_hd__and3_2)
                                                         _0005_ (net)
                      0.025386    0.000000    0.320066 ^ _3154_/D (sky130_fd_sc_hd__dfrtp_2)
                                              0.320066   data arrival time

                      0.000000    0.000000    0.000000   clock clk (rise edge)
                                  0.000000    0.000000   clock network delay (ideal)
                                  0.500000    0.500000   clock uncertainty
                                  0.000000    0.500000   clock reconvergence pessimism
                                              0.500000 ^ _3154_/CLK (sky130_fd_sc_hd__dfrtp_2)
                                 -0.020145    0.479855   library hold time
                                              0.479855   data required time
---------------------------------------------------------------------------------------------
                                              0.479855   data required time
                                             -0.320066   data arrival time
---------------------------------------------------------------------------------------------
                                             -0.159789   slack (VIOLATED)


Startpoint: _3093_ (rising edge-triggered flip-flop clocked by clk)
Endpoint: _3093_ (rising edge-triggered flip-flop clocked by clk)
Path Group: clk
Path Type: min

Fanout         Cap        Slew       Delay        Time   Description
---------------------------------------------------------------------------------------------
                      0.000000    0.000000    0.000000   clock clk (rise edge)
                                  0.000000    0.000000   clock network delay (ideal)
                      0.000000    0.000000    0.000000 ^ _3093_/CLK (sky130_fd_sc_hd__dfrtp_2)
     7    0.018702    0.078738    0.243132    0.243132 ^ _3093_/Q (sky130_fd_sc_hd__dfrtp_2)
                                                         acc_reg[14] (net)
                      0.078738    0.000000    0.243132 ^ _2145_/A0 (sky130_fd_sc_hd__mux2_1)
     1    0.002087    0.025727    0.079100    0.322232 ^ _2145_/X (sky130_fd_sc_hd__mux2_1)
                                                         _0352_ (net)
                      0.025727    0.000000    0.322232 ^ _3093_/D (sky130_fd_sc_hd__dfrtp_2)
                                              0.322232   data arrival time

                      0.000000    0.000000    0.000000   clock clk (rise edge)
                                  0.000000    0.000000   clock network delay (ideal)
                                  0.500000    0.500000   clock uncertainty
                                  0.000000    0.500000   clock reconvergence pessimism
                                              0.500000 ^ _3093_/CLK (sky130_fd_sc_hd__dfrtp_2)
                                 -0.020171    0.479829   library hold time
                                              0.479829   data required time
---------------------------------------------------------------------------------------------
                                              0.479829   data required time
                                             -0.322232   data arrival time
---------------------------------------------------------------------------------------------
                                             -0.157598   slack (VIOLATED)


Startpoint: _3087_ (rising edge-triggered flip-flop clocked by clk)
Endpoint: _3087_ (rising edge-triggered flip-flop clocked by clk)
Path Group: clk
Path Type: min

Fanout         Cap        Slew       Delay        Time   Description
---------------------------------------------------------------------------------------------
                      0.000000    0.000000    0.000000   clock clk (rise edge)
                                  0.000000    0.000000   clock network delay (ideal)
                      0.000000    0.000000    0.000000 ^ _3087_/CLK (sky130_fd_sc_hd__dfrtp_2)
     8    0.019229    0.080512    0.244436    0.244436 ^ _3087_/Q (sky130_fd_sc_hd__dfrtp_2)
                                                         acc_reg[8] (net)
                      0.080512    0.000000    0.244436 ^ _2153_/A1 (sky130_fd_sc_hd__o22a_2)
     1    0.002087    0.017178    0.079347    0.323783 ^ _2153_/X (sky130_fd_sc_hd__o22a_2)
                                                         _0346_ (net)
                      0.017178    0.000000    0.323783 ^ _3087_/D (sky130_fd_sc_hd__dfrtp_2)
                                              0.323783   data arrival time

                      0.000000    0.000000    0.000000   clock clk (rise edge)
                                  0.000000    0.000000   clock network delay (ideal)
                                  0.500000    0.500000   clock uncertainty
                                  0.000000    0.500000   clock reconvergence pessimism
                                              0.500000 ^ _3087_/CLK (sky130_fd_sc_hd__dfrtp_2)
                                 -0.019542    0.480458   library hold time
                                              0.480458   data required time
---------------------------------------------------------------------------------------------
                                              0.480458   data required time
                                             -0.323783   data arrival time
---------------------------------------------------------------------------------------------
                                             -0.156675   slack (VIOLATED)


Startpoint: _3145_ (rising edge-triggered flip-flop clocked by clk)
Endpoint: _3145_ (rising edge-triggered flip-flop clocked by clk)
Path Group: clk
Path Type: min

Fanout         Cap        Slew       Delay        Time   Description
---------------------------------------------------------------------------------------------
                      0.000000    0.000000    0.000000   clock clk (rise edge)
                                  0.000000    0.000000   clock network delay (ideal)
                      0.000000    0.000000    0.000000 ^ _3145_/CLK (sky130_fd_sc_hd__dfrtp_2)
     2    0.004108    0.031125    0.201954    0.201954 ^ _3145_/Q (sky130_fd_sc_hd__dfrtp_2)
                                                         bit_count[2] (net)
                      0.031125    0.000000    0.201954 ^ _1533_/B1 (sky130_fd_sc_hd__a31o_2)
     1    0.001786    0.017097    0.049438    0.251392 ^ _1533_/X (sky130_fd_sc_hd__a31o_2)
                                                         _1081_ (net)
                      0.017097    0.000000    0.251392 ^ _1534_/B (sky130_fd_sc_hd__and2b_2)
     1    0.002087    0.021551    0.072803    0.324195 ^ _1534_/X (sky130_fd_sc_hd__and2b_2)
                                                         _0241_ (net)
                      0.021551    0.000000    0.324195 ^ _3145_/D (sky130_fd_sc_hd__dfrtp_2)
                                              0.324195   data arrival time

                      0.000000    0.000000    0.000000   clock clk (rise edge)
                                  0.000000    0.000000   clock network delay (ideal)
                                  0.500000    0.500000   clock uncertainty
                                  0.000000    0.500000   clock reconvergence pessimism
                                              0.500000 ^ _3145_/CLK (sky130_fd_sc_hd__dfrtp_2)
                                 -0.019863    0.480137   library hold time
                                              0.480137   data required time
---------------------------------------------------------------------------------------------
                                              0.480137   data required time
                                             -0.324195   data arrival time
---------------------------------------------------------------------------------------------
                                             -0.155941   slack (VIOLATED)


Startpoint: _3088_ (rising edge-triggered flip-flop clocked by clk)
Endpoint: _3088_ (rising edge-triggered flip-flop clocked by clk)
Path Group: clk
Path Type: min

Fanout         Cap        Slew       Delay        Time   Description
---------------------------------------------------------------------------------------------
                      0.000000    0.000000    0.000000   clock clk (rise edge)
                                  0.000000    0.000000   clock network delay (ideal)
                      0.000000    0.000000    0.000000 ^ _3088_/CLK (sky130_fd_sc_hd__dfrtp_2)
     8    0.019614    0.081808    0.245389    0.245389 ^ _3088_/Q (sky130_fd_sc_hd__dfrtp_2)
                                                         acc_reg[9] (net)
                      0.081808    0.000000    0.245389 ^ _2152_/A1 (sky130_fd_sc_hd__o22a_2)
     1    0.002087    0.017178    0.079643    0.325032 ^ _2152_/X (sky130_fd_sc_hd__o22a_2)
                                                         _0347_ (net)
                      0.017178    0.000000    0.325032 ^ _3088_/D (sky130_fd_sc_hd__dfrtp_2)
                                              0.325032   data arrival time

                      0.000000    0.000000    0.000000   clock clk (rise edge)
                                  0.000000    0.000000   clock network delay (ideal)
                                  0.500000    0.500000   clock uncertainty
                                  0.000000    0.500000   clock reconvergence pessimism
                                              0.500000 ^ _3088_/CLK (sky130_fd_sc_hd__dfrtp_2)
                                 -0.019542    0.480458   library hold time
                                              0.480458   data required time
---------------------------------------------------------------------------------------------
                                              0.480458   data required time
                                             -0.325032   data arrival time
---------------------------------------------------------------------------------------------
                                             -0.155426   slack (VIOLATED)


Startpoint: _3008_ (rising edge-triggered flip-flop clocked by clk)
Endpoint: _3008_ (rising edge-triggered flip-flop clocked by clk)
Path Group: clk
Path Type: min

Fanout         Cap        Slew       Delay        Time   Description
---------------------------------------------------------------------------------------------
                      0.000000    0.000000    0.000000   clock clk (rise edge)
                                  0.000000    0.000000   clock network delay (ideal)
                      0.000000    0.000000    0.000000 ^ _3008_/CLK (sky130_fd_sc_hd__dfrtp_2)
     4    0.007694    0.042775    0.212962    0.212962 ^ _3008_/Q (sky130_fd_sc_hd__dfrtp_2)
                                                         my_divider.remainder_reg[7] (net)
                      0.042775    0.000000    0.212962 ^ _2735_/B2 (sky130_fd_sc_hd__a22o_2)
     1    0.002616    0.021384    0.070429    0.283390 ^ _2735_/X (sky130_fd_sc_hd__a22o_2)
                                                         _1009_ (net)
                      0.021384    0.000000    0.283390 ^ _2736_/B1 (sky130_fd_sc_hd__a21o_2)
     1    0.002087    0.016082    0.043830    0.327220 ^ _2736_/X (sky130_fd_sc_hd__a21o_2)
                                                         _0267_ (net)
                      0.016082    0.000000    0.327220 ^ _3008_/D (sky130_fd_sc_hd__dfrtp_2)
                                              0.327220   data arrival time

                      0.000000    0.000000    0.000000   clock clk (rise edge)
                                  0.000000    0.000000   clock network delay (ideal)
                                  0.500000    0.500000   clock uncertainty
                                  0.000000    0.500000   clock reconvergence pessimism
                                              0.500000 ^ _3008_/CLK (sky130_fd_sc_hd__dfrtp_2)
                                 -0.019461    0.480539   library hold time
                                              0.480539   data required time
---------------------------------------------------------------------------------------------
                                              0.480539   data required time
                                             -0.327220   data arrival time
---------------------------------------------------------------------------------------------
                                             -0.153319   slack (VIOLATED)


Startpoint: _3049_ (rising edge-triggered flip-flop clocked by clk)
Endpoint: _3049_ (rising edge-triggered flip-flop clocked by clk)
Path Group: clk
Path Type: min

Fanout         Cap        Slew       Delay        Time   Description
---------------------------------------------------------------------------------------------
                      0.000000    0.000000    0.000000   clock clk (rise edge)
                                  0.000000    0.000000   clock network delay (ideal)
                      0.000000    0.000000    0.000000 ^ _3049_/CLK (sky130_fd_sc_hd__dfrtp_2)
     5    0.023272    0.094120    0.254441    0.254441 ^ _3049_/Q (sky130_fd_sc_hd__dfrtp_2)
                                                         my_sum_sub.al_mb[0] (net)
                      0.094120    0.000000    0.254441 ^ _2365_/A2 (sky130_fd_sc_hd__o21a_2)
     1    0.002087    0.017485    0.072808    0.327249 ^ _2365_/X (sky130_fd_sc_hd__o21a_2)
                                                         _0308_ (net)
                      0.017485    0.000000    0.327249 ^ _3049_/D (sky130_fd_sc_hd__dfrtp_2)
                                              0.327249   data arrival time

                      0.000000    0.000000    0.000000   clock clk (rise edge)
                                  0.000000    0.000000   clock network delay (ideal)
                                  0.500000    0.500000   clock uncertainty
                                  0.000000    0.500000   clock reconvergence pessimism
                                              0.500000 ^ _3049_/CLK (sky130_fd_sc_hd__dfrtp_2)
                                 -0.019564    0.480436   library hold time
                                              0.480436   data required time
---------------------------------------------------------------------------------------------
                                              0.480436   data required time
                                             -0.327249   data arrival time
---------------------------------------------------------------------------------------------
                                             -0.153187   slack (VIOLATED)


Startpoint: _3003_ (rising edge-triggered flip-flop clocked by clk)
Endpoint: _3003_ (rising edge-triggered flip-flop clocked by clk)
Path Group: clk
Path Type: min

Fanout         Cap        Slew       Delay        Time   Description
---------------------------------------------------------------------------------------------
                      0.000000    0.000000    0.000000   clock clk (rise edge)
                                  0.000000    0.000000   clock network delay (ideal)
                      0.000000    0.000000    0.000000 ^ _3003_/CLK (sky130_fd_sc_hd__dfrtp_2)
     4    0.007720    0.042859    0.213037    0.213037 ^ _3003_/Q (sky130_fd_sc_hd__dfrtp_2)
                                                         my_divider.remainder_reg[2] (net)
                      0.042859    0.000000    0.213037 ^ _2760_/B2 (sky130_fd_sc_hd__a22o_2)
     1    0.002557    0.021180    0.070254    0.283291 ^ _2760_/X (sky130_fd_sc_hd__a22o_2)
                                                         _1029_ (net)
                      0.021180    0.000000    0.283291 ^ _2761_/B1 (sky130_fd_sc_hd__a31o_2)
     1    0.002087    0.018190    0.047809    0.331101 ^ _2761_/X (sky130_fd_sc_hd__a31o_2)
                                                         _0262_ (net)
                      0.018190    0.000000    0.331101 ^ _3003_/D (sky130_fd_sc_hd__dfrtp_2)
                                              0.331101   data arrival time

                      0.000000    0.000000    0.000000   clock clk (rise edge)
                                  0.000000    0.000000   clock network delay (ideal)
                                  0.500000    0.500000   clock uncertainty
                                  0.000000    0.500000   clock reconvergence pessimism
                                              0.500000 ^ _3003_/CLK (sky130_fd_sc_hd__dfrtp_2)
                                 -0.019616    0.480384   library hold time
                                              0.480384   data required time
---------------------------------------------------------------------------------------------
                                              0.480384   data required time
                                             -0.331101   data arrival time
---------------------------------------------------------------------------------------------
                                             -0.149283   slack (VIOLATED)


Startpoint: _3091_ (rising edge-triggered flip-flop clocked by clk)
Endpoint: _3091_ (rising edge-triggered flip-flop clocked by clk)
Path Group: clk
Path Type: min

Fanout         Cap        Slew       Delay        Time   Description
---------------------------------------------------------------------------------------------
                      0.000000    0.000000    0.000000   clock clk (rise edge)
                                  0.000000    0.000000   clock network delay (ideal)
                      0.000000    0.000000    0.000000 ^ _3091_/CLK (sky130_fd_sc_hd__dfrtp_2)
     8    0.021861    0.089371    0.250950    0.250950 ^ _3091_/Q (sky130_fd_sc_hd__dfrtp_2)
                                                         acc_reg[12] (net)
                      0.089371    0.000000    0.250950 ^ _2149_/A1 (sky130_fd_sc_hd__o22a_2)
     1    0.002087    0.017178    0.081372    0.332321 ^ _2149_/X (sky130_fd_sc_hd__o22a_2)
                                                         _0350_ (net)
                      0.017178    0.000000    0.332321 ^ _3091_/D (sky130_fd_sc_hd__dfrtp_2)
                                              0.332321   data arrival time

                      0.000000    0.000000    0.000000   clock clk (rise edge)
                                  0.000000    0.000000   clock network delay (ideal)
                                  0.500000    0.500000   clock uncertainty
                                  0.000000    0.500000   clock reconvergence pessimism
                                              0.500000 ^ _3091_/CLK (sky130_fd_sc_hd__dfrtp_2)
                                 -0.019542    0.480458   library hold time
                                              0.480458   data required time
---------------------------------------------------------------------------------------------
                                              0.480458   data required time
                                             -0.332321   data arrival time
---------------------------------------------------------------------------------------------
                                             -0.148137   slack (VIOLATED)


Startpoint: _3005_ (rising edge-triggered flip-flop clocked by clk)
Endpoint: _3005_ (rising edge-triggered flip-flop clocked by clk)
Path Group: clk
Path Type: min

Fanout         Cap        Slew       Delay        Time   Description
---------------------------------------------------------------------------------------------
                      0.000000    0.000000    0.000000   clock clk (rise edge)
                                  0.000000    0.000000   clock network delay (ideal)
                      0.000000    0.000000    0.000000 ^ _3005_/CLK (sky130_fd_sc_hd__dfrtp_2)
     4    0.007671    0.042701    0.212895    0.212895 ^ _3005_/Q (sky130_fd_sc_hd__dfrtp_2)
                                                         my_divider.remainder_reg[4] (net)
                      0.042701    0.000000    0.212895 ^ _2750_/A1 (sky130_fd_sc_hd__a22o_2)
     1    0.002557    0.021198    0.073970    0.286866 ^ _2750_/X (sky130_fd_sc_hd__a22o_2)
                                                         _1021_ (net)
                      0.021198    0.000000    0.286866 ^ _2751_/B1 (sky130_fd_sc_hd__a31o_2)
     1    0.002087    0.018190    0.047814    0.334680 ^ _2751_/X (sky130_fd_sc_hd__a31o_2)
                                                         _0264_ (net)
                      0.018190    0.000000    0.334680 ^ _3005_/D (sky130_fd_sc_hd__dfrtp_2)
                                              0.334680   data arrival time

                      0.000000    0.000000    0.000000   clock clk (rise edge)
                                  0.000000    0.000000   clock network delay (ideal)
                                  0.500000    0.500000   clock uncertainty
                                  0.000000    0.500000   clock reconvergence pessimism
                                              0.500000 ^ _3005_/CLK (sky130_fd_sc_hd__dfrtp_2)
                                 -0.019616    0.480384   library hold time
                                              0.480384   data required time
---------------------------------------------------------------------------------------------
                                              0.480384   data required time
                                             -0.334680   data arrival time
---------------------------------------------------------------------------------------------
                                             -0.145704   slack (VIOLATED)


Startpoint: _3067_ (rising edge-triggered flip-flop clocked by clk)
Endpoint: _3067_ (rising edge-triggered flip-flop clocked by clk)
Path Group: clk
Path Type: min

Fanout         Cap        Slew       Delay        Time   Description
---------------------------------------------------------------------------------------------
                      0.000000    0.000000    0.000000   clock clk (rise edge)
                                  0.000000    0.000000   clock network delay (ideal)
                      0.000000    0.000000    0.000000 ^ _3067_/CLK (sky130_fd_sc_hd__dfrtp_2)
     8    0.023054    0.093387    0.253902    0.253902 ^ _3067_/Q (sky130_fd_sc_hd__dfrtp_2)
                                                         my_sum_sub.cm_mant[7] (net)
                      0.093387    0.000000    0.253902 ^ _2239_/A0 (sky130_fd_sc_hd__mux2_1)
     1    0.002087    0.025737    0.082131    0.336033 ^ _2239_/X (sky130_fd_sc_hd__mux2_1)
                                                         _0326_ (net)
                      0.025737    0.000000    0.336033 ^ _3067_/D (sky130_fd_sc_hd__dfrtp_2)
                                              0.336033   data arrival time

                      0.000000    0.000000    0.000000   clock clk (rise edge)
                                  0.000000    0.000000   clock network delay (ideal)
                                  0.500000    0.500000   clock uncertainty
                                  0.000000    0.500000   clock reconvergence pessimism
                                              0.500000 ^ _3067_/CLK (sky130_fd_sc_hd__dfrtp_2)
                                 -0.020171    0.479829   library hold time
                                              0.479829   data required time
---------------------------------------------------------------------------------------------
                                              0.479829   data required time
                                             -0.336033   data arrival time
---------------------------------------------------------------------------------------------
                                             -0.143796   slack (VIOLATED)


Startpoint: _3041_ (rising edge-triggered flip-flop clocked by clk)
Endpoint: _3041_ (rising edge-triggered flip-flop clocked by clk)
Path Group: clk
Path Type: min

Fanout         Cap        Slew       Delay        Time   Description
---------------------------------------------------------------------------------------------
                      0.000000    0.000000    0.000000   clock clk (rise edge)
                                  0.000000    0.000000   clock network delay (ideal)
                      0.000000    0.000000    0.000000 ^ _3041_/CLK (sky130_fd_sc_hd__dfrtp_2)
     6    0.024672    0.098833    0.257906    0.257906 ^ _3041_/Q (sky130_fd_sc_hd__dfrtp_2)
                                                         my_sum_sub.al_ma[0] (net)
                      0.098833    0.000000    0.257906 ^ _2382_/A2 (sky130_fd_sc_hd__a221o_2)
     1    0.002087    0.017286    0.090538    0.348444 ^ _2382_/X (sky130_fd_sc_hd__a221o_2)
                                                         _0300_ (net)
                      0.017286    0.000000    0.348444 ^ _3041_/D (sky130_fd_sc_hd__dfrtp_2)
                                              0.348444   data arrival time

                      0.000000    0.000000    0.000000   clock clk (rise edge)
                                  0.000000    0.000000   clock network delay (ideal)
                                  0.500000    0.500000   clock uncertainty
                                  0.000000    0.500000   clock reconvergence pessimism
                                              0.500000 ^ _3041_/CLK (sky130_fd_sc_hd__dfrtp_2)
                                 -0.019549    0.480451   library hold time
                                              0.480451   data required time
---------------------------------------------------------------------------------------------
                                              0.480451   data required time
                                             -0.348444   data arrival time
---------------------------------------------------------------------------------------------
                                             -0.132006   slack (VIOLATED)


Startpoint: _3146_ (rising edge-triggered flip-flop clocked by clk)
Endpoint: _3146_ (rising edge-triggered flip-flop clocked by clk)
Path Group: clk
Path Type: min

Fanout         Cap        Slew       Delay        Time   Description
---------------------------------------------------------------------------------------------
                      0.000000    0.000000    0.000000   clock clk (rise edge)
                                  0.000000    0.000000   clock network delay (ideal)
                      0.000000    0.000000    0.000000 ^ _3146_/CLK (sky130_fd_sc_hd__dfrtp_2)
     2    0.009233    0.047712    0.217424    0.217424 ^ _3146_/Q (sky130_fd_sc_hd__dfrtp_2)
                                                         bit_count[3] (net)
                      0.047712    0.000000    0.217424 ^ _1494_/A (sky130_fd_sc_hd__inv_2)
     2    0.006497    0.019519    0.022228    0.239652 v _1494_/Y (sky130_fd_sc_hd__inv_2)
                                                         _1049_ (net)
                      0.019519    0.000000    0.239652 v _1531_/A (sky130_fd_sc_hd__nor2_2)
     1    0.002557    0.042198    0.056432    0.296084 ^ _1531_/Y (sky130_fd_sc_hd__nor2_2)
                                                         _1080_ (net)
                      0.042198    0.000000    0.296084 ^ _1532_/B1 (sky130_fd_sc_hd__a31o_2)
     1    0.002087    0.018451    0.053278    0.349362 ^ _1532_/X (sky130_fd_sc_hd__a31o_2)
                                                         _0242_ (net)
                      0.018451    0.000000    0.349362 ^ _3146_/D (sky130_fd_sc_hd__dfrtp_2)
                                              0.349362   data arrival time

                      0.000000    0.000000    0.000000   clock clk (rise edge)
                                  0.000000    0.000000   clock network delay (ideal)
                                  0.500000    0.500000   clock uncertainty
                                  0.000000    0.500000   clock reconvergence pessimism
                                              0.500000 ^ _3146_/CLK (sky130_fd_sc_hd__dfrtp_2)
                                 -0.019635    0.480365   library hold time
                                              0.480365   data required time
---------------------------------------------------------------------------------------------
                                              0.480365   data required time
                                             -0.349362   data arrival time
---------------------------------------------------------------------------------------------
                                             -0.131003   slack (VIOLATED)


Startpoint: _3086_ (rising edge-triggered flip-flop clocked by clk)
Endpoint: _3086_ (rising edge-triggered flip-flop clocked by clk)
Path Group: clk
Path Type: min

Fanout         Cap        Slew       Delay        Time   Description
---------------------------------------------------------------------------------------------
                      0.000000    0.000000    0.000000   clock clk (rise edge)
                                  0.000000    0.000000   clock network delay (ideal)
                      0.000000    0.000000    0.000000 ^ _3086_/CLK (sky130_fd_sc_hd__dfrtp_2)
     9    0.027845    0.109513    0.265759    0.265759 ^ _3086_/Q (sky130_fd_sc_hd__dfrtp_2)
                                                         acc_reg[7] (net)
                      0.109513    0.000000    0.265759 ^ _2154_/A1 (sky130_fd_sc_hd__o22a_2)
     1    0.002087    0.017169    0.085974    0.351733 ^ _2154_/X (sky130_fd_sc_hd__o22a_2)
                                                         _0345_ (net)
                      0.017169    0.000000    0.351733 ^ _3086_/D (sky130_fd_sc_hd__dfrtp_2)
                                              0.351733   data arrival time

                      0.000000    0.000000    0.000000   clock clk (rise edge)
                                  0.000000    0.000000   clock network delay (ideal)
                                  0.500000    0.500000   clock uncertainty
                                  0.000000    0.500000   clock reconvergence pessimism
                                              0.500000 ^ _3086_/CLK (sky130_fd_sc_hd__dfrtp_2)
                                 -0.019541    0.480459   library hold time
                                              0.480459   data required time
---------------------------------------------------------------------------------------------
                                              0.480459   data required time
                                             -0.351733   data arrival time
---------------------------------------------------------------------------------------------
                                             -0.128726   slack (VIOLATED)


Startpoint: _3007_ (rising edge-triggered flip-flop clocked by clk)
Endpoint: _3007_ (rising edge-triggered flip-flop clocked by clk)
Path Group: clk
Path Type: min

Fanout         Cap        Slew       Delay        Time   Description
---------------------------------------------------------------------------------------------
                      0.000000    0.000000    0.000000   clock clk (rise edge)
                                  0.000000    0.000000   clock network delay (ideal)
                      0.000000    0.000000    0.000000 ^ _3007_/CLK (sky130_fd_sc_hd__dfrtp_2)
     4    0.015608    0.068324    0.235475    0.235475 ^ _3007_/Q (sky130_fd_sc_hd__dfrtp_2)
                                                         my_divider.remainder_reg[6] (net)
                      0.068324    0.000000    0.235475 ^ _2740_/A1 (sky130_fd_sc_hd__a22o_2)
     1    0.002616    0.021401    0.080319    0.315794 ^ _2740_/X (sky130_fd_sc_hd__a22o_2)
                                                         _1013_ (net)
                      0.021401    0.000000    0.315794 ^ _2741_/B1 (sky130_fd_sc_hd__a21o_2)
     1    0.002087    0.016082    0.043834    0.359628 ^ _2741_/X (sky130_fd_sc_hd__a21o_2)
                                                         _0266_ (net)
                      0.016082    0.000000    0.359628 ^ _3007_/D (sky130_fd_sc_hd__dfrtp_2)
                                              0.359628   data arrival time

                      0.000000    0.000000    0.000000   clock clk (rise edge)
                                  0.000000    0.000000   clock network delay (ideal)
                                  0.500000    0.500000   clock uncertainty
                                  0.000000    0.500000   clock reconvergence pessimism
                                              0.500000 ^ _3007_/CLK (sky130_fd_sc_hd__dfrtp_2)
                                 -0.019461    0.480539   library hold time
                                              0.480539   data required time
---------------------------------------------------------------------------------------------
                                              0.480539   data required time
                                             -0.359628   data arrival time
---------------------------------------------------------------------------------------------
                                             -0.120911   slack (VIOLATED)


Startpoint: _2995_ (rising edge-triggered flip-flop clocked by clk)
Endpoint: _2995_ (rising edge-triggered flip-flop clocked by clk)
Path Group: clk
Path Type: min

Fanout         Cap        Slew       Delay        Time   Description
---------------------------------------------------------------------------------------------
                      0.000000    0.000000    0.000000   clock clk (rise edge)
                                  0.000000    0.000000   clock network delay (ideal)
                      0.000000    0.000000    0.000000 ^ _2995_/CLK (sky130_fd_sc_hd__dfrtp_2)
     2    0.013047    0.059948    0.228482    0.228482 ^ _2995_/Q (sky130_fd_sc_hd__dfrtp_2)
                                                         my_divider.divisor_reg[6] (net)
                      0.059948    0.000000    0.228482 ^ _1504_/A (sky130_fd_sc_hd__inv_2)
     2    0.006400    0.021810    0.022910    0.251392 v _1504_/Y (sky130_fd_sc_hd__inv_2)
                                                         _1059_ (net)
                      0.021810    0.000000    0.251392 v _2778_/A (sky130_fd_sc_hd__nor2_2)
     1    0.002557    0.042691    0.057266    0.308658 ^ _2778_/Y (sky130_fd_sc_hd__nor2_2)
                                                         _1039_ (net)
                      0.042691    0.000000    0.308658 ^ _2779_/B1 (sky130_fd_sc_hd__a31o_2)
     1    0.002087    0.018457    0.053405    0.362063 ^ _2779_/X (sky130_fd_sc_hd__a31o_2)
                                                         _0254_ (net)
                      0.018457    0.000000    0.362063 ^ _2995_/D (sky130_fd_sc_hd__dfrtp_2)
                                              0.362063   data arrival time

                      0.000000    0.000000    0.000000   clock clk (rise edge)
                                  0.000000    0.000000   clock network delay (ideal)
                                  0.500000    0.500000   clock uncertainty
                                  0.000000    0.500000   clock reconvergence pessimism
                                              0.500000 ^ _2995_/CLK (sky130_fd_sc_hd__dfrtp_2)
                                 -0.019636    0.480364   library hold time
                                              0.480364   data required time
---------------------------------------------------------------------------------------------
                                              0.480364   data required time
                                             -0.362063   data arrival time
---------------------------------------------------------------------------------------------
                                             -0.118301   slack (VIOLATED)


Startpoint: _3028_ (rising edge-triggered flip-flop clocked by clk)
Endpoint: _3090_ (rising edge-triggered flip-flop clocked by clk)
Path Group: clk
Path Type: min

Fanout         Cap        Slew       Delay        Time   Description
---------------------------------------------------------------------------------------------
                      0.000000    0.000000    0.000000   clock clk (rise edge)
                                  0.000000    0.000000   clock network delay (ideal)
                      0.000000    0.000000    0.000000 ^ _3028_/CLK (sky130_fd_sc_hd__dfrtp_2)
     2    0.005107    0.034476    0.205461    0.205461 ^ _3028_/Q (sky130_fd_sc_hd__dfrtp_2)
                                                         my_sum_sub.result[11] (net)
                      0.034476    0.000000    0.205461 ^ _2027_/A1 (sky130_fd_sc_hd__o211a_2)
     2    0.005106    0.036085    0.105942    0.311403 ^ _2027_/X (sky130_fd_sc_hd__o211a_2)
                                                         _0433_ (net)
                      0.036085    0.000000    0.311403 ^ _2150_/B2 (sky130_fd_sc_hd__o22a_2)
     1    0.002087    0.017178    0.054339    0.365742 ^ _2150_/X (sky130_fd_sc_hd__o22a_2)
                                                         _0349_ (net)
                      0.017178    0.000000    0.365742 ^ _3090_/D (sky130_fd_sc_hd__dfrtp_2)
                                              0.365742   data arrival time

                      0.000000    0.000000    0.000000   clock clk (rise edge)
                                  0.000000    0.000000   clock network delay (ideal)
                                  0.500000    0.500000   clock uncertainty
                                  0.000000    0.500000   clock reconvergence pessimism
                                              0.500000 ^ _3090_/CLK (sky130_fd_sc_hd__dfrtp_2)
                                 -0.019542    0.480458   library hold time
                                              0.480458   data required time
---------------------------------------------------------------------------------------------
                                              0.480458   data required time
                                             -0.365742   data arrival time
---------------------------------------------------------------------------------------------
                                             -0.114716   slack (VIOLATED)


Startpoint: _3159_ (rising edge-triggered flip-flop clocked by clk)
Endpoint: _3161_ (rising edge-triggered flip-flop clocked by clk)
Path Group: clk
Path Type: min

Fanout         Cap        Slew       Delay        Time   Description
---------------------------------------------------------------------------------------------
                      0.000000    0.000000    0.000000   clock clk (rise edge)
                                  0.000000    0.000000   clock network delay (ideal)
                      0.000000    0.000000    0.000000 ^ _3159_/CLK (sky130_fd_sc_hd__dfrtp_2)
    21    0.069571    0.130858    0.337576    0.337576 v _3159_/Q (sky130_fd_sc_hd__dfrtp_2)
                                                         my_sum_sub.state[1] (net)
                      0.130858    0.000000    0.337576 v _3161_/D (sky130_fd_sc_hd__dfrtp_2)
                                              0.337576   data arrival time

                      0.000000    0.000000    0.000000   clock clk (rise edge)
                                  0.000000    0.000000   clock network delay (ideal)
                                  0.500000    0.500000   clock uncertainty
                                  0.000000    0.500000   clock reconvergence pessimism
                                              0.500000 ^ _3161_/CLK (sky130_fd_sc_hd__dfrtp_2)
                                 -0.064546    0.435454   library hold time
                                              0.435454   data required time
---------------------------------------------------------------------------------------------
                                              0.435454   data required time
                                             -0.337576   data arrival time
---------------------------------------------------------------------------------------------
                                             -0.097878   slack (VIOLATED)


Startpoint: _3017_ (rising edge-triggered flip-flop clocked by clk)
Endpoint: _3079_ (rising edge-triggered flip-flop clocked by clk)
Path Group: clk
Path Type: min

Fanout         Cap        Slew       Delay        Time   Description
---------------------------------------------------------------------------------------------
                      0.000000    0.000000    0.000000   clock clk (rise edge)
                                  0.000000    0.000000   clock network delay (ideal)
                      0.000000    0.000000    0.000000 ^ _3017_/CLK (sky130_fd_sc_hd__dfrtp_2)
     2    0.004999    0.034130    0.205148    0.205148 ^ _3017_/Q (sky130_fd_sc_hd__dfrtp_2)
                                                         my_sum_sub.result[0] (net)
                      0.034130    0.000000    0.205148 ^ _2100_/B2 (sky130_fd_sc_hd__a22o_2)
     1    0.002575    0.021251    0.068165    0.273313 ^ _2100_/X (sky130_fd_sc_hd__a22o_2)
                                                         _0495_ (net)
                      0.021251    0.000000    0.273313 ^ _2101_/A2 (sky130_fd_sc_hd__o21a_2)
     2    0.004619    0.027391    0.067173    0.340486 ^ _2101_/X (sky130_fd_sc_hd__o21a_2)
                                                         _0496_ (net)
                      0.027391    0.000000    0.340486 ^ _2161_/A1 (sky130_fd_sc_hd__mux2_1)
     1    0.002087    0.025727    0.068110    0.408595 ^ _2161_/X (sky130_fd_sc_hd__mux2_1)
                                                         _0338_ (net)
                      0.025727    0.000000    0.408595 ^ _3079_/D (sky130_fd_sc_hd__dfrtp_2)
                                              0.408595   data arrival time

                      0.000000    0.000000    0.000000   clock clk (rise edge)
                                  0.000000    0.000000   clock network delay (ideal)
                                  0.500000    0.500000   clock uncertainty
                                  0.000000    0.500000   clock reconvergence pessimism
                                              0.500000 ^ _3079_/CLK (sky130_fd_sc_hd__dfrtp_2)
                                 -0.020171    0.479829   library hold time
                                              0.479829   data required time
---------------------------------------------------------------------------------------------
                                              0.479829   data required time
                                             -0.408595   data arrival time
---------------------------------------------------------------------------------------------
                                             -0.071234   slack (VIOLATED)


Startpoint: _3018_ (rising edge-triggered flip-flop clocked by clk)
Endpoint: _3080_ (rising edge-triggered flip-flop clocked by clk)
Path Group: clk
Path Type: min

Fanout         Cap        Slew       Delay        Time   Description
---------------------------------------------------------------------------------------------
                      0.000000    0.000000    0.000000   clock clk (rise edge)
                                  0.000000    0.000000   clock network delay (ideal)
                      0.000000    0.000000    0.000000 ^ _3018_/CLK (sky130_fd_sc_hd__dfrtp_2)
     2    0.004999    0.034130    0.205148    0.205148 ^ _3018_/Q (sky130_fd_sc_hd__dfrtp_2)
                                                         my_sum_sub.result[1] (net)
                      0.034130    0.000000    0.205148 ^ _2094_/B2 (sky130_fd_sc_hd__a22o_2)
     1    0.002575    0.021251    0.068165    0.273313 ^ _2094_/X (sky130_fd_sc_hd__a22o_2)
                                                         _0490_ (net)
                      0.021251    0.000000    0.273313 ^ _2095_/A2 (sky130_fd_sc_hd__o21a_2)
     2    0.004619    0.027391    0.067173    0.340486 ^ _2095_/X (sky130_fd_sc_hd__o21a_2)
                                                         _0491_ (net)
                      0.027391    0.000000    0.340486 ^ _2160_/A1 (sky130_fd_sc_hd__mux2_1)
     1    0.002087    0.025727    0.068110    0.408595 ^ _2160_/X (sky130_fd_sc_hd__mux2_1)
                                                         _0339_ (net)
                      0.025727    0.000000    0.408595 ^ _3080_/D (sky130_fd_sc_hd__dfrtp_2)
                                              0.408595   data arrival time

                      0.000000    0.000000    0.000000   clock clk (rise edge)
                                  0.000000    0.000000   clock network delay (ideal)
                                  0.500000    0.500000   clock uncertainty
                                  0.000000    0.500000   clock reconvergence pessimism
                                              0.500000 ^ _3080_/CLK (sky130_fd_sc_hd__dfrtp_2)
                                 -0.020171    0.479829   library hold time
                                              0.479829   data required time
---------------------------------------------------------------------------------------------
                                              0.479829   data required time
                                             -0.408595   data arrival time
---------------------------------------------------------------------------------------------
                                             -0.071234   slack (VIOLATED)


Startpoint: _3019_ (rising edge-triggered flip-flop clocked by clk)
Endpoint: _3081_ (rising edge-triggered flip-flop clocked by clk)
Path Group: clk
Path Type: min

Fanout         Cap        Slew       Delay        Time   Description
---------------------------------------------------------------------------------------------
                      0.000000    0.000000    0.000000   clock clk (rise edge)
                                  0.000000    0.000000   clock network delay (ideal)
                      0.000000    0.000000    0.000000 ^ _3019_/CLK (sky130_fd_sc_hd__dfrtp_2)
     2    0.004999    0.034130    0.205148    0.205148 ^ _3019_/Q (sky130_fd_sc_hd__dfrtp_2)
                                                         my_sum_sub.result[2] (net)
                      0.034130    0.000000    0.205148 ^ _2088_/B2 (sky130_fd_sc_hd__a22o_2)
     1    0.002575    0.021251    0.068165    0.273313 ^ _2088_/X (sky130_fd_sc_hd__a22o_2)
                                                         _0485_ (net)
                      0.021251    0.000000    0.273313 ^ _2089_/A2 (sky130_fd_sc_hd__o21a_2)
     2    0.004619    0.027391    0.067173    0.340486 ^ _2089_/X (sky130_fd_sc_hd__o21a_2)
                                                         _0486_ (net)
                      0.027391    0.000000    0.340486 ^ _2159_/A1 (sky130_fd_sc_hd__mux2_1)
     1    0.002087    0.025727    0.068110    0.408595 ^ _2159_/X (sky130_fd_sc_hd__mux2_1)
                                                         _0340_ (net)
                      0.025727    0.000000    0.408595 ^ _3081_/D (sky130_fd_sc_hd__dfrtp_2)
                                              0.408595   data arrival time

                      0.000000    0.000000    0.000000   clock clk (rise edge)
                                  0.000000    0.000000   clock network delay (ideal)
                                  0.500000    0.500000   clock uncertainty
                                  0.000000    0.500000   clock reconvergence pessimism
                                              0.500000 ^ _3081_/CLK (sky130_fd_sc_hd__dfrtp_2)
                                 -0.020171    0.479829   library hold time
                                              0.479829   data required time
---------------------------------------------------------------------------------------------
                                              0.479829   data required time
                                             -0.408595   data arrival time
---------------------------------------------------------------------------------------------
                                             -0.071234   slack (VIOLATED)


Startpoint: _3020_ (rising edge-triggered flip-flop clocked by clk)
Endpoint: _3082_ (rising edge-triggered flip-flop clocked by clk)
Path Group: clk
Path Type: min

Fanout         Cap        Slew       Delay        Time   Description
---------------------------------------------------------------------------------------------
                      0.000000    0.000000    0.000000   clock clk (rise edge)
                                  0.000000    0.000000   clock network delay (ideal)
                      0.000000    0.000000    0.000000 ^ _3020_/CLK (sky130_fd_sc_hd__dfrtp_2)
     2    0.004999    0.034130    0.205148    0.205148 ^ _3020_/Q (sky130_fd_sc_hd__dfrtp_2)
                                                         my_sum_sub.result[3] (net)
                      0.034130    0.000000    0.205148 ^ _2082_/B2 (sky130_fd_sc_hd__a22o_2)
     1    0.002575    0.021251    0.068165    0.273313 ^ _2082_/X (sky130_fd_sc_hd__a22o_2)
                                                         _0480_ (net)
                      0.021251    0.000000    0.273313 ^ _2083_/A2 (sky130_fd_sc_hd__o21a_2)
     2    0.004619    0.027391    0.067173    0.340486 ^ _2083_/X (sky130_fd_sc_hd__o21a_2)
                                                         _0481_ (net)
                      0.027391    0.000000    0.340486 ^ _2158_/A1 (sky130_fd_sc_hd__mux2_1)
     1    0.002087    0.025727    0.068110    0.408595 ^ _2158_/X (sky130_fd_sc_hd__mux2_1)
                                                         _0341_ (net)
                      0.025727    0.000000    0.408595 ^ _3082_/D (sky130_fd_sc_hd__dfrtp_2)
                                              0.408595   data arrival time

                      0.000000    0.000000    0.000000   clock clk (rise edge)
                                  0.000000    0.000000   clock network delay (ideal)
                                  0.500000    0.500000   clock uncertainty
                                  0.000000    0.500000   clock reconvergence pessimism
                                              0.500000 ^ _3082_/CLK (sky130_fd_sc_hd__dfrtp_2)
                                 -0.020171    0.479829   library hold time
                                              0.479829   data required time
---------------------------------------------------------------------------------------------
                                              0.479829   data required time
                                             -0.408595   data arrival time
---------------------------------------------------------------------------------------------
                                             -0.071234   slack (VIOLATED)


Startpoint: _3021_ (rising edge-triggered flip-flop clocked by clk)
Endpoint: _3083_ (rising edge-triggered flip-flop clocked by clk)
Path Group: clk
Path Type: min

Fanout         Cap        Slew       Delay        Time   Description
---------------------------------------------------------------------------------------------
                      0.000000    0.000000    0.000000   clock clk (rise edge)
                                  0.000000    0.000000   clock network delay (ideal)
                      0.000000    0.000000    0.000000 ^ _3021_/CLK (sky130_fd_sc_hd__dfrtp_2)
     2    0.004999    0.034130    0.205148    0.205148 ^ _3021_/Q (sky130_fd_sc_hd__dfrtp_2)
                                                         my_sum_sub.result[4] (net)
                      0.034130    0.000000    0.205148 ^ _2076_/B2 (sky130_fd_sc_hd__a22o_2)
     1    0.002575    0.021251    0.068165    0.273313 ^ _2076_/X (sky130_fd_sc_hd__a22o_2)
                                                         _0475_ (net)
                      0.021251    0.000000    0.273313 ^ _2077_/A2 (sky130_fd_sc_hd__o21a_2)
     2    0.004619    0.027391    0.067173    0.340486 ^ _2077_/X (sky130_fd_sc_hd__o21a_2)
                                                         _0476_ (net)
                      0.027391    0.000000    0.340486 ^ _2157_/A1 (sky130_fd_sc_hd__mux2_1)
     1    0.002087    0.025727    0.068110    0.408595 ^ _2157_/X (sky130_fd_sc_hd__mux2_1)
                                                         _0342_ (net)
                      0.025727    0.000000    0.408595 ^ _3083_/D (sky130_fd_sc_hd__dfrtp_2)
                                              0.408595   data arrival time

                      0.000000    0.000000    0.000000   clock clk (rise edge)
                                  0.000000    0.000000   clock network delay (ideal)
                                  0.500000    0.500000   clock uncertainty
                                  0.000000    0.500000   clock reconvergence pessimism
                                              0.500000 ^ _3083_/CLK (sky130_fd_sc_hd__dfrtp_2)
                                 -0.020171    0.479829   library hold time
                                              0.479829   data required time
---------------------------------------------------------------------------------------------
                                              0.479829   data required time
                                             -0.408595   data arrival time
---------------------------------------------------------------------------------------------
                                             -0.071234   slack (VIOLATED)


Startpoint: _3022_ (rising edge-triggered flip-flop clocked by clk)
Endpoint: _3084_ (rising edge-triggered flip-flop clocked by clk)
Path Group: clk
Path Type: min

Fanout         Cap        Slew       Delay        Time   Description
---------------------------------------------------------------------------------------------
                      0.000000    0.000000    0.000000   clock clk (rise edge)
                                  0.000000    0.000000   clock network delay (ideal)
                      0.000000    0.000000    0.000000 ^ _3022_/CLK (sky130_fd_sc_hd__dfrtp_2)
     2    0.004999    0.034130    0.205148    0.205148 ^ _3022_/Q (sky130_fd_sc_hd__dfrtp_2)
                                                         my_sum_sub.result[5] (net)
                      0.034130    0.000000    0.205148 ^ _2070_/B2 (sky130_fd_sc_hd__a22o_2)
     1    0.002575    0.021251    0.068165    0.273313 ^ _2070_/X (sky130_fd_sc_hd__a22o_2)
                                                         _0470_ (net)
                      0.021251    0.000000    0.273313 ^ _2071_/A2 (sky130_fd_sc_hd__o21a_2)
     2    0.004619    0.027391    0.067173    0.340486 ^ _2071_/X (sky130_fd_sc_hd__o21a_2)
                                                         _0471_ (net)
                      0.027391    0.000000    0.340486 ^ _2156_/A1 (sky130_fd_sc_hd__mux2_1)
     1    0.002087    0.025727    0.068110    0.408595 ^ _2156_/X (sky130_fd_sc_hd__mux2_1)
                                                         _0343_ (net)
                      0.025727    0.000000    0.408595 ^ _3084_/D (sky130_fd_sc_hd__dfrtp_2)
                                              0.408595   data arrival time

                      0.000000    0.000000    0.000000   clock clk (rise edge)
                                  0.000000    0.000000   clock network delay (ideal)
                                  0.500000    0.500000   clock uncertainty
                                  0.000000    0.500000   clock reconvergence pessimism
                                              0.500000 ^ _3084_/CLK (sky130_fd_sc_hd__dfrtp_2)
                                 -0.020171    0.479829   library hold time
                                              0.479829   data required time
---------------------------------------------------------------------------------------------
                                              0.479829   data required time
                                             -0.408595   data arrival time
---------------------------------------------------------------------------------------------
                                             -0.071234   slack (VIOLATED)


Startpoint: _3023_ (rising edge-triggered flip-flop clocked by clk)
Endpoint: _3085_ (rising edge-triggered flip-flop clocked by clk)
Path Group: clk
Path Type: min

Fanout         Cap        Slew       Delay        Time   Description
---------------------------------------------------------------------------------------------
                      0.000000    0.000000    0.000000   clock clk (rise edge)
                                  0.000000    0.000000   clock network delay (ideal)
                      0.000000    0.000000    0.000000 ^ _3023_/CLK (sky130_fd_sc_hd__dfrtp_2)
     2    0.004999    0.034130    0.205148    0.205148 ^ _3023_/Q (sky130_fd_sc_hd__dfrtp_2)
                                                         my_sum_sub.result[6] (net)
                      0.034130    0.000000    0.205148 ^ _2064_/B2 (sky130_fd_sc_hd__a22o_2)
     1    0.002575    0.021251    0.068165    0.273313 ^ _2064_/X (sky130_fd_sc_hd__a22o_2)
                                                         _0465_ (net)
                      0.021251    0.000000    0.273313 ^ _2065_/A2 (sky130_fd_sc_hd__o21a_2)
     2    0.004619    0.027391    0.067173    0.340486 ^ _2065_/X (sky130_fd_sc_hd__o21a_2)
                                                         _0466_ (net)
                      0.027391    0.000000    0.340486 ^ _2155_/A1 (sky130_fd_sc_hd__mux2_1)
     1    0.002087    0.025727    0.068110    0.408595 ^ _2155_/X (sky130_fd_sc_hd__mux2_1)
                                                         _0344_ (net)
                      0.025727    0.000000    0.408595 ^ _3085_/D (sky130_fd_sc_hd__dfrtp_2)
                                              0.408595   data arrival time

                      0.000000    0.000000    0.000000   clock clk (rise edge)
                                  0.000000    0.000000   clock network delay (ideal)
                                  0.500000    0.500000   clock uncertainty
                                  0.000000    0.500000   clock reconvergence pessimism
                                              0.500000 ^ _3085_/CLK (sky130_fd_sc_hd__dfrtp_2)
                                 -0.020171    0.479829   library hold time
                                              0.479829   data required time
---------------------------------------------------------------------------------------------
                                              0.479829   data required time
                                             -0.408595   data arrival time
---------------------------------------------------------------------------------------------
                                             -0.071234   slack (VIOLATED)


Startpoint: _3056_ (rising edge-triggered flip-flop clocked by clk)
Endpoint: _3068_ (rising edge-triggered flip-flop clocked by clk)
Path Group: clk
Path Type: min

Fanout         Cap        Slew       Delay        Time   Description
---------------------------------------------------------------------------------------------
                      0.000000    0.000000    0.000000   clock clk (rise edge)
                                  0.000000    0.000000   clock network delay (ideal)
                      0.000000    0.000000    0.000000 ^ _3056_/CLK (sky130_fd_sc_hd__dfrtp_2)
     4    0.008549    0.045518    0.215441    0.215441 ^ _3056_/Q (sky130_fd_sc_hd__dfrtp_2)
                                                         my_sum_sub.al_mb[7] (net)
                      0.045518    0.000000    0.215441 ^ _2227_/A1 (sky130_fd_sc_hd__a21o_2)
     1    0.004764    0.028005    0.074171    0.289612 ^ _2227_/X (sky130_fd_sc_hd__a21o_2)
                                                         _0562_ (net)
                      0.028005    0.000000    0.289612 ^ _2228_/B1 (sky130_fd_sc_hd__a21oi_2)
     1    0.004215    0.013307    0.018134    0.307746 v _2228_/Y (sky130_fd_sc_hd__a21oi_2)
                                                         _0563_ (net)
                      0.013307    0.000000    0.307746 v _2229_/B1 (sky130_fd_sc_hd__a21oi_2)
     1    0.002069    0.030856    0.031784    0.339530 ^ _2229_/Y (sky130_fd_sc_hd__a21oi_2)
                                                         _0564_ (net)
                      0.030856    0.000000    0.339530 ^ _2230_/A1 (sky130_fd_sc_hd__mux2_1)
     1    0.002087    0.025737    0.069076    0.408606 ^ _2230_/X (sky130_fd_sc_hd__mux2_1)
                                                         _0327_ (net)
                      0.025737    0.000000    0.408606 ^ _3068_/D (sky130_fd_sc_hd__dfrtp_2)
                                              0.408606   data arrival time

                      0.000000    0.000000    0.000000   clock clk (rise edge)
                                  0.000000    0.000000   clock network delay (ideal)
                                  0.500000    0.500000   clock uncertainty
                                  0.000000    0.500000   clock reconvergence pessimism
                                              0.500000 ^ _3068_/CLK (sky130_fd_sc_hd__dfrtp_2)
                                 -0.020171    0.479829   library hold time
                                              0.479829   data required time
---------------------------------------------------------------------------------------------
                                              0.479829   data required time
                                             -0.408606   data arrival time
---------------------------------------------------------------------------------------------
                                             -0.071223   slack (VIOLATED)


Startpoint: _3059_ (rising edge-triggered flip-flop clocked by clk)
Endpoint: _3059_ (rising edge-triggered flip-flop clocked by clk)
Path Group: clk
Path Type: min

Fanout         Cap        Slew       Delay        Time   Description
---------------------------------------------------------------------------------------------
                      0.000000    0.000000    0.000000   clock clk (rise edge)
                                  0.000000    0.000000   clock network delay (ideal)
                      0.000000    0.000000    0.000000 ^ _3059_/CLK (sky130_fd_sc_hd__dfrtp_2)
    16    0.053544    0.197166    0.328828    0.328828 ^ _3059_/Q (sky130_fd_sc_hd__dfrtp_2)
                                                         my_sum_sub.al_b_larger (net)
                      0.197166    0.000000    0.328828 ^ _2282_/A1 (sky130_fd_sc_hd__a21o_2)
     1    0.002087    0.020688    0.084251    0.413078 ^ _2282_/X (sky130_fd_sc_hd__a21o_2)
                                                         _0318_ (net)
                      0.020688    0.000000    0.413078 ^ _3059_/D (sky130_fd_sc_hd__dfrtp_2)
                                              0.413078   data arrival time

                      0.000000    0.000000    0.000000   clock clk (rise edge)
                                  0.000000    0.000000   clock network delay (ideal)
                                  0.500000    0.500000   clock uncertainty
                                  0.000000    0.500000   clock reconvergence pessimism
                                              0.500000 ^ _3059_/CLK (sky130_fd_sc_hd__dfrtp_2)
                                 -0.019800    0.480200   library hold time
                                              0.480200   data required time
---------------------------------------------------------------------------------------------
                                              0.480200   data required time
                                             -0.413078   data arrival time
---------------------------------------------------------------------------------------------
                                             -0.067122   slack (VIOLATED)


Startpoint: _3147_ (rising edge-triggered flip-flop clocked by clk)
Endpoint: _3153_ (rising edge-triggered flip-flop clocked by clk)
Path Group: clk
Path Type: min

Fanout         Cap        Slew       Delay        Time   Description
---------------------------------------------------------------------------------------------
                      0.000000    0.000000    0.000000   clock clk (rise edge)
                                  0.000000    0.000000   clock network delay (ideal)
                      0.000000    0.000000    0.000000 ^ _3147_/CLK (sky130_fd_sc_hd__dfrtp_2)
     3    0.008998    0.046958    0.216743    0.216743 ^ _3147_/Q (sky130_fd_sc_hd__dfrtp_2)
                                                         bit_count[4] (net)
                      0.046958    0.000000    0.216743 ^ _1526_/A (sky130_fd_sc_hd__nor2_2)
     3    0.009995    0.022962    0.033959    0.250701 v _1526_/Y (sky130_fd_sc_hd__nor2_2)
                                                         _1076_ (net)
                      0.022962    0.000000    0.250701 v _2121_/B (sky130_fd_sc_hd__nand2_2)
     3    0.009215    0.045621    0.053107    0.303809 ^ _2121_/Y (sky130_fd_sc_hd__nand2_2)
                                                         _0499_ (net)
                      0.045621    0.000000    0.303809 ^ _2122_/A (sky130_fd_sc_hd__or3b_2)
    17    0.063628    0.282329    0.247423    0.551231 ^ _2122_/X (sky130_fd_sc_hd__or3b_2)
                                                         _0500_ (net)
                      0.282329    0.000000    0.551231 ^ _2123_/A (sky130_fd_sc_hd__inv_2)
     1    0.002059    0.039035   -0.003013    0.548218 v _2123_/Y (sky130_fd_sc_hd__inv_2)
                                                         _0004_ (net)
                      0.039035    0.000000    0.548218 v _3153_/D (sky130_fd_sc_hd__dfrtp_2)
                                              0.548218   data arrival time

                      0.000000    0.000000    0.000000   clock clk (rise edge)
                                  0.000000    0.000000   clock network delay (ideal)
                                  0.500000    0.500000   clock uncertainty
                                  0.000000    0.500000   clock reconvergence pessimism
                                              0.500000 ^ _3153_/CLK (sky130_fd_sc_hd__dfrtp_2)
                                 -0.035157    0.464843   library hold time
                                              0.464843   data required time
---------------------------------------------------------------------------------------------
                                              0.464843   data required time
                                             -0.548218   data arrival time
---------------------------------------------------------------------------------------------
                                              0.083375   slack (MET)


Startpoint: _3173_ (rising edge-triggered flip-flop clocked by clk)
Endpoint: _3173_ (rising edge-triggered flip-flop clocked by clk)
Path Group: clk
Path Type: min

Fanout         Cap        Slew       Delay        Time   Description
---------------------------------------------------------------------------------------------
                      0.000000    0.000000    0.000000   clock clk (rise edge)
                                  0.000000    0.000000   clock network delay (ideal)
                      0.000000    0.000000    0.000000 ^ _3173_/CLK (sky130_fd_sc_hd__dfrtp_2)
     5    0.012114    0.056955    0.225777    0.225777 ^ _3173_/Q (sky130_fd_sc_hd__dfrtp_2)
                                                         my_divider.state (net)
                      0.056955    0.000000    0.225777 ^ _2689_/A (sky130_fd_sc_hd__and2_2)
    17    0.044108    0.173540    0.191938    0.417715 ^ _2689_/X (sky130_fd_sc_hd__and2_2)
                                                         _0972_ (net)
                      0.173540    0.000000    0.417715 ^ _2691_/A (sky130_fd_sc_hd__nor2_2)
    16    0.038347    0.091958    0.092369    0.510084 v _2691_/Y (sky130_fd_sc_hd__nor2_2)
                                                         _0974_ (net)
                      0.091958    0.000000    0.510084 v _2692_/A (sky130_fd_sc_hd__inv_2)
     2    0.005773    0.037591    0.056082    0.566167 ^ _2692_/Y (sky130_fd_sc_hd__inv_2)
                                                         my_divider.en_r (net)
                      0.037591    0.000000    0.566167 ^ _3173_/D (sky130_fd_sc_hd__dfrtp_2)
                                              0.566167   data arrival time

                      0.000000    0.000000    0.000000   clock clk (rise edge)
                                  0.000000    0.000000   clock network delay (ideal)
                                  0.500000    0.500000   clock uncertainty
                                  0.000000    0.500000   clock reconvergence pessimism
                                              0.500000 ^ _3173_/CLK (sky130_fd_sc_hd__dfrtp_2)
                                 -0.021043    0.478957   library hold time
                                              0.478957   data required time
---------------------------------------------------------------------------------------------
                                              0.478957   data required time
                                             -0.566167   data arrival time
---------------------------------------------------------------------------------------------
                                              0.087210   slack (MET)



