
===========================================================================
report_checks -path_delay min (Hold)
============================================================================
======================= min_tt_025C_1v80 Corner ===================================

Startpoint: _3165_ (rising edge-triggered flip-flop clocked by clk)
Endpoint: _3166_ (rising edge-triggered flip-flop clocked by clk)
Path Group: clk
Path Type: min

Fanout         Cap        Slew       Delay        Time   Description
---------------------------------------------------------------------------------------------
                                  0.000000    0.000000   clock clk (rise edge)
                                  0.000000    0.000000   clock source latency
     1    0.024940    0.117813    0.081389    0.081389 ^ clk (in)
                                                         clk (net)
                      0.117831    0.000000    0.081389 ^ clkbuf_0_clk/A (sky130_fd_sc_hd__clkbuf_16)
    16    0.113144    0.126631    0.222117    0.303506 ^ clkbuf_0_clk/X (sky130_fd_sc_hd__clkbuf_16)
                                                         clknet_0_clk (net)
                      0.126655    0.001727    0.305233 ^ clkbuf_4_0_0_clk/A (sky130_fd_sc_hd__clkbuf_8)
    24    0.072074    0.132827    0.224642    0.529875 ^ clkbuf_4_0_0_clk/X (sky130_fd_sc_hd__clkbuf_8)
                                                         clknet_4_0_0_clk (net)
                      0.132994    0.003244    0.533119 ^ _3165_/CLK (sky130_fd_sc_hd__dfrtp_1)
     2    0.004164    0.055439    0.356421    0.889540 ^ _3165_/Q (sky130_fd_sc_hd__dfrtp_1)
                                                         sclk_s0 (net)
                      0.055439    0.000036    0.889576 ^ hold25/A (sky130_fd_sc_hd__dlygate4sd3_1)
     2    0.004805    0.070418    0.554632    1.444208 ^ hold25/X (sky130_fd_sc_hd__dlygate4sd3_1)
                                                         net30 (net)
                      0.070418    0.000032    1.444240 ^ _3166_/D (sky130_fd_sc_hd__dfrtp_1)
                                              1.444240   data arrival time

                                  0.000000    0.000000   clock clk (rise edge)
                                  0.000000    0.000000   clock source latency
     1    0.024940    0.117813    0.081389    0.081389 ^ clk (in)
                                                         clk (net)
                      0.117831    0.000000    0.081389 ^ clkbuf_0_clk/A (sky130_fd_sc_hd__clkbuf_16)
    16    0.113144    0.126631    0.222117    0.303506 ^ clkbuf_0_clk/X (sky130_fd_sc_hd__clkbuf_16)
                                                         clknet_0_clk (net)
                      0.126655    0.001727    0.305233 ^ clkbuf_4_0_0_clk/A (sky130_fd_sc_hd__clkbuf_8)
    24    0.072074    0.132827    0.224642    0.529875 ^ clkbuf_4_0_0_clk/X (sky130_fd_sc_hd__clkbuf_8)
                                                         clknet_4_0_0_clk (net)
                      0.132845    0.001599    0.531474 ^ _3166_/CLK (sky130_fd_sc_hd__dfrtp_1)
                                  0.500000    1.031474   clock uncertainty
                                  0.000000    1.031474   clock reconvergence pessimism
                                 -0.028032    1.003442   library hold time
                                              1.003442   data required time
---------------------------------------------------------------------------------------------
                                              1.003442   data required time
                                             -1.444240   data arrival time
---------------------------------------------------------------------------------------------
                                              0.440798   slack (MET)


Startpoint: _3051_ (rising edge-triggered flip-flop clocked by clk)
Endpoint: _3062_ (rising edge-triggered flip-flop clocked by clk)
Path Group: clk
Path Type: min

Fanout         Cap        Slew       Delay        Time   Description
---------------------------------------------------------------------------------------------
                                  0.000000    0.000000   clock clk (rise edge)
                                  0.000000    0.000000   clock source latency
     1    0.024940    0.117813    0.081389    0.081389 ^ clk (in)
                                                         clk (net)
                      0.117831    0.000000    0.081389 ^ clkbuf_0_clk/A (sky130_fd_sc_hd__clkbuf_16)
    16    0.113144    0.126631    0.222117    0.303506 ^ clkbuf_0_clk/X (sky130_fd_sc_hd__clkbuf_16)
                                                         clknet_0_clk (net)
                      0.126666    0.002022    0.305528 ^ clkbuf_4_13_0_clk/A (sky130_fd_sc_hd__clkbuf_8)
    10    0.061591    0.116305    0.212819    0.518347 ^ clkbuf_4_13_0_clk/X (sky130_fd_sc_hd__clkbuf_8)
                                                         clknet_4_13_0_clk (net)
                      0.116305    0.000526    0.518873 ^ _3051_/CLK (sky130_fd_sc_hd__dfrtp_1)
     4    0.009190    0.093893    0.384762    0.903635 ^ _3051_/Q (sky130_fd_sc_hd__dfrtp_1)
                                                         my_sum_sub.al_mb[2] (net)
                      0.093893    0.000067    0.903702 ^ _2185_/B (sky130_fd_sc_hd__and2b_1)
     2    0.005113    0.059929    0.141509    1.045211 ^ _2185_/X (sky130_fd_sc_hd__and2b_1)
                                                         _0520_ (net)
                      0.059929    0.000035    1.045246 ^ _2200_/A (sky130_fd_sc_hd__or2_1)
     2    0.008556    0.089459    0.132285    1.177532 ^ _2200_/X (sky130_fd_sc_hd__or2_1)
                                                         _0535_ (net)
                      0.089459    0.000027    1.177559 ^ _2201_/A (sky130_fd_sc_hd__inv_2)
     3    0.010551    0.037448    0.053551    1.231110 v _2201_/Y (sky130_fd_sc_hd__inv_2)
                                                         _0536_ (net)
                      0.037448    0.000082    1.231193 v _2263_/A (sky130_fd_sc_hd__xnor2_1)
     1    0.002475    0.045934    0.135882    1.367074 ^ _2263_/Y (sky130_fd_sc_hd__xnor2_1)
                                                         _0592_ (net)
                      0.045934    0.000014    1.367089 ^ _2264_/A1 (sky130_fd_sc_hd__mux2_1)
     1    0.002169    0.036461    0.112480    1.479569 ^ _2264_/X (sky130_fd_sc_hd__mux2_1)
                                                         _0321_ (net)
                      0.036461    0.000018    1.479587 ^ _3062_/D (sky130_fd_sc_hd__dfrtp_1)
                                              1.479587   data arrival time

                                  0.000000    0.000000   clock clk (rise edge)
                                  0.000000    0.000000   clock source latency
     1    0.024940    0.117813    0.081389    0.081389 ^ clk (in)
                                                         clk (net)
                      0.117831    0.000000    0.081389 ^ clkbuf_0_clk/A (sky130_fd_sc_hd__clkbuf_16)
    16    0.113144    0.126631    0.222117    0.303506 ^ clkbuf_0_clk/X (sky130_fd_sc_hd__clkbuf_16)
                                                         clknet_0_clk (net)
                      0.126666    0.002022    0.305528 ^ clkbuf_4_13_0_clk/A (sky130_fd_sc_hd__clkbuf_8)
    10    0.061591    0.116305    0.212819    0.518347 ^ clkbuf_4_13_0_clk/X (sky130_fd_sc_hd__clkbuf_8)
                                                         clknet_4_13_0_clk (net)
                      0.116307    0.000716    0.519063 ^ _3062_/CLK (sky130_fd_sc_hd__dfrtp_1)
                                  0.500000    1.019063   clock uncertainty
                                  0.000000    1.019063   clock reconvergence pessimism
                                 -0.023246    0.995817   library hold time
                                              0.995817   data required time
---------------------------------------------------------------------------------------------
                                              0.995817   data required time
                                             -1.479587   data arrival time
---------------------------------------------------------------------------------------------
                                              0.483770   slack (MET)


Startpoint: _3048_ (rising edge-triggered flip-flop clocked by clk)
Endpoint: _3067_ (rising edge-triggered flip-flop clocked by clk)
Path Group: clk
Path Type: min

Fanout         Cap        Slew       Delay        Time   Description
---------------------------------------------------------------------------------------------
                                  0.000000    0.000000   clock clk (rise edge)
                                  0.000000    0.000000   clock source latency
     1    0.024940    0.117813    0.081389    0.081389 ^ clk (in)
                                                         clk (net)
                      0.117831    0.000000    0.081389 ^ clkbuf_0_clk/A (sky130_fd_sc_hd__clkbuf_16)
    16    0.113144    0.126631    0.222117    0.303506 ^ clkbuf_0_clk/X (sky130_fd_sc_hd__clkbuf_16)
                                                         clknet_0_clk (net)
                      0.126666    0.002022    0.305528 ^ clkbuf_4_13_0_clk/A (sky130_fd_sc_hd__clkbuf_8)
    10    0.061591    0.116305    0.212819    0.518347 ^ clkbuf_4_13_0_clk/X (sky130_fd_sc_hd__clkbuf_8)
                                                         clknet_4_13_0_clk (net)
                      0.116316    0.001200    0.519547 ^ _3048_/CLK (sky130_fd_sc_hd__dfrtp_1)
     3    0.008355    0.088191    0.379113    0.898660 ^ _3048_/Q (sky130_fd_sc_hd__dfrtp_1)
                                                         my_sum_sub.al_ma[7] (net)
                      0.088191    0.000123    0.898783 ^ _2175_/B (sky130_fd_sc_hd__and2b_1)
     2    0.004835    0.057649    0.138183    1.036966 ^ _2175_/X (sky130_fd_sc_hd__and2b_1)
                                                         _0510_ (net)
                      0.057649    0.000014    1.036980 ^ _2206_/B (sky130_fd_sc_hd__or2_1)
     2    0.008747    0.091091    0.131262    1.168242 ^ _2206_/X (sky130_fd_sc_hd__or2_1)
                                                         _0541_ (net)
                      0.091091    0.000110    1.168353 ^ _2207_/A (sky130_fd_sc_hd__inv_2)
     2    0.009460    0.035482    0.051239    1.219592 v _2207_/Y (sky130_fd_sc_hd__inv_2)
                                                         _0542_ (net)
                      0.035483    0.000178    1.219770 v _2238_/A (sky130_fd_sc_hd__xnor2_1)
     1    0.003241    0.053312    0.146733    1.366503 ^ _2238_/Y (sky130_fd_sc_hd__xnor2_1)
                                                         _0572_ (net)
                      0.053312    0.000041    1.366544 ^ _2239_/A1 (sky130_fd_sc_hd__mux2_1)
     1    0.002463    0.038903    0.117359    1.483903 ^ _2239_/X (sky130_fd_sc_hd__mux2_1)
                                                         _0326_ (net)
                      0.038903    0.000024    1.483927 ^ _3067_/D (sky130_fd_sc_hd__dfrtp_4)
                                              1.483927   data arrival time

                                  0.000000    0.000000   clock clk (rise edge)
                                  0.000000    0.000000   clock source latency
     1    0.024940    0.117813    0.081389    0.081389 ^ clk (in)
                                                         clk (net)
                      0.117831    0.000000    0.081389 ^ clkbuf_0_clk/A (sky130_fd_sc_hd__clkbuf_16)
    16    0.113144    0.126631    0.222117    0.303506 ^ clkbuf_0_clk/X (sky130_fd_sc_hd__clkbuf_16)
                                                         clknet_0_clk (net)
                      0.126666    0.002024    0.305530 ^ clkbuf_4_15_0_clk/A (sky130_fd_sc_hd__clkbuf_8)
    13    0.062000    0.117026    0.213087    0.518618 ^ clkbuf_4_15_0_clk/X (sky130_fd_sc_hd__clkbuf_8)
                                                         clknet_4_15_0_clk (net)
                      0.117048    0.001584    0.520202 ^ _3067_/CLK (sky130_fd_sc_hd__dfrtp_4)
                                  0.500000    1.020202   clock uncertainty
                                  0.000000    1.020202   clock reconvergence pessimism
                                 -0.023653    0.996549   library hold time
                                              0.996549   data required time
---------------------------------------------------------------------------------------------
                                              0.996549   data required time
                                             -1.483927   data arrival time
---------------------------------------------------------------------------------------------
                                              0.487378   slack (MET)


Startpoint: _3051_ (rising edge-triggered flip-flop clocked by clk)
Endpoint: _3063_ (rising edge-triggered flip-flop clocked by clk)
Path Group: clk
Path Type: min

Fanout         Cap        Slew       Delay        Time   Description
---------------------------------------------------------------------------------------------
                                  0.000000    0.000000   clock clk (rise edge)
                                  0.000000    0.000000   clock source latency
     1    0.024940    0.117813    0.081389    0.081389 ^ clk (in)
                                                         clk (net)
                      0.117831    0.000000    0.081389 ^ clkbuf_0_clk/A (sky130_fd_sc_hd__clkbuf_16)
    16    0.113144    0.126631    0.222117    0.303506 ^ clkbuf_0_clk/X (sky130_fd_sc_hd__clkbuf_16)
                                                         clknet_0_clk (net)
                      0.126666    0.002022    0.305528 ^ clkbuf_4_13_0_clk/A (sky130_fd_sc_hd__clkbuf_8)
    10    0.061591    0.116305    0.212819    0.518347 ^ clkbuf_4_13_0_clk/X (sky130_fd_sc_hd__clkbuf_8)
                                                         clknet_4_13_0_clk (net)
                      0.116305    0.000526    0.518873 ^ _3051_/CLK (sky130_fd_sc_hd__dfrtp_1)
     4    0.008642    0.066082    0.411718    0.930591 v _3051_/Q (sky130_fd_sc_hd__dfrtp_1)
                                                         my_sum_sub.al_mb[2] (net)
                      0.066082    0.000069    0.930660 v _2217_/A (sky130_fd_sc_hd__nand2_1)
     1    0.003707    0.046678    0.068362    0.999022 ^ _2217_/Y (sky130_fd_sc_hd__nand2_1)
                                                         _0552_ (net)
                      0.046678    0.000046    0.999068 ^ _2221_/B1 (sky130_fd_sc_hd__o21a_1)
     2    0.005220    0.061067    0.123624    1.122692 ^ _2221_/X (sky130_fd_sc_hd__o21a_1)
                                                         _0556_ (net)
                      0.061067    0.000045    1.122738 ^ _2257_/A0 (sky130_fd_sc_hd__mux2_1)
     1    0.005747    0.064301    0.140509    1.263247 ^ _2257_/X (sky130_fd_sc_hd__mux2_1)
                                                         _0587_ (net)
                      0.064301    0.000068    1.263315 ^ _2258_/B (sky130_fd_sc_hd__xnor2_1)
     1    0.003019    0.051196    0.111606    1.374921 ^ _2258_/Y (sky130_fd_sc_hd__xnor2_1)
                                                         _0588_ (net)
                      0.051196    0.000037    1.374958 ^ _2259_/A1 (sky130_fd_sc_hd__mux2_1)
     1    0.002314    0.037839    0.115452    1.490410 ^ _2259_/X (sky130_fd_sc_hd__mux2_1)
                                                         _0322_ (net)
                      0.037839    0.000020    1.490430 ^ _3063_/D (sky130_fd_sc_hd__dfrtp_1)
                                              1.490430   data arrival time

                                  0.000000    0.000000   clock clk (rise edge)
                                  0.000000    0.000000   clock source latency
     1    0.024940    0.117813    0.081389    0.081389 ^ clk (in)
                                                         clk (net)
                      0.117831    0.000000    0.081389 ^ clkbuf_0_clk/A (sky130_fd_sc_hd__clkbuf_16)
    16    0.113144    0.126631    0.222117    0.303506 ^ clkbuf_0_clk/X (sky130_fd_sc_hd__clkbuf_16)
                                                         clknet_0_clk (net)
                      0.126666    0.002024    0.305530 ^ clkbuf_4_15_0_clk/A (sky130_fd_sc_hd__clkbuf_8)
    13    0.062000    0.117026    0.213087    0.518618 ^ clkbuf_4_15_0_clk/X (sky130_fd_sc_hd__clkbuf_8)
                                                         clknet_4_15_0_clk (net)
                      0.117050    0.001651    0.520268 ^ _3063_/CLK (sky130_fd_sc_hd__dfrtp_1)
                                  0.500000    1.020268   clock uncertainty
                                  0.000000    1.020268   clock reconvergence pessimism
                                 -0.023431    0.996837   library hold time
                                              0.996837   data required time
---------------------------------------------------------------------------------------------
                                              0.996837   data required time
                                             -1.490430   data arrival time
---------------------------------------------------------------------------------------------
                                              0.493593   slack (MET)


Startpoint: _3058_ (rising edge-triggered flip-flop clocked by clk)
Endpoint: _3068_ (rising edge-triggered flip-flop clocked by clk)
Path Group: clk
Path Type: min

Fanout         Cap        Slew       Delay        Time   Description
---------------------------------------------------------------------------------------------
                                  0.000000    0.000000   clock clk (rise edge)
                                  0.000000    0.000000   clock source latency
     1    0.024940    0.117813    0.081389    0.081389 ^ clk (in)
                                                         clk (net)
                      0.117831    0.000000    0.081389 ^ clkbuf_0_clk/A (sky130_fd_sc_hd__clkbuf_16)
    16    0.113144    0.126631    0.222117    0.303506 ^ clkbuf_0_clk/X (sky130_fd_sc_hd__clkbuf_16)
                                                         clknet_0_clk (net)
                      0.126657    0.001782    0.305288 ^ clkbuf_4_12_0_clk/A (sky130_fd_sc_hd__clkbuf_8)
     8    0.057091    0.109116    0.207421    0.512709 ^ clkbuf_4_12_0_clk/X (sky130_fd_sc_hd__clkbuf_8)
                                                         clknet_4_12_0_clk (net)
                      0.109119    0.000736    0.513445 ^ _3058_/CLK (sky130_fd_sc_hd__dfrtp_4)
     2    0.021030    0.091947    0.460790    0.974235 ^ _3058_/Q (sky130_fd_sc_hd__dfrtp_4)
                                                         my_sum_sub.al_sb_eff (net)
                      0.091947    0.000297    0.974532 ^ _2211_/A (sky130_fd_sc_hd__xor2_4)
    14    0.050845    0.088177    0.151347    1.125878 v _2211_/X (sky130_fd_sc_hd__xor2_4)
                                                         _0546_ (net)
                      0.088348    0.003407    1.129285 v _2229_/A1 (sky130_fd_sc_hd__a21oi_1)
     1    0.008432    0.191103    0.214309    1.343593 ^ _2229_/Y (sky130_fd_sc_hd__a21oi_1)
                                                         _0564_ (net)
                      0.191104    0.000302    1.343895 ^ _2230_/A1 (sky130_fd_sc_hd__mux2_1)
     1    0.002433    0.038687    0.157488    1.501384 ^ _2230_/X (sky130_fd_sc_hd__mux2_1)
                                                         _0327_ (net)
                      0.038687    0.000022    1.501406 ^ _3068_/D (sky130_fd_sc_hd__dfrtp_4)
                                              1.501406   data arrival time

                                  0.000000    0.000000   clock clk (rise edge)
                                  0.000000    0.000000   clock source latency
     1    0.024940    0.117813    0.081389    0.081389 ^ clk (in)
                                                         clk (net)
                      0.117831    0.000000    0.081389 ^ clkbuf_0_clk/A (sky130_fd_sc_hd__clkbuf_16)
    16    0.113144    0.126631    0.222117    0.303506 ^ clkbuf_0_clk/X (sky130_fd_sc_hd__clkbuf_16)
                                                         clknet_0_clk (net)
                      0.126664    0.001984    0.305490 ^ clkbuf_4_14_0_clk/A (sky130_fd_sc_hd__clkbuf_8)
    11    0.066474    0.124057    0.218860    0.524350 ^ clkbuf_4_14_0_clk/X (sky130_fd_sc_hd__clkbuf_8)
                                                         clknet_4_14_0_clk (net)
                      0.124057    0.000179    0.524530 ^ _3068_/CLK (sky130_fd_sc_hd__dfrtp_4)
                                  0.500000    1.024530   clock uncertainty
                                  0.000000    1.024530   clock reconvergence pessimism
                                 -0.022651    1.001878   library hold time
                                              1.001878   data required time
---------------------------------------------------------------------------------------------
                                              1.001878   data required time
                                             -1.501406   data arrival time
---------------------------------------------------------------------------------------------
                                              0.499528   slack (MET)


Startpoint: _3126_ (rising edge-triggered flip-flop clocked by clk)
Endpoint: _3126_ (rising edge-triggered flip-flop clocked by clk)
Path Group: clk
Path Type: min

Fanout         Cap        Slew       Delay        Time   Description
---------------------------------------------------------------------------------------------
                                  0.000000    0.000000   clock clk (rise edge)
                                  0.000000    0.000000   clock source latency
     1    0.024940    0.117813    0.081389    0.081389 ^ clk (in)
                                                         clk (net)
                      0.117831    0.000000    0.081389 ^ clkbuf_0_clk/A (sky130_fd_sc_hd__clkbuf_16)
    16    0.113144    0.126631    0.222117    0.303506 ^ clkbuf_0_clk/X (sky130_fd_sc_hd__clkbuf_16)
                                                         clknet_0_clk (net)
                      0.126656    0.001769    0.305275 ^ clkbuf_4_1_0_clk/A (sky130_fd_sc_hd__clkbuf_8)
    16    0.066697    0.124509    0.218819    0.524094 ^ clkbuf_4_1_0_clk/X (sky130_fd_sc_hd__clkbuf_8)
                                                         clknet_4_1_0_clk (net)
                      0.124524    0.001445    0.525540 ^ _3126_/CLK (sky130_fd_sc_hd__dfrtp_1)
     2    0.004459    0.057638    0.355791    0.881330 ^ _3126_/Q (sky130_fd_sc_hd__dfrtp_1)
                                                         shift_in[15] (net)
                      0.057638    0.000044    0.881374 ^ _2105_/A1 (sky130_fd_sc_hd__mux2_1)
     1    0.001857    0.035335    0.114014    0.995388 ^ _2105_/X (sky130_fd_sc_hd__mux2_1)
                                                         _0222_ (net)
                      0.035335    0.000007    0.995395 ^ hold27/A (sky130_fd_sc_hd__dlygate4sd3_1)
     1    0.002362    0.049236    0.527583    1.522978 ^ hold27/X (sky130_fd_sc_hd__dlygate4sd3_1)
                                                         net32 (net)
                      0.049236    0.000020    1.522998 ^ _3126_/D (sky130_fd_sc_hd__dfrtp_1)
                                              1.522998   data arrival time

                                  0.000000    0.000000   clock clk (rise edge)
                                  0.000000    0.000000   clock source latency
     1    0.024940    0.117813    0.081389    0.081389 ^ clk (in)
                                                         clk (net)
                      0.117831    0.000000    0.081389 ^ clkbuf_0_clk/A (sky130_fd_sc_hd__clkbuf_16)
    16    0.113144    0.126631    0.222117    0.303506 ^ clkbuf_0_clk/X (sky130_fd_sc_hd__clkbuf_16)
                                                         clknet_0_clk (net)
                      0.126656    0.001769    0.305275 ^ clkbuf_4_1_0_clk/A (sky130_fd_sc_hd__clkbuf_8)
    16    0.066697    0.124509    0.218819    0.524094 ^ clkbuf_4_1_0_clk/X (sky130_fd_sc_hd__clkbuf_8)
                                                         clknet_4_1_0_clk (net)
                      0.124524    0.001445    0.525540 ^ _3126_/CLK (sky130_fd_sc_hd__dfrtp_1)
                                  0.500000    1.025540   clock uncertainty
                                  0.000000    1.025540   clock reconvergence pessimism
                                 -0.024777    1.000763   library hold time
                                              1.000763   data required time
---------------------------------------------------------------------------------------------
                                              1.000763   data required time
                                             -1.522998   data arrival time
---------------------------------------------------------------------------------------------
                                              0.522236   slack (MET)


Startpoint: _3002_ (rising edge-triggered flip-flop clocked by clk)
Endpoint: _3003_ (rising edge-triggered flip-flop clocked by clk)
Path Group: clk
Path Type: min

Fanout         Cap        Slew       Delay        Time   Description
---------------------------------------------------------------------------------------------
                                  0.000000    0.000000   clock clk (rise edge)
                                  0.000000    0.000000   clock source latency
     1    0.024940    0.117813    0.081389    0.081389 ^ clk (in)
                                                         clk (net)
                      0.117831    0.000000    0.081389 ^ clkbuf_0_clk/A (sky130_fd_sc_hd__clkbuf_16)
    16    0.113144    0.126631    0.222117    0.303506 ^ clkbuf_0_clk/X (sky130_fd_sc_hd__clkbuf_16)
                                                         clknet_0_clk (net)
                      0.126637    0.001062    0.304568 ^ clkbuf_4_8_0_clk/A (sky130_fd_sc_hd__clkbuf_8)
     9    0.051356    0.100012    0.200415    0.504983 ^ clkbuf_4_8_0_clk/X (sky130_fd_sc_hd__clkbuf_8)
                                                         clknet_4_8_0_clk (net)
                      0.100017    0.000773    0.505756 ^ _3002_/CLK (sky130_fd_sc_hd__dfrtp_1)
     2    0.003593    0.042702    0.378442    0.884198 v _3002_/Q (sky130_fd_sc_hd__dfrtp_1)
                                                         my_divider.remainder_reg[1] (net)
                      0.042702    0.000018    0.884216 v _2714_/A_N (sky130_fd_sc_hd__and2b_1)
     1    0.002225    0.037033    0.175997    1.060213 ^ _2714_/X (sky130_fd_sc_hd__and2b_1)
                                                         _0990_ (net)
                      0.037033    0.000023    1.060236 ^ _2715_/B (sky130_fd_sc_hd__or2_1)
     2    0.005839    0.065559    0.104820    1.165056 ^ _2715_/X (sky130_fd_sc_hd__or2_1)
                                                         _0991_ (net)
                      0.065559    0.000070    1.165126 ^ _2716_/B1 (sky130_fd_sc_hd__a21oi_1)
     3    0.009506    0.054547    0.066594    1.231720 v _2716_/Y (sky130_fd_sc_hd__a21oi_1)
                                                         _0992_ (net)
                      0.054547    0.000127    1.231847 v _2759_/A1 (sky130_fd_sc_hd__o21ai_1)
     1    0.003014    0.078932    0.130507    1.362354 ^ _2759_/Y (sky130_fd_sc_hd__o21ai_1)
                                                         _1028_ (net)
                      0.078932    0.000029    1.362382 ^ _2761_/A3 (sky130_fd_sc_hd__a31o_1)
     1    0.003069    0.042347    0.144318    1.506700 ^ _2761_/X (sky130_fd_sc_hd__a31o_1)
                                                         _0262_ (net)
                      0.042347    0.000038    1.506738 ^ _3003_/D (sky130_fd_sc_hd__dfrtp_1)
                                              1.506738   data arrival time

                                  0.000000    0.000000   clock clk (rise edge)
                                  0.000000    0.000000   clock source latency
     1    0.024940    0.117813    0.081389    0.081389 ^ clk (in)
                                                         clk (net)
                      0.117831    0.000000    0.081389 ^ clkbuf_0_clk/A (sky130_fd_sc_hd__clkbuf_16)
    16    0.113144    0.126631    0.222117    0.303506 ^ clkbuf_0_clk/X (sky130_fd_sc_hd__clkbuf_16)
                                                         clknet_0_clk (net)
                      0.126641    0.001277    0.304783 ^ clkbuf_4_10_0_clk/A (sky130_fd_sc_hd__clkbuf_8)
    10    0.052073    0.101109    0.201423    0.506206 ^ clkbuf_4_10_0_clk/X (sky130_fd_sc_hd__clkbuf_8)
                                                         clknet_4_10_0_clk (net)
                      0.101110    0.000523    0.506729 ^ _3003_/CLK (sky130_fd_sc_hd__dfrtp_1)
                                  0.500000    1.006729   clock uncertainty
                                  0.000000    1.006729   clock reconvergence pessimism
                                 -0.026545    0.980184   library hold time
                                              0.980184   data required time
---------------------------------------------------------------------------------------------
                                              0.980184   data required time
                                             -1.506738   data arrival time
---------------------------------------------------------------------------------------------
                                              0.526554   slack (MET)


Startpoint: _3154_ (rising edge-triggered flip-flop clocked by clk)
Endpoint: _3087_ (rising edge-triggered flip-flop clocked by clk)
Path Group: clk
Path Type: min

Fanout         Cap        Slew       Delay        Time   Description
---------------------------------------------------------------------------------------------
                                  0.000000    0.000000   clock clk (rise edge)
                                  0.000000    0.000000   clock source latency
     1    0.024940    0.117813    0.081389    0.081389 ^ clk (in)
                                                         clk (net)
                      0.117831    0.000000    0.081389 ^ clkbuf_0_clk/A (sky130_fd_sc_hd__clkbuf_16)
    16    0.113144    0.126631    0.222117    0.303506 ^ clkbuf_0_clk/X (sky130_fd_sc_hd__clkbuf_16)
                                                         clknet_0_clk (net)
                      0.126655    0.001727    0.305233 ^ clkbuf_4_0_0_clk/A (sky130_fd_sc_hd__clkbuf_8)
    24    0.072074    0.132827    0.224642    0.529875 ^ clkbuf_4_0_0_clk/X (sky130_fd_sc_hd__clkbuf_8)
                                                         clknet_4_0_0_clk (net)
                      0.132861    0.002075    0.531950 ^ _3154_/CLK (sky130_fd_sc_hd__dfrtp_1)
     4    0.014335    0.089467    0.441005    0.972955 v _3154_/Q (sky130_fd_sc_hd__dfrtp_1)
                                                         state[2] (net)
                      0.089467    0.000331    0.973285 v _2141_/A (sky130_fd_sc_hd__nor2_1)
     1    0.003458    0.087247    0.120990    1.094275 ^ _2141_/Y (sky130_fd_sc_hd__nor2_1)
                                                         _0502_ (net)
                      0.087247    0.000041    1.094316 ^ _2142_/B1 (sky130_fd_sc_hd__a2111o_2)
     1    0.018209    0.092241    0.162244    1.256560 ^ _2142_/X (sky130_fd_sc_hd__a2111o_2)
                                                         _0503_ (net)
                      0.092241    0.000156    1.256716 ^ _2143_/B (sky130_fd_sc_hd__nor2_8)
    17    0.082814    0.065984    0.081568    1.338283 v _2143_/Y (sky130_fd_sc_hd__nor2_8)
                                                         _0504_ (net)
                      0.066065    0.001894    1.340178 v _2153_/A2 (sky130_fd_sc_hd__o22a_1)
     1    0.002236    0.034006    0.193152    1.533330 v _2153_/X (sky130_fd_sc_hd__o22a_1)
                                                         _0346_ (net)
                      0.034006    0.000019    1.533349 v _3087_/D (sky130_fd_sc_hd__dfrtp_4)
                                              1.533349   data arrival time

                                  0.000000    0.000000   clock clk (rise edge)
                                  0.000000    0.000000   clock source latency
     1    0.024940    0.117813    0.081389    0.081389 ^ clk (in)
                                                         clk (net)
                      0.117831    0.000000    0.081389 ^ clkbuf_0_clk/A (sky130_fd_sc_hd__clkbuf_16)
    16    0.113144    0.126631    0.222117    0.303506 ^ clkbuf_0_clk/X (sky130_fd_sc_hd__clkbuf_16)
                                                         clknet_0_clk (net)
                      0.126664    0.001984    0.305490 ^ clkbuf_4_14_0_clk/A (sky130_fd_sc_hd__clkbuf_8)
    11    0.066474    0.124057    0.218860    0.524350 ^ clkbuf_4_14_0_clk/X (sky130_fd_sc_hd__clkbuf_8)
                                                         clknet_4_14_0_clk (net)
                      0.124067    0.001193    0.525544 ^ _3087_/CLK (sky130_fd_sc_hd__dfrtp_4)
                                  0.500000    1.025544   clock uncertainty
                                  0.000000    1.025544   clock reconvergence pessimism
                                 -0.019560    1.005984   library hold time
                                              1.005984   data required time
---------------------------------------------------------------------------------------------
                                              1.005984   data required time
                                             -1.533349   data arrival time
---------------------------------------------------------------------------------------------
                                              0.527365   slack (MET)


Startpoint: _3154_ (rising edge-triggered flip-flop clocked by clk)
Endpoint: _3082_ (rising edge-triggered flip-flop clocked by clk)
Path Group: clk
Path Type: min

Fanout         Cap        Slew       Delay        Time   Description
---------------------------------------------------------------------------------------------
                                  0.000000    0.000000   clock clk (rise edge)
                                  0.000000    0.000000   clock source latency
     1    0.024940    0.117813    0.081389    0.081389 ^ clk (in)
                                                         clk (net)
                      0.117831    0.000000    0.081389 ^ clkbuf_0_clk/A (sky130_fd_sc_hd__clkbuf_16)
    16    0.113144    0.126631    0.222117    0.303506 ^ clkbuf_0_clk/X (sky130_fd_sc_hd__clkbuf_16)
                                                         clknet_0_clk (net)
                      0.126655    0.001727    0.305233 ^ clkbuf_4_0_0_clk/A (sky130_fd_sc_hd__clkbuf_8)
    24    0.072074    0.132827    0.224642    0.529875 ^ clkbuf_4_0_0_clk/X (sky130_fd_sc_hd__clkbuf_8)
                                                         clknet_4_0_0_clk (net)
                      0.132861    0.002075    0.531950 ^ _3154_/CLK (sky130_fd_sc_hd__dfrtp_1)
     4    0.014335    0.089467    0.441005    0.972955 v _3154_/Q (sky130_fd_sc_hd__dfrtp_1)
                                                         state[2] (net)
                      0.089467    0.000331    0.973285 v _2141_/A (sky130_fd_sc_hd__nor2_1)
     1    0.003458    0.087247    0.120990    1.094275 ^ _2141_/Y (sky130_fd_sc_hd__nor2_1)
                                                         _0502_ (net)
                      0.087247    0.000041    1.094316 ^ _2142_/B1 (sky130_fd_sc_hd__a2111o_2)
     1    0.018209    0.092241    0.162244    1.256560 ^ _2142_/X (sky130_fd_sc_hd__a2111o_2)
                                                         _0503_ (net)
                      0.092241    0.000156    1.256716 ^ _2143_/B (sky130_fd_sc_hd__nor2_8)
    17    0.082814    0.065984    0.081568    1.338283 v _2143_/Y (sky130_fd_sc_hd__nor2_8)
                                                         _0504_ (net)
                      0.066312    0.003718    1.342002 v _2158_/S (sky130_fd_sc_hd__mux2_1)
     1    0.002472    0.038823    0.196124    1.538126 ^ _2158_/X (sky130_fd_sc_hd__mux2_1)
                                                         _0341_ (net)
                      0.038823    0.000024    1.538150 ^ _3082_/D (sky130_fd_sc_hd__dfrtp_4)
                                              1.538150   data arrival time

                                  0.000000    0.000000   clock clk (rise edge)
                                  0.000000    0.000000   clock source latency
     1    0.024940    0.117813    0.081389    0.081389 ^ clk (in)
                                                         clk (net)
                      0.117831    0.000000    0.081389 ^ clkbuf_0_clk/A (sky130_fd_sc_hd__clkbuf_16)
    16    0.113144    0.126631    0.222117    0.303506 ^ clkbuf_0_clk/X (sky130_fd_sc_hd__clkbuf_16)
                                                         clknet_0_clk (net)
                      0.126638    0.001116    0.304622 ^ clkbuf_4_7_0_clk/A (sky130_fd_sc_hd__clkbuf_8)
    17    0.065580    0.122744    0.217395    0.522017 ^ clkbuf_4_7_0_clk/X (sky130_fd_sc_hd__clkbuf_8)
                                                         clknet_4_7_0_clk (net)
                      0.122762    0.001553    0.523569 ^ _3082_/CLK (sky130_fd_sc_hd__dfrtp_4)
                                  0.500000    1.023569   clock uncertainty
                                  0.000000    1.023569   clock reconvergence pessimism
                                 -0.022856    1.000713   library hold time
                                              1.000713   data required time
---------------------------------------------------------------------------------------------
                                              1.000713   data required time
                                             -1.538150   data arrival time
---------------------------------------------------------------------------------------------
                                              0.537437   slack (MET)


Startpoint: _3037_ (rising edge-triggered flip-flop clocked by clk)
Endpoint: _3074_ (rising edge-triggered flip-flop clocked by clk)
Path Group: clk
Path Type: min

Fanout         Cap        Slew       Delay        Time   Description
---------------------------------------------------------------------------------------------
                                  0.000000    0.000000   clock clk (rise edge)
                                  0.000000    0.000000   clock source latency
     1    0.024940    0.117813    0.081389    0.081389 ^ clk (in)
                                                         clk (net)
                      0.117831    0.000000    0.081389 ^ clkbuf_0_clk/A (sky130_fd_sc_hd__clkbuf_16)
    16    0.113144    0.126631    0.222117    0.303506 ^ clkbuf_0_clk/X (sky130_fd_sc_hd__clkbuf_16)
                                                         clknet_0_clk (net)
                      0.126640    0.001228    0.304734 ^ clkbuf_4_11_0_clk/A (sky130_fd_sc_hd__clkbuf_8)
    13    0.056438    0.108025    0.206778    0.511512 ^ clkbuf_4_11_0_clk/X (sky130_fd_sc_hd__clkbuf_8)
                                                         clknet_4_11_0_clk (net)
                      0.108025    0.000537    0.512049 ^ _3037_/CLK (sky130_fd_sc_hd__dfrtp_1)
     2    0.006862    0.076292    0.365972    0.878020 ^ _3037_/Q (sky130_fd_sc_hd__dfrtp_1)
                                                         my_sum_sub.al_exp[4] (net)
                      0.076292    0.000075    0.878095 ^ _2167_/A1 (sky130_fd_sc_hd__mux2_1)
     1    0.002377    0.038131    0.124489    1.002584 ^ _2167_/X (sky130_fd_sc_hd__mux2_1)
                                                         _0333_ (net)
                      0.038131    0.000015    1.002599 ^ hold68/A (sky130_fd_sc_hd__dlygate4sd3_1)
     1    0.003033    0.054945    0.534810    1.537409 ^ hold68/X (sky130_fd_sc_hd__dlygate4sd3_1)
                                                         net73 (net)
                      0.054945    0.000033    1.537441 ^ _3074_/D (sky130_fd_sc_hd__dfrtp_2)
                                              1.537441   data arrival time

                                  0.000000    0.000000   clock clk (rise edge)
                                  0.000000    0.000000   clock source latency
     1    0.024940    0.117813    0.081389    0.081389 ^ clk (in)
                                                         clk (net)
                      0.117831    0.000000    0.081389 ^ clkbuf_0_clk/A (sky130_fd_sc_hd__clkbuf_16)
    16    0.113144    0.126631    0.222117    0.303506 ^ clkbuf_0_clk/X (sky130_fd_sc_hd__clkbuf_16)
                                                         clknet_0_clk (net)
                      0.126664    0.001984    0.305490 ^ clkbuf_4_14_0_clk/A (sky130_fd_sc_hd__clkbuf_8)
    11    0.066474    0.124057    0.218860    0.524350 ^ clkbuf_4_14_0_clk/X (sky130_fd_sc_hd__clkbuf_8)
                                                         clknet_4_14_0_clk (net)
                      0.124058    0.000634    0.524985 ^ _3074_/CLK (sky130_fd_sc_hd__dfrtp_2)
                                  0.500000    1.024985   clock uncertainty
                                  0.000000    1.024985   clock reconvergence pessimism
                                 -0.025914    0.999071   library hold time
                                              0.999071   data required time
---------------------------------------------------------------------------------------------
                                              0.999071   data required time
                                             -1.537441   data arrival time
---------------------------------------------------------------------------------------------
                                              0.538370   slack (MET)


Startpoint: _3154_ (rising edge-triggered flip-flop clocked by clk)
Endpoint: _3084_ (rising edge-triggered flip-flop clocked by clk)
Path Group: clk
Path Type: min

Fanout         Cap        Slew       Delay        Time   Description
---------------------------------------------------------------------------------------------
                                  0.000000    0.000000   clock clk (rise edge)
                                  0.000000    0.000000   clock source latency
     1    0.024940    0.117813    0.081389    0.081389 ^ clk (in)
                                                         clk (net)
                      0.117831    0.000000    0.081389 ^ clkbuf_0_clk/A (sky130_fd_sc_hd__clkbuf_16)
    16    0.113144    0.126631    0.222117    0.303506 ^ clkbuf_0_clk/X (sky130_fd_sc_hd__clkbuf_16)
                                                         clknet_0_clk (net)
                      0.126655    0.001727    0.305233 ^ clkbuf_4_0_0_clk/A (sky130_fd_sc_hd__clkbuf_8)
    24    0.072074    0.132827    0.224642    0.529875 ^ clkbuf_4_0_0_clk/X (sky130_fd_sc_hd__clkbuf_8)
                                                         clknet_4_0_0_clk (net)
                      0.132861    0.002075    0.531950 ^ _3154_/CLK (sky130_fd_sc_hd__dfrtp_1)
     4    0.014335    0.089467    0.441005    0.972955 v _3154_/Q (sky130_fd_sc_hd__dfrtp_1)
                                                         state[2] (net)
                      0.089467    0.000331    0.973285 v _2141_/A (sky130_fd_sc_hd__nor2_1)
     1    0.003458    0.087247    0.120990    1.094275 ^ _2141_/Y (sky130_fd_sc_hd__nor2_1)
                                                         _0502_ (net)
                      0.087247    0.000041    1.094316 ^ _2142_/B1 (sky130_fd_sc_hd__a2111o_2)
     1    0.018209    0.092241    0.162244    1.256560 ^ _2142_/X (sky130_fd_sc_hd__a2111o_2)
                                                         _0503_ (net)
                      0.092241    0.000156    1.256716 ^ _2143_/B (sky130_fd_sc_hd__nor2_8)
    17    0.082814    0.065984    0.081568    1.338283 v _2143_/Y (sky130_fd_sc_hd__nor2_8)
                                                         _0504_ (net)
                      0.066229    0.003227    1.341511 v _2156_/S (sky130_fd_sc_hd__mux2_1)
     1    0.002798    0.041281    0.198553    1.540064 ^ _2156_/X (sky130_fd_sc_hd__mux2_1)
                                                         _0343_ (net)
                      0.041281    0.000029    1.540093 ^ _3084_/D (sky130_fd_sc_hd__dfrtp_4)
                                              1.540093   data arrival time

                                  0.000000    0.000000   clock clk (rise edge)
                                  0.000000    0.000000   clock source latency
     1    0.024940    0.117813    0.081389    0.081389 ^ clk (in)
                                                         clk (net)
                      0.117831    0.000000    0.081389 ^ clkbuf_0_clk/A (sky130_fd_sc_hd__clkbuf_16)
    16    0.113144    0.126631    0.222117    0.303506 ^ clkbuf_0_clk/X (sky130_fd_sc_hd__clkbuf_16)
                                                         clknet_0_clk (net)
                      0.126638    0.001116    0.304622 ^ clkbuf_4_7_0_clk/A (sky130_fd_sc_hd__clkbuf_8)
    17    0.065580    0.122744    0.217395    0.522017 ^ clkbuf_4_7_0_clk/X (sky130_fd_sc_hd__clkbuf_8)
                                                         clknet_4_7_0_clk (net)
                      0.122746    0.000791    0.522808 ^ _3084_/CLK (sky130_fd_sc_hd__dfrtp_4)
                                  0.500000    1.022808   clock uncertainty
                                  0.000000    1.022808   clock reconvergence pessimism
                                 -0.023369    0.999439   library hold time
                                              0.999439   data required time
---------------------------------------------------------------------------------------------
                                              0.999439   data required time
                                             -1.540093   data arrival time
---------------------------------------------------------------------------------------------
                                              0.540654   slack (MET)


Startpoint: _3010_ (rising edge-triggered flip-flop clocked by clk)
Endpoint: _3011_ (rising edge-triggered flip-flop clocked by clk)
Path Group: clk
Path Type: min

Fanout         Cap        Slew       Delay        Time   Description
---------------------------------------------------------------------------------------------
                                  0.000000    0.000000   clock clk (rise edge)
                                  0.000000    0.000000   clock source latency
     1    0.024940    0.117813    0.081389    0.081389 ^ clk (in)
                                                         clk (net)
                      0.117831    0.000000    0.081389 ^ clkbuf_0_clk/A (sky130_fd_sc_hd__clkbuf_16)
    16    0.113144    0.126631    0.222117    0.303506 ^ clkbuf_0_clk/X (sky130_fd_sc_hd__clkbuf_16)
                                                         clknet_0_clk (net)
                      0.126648    0.001518    0.305024 ^ clkbuf_4_2_0_clk/A (sky130_fd_sc_hd__clkbuf_8)
    18    0.068234    0.127061    0.220356    0.525380 ^ clkbuf_4_2_0_clk/X (sky130_fd_sc_hd__clkbuf_8)
                                                         clknet_4_2_0_clk (net)
                      0.127100    0.002153    0.527533 ^ _3010_/CLK (sky130_fd_sc_hd__dfrtp_1)
     2    0.006079    0.070133    0.367513    0.895046 ^ _3010_/Q (sky130_fd_sc_hd__dfrtp_1)
                                                         div_quotient[0] (net)
                      0.070133    0.000061    0.895107 ^ _2698_/A1 (sky130_fd_sc_hd__a22o_1)
     1    0.001866    0.037849    0.122404    1.017511 ^ _2698_/X (sky130_fd_sc_hd__a22o_1)
                                                         _0270_ (net)
                      0.037849    0.000008    1.017519 ^ hold159/A (sky130_fd_sc_hd__dlygate4sd3_1)
     1    0.002400    0.049542    0.528766    1.546285 ^ hold159/X (sky130_fd_sc_hd__dlygate4sd3_1)
                                                         net164 (net)
                      0.049542    0.000022    1.546307 ^ _3011_/D (sky130_fd_sc_hd__dfrtp_1)
                                              1.546307   data arrival time

                                  0.000000    0.000000   clock clk (rise edge)
                                  0.000000    0.000000   clock source latency
     1    0.024940    0.117813    0.081389    0.081389 ^ clk (in)
                                                         clk (net)
                      0.117831    0.000000    0.081389 ^ clkbuf_0_clk/A (sky130_fd_sc_hd__clkbuf_16)
    16    0.113144    0.126631    0.222117    0.303506 ^ clkbuf_0_clk/X (sky130_fd_sc_hd__clkbuf_16)
                                                         clknet_0_clk (net)
                      0.126648    0.001518    0.305024 ^ clkbuf_4_2_0_clk/A (sky130_fd_sc_hd__clkbuf_8)
    18    0.068234    0.127061    0.220356    0.525380 ^ clkbuf_4_2_0_clk/X (sky130_fd_sc_hd__clkbuf_8)
                                                         clknet_4_2_0_clk (net)
                      0.127100    0.002158    0.527538 ^ _3011_/CLK (sky130_fd_sc_hd__dfrtp_1)
                                  0.500000    1.027538   clock uncertainty
                                  0.000000    1.027538   clock reconvergence pessimism
                                 -0.024488    1.003050   library hold time
                                              1.003050   data required time
---------------------------------------------------------------------------------------------
                                              1.003050   data required time
                                             -1.546307   data arrival time
---------------------------------------------------------------------------------------------
                                              0.543257   slack (MET)


Startpoint: _3154_ (rising edge-triggered flip-flop clocked by clk)
Endpoint: _3090_ (rising edge-triggered flip-flop clocked by clk)
Path Group: clk
Path Type: min

Fanout         Cap        Slew       Delay        Time   Description
---------------------------------------------------------------------------------------------
                                  0.000000    0.000000   clock clk (rise edge)
                                  0.000000    0.000000   clock source latency
     1    0.024940    0.117813    0.081389    0.081389 ^ clk (in)
                                                         clk (net)
                      0.117831    0.000000    0.081389 ^ clkbuf_0_clk/A (sky130_fd_sc_hd__clkbuf_16)
    16    0.113144    0.126631    0.222117    0.303506 ^ clkbuf_0_clk/X (sky130_fd_sc_hd__clkbuf_16)
                                                         clknet_0_clk (net)
                      0.126655    0.001727    0.305233 ^ clkbuf_4_0_0_clk/A (sky130_fd_sc_hd__clkbuf_8)
    24    0.072074    0.132827    0.224642    0.529875 ^ clkbuf_4_0_0_clk/X (sky130_fd_sc_hd__clkbuf_8)
                                                         clknet_4_0_0_clk (net)
                      0.132861    0.002075    0.531950 ^ _3154_/CLK (sky130_fd_sc_hd__dfrtp_1)
     4    0.014335    0.089467    0.441005    0.972955 v _3154_/Q (sky130_fd_sc_hd__dfrtp_1)
                                                         state[2] (net)
                      0.089467    0.000331    0.973285 v _2141_/A (sky130_fd_sc_hd__nor2_1)
     1    0.003458    0.087247    0.120990    1.094275 ^ _2141_/Y (sky130_fd_sc_hd__nor2_1)
                                                         _0502_ (net)
                      0.087247    0.000041    1.094316 ^ _2142_/B1 (sky130_fd_sc_hd__a2111o_2)
     1    0.018209    0.092241    0.162244    1.256560 ^ _2142_/X (sky130_fd_sc_hd__a2111o_2)
                                                         _0503_ (net)
                      0.092241    0.000156    1.256716 ^ _2143_/B (sky130_fd_sc_hd__nor2_8)
    17    0.082814    0.065984    0.081568    1.338283 v _2143_/Y (sky130_fd_sc_hd__nor2_8)
                                                         _0504_ (net)
                      0.066045    0.001643    1.339927 v _2150_/A2 (sky130_fd_sc_hd__o22a_1)
     1    0.002489    0.035133    0.194895    1.534821 v _2150_/X (sky130_fd_sc_hd__o22a_1)
                                                         _0349_ (net)
                      0.035133    0.000023    1.534844 v _3090_/D (sky130_fd_sc_hd__dfrtp_4)
                                              1.534844   data arrival time

                                  0.000000    0.000000   clock clk (rise edge)
                                  0.000000    0.000000   clock source latency
     1    0.024940    0.117813    0.081389    0.081389 ^ clk (in)
                                                         clk (net)
                      0.117831    0.000000    0.081389 ^ clkbuf_0_clk/A (sky130_fd_sc_hd__clkbuf_16)
    16    0.113144    0.126631    0.222117    0.303506 ^ clkbuf_0_clk/X (sky130_fd_sc_hd__clkbuf_16)
                                                         clknet_0_clk (net)
                      0.126633    0.000821    0.304327 ^ clkbuf_4_9_0_clk/A (sky130_fd_sc_hd__clkbuf_8)
     7    0.057340    0.109519    0.207690    0.512017 ^ clkbuf_4_9_0_clk/X (sky130_fd_sc_hd__clkbuf_8)
                                                         clknet_4_9_0_clk (net)
                      0.109526    0.000935    0.512952 ^ _3090_/CLK (sky130_fd_sc_hd__dfrtp_4)
                                  0.500000    1.012952   clock uncertainty
                                  0.000000    1.012952   clock reconvergence pessimism
                                 -0.023331    0.989621   library hold time
                                              0.989621   data required time
---------------------------------------------------------------------------------------------
                                              0.989621   data required time
                                             -1.534844   data arrival time
---------------------------------------------------------------------------------------------
                                              0.545223   slack (MET)


Startpoint: _3154_ (rising edge-triggered flip-flop clocked by clk)
Endpoint: _3079_ (rising edge-triggered flip-flop clocked by clk)
Path Group: clk
Path Type: min

Fanout         Cap        Slew       Delay        Time   Description
---------------------------------------------------------------------------------------------
                                  0.000000    0.000000   clock clk (rise edge)
                                  0.000000    0.000000   clock source latency
     1    0.024940    0.117813    0.081389    0.081389 ^ clk (in)
                                                         clk (net)
                      0.117831    0.000000    0.081389 ^ clkbuf_0_clk/A (sky130_fd_sc_hd__clkbuf_16)
    16    0.113144    0.126631    0.222117    0.303506 ^ clkbuf_0_clk/X (sky130_fd_sc_hd__clkbuf_16)
                                                         clknet_0_clk (net)
                      0.126655    0.001727    0.305233 ^ clkbuf_4_0_0_clk/A (sky130_fd_sc_hd__clkbuf_8)
    24    0.072074    0.132827    0.224642    0.529875 ^ clkbuf_4_0_0_clk/X (sky130_fd_sc_hd__clkbuf_8)
                                                         clknet_4_0_0_clk (net)
                      0.132861    0.002075    0.531950 ^ _3154_/CLK (sky130_fd_sc_hd__dfrtp_1)
     4    0.014335    0.089467    0.441005    0.972955 v _3154_/Q (sky130_fd_sc_hd__dfrtp_1)
                                                         state[2] (net)
                      0.089467    0.000331    0.973285 v _2141_/A (sky130_fd_sc_hd__nor2_1)
     1    0.003458    0.087247    0.120990    1.094275 ^ _2141_/Y (sky130_fd_sc_hd__nor2_1)
                                                         _0502_ (net)
                      0.087247    0.000041    1.094316 ^ _2142_/B1 (sky130_fd_sc_hd__a2111o_2)
     1    0.018209    0.092241    0.162244    1.256560 ^ _2142_/X (sky130_fd_sc_hd__a2111o_2)
                                                         _0503_ (net)
                      0.092241    0.000156    1.256716 ^ _2143_/B (sky130_fd_sc_hd__nor2_8)
    17    0.082814    0.065984    0.081568    1.338283 v _2143_/Y (sky130_fd_sc_hd__nor2_8)
                                                         _0504_ (net)
                      0.066081    0.002066    1.340350 v _2161_/S (sky130_fd_sc_hd__mux2_1)
     1    0.002368    0.038074    0.195237    1.535586 ^ _2161_/X (sky130_fd_sc_hd__mux2_1)
                                                         _0338_ (net)
                      0.038074    0.000012    1.535598 ^ _3079_/D (sky130_fd_sc_hd__dfrtp_4)
                                              1.535598   data arrival time

                                  0.000000    0.000000   clock clk (rise edge)
                                  0.000000    0.000000   clock source latency
     1    0.024940    0.117813    0.081389    0.081389 ^ clk (in)
                                                         clk (net)
                      0.117831    0.000000    0.081389 ^ clkbuf_0_clk/A (sky130_fd_sc_hd__clkbuf_16)
    16    0.113144    0.126631    0.222117    0.303506 ^ clkbuf_0_clk/X (sky130_fd_sc_hd__clkbuf_16)
                                                         clknet_0_clk (net)
                      0.126634    0.000903    0.304410 ^ clkbuf_4_6_0_clk/A (sky130_fd_sc_hd__clkbuf_8)
    12    0.055843    0.107139    0.205869    0.510279 ^ clkbuf_4_6_0_clk/X (sky130_fd_sc_hd__clkbuf_8)
                                                         clknet_4_6_0_clk (net)
                      0.107141    0.000694    0.510972 ^ _3079_/CLK (sky130_fd_sc_hd__dfrtp_4)
                                  0.500000    1.010972   clock uncertainty
                                  0.000000    1.010972   clock reconvergence pessimism
                                 -0.024832    0.986140   library hold time
                                              0.986140   data required time
---------------------------------------------------------------------------------------------
                                              0.986140   data required time
                                             -1.535598   data arrival time
---------------------------------------------------------------------------------------------
                                              0.549458   slack (MET)


Startpoint: _3154_ (rising edge-triggered flip-flop clocked by clk)
Endpoint: _3146_ (rising edge-triggered flip-flop clocked by clk)
Path Group: clk
Path Type: min

Fanout         Cap        Slew       Delay        Time   Description
---------------------------------------------------------------------------------------------
                                  0.000000    0.000000   clock clk (rise edge)
                                  0.000000    0.000000   clock source latency
     1    0.024940    0.117813    0.081389    0.081389 ^ clk (in)
                                                         clk (net)
                      0.117831    0.000000    0.081389 ^ clkbuf_0_clk/A (sky130_fd_sc_hd__clkbuf_16)
    16    0.113144    0.126631    0.222117    0.303506 ^ clkbuf_0_clk/X (sky130_fd_sc_hd__clkbuf_16)
                                                         clknet_0_clk (net)
                      0.126655    0.001727    0.305233 ^ clkbuf_4_0_0_clk/A (sky130_fd_sc_hd__clkbuf_8)
    24    0.072074    0.132827    0.224642    0.529875 ^ clkbuf_4_0_0_clk/X (sky130_fd_sc_hd__clkbuf_8)
                                                         clknet_4_0_0_clk (net)
                      0.132861    0.002075    0.531950 ^ _3154_/CLK (sky130_fd_sc_hd__dfrtp_1)
     4    0.015041    0.141560    0.425743    0.957693 ^ _3154_/Q (sky130_fd_sc_hd__dfrtp_1)
                                                         state[2] (net)
                      0.141560    0.000239    0.957932 ^ _1517_/A (sky130_fd_sc_hd__nor2_1)
     4    0.011971    0.059931    0.104487    1.062419 v _1517_/Y (sky130_fd_sc_hd__nor2_1)
                                                         _1067_ (net)
                      0.059931    0.000101    1.062519 v _1521_/A2 (sky130_fd_sc_hd__o21a_1)
     1    0.005391    0.041812    0.181717    1.244237 v _1521_/X (sky130_fd_sc_hd__o21a_1)
                                                         _1071_ (net)
                      0.041812    0.000071    1.244307 v _1522_/A (sky130_fd_sc_hd__inv_2)
     3    0.009732    0.050487    0.061274    1.305581 ^ _1522_/Y (sky130_fd_sc_hd__inv_2)
                                                         _1072_ (net)
                      0.050487    0.000092    1.305673 ^ _1523_/B (sky130_fd_sc_hd__nor2_1)
     3    0.007572    0.039178    0.054097    1.359771 v _1523_/Y (sky130_fd_sc_hd__nor2_1)
                                                         _1073_ (net)
                      0.039178    0.000079    1.359850 v _1532_/A2 (sky130_fd_sc_hd__a31o_1)
     1    0.003484    0.037335    0.200241    1.560091 v _1532_/X (sky130_fd_sc_hd__a31o_1)
                                                         _0242_ (net)
                      0.037335    0.000049    1.560140 v _3146_/D (sky130_fd_sc_hd__dfrtp_1)
                                              1.560140   data arrival time

                                  0.000000    0.000000   clock clk (rise edge)
                                  0.000000    0.000000   clock source latency
     1    0.024940    0.117813    0.081389    0.081389 ^ clk (in)
                                                         clk (net)
                      0.117831    0.000000    0.081389 ^ clkbuf_0_clk/A (sky130_fd_sc_hd__clkbuf_16)
    16    0.113144    0.126631    0.222117    0.303506 ^ clkbuf_0_clk/X (sky130_fd_sc_hd__clkbuf_16)
                                                         clknet_0_clk (net)
                      0.126655    0.001727    0.305233 ^ clkbuf_4_0_0_clk/A (sky130_fd_sc_hd__clkbuf_8)
    24    0.072074    0.132827    0.224642    0.529875 ^ clkbuf_4_0_0_clk/X (sky130_fd_sc_hd__clkbuf_8)
                                                         clknet_4_0_0_clk (net)
                      0.132991    0.003204    0.533079 ^ _3146_/CLK (sky130_fd_sc_hd__dfrtp_1)
                                  0.500000    1.033079   clock uncertainty
                                  0.000000    1.033079   clock reconvergence pessimism
                                 -0.022587    1.010492   library hold time
                                              1.010492   data required time
---------------------------------------------------------------------------------------------
                                              1.010492   data required time
                                             -1.560140   data arrival time
---------------------------------------------------------------------------------------------
                                              0.549647   slack (MET)


Startpoint: _3154_ (rising edge-triggered flip-flop clocked by clk)
Endpoint: _3088_ (rising edge-triggered flip-flop clocked by clk)
Path Group: clk
Path Type: min

Fanout         Cap        Slew       Delay        Time   Description
---------------------------------------------------------------------------------------------
                                  0.000000    0.000000   clock clk (rise edge)
                                  0.000000    0.000000   clock source latency
     1    0.024940    0.117813    0.081389    0.081389 ^ clk (in)
                                                         clk (net)
                      0.117831    0.000000    0.081389 ^ clkbuf_0_clk/A (sky130_fd_sc_hd__clkbuf_16)
    16    0.113144    0.126631    0.222117    0.303506 ^ clkbuf_0_clk/X (sky130_fd_sc_hd__clkbuf_16)
                                                         clknet_0_clk (net)
                      0.126655    0.001727    0.305233 ^ clkbuf_4_0_0_clk/A (sky130_fd_sc_hd__clkbuf_8)
    24    0.072074    0.132827    0.224642    0.529875 ^ clkbuf_4_0_0_clk/X (sky130_fd_sc_hd__clkbuf_8)
                                                         clknet_4_0_0_clk (net)
                      0.132861    0.002075    0.531950 ^ _3154_/CLK (sky130_fd_sc_hd__dfrtp_1)
     4    0.014335    0.089467    0.441005    0.972955 v _3154_/Q (sky130_fd_sc_hd__dfrtp_1)
                                                         state[2] (net)
                      0.089467    0.000331    0.973285 v _2141_/A (sky130_fd_sc_hd__nor2_1)
     1    0.003458    0.087247    0.120990    1.094275 ^ _2141_/Y (sky130_fd_sc_hd__nor2_1)
                                                         _0502_ (net)
                      0.087247    0.000041    1.094316 ^ _2142_/B1 (sky130_fd_sc_hd__a2111o_2)
     1    0.018209    0.092241    0.162244    1.256560 ^ _2142_/X (sky130_fd_sc_hd__a2111o_2)
                                                         _0503_ (net)
                      0.092241    0.000156    1.256716 ^ _2143_/B (sky130_fd_sc_hd__nor2_8)
    17    0.082814    0.065984    0.081568    1.338283 v _2143_/Y (sky130_fd_sc_hd__nor2_8)
                                                         _0504_ (net)
                      0.066079    0.002039    1.340323 v _2152_/A2 (sky130_fd_sc_hd__o22a_1)
     1    0.003548    0.040332    0.202043    1.542366 v _2152_/X (sky130_fd_sc_hd__o22a_1)
                                                         _0347_ (net)
                      0.040332    0.000049    1.542414 v _3088_/D (sky130_fd_sc_hd__dfrtp_4)
                                              1.542414   data arrival time

                                  0.000000    0.000000   clock clk (rise edge)
                                  0.000000    0.000000   clock source latency
     1    0.024940    0.117813    0.081389    0.081389 ^ clk (in)
                                                         clk (net)
                      0.117831    0.000000    0.081389 ^ clkbuf_0_clk/A (sky130_fd_sc_hd__clkbuf_16)
    16    0.113144    0.126631    0.222117    0.303506 ^ clkbuf_0_clk/X (sky130_fd_sc_hd__clkbuf_16)
                                                         clknet_0_clk (net)
                      0.126637    0.001064    0.304570 ^ clkbuf_4_5_0_clk/A (sky130_fd_sc_hd__clkbuf_8)
    10    0.060713    0.114917    0.211687    0.516257 ^ clkbuf_4_5_0_clk/X (sky130_fd_sc_hd__clkbuf_8)
                                                         clknet_4_5_0_clk (net)
                      0.114917    0.000248    0.516506 ^ _3088_/CLK (sky130_fd_sc_hd__dfrtp_4)
                                  0.500000    1.016506   clock uncertainty
                                  0.000000    1.016506   clock reconvergence pessimism
                                 -0.024207    0.992299   library hold time
                                              0.992299   data required time
---------------------------------------------------------------------------------------------
                                              0.992299   data required time
                                             -1.542414   data arrival time
---------------------------------------------------------------------------------------------
                                              0.550115   slack (MET)


Startpoint: _3154_ (rising edge-triggered flip-flop clocked by clk)
Endpoint: _3080_ (rising edge-triggered flip-flop clocked by clk)
Path Group: clk
Path Type: min

Fanout         Cap        Slew       Delay        Time   Description
---------------------------------------------------------------------------------------------
                                  0.000000    0.000000   clock clk (rise edge)
                                  0.000000    0.000000   clock source latency
     1    0.024940    0.117813    0.081389    0.081389 ^ clk (in)
                                                         clk (net)
                      0.117831    0.000000    0.081389 ^ clkbuf_0_clk/A (sky130_fd_sc_hd__clkbuf_16)
    16    0.113144    0.126631    0.222117    0.303506 ^ clkbuf_0_clk/X (sky130_fd_sc_hd__clkbuf_16)
                                                         clknet_0_clk (net)
                      0.126655    0.001727    0.305233 ^ clkbuf_4_0_0_clk/A (sky130_fd_sc_hd__clkbuf_8)
    24    0.072074    0.132827    0.224642    0.529875 ^ clkbuf_4_0_0_clk/X (sky130_fd_sc_hd__clkbuf_8)
                                                         clknet_4_0_0_clk (net)
                      0.132861    0.002075    0.531950 ^ _3154_/CLK (sky130_fd_sc_hd__dfrtp_1)
     4    0.014335    0.089467    0.441005    0.972955 v _3154_/Q (sky130_fd_sc_hd__dfrtp_1)
                                                         state[2] (net)
                      0.089467    0.000331    0.973285 v _2141_/A (sky130_fd_sc_hd__nor2_1)
     1    0.003458    0.087247    0.120990    1.094275 ^ _2141_/Y (sky130_fd_sc_hd__nor2_1)
                                                         _0502_ (net)
                      0.087247    0.000041    1.094316 ^ _2142_/B1 (sky130_fd_sc_hd__a2111o_2)
     1    0.018209    0.092241    0.162244    1.256560 ^ _2142_/X (sky130_fd_sc_hd__a2111o_2)
                                                         _0503_ (net)
                      0.092241    0.000156    1.256716 ^ _2143_/B (sky130_fd_sc_hd__nor2_8)
    17    0.082814    0.065984    0.081568    1.338283 v _2143_/Y (sky130_fd_sc_hd__nor2_8)
                                                         _0504_ (net)
                      0.066315    0.003736    1.342019 v _2160_/S (sky130_fd_sc_hd__mux2_1)
     1    0.002513    0.039122    0.196435    1.538455 ^ _2160_/X (sky130_fd_sc_hd__mux2_1)
                                                         _0339_ (net)
                      0.039122    0.000023    1.538477 ^ _3080_/D (sky130_fd_sc_hd__dfrtp_4)
                                              1.538477   data arrival time

                                  0.000000    0.000000   clock clk (rise edge)
                                  0.000000    0.000000   clock source latency
     1    0.024940    0.117813    0.081389    0.081389 ^ clk (in)
                                                         clk (net)
                      0.117831    0.000000    0.081389 ^ clkbuf_0_clk/A (sky130_fd_sc_hd__clkbuf_16)
    16    0.113144    0.126631    0.222117    0.303506 ^ clkbuf_0_clk/X (sky130_fd_sc_hd__clkbuf_16)
                                                         clknet_0_clk (net)
                      0.126634    0.000903    0.304410 ^ clkbuf_4_6_0_clk/A (sky130_fd_sc_hd__clkbuf_8)
    12    0.055843    0.107139    0.205869    0.510279 ^ clkbuf_4_6_0_clk/X (sky130_fd_sc_hd__clkbuf_8)
                                                         clknet_4_6_0_clk (net)
                      0.107144    0.000873    0.511151 ^ _3080_/CLK (sky130_fd_sc_hd__dfrtp_4)
                                  0.500000    1.011151   clock uncertainty
                                  0.000000    1.011151   clock reconvergence pessimism
                                 -0.025050    0.986102   library hold time
                                              0.986102   data required time
---------------------------------------------------------------------------------------------
                                              0.986102   data required time
                                             -1.538477   data arrival time
---------------------------------------------------------------------------------------------
                                              0.552376   slack (MET)


Startpoint: _3015_ (rising edge-triggered flip-flop clocked by clk)
Endpoint: _3016_ (rising edge-triggered flip-flop clocked by clk)
Path Group: clk
Path Type: min

Fanout         Cap        Slew       Delay        Time   Description
---------------------------------------------------------------------------------------------
                                  0.000000    0.000000   clock clk (rise edge)
                                  0.000000    0.000000   clock source latency
     1    0.024940    0.117813    0.081389    0.081389 ^ clk (in)
                                                         clk (net)
                      0.117831    0.000000    0.081389 ^ clkbuf_0_clk/A (sky130_fd_sc_hd__clkbuf_16)
    16    0.113144    0.126631    0.222117    0.303506 ^ clkbuf_0_clk/X (sky130_fd_sc_hd__clkbuf_16)
                                                         clknet_0_clk (net)
                      0.126648    0.001518    0.305024 ^ clkbuf_4_2_0_clk/A (sky130_fd_sc_hd__clkbuf_8)
    18    0.068234    0.127061    0.220356    0.525380 ^ clkbuf_4_2_0_clk/X (sky130_fd_sc_hd__clkbuf_8)
                                                         clknet_4_2_0_clk (net)
                      0.127072    0.001348    0.526728 ^ _3015_/CLK (sky130_fd_sc_hd__dfrtp_1)
     2    0.006021    0.069682    0.367105    0.893833 ^ _3015_/Q (sky130_fd_sc_hd__dfrtp_1)
                                                         div_quotient[5] (net)
                      0.069682    0.000080    0.893912 ^ _2693_/A1 (sky130_fd_sc_hd__a22o_1)
     1    0.002854    0.044700    0.130290    1.024203 ^ _2693_/X (sky130_fd_sc_hd__a22o_1)
                                                         _0275_ (net)
                      0.044700    0.000022    1.024225 ^ hold31/A (sky130_fd_sc_hd__dlygate4sd3_1)
     1    0.002433    0.049818    0.531300    1.555525 ^ hold31/X (sky130_fd_sc_hd__dlygate4sd3_1)
                                                         net36 (net)
                      0.049818    0.000022    1.555547 ^ _3016_/D (sky130_fd_sc_hd__dfrtp_1)
                                              1.555547   data arrival time

                                  0.000000    0.000000   clock clk (rise edge)
                                  0.000000    0.000000   clock source latency
     1    0.024940    0.117813    0.081389    0.081389 ^ clk (in)
                                                         clk (net)
                      0.117831    0.000000    0.081389 ^ clkbuf_0_clk/A (sky130_fd_sc_hd__clkbuf_16)
    16    0.113144    0.126631    0.222117    0.303506 ^ clkbuf_0_clk/X (sky130_fd_sc_hd__clkbuf_16)
                                                         clknet_0_clk (net)
                      0.126648    0.001518    0.305024 ^ clkbuf_4_2_0_clk/A (sky130_fd_sc_hd__clkbuf_8)
    18    0.068234    0.127061    0.220356    0.525380 ^ clkbuf_4_2_0_clk/X (sky130_fd_sc_hd__clkbuf_8)
                                                         clknet_4_2_0_clk (net)
                      0.127064    0.000906    0.526286 ^ _3016_/CLK (sky130_fd_sc_hd__dfrtp_1)
                                  0.500000    1.026286   clock uncertainty
                                  0.000000    1.026286   clock reconvergence pessimism
                                 -0.024550    1.001736   library hold time
                                              1.001736   data required time
---------------------------------------------------------------------------------------------
                                              1.001736   data required time
                                             -1.555547   data arrival time
---------------------------------------------------------------------------------------------
                                              0.553812   slack (MET)


Startpoint: _3112_ (rising edge-triggered flip-flop clocked by clk)
Endpoint: _3111_ (rising edge-triggered flip-flop clocked by clk)
Path Group: clk
Path Type: min

Fanout         Cap        Slew       Delay        Time   Description
---------------------------------------------------------------------------------------------
                                  0.000000    0.000000   clock clk (rise edge)
                                  0.000000    0.000000   clock source latency
     1    0.024940    0.117813    0.081389    0.081389 ^ clk (in)
                                                         clk (net)
                      0.117831    0.000000    0.081389 ^ clkbuf_0_clk/A (sky130_fd_sc_hd__clkbuf_16)
    16    0.113144    0.126631    0.222117    0.303506 ^ clkbuf_0_clk/X (sky130_fd_sc_hd__clkbuf_16)
                                                         clknet_0_clk (net)
                      0.126637    0.001064    0.304570 ^ clkbuf_4_5_0_clk/A (sky130_fd_sc_hd__clkbuf_8)
    10    0.060713    0.114917    0.211687    0.516257 ^ clkbuf_4_5_0_clk/X (sky130_fd_sc_hd__clkbuf_8)
                                                         clknet_4_5_0_clk (net)
                      0.114930    0.001307    0.517564 ^ _3112_/CLK (sky130_fd_sc_hd__dfrtp_1)
     3    0.008182    0.086799    0.377445    0.895010 ^ _3112_/Q (sky130_fd_sc_hd__dfrtp_1)
                                                         shift_in[1] (net)
                      0.086799    0.000071    0.895081 ^ _2120_/A0 (sky130_fd_sc_hd__mux2_1)
     1    0.001859    0.035524    0.121280    1.016360 ^ _2120_/X (sky130_fd_sc_hd__mux2_1)
                                                         _0207_ (net)
                      0.035524    0.000007    1.016368 ^ hold117/A (sky130_fd_sc_hd__dlygate4sd3_1)
     1    0.003130    0.055791    0.534863    1.551231 ^ hold117/X (sky130_fd_sc_hd__dlygate4sd3_1)
                                                         net122 (net)
                      0.055791    0.000036    1.551267 ^ _3111_/D (sky130_fd_sc_hd__dfrtp_1)
                                              1.551267   data arrival time

                                  0.000000    0.000000   clock clk (rise edge)
                                  0.000000    0.000000   clock source latency
     1    0.024940    0.117813    0.081389    0.081389 ^ clk (in)
                                                         clk (net)
                      0.117831    0.000000    0.081389 ^ clkbuf_0_clk/A (sky130_fd_sc_hd__clkbuf_16)
    16    0.113144    0.126631    0.222117    0.303506 ^ clkbuf_0_clk/X (sky130_fd_sc_hd__clkbuf_16)
                                                         clknet_0_clk (net)
                      0.126638    0.001116    0.304622 ^ clkbuf_4_7_0_clk/A (sky130_fd_sc_hd__clkbuf_8)
    17    0.065580    0.122744    0.217395    0.522017 ^ clkbuf_4_7_0_clk/X (sky130_fd_sc_hd__clkbuf_8)
                                                         clknet_4_7_0_clk (net)
                      0.122760    0.001484    0.523501 ^ _3111_/CLK (sky130_fd_sc_hd__dfrtp_1)
                                  0.500000    1.023501   clock uncertainty
                                  0.000000    1.023501   clock reconvergence pessimism
                                 -0.026379    0.997122   library hold time
                                              0.997122   data required time
---------------------------------------------------------------------------------------------
                                              0.997122   data required time
                                             -1.551267   data arrival time
---------------------------------------------------------------------------------------------
                                              0.554146   slack (MET)


Startpoint: _3123_ (rising edge-triggered flip-flop clocked by clk)
Endpoint: _3122_ (rising edge-triggered flip-flop clocked by clk)
Path Group: clk
Path Type: min

Fanout         Cap        Slew       Delay        Time   Description
---------------------------------------------------------------------------------------------
                                  0.000000    0.000000   clock clk (rise edge)
                                  0.000000    0.000000   clock source latency
     1    0.024940    0.117813    0.081389    0.081389 ^ clk (in)
                                                         clk (net)
                      0.117831    0.000000    0.081389 ^ clkbuf_0_clk/A (sky130_fd_sc_hd__clkbuf_16)
    16    0.113144    0.126631    0.222117    0.303506 ^ clkbuf_0_clk/X (sky130_fd_sc_hd__clkbuf_16)
                                                         clknet_0_clk (net)
                      0.126638    0.001133    0.304640 ^ clkbuf_4_4_0_clk/A (sky130_fd_sc_hd__clkbuf_8)
    11    0.057239    0.109341    0.207630    0.512270 ^ clkbuf_4_4_0_clk/X (sky130_fd_sc_hd__clkbuf_8)
                                                         clknet_4_4_0_clk (net)
                      0.109343    0.000636    0.512906 ^ _3123_/CLK (sky130_fd_sc_hd__dfrtp_1)
     1    0.002018    0.040585    0.331478    0.844384 ^ _3123_/Q (sky130_fd_sc_hd__dfrtp_1)
                                                         shift_in[12] (net)
                      0.040585    0.000009    0.844393 ^ hold80/A (sky130_fd_sc_hd__dlygate4sd3_1)
     3    0.007415    0.093324    0.569919    1.414312 ^ hold80/X (sky130_fd_sc_hd__dlygate4sd3_1)
                                                         net85 (net)
                      0.093433    0.000098    1.414410 ^ _2109_/A0 (sky130_fd_sc_hd__mux2_1)
     1    0.002539    0.039456    0.128994    1.543404 ^ _2109_/X (sky130_fd_sc_hd__mux2_1)
                                                         _0218_ (net)
                      0.039456    0.000024    1.543428 ^ _3122_/D (sky130_fd_sc_hd__dfrtp_1)
                                              1.543428   data arrival time

                                  0.000000    0.000000   clock clk (rise edge)
                                  0.000000    0.000000   clock source latency
     1    0.024940    0.117813    0.081389    0.081389 ^ clk (in)
                                                         clk (net)
                      0.117831    0.000000    0.081389 ^ clkbuf_0_clk/A (sky130_fd_sc_hd__clkbuf_16)
    16    0.113144    0.126631    0.222117    0.303506 ^ clkbuf_0_clk/X (sky130_fd_sc_hd__clkbuf_16)
                                                         clknet_0_clk (net)
                      0.126638    0.001133    0.304640 ^ clkbuf_4_4_0_clk/A (sky130_fd_sc_hd__clkbuf_8)
    11    0.057239    0.109341    0.207630    0.512270 ^ clkbuf_4_4_0_clk/X (sky130_fd_sc_hd__clkbuf_8)
                                                         clknet_4_4_0_clk (net)
                      0.109342    0.000614    0.512884 ^ _3122_/CLK (sky130_fd_sc_hd__dfrtp_1)
                                  0.500000    1.012884   clock uncertainty
                                  0.000000    1.012884   clock reconvergence pessimism
                                 -0.024819    0.988065   library hold time
                                              0.988065   data required time
---------------------------------------------------------------------------------------------
                                              0.988065   data required time
                                             -1.543428   data arrival time
---------------------------------------------------------------------------------------------
                                              0.555363   slack (MET)


Startpoint: _3125_ (rising edge-triggered flip-flop clocked by clk)
Endpoint: _3124_ (rising edge-triggered flip-flop clocked by clk)
Path Group: clk
Path Type: min

Fanout         Cap        Slew       Delay        Time   Description
---------------------------------------------------------------------------------------------
                                  0.000000    0.000000   clock clk (rise edge)
                                  0.000000    0.000000   clock source latency
     1    0.024940    0.117813    0.081389    0.081389 ^ clk (in)
                                                         clk (net)
                      0.117831    0.000000    0.081389 ^ clkbuf_0_clk/A (sky130_fd_sc_hd__clkbuf_16)
    16    0.113144    0.126631    0.222117    0.303506 ^ clkbuf_0_clk/X (sky130_fd_sc_hd__clkbuf_16)
                                                         clknet_0_clk (net)
                      0.126656    0.001769    0.305275 ^ clkbuf_4_1_0_clk/A (sky130_fd_sc_hd__clkbuf_8)
    16    0.066697    0.124509    0.218819    0.524094 ^ clkbuf_4_1_0_clk/X (sky130_fd_sc_hd__clkbuf_8)
                                                         clknet_4_1_0_clk (net)
                      0.124524    0.001437    0.525531 ^ _3125_/CLK (sky130_fd_sc_hd__dfrtp_1)
     1    0.002193    0.040292    0.338457    0.863987 ^ _3125_/Q (sky130_fd_sc_hd__dfrtp_1)
                                                         shift_in[14] (net)
                      0.040292    0.000020    0.864007 ^ hold91/A (sky130_fd_sc_hd__dlygate4sd3_1)
     3    0.007275    0.094882    0.568795    1.432802 ^ hold91/X (sky130_fd_sc_hd__dlygate4sd3_1)
                                                         net96 (net)
                      0.094882    0.000039    1.432841 ^ _2107_/A0 (sky130_fd_sc_hd__mux2_1)
     1    0.002176    0.036499    0.126591    1.559432 ^ _2107_/X (sky130_fd_sc_hd__mux2_1)
                                                         _0220_ (net)
                      0.036499    0.000018    1.559449 ^ _3124_/D (sky130_fd_sc_hd__dfrtp_1)
                                              1.559449   data arrival time

                                  0.000000    0.000000   clock clk (rise edge)
                                  0.000000    0.000000   clock source latency
     1    0.024940    0.117813    0.081389    0.081389 ^ clk (in)
                                                         clk (net)
                      0.117831    0.000000    0.081389 ^ clkbuf_0_clk/A (sky130_fd_sc_hd__clkbuf_16)
    16    0.113144    0.126631    0.222117    0.303506 ^ clkbuf_0_clk/X (sky130_fd_sc_hd__clkbuf_16)
                                                         clknet_0_clk (net)
                      0.126656    0.001769    0.305275 ^ clkbuf_4_1_0_clk/A (sky130_fd_sc_hd__clkbuf_8)
    16    0.066697    0.124509    0.218819    0.524094 ^ clkbuf_4_1_0_clk/X (sky130_fd_sc_hd__clkbuf_8)
                                                         clknet_4_1_0_clk (net)
                      0.124534    0.001747    0.525842 ^ _3124_/CLK (sky130_fd_sc_hd__dfrtp_1)
                                  0.500000    1.025842   clock uncertainty
                                  0.000000    1.025842   clock reconvergence pessimism
                                 -0.022132    1.003710   library hold time
                                              1.003710   data required time
---------------------------------------------------------------------------------------------
                                              1.003710   data required time
                                             -1.559449   data arrival time
---------------------------------------------------------------------------------------------
                                              0.555739   slack (MET)


Startpoint: _3120_ (rising edge-triggered flip-flop clocked by clk)
Endpoint: _3119_ (rising edge-triggered flip-flop clocked by clk)
Path Group: clk
Path Type: min

Fanout         Cap        Slew       Delay        Time   Description
---------------------------------------------------------------------------------------------
                                  0.000000    0.000000   clock clk (rise edge)
                                  0.000000    0.000000   clock source latency
     1    0.024940    0.117813    0.081389    0.081389 ^ clk (in)
                                                         clk (net)
                      0.117831    0.000000    0.081389 ^ clkbuf_0_clk/A (sky130_fd_sc_hd__clkbuf_16)
    16    0.113144    0.126631    0.222117    0.303506 ^ clkbuf_0_clk/X (sky130_fd_sc_hd__clkbuf_16)
                                                         clknet_0_clk (net)
                      0.126638    0.001133    0.304640 ^ clkbuf_4_4_0_clk/A (sky130_fd_sc_hd__clkbuf_8)
    11    0.057239    0.109341    0.207630    0.512270 ^ clkbuf_4_4_0_clk/X (sky130_fd_sc_hd__clkbuf_8)
                                                         clknet_4_4_0_clk (net)
                      0.109343    0.000618    0.512888 ^ _3120_/CLK (sky130_fd_sc_hd__dfrtp_1)
     1    0.002151    0.040036    0.332579    0.845467 ^ _3120_/Q (sky130_fd_sc_hd__dfrtp_1)
                                                         shift_in[9] (net)
                      0.040036    0.000019    0.845486 ^ hold76/A (sky130_fd_sc_hd__dlygate4sd3_1)
     3    0.007866    0.097407    0.573230    1.418717 ^ hold76/X (sky130_fd_sc_hd__dlygate4sd3_1)
                                                         net81 (net)
                      0.097407    0.000046    1.418763 ^ _2112_/A0 (sky130_fd_sc_hd__mux2_1)
     1    0.002610    0.039989    0.130926    1.549688 ^ _2112_/X (sky130_fd_sc_hd__mux2_1)
                                                         _0215_ (net)
                      0.039989    0.000028    1.549716 ^ _3119_/D (sky130_fd_sc_hd__dfrtp_1)
                                              1.549716   data arrival time

                                  0.000000    0.000000   clock clk (rise edge)
                                  0.000000    0.000000   clock source latency
     1    0.024940    0.117813    0.081389    0.081389 ^ clk (in)
                                                         clk (net)
                      0.117831    0.000000    0.081389 ^ clkbuf_0_clk/A (sky130_fd_sc_hd__clkbuf_16)
    16    0.113144    0.126631    0.222117    0.303506 ^ clkbuf_0_clk/X (sky130_fd_sc_hd__clkbuf_16)
                                                         clknet_0_clk (net)
                      0.126637    0.001064    0.304570 ^ clkbuf_4_5_0_clk/A (sky130_fd_sc_hd__clkbuf_8)
    10    0.060713    0.114917    0.211687    0.516257 ^ clkbuf_4_5_0_clk/X (sky130_fd_sc_hd__clkbuf_8)
                                                         clknet_4_5_0_clk (net)
                      0.114935    0.001467    0.517724 ^ _3119_/CLK (sky130_fd_sc_hd__dfrtp_1)
                                  0.500000    1.017724   clock uncertainty
                                  0.000000    1.017724   clock reconvergence pessimism
                                 -0.024167    0.993558   library hold time
                                              0.993558   data required time
---------------------------------------------------------------------------------------------
                                              0.993558   data required time
                                             -1.549716   data arrival time
---------------------------------------------------------------------------------------------
                                              0.556158   slack (MET)


Startpoint: _3125_ (rising edge-triggered flip-flop clocked by clk)
Endpoint: _3109_ (rising edge-triggered flip-flop clocked by clk)
Path Group: clk
Path Type: min

Fanout         Cap        Slew       Delay        Time   Description
---------------------------------------------------------------------------------------------
                                  0.000000    0.000000   clock clk (rise edge)
                                  0.000000    0.000000   clock source latency
     1    0.024940    0.117813    0.081389    0.081389 ^ clk (in)
                                                         clk (net)
                      0.117831    0.000000    0.081389 ^ clkbuf_0_clk/A (sky130_fd_sc_hd__clkbuf_16)
    16    0.113144    0.126631    0.222117    0.303506 ^ clkbuf_0_clk/X (sky130_fd_sc_hd__clkbuf_16)
                                                         clknet_0_clk (net)
                      0.126656    0.001769    0.305275 ^ clkbuf_4_1_0_clk/A (sky130_fd_sc_hd__clkbuf_8)
    16    0.066697    0.124509    0.218819    0.524094 ^ clkbuf_4_1_0_clk/X (sky130_fd_sc_hd__clkbuf_8)
                                                         clknet_4_1_0_clk (net)
                      0.124524    0.001437    0.525531 ^ _3125_/CLK (sky130_fd_sc_hd__dfrtp_1)
     1    0.002193    0.040292    0.338457    0.863987 ^ _3125_/Q (sky130_fd_sc_hd__dfrtp_1)
                                                         shift_in[14] (net)
                      0.040292    0.000020    0.864007 ^ hold91/A (sky130_fd_sc_hd__dlygate4sd3_1)
     3    0.007275    0.094882    0.568795    1.432802 ^ hold91/X (sky130_fd_sc_hd__dlygate4sd3_1)
                                                         net96 (net)
                      0.094882    0.000029    1.432831 ^ _2125_/A0 (sky130_fd_sc_hd__mux2_1)
     1    0.002231    0.037111    0.127031    1.559862 ^ _2125_/X (sky130_fd_sc_hd__mux2_1)
                                                         _0205_ (net)
                      0.037111    0.000019    1.559881 ^ _3109_/D (sky130_fd_sc_hd__dfrtp_2)
                                              1.559881   data arrival time

                                  0.000000    0.000000   clock clk (rise edge)
                                  0.000000    0.000000   clock source latency
     1    0.024940    0.117813    0.081389    0.081389 ^ clk (in)
                                                         clk (net)
                      0.117831    0.000000    0.081389 ^ clkbuf_0_clk/A (sky130_fd_sc_hd__clkbuf_16)
    16    0.113144    0.126631    0.222117    0.303506 ^ clkbuf_0_clk/X (sky130_fd_sc_hd__clkbuf_16)
                                                         clknet_0_clk (net)
                      0.126656    0.001769    0.305275 ^ clkbuf_4_1_0_clk/A (sky130_fd_sc_hd__clkbuf_8)
    16    0.066697    0.124509    0.218819    0.524094 ^ clkbuf_4_1_0_clk/X (sky130_fd_sc_hd__clkbuf_8)
                                                         clknet_4_1_0_clk (net)
                      0.124528    0.001582    0.525676 ^ _3109_/CLK (sky130_fd_sc_hd__dfrtp_2)
                                  0.500000    1.025676   clock uncertainty
                                  0.000000    1.025676   clock reconvergence pessimism
                                 -0.022192    1.003484   library hold time
                                              1.003484   data required time
---------------------------------------------------------------------------------------------
                                              1.003484   data required time
                                             -1.559881   data arrival time
---------------------------------------------------------------------------------------------
                                              0.556397   slack (MET)


Startpoint: _3154_ (rising edge-triggered flip-flop clocked by clk)
Endpoint: _3085_ (rising edge-triggered flip-flop clocked by clk)
Path Group: clk
Path Type: min

Fanout         Cap        Slew       Delay        Time   Description
---------------------------------------------------------------------------------------------
                                  0.000000    0.000000   clock clk (rise edge)
                                  0.000000    0.000000   clock source latency
     1    0.024940    0.117813    0.081389    0.081389 ^ clk (in)
                                                         clk (net)
                      0.117831    0.000000    0.081389 ^ clkbuf_0_clk/A (sky130_fd_sc_hd__clkbuf_16)
    16    0.113144    0.126631    0.222117    0.303506 ^ clkbuf_0_clk/X (sky130_fd_sc_hd__clkbuf_16)
                                                         clknet_0_clk (net)
                      0.126655    0.001727    0.305233 ^ clkbuf_4_0_0_clk/A (sky130_fd_sc_hd__clkbuf_8)
    24    0.072074    0.132827    0.224642    0.529875 ^ clkbuf_4_0_0_clk/X (sky130_fd_sc_hd__clkbuf_8)
                                                         clknet_4_0_0_clk (net)
                      0.132861    0.002075    0.531950 ^ _3154_/CLK (sky130_fd_sc_hd__dfrtp_1)
     4    0.014335    0.089467    0.441005    0.972955 v _3154_/Q (sky130_fd_sc_hd__dfrtp_1)
                                                         state[2] (net)
                      0.089467    0.000331    0.973285 v _2141_/A (sky130_fd_sc_hd__nor2_1)
     1    0.003458    0.087247    0.120990    1.094275 ^ _2141_/Y (sky130_fd_sc_hd__nor2_1)
                                                         _0502_ (net)
                      0.087247    0.000041    1.094316 ^ _2142_/B1 (sky130_fd_sc_hd__a2111o_2)
     1    0.018209    0.092241    0.162244    1.256560 ^ _2142_/X (sky130_fd_sc_hd__a2111o_2)
                                                         _0503_ (net)
                      0.092241    0.000156    1.256716 ^ _2143_/B (sky130_fd_sc_hd__nor2_8)
    17    0.082814    0.065984    0.081568    1.338283 v _2143_/Y (sky130_fd_sc_hd__nor2_8)
                                                         _0504_ (net)
                      0.066310    0.003708    1.341991 v _2155_/S (sky130_fd_sc_hd__mux2_1)
     1    0.003058    0.043256    0.200554    1.542546 ^ _2155_/X (sky130_fd_sc_hd__mux2_1)
                                                         _0344_ (net)
                      0.043256    0.000035    1.542581 ^ _3085_/D (sky130_fd_sc_hd__dfrtp_4)
                                              1.542581   data arrival time

                                  0.000000    0.000000   clock clk (rise edge)
                                  0.000000    0.000000   clock source latency
     1    0.024940    0.117813    0.081389    0.081389 ^ clk (in)
                                                         clk (net)
                      0.117831    0.000000    0.081389 ^ clkbuf_0_clk/A (sky130_fd_sc_hd__clkbuf_16)
    16    0.113144    0.126631    0.222117    0.303506 ^ clkbuf_0_clk/X (sky130_fd_sc_hd__clkbuf_16)
                                                         clknet_0_clk (net)
                      0.126634    0.000903    0.304410 ^ clkbuf_4_6_0_clk/A (sky130_fd_sc_hd__clkbuf_8)
    12    0.055843    0.107139    0.205869    0.510279 ^ clkbuf_4_6_0_clk/X (sky130_fd_sc_hd__clkbuf_8)
                                                         clknet_4_6_0_clk (net)
                      0.107145    0.000928    0.511206 ^ _3085_/CLK (sky130_fd_sc_hd__dfrtp_4)
                                  0.500000    1.011206   clock uncertainty
                                  0.000000    1.011206   clock reconvergence pessimism
                                 -0.025910    0.985297   library hold time
                                              0.985297   data required time
---------------------------------------------------------------------------------------------
                                              0.985297   data required time
                                             -1.542581   data arrival time
---------------------------------------------------------------------------------------------
                                              0.557284   slack (MET)


Startpoint: _3123_ (rising edge-triggered flip-flop clocked by clk)
Endpoint: _3123_ (rising edge-triggered flip-flop clocked by clk)
Path Group: clk
Path Type: min

Fanout         Cap        Slew       Delay        Time   Description
---------------------------------------------------------------------------------------------
                                  0.000000    0.000000   clock clk (rise edge)
                                  0.000000    0.000000   clock source latency
     1    0.024940    0.117813    0.081389    0.081389 ^ clk (in)
                                                         clk (net)
                      0.117831    0.000000    0.081389 ^ clkbuf_0_clk/A (sky130_fd_sc_hd__clkbuf_16)
    16    0.113144    0.126631    0.222117    0.303506 ^ clkbuf_0_clk/X (sky130_fd_sc_hd__clkbuf_16)
                                                         clknet_0_clk (net)
                      0.126638    0.001133    0.304640 ^ clkbuf_4_4_0_clk/A (sky130_fd_sc_hd__clkbuf_8)
    11    0.057239    0.109341    0.207630    0.512270 ^ clkbuf_4_4_0_clk/X (sky130_fd_sc_hd__clkbuf_8)
                                                         clknet_4_4_0_clk (net)
                      0.109343    0.000636    0.512906 ^ _3123_/CLK (sky130_fd_sc_hd__dfrtp_1)
     1    0.002018    0.040585    0.331478    0.844384 ^ _3123_/Q (sky130_fd_sc_hd__dfrtp_1)
                                                         shift_in[12] (net)
                      0.040585    0.000009    0.844393 ^ hold80/A (sky130_fd_sc_hd__dlygate4sd3_1)
     3    0.007415    0.093324    0.569919    1.414312 ^ hold80/X (sky130_fd_sc_hd__dlygate4sd3_1)
                                                         net85 (net)
                      0.093324    0.000084    1.414396 ^ _2108_/A1 (sky130_fd_sc_hd__mux2_1)
     1    0.002746    0.041021    0.133211    1.547607 ^ _2108_/X (sky130_fd_sc_hd__mux2_1)
                                                         _0219_ (net)
                      0.041021    0.000027    1.547634 ^ _3123_/D (sky130_fd_sc_hd__dfrtp_1)
                                              1.547634   data arrival time

                                  0.000000    0.000000   clock clk (rise edge)
                                  0.000000    0.000000   clock source latency
     1    0.024940    0.117813    0.081389    0.081389 ^ clk (in)
                                                         clk (net)
                      0.117831    0.000000    0.081389 ^ clkbuf_0_clk/A (sky130_fd_sc_hd__clkbuf_16)
    16    0.113144    0.126631    0.222117    0.303506 ^ clkbuf_0_clk/X (sky130_fd_sc_hd__clkbuf_16)
                                                         clknet_0_clk (net)
                      0.126638    0.001133    0.304640 ^ clkbuf_4_4_0_clk/A (sky130_fd_sc_hd__clkbuf_8)
    11    0.057239    0.109341    0.207630    0.512270 ^ clkbuf_4_4_0_clk/X (sky130_fd_sc_hd__clkbuf_8)
                                                         clknet_4_4_0_clk (net)
                      0.109343    0.000636    0.512906 ^ _3123_/CLK (sky130_fd_sc_hd__dfrtp_1)
                                  0.500000    1.012906   clock uncertainty
                                  0.000000    1.012906   clock reconvergence pessimism
                                 -0.025145    0.987761   library hold time
                                              0.987761   data required time
---------------------------------------------------------------------------------------------
                                              0.987761   data required time
                                             -1.547634   data arrival time
---------------------------------------------------------------------------------------------
                                              0.559873   slack (MET)


Startpoint: _3125_ (rising edge-triggered flip-flop clocked by clk)
Endpoint: _3125_ (rising edge-triggered flip-flop clocked by clk)
Path Group: clk
Path Type: min

Fanout         Cap        Slew       Delay        Time   Description
---------------------------------------------------------------------------------------------
                                  0.000000    0.000000   clock clk (rise edge)
                                  0.000000    0.000000   clock source latency
     1    0.024940    0.117813    0.081389    0.081389 ^ clk (in)
                                                         clk (net)
                      0.117831    0.000000    0.081389 ^ clkbuf_0_clk/A (sky130_fd_sc_hd__clkbuf_16)
    16    0.113144    0.126631    0.222117    0.303506 ^ clkbuf_0_clk/X (sky130_fd_sc_hd__clkbuf_16)
                                                         clknet_0_clk (net)
                      0.126656    0.001769    0.305275 ^ clkbuf_4_1_0_clk/A (sky130_fd_sc_hd__clkbuf_8)
    16    0.066697    0.124509    0.218819    0.524094 ^ clkbuf_4_1_0_clk/X (sky130_fd_sc_hd__clkbuf_8)
                                                         clknet_4_1_0_clk (net)
                      0.124524    0.001437    0.525531 ^ _3125_/CLK (sky130_fd_sc_hd__dfrtp_1)
     1    0.002193    0.040292    0.338457    0.863987 ^ _3125_/Q (sky130_fd_sc_hd__dfrtp_1)
                                                         shift_in[14] (net)
                      0.040292    0.000020    0.864007 ^ hold91/A (sky130_fd_sc_hd__dlygate4sd3_1)
     3    0.007275    0.094882    0.568795    1.432802 ^ hold91/X (sky130_fd_sc_hd__dlygate4sd3_1)
                                                         net96 (net)
                      0.094882    0.000023    1.432825 ^ _2106_/A1 (sky130_fd_sc_hd__mux2_1)
     1    0.002370    0.038222    0.130740    1.563564 ^ _2106_/X (sky130_fd_sc_hd__mux2_1)
                                                         _0221_ (net)
                      0.038222    0.000020    1.563585 ^ _3125_/D (sky130_fd_sc_hd__dfrtp_1)
                                              1.563585   data arrival time

                                  0.000000    0.000000   clock clk (rise edge)
                                  0.000000    0.000000   clock source latency
     1    0.024940    0.117813    0.081389    0.081389 ^ clk (in)
                                                         clk (net)
                      0.117831    0.000000    0.081389 ^ clkbuf_0_clk/A (sky130_fd_sc_hd__clkbuf_16)
    16    0.113144    0.126631    0.222117    0.303506 ^ clkbuf_0_clk/X (sky130_fd_sc_hd__clkbuf_16)
                                                         clknet_0_clk (net)
                      0.126656    0.001769    0.305275 ^ clkbuf_4_1_0_clk/A (sky130_fd_sc_hd__clkbuf_8)
    16    0.066697    0.124509    0.218819    0.524094 ^ clkbuf_4_1_0_clk/X (sky130_fd_sc_hd__clkbuf_8)
                                                         clknet_4_1_0_clk (net)
                      0.124524    0.001437    0.525531 ^ _3125_/CLK (sky130_fd_sc_hd__dfrtp_1)
                                  0.500000    1.025531   clock uncertainty
                                  0.000000    1.025531   clock reconvergence pessimism
                                 -0.022491    1.003040   library hold time
                                              1.003040   data required time
---------------------------------------------------------------------------------------------
                                              1.003040   data required time
                                             -1.563585   data arrival time
---------------------------------------------------------------------------------------------
                                              0.560545   slack (MET)


Startpoint: _3019_ (rising edge-triggered flip-flop clocked by clk)
Endpoint: _3019_ (rising edge-triggered flip-flop clocked by clk)
Path Group: clk
Path Type: min

Fanout         Cap        Slew       Delay        Time   Description
---------------------------------------------------------------------------------------------
                                  0.000000    0.000000   clock clk (rise edge)
                                  0.000000    0.000000   clock source latency
     1    0.024940    0.117813    0.081389    0.081389 ^ clk (in)
                                                         clk (net)
                      0.117831    0.000000    0.081389 ^ clkbuf_0_clk/A (sky130_fd_sc_hd__clkbuf_16)
    16    0.113144    0.126631    0.222117    0.303506 ^ clkbuf_0_clk/X (sky130_fd_sc_hd__clkbuf_16)
                                                         clknet_0_clk (net)
                      0.126637    0.001062    0.304568 ^ clkbuf_4_8_0_clk/A (sky130_fd_sc_hd__clkbuf_8)
     9    0.051356    0.100012    0.200415    0.504983 ^ clkbuf_4_8_0_clk/X (sky130_fd_sc_hd__clkbuf_8)
                                                         clknet_4_8_0_clk (net)
                      0.100017    0.000806    0.505790 ^ _3019_/CLK (sky130_fd_sc_hd__dfrtp_1)
     1    0.002219    0.042188    0.329670    0.835459 ^ _3019_/Q (sky130_fd_sc_hd__dfrtp_1)
                                                         my_sum_sub.result[2] (net)
                      0.042188    0.000012    0.835471 ^ hold28/A (sky130_fd_sc_hd__dlygate4sd3_1)
     2    0.008018    0.098631    0.575084    1.410555 ^ hold28/X (sky130_fd_sc_hd__dlygate4sd3_1)
                                                         net33 (net)
                      0.098631    0.000072    1.410627 ^ _2684_/B1 (sky130_fd_sc_hd__a32o_1)
     1    0.002819    0.049154    0.127637    1.538264 ^ _2684_/X (sky130_fd_sc_hd__a32o_1)
                                                         _0278_ (net)
                      0.049154    0.000031    1.538295 ^ _3019_/D (sky130_fd_sc_hd__dfrtp_1)
                                              1.538295   data arrival time

                                  0.000000    0.000000   clock clk (rise edge)
                                  0.000000    0.000000   clock source latency
     1    0.024940    0.117813    0.081389    0.081389 ^ clk (in)
                                                         clk (net)
                      0.117831    0.000000    0.081389 ^ clkbuf_0_clk/A (sky130_fd_sc_hd__clkbuf_16)
    16    0.113144    0.126631    0.222117    0.303506 ^ clkbuf_0_clk/X (sky130_fd_sc_hd__clkbuf_16)
                                                         clknet_0_clk (net)
                      0.126637    0.001062    0.304568 ^ clkbuf_4_8_0_clk/A (sky130_fd_sc_hd__clkbuf_8)
     9    0.051356    0.100012    0.200415    0.504983 ^ clkbuf_4_8_0_clk/X (sky130_fd_sc_hd__clkbuf_8)
                                                         clknet_4_8_0_clk (net)
                      0.100017    0.000806    0.505790 ^ _3019_/CLK (sky130_fd_sc_hd__dfrtp_1)
                                  0.500000    1.005790   clock uncertainty
                                  0.000000    1.005790   clock reconvergence pessimism
                                 -0.028111    0.977678   library hold time
                                              0.977678   data required time
---------------------------------------------------------------------------------------------
                                              0.977678   data required time
                                             -1.538295   data arrival time
---------------------------------------------------------------------------------------------
                                              0.560617   slack (MET)


Startpoint: _3122_ (rising edge-triggered flip-flop clocked by clk)
Endpoint: _3121_ (rising edge-triggered flip-flop clocked by clk)
Path Group: clk
Path Type: min

Fanout         Cap        Slew       Delay        Time   Description
---------------------------------------------------------------------------------------------
                                  0.000000    0.000000   clock clk (rise edge)
                                  0.000000    0.000000   clock source latency
     1    0.024940    0.117813    0.081389    0.081389 ^ clk (in)
                                                         clk (net)
                      0.117831    0.000000    0.081389 ^ clkbuf_0_clk/A (sky130_fd_sc_hd__clkbuf_16)
    16    0.113144    0.126631    0.222117    0.303506 ^ clkbuf_0_clk/X (sky130_fd_sc_hd__clkbuf_16)
                                                         clknet_0_clk (net)
                      0.126638    0.001133    0.304640 ^ clkbuf_4_4_0_clk/A (sky130_fd_sc_hd__clkbuf_8)
    11    0.057239    0.109341    0.207630    0.512270 ^ clkbuf_4_4_0_clk/X (sky130_fd_sc_hd__clkbuf_8)
                                                         clknet_4_4_0_clk (net)
                      0.109342    0.000614    0.512884 ^ _3122_/CLK (sky130_fd_sc_hd__dfrtp_1)
     1    0.002352    0.041803    0.334240    0.847124 ^ _3122_/Q (sky130_fd_sc_hd__dfrtp_1)
                                                         shift_in[11] (net)
                      0.041803    0.000024    0.847148 ^ hold86/A (sky130_fd_sc_hd__dlygate4sd3_1)
     3    0.007873    0.097476    0.573864    1.421012 ^ hold86/X (sky130_fd_sc_hd__dlygate4sd3_1)
                                                         net91 (net)
                      0.097476    0.000045    1.421058 ^ _2110_/A0 (sky130_fd_sc_hd__mux2_1)
     1    0.002460    0.038876    0.129757    1.550814 ^ _2110_/X (sky130_fd_sc_hd__mux2_1)
                                                         _0217_ (net)
                      0.038876    0.000022    1.550836 ^ _3121_/D (sky130_fd_sc_hd__dfrtp_1)
                                              1.550836   data arrival time

                                  0.000000    0.000000   clock clk (rise edge)
                                  0.000000    0.000000   clock source latency
     1    0.024940    0.117813    0.081389    0.081389 ^ clk (in)
                                                         clk (net)
                      0.117831    0.000000    0.081389 ^ clkbuf_0_clk/A (sky130_fd_sc_hd__clkbuf_16)
    16    0.113144    0.126631    0.222117    0.303506 ^ clkbuf_0_clk/X (sky130_fd_sc_hd__clkbuf_16)
                                                         clknet_0_clk (net)
                      0.126638    0.001133    0.304640 ^ clkbuf_4_4_0_clk/A (sky130_fd_sc_hd__clkbuf_8)
    11    0.057239    0.109341    0.207630    0.512270 ^ clkbuf_4_4_0_clk/X (sky130_fd_sc_hd__clkbuf_8)
                                                         clknet_4_4_0_clk (net)
                      0.109343    0.000640    0.512910 ^ _3121_/CLK (sky130_fd_sc_hd__dfrtp_1)
                                  0.500000    1.012910   clock uncertainty
                                  0.000000    1.012910   clock reconvergence pessimism
                                 -0.024699    0.988211   library hold time
                                              0.988211   data required time
---------------------------------------------------------------------------------------------
                                              0.988211   data required time
                                             -1.550836   data arrival time
---------------------------------------------------------------------------------------------
                                              0.562625   slack (MET)


Startpoint: _3154_ (rising edge-triggered flip-flop clocked by clk)
Endpoint: _3081_ (rising edge-triggered flip-flop clocked by clk)
Path Group: clk
Path Type: min

Fanout         Cap        Slew       Delay        Time   Description
---------------------------------------------------------------------------------------------
                                  0.000000    0.000000   clock clk (rise edge)
                                  0.000000    0.000000   clock source latency
     1    0.024940    0.117813    0.081389    0.081389 ^ clk (in)
                                                         clk (net)
                      0.117831    0.000000    0.081389 ^ clkbuf_0_clk/A (sky130_fd_sc_hd__clkbuf_16)
    16    0.113144    0.126631    0.222117    0.303506 ^ clkbuf_0_clk/X (sky130_fd_sc_hd__clkbuf_16)
                                                         clknet_0_clk (net)
                      0.126655    0.001727    0.305233 ^ clkbuf_4_0_0_clk/A (sky130_fd_sc_hd__clkbuf_8)
    24    0.072074    0.132827    0.224642    0.529875 ^ clkbuf_4_0_0_clk/X (sky130_fd_sc_hd__clkbuf_8)
                                                         clknet_4_0_0_clk (net)
                      0.132861    0.002075    0.531950 ^ _3154_/CLK (sky130_fd_sc_hd__dfrtp_1)
     4    0.014335    0.089467    0.441005    0.972955 v _3154_/Q (sky130_fd_sc_hd__dfrtp_1)
                                                         state[2] (net)
                      0.089467    0.000331    0.973285 v _2141_/A (sky130_fd_sc_hd__nor2_1)
     1    0.003458    0.087247    0.120990    1.094275 ^ _2141_/Y (sky130_fd_sc_hd__nor2_1)
                                                         _0502_ (net)
                      0.087247    0.000041    1.094316 ^ _2142_/B1 (sky130_fd_sc_hd__a2111o_2)
     1    0.018209    0.092241    0.162244    1.256560 ^ _2142_/X (sky130_fd_sc_hd__a2111o_2)
                                                         _0503_ (net)
                      0.092241    0.000156    1.256716 ^ _2143_/B (sky130_fd_sc_hd__nor2_8)
    17    0.082814    0.065984    0.081568    1.338283 v _2143_/Y (sky130_fd_sc_hd__nor2_8)
                                                         _0504_ (net)
                      0.066315    0.003738    1.342021 v _2159_/S (sky130_fd_sc_hd__mux2_1)
     1    0.003700    0.048178    0.205198    1.547220 ^ _2159_/X (sky130_fd_sc_hd__mux2_1)
                                                         _0340_ (net)
                      0.048178    0.000054    1.547273 ^ _3081_/D (sky130_fd_sc_hd__dfrtp_4)
                                              1.547273   data arrival time

                                  0.000000    0.000000   clock clk (rise edge)
                                  0.000000    0.000000   clock source latency
     1    0.024940    0.117813    0.081389    0.081389 ^ clk (in)
                                                         clk (net)
                      0.117831    0.000000    0.081389 ^ clkbuf_0_clk/A (sky130_fd_sc_hd__clkbuf_16)
    16    0.113144    0.126631    0.222117    0.303506 ^ clkbuf_0_clk/X (sky130_fd_sc_hd__clkbuf_16)
                                                         clknet_0_clk (net)
                      0.126634    0.000903    0.304410 ^ clkbuf_4_6_0_clk/A (sky130_fd_sc_hd__clkbuf_8)
    12    0.055843    0.107139    0.205869    0.510279 ^ clkbuf_4_6_0_clk/X (sky130_fd_sc_hd__clkbuf_8)
                                                         clknet_4_6_0_clk (net)
                      0.107145    0.000941    0.511219 ^ _3081_/CLK (sky130_fd_sc_hd__dfrtp_4)
                                  0.500000    1.011219   clock uncertainty
                                  0.000000    1.011219   clock reconvergence pessimism
                                 -0.026934    0.984286   library hold time
                                              0.984286   data required time
---------------------------------------------------------------------------------------------
                                              0.984286   data required time
                                             -1.547273   data arrival time
---------------------------------------------------------------------------------------------
                                              0.562987   slack (MET)


Startpoint: _3122_ (rising edge-triggered flip-flop clocked by clk)
Endpoint: _3106_ (rising edge-triggered flip-flop clocked by clk)
Path Group: clk
Path Type: min

Fanout         Cap        Slew       Delay        Time   Description
---------------------------------------------------------------------------------------------
                                  0.000000    0.000000   clock clk (rise edge)
                                  0.000000    0.000000   clock source latency
     1    0.024940    0.117813    0.081389    0.081389 ^ clk (in)
                                                         clk (net)
                      0.117831    0.000000    0.081389 ^ clkbuf_0_clk/A (sky130_fd_sc_hd__clkbuf_16)
    16    0.113144    0.126631    0.222117    0.303506 ^ clkbuf_0_clk/X (sky130_fd_sc_hd__clkbuf_16)
                                                         clknet_0_clk (net)
                      0.126638    0.001133    0.304640 ^ clkbuf_4_4_0_clk/A (sky130_fd_sc_hd__clkbuf_8)
    11    0.057239    0.109341    0.207630    0.512270 ^ clkbuf_4_4_0_clk/X (sky130_fd_sc_hd__clkbuf_8)
                                                         clknet_4_4_0_clk (net)
                      0.109342    0.000614    0.512884 ^ _3122_/CLK (sky130_fd_sc_hd__dfrtp_1)
     1    0.002352    0.041803    0.334240    0.847124 ^ _3122_/Q (sky130_fd_sc_hd__dfrtp_1)
                                                         shift_in[11] (net)
                      0.041803    0.000024    0.847148 ^ hold86/A (sky130_fd_sc_hd__dlygate4sd3_1)
     3    0.007873    0.097476    0.573864    1.421012 ^ hold86/X (sky130_fd_sc_hd__dlygate4sd3_1)
                                                         net91 (net)
                      0.097476    0.000054    1.421066 ^ _2128_/A0 (sky130_fd_sc_hd__mux2_1)
     1    0.002696    0.040533    0.131641    1.552708 ^ _2128_/X (sky130_fd_sc_hd__mux2_1)
                                                         _0202_ (net)
                      0.040533    0.000028    1.552736 ^ _3106_/D (sky130_fd_sc_hd__dfrtp_4)
                                              1.552736   data arrival time

                                  0.000000    0.000000   clock clk (rise edge)
                                  0.000000    0.000000   clock source latency
     1    0.024940    0.117813    0.081389    0.081389 ^ clk (in)
                                                         clk (net)
                      0.117831    0.000000    0.081389 ^ clkbuf_0_clk/A (sky130_fd_sc_hd__clkbuf_16)
    16    0.113144    0.126631    0.222117    0.303506 ^ clkbuf_0_clk/X (sky130_fd_sc_hd__clkbuf_16)
                                                         clknet_0_clk (net)
                      0.126638    0.001133    0.304640 ^ clkbuf_4_4_0_clk/A (sky130_fd_sc_hd__clkbuf_8)
    11    0.057239    0.109341    0.207630    0.512270 ^ clkbuf_4_4_0_clk/X (sky130_fd_sc_hd__clkbuf_8)
                                                         clknet_4_4_0_clk (net)
                      0.109342    0.000608    0.512878 ^ _3106_/CLK (sky130_fd_sc_hd__dfrtp_4)
                                  0.500000    1.012878   clock uncertainty
                                  0.000000    1.012878   clock reconvergence pessimism
                                 -0.025043    0.987835   library hold time
                                              0.987835   data required time
---------------------------------------------------------------------------------------------
                                              0.987835   data required time
                                             -1.552736   data arrival time
---------------------------------------------------------------------------------------------
                                              0.564901   slack (MET)


Startpoint: _3093_ (rising edge-triggered flip-flop clocked by clk)
Endpoint: _3059_ (rising edge-triggered flip-flop clocked by clk)
Path Group: clk
Path Type: min

Fanout         Cap        Slew       Delay        Time   Description
---------------------------------------------------------------------------------------------
                                  0.000000    0.000000   clock clk (rise edge)
                                  0.000000    0.000000   clock source latency
     1    0.024940    0.117813    0.081389    0.081389 ^ clk (in)
                                                         clk (net)
                      0.117831    0.000000    0.081389 ^ clkbuf_0_clk/A (sky130_fd_sc_hd__clkbuf_16)
    16    0.113144    0.126631    0.222117    0.303506 ^ clkbuf_0_clk/X (sky130_fd_sc_hd__clkbuf_16)
                                                         clknet_0_clk (net)
                      0.126645    0.001407    0.304913 ^ clkbuf_4_3_0_clk/A (sky130_fd_sc_hd__clkbuf_8)
    11    0.057380    0.109561    0.207812    0.512725 ^ clkbuf_4_3_0_clk/X (sky130_fd_sc_hd__clkbuf_8)
                                                         clknet_4_3_0_clk (net)
                      0.109561    0.000390    0.513115 ^ _3093_/CLK (sky130_fd_sc_hd__dfrtp_4)
     7    0.030369    0.114901    0.481774    0.994889 ^ _3093_/Q (sky130_fd_sc_hd__dfrtp_4)
                                                         acc_reg[14] (net)
                      0.114903    0.000684    0.995574 ^ _2278_/A2 (sky130_fd_sc_hd__a21oi_4)
    20    0.090994    0.119778    0.186020    1.181593 v _2278_/Y (sky130_fd_sc_hd__a21oi_4)
                                                         _0604_ (net)
                      0.120388    0.006872    1.188466 v _2279_/A (sky130_fd_sc_hd__inv_2)
     4    0.014316    0.075704    0.111065    1.299531 ^ _2279_/Y (sky130_fd_sc_hd__inv_2)
                                                         _0605_ (net)
                      0.075704    0.000090    1.299621 ^ _2281_/B (sky130_fd_sc_hd__nor2_2)
     9    0.034311    0.082693    0.093599    1.393220 v _2281_/Y (sky130_fd_sc_hd__nor2_2)
                                                         _0607_ (net)
                      0.082709    0.000971    1.394191 v _2282_/B1 (sky130_fd_sc_hd__a21o_1)
     1    0.003067    0.032501    0.163595    1.557786 v _2282_/X (sky130_fd_sc_hd__a21o_1)
                                                         _0318_ (net)
                      0.032501    0.000035    1.557821 v _3059_/D (sky130_fd_sc_hd__dfrtp_4)
                                              1.557821   data arrival time

                                  0.000000    0.000000   clock clk (rise edge)
                                  0.000000    0.000000   clock source latency
     1    0.024940    0.117813    0.081389    0.081389 ^ clk (in)
                                                         clk (net)
                      0.117831    0.000000    0.081389 ^ clkbuf_0_clk/A (sky130_fd_sc_hd__clkbuf_16)
    16    0.113144    0.126631    0.222117    0.303506 ^ clkbuf_0_clk/X (sky130_fd_sc_hd__clkbuf_16)
                                                         clknet_0_clk (net)
                      0.126657    0.001782    0.305288 ^ clkbuf_4_12_0_clk/A (sky130_fd_sc_hd__clkbuf_8)
     8    0.057091    0.109116    0.207421    0.512709 ^ clkbuf_4_12_0_clk/X (sky130_fd_sc_hd__clkbuf_8)
                                                         clknet_4_12_0_clk (net)
                      0.109116    0.000468    0.513177 ^ _3059_/CLK (sky130_fd_sc_hd__dfrtp_4)
                                  0.500000    1.013177   clock uncertainty
                                  0.000000    1.013177   clock reconvergence pessimism
                                 -0.022359    0.990818   library hold time
                                              0.990818   data required time
---------------------------------------------------------------------------------------------
                                              0.990818   data required time
                                             -1.557821   data arrival time
---------------------------------------------------------------------------------------------
                                              0.567003   slack (MET)


Startpoint: _3017_ (rising edge-triggered flip-flop clocked by clk)
Endpoint: _3017_ (rising edge-triggered flip-flop clocked by clk)
Path Group: clk
Path Type: min

Fanout         Cap        Slew       Delay        Time   Description
---------------------------------------------------------------------------------------------
                                  0.000000    0.000000   clock clk (rise edge)
                                  0.000000    0.000000   clock source latency
     1    0.024940    0.117813    0.081389    0.081389 ^ clk (in)
                                                         clk (net)
                      0.117831    0.000000    0.081389 ^ clkbuf_0_clk/A (sky130_fd_sc_hd__clkbuf_16)
    16    0.113144    0.126631    0.222117    0.303506 ^ clkbuf_0_clk/X (sky130_fd_sc_hd__clkbuf_16)
                                                         clknet_0_clk (net)
                      0.126637    0.001062    0.304568 ^ clkbuf_4_8_0_clk/A (sky130_fd_sc_hd__clkbuf_8)
     9    0.051356    0.100012    0.200415    0.504983 ^ clkbuf_4_8_0_clk/X (sky130_fd_sc_hd__clkbuf_8)
                                                         clknet_4_8_0_clk (net)
                      0.100012    0.000378    0.505361 ^ _3017_/CLK (sky130_fd_sc_hd__dfrtp_1)
     1    0.002122    0.041418    0.328860    0.834222 ^ _3017_/Q (sky130_fd_sc_hd__dfrtp_1)
                                                         my_sum_sub.result[0] (net)
                      0.041418    0.000011    0.834233 ^ hold29/A (sky130_fd_sc_hd__dlygate4sd3_1)
     2    0.009173    0.108251    0.583385    1.417618 ^ hold29/X (sky130_fd_sc_hd__dlygate4sd3_1)
                                                         net34 (net)
                      0.108251    0.000105    1.417723 ^ _2688_/B1 (sky130_fd_sc_hd__a32o_1)
     1    0.002466    0.046241    0.127474    1.545197 ^ _2688_/X (sky130_fd_sc_hd__a32o_1)
                                                         _0276_ (net)
                      0.046241    0.000022    1.545220 ^ _3017_/D (sky130_fd_sc_hd__dfrtp_1)
                                              1.545220   data arrival time

                                  0.000000    0.000000   clock clk (rise edge)
                                  0.000000    0.000000   clock source latency
     1    0.024940    0.117813    0.081389    0.081389 ^ clk (in)
                                                         clk (net)
                      0.117831    0.000000    0.081389 ^ clkbuf_0_clk/A (sky130_fd_sc_hd__clkbuf_16)
    16    0.113144    0.126631    0.222117    0.303506 ^ clkbuf_0_clk/X (sky130_fd_sc_hd__clkbuf_16)
                                                         clknet_0_clk (net)
                      0.126637    0.001062    0.304568 ^ clkbuf_4_8_0_clk/A (sky130_fd_sc_hd__clkbuf_8)
     9    0.051356    0.100012    0.200415    0.504983 ^ clkbuf_4_8_0_clk/X (sky130_fd_sc_hd__clkbuf_8)
                                                         clknet_4_8_0_clk (net)
                      0.100012    0.000378    0.505361 ^ _3017_/CLK (sky130_fd_sc_hd__dfrtp_1)
                                  0.500000    1.005361   clock uncertainty
                                  0.000000    1.005361   clock reconvergence pessimism
                                 -0.027506    0.977856   library hold time
                                              0.977856   data required time
---------------------------------------------------------------------------------------------
                                              0.977856   data required time
                                             -1.545220   data arrival time
---------------------------------------------------------------------------------------------
                                              0.567364   slack (MET)


Startpoint: _3111_ (rising edge-triggered flip-flop clocked by clk)
Endpoint: _3095_ (rising edge-triggered flip-flop clocked by clk)
Path Group: clk
Path Type: min

Fanout         Cap        Slew       Delay        Time   Description
---------------------------------------------------------------------------------------------
                                  0.000000    0.000000   clock clk (rise edge)
                                  0.000000    0.000000   clock source latency
     1    0.024940    0.117813    0.081389    0.081389 ^ clk (in)
                                                         clk (net)
                      0.117831    0.000000    0.081389 ^ clkbuf_0_clk/A (sky130_fd_sc_hd__clkbuf_16)
    16    0.113144    0.126631    0.222117    0.303506 ^ clkbuf_0_clk/X (sky130_fd_sc_hd__clkbuf_16)
                                                         clknet_0_clk (net)
                      0.126638    0.001116    0.304622 ^ clkbuf_4_7_0_clk/A (sky130_fd_sc_hd__clkbuf_8)
    17    0.065580    0.122744    0.217395    0.522017 ^ clkbuf_4_7_0_clk/X (sky130_fd_sc_hd__clkbuf_8)
                                                         clknet_4_7_0_clk (net)
                      0.122760    0.001484    0.523501 ^ _3111_/CLK (sky130_fd_sc_hd__dfrtp_1)
     1    0.002156    0.040058    0.337613    0.861113 ^ _3111_/Q (sky130_fd_sc_hd__dfrtp_1)
                                                         shift_in[0] (net)
                      0.040058    0.000019    0.861133 ^ hold116/A (sky130_fd_sc_hd__dlygate4sd3_1)
     3    0.007388    0.093068    0.569563    1.430695 ^ hold116/X (sky130_fd_sc_hd__dlygate4sd3_1)
                                                         net121 (net)
                      0.093068    0.000061    1.430756 ^ _2139_/A0 (sky130_fd_sc_hd__mux2_1)
     1    0.002895    0.042045    0.131717    1.562472 ^ _2139_/X (sky130_fd_sc_hd__mux2_1)
                                                         _0354_ (net)
                      0.042045    0.000030    1.562502 ^ _3095_/D (sky130_fd_sc_hd__dfrtp_4)
                                              1.562502   data arrival time

                                  0.000000    0.000000   clock clk (rise edge)
                                  0.000000    0.000000   clock source latency
     1    0.024940    0.117813    0.081389    0.081389 ^ clk (in)
                                                         clk (net)
                      0.117831    0.000000    0.081389 ^ clkbuf_0_clk/A (sky130_fd_sc_hd__clkbuf_16)
    16    0.113144    0.126631    0.222117    0.303506 ^ clkbuf_0_clk/X (sky130_fd_sc_hd__clkbuf_16)
                                                         clknet_0_clk (net)
                      0.126637    0.001064    0.304570 ^ clkbuf_4_5_0_clk/A (sky130_fd_sc_hd__clkbuf_8)
    10    0.060713    0.114917    0.211687    0.516257 ^ clkbuf_4_5_0_clk/X (sky130_fd_sc_hd__clkbuf_8)
                                                         clknet_4_5_0_clk (net)
                      0.114925    0.001104    0.517362 ^ _3095_/CLK (sky130_fd_sc_hd__dfrtp_4)
                                  0.500000    1.017362   clock uncertainty
                                  0.000000    1.017362   clock reconvergence pessimism
                                 -0.024595    0.992766   library hold time
                                              0.992766   data required time
---------------------------------------------------------------------------------------------
                                              0.992766   data required time
                                             -1.562502   data arrival time
---------------------------------------------------------------------------------------------
                                              0.569736   slack (MET)


Startpoint: _3121_ (rising edge-triggered flip-flop clocked by clk)
Endpoint: _3105_ (rising edge-triggered flip-flop clocked by clk)
Path Group: clk
Path Type: min

Fanout         Cap        Slew       Delay        Time   Description
---------------------------------------------------------------------------------------------
                                  0.000000    0.000000   clock clk (rise edge)
                                  0.000000    0.000000   clock source latency
     1    0.024940    0.117813    0.081389    0.081389 ^ clk (in)
                                                         clk (net)
                      0.117831    0.000000    0.081389 ^ clkbuf_0_clk/A (sky130_fd_sc_hd__clkbuf_16)
    16    0.113144    0.126631    0.222117    0.303506 ^ clkbuf_0_clk/X (sky130_fd_sc_hd__clkbuf_16)
                                                         clknet_0_clk (net)
                      0.126638    0.001133    0.304640 ^ clkbuf_4_4_0_clk/A (sky130_fd_sc_hd__clkbuf_8)
    11    0.057239    0.109341    0.207630    0.512270 ^ clkbuf_4_4_0_clk/X (sky130_fd_sc_hd__clkbuf_8)
                                                         clknet_4_4_0_clk (net)
                      0.109343    0.000640    0.512910 ^ _3121_/CLK (sky130_fd_sc_hd__dfrtp_1)
     1    0.002309    0.041503    0.333889    0.846799 ^ _3121_/Q (sky130_fd_sc_hd__dfrtp_1)
                                                         shift_in[10] (net)
                      0.041503    0.000023    0.846822 ^ hold78/A (sky130_fd_sc_hd__dlygate4sd3_1)
     3    0.008546    0.102810    0.578939    1.425760 ^ hold78/X (sky130_fd_sc_hd__dlygate4sd3_1)
                                                         net83 (net)
                      0.102810    0.000081    1.425841 ^ _2129_/A0 (sky130_fd_sc_hd__mux2_1)
     1    0.002537    0.039327    0.132204    1.558045 ^ _2129_/X (sky130_fd_sc_hd__mux2_1)
                                                         _0201_ (net)
                      0.039327    0.000025    1.558071 ^ _3105_/D (sky130_fd_sc_hd__dfrtp_2)
                                              1.558071   data arrival time

                                  0.000000    0.000000   clock clk (rise edge)
                                  0.000000    0.000000   clock source latency
     1    0.024940    0.117813    0.081389    0.081389 ^ clk (in)
                                                         clk (net)
                      0.117831    0.000000    0.081389 ^ clkbuf_0_clk/A (sky130_fd_sc_hd__clkbuf_16)
    16    0.113144    0.126631    0.222117    0.303506 ^ clkbuf_0_clk/X (sky130_fd_sc_hd__clkbuf_16)
                                                         clknet_0_clk (net)
                      0.126638    0.001133    0.304640 ^ clkbuf_4_4_0_clk/A (sky130_fd_sc_hd__clkbuf_8)
    11    0.057239    0.109341    0.207630    0.512270 ^ clkbuf_4_4_0_clk/X (sky130_fd_sc_hd__clkbuf_8)
                                                         clknet_4_4_0_clk (net)
                      0.109341    0.000475    0.512745 ^ _3105_/CLK (sky130_fd_sc_hd__dfrtp_2)
                                  0.500000    1.012745   clock uncertainty
                                  0.000000    1.012745   clock reconvergence pessimism
                                 -0.024720    0.988025   library hold time
                                              0.988025   data required time
---------------------------------------------------------------------------------------------
                                              0.988025   data required time
                                             -1.558071   data arrival time
---------------------------------------------------------------------------------------------
                                              0.570045   slack (MET)


Startpoint: _3076_ (rising edge-triggered flip-flop clocked by clk)
Endpoint: _3020_ (rising edge-triggered flip-flop clocked by clk)
Path Group: clk
Path Type: min

Fanout         Cap        Slew       Delay        Time   Description
---------------------------------------------------------------------------------------------
                                  0.000000    0.000000   clock clk (rise edge)
                                  0.000000    0.000000   clock source latency
     1    0.024940    0.117813    0.081389    0.081389 ^ clk (in)
                                                         clk (net)
                      0.117831    0.000000    0.081389 ^ clkbuf_0_clk/A (sky130_fd_sc_hd__clkbuf_16)
    16    0.113144    0.126631    0.222117    0.303506 ^ clkbuf_0_clk/X (sky130_fd_sc_hd__clkbuf_16)
                                                         clknet_0_clk (net)
                      0.126640    0.001228    0.304734 ^ clkbuf_4_11_0_clk/A (sky130_fd_sc_hd__clkbuf_8)
    13    0.056438    0.108025    0.206778    0.511512 ^ clkbuf_4_11_0_clk/X (sky130_fd_sc_hd__clkbuf_8)
                                                         clknet_4_11_0_clk (net)
                      0.108025    0.000319    0.511831 ^ _3076_/CLK (sky130_fd_sc_hd__dfrtp_2)
     6    0.022294    0.084548    0.463876    0.975707 v _3076_/Q (sky130_fd_sc_hd__dfrtp_2)
                                                         my_sum_sub.cm_exp[6] (net)
                      0.084548    0.000335    0.976042 v _2637_/B2 (sky130_fd_sc_hd__o32a_1)
     2    0.005959    0.058301    0.184316    1.160358 v _2637_/X (sky130_fd_sc_hd__o32a_1)
                                                         _0936_ (net)
                      0.058301    0.000045    1.160403 v _2670_/B (sky130_fd_sc_hd__nand2_1)
     1    0.004285    0.052308    0.076336    1.236739 ^ _2670_/Y (sky130_fd_sc_hd__nand2_1)
                                                         _0960_ (net)
                      0.052308    0.000061    1.236800 ^ _2671_/C (sky130_fd_sc_hd__or4_4)
     7    0.024156    0.080762    0.154946    1.391746 ^ _2671_/X (sky130_fd_sc_hd__or4_4)
                                                         _0961_ (net)
                      0.080763    0.000402    1.392148 ^ _2681_/A2 (sky130_fd_sc_hd__a32o_1)
     1    0.002363    0.045396    0.156180    1.548329 ^ _2681_/X (sky130_fd_sc_hd__a32o_1)
                                                         _0279_ (net)
                      0.045396    0.000020    1.548349 ^ _3020_/D (sky130_fd_sc_hd__dfrtp_1)
                                              1.548349   data arrival time

                                  0.000000    0.000000   clock clk (rise edge)
                                  0.000000    0.000000   clock source latency
     1    0.024940    0.117813    0.081389    0.081389 ^ clk (in)
                                                         clk (net)
                      0.117831    0.000000    0.081389 ^ clkbuf_0_clk/A (sky130_fd_sc_hd__clkbuf_16)
    16    0.113144    0.126631    0.222117    0.303506 ^ clkbuf_0_clk/X (sky130_fd_sc_hd__clkbuf_16)
                                                         clknet_0_clk (net)
                      0.126637    0.001062    0.304568 ^ clkbuf_4_8_0_clk/A (sky130_fd_sc_hd__clkbuf_8)
     9    0.051356    0.100012    0.200415    0.504983 ^ clkbuf_4_8_0_clk/X (sky130_fd_sc_hd__clkbuf_8)
                                                         clknet_4_8_0_clk (net)
                      0.100014    0.000554    0.505537 ^ _3020_/CLK (sky130_fd_sc_hd__dfrtp_1)
                                  0.500000    1.005537   clock uncertainty
                                  0.000000    1.005537   clock reconvergence pessimism
                                 -0.027329    0.978208   library hold time
                                              0.978208   data required time
---------------------------------------------------------------------------------------------
                                              0.978208   data required time
                                             -1.548349   data arrival time
---------------------------------------------------------------------------------------------
                                              0.570141   slack (MET)


Startpoint: _3155_ (rising edge-triggered flip-flop clocked by clk)
Endpoint: _3143_ (rising edge-triggered flip-flop clocked by clk)
Path Group: clk
Path Type: min

Fanout         Cap        Slew       Delay        Time   Description
---------------------------------------------------------------------------------------------
                                  0.000000    0.000000   clock clk (rise edge)
                                  0.000000    0.000000   clock source latency
     1    0.024940    0.117813    0.081389    0.081389 ^ clk (in)
                                                         clk (net)
                      0.117831    0.000000    0.081389 ^ clkbuf_0_clk/A (sky130_fd_sc_hd__clkbuf_16)
    16    0.113144    0.126631    0.222117    0.303506 ^ clkbuf_0_clk/X (sky130_fd_sc_hd__clkbuf_16)
                                                         clknet_0_clk (net)
                      0.126655    0.001727    0.305233 ^ clkbuf_4_0_0_clk/A (sky130_fd_sc_hd__clkbuf_8)
    24    0.072074    0.132827    0.224642    0.529875 ^ clkbuf_4_0_0_clk/X (sky130_fd_sc_hd__clkbuf_8)
                                                         clknet_4_0_0_clk (net)
                      0.132995    0.003258    0.533133 ^ _3155_/CLK (sky130_fd_sc_hd__dfrtp_1)
     4    0.012322    0.119238    0.409402    0.942535 ^ _3155_/Q (sky130_fd_sc_hd__dfrtp_1)
                                                         state[3] (net)
                      0.119238    0.000106    0.942640 ^ _1513_/A (sky130_fd_sc_hd__nor2_1)
     2    0.005909    0.048278    0.076024    1.018664 v _1513_/Y (sky130_fd_sc_hd__nor2_1)
                                                         _1063_ (net)
                      0.048278    0.000057    1.018721 v _1519_/A2 (sky130_fd_sc_hd__o31a_1)
     5    0.019919    0.104393    0.353442    1.372163 v _1519_/X (sky130_fd_sc_hd__o31a_1)
                                                         _1069_ (net)
                      0.104393    0.000330    1.372493 v _1520_/A (sky130_fd_sc_hd__inv_2)
     3    0.008417    0.053353    0.083080    1.455574 ^ _1520_/Y (sky130_fd_sc_hd__inv_2)
                                                         _1070_ (net)
                      0.053353    0.000053    1.455626 ^ _1538_/A1 (sky130_fd_sc_hd__mux2_1)
     1    0.003402    0.045881    0.124839    1.580465 ^ _1538_/X (sky130_fd_sc_hd__mux2_1)
                                                         _0239_ (net)
                      0.045881    0.000034    1.580499 ^ _3143_/D (sky130_fd_sc_hd__dfrtp_1)
                                              1.580499   data arrival time

                                  0.000000    0.000000   clock clk (rise edge)
                                  0.000000    0.000000   clock source latency
     1    0.024940    0.117813    0.081389    0.081389 ^ clk (in)
                                                         clk (net)
                      0.117831    0.000000    0.081389 ^ clkbuf_0_clk/A (sky130_fd_sc_hd__clkbuf_16)
    16    0.113144    0.126631    0.222117    0.303506 ^ clkbuf_0_clk/X (sky130_fd_sc_hd__clkbuf_16)
                                                         clknet_0_clk (net)
                      0.126655    0.001727    0.305233 ^ clkbuf_4_0_0_clk/A (sky130_fd_sc_hd__clkbuf_8)
    24    0.072074    0.132827    0.224642    0.529875 ^ clkbuf_4_0_0_clk/X (sky130_fd_sc_hd__clkbuf_8)
                                                         clknet_4_0_0_clk (net)
                      0.132917    0.003149    0.533024 ^ _3143_/CLK (sky130_fd_sc_hd__dfrtp_1)
                                  0.500000    1.033024   clock uncertainty
                                  0.000000    1.033024   clock reconvergence pessimism
                                 -0.022934    1.010090   library hold time
                                              1.010090   data required time
---------------------------------------------------------------------------------------------
                                              1.010090   data required time
                                             -1.580499   data arrival time
---------------------------------------------------------------------------------------------
                                              0.570409   slack (MET)


Startpoint: _3076_ (rising edge-triggered flip-flop clocked by clk)
Endpoint: _3018_ (rising edge-triggered flip-flop clocked by clk)
Path Group: clk
Path Type: min

Fanout         Cap        Slew       Delay        Time   Description
---------------------------------------------------------------------------------------------
                                  0.000000    0.000000   clock clk (rise edge)
                                  0.000000    0.000000   clock source latency
     1    0.024940    0.117813    0.081389    0.081389 ^ clk (in)
                                                         clk (net)
                      0.117831    0.000000    0.081389 ^ clkbuf_0_clk/A (sky130_fd_sc_hd__clkbuf_16)
    16    0.113144    0.126631    0.222117    0.303506 ^ clkbuf_0_clk/X (sky130_fd_sc_hd__clkbuf_16)
                                                         clknet_0_clk (net)
                      0.126640    0.001228    0.304734 ^ clkbuf_4_11_0_clk/A (sky130_fd_sc_hd__clkbuf_8)
    13    0.056438    0.108025    0.206778    0.511512 ^ clkbuf_4_11_0_clk/X (sky130_fd_sc_hd__clkbuf_8)
                                                         clknet_4_11_0_clk (net)
                      0.108025    0.000319    0.511831 ^ _3076_/CLK (sky130_fd_sc_hd__dfrtp_2)
     6    0.022294    0.084548    0.463876    0.975707 v _3076_/Q (sky130_fd_sc_hd__dfrtp_2)
                                                         my_sum_sub.cm_exp[6] (net)
                      0.084548    0.000335    0.976042 v _2637_/B2 (sky130_fd_sc_hd__o32a_1)
     2    0.005959    0.058301    0.184316    1.160358 v _2637_/X (sky130_fd_sc_hd__o32a_1)
                                                         _0936_ (net)
                      0.058301    0.000045    1.160403 v _2670_/B (sky130_fd_sc_hd__nand2_1)
     1    0.004285    0.052308    0.076336    1.236739 ^ _2670_/Y (sky130_fd_sc_hd__nand2_1)
                                                         _0960_ (net)
                      0.052308    0.000061    1.236800 ^ _2671_/C (sky130_fd_sc_hd__or4_4)
     7    0.024156    0.080762    0.154946    1.391746 ^ _2671_/X (sky130_fd_sc_hd__or4_4)
                                                         _0961_ (net)
                      0.080762    0.000210    1.391956 ^ _2686_/A2 (sky130_fd_sc_hd__a32o_1)
     1    0.002530    0.046764    0.157714    1.549670 ^ _2686_/X (sky130_fd_sc_hd__a32o_1)
                                                         _0277_ (net)
                      0.046764    0.000025    1.549695 ^ _3018_/D (sky130_fd_sc_hd__dfrtp_1)
                                              1.549695   data arrival time

                                  0.000000    0.000000   clock clk (rise edge)
                                  0.000000    0.000000   clock source latency
     1    0.024940    0.117813    0.081389    0.081389 ^ clk (in)
                                                         clk (net)
                      0.117831    0.000000    0.081389 ^ clkbuf_0_clk/A (sky130_fd_sc_hd__clkbuf_16)
    16    0.113144    0.126631    0.222117    0.303506 ^ clkbuf_0_clk/X (sky130_fd_sc_hd__clkbuf_16)
                                                         clknet_0_clk (net)
                      0.126641    0.001277    0.304783 ^ clkbuf_4_10_0_clk/A (sky130_fd_sc_hd__clkbuf_8)
    10    0.052073    0.101109    0.201423    0.506206 ^ clkbuf_4_10_0_clk/X (sky130_fd_sc_hd__clkbuf_8)
                                                         clknet_4_10_0_clk (net)
                      0.101109    0.000255    0.506460 ^ _3018_/CLK (sky130_fd_sc_hd__dfrtp_1)
                                  0.500000    1.006460   clock uncertainty
                                  0.000000    1.006460   clock reconvergence pessimism
                                 -0.027464    0.978996   library hold time
                                              0.978996   data required time
---------------------------------------------------------------------------------------------
                                              0.978996   data required time
                                             -1.549695   data arrival time
---------------------------------------------------------------------------------------------
                                              0.570699   slack (MET)


Startpoint: _3076_ (rising edge-triggered flip-flop clocked by clk)
Endpoint: _3022_ (rising edge-triggered flip-flop clocked by clk)
Path Group: clk
Path Type: min

Fanout         Cap        Slew       Delay        Time   Description
---------------------------------------------------------------------------------------------
                                  0.000000    0.000000   clock clk (rise edge)
                                  0.000000    0.000000   clock source latency
     1    0.024940    0.117813    0.081389    0.081389 ^ clk (in)
                                                         clk (net)
                      0.117831    0.000000    0.081389 ^ clkbuf_0_clk/A (sky130_fd_sc_hd__clkbuf_16)
    16    0.113144    0.126631    0.222117    0.303506 ^ clkbuf_0_clk/X (sky130_fd_sc_hd__clkbuf_16)
                                                         clknet_0_clk (net)
                      0.126640    0.001228    0.304734 ^ clkbuf_4_11_0_clk/A (sky130_fd_sc_hd__clkbuf_8)
    13    0.056438    0.108025    0.206778    0.511512 ^ clkbuf_4_11_0_clk/X (sky130_fd_sc_hd__clkbuf_8)
                                                         clknet_4_11_0_clk (net)
                      0.108025    0.000319    0.511831 ^ _3076_/CLK (sky130_fd_sc_hd__dfrtp_2)
     6    0.022294    0.084548    0.463876    0.975707 v _3076_/Q (sky130_fd_sc_hd__dfrtp_2)
                                                         my_sum_sub.cm_exp[6] (net)
                      0.084548    0.000335    0.976042 v _2637_/B2 (sky130_fd_sc_hd__o32a_1)
     2    0.005959    0.058301    0.184316    1.160358 v _2637_/X (sky130_fd_sc_hd__o32a_1)
                                                         _0936_ (net)
                      0.058301    0.000045    1.160403 v _2670_/B (sky130_fd_sc_hd__nand2_1)
     1    0.004285    0.052308    0.076336    1.236739 ^ _2670_/Y (sky130_fd_sc_hd__nand2_1)
                                                         _0960_ (net)
                      0.052308    0.000061    1.236800 ^ _2671_/C (sky130_fd_sc_hd__or4_4)
     7    0.024156    0.080762    0.154946    1.391746 ^ _2671_/X (sky130_fd_sc_hd__or4_4)
                                                         _0961_ (net)
                      0.080764    0.000490    1.392236 ^ _2676_/A2 (sky130_fd_sc_hd__a32o_1)
     1    0.002487    0.046414    0.157323    1.549559 ^ _2676_/X (sky130_fd_sc_hd__a32o_1)
                                                         _0281_ (net)
                      0.046414    0.000024    1.549583 ^ _3022_/D (sky130_fd_sc_hd__dfrtp_1)
                                              1.549583   data arrival time

                                  0.000000    0.000000   clock clk (rise edge)
                                  0.000000    0.000000   clock source latency
     1    0.024940    0.117813    0.081389    0.081389 ^ clk (in)
                                                         clk (net)
                      0.117831    0.000000    0.081389 ^ clkbuf_0_clk/A (sky130_fd_sc_hd__clkbuf_16)
    16    0.113144    0.126631    0.222117    0.303506 ^ clkbuf_0_clk/X (sky130_fd_sc_hd__clkbuf_16)
                                                         clknet_0_clk (net)
                      0.126637    0.001062    0.304568 ^ clkbuf_4_8_0_clk/A (sky130_fd_sc_hd__clkbuf_8)
     9    0.051356    0.100012    0.200415    0.504983 ^ clkbuf_4_8_0_clk/X (sky130_fd_sc_hd__clkbuf_8)
                                                         clknet_4_8_0_clk (net)
                      0.100016    0.000767    0.505751 ^ _3022_/CLK (sky130_fd_sc_hd__dfrtp_1)
                                  0.500000    1.005751   clock uncertainty
                                  0.000000    1.005751   clock reconvergence pessimism
                                 -0.027541    0.978210   library hold time
                                              0.978210   data required time
---------------------------------------------------------------------------------------------
                                              0.978210   data required time
                                             -1.549583   data arrival time
---------------------------------------------------------------------------------------------
                                              0.571373   slack (MET)


Startpoint: _3085_ (rising edge-triggered flip-flop clocked by clk)
Endpoint: _3047_ (rising edge-triggered flip-flop clocked by clk)
Path Group: clk
Path Type: min

Fanout         Cap        Slew       Delay        Time   Description
---------------------------------------------------------------------------------------------
                                  0.000000    0.000000   clock clk (rise edge)
                                  0.000000    0.000000   clock source latency
     1    0.024940    0.117813    0.081389    0.081389 ^ clk (in)
                                                         clk (net)
                      0.117831    0.000000    0.081389 ^ clkbuf_0_clk/A (sky130_fd_sc_hd__clkbuf_16)
    16    0.113144    0.126631    0.222117    0.303506 ^ clkbuf_0_clk/X (sky130_fd_sc_hd__clkbuf_16)
                                                         clknet_0_clk (net)
                      0.126634    0.000903    0.304410 ^ clkbuf_4_6_0_clk/A (sky130_fd_sc_hd__clkbuf_8)
    12    0.055843    0.107139    0.205869    0.510279 ^ clkbuf_4_6_0_clk/X (sky130_fd_sc_hd__clkbuf_8)
                                                         clknet_4_6_0_clk (net)
                      0.107145    0.000928    0.511206 ^ _3085_/CLK (sky130_fd_sc_hd__dfrtp_4)
    20    0.079915    0.239018    0.583011    1.094217 ^ _3085_/Q (sky130_fd_sc_hd__dfrtp_4)
                                                         acc_reg[6] (net)
                      0.239022    0.001375    1.095592 ^ _2308_/A (sky130_fd_sc_hd__and2_2)
     3    0.034757    0.184514    0.304654    1.400246 ^ _2308_/X (sky130_fd_sc_hd__and2_2)
                                                         _0630_ (net)
                      0.184519    0.001221    1.401467 ^ _2370_/B2 (sky130_fd_sc_hd__a221o_1)
     1    0.002945    0.042453    0.166107    1.567573 ^ _2370_/X (sky130_fd_sc_hd__a221o_1)
                                                         _0306_ (net)
                      0.042453    0.000031    1.567604 ^ _3047_/D (sky130_fd_sc_hd__dfrtp_1)
                                              1.567604   data arrival time

                                  0.000000    0.000000   clock clk (rise edge)
                                  0.000000    0.000000   clock source latency
     1    0.024940    0.117813    0.081389    0.081389 ^ clk (in)
                                                         clk (net)
                      0.117831    0.000000    0.081389 ^ clkbuf_0_clk/A (sky130_fd_sc_hd__clkbuf_16)
    16    0.113144    0.126631    0.222117    0.303506 ^ clkbuf_0_clk/X (sky130_fd_sc_hd__clkbuf_16)
                                                         clknet_0_clk (net)
                      0.126666    0.002024    0.305530 ^ clkbuf_4_15_0_clk/A (sky130_fd_sc_hd__clkbuf_8)
    13    0.062000    0.117026    0.213087    0.518618 ^ clkbuf_4_15_0_clk/X (sky130_fd_sc_hd__clkbuf_8)
                                                         clknet_4_15_0_clk (net)
                      0.117033    0.001043    0.519660 ^ _3047_/CLK (sky130_fd_sc_hd__dfrtp_1)
                                  0.500000    1.019660   clock uncertainty
                                  0.000000    1.019660   clock reconvergence pessimism
                                 -0.024392    0.995268   library hold time
                                              0.995268   data required time
---------------------------------------------------------------------------------------------
                                              0.995268   data required time
                                             -1.567604   data arrival time
---------------------------------------------------------------------------------------------
                                              0.572336   slack (MET)


Startpoint: _3126_ (rising edge-triggered flip-flop clocked by clk)
Endpoint: _3110_ (rising edge-triggered flip-flop clocked by clk)
Path Group: clk
Path Type: min

Fanout         Cap        Slew       Delay        Time   Description
---------------------------------------------------------------------------------------------
                                  0.000000    0.000000   clock clk (rise edge)
                                  0.000000    0.000000   clock source latency
     1    0.024940    0.117813    0.081389    0.081389 ^ clk (in)
                                                         clk (net)
                      0.117831    0.000000    0.081389 ^ clkbuf_0_clk/A (sky130_fd_sc_hd__clkbuf_16)
    16    0.113144    0.126631    0.222117    0.303506 ^ clkbuf_0_clk/X (sky130_fd_sc_hd__clkbuf_16)
                                                         clknet_0_clk (net)
                      0.126656    0.001769    0.305275 ^ clkbuf_4_1_0_clk/A (sky130_fd_sc_hd__clkbuf_8)
    16    0.066697    0.124509    0.218819    0.524094 ^ clkbuf_4_1_0_clk/X (sky130_fd_sc_hd__clkbuf_8)
                                                         clknet_4_1_0_clk (net)
                      0.124524    0.001445    0.525540 ^ _3126_/CLK (sky130_fd_sc_hd__dfrtp_1)
     2    0.004459    0.057638    0.355791    0.881330 ^ _3126_/Q (sky130_fd_sc_hd__dfrtp_1)
                                                         shift_in[15] (net)
                      0.057638    0.000036    0.881367 ^ hold107/A (sky130_fd_sc_hd__dlygate4sd3_1)
     2    0.006720    0.087163    0.569980    1.451346 ^ hold107/X (sky130_fd_sc_hd__dlygate4sd3_1)
                                                         net112 (net)
                      0.087163    0.000070    1.451417 ^ _2124_/A0 (sky130_fd_sc_hd__mux2_1)
     1    0.002253    0.037268    0.124550    1.575967 ^ _2124_/X (sky130_fd_sc_hd__mux2_1)
                                                         _0206_ (net)
                      0.037268    0.000019    1.575986 ^ _3110_/D (sky130_fd_sc_hd__dfrtp_1)
                                              1.575986   data arrival time

                                  0.000000    0.000000   clock clk (rise edge)
                                  0.000000    0.000000   clock source latency
     1    0.024940    0.117813    0.081389    0.081389 ^ clk (in)
                                                         clk (net)
                      0.117831    0.000000    0.081389 ^ clkbuf_0_clk/A (sky130_fd_sc_hd__clkbuf_16)
    16    0.113144    0.126631    0.222117    0.303506 ^ clkbuf_0_clk/X (sky130_fd_sc_hd__clkbuf_16)
                                                         clknet_0_clk (net)
                      0.126656    0.001769    0.305275 ^ clkbuf_4_1_0_clk/A (sky130_fd_sc_hd__clkbuf_8)
    16    0.066697    0.124509    0.218819    0.524094 ^ clkbuf_4_1_0_clk/X (sky130_fd_sc_hd__clkbuf_8)
                                                         clknet_4_1_0_clk (net)
                      0.124532    0.001690    0.525784 ^ _3110_/CLK (sky130_fd_sc_hd__dfrtp_1)
                                  0.500000    1.025784   clock uncertainty
                                  0.000000    1.025784   clock reconvergence pessimism
                                 -0.022292    1.003492   library hold time
                                              1.003492   data required time
---------------------------------------------------------------------------------------------
                                              1.003492   data required time
                                             -1.575986   data arrival time
---------------------------------------------------------------------------------------------
                                              0.572494   slack (MET)


Startpoint: _2998_ (rising edge-triggered flip-flop clocked by clk)
Endpoint: _3012_ (rising edge-triggered flip-flop clocked by clk)
Path Group: clk
Path Type: min

Fanout         Cap        Slew       Delay        Time   Description
---------------------------------------------------------------------------------------------
                                  0.000000    0.000000   clock clk (rise edge)
                                  0.000000    0.000000   clock source latency
     1    0.024940    0.117813    0.081389    0.081389 ^ clk (in)
                                                         clk (net)
                      0.117831    0.000000    0.081389 ^ clkbuf_0_clk/A (sky130_fd_sc_hd__clkbuf_16)
    16    0.113144    0.126631    0.222117    0.303506 ^ clkbuf_0_clk/X (sky130_fd_sc_hd__clkbuf_16)
                                                         clknet_0_clk (net)
                      0.126655    0.001727    0.305233 ^ clkbuf_4_0_0_clk/A (sky130_fd_sc_hd__clkbuf_8)
    24    0.072074    0.132827    0.224642    0.529875 ^ clkbuf_4_0_0_clk/X (sky130_fd_sc_hd__clkbuf_8)
                                                         clknet_4_0_0_clk (net)
                      0.132848    0.001708    0.531583 ^ _2998_/CLK (sky130_fd_sc_hd__dfrtp_1)
     2    0.006616    0.074355    0.372905    0.904488 ^ _2998_/Q (sky130_fd_sc_hd__dfrtp_1)
                                                         my_divider.counter[1] (net)
                      0.074355    0.000076    0.904564 ^ _1548_/B (sky130_fd_sc_hd__or4b_1)
     3    0.015184    0.144857    0.187662    1.092226 ^ _1548_/X (sky130_fd_sc_hd__or4b_1)
                                                         _1093_ (net)
                      0.144857    0.000220    1.092446 ^ _2689_/B (sky130_fd_sc_hd__and2_4)
    17    0.078730    0.229243    0.310062    1.402509 ^ _2689_/X (sky130_fd_sc_hd__and2_4)
                                                         _0972_ (net)
                      0.229433    0.004161    1.406669 ^ _2697_/A2 (sky130_fd_sc_hd__a22o_1)
     1    0.002490    0.041795    0.173506    1.580176 ^ _2697_/X (sky130_fd_sc_hd__a22o_1)
                                                         _0271_ (net)
                      0.041795    0.000022    1.580198 ^ _3012_/D (sky130_fd_sc_hd__dfrtp_1)
                                              1.580198   data arrival time

                                  0.000000    0.000000   clock clk (rise edge)
                                  0.000000    0.000000   clock source latency
     1    0.024940    0.117813    0.081389    0.081389 ^ clk (in)
                                                         clk (net)
                      0.117831    0.000000    0.081389 ^ clkbuf_0_clk/A (sky130_fd_sc_hd__clkbuf_16)
    16    0.113144    0.126631    0.222117    0.303506 ^ clkbuf_0_clk/X (sky130_fd_sc_hd__clkbuf_16)
                                                         clknet_0_clk (net)
                      0.126648    0.001518    0.305024 ^ clkbuf_4_2_0_clk/A (sky130_fd_sc_hd__clkbuf_8)
    18    0.068234    0.127061    0.220356    0.525380 ^ clkbuf_4_2_0_clk/X (sky130_fd_sc_hd__clkbuf_8)
                                                         clknet_4_2_0_clk (net)
                      0.127101    0.002191    0.527571 ^ _3012_/CLK (sky130_fd_sc_hd__dfrtp_1)
                                  0.500000    1.027571   clock uncertainty
                                  0.000000    1.027571   clock reconvergence pessimism
                                 -0.022880    1.004690   library hold time
                                              1.004690   data required time
---------------------------------------------------------------------------------------------
                                              1.004690   data required time
                                             -1.580198   data arrival time
---------------------------------------------------------------------------------------------
                                              0.575508   slack (MET)


Startpoint: _3076_ (rising edge-triggered flip-flop clocked by clk)
Endpoint: _3021_ (rising edge-triggered flip-flop clocked by clk)
Path Group: clk
Path Type: min

Fanout         Cap        Slew       Delay        Time   Description
---------------------------------------------------------------------------------------------
                                  0.000000    0.000000   clock clk (rise edge)
                                  0.000000    0.000000   clock source latency
     1    0.024940    0.117813    0.081389    0.081389 ^ clk (in)
                                                         clk (net)
                      0.117831    0.000000    0.081389 ^ clkbuf_0_clk/A (sky130_fd_sc_hd__clkbuf_16)
    16    0.113144    0.126631    0.222117    0.303506 ^ clkbuf_0_clk/X (sky130_fd_sc_hd__clkbuf_16)
                                                         clknet_0_clk (net)
                      0.126640    0.001228    0.304734 ^ clkbuf_4_11_0_clk/A (sky130_fd_sc_hd__clkbuf_8)
    13    0.056438    0.108025    0.206778    0.511512 ^ clkbuf_4_11_0_clk/X (sky130_fd_sc_hd__clkbuf_8)
                                                         clknet_4_11_0_clk (net)
                      0.108025    0.000319    0.511831 ^ _3076_/CLK (sky130_fd_sc_hd__dfrtp_2)
     6    0.022294    0.084548    0.463876    0.975707 v _3076_/Q (sky130_fd_sc_hd__dfrtp_2)
                                                         my_sum_sub.cm_exp[6] (net)
                      0.084548    0.000335    0.976042 v _2637_/B2 (sky130_fd_sc_hd__o32a_1)
     2    0.005959    0.058301    0.184316    1.160358 v _2637_/X (sky130_fd_sc_hd__o32a_1)
                                                         _0936_ (net)
                      0.058301    0.000045    1.160403 v _2670_/B (sky130_fd_sc_hd__nand2_1)
     1    0.004285    0.052308    0.076336    1.236739 ^ _2670_/Y (sky130_fd_sc_hd__nand2_1)
                                                         _0960_ (net)
                      0.052308    0.000061    1.236800 ^ _2671_/C (sky130_fd_sc_hd__or4_4)
     7    0.024156    0.080762    0.154946    1.391746 ^ _2671_/X (sky130_fd_sc_hd__or4_4)
                                                         _0961_ (net)
                      0.080763    0.000355    1.392101 ^ _2679_/A2 (sky130_fd_sc_hd__a32o_1)
     1    0.002890    0.049745    0.161022    1.553124 ^ _2679_/X (sky130_fd_sc_hd__a32o_1)
                                                         _0280_ (net)
                      0.049745    0.000034    1.553158 ^ _3021_/D (sky130_fd_sc_hd__dfrtp_1)
                                              1.553158   data arrival time

                                  0.000000    0.000000   clock clk (rise edge)
                                  0.000000    0.000000   clock source latency
     1    0.024940    0.117813    0.081389    0.081389 ^ clk (in)
                                                         clk (net)
                      0.117831    0.000000    0.081389 ^ clkbuf_0_clk/A (sky130_fd_sc_hd__clkbuf_16)
    16    0.113144    0.126631    0.222117    0.303506 ^ clkbuf_0_clk/X (sky130_fd_sc_hd__clkbuf_16)
                                                         clknet_0_clk (net)
                      0.126637    0.001062    0.304568 ^ clkbuf_4_8_0_clk/A (sky130_fd_sc_hd__clkbuf_8)
     9    0.051356    0.100012    0.200415    0.504983 ^ clkbuf_4_8_0_clk/X (sky130_fd_sc_hd__clkbuf_8)
                                                         clknet_4_8_0_clk (net)
                      0.100015    0.000659    0.505642 ^ _3021_/CLK (sky130_fd_sc_hd__dfrtp_1)
                                  0.500000    1.005642   clock uncertainty
                                  0.000000    1.005642   clock reconvergence pessimism
                                 -0.028235    0.977407   library hold time
                                              0.977407   data required time
---------------------------------------------------------------------------------------------
                                              0.977407   data required time
                                             -1.553158   data arrival time
---------------------------------------------------------------------------------------------
                                              0.575750   slack (MET)


Startpoint: _3077_ (rising edge-triggered flip-flop clocked by clk)
Endpoint: _3077_ (rising edge-triggered flip-flop clocked by clk)
Path Group: clk
Path Type: min

Fanout         Cap        Slew       Delay        Time   Description
---------------------------------------------------------------------------------------------
                                  0.000000    0.000000   clock clk (rise edge)
                                  0.000000    0.000000   clock source latency
     1    0.024940    0.117813    0.081389    0.081389 ^ clk (in)
                                                         clk (net)
                      0.117831    0.000000    0.081389 ^ clkbuf_0_clk/A (sky130_fd_sc_hd__clkbuf_16)
    16    0.113144    0.126631    0.222117    0.303506 ^ clkbuf_0_clk/X (sky130_fd_sc_hd__clkbuf_16)
                                                         clknet_0_clk (net)
                      0.126640    0.001228    0.304734 ^ clkbuf_4_11_0_clk/A (sky130_fd_sc_hd__clkbuf_8)
    13    0.056438    0.108025    0.206778    0.511512 ^ clkbuf_4_11_0_clk/X (sky130_fd_sc_hd__clkbuf_8)
                                                         clknet_4_11_0_clk (net)
                      0.108025    0.000327    0.511839 ^ _3077_/CLK (sky130_fd_sc_hd__dfrtp_1)
     4    0.010646    0.105538    0.390620    0.902459 ^ _3077_/Q (sky130_fd_sc_hd__dfrtp_1)
                                                         my_sum_sub.cm_exp[7] (net)
                      0.105538    0.000052    0.902512 ^ hold176/A (sky130_fd_sc_hd__dlygate4sd3_1)
     1    0.002288    0.050610    0.547813    1.450325 ^ hold176/X (sky130_fd_sc_hd__dlygate4sd3_1)
                                                         net181 (net)
                      0.050610    0.000013    1.450338 ^ _2164_/A0 (sky130_fd_sc_hd__mux2_1)
     1    0.002354    0.038123    0.112779    1.563117 ^ _2164_/X (sky130_fd_sc_hd__mux2_1)
                                                         _0336_ (net)
                      0.038123    0.000021    1.563138 ^ _3077_/D (sky130_fd_sc_hd__dfrtp_1)
                                              1.563138   data arrival time

                                  0.000000    0.000000   clock clk (rise edge)
                                  0.000000    0.000000   clock source latency
     1    0.024940    0.117813    0.081389    0.081389 ^ clk (in)
                                                         clk (net)
                      0.117831    0.000000    0.081389 ^ clkbuf_0_clk/A (sky130_fd_sc_hd__clkbuf_16)
    16    0.113144    0.126631    0.222117    0.303506 ^ clkbuf_0_clk/X (sky130_fd_sc_hd__clkbuf_16)
                                                         clknet_0_clk (net)
                      0.126640    0.001228    0.304734 ^ clkbuf_4_11_0_clk/A (sky130_fd_sc_hd__clkbuf_8)
    13    0.056438    0.108025    0.206778    0.511512 ^ clkbuf_4_11_0_clk/X (sky130_fd_sc_hd__clkbuf_8)
                                                         clknet_4_11_0_clk (net)
                      0.108025    0.000327    0.511839 ^ _3077_/CLK (sky130_fd_sc_hd__dfrtp_1)
                                  0.500000    1.011839   clock uncertainty
                                  0.000000    1.011839   clock reconvergence pessimism
                                 -0.024722    0.987117   library hold time
                                              0.987117   data required time
---------------------------------------------------------------------------------------------
                                              0.987117   data required time
                                             -1.563138   data arrival time
---------------------------------------------------------------------------------------------
                                              0.576021   slack (MET)


Startpoint: _3124_ (rising edge-triggered flip-flop clocked by clk)
Endpoint: _3108_ (rising edge-triggered flip-flop clocked by clk)
Path Group: clk
Path Type: min

Fanout         Cap        Slew       Delay        Time   Description
---------------------------------------------------------------------------------------------
                                  0.000000    0.000000   clock clk (rise edge)
                                  0.000000    0.000000   clock source latency
     1    0.024940    0.117813    0.081389    0.081389 ^ clk (in)
                                                         clk (net)
                      0.117831    0.000000    0.081389 ^ clkbuf_0_clk/A (sky130_fd_sc_hd__clkbuf_16)
    16    0.113144    0.126631    0.222117    0.303506 ^ clkbuf_0_clk/X (sky130_fd_sc_hd__clkbuf_16)
                                                         clknet_0_clk (net)
                      0.126656    0.001769    0.305275 ^ clkbuf_4_1_0_clk/A (sky130_fd_sc_hd__clkbuf_8)
    16    0.066697    0.124509    0.218819    0.524094 ^ clkbuf_4_1_0_clk/X (sky130_fd_sc_hd__clkbuf_8)
                                                         clknet_4_1_0_clk (net)
                      0.124534    0.001747    0.525842 ^ _3124_/CLK (sky130_fd_sc_hd__dfrtp_1)
     1    0.001994    0.039031    0.336817    0.862659 ^ _3124_/Q (sky130_fd_sc_hd__dfrtp_1)
                                                         shift_in[13] (net)
                      0.039031    0.000017    0.862676 ^ hold90/A (sky130_fd_sc_hd__dlygate4sd3_1)
     3    0.008168    0.099791    0.575221    1.437897 ^ hold90/X (sky130_fd_sc_hd__dlygate4sd3_1)
                                                         net95 (net)
                      0.099791    0.000074    1.437971 ^ _2126_/A0 (sky130_fd_sc_hd__mux2_1)
     1    0.002256    0.037289    0.128919    1.566890 ^ _2126_/X (sky130_fd_sc_hd__mux2_1)
                                                         _0204_ (net)
                      0.037289    0.000019    1.566909 ^ _3108_/D (sky130_fd_sc_hd__dfrtp_2)
                                              1.566909   data arrival time

                                  0.000000    0.000000   clock clk (rise edge)
                                  0.000000    0.000000   clock source latency
     1    0.024940    0.117813    0.081389    0.081389 ^ clk (in)
                                                         clk (net)
                      0.117831    0.000000    0.081389 ^ clkbuf_0_clk/A (sky130_fd_sc_hd__clkbuf_16)
    16    0.113144    0.126631    0.222117    0.303506 ^ clkbuf_0_clk/X (sky130_fd_sc_hd__clkbuf_16)
                                                         clknet_0_clk (net)
                      0.126638    0.001133    0.304640 ^ clkbuf_4_4_0_clk/A (sky130_fd_sc_hd__clkbuf_8)
    11    0.057239    0.109341    0.207630    0.512270 ^ clkbuf_4_4_0_clk/X (sky130_fd_sc_hd__clkbuf_8)
                                                         clknet_4_4_0_clk (net)
                      0.109341    0.000373    0.512643 ^ _3108_/CLK (sky130_fd_sc_hd__dfrtp_2)
                                  0.500000    1.012643   clock uncertainty
                                  0.000000    1.012643   clock reconvergence pessimism
                                 -0.024301    0.988342   library hold time
                                              0.988342   data required time
---------------------------------------------------------------------------------------------
                                              0.988342   data required time
                                             -1.566909   data arrival time
---------------------------------------------------------------------------------------------
                                              0.578567   slack (MET)


Startpoint: _3082_ (rising edge-triggered flip-flop clocked by clk)
Endpoint: _3044_ (rising edge-triggered flip-flop clocked by clk)
Path Group: clk
Path Type: min

Fanout         Cap        Slew       Delay        Time   Description
---------------------------------------------------------------------------------------------
                                  0.000000    0.000000   clock clk (rise edge)
                                  0.000000    0.000000   clock source latency
     1    0.024940    0.117813    0.081389    0.081389 ^ clk (in)
                                                         clk (net)
                      0.117831    0.000000    0.081389 ^ clkbuf_0_clk/A (sky130_fd_sc_hd__clkbuf_16)
    16    0.113144    0.126631    0.222117    0.303506 ^ clkbuf_0_clk/X (sky130_fd_sc_hd__clkbuf_16)
                                                         clknet_0_clk (net)
                      0.126638    0.001116    0.304622 ^ clkbuf_4_7_0_clk/A (sky130_fd_sc_hd__clkbuf_8)
    17    0.065580    0.122744    0.217395    0.522017 ^ clkbuf_4_7_0_clk/X (sky130_fd_sc_hd__clkbuf_8)
                                                         clknet_4_7_0_clk (net)
                      0.122762    0.001553    0.523569 ^ _3082_/CLK (sky130_fd_sc_hd__dfrtp_4)
    22    0.099391    0.290080    0.625227    1.148796 ^ _3082_/Q (sky130_fd_sc_hd__dfrtp_4)
                                                         acc_reg[3] (net)
                      0.290145    0.004256    1.153053 ^ _2332_/A (sky130_fd_sc_hd__and2_1)
     2    0.007175    0.085151    0.205087    1.358139 ^ _2332_/X (sky130_fd_sc_hd__and2_1)
                                                         _0651_ (net)
                      0.085151    0.000076    1.358216 ^ _2375_/B (sky130_fd_sc_hd__and2_1)
     1    0.002894    0.047021    0.126862    1.485078 ^ _2375_/X (sky130_fd_sc_hd__and2_1)
                                                         _0686_ (net)
                      0.047021    0.000026    1.485104 ^ _2376_/C1 (sky130_fd_sc_hd__a221o_1)
     1    0.002311    0.038517    0.092601    1.577704 ^ _2376_/X (sky130_fd_sc_hd__a221o_1)
                                                         _0303_ (net)
                      0.038517    0.000011    1.577715 ^ _3044_/D (sky130_fd_sc_hd__dfrtp_1)
                                              1.577715   data arrival time

                                  0.000000    0.000000   clock clk (rise edge)
                                  0.000000    0.000000   clock source latency
     1    0.024940    0.117813    0.081389    0.081389 ^ clk (in)
                                                         clk (net)
                      0.117831    0.000000    0.081389 ^ clkbuf_0_clk/A (sky130_fd_sc_hd__clkbuf_16)
    16    0.113144    0.126631    0.222117    0.303506 ^ clkbuf_0_clk/X (sky130_fd_sc_hd__clkbuf_16)
                                                         clknet_0_clk (net)
                      0.126666    0.002024    0.305530 ^ clkbuf_4_15_0_clk/A (sky130_fd_sc_hd__clkbuf_8)
    13    0.062000    0.117026    0.213087    0.518618 ^ clkbuf_4_15_0_clk/X (sky130_fd_sc_hd__clkbuf_8)
                                                         clknet_4_15_0_clk (net)
                      0.117031    0.000903    0.519521 ^ _3044_/CLK (sky130_fd_sc_hd__dfrtp_1)
                                  0.500000    1.019521   clock uncertainty
                                  0.000000    1.019521   clock reconvergence pessimism
                                 -0.023575    0.995946   library hold time
                                              0.995946   data required time
---------------------------------------------------------------------------------------------
                                              0.995946   data required time
                                             -1.577715   data arrival time
---------------------------------------------------------------------------------------------
                                              0.581769   slack (MET)


Startpoint: _3168_ (rising edge-triggered flip-flop clocked by clk)
Endpoint: _3153_ (rising edge-triggered flip-flop clocked by clk)
Path Group: clk
Path Type: min

Fanout         Cap        Slew       Delay        Time   Description
---------------------------------------------------------------------------------------------
                                  0.000000    0.000000   clock clk (rise edge)
                                  0.000000    0.000000   clock source latency
     1    0.024940    0.117813    0.081389    0.081389 ^ clk (in)
                                                         clk (net)
                      0.117831    0.000000    0.081389 ^ clkbuf_0_clk/A (sky130_fd_sc_hd__clkbuf_16)
    16    0.113144    0.126631    0.222117    0.303506 ^ clkbuf_0_clk/X (sky130_fd_sc_hd__clkbuf_16)
                                                         clknet_0_clk (net)
                      0.126655    0.001727    0.305233 ^ clkbuf_4_0_0_clk/A (sky130_fd_sc_hd__clkbuf_8)
    24    0.072074    0.132827    0.224642    0.529875 ^ clkbuf_4_0_0_clk/X (sky130_fd_sc_hd__clkbuf_8)
                                                         clknet_4_0_0_clk (net)
                      0.132994    0.003245    0.533120 ^ _3168_/CLK (sky130_fd_sc_hd__dfstp_4)
    11    0.037460    0.114622    0.698808    1.231928 ^ _3168_/Q (sky130_fd_sc_hd__dfstp_4)
                                                         ss_s1 (net)
                      0.114622    0.000706    1.232634 ^ _2122_/B (sky130_fd_sc_hd__or3b_4)
    17    0.085634    0.282549    0.316283    1.548917 ^ _2122_/X (sky130_fd_sc_hd__or3b_4)
                                                         _0500_ (net)
                      0.282549    0.000321    1.549238 ^ _2123_/A (sky130_fd_sc_hd__inv_2)
     1    0.002663    0.045591    0.043852    1.593089 v _2123_/Y (sky130_fd_sc_hd__inv_2)
                                                         _0004_ (net)
                      0.045591    0.000025    1.593115 v _3153_/D (sky130_fd_sc_hd__dfrtp_1)
                                              1.593115   data arrival time

                                  0.000000    0.000000   clock clk (rise edge)
                                  0.000000    0.000000   clock source latency
     1    0.024940    0.117813    0.081389    0.081389 ^ clk (in)
                                                         clk (net)
                      0.117831    0.000000    0.081389 ^ clkbuf_0_clk/A (sky130_fd_sc_hd__clkbuf_16)
    16    0.113144    0.126631    0.222117    0.303506 ^ clkbuf_0_clk/X (sky130_fd_sc_hd__clkbuf_16)
                                                         clknet_0_clk (net)
                      0.126655    0.001727    0.305233 ^ clkbuf_4_0_0_clk/A (sky130_fd_sc_hd__clkbuf_8)
    24    0.072074    0.132827    0.224642    0.529875 ^ clkbuf_4_0_0_clk/X (sky130_fd_sc_hd__clkbuf_8)
                                                         clknet_4_0_0_clk (net)
                      0.132841    0.001445    0.531320 ^ _3153_/CLK (sky130_fd_sc_hd__dfrtp_1)
                                  0.500000    1.031320   clock uncertainty
                                  0.000000    1.031320   clock reconvergence pessimism
                                 -0.025979    1.005341   library hold time
                                              1.005341   data required time
---------------------------------------------------------------------------------------------
                                              1.005341   data required time
                                             -1.593115   data arrival time
---------------------------------------------------------------------------------------------
                                              0.587773   slack (MET)


Startpoint: _3119_ (rising edge-triggered flip-flop clocked by clk)
Endpoint: _3118_ (rising edge-triggered flip-flop clocked by clk)
Path Group: clk
Path Type: min

Fanout         Cap        Slew       Delay        Time   Description
---------------------------------------------------------------------------------------------
                                  0.000000    0.000000   clock clk (rise edge)
                                  0.000000    0.000000   clock source latency
     1    0.024940    0.117813    0.081389    0.081389 ^ clk (in)
                                                         clk (net)
                      0.117831    0.000000    0.081389 ^ clkbuf_0_clk/A (sky130_fd_sc_hd__clkbuf_16)
    16    0.113144    0.126631    0.222117    0.303506 ^ clkbuf_0_clk/X (sky130_fd_sc_hd__clkbuf_16)
                                                         clknet_0_clk (net)
                      0.126637    0.001064    0.304570 ^ clkbuf_4_5_0_clk/A (sky130_fd_sc_hd__clkbuf_8)
    10    0.060713    0.114917    0.211687    0.516257 ^ clkbuf_4_5_0_clk/X (sky130_fd_sc_hd__clkbuf_8)
                                                         clknet_4_5_0_clk (net)
                      0.114935    0.001467    0.517724 ^ _3119_/CLK (sky130_fd_sc_hd__dfrtp_1)
     1    0.003582    0.051168    0.346427    0.864151 ^ _3119_/Q (sky130_fd_sc_hd__dfrtp_1)
                                                         shift_in[8] (net)
                      0.051168    0.000049    0.864200 ^ hold63/A (sky130_fd_sc_hd__dlygate4sd3_1)
     3    0.008851    0.105381    0.584369    1.448569 ^ hold63/X (sky130_fd_sc_hd__dlygate4sd3_1)
                                                         net68 (net)
                      0.105381    0.000123    1.448691 ^ _2113_/A0 (sky130_fd_sc_hd__mux2_1)
     1    0.002525    0.039354    0.132998    1.581689 ^ _2113_/X (sky130_fd_sc_hd__mux2_1)
                                                         _0214_ (net)
                      0.039354    0.000024    1.581713 ^ _3118_/D (sky130_fd_sc_hd__dfrtp_1)
                                              1.581713   data arrival time

                                  0.000000    0.000000   clock clk (rise edge)
                                  0.000000    0.000000   clock source latency
     1    0.024940    0.117813    0.081389    0.081389 ^ clk (in)
                                                         clk (net)
                      0.117831    0.000000    0.081389 ^ clkbuf_0_clk/A (sky130_fd_sc_hd__clkbuf_16)
    16    0.113144    0.126631    0.222117    0.303506 ^ clkbuf_0_clk/X (sky130_fd_sc_hd__clkbuf_16)
                                                         clknet_0_clk (net)
                      0.126637    0.001064    0.304570 ^ clkbuf_4_5_0_clk/A (sky130_fd_sc_hd__clkbuf_8)
    10    0.060713    0.114917    0.211687    0.516257 ^ clkbuf_4_5_0_clk/X (sky130_fd_sc_hd__clkbuf_8)
                                                         clknet_4_5_0_clk (net)
                      0.114936    0.001490    0.517747 ^ _3118_/CLK (sky130_fd_sc_hd__dfrtp_1)
                                  0.500000    1.017748   clock uncertainty
                                  0.000000    1.017748   clock reconvergence pessimism
                                 -0.024035    0.993713   library hold time
                                              0.993713   data required time
---------------------------------------------------------------------------------------------
                                              0.993713   data required time
                                             -1.581713   data arrival time
---------------------------------------------------------------------------------------------
                                              0.588000   slack (MET)


Startpoint: _3014_ (rising edge-triggered flip-flop clocked by clk)
Endpoint: _3014_ (rising edge-triggered flip-flop clocked by clk)
Path Group: clk
Path Type: min

Fanout         Cap        Slew       Delay        Time   Description
---------------------------------------------------------------------------------------------
                                  0.000000    0.000000   clock clk (rise edge)
                                  0.000000    0.000000   clock source latency
     1    0.024940    0.117813    0.081389    0.081389 ^ clk (in)
                                                         clk (net)
                      0.117831    0.000000    0.081389 ^ clkbuf_0_clk/A (sky130_fd_sc_hd__clkbuf_16)
    16    0.113144    0.126631    0.222117    0.303506 ^ clkbuf_0_clk/X (sky130_fd_sc_hd__clkbuf_16)
                                                         clknet_0_clk (net)
                      0.126648    0.001518    0.305024 ^ clkbuf_4_2_0_clk/A (sky130_fd_sc_hd__clkbuf_8)
    18    0.068234    0.127061    0.220356    0.525380 ^ clkbuf_4_2_0_clk/X (sky130_fd_sc_hd__clkbuf_8)
                                                         clknet_4_2_0_clk (net)
                      0.127102    0.002217    0.527597 ^ _3014_/CLK (sky130_fd_sc_hd__dfrtp_1)
     3    0.010922    0.107802    0.399067    0.926664 ^ _3014_/Q (sky130_fd_sc_hd__dfrtp_1)
                                                         div_quotient[4] (net)
                      0.107802    0.000111    0.926775 ^ _2695_/B2 (sky130_fd_sc_hd__a22o_1)
     1    0.003023    0.046157    0.134742    1.061517 ^ _2695_/X (sky130_fd_sc_hd__a22o_1)
                                                         _0273_ (net)
                      0.046157    0.000025    1.061543 ^ hold85/A (sky130_fd_sc_hd__dlygate4sd3_1)
     1    0.002238    0.048350    0.529937    1.591480 ^ hold85/X (sky130_fd_sc_hd__dlygate4sd3_1)
                                                         net90 (net)
                      0.048350    0.000018    1.591498 ^ _3014_/D (sky130_fd_sc_hd__dfrtp_1)
                                              1.591498   data arrival time

                                  0.000000    0.000000   clock clk (rise edge)
                                  0.000000    0.000000   clock source latency
     1    0.024940    0.117813    0.081389    0.081389 ^ clk (in)
                                                         clk (net)
                      0.117831    0.000000    0.081389 ^ clkbuf_0_clk/A (sky130_fd_sc_hd__clkbuf_16)
    16    0.113144    0.126631    0.222117    0.303506 ^ clkbuf_0_clk/X (sky130_fd_sc_hd__clkbuf_16)
                                                         clknet_0_clk (net)
                      0.126648    0.001518    0.305024 ^ clkbuf_4_2_0_clk/A (sky130_fd_sc_hd__clkbuf_8)
    18    0.068234    0.127061    0.220356    0.525380 ^ clkbuf_4_2_0_clk/X (sky130_fd_sc_hd__clkbuf_8)
                                                         clknet_4_2_0_clk (net)
                      0.127102    0.002217    0.527597 ^ _3014_/CLK (sky130_fd_sc_hd__dfrtp_1)
                                  0.500000    1.027597   clock uncertainty
                                  0.000000    1.027597   clock reconvergence pessimism
                                 -0.024241    1.003357   library hold time
                                              1.003357   data required time
---------------------------------------------------------------------------------------------
                                              1.003357   data required time
                                             -1.591498   data arrival time
---------------------------------------------------------------------------------------------
                                              0.588142   slack (MET)


Startpoint: _3168_ (rising edge-triggered flip-flop clocked by clk)
Endpoint: _3157_ (rising edge-triggered flip-flop clocked by clk)
Path Group: clk
Path Type: min

Fanout         Cap        Slew       Delay        Time   Description
---------------------------------------------------------------------------------------------
                                  0.000000    0.000000   clock clk (rise edge)
                                  0.000000    0.000000   clock source latency
     1    0.024940    0.117813    0.081389    0.081389 ^ clk (in)
                                                         clk (net)
                      0.117831    0.000000    0.081389 ^ clkbuf_0_clk/A (sky130_fd_sc_hd__clkbuf_16)
    16    0.113144    0.126631    0.222117    0.303506 ^ clkbuf_0_clk/X (sky130_fd_sc_hd__clkbuf_16)
                                                         clknet_0_clk (net)
                      0.126655    0.001727    0.305233 ^ clkbuf_4_0_0_clk/A (sky130_fd_sc_hd__clkbuf_8)
    24    0.072074    0.132827    0.224642    0.529875 ^ clkbuf_4_0_0_clk/X (sky130_fd_sc_hd__clkbuf_8)
                                                         clknet_4_0_0_clk (net)
                      0.132994    0.003245    0.533120 ^ _3168_/CLK (sky130_fd_sc_hd__dfstp_4)
    11    0.034670    0.073856    0.531301    1.064421 v _3168_/Q (sky130_fd_sc_hd__dfstp_4)
                                                         ss_s1 (net)
                      0.073856    0.000873    1.065294 v _2788_/A (sky130_fd_sc_hd__nor2_1)
     2    0.007851    0.158202    0.169331    1.234625 ^ _2788_/Y (sky130_fd_sc_hd__nor2_1)
                                                         _1040_ (net)
                      0.158202    0.000072    1.234697 ^ _2791_/A2 (sky130_fd_sc_hd__a21bo_1)
     1    0.004395    0.046898    0.138862    1.373559 ^ _2791_/X (sky130_fd_sc_hd__a21bo_1)
                                                         _1043_ (net)
                      0.046898    0.000061    1.373620 ^ _2795_/A2 (sky130_fd_sc_hd__a22o_1)
     1    0.003836    0.051983    0.135081    1.508701 ^ _2795_/X (sky130_fd_sc_hd__a22o_1)
                                                         _1047_ (net)
                      0.051983    0.000052    1.508753 ^ _2796_/B1 (sky130_fd_sc_hd__a31o_1)
     1    0.002891    0.040937    0.089905    1.598658 ^ _2796_/X (sky130_fd_sc_hd__a31o_1)
                                                         _0010_ (net)
                      0.040937    0.000030    1.598688 ^ _3157_/D (sky130_fd_sc_hd__dfrtp_1)
                                              1.598688   data arrival time

                                  0.000000    0.000000   clock clk (rise edge)
                                  0.000000    0.000000   clock source latency
     1    0.024940    0.117813    0.081389    0.081389 ^ clk (in)
                                                         clk (net)
                      0.117831    0.000000    0.081389 ^ clkbuf_0_clk/A (sky130_fd_sc_hd__clkbuf_16)
    16    0.113144    0.126631    0.222117    0.303506 ^ clkbuf_0_clk/X (sky130_fd_sc_hd__clkbuf_16)
                                                         clknet_0_clk (net)
                      0.126655    0.001727    0.305233 ^ clkbuf_4_0_0_clk/A (sky130_fd_sc_hd__clkbuf_8)
    24    0.072074    0.132827    0.224642    0.529875 ^ clkbuf_4_0_0_clk/X (sky130_fd_sc_hd__clkbuf_8)
                                                         clknet_4_0_0_clk (net)
                      0.132844    0.001550    0.531426 ^ _3157_/CLK (sky130_fd_sc_hd__dfrtp_1)
                                  0.500000    1.031425   clock uncertainty
                                  0.000000    1.031425   clock reconvergence pessimism
                                 -0.021918    1.009507   library hold time
                                              1.009507   data required time
---------------------------------------------------------------------------------------------
                                              1.009507   data required time
                                             -1.598688   data arrival time
---------------------------------------------------------------------------------------------
                                              0.589181   slack (MET)


Startpoint: _3093_ (rising edge-triggered flip-flop clocked by clk)
Endpoint: _3037_ (rising edge-triggered flip-flop clocked by clk)
Path Group: clk
Path Type: min

Fanout         Cap        Slew       Delay        Time   Description
---------------------------------------------------------------------------------------------
                                  0.000000    0.000000   clock clk (rise edge)
                                  0.000000    0.000000   clock source latency
     1    0.024940    0.117813    0.081389    0.081389 ^ clk (in)
                                                         clk (net)
                      0.117831    0.000000    0.081389 ^ clkbuf_0_clk/A (sky130_fd_sc_hd__clkbuf_16)
    16    0.113144    0.126631    0.222117    0.303506 ^ clkbuf_0_clk/X (sky130_fd_sc_hd__clkbuf_16)
                                                         clknet_0_clk (net)
                      0.126645    0.001407    0.304913 ^ clkbuf_4_3_0_clk/A (sky130_fd_sc_hd__clkbuf_8)
    11    0.057380    0.109561    0.207812    0.512725 ^ clkbuf_4_3_0_clk/X (sky130_fd_sc_hd__clkbuf_8)
                                                         clknet_4_3_0_clk (net)
                      0.109561    0.000390    0.513115 ^ _3093_/CLK (sky130_fd_sc_hd__dfrtp_4)
     7    0.030369    0.114901    0.481774    0.994889 ^ _3093_/Q (sky130_fd_sc_hd__dfrtp_4)
                                                         acc_reg[14] (net)
                      0.114903    0.000684    0.995574 ^ _2278_/A2 (sky130_fd_sc_hd__a21oi_4)
    20    0.090994    0.119778    0.186020    1.181593 v _2278_/Y (sky130_fd_sc_hd__a21oi_4)
                                                         _0604_ (net)
                      0.120388    0.006872    1.188466 v _2279_/A (sky130_fd_sc_hd__inv_2)
     4    0.014316    0.075704    0.111065    1.299531 ^ _2279_/Y (sky130_fd_sc_hd__inv_2)
                                                         _0605_ (net)
                      0.075704    0.000090    1.299621 ^ _2281_/B (sky130_fd_sc_hd__nor2_2)
     9    0.034311    0.082693    0.093599    1.393220 v _2281_/Y (sky130_fd_sc_hd__nor2_2)
                                                         _0607_ (net)
                      0.082710    0.000988    1.394208 v _2389_/A2 (sky130_fd_sc_hd__a21o_1)
     1    0.002693    0.030727    0.184978    1.579187 v _2389_/X (sky130_fd_sc_hd__a21o_1)
                                                         _0296_ (net)
                      0.030727    0.000029    1.579216 v _3037_/D (sky130_fd_sc_hd__dfrtp_1)
                                              1.579216   data arrival time

                                  0.000000    0.000000   clock clk (rise edge)
                                  0.000000    0.000000   clock source latency
     1    0.024940    0.117813    0.081389    0.081389 ^ clk (in)
                                                         clk (net)
                      0.117831    0.000000    0.081389 ^ clkbuf_0_clk/A (sky130_fd_sc_hd__clkbuf_16)
    16    0.113144    0.126631    0.222117    0.303506 ^ clkbuf_0_clk/X (sky130_fd_sc_hd__clkbuf_16)
                                                         clknet_0_clk (net)
                      0.126640    0.001228    0.304734 ^ clkbuf_4_11_0_clk/A (sky130_fd_sc_hd__clkbuf_8)
    13    0.056438    0.108025    0.206778    0.511512 ^ clkbuf_4_11_0_clk/X (sky130_fd_sc_hd__clkbuf_8)
                                                         clknet_4_11_0_clk (net)
                      0.108025    0.000537    0.512049 ^ _3037_/CLK (sky130_fd_sc_hd__dfrtp_1)
                                  0.500000    1.012049   clock uncertainty
                                  0.000000    1.012049   clock reconvergence pessimism
                                 -0.025593    0.986456   library hold time
                                              0.986456   data required time
---------------------------------------------------------------------------------------------
                                              0.986456   data required time
                                             -1.579216   data arrival time
---------------------------------------------------------------------------------------------
                                              0.592760   slack (MET)


Startpoint: _3076_ (rising edge-triggered flip-flop clocked by clk)
Endpoint: _3023_ (rising edge-triggered flip-flop clocked by clk)
Path Group: clk
Path Type: min

Fanout         Cap        Slew       Delay        Time   Description
---------------------------------------------------------------------------------------------
                                  0.000000    0.000000   clock clk (rise edge)
                                  0.000000    0.000000   clock source latency
     1    0.024940    0.117813    0.081389    0.081389 ^ clk (in)
                                                         clk (net)
                      0.117831    0.000000    0.081389 ^ clkbuf_0_clk/A (sky130_fd_sc_hd__clkbuf_16)
    16    0.113144    0.126631    0.222117    0.303506 ^ clkbuf_0_clk/X (sky130_fd_sc_hd__clkbuf_16)
                                                         clknet_0_clk (net)
                      0.126640    0.001228    0.304734 ^ clkbuf_4_11_0_clk/A (sky130_fd_sc_hd__clkbuf_8)
    13    0.056438    0.108025    0.206778    0.511512 ^ clkbuf_4_11_0_clk/X (sky130_fd_sc_hd__clkbuf_8)
                                                         clknet_4_11_0_clk (net)
                      0.108025    0.000319    0.511831 ^ _3076_/CLK (sky130_fd_sc_hd__dfrtp_2)
     6    0.022294    0.084548    0.463876    0.975707 v _3076_/Q (sky130_fd_sc_hd__dfrtp_2)
                                                         my_sum_sub.cm_exp[6] (net)
                      0.084548    0.000335    0.976042 v _2637_/B2 (sky130_fd_sc_hd__o32a_1)
     2    0.005959    0.058301    0.184316    1.160358 v _2637_/X (sky130_fd_sc_hd__o32a_1)
                                                         _0936_ (net)
                      0.058301    0.000045    1.160403 v _2670_/B (sky130_fd_sc_hd__nand2_1)
     1    0.004285    0.052308    0.076336    1.236739 ^ _2670_/Y (sky130_fd_sc_hd__nand2_1)
                                                         _0960_ (net)
                      0.052308    0.000061    1.236800 ^ _2671_/C (sky130_fd_sc_hd__or4_4)
     7    0.024156    0.080762    0.154946    1.391746 ^ _2671_/X (sky130_fd_sc_hd__or4_4)
                                                         _0961_ (net)
                      0.080762    0.000134    1.391880 ^ _2673_/A2 (sky130_fd_sc_hd__a32o_1)
     1    0.004853    0.066656    0.176796    1.568676 ^ _2673_/X (sky130_fd_sc_hd__a32o_1)
                                                         _0282_ (net)
                      0.066656    0.000084    1.568760 ^ _3023_/D (sky130_fd_sc_hd__dfrtp_1)
                                              1.568760   data arrival time

                                  0.000000    0.000000   clock clk (rise edge)
                                  0.000000    0.000000   clock source latency
     1    0.024940    0.117813    0.081389    0.081389 ^ clk (in)
                                                         clk (net)
                      0.117831    0.000000    0.081389 ^ clkbuf_0_clk/A (sky130_fd_sc_hd__clkbuf_16)
    16    0.113144    0.126631    0.222117    0.303506 ^ clkbuf_0_clk/X (sky130_fd_sc_hd__clkbuf_16)
                                                         clknet_0_clk (net)
                      0.126641    0.001277    0.304783 ^ clkbuf_4_10_0_clk/A (sky130_fd_sc_hd__clkbuf_8)
    10    0.052073    0.101109    0.201423    0.506206 ^ clkbuf_4_10_0_clk/X (sky130_fd_sc_hd__clkbuf_8)
                                                         clknet_4_10_0_clk (net)
                      0.101109    0.000296    0.506502 ^ _3023_/CLK (sky130_fd_sc_hd__dfrtp_1)
                                  0.500000    1.006502   clock uncertainty
                                  0.000000    1.006502   clock reconvergence pessimism
                                 -0.031605    0.974896   library hold time
                                              0.974896   data required time
---------------------------------------------------------------------------------------------
                                              0.974896   data required time
                                             -1.568760   data arrival time
---------------------------------------------------------------------------------------------
                                              0.593864   slack (MET)


Startpoint: _3162_ (rising edge-triggered flip-flop clocked by clk)
Endpoint: _3160_ (rising edge-triggered flip-flop clocked by clk)
Path Group: clk
Path Type: min

Fanout         Cap        Slew       Delay        Time   Description
---------------------------------------------------------------------------------------------
                                  0.000000    0.000000   clock clk (rise edge)
                                  0.000000    0.000000   clock source latency
     1    0.024940    0.117813    0.081389    0.081389 ^ clk (in)
                                                         clk (net)
                      0.117831    0.000000    0.081389 ^ clkbuf_0_clk/A (sky130_fd_sc_hd__clkbuf_16)
    16    0.113144    0.126631    0.222117    0.303506 ^ clkbuf_0_clk/X (sky130_fd_sc_hd__clkbuf_16)
                                                         clknet_0_clk (net)
                      0.126648    0.001518    0.305024 ^ clkbuf_4_2_0_clk/A (sky130_fd_sc_hd__clkbuf_8)
    18    0.068234    0.127061    0.220356    0.525380 ^ clkbuf_4_2_0_clk/X (sky130_fd_sc_hd__clkbuf_8)
                                                         clknet_4_2_0_clk (net)
                      0.127067    0.001104    0.526483 ^ _3162_/CLK (sky130_fd_sc_hd__dfrtp_1)
     2    0.009077    0.093126    0.387678    0.914161 ^ _3162_/Q (sky130_fd_sc_hd__dfrtp_1)
                                                         my_sum_sub.start (net)
                      0.093126    0.000090    0.914251 ^ hold173/A (sky130_fd_sc_hd__dlygate4sd3_1)
     1    0.002984    0.054538    0.550750    1.465002 ^ hold173/X (sky130_fd_sc_hd__dlygate4sd3_1)
                                                         net178 (net)
                      0.054538    0.000034    1.465036 ^ _2787_/B (sky130_fd_sc_hd__and2_1)
     1    0.002753    0.045622    0.117109    1.582144 ^ _2787_/X (sky130_fd_sc_hd__and2_1)
                                                         _0003_ (net)
                      0.045622    0.000029    1.582174 ^ _3160_/D (sky130_fd_sc_hd__dfrtp_4)
                                              1.582174   data arrival time

                                  0.000000    0.000000   clock clk (rise edge)
                                  0.000000    0.000000   clock source latency
     1    0.024940    0.117813    0.081389    0.081389 ^ clk (in)
                                                         clk (net)
                      0.117831    0.000000    0.081389 ^ clkbuf_0_clk/A (sky130_fd_sc_hd__clkbuf_16)
    16    0.113144    0.126631    0.222117    0.303506 ^ clkbuf_0_clk/X (sky130_fd_sc_hd__clkbuf_16)
                                                         clknet_0_clk (net)
                      0.126645    0.001407    0.304913 ^ clkbuf_4_3_0_clk/A (sky130_fd_sc_hd__clkbuf_8)
    11    0.057380    0.109561    0.207812    0.512725 ^ clkbuf_4_3_0_clk/X (sky130_fd_sc_hd__clkbuf_8)
                                                         clknet_4_3_0_clk (net)
                      0.109561    0.000327    0.513052 ^ _3160_/CLK (sky130_fd_sc_hd__dfrtp_4)
                                  0.500000    1.013052   clock uncertainty
                                  0.000000    1.013052   clock reconvergence pessimism
                                 -0.026072    0.986981   library hold time
                                              0.986981   data required time
---------------------------------------------------------------------------------------------
                                              0.986981   data required time
                                             -1.582174   data arrival time
---------------------------------------------------------------------------------------------
                                              0.595193   slack (MET)


Startpoint: _3114_ (rising edge-triggered flip-flop clocked by clk)
Endpoint: _3113_ (rising edge-triggered flip-flop clocked by clk)
Path Group: clk
Path Type: min

Fanout         Cap        Slew       Delay        Time   Description
---------------------------------------------------------------------------------------------
                                  0.000000    0.000000   clock clk (rise edge)
                                  0.000000    0.000000   clock source latency
     1    0.024940    0.117813    0.081389    0.081389 ^ clk (in)
                                                         clk (net)
                      0.117831    0.000000    0.081389 ^ clkbuf_0_clk/A (sky130_fd_sc_hd__clkbuf_16)
    16    0.113144    0.126631    0.222117    0.303506 ^ clkbuf_0_clk/X (sky130_fd_sc_hd__clkbuf_16)
                                                         clknet_0_clk (net)
                      0.126637    0.001064    0.304570 ^ clkbuf_4_5_0_clk/A (sky130_fd_sc_hd__clkbuf_8)
    10    0.060713    0.114917    0.211687    0.516257 ^ clkbuf_4_5_0_clk/X (sky130_fd_sc_hd__clkbuf_8)
                                                         clknet_4_5_0_clk (net)
                      0.114932    0.001363    0.517620 ^ _3114_/CLK (sky130_fd_sc_hd__dfrtp_1)
     2    0.006327    0.072080    0.364941    0.882562 ^ _3114_/Q (sky130_fd_sc_hd__dfrtp_1)
                                                         shift_in[3] (net)
                      0.072080    0.000070    0.882632 ^ hold166/A (sky130_fd_sc_hd__dlygate4sd3_1)
     3    0.007625    0.095356    0.581093    1.463725 ^ hold166/X (sky130_fd_sc_hd__dlygate4sd3_1)
                                                         net171 (net)
                      0.095356    0.000079    1.463804 ^ _2118_/A0 (sky130_fd_sc_hd__mux2_1)
     1    0.002867    0.041936    0.132279    1.596083 ^ _2118_/X (sky130_fd_sc_hd__mux2_1)
                                                         _0209_ (net)
                      0.041936    0.000029    1.596112 ^ _3113_/D (sky130_fd_sc_hd__dfrtp_1)
                                              1.596112   data arrival time

                                  0.000000    0.000000   clock clk (rise edge)
                                  0.000000    0.000000   clock source latency
     1    0.024940    0.117813    0.081389    0.081389 ^ clk (in)
                                                         clk (net)
                      0.117831    0.000000    0.081389 ^ clkbuf_0_clk/A (sky130_fd_sc_hd__clkbuf_16)
    16    0.113144    0.126631    0.222117    0.303506 ^ clkbuf_0_clk/X (sky130_fd_sc_hd__clkbuf_16)
                                                         clknet_0_clk (net)
                      0.126638    0.001116    0.304622 ^ clkbuf_4_7_0_clk/A (sky130_fd_sc_hd__clkbuf_8)
    17    0.065580    0.122744    0.217395    0.522017 ^ clkbuf_4_7_0_clk/X (sky130_fd_sc_hd__clkbuf_8)
                                                         clknet_4_7_0_clk (net)
                      0.122771    0.001817    0.523834 ^ _3113_/CLK (sky130_fd_sc_hd__dfrtp_1)
                                  0.500000    1.023834   clock uncertainty
                                  0.000000    1.023834   clock reconvergence pessimism
                                 -0.023501    1.000333   library hold time
                                              1.000333   data required time
---------------------------------------------------------------------------------------------
                                              1.000333   data required time
                                             -1.596112   data arrival time
---------------------------------------------------------------------------------------------
                                              0.595779   slack (MET)


Startpoint: _3154_ (rising edge-triggered flip-flop clocked by clk)
Endpoint: _3145_ (rising edge-triggered flip-flop clocked by clk)
Path Group: clk
Path Type: min

Fanout         Cap        Slew       Delay        Time   Description
---------------------------------------------------------------------------------------------
                                  0.000000    0.000000   clock clk (rise edge)
                                  0.000000    0.000000   clock source latency
     1    0.024940    0.117813    0.081389    0.081389 ^ clk (in)
                                                         clk (net)
                      0.117831    0.000000    0.081389 ^ clkbuf_0_clk/A (sky130_fd_sc_hd__clkbuf_16)
    16    0.113144    0.126631    0.222117    0.303506 ^ clkbuf_0_clk/X (sky130_fd_sc_hd__clkbuf_16)
                                                         clknet_0_clk (net)
                      0.126655    0.001727    0.305233 ^ clkbuf_4_0_0_clk/A (sky130_fd_sc_hd__clkbuf_8)
    24    0.072074    0.132827    0.224642    0.529875 ^ clkbuf_4_0_0_clk/X (sky130_fd_sc_hd__clkbuf_8)
                                                         clknet_4_0_0_clk (net)
                      0.132861    0.002075    0.531950 ^ _3154_/CLK (sky130_fd_sc_hd__dfrtp_1)
     4    0.015041    0.141560    0.425743    0.957693 ^ _3154_/Q (sky130_fd_sc_hd__dfrtp_1)
                                                         state[2] (net)
                      0.141560    0.000239    0.957932 ^ _1517_/A (sky130_fd_sc_hd__nor2_1)
     4    0.011971    0.059931    0.104487    1.062419 v _1517_/Y (sky130_fd_sc_hd__nor2_1)
                                                         _1067_ (net)
                      0.059931    0.000101    1.062519 v _1521_/A2 (sky130_fd_sc_hd__o21a_1)
     1    0.005391    0.041812    0.181717    1.244237 v _1521_/X (sky130_fd_sc_hd__o21a_1)
                                                         _1071_ (net)
                      0.041812    0.000071    1.244307 v _1522_/A (sky130_fd_sc_hd__inv_2)
     3    0.009732    0.050487    0.061274    1.305581 ^ _1522_/Y (sky130_fd_sc_hd__inv_2)
                                                         _1072_ (net)
                      0.050487    0.000081    1.305662 ^ _1530_/A1 (sky130_fd_sc_hd__o21a_1)
     2    0.005602    0.063823    0.134194    1.439856 ^ _1530_/X (sky130_fd_sc_hd__o21a_1)
                                                         _1079_ (net)
                      0.063823    0.000040    1.439896 ^ _1534_/A_N (sky130_fd_sc_hd__and2b_1)
     1    0.002509    0.031607    0.171642    1.611538 v _1534_/X (sky130_fd_sc_hd__and2b_1)
                                                         _0241_ (net)
                      0.031607    0.000024    1.611562 v _3145_/D (sky130_fd_sc_hd__dfrtp_1)
                                              1.611562   data arrival time

                                  0.000000    0.000000   clock clk (rise edge)
                                  0.000000    0.000000   clock source latency
     1    0.024940    0.117813    0.081389    0.081389 ^ clk (in)
                                                         clk (net)
                      0.117831    0.000000    0.081389 ^ clkbuf_0_clk/A (sky130_fd_sc_hd__clkbuf_16)
    16    0.113144    0.126631    0.222117    0.303506 ^ clkbuf_0_clk/X (sky130_fd_sc_hd__clkbuf_16)
                                                         clknet_0_clk (net)
                      0.126655    0.001727    0.305233 ^ clkbuf_4_0_0_clk/A (sky130_fd_sc_hd__clkbuf_8)
    24    0.072074    0.132827    0.224642    0.529875 ^ clkbuf_4_0_0_clk/X (sky130_fd_sc_hd__clkbuf_8)
                                                         clknet_4_0_0_clk (net)
                      0.132903    0.002916    0.532791 ^ _3145_/CLK (sky130_fd_sc_hd__dfrtp_1)
                                  0.500000    1.032791   clock uncertainty
                                  0.000000    1.032791   clock reconvergence pessimism
                                 -0.020278    1.012514   library hold time
                                              1.012514   data required time
---------------------------------------------------------------------------------------------
                                              1.012514   data required time
                                             -1.611562   data arrival time
---------------------------------------------------------------------------------------------
                                              0.599048   slack (MET)


Startpoint: _3112_ (rising edge-triggered flip-flop clocked by clk)
Endpoint: _3112_ (rising edge-triggered flip-flop clocked by clk)
Path Group: clk
Path Type: min

Fanout         Cap        Slew       Delay        Time   Description
---------------------------------------------------------------------------------------------
                                  0.000000    0.000000   clock clk (rise edge)
                                  0.000000    0.000000   clock source latency
     1    0.024940    0.117813    0.081389    0.081389 ^ clk (in)
                                                         clk (net)
                      0.117831    0.000000    0.081389 ^ clkbuf_0_clk/A (sky130_fd_sc_hd__clkbuf_16)
    16    0.113144    0.126631    0.222117    0.303506 ^ clkbuf_0_clk/X (sky130_fd_sc_hd__clkbuf_16)
                                                         clknet_0_clk (net)
                      0.126637    0.001064    0.304570 ^ clkbuf_4_5_0_clk/A (sky130_fd_sc_hd__clkbuf_8)
    10    0.060713    0.114917    0.211687    0.516257 ^ clkbuf_4_5_0_clk/X (sky130_fd_sc_hd__clkbuf_8)
                                                         clknet_4_5_0_clk (net)
                      0.114930    0.001307    0.517564 ^ _3112_/CLK (sky130_fd_sc_hd__dfrtp_1)
     3    0.008182    0.086799    0.377445    0.895010 ^ _3112_/Q (sky130_fd_sc_hd__dfrtp_1)
                                                         shift_in[1] (net)
                      0.086799    0.000053    0.895063 ^ hold147/A (sky130_fd_sc_hd__dlygate4sd3_1)
     2    0.005844    0.079397    0.571627    1.466689 ^ hold147/X (sky130_fd_sc_hd__dlygate4sd3_1)
                                                         net152 (net)
                      0.079397    0.000076    1.466765 ^ _2119_/A1 (sky130_fd_sc_hd__mux2_1)
     1    0.002555    0.039573    0.126950    1.593716 ^ _2119_/X (sky130_fd_sc_hd__mux2_1)
                                                         _0208_ (net)
                      0.039573    0.000025    1.593741 ^ _3112_/D (sky130_fd_sc_hd__dfrtp_1)
                                              1.593741   data arrival time

                                  0.000000    0.000000   clock clk (rise edge)
                                  0.000000    0.000000   clock source latency
     1    0.024940    0.117813    0.081389    0.081389 ^ clk (in)
                                                         clk (net)
                      0.117831    0.000000    0.081389 ^ clkbuf_0_clk/A (sky130_fd_sc_hd__clkbuf_16)
    16    0.113144    0.126631    0.222117    0.303506 ^ clkbuf_0_clk/X (sky130_fd_sc_hd__clkbuf_16)
                                                         clknet_0_clk (net)
                      0.126637    0.001064    0.304570 ^ clkbuf_4_5_0_clk/A (sky130_fd_sc_hd__clkbuf_8)
    10    0.060713    0.114917    0.211687    0.516257 ^ clkbuf_4_5_0_clk/X (sky130_fd_sc_hd__clkbuf_8)
                                                         clknet_4_5_0_clk (net)
                      0.114930    0.001307    0.517564 ^ _3112_/CLK (sky130_fd_sc_hd__dfrtp_1)
                                  0.500000    1.017564   clock uncertainty
                                  0.000000    1.017564   clock reconvergence pessimism
                                 -0.024081    0.993483   library hold time
                                              0.993483   data required time
---------------------------------------------------------------------------------------------
                                              0.993483   data required time
                                             -1.593741   data arrival time
---------------------------------------------------------------------------------------------
                                              0.600258   slack (MET)


Startpoint: _3113_ (rising edge-triggered flip-flop clocked by clk)
Endpoint: _3097_ (rising edge-triggered flip-flop clocked by clk)
Path Group: clk
Path Type: min

Fanout         Cap        Slew       Delay        Time   Description
---------------------------------------------------------------------------------------------
                                  0.000000    0.000000   clock clk (rise edge)
                                  0.000000    0.000000   clock source latency
     1    0.024940    0.117813    0.081389    0.081389 ^ clk (in)
                                                         clk (net)
                      0.117831    0.000000    0.081389 ^ clkbuf_0_clk/A (sky130_fd_sc_hd__clkbuf_16)
    16    0.113144    0.126631    0.222117    0.303506 ^ clkbuf_0_clk/X (sky130_fd_sc_hd__clkbuf_16)
                                                         clknet_0_clk (net)
                      0.126638    0.001116    0.304622 ^ clkbuf_4_7_0_clk/A (sky130_fd_sc_hd__clkbuf_8)
    17    0.065580    0.122744    0.217395    0.522017 ^ clkbuf_4_7_0_clk/X (sky130_fd_sc_hd__clkbuf_8)
                                                         clknet_4_7_0_clk (net)
                      0.122771    0.001817    0.523834 ^ _3113_/CLK (sky130_fd_sc_hd__dfrtp_1)
     2    0.005865    0.068465    0.364719    0.888552 ^ _3113_/Q (sky130_fd_sc_hd__dfrtp_1)
                                                         shift_in[2] (net)
                      0.068465    0.000082    0.888634 ^ hold162/A (sky130_fd_sc_hd__dlygate4sd3_1)
     3    0.008049    0.098899    0.583326    1.471960 ^ hold162/X (sky130_fd_sc_hd__dlygate4sd3_1)
                                                         net167 (net)
                      0.098899    0.000055    1.472014 ^ _2137_/A0 (sky130_fd_sc_hd__mux2_1)
     1    0.002388    0.038237    0.129669    1.601684 ^ _2137_/X (sky130_fd_sc_hd__mux2_1)
                                                         _0356_ (net)
                      0.038237    0.000021    1.601705 ^ _3097_/D (sky130_fd_sc_hd__dfrtp_4)
                                              1.601705   data arrival time

                                  0.000000    0.000000   clock clk (rise edge)
                                  0.000000    0.000000   clock source latency
     1    0.024940    0.117813    0.081389    0.081389 ^ clk (in)
                                                         clk (net)
                      0.117831    0.000000    0.081389 ^ clkbuf_0_clk/A (sky130_fd_sc_hd__clkbuf_16)
    16    0.113144    0.126631    0.222117    0.303506 ^ clkbuf_0_clk/X (sky130_fd_sc_hd__clkbuf_16)
                                                         clknet_0_clk (net)
                      0.126638    0.001116    0.304622 ^ clkbuf_4_7_0_clk/A (sky130_fd_sc_hd__clkbuf_8)
    17    0.065580    0.122744    0.217395    0.522017 ^ clkbuf_4_7_0_clk/X (sky130_fd_sc_hd__clkbuf_8)
                                                         clknet_4_7_0_clk (net)
                      0.122770    0.001771    0.523788 ^ _3097_/CLK (sky130_fd_sc_hd__dfrtp_4)
                                  0.500000    1.023788   clock uncertainty
                                  0.000000    1.023788   clock reconvergence pessimism
                                 -0.022733    1.001055   library hold time
                                              1.001055   data required time
---------------------------------------------------------------------------------------------
                                              1.001055   data required time
                                             -1.601705   data arrival time
---------------------------------------------------------------------------------------------
                                              0.600650   slack (MET)


Startpoint: _3114_ (rising edge-triggered flip-flop clocked by clk)
Endpoint: _3114_ (rising edge-triggered flip-flop clocked by clk)
Path Group: clk
Path Type: min

Fanout         Cap        Slew       Delay        Time   Description
---------------------------------------------------------------------------------------------
                                  0.000000    0.000000   clock clk (rise edge)
                                  0.000000    0.000000   clock source latency
     1    0.024940    0.117813    0.081389    0.081389 ^ clk (in)
                                                         clk (net)
                      0.117831    0.000000    0.081389 ^ clkbuf_0_clk/A (sky130_fd_sc_hd__clkbuf_16)
    16    0.113144    0.126631    0.222117    0.303506 ^ clkbuf_0_clk/X (sky130_fd_sc_hd__clkbuf_16)
                                                         clknet_0_clk (net)
                      0.126637    0.001064    0.304570 ^ clkbuf_4_5_0_clk/A (sky130_fd_sc_hd__clkbuf_8)
    10    0.060713    0.114917    0.211687    0.516257 ^ clkbuf_4_5_0_clk/X (sky130_fd_sc_hd__clkbuf_8)
                                                         clknet_4_5_0_clk (net)
                      0.114932    0.001363    0.517620 ^ _3114_/CLK (sky130_fd_sc_hd__dfrtp_1)
     2    0.006327    0.072080    0.364941    0.882562 ^ _3114_/Q (sky130_fd_sc_hd__dfrtp_1)
                                                         shift_in[3] (net)
                      0.072080    0.000070    0.882632 ^ hold166/A (sky130_fd_sc_hd__dlygate4sd3_1)
     3    0.007625    0.095356    0.581093    1.463725 ^ hold166/X (sky130_fd_sc_hd__dlygate4sd3_1)
                                                         net171 (net)
                      0.095356    0.000094    1.463819 ^ _2117_/A1 (sky130_fd_sc_hd__mux2_1)
     1    0.002552    0.039556    0.132356    1.596174 ^ _2117_/X (sky130_fd_sc_hd__mux2_1)
                                                         _0210_ (net)
                      0.039556    0.000024    1.596198 ^ _3114_/D (sky130_fd_sc_hd__dfrtp_1)
                                              1.596198   data arrival time

                                  0.000000    0.000000   clock clk (rise edge)
                                  0.000000    0.000000   clock source latency
     1    0.024940    0.117813    0.081389    0.081389 ^ clk (in)
                                                         clk (net)
                      0.117831    0.000000    0.081389 ^ clkbuf_0_clk/A (sky130_fd_sc_hd__clkbuf_16)
    16    0.113144    0.126631    0.222117    0.303506 ^ clkbuf_0_clk/X (sky130_fd_sc_hd__clkbuf_16)
                                                         clknet_0_clk (net)
                      0.126637    0.001064    0.304570 ^ clkbuf_4_5_0_clk/A (sky130_fd_sc_hd__clkbuf_8)
    10    0.060713    0.114917    0.211687    0.516257 ^ clkbuf_4_5_0_clk/X (sky130_fd_sc_hd__clkbuf_8)
                                                         clknet_4_5_0_clk (net)
                      0.114932    0.001363    0.517620 ^ _3114_/CLK (sky130_fd_sc_hd__dfrtp_1)
                                  0.500000    1.017620   clock uncertainty
                                  0.000000    1.017620   clock reconvergence pessimism
                                 -0.024077    0.993543   library hold time
                                              0.993543   data required time
---------------------------------------------------------------------------------------------
                                              0.993543   data required time
                                             -1.596198   data arrival time
---------------------------------------------------------------------------------------------
                                              0.602655   slack (MET)


Startpoint: _3014_ (rising edge-triggered flip-flop clocked by clk)
Endpoint: _3015_ (rising edge-triggered flip-flop clocked by clk)
Path Group: clk
Path Type: min

Fanout         Cap        Slew       Delay        Time   Description
---------------------------------------------------------------------------------------------
                                  0.000000    0.000000   clock clk (rise edge)
                                  0.000000    0.000000   clock source latency
     1    0.024940    0.117813    0.081389    0.081389 ^ clk (in)
                                                         clk (net)
                      0.117831    0.000000    0.081389 ^ clkbuf_0_clk/A (sky130_fd_sc_hd__clkbuf_16)
    16    0.113144    0.126631    0.222117    0.303506 ^ clkbuf_0_clk/X (sky130_fd_sc_hd__clkbuf_16)
                                                         clknet_0_clk (net)
                      0.126648    0.001518    0.305024 ^ clkbuf_4_2_0_clk/A (sky130_fd_sc_hd__clkbuf_8)
    18    0.068234    0.127061    0.220356    0.525380 ^ clkbuf_4_2_0_clk/X (sky130_fd_sc_hd__clkbuf_8)
                                                         clknet_4_2_0_clk (net)
                      0.127102    0.002217    0.527597 ^ _3014_/CLK (sky130_fd_sc_hd__dfrtp_1)
     3    0.010922    0.107802    0.399067    0.926664 ^ _3014_/Q (sky130_fd_sc_hd__dfrtp_1)
                                                         div_quotient[4] (net)
                      0.107802    0.000154    0.926818 ^ _2694_/A1 (sky130_fd_sc_hd__a22o_1)
     1    0.003079    0.046546    0.145606    1.072423 ^ _2694_/X (sky130_fd_sc_hd__a22o_1)
                                                         _0274_ (net)
                      0.046546    0.000042    1.072465 ^ hold161/A (sky130_fd_sc_hd__dlygate4sd3_1)
     1    0.002868    0.053518    0.536012    1.608477 ^ hold161/X (sky130_fd_sc_hd__dlygate4sd3_1)
                                                         net166 (net)
                      0.053518    0.000030    1.608506 ^ _3015_/D (sky130_fd_sc_hd__dfrtp_1)
                                              1.608506   data arrival time

                                  0.000000    0.000000   clock clk (rise edge)
                                  0.000000    0.000000   clock source latency
     1    0.024940    0.117813    0.081389    0.081389 ^ clk (in)
                                                         clk (net)
                      0.117831    0.000000    0.081389 ^ clkbuf_0_clk/A (sky130_fd_sc_hd__clkbuf_16)
    16    0.113144    0.126631    0.222117    0.303506 ^ clkbuf_0_clk/X (sky130_fd_sc_hd__clkbuf_16)
                                                         clknet_0_clk (net)
                      0.126648    0.001518    0.305024 ^ clkbuf_4_2_0_clk/A (sky130_fd_sc_hd__clkbuf_8)
    18    0.068234    0.127061    0.220356    0.525380 ^ clkbuf_4_2_0_clk/X (sky130_fd_sc_hd__clkbuf_8)
                                                         clknet_4_2_0_clk (net)
                      0.127072    0.001348    0.526728 ^ _3015_/CLK (sky130_fd_sc_hd__dfrtp_1)
                                  0.500000    1.026728   clock uncertainty
                                  0.000000    1.026728   clock reconvergence pessimism
                                 -0.025317    1.001411   library hold time
                                              1.001411   data required time
---------------------------------------------------------------------------------------------
                                              1.001411   data required time
                                             -1.608506   data arrival time
---------------------------------------------------------------------------------------------
                                              0.607096   slack (MET)


Startpoint: _3026_ (rising edge-triggered flip-flop clocked by clk)
Endpoint: _3026_ (rising edge-triggered flip-flop clocked by clk)
Path Group: clk
Path Type: min

Fanout         Cap        Slew       Delay        Time   Description
---------------------------------------------------------------------------------------------
                                  0.000000    0.000000   clock clk (rise edge)
                                  0.000000    0.000000   clock source latency
     1    0.024940    0.117813    0.081389    0.081389 ^ clk (in)
                                                         clk (net)
                      0.117831    0.000000    0.081389 ^ clkbuf_0_clk/A (sky130_fd_sc_hd__clkbuf_16)
    16    0.113144    0.126631    0.222117    0.303506 ^ clkbuf_0_clk/X (sky130_fd_sc_hd__clkbuf_16)
                                                         clknet_0_clk (net)
                      0.126640    0.001228    0.304734 ^ clkbuf_4_11_0_clk/A (sky130_fd_sc_hd__clkbuf_8)
    13    0.056438    0.108025    0.206778    0.511512 ^ clkbuf_4_11_0_clk/X (sky130_fd_sc_hd__clkbuf_8)
                                                         clknet_4_11_0_clk (net)
                      0.108025    0.000424    0.511935 ^ _3026_/CLK (sky130_fd_sc_hd__dfrtp_1)
     1    0.002284    0.041325    0.333188    0.845123 ^ _3026_/Q (sky130_fd_sc_hd__dfrtp_1)
                                                         my_sum_sub.result[9] (net)
                      0.041325    0.000023    0.845146 ^ hold164/A (sky130_fd_sc_hd__dlygate4sd3_1)
     2    0.011789    0.132229    0.601323    1.446469 ^ hold164/X (sky130_fd_sc_hd__dlygate4sd3_1)
                                                         net169 (net)
                      0.132229    0.000056    1.446525 ^ _2666_/A2 (sky130_fd_sc_hd__a22o_1)
     1    0.002298    0.040462    0.148427    1.594951 ^ _2666_/X (sky130_fd_sc_hd__a22o_1)
                                                         _0285_ (net)
                      0.040462    0.000011    1.594962 ^ _3026_/D (sky130_fd_sc_hd__dfrtp_1)
                                              1.594962   data arrival time

                                  0.000000    0.000000   clock clk (rise edge)
                                  0.000000    0.000000   clock source latency
     1    0.024940    0.117813    0.081389    0.081389 ^ clk (in)
                                                         clk (net)
                      0.117831    0.000000    0.081389 ^ clkbuf_0_clk/A (sky130_fd_sc_hd__clkbuf_16)
    16    0.113144    0.126631    0.222117    0.303506 ^ clkbuf_0_clk/X (sky130_fd_sc_hd__clkbuf_16)
                                                         clknet_0_clk (net)
                      0.126640    0.001228    0.304734 ^ clkbuf_4_11_0_clk/A (sky130_fd_sc_hd__clkbuf_8)
    13    0.056438    0.108025    0.206778    0.511512 ^ clkbuf_4_11_0_clk/X (sky130_fd_sc_hd__clkbuf_8)
                                                         clknet_4_11_0_clk (net)
                      0.108025    0.000424    0.511935 ^ _3026_/CLK (sky130_fd_sc_hd__dfrtp_1)
                                  0.500000    1.011935   clock uncertainty
                                  0.000000    1.011935   clock reconvergence pessimism
                                 -0.025208    0.986727   library hold time
                                              0.986727   data required time
---------------------------------------------------------------------------------------------
                                              0.986727   data required time
                                             -1.594962   data arrival time
---------------------------------------------------------------------------------------------
                                              0.608236   slack (MET)


Startpoint: _3075_ (rising edge-triggered flip-flop clocked by clk)
Endpoint: _3075_ (rising edge-triggered flip-flop clocked by clk)
Path Group: clk
Path Type: min

Fanout         Cap        Slew       Delay        Time   Description
---------------------------------------------------------------------------------------------
                                  0.000000    0.000000   clock clk (rise edge)
                                  0.000000    0.000000   clock source latency
     1    0.024940    0.117813    0.081389    0.081389 ^ clk (in)
                                                         clk (net)
                      0.117831    0.000000    0.081389 ^ clkbuf_0_clk/A (sky130_fd_sc_hd__clkbuf_16)
    16    0.113144    0.126631    0.222117    0.303506 ^ clkbuf_0_clk/X (sky130_fd_sc_hd__clkbuf_16)
                                                         clknet_0_clk (net)
                      0.126640    0.001228    0.304734 ^ clkbuf_4_11_0_clk/A (sky130_fd_sc_hd__clkbuf_8)
    13    0.056438    0.108025    0.206778    0.511512 ^ clkbuf_4_11_0_clk/X (sky130_fd_sc_hd__clkbuf_8)
                                                         clknet_4_11_0_clk (net)
                      0.108025    0.000411    0.511922 ^ _3075_/CLK (sky130_fd_sc_hd__dfrtp_1)
     4    0.013586    0.129609    0.408382    0.920305 ^ _3075_/Q (sky130_fd_sc_hd__dfrtp_1)
                                                         my_sum_sub.cm_exp[5] (net)
                      0.129609    0.000079    0.920383 ^ _2166_/A0 (sky130_fd_sc_hd__mux2_1)
     1    0.002266    0.037334    0.138541    1.058925 ^ _2166_/X (sky130_fd_sc_hd__mux2_1)
                                                         _0334_ (net)
                      0.037334    0.000013    1.058938 ^ hold113/A (sky130_fd_sc_hd__dlygate4sd3_1)
     1    0.002937    0.054106    0.533647    1.592585 ^ hold113/X (sky130_fd_sc_hd__dlygate4sd3_1)
                                                         net118 (net)
                      0.054106    0.000031    1.592616 ^ _3075_/D (sky130_fd_sc_hd__dfrtp_1)
                                              1.592616   data arrival time

                                  0.000000    0.000000   clock clk (rise edge)
                                  0.000000    0.000000   clock source latency
     1    0.024940    0.117813    0.081389    0.081389 ^ clk (in)
                                                         clk (net)
                      0.117831    0.000000    0.081389 ^ clkbuf_0_clk/A (sky130_fd_sc_hd__clkbuf_16)
    16    0.113144    0.126631    0.222117    0.303506 ^ clkbuf_0_clk/X (sky130_fd_sc_hd__clkbuf_16)
                                                         clknet_0_clk (net)
                      0.126640    0.001228    0.304734 ^ clkbuf_4_11_0_clk/A (sky130_fd_sc_hd__clkbuf_8)
    13    0.056438    0.108025    0.206778    0.511512 ^ clkbuf_4_11_0_clk/X (sky130_fd_sc_hd__clkbuf_8)
                                                         clknet_4_11_0_clk (net)
                      0.108025    0.000411    0.511922 ^ _3075_/CLK (sky130_fd_sc_hd__dfrtp_1)
                                  0.500000    1.011922   clock uncertainty
                                  0.000000    1.011922   clock reconvergence pessimism
                                 -0.028046    0.983876   library hold time
                                              0.983876   data required time
---------------------------------------------------------------------------------------------
                                              0.983876   data required time
                                             -1.592616   data arrival time
---------------------------------------------------------------------------------------------
                                              0.608739   slack (MET)


Startpoint: _3069_ (rising edge-triggered flip-flop clocked by clk)
Endpoint: _3069_ (rising edge-triggered flip-flop clocked by clk)
Path Group: clk
Path Type: min

Fanout         Cap        Slew       Delay        Time   Description
---------------------------------------------------------------------------------------------
                                  0.000000    0.000000   clock clk (rise edge)
                                  0.000000    0.000000   clock source latency
     1    0.024940    0.117813    0.081389    0.081389 ^ clk (in)
                                                         clk (net)
                      0.117831    0.000000    0.081389 ^ clkbuf_0_clk/A (sky130_fd_sc_hd__clkbuf_16)
    16    0.113144    0.126631    0.222117    0.303506 ^ clkbuf_0_clk/X (sky130_fd_sc_hd__clkbuf_16)
                                                         clknet_0_clk (net)
                      0.126657    0.001782    0.305288 ^ clkbuf_4_12_0_clk/A (sky130_fd_sc_hd__clkbuf_8)
     8    0.057091    0.109116    0.207421    0.512709 ^ clkbuf_4_12_0_clk/X (sky130_fd_sc_hd__clkbuf_8)
                                                         clknet_4_12_0_clk (net)
                      0.109118    0.000701    0.513410 ^ _3069_/CLK (sky130_fd_sc_hd__dfrtp_1)
     1    0.003018    0.046810    0.339668    0.853078 ^ _3069_/Q (sky130_fd_sc_hd__dfrtp_1)
                                                         my_sum_sub.cm_sign (net)
                      0.046810    0.000042    0.853119 ^ hold143/A (sky130_fd_sc_hd__dlygate4sd3_1)
     2    0.011741    0.131834    0.602768    1.455888 ^ hold143/X (sky130_fd_sc_hd__dlygate4sd3_1)
                                                         net148 (net)
                      0.131834    0.000087    1.455974 ^ _2173_/A0 (sky130_fd_sc_hd__mux2_1)
     1    0.002594    0.039881    0.141710    1.597685 ^ _2173_/X (sky130_fd_sc_hd__mux2_1)
                                                         _0328_ (net)
                      0.039881    0.000024    1.597709 ^ _3069_/D (sky130_fd_sc_hd__dfrtp_1)
                                              1.597709   data arrival time

                                  0.000000    0.000000   clock clk (rise edge)
                                  0.000000    0.000000   clock source latency
     1    0.024940    0.117813    0.081389    0.081389 ^ clk (in)
                                                         clk (net)
                      0.117831    0.000000    0.081389 ^ clkbuf_0_clk/A (sky130_fd_sc_hd__clkbuf_16)
    16    0.113144    0.126631    0.222117    0.303506 ^ clkbuf_0_clk/X (sky130_fd_sc_hd__clkbuf_16)
                                                         clknet_0_clk (net)
                      0.126657    0.001782    0.305288 ^ clkbuf_4_12_0_clk/A (sky130_fd_sc_hd__clkbuf_8)
     8    0.057091    0.109116    0.207421    0.512709 ^ clkbuf_4_12_0_clk/X (sky130_fd_sc_hd__clkbuf_8)
                                                         clknet_4_12_0_clk (net)
                      0.109118    0.000701    0.513410 ^ _3069_/CLK (sky130_fd_sc_hd__dfrtp_1)
                                  0.500000    1.013410   clock uncertainty
                                  0.000000    1.013410   clock reconvergence pessimism
                                 -0.024938    0.988472   library hold time
                                              0.988472   data required time
---------------------------------------------------------------------------------------------
                                              0.988472   data required time
                                             -1.597709   data arrival time
---------------------------------------------------------------------------------------------
                                              0.609237   slack (MET)


Startpoint: _3043_ (rising edge-triggered flip-flop clocked by clk)
Endpoint: _3043_ (rising edge-triggered flip-flop clocked by clk)
Path Group: clk
Path Type: min

Fanout         Cap        Slew       Delay        Time   Description
---------------------------------------------------------------------------------------------
                                  0.000000    0.000000   clock clk (rise edge)
                                  0.000000    0.000000   clock source latency
     1    0.024940    0.117813    0.081389    0.081389 ^ clk (in)
                                                         clk (net)
                      0.117831    0.000000    0.081389 ^ clkbuf_0_clk/A (sky130_fd_sc_hd__clkbuf_16)
    16    0.113144    0.126631    0.222117    0.303506 ^ clkbuf_0_clk/X (sky130_fd_sc_hd__clkbuf_16)
                                                         clknet_0_clk (net)
                      0.126666    0.002024    0.305530 ^ clkbuf_4_15_0_clk/A (sky130_fd_sc_hd__clkbuf_8)
    13    0.062000    0.117026    0.213087    0.518618 ^ clkbuf_4_15_0_clk/X (sky130_fd_sc_hd__clkbuf_8)
                                                         clknet_4_15_0_clk (net)
                      0.117027    0.000638    0.519255 ^ _3043_/CLK (sky130_fd_sc_hd__dfrtp_1)
     4    0.010901    0.107617    0.395525    0.914780 ^ _3043_/Q (sky130_fd_sc_hd__dfrtp_1)
                                                         my_sum_sub.al_ma[2] (net)
                      0.107617    0.000050    0.914831 ^ hold201/A (sky130_fd_sc_hd__dlygate4sd3_1)
     1    0.003624    0.059943    0.560508    1.475339 ^ hold201/X (sky130_fd_sc_hd__dlygate4sd3_1)
                                                         net206 (net)
                      0.059943    0.000046    1.475385 ^ _2378_/A2 (sky130_fd_sc_hd__a221o_1)
     1    0.002324    0.037330    0.133384    1.608768 ^ _2378_/X (sky130_fd_sc_hd__a221o_1)
                                                         _0302_ (net)
                      0.037330    0.000020    1.608789 ^ _3043_/D (sky130_fd_sc_hd__dfrtp_1)
                                              1.608789   data arrival time

                                  0.000000    0.000000   clock clk (rise edge)
                                  0.000000    0.000000   clock source latency
     1    0.024940    0.117813    0.081389    0.081389 ^ clk (in)
                                                         clk (net)
                      0.117831    0.000000    0.081389 ^ clkbuf_0_clk/A (sky130_fd_sc_hd__clkbuf_16)
    16    0.113144    0.126631    0.222117    0.303506 ^ clkbuf_0_clk/X (sky130_fd_sc_hd__clkbuf_16)
                                                         clknet_0_clk (net)
                      0.126666    0.002024    0.305530 ^ clkbuf_4_15_0_clk/A (sky130_fd_sc_hd__clkbuf_8)
    13    0.062000    0.117026    0.213087    0.518618 ^ clkbuf_4_15_0_clk/X (sky130_fd_sc_hd__clkbuf_8)
                                                         clknet_4_15_0_clk (net)
                      0.117027    0.000638    0.519255 ^ _3043_/CLK (sky130_fd_sc_hd__dfrtp_1)
                                  0.500000    1.019255   clock uncertainty
                                  0.000000    1.019255   clock reconvergence pessimism
                                 -0.023329    0.995927   library hold time
                                              0.995927   data required time
---------------------------------------------------------------------------------------------
                                              0.995927   data required time
                                             -1.608789   data arrival time
---------------------------------------------------------------------------------------------
                                              0.612862   slack (MET)


Startpoint: _3117_ (rising edge-triggered flip-flop clocked by clk)
Endpoint: _3117_ (rising edge-triggered flip-flop clocked by clk)
Path Group: clk
Path Type: min

Fanout         Cap        Slew       Delay        Time   Description
---------------------------------------------------------------------------------------------
                                  0.000000    0.000000   clock clk (rise edge)
                                  0.000000    0.000000   clock source latency
     1    0.024940    0.117813    0.081389    0.081389 ^ clk (in)
                                                         clk (net)
                      0.117831    0.000000    0.081389 ^ clkbuf_0_clk/A (sky130_fd_sc_hd__clkbuf_16)
    16    0.113144    0.126631    0.222117    0.303506 ^ clkbuf_0_clk/X (sky130_fd_sc_hd__clkbuf_16)
                                                         clknet_0_clk (net)
                      0.126655    0.001727    0.305233 ^ clkbuf_4_0_0_clk/A (sky130_fd_sc_hd__clkbuf_8)
    24    0.072074    0.132827    0.224642    0.529875 ^ clkbuf_4_0_0_clk/X (sky130_fd_sc_hd__clkbuf_8)
                                                         clknet_4_0_0_clk (net)
                      0.132846    0.001625    0.531500 ^ _3117_/CLK (sky130_fd_sc_hd__dfrtp_1)
     1    0.002031    0.039259    0.339688    0.871188 ^ _3117_/Q (sky130_fd_sc_hd__dfrtp_1)
                                                         shift_in[6] (net)
                      0.039259    0.000017    0.871205 ^ hold234/A (sky130_fd_sc_hd__dlygate4sd3_1)
     5    0.013374    0.146813    0.611596    1.482801 ^ hold234/X (sky130_fd_sc_hd__dlygate4sd3_1)
                                                         net239 (net)
                      0.146813    0.000133    1.482934 ^ _2114_/A1 (sky130_fd_sc_hd__mux2_1)
     1    0.002460    0.038870    0.146816    1.629751 ^ _2114_/X (sky130_fd_sc_hd__mux2_1)
                                                         _0213_ (net)
                      0.038870    0.000022    1.629773 ^ _3117_/D (sky130_fd_sc_hd__dfrtp_1)
                                              1.629773   data arrival time

                                  0.000000    0.000000   clock clk (rise edge)
                                  0.000000    0.000000   clock source latency
     1    0.024940    0.117813    0.081389    0.081389 ^ clk (in)
                                                         clk (net)
                      0.117831    0.000000    0.081389 ^ clkbuf_0_clk/A (sky130_fd_sc_hd__clkbuf_16)
    16    0.113144    0.126631    0.222117    0.303506 ^ clkbuf_0_clk/X (sky130_fd_sc_hd__clkbuf_16)
                                                         clknet_0_clk (net)
                      0.126655    0.001727    0.305233 ^ clkbuf_4_0_0_clk/A (sky130_fd_sc_hd__clkbuf_8)
    24    0.072074    0.132827    0.224642    0.529875 ^ clkbuf_4_0_0_clk/X (sky130_fd_sc_hd__clkbuf_8)
                                                         clknet_4_0_0_clk (net)
                      0.132846    0.001625    0.531500 ^ _3117_/CLK (sky130_fd_sc_hd__dfrtp_1)
                                  0.500000    1.031500   clock uncertainty
                                  0.000000    1.031500   clock reconvergence pessimism
                                 -0.021490    1.010011   library hold time
                                              1.010011   data required time
---------------------------------------------------------------------------------------------
                                              1.010011   data required time
                                             -1.629773   data arrival time
---------------------------------------------------------------------------------------------
                                              0.619762   slack (MET)


Startpoint: _3027_ (rising edge-triggered flip-flop clocked by clk)
Endpoint: _3027_ (rising edge-triggered flip-flop clocked by clk)
Path Group: clk
Path Type: min

Fanout         Cap        Slew       Delay        Time   Description
---------------------------------------------------------------------------------------------
                                  0.000000    0.000000   clock clk (rise edge)
                                  0.000000    0.000000   clock source latency
     1    0.024940    0.117813    0.081389    0.081389 ^ clk (in)
                                                         clk (net)
                      0.117831    0.000000    0.081389 ^ clkbuf_0_clk/A (sky130_fd_sc_hd__clkbuf_16)
    16    0.113144    0.126631    0.222117    0.303506 ^ clkbuf_0_clk/X (sky130_fd_sc_hd__clkbuf_16)
                                                         clknet_0_clk (net)
                      0.126641    0.001277    0.304783 ^ clkbuf_4_10_0_clk/A (sky130_fd_sc_hd__clkbuf_8)
    10    0.052073    0.101109    0.201423    0.506206 ^ clkbuf_4_10_0_clk/X (sky130_fd_sc_hd__clkbuf_8)
                                                         clknet_4_10_0_clk (net)
                      0.101109    0.000245    0.506451 ^ _3027_/CLK (sky130_fd_sc_hd__dfrtp_1)
     1    0.002437    0.042411    0.331869    0.838320 ^ _3027_/Q (sky130_fd_sc_hd__dfrtp_1)
                                                         my_sum_sub.result[10] (net)
                      0.042411    0.000025    0.838345 ^ hold174/A (sky130_fd_sc_hd__dlygate4sd3_1)
     2    0.012837    0.141901    0.608848    1.447193 ^ hold174/X (sky130_fd_sc_hd__dlygate4sd3_1)
                                                         net179 (net)
                      0.141901    0.000043    1.447236 ^ _2665_/A2 (sky130_fd_sc_hd__a22o_1)
     1    0.002631    0.042021    0.153308    1.600544 ^ _2665_/X (sky130_fd_sc_hd__a22o_1)
                                                         _0286_ (net)
                      0.042021    0.000025    1.600569 ^ _3027_/D (sky130_fd_sc_hd__dfrtp_1)
                                              1.600569   data arrival time

                                  0.000000    0.000000   clock clk (rise edge)
                                  0.000000    0.000000   clock source latency
     1    0.024940    0.117813    0.081389    0.081389 ^ clk (in)
                                                         clk (net)
                      0.117831    0.000000    0.081389 ^ clkbuf_0_clk/A (sky130_fd_sc_hd__clkbuf_16)
    16    0.113144    0.126631    0.222117    0.303506 ^ clkbuf_0_clk/X (sky130_fd_sc_hd__clkbuf_16)
                                                         clknet_0_clk (net)
                      0.126641    0.001277    0.304783 ^ clkbuf_4_10_0_clk/A (sky130_fd_sc_hd__clkbuf_8)
    10    0.052073    0.101109    0.201423    0.506206 ^ clkbuf_4_10_0_clk/X (sky130_fd_sc_hd__clkbuf_8)
                                                         clknet_4_10_0_clk (net)
                      0.101109    0.000245    0.506451 ^ _3027_/CLK (sky130_fd_sc_hd__dfrtp_1)
                                  0.500000    1.006451   clock uncertainty
                                  0.000000    1.006451   clock reconvergence pessimism
                                 -0.026477    0.979974   library hold time
                                              0.979974   data required time
---------------------------------------------------------------------------------------------
                                              0.979974   data required time
                                             -1.600569   data arrival time
---------------------------------------------------------------------------------------------
                                              0.620596   slack (MET)


Startpoint: _3079_ (rising edge-triggered flip-flop clocked by clk)
Endpoint: _3041_ (rising edge-triggered flip-flop clocked by clk)
Path Group: clk
Path Type: min

Fanout         Cap        Slew       Delay        Time   Description
---------------------------------------------------------------------------------------------
                                  0.000000    0.000000   clock clk (rise edge)
                                  0.000000    0.000000   clock source latency
     1    0.024940    0.117813    0.081389    0.081389 ^ clk (in)
                                                         clk (net)
                      0.117831    0.000000    0.081389 ^ clkbuf_0_clk/A (sky130_fd_sc_hd__clkbuf_16)
    16    0.113144    0.126631    0.222117    0.303506 ^ clkbuf_0_clk/X (sky130_fd_sc_hd__clkbuf_16)
                                                         clknet_0_clk (net)
                      0.126634    0.000903    0.304410 ^ clkbuf_4_6_0_clk/A (sky130_fd_sc_hd__clkbuf_8)
    12    0.055843    0.107139    0.205869    0.510279 ^ clkbuf_4_6_0_clk/X (sky130_fd_sc_hd__clkbuf_8)
                                                         clknet_4_6_0_clk (net)
                      0.107141    0.000694    0.510972 ^ _3079_/CLK (sky130_fd_sc_hd__dfrtp_4)
    17    0.070117    0.213045    0.562843    1.073815 ^ _3079_/Q (sky130_fd_sc_hd__dfrtp_4)
                                                         acc_reg[0] (net)
                      0.213054    0.001855    1.075669 ^ _2360_/A (sky130_fd_sc_hd__and2_1)
     3    0.020418    0.205616    0.275972    1.351642 ^ _2360_/X (sky130_fd_sc_hd__and2_1)
                                                         _0676_ (net)
                      0.205616    0.000235    1.351877 ^ _2381_/B (sky130_fd_sc_hd__and2_1)
     1    0.003267    0.051862    0.157906    1.509783 ^ _2381_/X (sky130_fd_sc_hd__and2_1)
                                                         _0689_ (net)
                      0.051862    0.000036    1.509820 ^ _2382_/C1 (sky130_fd_sc_hd__a221o_1)
     1    0.003697    0.048731    0.104819    1.614639 ^ _2382_/X (sky130_fd_sc_hd__a221o_1)
                                                         _0300_ (net)
                      0.048731    0.000049    1.614688 ^ _3041_/D (sky130_fd_sc_hd__dfrtp_2)
                                              1.614688   data arrival time

                                  0.000000    0.000000   clock clk (rise edge)
                                  0.000000    0.000000   clock source latency
     1    0.024940    0.117813    0.081389    0.081389 ^ clk (in)
                                                         clk (net)
                      0.117831    0.000000    0.081389 ^ clkbuf_0_clk/A (sky130_fd_sc_hd__clkbuf_16)
    16    0.113144    0.126631    0.222117    0.303506 ^ clkbuf_0_clk/X (sky130_fd_sc_hd__clkbuf_16)
                                                         clknet_0_clk (net)
                      0.126666    0.002024    0.305530 ^ clkbuf_4_15_0_clk/A (sky130_fd_sc_hd__clkbuf_8)
    13    0.062000    0.117026    0.213087    0.518618 ^ clkbuf_4_15_0_clk/X (sky130_fd_sc_hd__clkbuf_8)
                                                         clknet_4_15_0_clk (net)
                      0.117027    0.000652    0.519270 ^ _3041_/CLK (sky130_fd_sc_hd__dfrtp_2)
                                  0.500000    1.019270   clock uncertainty
                                  0.000000    1.019270   clock reconvergence pessimism
                                 -0.025601    0.993669   library hold time
                                              0.993669   data required time
---------------------------------------------------------------------------------------------
                                              0.993669   data required time
                                             -1.614688   data arrival time
---------------------------------------------------------------------------------------------
                                              0.621020   slack (MET)


Startpoint: _3117_ (rising edge-triggered flip-flop clocked by clk)
Endpoint: _3116_ (rising edge-triggered flip-flop clocked by clk)
Path Group: clk
Path Type: min

Fanout         Cap        Slew       Delay        Time   Description
---------------------------------------------------------------------------------------------
                                  0.000000    0.000000   clock clk (rise edge)
                                  0.000000    0.000000   clock source latency
     1    0.024940    0.117813    0.081389    0.081389 ^ clk (in)
                                                         clk (net)
                      0.117831    0.000000    0.081389 ^ clkbuf_0_clk/A (sky130_fd_sc_hd__clkbuf_16)
    16    0.113144    0.126631    0.222117    0.303506 ^ clkbuf_0_clk/X (sky130_fd_sc_hd__clkbuf_16)
                                                         clknet_0_clk (net)
                      0.126655    0.001727    0.305233 ^ clkbuf_4_0_0_clk/A (sky130_fd_sc_hd__clkbuf_8)
    24    0.072074    0.132827    0.224642    0.529875 ^ clkbuf_4_0_0_clk/X (sky130_fd_sc_hd__clkbuf_8)
                                                         clknet_4_0_0_clk (net)
                      0.132846    0.001625    0.531500 ^ _3117_/CLK (sky130_fd_sc_hd__dfrtp_1)
     1    0.002031    0.039259    0.339688    0.871188 ^ _3117_/Q (sky130_fd_sc_hd__dfrtp_1)
                                                         shift_in[6] (net)
                      0.039259    0.000017    0.871205 ^ hold234/A (sky130_fd_sc_hd__dlygate4sd3_1)
     5    0.013374    0.146813    0.611596    1.482801 ^ hold234/X (sky130_fd_sc_hd__dlygate4sd3_1)
                                                         net239 (net)
                      0.146813    0.000143    1.482945 ^ _2115_/A0 (sky130_fd_sc_hd__mux2_1)
     1    0.002353    0.038108    0.143420    1.626365 ^ _2115_/X (sky130_fd_sc_hd__mux2_1)
                                                         _0212_ (net)
                      0.038108    0.000021    1.626386 ^ _3116_/D (sky130_fd_sc_hd__dfrtp_2)
                                              1.626386   data arrival time

                                  0.000000    0.000000   clock clk (rise edge)
                                  0.000000    0.000000   clock source latency
     1    0.024940    0.117813    0.081389    0.081389 ^ clk (in)
                                                         clk (net)
                      0.117831    0.000000    0.081389 ^ clkbuf_0_clk/A (sky130_fd_sc_hd__clkbuf_16)
    16    0.113144    0.126631    0.222117    0.303506 ^ clkbuf_0_clk/X (sky130_fd_sc_hd__clkbuf_16)
                                                         clknet_0_clk (net)
                      0.126656    0.001769    0.305275 ^ clkbuf_4_1_0_clk/A (sky130_fd_sc_hd__clkbuf_8)
    16    0.066697    0.124509    0.218819    0.524094 ^ clkbuf_4_1_0_clk/X (sky130_fd_sc_hd__clkbuf_8)
                                                         clknet_4_1_0_clk (net)
                      0.124516    0.001119    0.525214 ^ _3116_/CLK (sky130_fd_sc_hd__dfrtp_2)
                                  0.500000    1.025214   clock uncertainty
                                  0.000000    1.025214   clock reconvergence pessimism
                                 -0.022398    1.002815   library hold time
                                              1.002815   data required time
---------------------------------------------------------------------------------------------
                                              1.002815   data required time
                                             -1.626386   data arrival time
---------------------------------------------------------------------------------------------
                                              0.623570   slack (MET)


Startpoint: _3025_ (rising edge-triggered flip-flop clocked by clk)
Endpoint: _3025_ (rising edge-triggered flip-flop clocked by clk)
Path Group: clk
Path Type: min

Fanout         Cap        Slew       Delay        Time   Description
---------------------------------------------------------------------------------------------
                                  0.000000    0.000000   clock clk (rise edge)
                                  0.000000    0.000000   clock source latency
     1    0.024940    0.117813    0.081389    0.081389 ^ clk (in)
                                                         clk (net)
                      0.117831    0.000000    0.081389 ^ clkbuf_0_clk/A (sky130_fd_sc_hd__clkbuf_16)
    16    0.113144    0.126631    0.222117    0.303506 ^ clkbuf_0_clk/X (sky130_fd_sc_hd__clkbuf_16)
                                                         clknet_0_clk (net)
                      0.126633    0.000821    0.304327 ^ clkbuf_4_9_0_clk/A (sky130_fd_sc_hd__clkbuf_8)
     7    0.057340    0.109519    0.207690    0.512017 ^ clkbuf_4_9_0_clk/X (sky130_fd_sc_hd__clkbuf_8)
                                                         clknet_4_9_0_clk (net)
                      0.109519    0.000226    0.512243 ^ _3025_/CLK (sky130_fd_sc_hd__dfrtp_1)
     1    0.002891    0.045834    0.338771    0.851014 ^ _3025_/Q (sky130_fd_sc_hd__dfrtp_1)
                                                         my_sum_sub.result[8] (net)
                      0.045834    0.000026    0.851040 ^ hold165/A (sky130_fd_sc_hd__dlygate4sd3_1)
     2    0.012644    0.140167    0.608577    1.459617 ^ hold165/X (sky130_fd_sc_hd__dlygate4sd3_1)
                                                         net170 (net)
                      0.140167    0.000207    1.459824 ^ _2667_/A2 (sky130_fd_sc_hd__a22o_1)
     1    0.002464    0.040639    0.151612    1.611437 ^ _2667_/X (sky130_fd_sc_hd__a22o_1)
                                                         _0284_ (net)
                      0.040639    0.000022    1.611459 ^ _3025_/D (sky130_fd_sc_hd__dfrtp_1)
                                              1.611459   data arrival time

                                  0.000000    0.000000   clock clk (rise edge)
                                  0.000000    0.000000   clock source latency
     1    0.024940    0.117813    0.081389    0.081389 ^ clk (in)
                                                         clk (net)
                      0.117831    0.000000    0.081389 ^ clkbuf_0_clk/A (sky130_fd_sc_hd__clkbuf_16)
    16    0.113144    0.126631    0.222117    0.303506 ^ clkbuf_0_clk/X (sky130_fd_sc_hd__clkbuf_16)
                                                         clknet_0_clk (net)
                      0.126633    0.000821    0.304327 ^ clkbuf_4_9_0_clk/A (sky130_fd_sc_hd__clkbuf_8)
     7    0.057340    0.109519    0.207690    0.512017 ^ clkbuf_4_9_0_clk/X (sky130_fd_sc_hd__clkbuf_8)
                                                         clknet_4_9_0_clk (net)
                      0.109519    0.000226    0.512243 ^ _3025_/CLK (sky130_fd_sc_hd__dfrtp_1)
                                  0.500000    1.012243   clock uncertainty
                                  0.000000    1.012243   clock reconvergence pessimism
                                 -0.025041    0.987202   library hold time
                                              0.987202   data required time
---------------------------------------------------------------------------------------------
                                              0.987202   data required time
                                             -1.611459   data arrival time
---------------------------------------------------------------------------------------------
                                              0.624258   slack (MET)


Startpoint: _3024_ (rising edge-triggered flip-flop clocked by clk)
Endpoint: _3024_ (rising edge-triggered flip-flop clocked by clk)
Path Group: clk
Path Type: min

Fanout         Cap        Slew       Delay        Time   Description
---------------------------------------------------------------------------------------------
                                  0.000000    0.000000   clock clk (rise edge)
                                  0.000000    0.000000   clock source latency
     1    0.024940    0.117813    0.081389    0.081389 ^ clk (in)
                                                         clk (net)
                      0.117831    0.000000    0.081389 ^ clkbuf_0_clk/A (sky130_fd_sc_hd__clkbuf_16)
    16    0.113144    0.126631    0.222117    0.303506 ^ clkbuf_0_clk/X (sky130_fd_sc_hd__clkbuf_16)
                                                         clknet_0_clk (net)
                      0.126641    0.001277    0.304783 ^ clkbuf_4_10_0_clk/A (sky130_fd_sc_hd__clkbuf_8)
    10    0.052073    0.101109    0.201423    0.506206 ^ clkbuf_4_10_0_clk/X (sky130_fd_sc_hd__clkbuf_8)
                                                         clknet_4_10_0_clk (net)
                      0.101109    0.000296    0.506501 ^ _3024_/CLK (sky130_fd_sc_hd__dfrtp_1)
     1    0.002555    0.043278    0.332847    0.839348 ^ _3024_/Q (sky130_fd_sc_hd__dfrtp_1)
                                                         my_sum_sub.result[7] (net)
                      0.043278    0.000029    0.839377 ^ hold188/A (sky130_fd_sc_hd__dlygate4sd3_1)
     2    0.013246    0.145689    0.611930    1.451307 ^ hold188/X (sky130_fd_sc_hd__dlygate4sd3_1)
                                                         net193 (net)
                      0.145689    0.000040    1.451348 ^ _2668_/A2 (sky130_fd_sc_hd__a22o_1)
     1    0.002936    0.044565    0.156558    1.607905 ^ _2668_/X (sky130_fd_sc_hd__a22o_1)
                                                         _0283_ (net)
                      0.044565    0.000033    1.607938 ^ _3024_/D (sky130_fd_sc_hd__dfrtp_1)
                                              1.607938   data arrival time

                                  0.000000    0.000000   clock clk (rise edge)
                                  0.000000    0.000000   clock source latency
     1    0.024940    0.117813    0.081389    0.081389 ^ clk (in)
                                                         clk (net)
                      0.117831    0.000000    0.081389 ^ clkbuf_0_clk/A (sky130_fd_sc_hd__clkbuf_16)
    16    0.113144    0.126631    0.222117    0.303506 ^ clkbuf_0_clk/X (sky130_fd_sc_hd__clkbuf_16)
                                                         clknet_0_clk (net)
                      0.126641    0.001277    0.304783 ^ clkbuf_4_10_0_clk/A (sky130_fd_sc_hd__clkbuf_8)
    10    0.052073    0.101109    0.201423    0.506206 ^ clkbuf_4_10_0_clk/X (sky130_fd_sc_hd__clkbuf_8)
                                                         clknet_4_10_0_clk (net)
                      0.101109    0.000296    0.506501 ^ _3024_/CLK (sky130_fd_sc_hd__dfrtp_1)
                                  0.500000    1.006501   clock uncertainty
                                  0.000000    1.006501   clock reconvergence pessimism
                                 -0.027007    0.979494   library hold time
                                              0.979494   data required time
---------------------------------------------------------------------------------------------
                                              0.979494   data required time
                                             -1.607938   data arrival time
---------------------------------------------------------------------------------------------
                                              0.628444   slack (MET)


Startpoint: _3162_ (rising edge-triggered flip-flop clocked by clk)
Endpoint: _3158_ (rising edge-triggered flip-flop clocked by clk)
Path Group: clk
Path Type: min

Fanout         Cap        Slew       Delay        Time   Description
---------------------------------------------------------------------------------------------
                                  0.000000    0.000000   clock clk (rise edge)
                                  0.000000    0.000000   clock source latency
     1    0.024940    0.117813    0.081389    0.081389 ^ clk (in)
                                                         clk (net)
                      0.117831    0.000000    0.081389 ^ clkbuf_0_clk/A (sky130_fd_sc_hd__clkbuf_16)
    16    0.113144    0.126631    0.222117    0.303506 ^ clkbuf_0_clk/X (sky130_fd_sc_hd__clkbuf_16)
                                                         clknet_0_clk (net)
                      0.126648    0.001518    0.305024 ^ clkbuf_4_2_0_clk/A (sky130_fd_sc_hd__clkbuf_8)
    18    0.068234    0.127061    0.220356    0.525380 ^ clkbuf_4_2_0_clk/X (sky130_fd_sc_hd__clkbuf_8)
                                                         clknet_4_2_0_clk (net)
                      0.127067    0.001104    0.526483 ^ _3162_/CLK (sky130_fd_sc_hd__dfrtp_1)
     2    0.008546    0.065939    0.414820    0.941304 v _3162_/Q (sky130_fd_sc_hd__dfrtp_1)
                                                         my_sum_sub.start (net)
                      0.065939    0.000143    0.941446 v _1506_/A (sky130_fd_sc_hd__inv_2)
     1    0.003105    0.027600    0.048947    0.990393 ^ _1506_/Y (sky130_fd_sc_hd__inv_2)
                                                         _1061_ (net)
                      0.027600    0.000031    0.990424 ^ _2801_/A2 (sky130_fd_sc_hd__a21o_1)
     1    0.002263    0.033593    0.093633    1.084057 ^ _2801_/X (sky130_fd_sc_hd__a21o_1)
                                                         _0006_ (net)
                      0.033593    0.000022    1.084079 ^ hold155/A (sky130_fd_sc_hd__dlygate4sd3_1)
     1    0.002898    0.053761    0.532053    1.616132 ^ hold155/X (sky130_fd_sc_hd__dlygate4sd3_1)
                                                         net160 (net)
                      0.053761    0.000026    1.616158 ^ _3158_/D (sky130_fd_sc_hd__dfstp_1)
                                              1.616158   data arrival time

                                  0.000000    0.000000   clock clk (rise edge)
                                  0.000000    0.000000   clock source latency
     1    0.024940    0.117813    0.081389    0.081389 ^ clk (in)
                                                         clk (net)
                      0.117831    0.000000    0.081389 ^ clkbuf_0_clk/A (sky130_fd_sc_hd__clkbuf_16)
    16    0.113144    0.126631    0.222117    0.303506 ^ clkbuf_0_clk/X (sky130_fd_sc_hd__clkbuf_16)
                                                         clknet_0_clk (net)
                      0.126645    0.001407    0.304913 ^ clkbuf_4_3_0_clk/A (sky130_fd_sc_hd__clkbuf_8)
    11    0.057380    0.109561    0.207812    0.512725 ^ clkbuf_4_3_0_clk/X (sky130_fd_sc_hd__clkbuf_8)
                                                         clknet_4_3_0_clk (net)
                      0.109561    0.000482    0.513208 ^ _3158_/CLK (sky130_fd_sc_hd__dfstp_1)
                                  0.500000    1.013208   clock uncertainty
                                  0.000000    1.013208   clock reconvergence pessimism
                                 -0.028591    0.984617   library hold time
                                              0.984617   data required time
---------------------------------------------------------------------------------------------
                                              0.984617   data required time
                                             -1.616158   data arrival time
---------------------------------------------------------------------------------------------
                                              0.631541   slack (MET)


Startpoint: _3076_ (rising edge-triggered flip-flop clocked by clk)
Endpoint: _3076_ (rising edge-triggered flip-flop clocked by clk)
Path Group: clk
Path Type: min

Fanout         Cap        Slew       Delay        Time   Description
---------------------------------------------------------------------------------------------
                                  0.000000    0.000000   clock clk (rise edge)
                                  0.000000    0.000000   clock source latency
     1    0.024940    0.117813    0.081389    0.081389 ^ clk (in)
                                                         clk (net)
                      0.117831    0.000000    0.081389 ^ clkbuf_0_clk/A (sky130_fd_sc_hd__clkbuf_16)
    16    0.113144    0.126631    0.222117    0.303506 ^ clkbuf_0_clk/X (sky130_fd_sc_hd__clkbuf_16)
                                                         clknet_0_clk (net)
                      0.126640    0.001228    0.304734 ^ clkbuf_4_11_0_clk/A (sky130_fd_sc_hd__clkbuf_8)
    13    0.056438    0.108025    0.206778    0.511512 ^ clkbuf_4_11_0_clk/X (sky130_fd_sc_hd__clkbuf_8)
                                                         clknet_4_11_0_clk (net)
                      0.108025    0.000319    0.511831 ^ _3076_/CLK (sky130_fd_sc_hd__dfrtp_2)
     6    0.023438    0.125883    0.435458    0.947289 ^ _3076_/Q (sky130_fd_sc_hd__dfrtp_2)
                                                         my_sum_sub.cm_exp[6] (net)
                      0.125883    0.000274    0.947563 ^ _2165_/A0 (sky130_fd_sc_hd__mux2_1)
     1    0.002189    0.036781    0.137016    1.084579 ^ _2165_/X (sky130_fd_sc_hd__mux2_1)
                                                         _0335_ (net)
                      0.036781    0.000020    1.084599 ^ hold115/A (sky130_fd_sc_hd__dlygate4sd3_1)
     1    0.002746    0.052459    0.531671    1.616271 ^ hold115/X (sky130_fd_sc_hd__dlygate4sd3_1)
                                                         net120 (net)
                      0.052459    0.000029    1.616299 ^ _3076_/D (sky130_fd_sc_hd__dfrtp_2)
                                              1.616299   data arrival time

                                  0.000000    0.000000   clock clk (rise edge)
                                  0.000000    0.000000   clock source latency
     1    0.024940    0.117813    0.081389    0.081389 ^ clk (in)
                                                         clk (net)
                      0.117831    0.000000    0.081389 ^ clkbuf_0_clk/A (sky130_fd_sc_hd__clkbuf_16)
    16    0.113144    0.126631    0.222117    0.303506 ^ clkbuf_0_clk/X (sky130_fd_sc_hd__clkbuf_16)
                                                         clknet_0_clk (net)
                      0.126640    0.001228    0.304734 ^ clkbuf_4_11_0_clk/A (sky130_fd_sc_hd__clkbuf_8)
    13    0.056438    0.108025    0.206778    0.511512 ^ clkbuf_4_11_0_clk/X (sky130_fd_sc_hd__clkbuf_8)
                                                         clknet_4_11_0_clk (net)
                      0.108025    0.000319    0.511831 ^ _3076_/CLK (sky130_fd_sc_hd__dfrtp_2)
                                  0.500000    1.011831   clock uncertainty
                                  0.000000    1.011831   clock reconvergence pessimism
                                 -0.027598    0.984233   library hold time
                                              0.984233   data required time
---------------------------------------------------------------------------------------------
                                              0.984233   data required time
                                             -1.616299   data arrival time
---------------------------------------------------------------------------------------------
                                              0.632066   slack (MET)


Startpoint: _3032_ (rising edge-triggered flip-flop clocked by clk)
Endpoint: _3032_ (rising edge-triggered flip-flop clocked by clk)
Path Group: clk
Path Type: min

Fanout         Cap        Slew       Delay        Time   Description
---------------------------------------------------------------------------------------------
                                  0.000000    0.000000   clock clk (rise edge)
                                  0.000000    0.000000   clock source latency
     1    0.024940    0.117813    0.081389    0.081389 ^ clk (in)
                                                         clk (net)
                      0.117831    0.000000    0.081389 ^ clkbuf_0_clk/A (sky130_fd_sc_hd__clkbuf_16)
    16    0.113144    0.126631    0.222117    0.303506 ^ clkbuf_0_clk/X (sky130_fd_sc_hd__clkbuf_16)
                                                         clknet_0_clk (net)
                      0.126640    0.001228    0.304734 ^ clkbuf_4_11_0_clk/A (sky130_fd_sc_hd__clkbuf_8)
    13    0.056438    0.108025    0.206778    0.511512 ^ clkbuf_4_11_0_clk/X (sky130_fd_sc_hd__clkbuf_8)
                                                         clknet_4_11_0_clk (net)
                      0.108025    0.000435    0.511946 ^ _3032_/CLK (sky130_fd_sc_hd__dfrtp_1)
     2    0.014475    0.136894    0.413803    0.925749 ^ _3032_/Q (sky130_fd_sc_hd__dfrtp_1)
                                                         my_sum_sub.result[15] (net)
                      0.136894    0.000090    0.925839 ^ _2660_/A1 (sky130_fd_sc_hd__a22o_1)
     1    0.003495    0.048970    0.157953    1.083792 ^ _2660_/X (sky130_fd_sc_hd__a22o_1)
                                                         _0291_ (net)
                      0.048970    0.000053    1.083845 ^ hold144/A (sky130_fd_sc_hd__dlygate4sd3_1)
     1    0.002931    0.054060    0.537390    1.621235 ^ hold144/X (sky130_fd_sc_hd__dlygate4sd3_1)
                                                         net149 (net)
                      0.054060    0.000033    1.621268 ^ _3032_/D (sky130_fd_sc_hd__dfrtp_1)
                                              1.621268   data arrival time

                                  0.000000    0.000000   clock clk (rise edge)
                                  0.000000    0.000000   clock source latency
     1    0.024940    0.117813    0.081389    0.081389 ^ clk (in)
                                                         clk (net)
                      0.117831    0.000000    0.081389 ^ clkbuf_0_clk/A (sky130_fd_sc_hd__clkbuf_16)
    16    0.113144    0.126631    0.222117    0.303506 ^ clkbuf_0_clk/X (sky130_fd_sc_hd__clkbuf_16)
                                                         clknet_0_clk (net)
                      0.126640    0.001228    0.304734 ^ clkbuf_4_11_0_clk/A (sky130_fd_sc_hd__clkbuf_8)
    13    0.056438    0.108025    0.206778    0.511512 ^ clkbuf_4_11_0_clk/X (sky130_fd_sc_hd__clkbuf_8)
                                                         clknet_4_11_0_clk (net)
                      0.108025    0.000435    0.511946 ^ _3032_/CLK (sky130_fd_sc_hd__dfrtp_1)
                                  0.500000    1.011946   clock uncertainty
                                  0.000000    1.011946   clock reconvergence pessimism
                                 -0.028037    0.983910   library hold time
                                              0.983910   data required time
---------------------------------------------------------------------------------------------
                                              0.983910   data required time
                                             -1.621268   data arrival time
---------------------------------------------------------------------------------------------
                                              0.637358   slack (MET)


Startpoint: _3071_ (rising edge-triggered flip-flop clocked by clk)
Endpoint: _3071_ (rising edge-triggered flip-flop clocked by clk)
Path Group: clk
Path Type: min

Fanout         Cap        Slew       Delay        Time   Description
---------------------------------------------------------------------------------------------
                                  0.000000    0.000000   clock clk (rise edge)
                                  0.000000    0.000000   clock source latency
     1    0.024940    0.117813    0.081389    0.081389 ^ clk (in)
                                                         clk (net)
                      0.117831    0.000000    0.081389 ^ clkbuf_0_clk/A (sky130_fd_sc_hd__clkbuf_16)
    16    0.113144    0.126631    0.222117    0.303506 ^ clkbuf_0_clk/X (sky130_fd_sc_hd__clkbuf_16)
                                                         clknet_0_clk (net)
                      0.126664    0.001984    0.305490 ^ clkbuf_4_14_0_clk/A (sky130_fd_sc_hd__clkbuf_8)
    11    0.066474    0.124057    0.218860    0.524350 ^ clkbuf_4_14_0_clk/X (sky130_fd_sc_hd__clkbuf_8)
                                                         clknet_4_14_0_clk (net)
                      0.124057    0.000252    0.524602 ^ _3071_/CLK (sky130_fd_sc_hd__dfrtp_2)
     8    0.021816    0.118815    0.435804    0.960407 ^ _3071_/Q (sky130_fd_sc_hd__dfrtp_2)
                                                         my_sum_sub.cm_exp[1] (net)
                      0.118815    0.000123    0.960530 ^ _2170_/A0 (sky130_fd_sc_hd__mux2_1)
     1    0.003766    0.048694    0.147180    1.107710 ^ _2170_/X (sky130_fd_sc_hd__mux2_1)
                                                         _0330_ (net)
                      0.048694    0.000053    1.107762 ^ hold109/A (sky130_fd_sc_hd__dlygate4sd3_1)
     1    0.002239    0.050214    0.530780    1.638542 ^ hold109/X (sky130_fd_sc_hd__dlygate4sd3_1)
                                                         net114 (net)
                      0.050214    0.000010    1.638552 ^ _3071_/D (sky130_fd_sc_hd__dfrtp_2)
                                              1.638552   data arrival time

                                  0.000000    0.000000   clock clk (rise edge)
                                  0.000000    0.000000   clock source latency
     1    0.024940    0.117813    0.081389    0.081389 ^ clk (in)
                                                         clk (net)
                      0.117831    0.000000    0.081389 ^ clkbuf_0_clk/A (sky130_fd_sc_hd__clkbuf_16)
    16    0.113144    0.126631    0.222117    0.303506 ^ clkbuf_0_clk/X (sky130_fd_sc_hd__clkbuf_16)
                                                         clknet_0_clk (net)
                      0.126664    0.001984    0.305490 ^ clkbuf_4_14_0_clk/A (sky130_fd_sc_hd__clkbuf_8)
    11    0.066474    0.124057    0.218860    0.524350 ^ clkbuf_4_14_0_clk/X (sky130_fd_sc_hd__clkbuf_8)
                                                         clknet_4_14_0_clk (net)
                      0.124057    0.000252    0.524602 ^ _3071_/CLK (sky130_fd_sc_hd__dfrtp_2)
                                  0.500000    1.024602   clock uncertainty
                                  0.000000    1.024602   clock reconvergence pessimism
                                 -0.024944    0.999659   library hold time
                                              0.999659   data required time
---------------------------------------------------------------------------------------------
                                              0.999659   data required time
                                             -1.638552   data arrival time
---------------------------------------------------------------------------------------------
                                              0.638893   slack (MET)


Startpoint: _3153_ (rising edge-triggered flip-flop clocked by clk)
Endpoint: _3162_ (rising edge-triggered flip-flop clocked by clk)
Path Group: clk
Path Type: min

Fanout         Cap        Slew       Delay        Time   Description
---------------------------------------------------------------------------------------------
                                  0.000000    0.000000   clock clk (rise edge)
                                  0.000000    0.000000   clock source latency
     1    0.024940    0.117813    0.081389    0.081389 ^ clk (in)
                                                         clk (net)
                      0.117831    0.000000    0.081389 ^ clkbuf_0_clk/A (sky130_fd_sc_hd__clkbuf_16)
    16    0.113144    0.126631    0.222117    0.303506 ^ clkbuf_0_clk/X (sky130_fd_sc_hd__clkbuf_16)
                                                         clknet_0_clk (net)
                      0.126655    0.001727    0.305233 ^ clkbuf_4_0_0_clk/A (sky130_fd_sc_hd__clkbuf_8)
    24    0.072074    0.132827    0.224642    0.529875 ^ clkbuf_4_0_0_clk/X (sky130_fd_sc_hd__clkbuf_8)
                                                         clknet_4_0_0_clk (net)
                      0.132841    0.001445    0.531320 ^ _3153_/CLK (sky130_fd_sc_hd__dfrtp_1)
     1    0.002036    0.040718    0.339732    0.871052 ^ _3153_/Q (sky130_fd_sc_hd__dfrtp_1)
                                                         state[1] (net)
                      0.040718    0.000010    0.871062 ^ hold177/A (sky130_fd_sc_hd__dlygate4sd3_1)
     4    0.012036    0.134492    0.602869    1.473931 ^ hold177/X (sky130_fd_sc_hd__dlygate4sd3_1)
                                                         net182 (net)
                      0.134492    0.000091    1.474023 ^ _2804_/C (sky130_fd_sc_hd__and3b_1)
     1    0.003527    0.055927    0.176255    1.650277 ^ _2804_/X (sky130_fd_sc_hd__and3b_1)
                                                         _0002_ (net)
                      0.055927    0.000042    1.650320 ^ _3162_/D (sky130_fd_sc_hd__dfrtp_1)
                                              1.650320   data arrival time

                                  0.000000    0.000000   clock clk (rise edge)
                                  0.000000    0.000000   clock source latency
     1    0.024940    0.117813    0.081389    0.081389 ^ clk (in)
                                                         clk (net)
                      0.117831    0.000000    0.081389 ^ clkbuf_0_clk/A (sky130_fd_sc_hd__clkbuf_16)
    16    0.113144    0.126631    0.222117    0.303506 ^ clkbuf_0_clk/X (sky130_fd_sc_hd__clkbuf_16)
                                                         clknet_0_clk (net)
                      0.126648    0.001518    0.305024 ^ clkbuf_4_2_0_clk/A (sky130_fd_sc_hd__clkbuf_8)
    18    0.068234    0.127061    0.220356    0.525380 ^ clkbuf_4_2_0_clk/X (sky130_fd_sc_hd__clkbuf_8)
                                                         clknet_4_2_0_clk (net)
                      0.127067    0.001104    0.526483 ^ _3162_/CLK (sky130_fd_sc_hd__dfrtp_1)
                                  0.500000    1.026483   clock uncertainty
                                  0.000000    1.026483   clock reconvergence pessimism
                                 -0.025818    1.000666   library hold time
                                              1.000666   data required time
---------------------------------------------------------------------------------------------
                                              1.000666   data required time
                                             -1.650320   data arrival time
---------------------------------------------------------------------------------------------
                                              0.649654   slack (MET)


Startpoint: _3133_ (rising edge-triggered flip-flop clocked by clk)
Endpoint: _3132_ (rising edge-triggered flip-flop clocked by clk)
Path Group: clk
Path Type: min

Fanout         Cap        Slew       Delay        Time   Description
---------------------------------------------------------------------------------------------
                                  0.000000    0.000000   clock clk (rise edge)
                                  0.000000    0.000000   clock source latency
     1    0.024940    0.117813    0.081389    0.081389 ^ clk (in)
                                                         clk (net)
                      0.117831    0.000000    0.081389 ^ clkbuf_0_clk/A (sky130_fd_sc_hd__clkbuf_16)
    16    0.113144    0.126631    0.222117    0.303506 ^ clkbuf_0_clk/X (sky130_fd_sc_hd__clkbuf_16)
                                                         clknet_0_clk (net)
                      0.126634    0.000903    0.304410 ^ clkbuf_4_6_0_clk/A (sky130_fd_sc_hd__clkbuf_8)
    12    0.055843    0.107139    0.205869    0.510279 ^ clkbuf_4_6_0_clk/X (sky130_fd_sc_hd__clkbuf_8)
                                                         clknet_4_6_0_clk (net)
                      0.107139    0.000490    0.510769 ^ _3133_/CLK (sky130_fd_sc_hd__dfrtp_1)
     2    0.006841    0.076126    0.365498    0.876267 ^ _3133_/Q (sky130_fd_sc_hd__dfrtp_1)
                                                         shift_out[6] (net)
                      0.076126    0.000035    0.876302 ^ _2072_/A1 (sky130_fd_sc_hd__a221o_1)
     1    0.003100    0.046584    0.142459    1.018761 ^ _2072_/X (sky130_fd_sc_hd__a221o_1)
                                                         _0472_ (net)
                      0.046584    0.000029    1.018790 ^ _2073_/B2 (sky130_fd_sc_hd__o22a_1)
     1    0.002144    0.036054    0.103572    1.122362 ^ _2073_/X (sky130_fd_sc_hd__o22a_1)
                                                         _0228_ (net)
                      0.036054    0.000019    1.122381 ^ hold56/A (sky130_fd_sc_hd__dlygate4sd3_1)
     1    0.002626    0.051435    0.530306    1.652687 ^ hold56/X (sky130_fd_sc_hd__dlygate4sd3_1)
                                                         net61 (net)
                      0.051435    0.000027    1.652714 ^ _3132_/D (sky130_fd_sc_hd__dfrtp_1)
                                              1.652714   data arrival time

                                  0.000000    0.000000   clock clk (rise edge)
                                  0.000000    0.000000   clock source latency
     1    0.024940    0.117813    0.081389    0.081389 ^ clk (in)
                                                         clk (net)
                      0.117831    0.000000    0.081389 ^ clkbuf_0_clk/A (sky130_fd_sc_hd__clkbuf_16)
    16    0.113144    0.126631    0.222117    0.303506 ^ clkbuf_0_clk/X (sky130_fd_sc_hd__clkbuf_16)
                                                         clknet_0_clk (net)
                      0.126638    0.001116    0.304622 ^ clkbuf_4_7_0_clk/A (sky130_fd_sc_hd__clkbuf_8)
    17    0.065580    0.122744    0.217395    0.522017 ^ clkbuf_4_7_0_clk/X (sky130_fd_sc_hd__clkbuf_8)
                                                         clknet_4_7_0_clk (net)
                      0.122749    0.001019    0.523036 ^ _3132_/CLK (sky130_fd_sc_hd__dfrtp_1)
                                  0.500000    1.023036   clock uncertainty
                                  0.000000    1.023036   clock reconvergence pessimism
                                 -0.025476    0.997559   library hold time
                                              0.997559   data required time
---------------------------------------------------------------------------------------------
                                              0.997559   data required time
                                             -1.652714   data arrival time
---------------------------------------------------------------------------------------------
                                              0.655155   slack (MET)


Startpoint: _2998_ (rising edge-triggered flip-flop clocked by clk)
Endpoint: _3173_ (rising edge-triggered flip-flop clocked by clk)
Path Group: clk
Path Type: min

Fanout         Cap        Slew       Delay        Time   Description
---------------------------------------------------------------------------------------------
                                  0.000000    0.000000   clock clk (rise edge)
                                  0.000000    0.000000   clock source latency
     1    0.024940    0.117813    0.081389    0.081389 ^ clk (in)
                                                         clk (net)
                      0.117831    0.000000    0.081389 ^ clkbuf_0_clk/A (sky130_fd_sc_hd__clkbuf_16)
    16    0.113144    0.126631    0.222117    0.303506 ^ clkbuf_0_clk/X (sky130_fd_sc_hd__clkbuf_16)
                                                         clknet_0_clk (net)
                      0.126655    0.001727    0.305233 ^ clkbuf_4_0_0_clk/A (sky130_fd_sc_hd__clkbuf_8)
    24    0.072074    0.132827    0.224642    0.529875 ^ clkbuf_4_0_0_clk/X (sky130_fd_sc_hd__clkbuf_8)
                                                         clknet_4_0_0_clk (net)
                      0.132848    0.001708    0.531583 ^ _2998_/CLK (sky130_fd_sc_hd__dfrtp_1)
     2    0.006616    0.074355    0.372905    0.904488 ^ _2998_/Q (sky130_fd_sc_hd__dfrtp_1)
                                                         my_divider.counter[1] (net)
                      0.074355    0.000076    0.904564 ^ _1548_/B (sky130_fd_sc_hd__or4b_1)
     3    0.015184    0.144857    0.187662    1.092226 ^ _1548_/X (sky130_fd_sc_hd__or4b_1)
                                                         _1093_ (net)
                      0.144857    0.000220    1.092446 ^ _2689_/B (sky130_fd_sc_hd__and2_4)
    17    0.078730    0.229243    0.310062    1.402509 ^ _2689_/X (sky130_fd_sc_hd__and2_4)
                                                         _0972_ (net)
                      0.229419    0.003906    1.406415 ^ _2691_/A (sky130_fd_sc_hd__nor2_4)
    16    0.063462    0.111758    0.144292    1.550707 v _2691_/Y (sky130_fd_sc_hd__nor2_4)
                                                         _0974_ (net)
                      0.111781    0.001331    1.552038 v _2692_/A (sky130_fd_sc_hd__inv_2)
     2    0.012657    0.068439    0.101839    1.653877 ^ _2692_/Y (sky130_fd_sc_hd__inv_2)
                                                         my_divider.en_r (net)
                      0.068439    0.000086    1.653963 ^ _3173_/D (sky130_fd_sc_hd__dfrtp_1)
                                              1.653963   data arrival time

                                  0.000000    0.000000   clock clk (rise edge)
                                  0.000000    0.000000   clock source latency
     1    0.024940    0.117813    0.081389    0.081389 ^ clk (in)
                                                         clk (net)
                      0.117831    0.000000    0.081389 ^ clkbuf_0_clk/A (sky130_fd_sc_hd__clkbuf_16)
    16    0.113144    0.126631    0.222117    0.303506 ^ clkbuf_0_clk/X (sky130_fd_sc_hd__clkbuf_16)
                                                         clknet_0_clk (net)
                      0.126648    0.001518    0.305024 ^ clkbuf_4_2_0_clk/A (sky130_fd_sc_hd__clkbuf_8)
    18    0.068234    0.127061    0.220356    0.525380 ^ clkbuf_4_2_0_clk/X (sky130_fd_sc_hd__clkbuf_8)
                                                         clknet_4_2_0_clk (net)
                      0.127078    0.001572    0.526951 ^ _3173_/CLK (sky130_fd_sc_hd__dfrtp_1)
                                  0.500000    1.026951   clock uncertainty
                                  0.000000    1.026951   clock reconvergence pessimism
                                 -0.028413    0.998539   library hold time
                                              0.998539   data required time
---------------------------------------------------------------------------------------------
                                              0.998539   data required time
                                             -1.653963   data arrival time
---------------------------------------------------------------------------------------------
                                              0.655424   slack (MET)


Startpoint: _3138_ (rising edge-triggered flip-flop clocked by clk)
Endpoint: _3137_ (rising edge-triggered flip-flop clocked by clk)
Path Group: clk
Path Type: min

Fanout         Cap        Slew       Delay        Time   Description
---------------------------------------------------------------------------------------------
                                  0.000000    0.000000   clock clk (rise edge)
                                  0.000000    0.000000   clock source latency
     1    0.024940    0.117813    0.081389    0.081389 ^ clk (in)
                                                         clk (net)
                      0.117831    0.000000    0.081389 ^ clkbuf_0_clk/A (sky130_fd_sc_hd__clkbuf_16)
    16    0.113144    0.126631    0.222117    0.303506 ^ clkbuf_0_clk/X (sky130_fd_sc_hd__clkbuf_16)
                                                         clknet_0_clk (net)
                      0.126638    0.001133    0.304640 ^ clkbuf_4_4_0_clk/A (sky130_fd_sc_hd__clkbuf_8)
    11    0.057239    0.109341    0.207630    0.512270 ^ clkbuf_4_4_0_clk/X (sky130_fd_sc_hd__clkbuf_8)
                                                         clknet_4_4_0_clk (net)
                      0.109341    0.000397    0.512667 ^ _3138_/CLK (sky130_fd_sc_hd__dfrtp_1)
     2    0.007022    0.077557    0.367544    0.880210 ^ _3138_/Q (sky130_fd_sc_hd__dfrtp_1)
                                                         shift_out[11] (net)
                      0.077557    0.000051    0.880261 ^ _2035_/A1 (sky130_fd_sc_hd__a221o_1)
     1    0.002879    0.044878    0.141091    1.021352 ^ _2035_/X (sky130_fd_sc_hd__a221o_1)
                                                         _0440_ (net)
                      0.044878    0.000025    1.021377 ^ _2036_/B2 (sky130_fd_sc_hd__o22a_1)
     1    0.002036    0.035206    0.102169    1.123546 ^ _2036_/X (sky130_fd_sc_hd__o22a_1)
                                                         _0233_ (net)
                      0.035206    0.000017    1.123563 ^ hold52/A (sky130_fd_sc_hd__dlygate4sd3_1)
     1    0.002700    0.052063    0.530723    1.654287 ^ hold52/X (sky130_fd_sc_hd__dlygate4sd3_1)
                                                         net57 (net)
                      0.052063    0.000026    1.654312 ^ _3137_/D (sky130_fd_sc_hd__dfrtp_1)
                                              1.654312   data arrival time

                                  0.000000    0.000000   clock clk (rise edge)
                                  0.000000    0.000000   clock source latency
     1    0.024940    0.117813    0.081389    0.081389 ^ clk (in)
                                                         clk (net)
                      0.117831    0.000000    0.081389 ^ clkbuf_0_clk/A (sky130_fd_sc_hd__clkbuf_16)
    16    0.113144    0.126631    0.222117    0.303506 ^ clkbuf_0_clk/X (sky130_fd_sc_hd__clkbuf_16)
                                                         clknet_0_clk (net)
                      0.126638    0.001116    0.304622 ^ clkbuf_4_7_0_clk/A (sky130_fd_sc_hd__clkbuf_8)
    17    0.065580    0.122744    0.217395    0.522017 ^ clkbuf_4_7_0_clk/X (sky130_fd_sc_hd__clkbuf_8)
                                                         clknet_4_7_0_clk (net)
                      0.122744    0.000163    0.522179 ^ _3137_/CLK (sky130_fd_sc_hd__dfrtp_1)
                                  0.500000    1.022179   clock uncertainty
                                  0.000000    1.022179   clock reconvergence pessimism
                                 -0.025608    0.996572   library hold time
                                              0.996572   data required time
---------------------------------------------------------------------------------------------
                                              0.996572   data required time
                                             -1.654312   data arrival time
---------------------------------------------------------------------------------------------
                                              0.657741   slack (MET)


Startpoint: _3107_ (rising edge-triggered flip-flop clocked by clk)
Endpoint: _3107_ (rising edge-triggered flip-flop clocked by clk)
Path Group: clk
Path Type: min

Fanout         Cap        Slew       Delay        Time   Description
---------------------------------------------------------------------------------------------
                                  0.000000    0.000000   clock clk (rise edge)
                                  0.000000    0.000000   clock source latency
     1    0.024940    0.117813    0.081389    0.081389 ^ clk (in)
                                                         clk (net)
                      0.117831    0.000000    0.081389 ^ clkbuf_0_clk/A (sky130_fd_sc_hd__clkbuf_16)
    16    0.113144    0.126631    0.222117    0.303506 ^ clkbuf_0_clk/X (sky130_fd_sc_hd__clkbuf_16)
                                                         clknet_0_clk (net)
                      0.126638    0.001133    0.304640 ^ clkbuf_4_4_0_clk/A (sky130_fd_sc_hd__clkbuf_8)
    11    0.057239    0.109341    0.207630    0.512270 ^ clkbuf_4_4_0_clk/X (sky130_fd_sc_hd__clkbuf_8)
                                                         clknet_4_4_0_clk (net)
                      0.109341    0.000345    0.512615 ^ _3107_/CLK (sky130_fd_sc_hd__dfrtp_2)
     6    0.027324    0.142927    0.449299    0.961914 ^ _3107_/Q (sky130_fd_sc_hd__dfrtp_2)
                                                         my_mul.x2[12] (net)
                      0.142927    0.000185    0.962099 ^ _2127_/A1 (sky130_fd_sc_hd__mux2_1)
     1    0.003123    0.043781    0.151201    1.113300 ^ _2127_/X (sky130_fd_sc_hd__mux2_1)
                                                         _0203_ (net)
                      0.043781    0.000038    1.113338 ^ hold81/A (sky130_fd_sc_hd__dlygate4sd3_1)
     1    0.002341    0.051109    0.530142    1.643480 ^ hold81/X (sky130_fd_sc_hd__dlygate4sd3_1)
                                                         net86 (net)
                      0.051109    0.000011    1.643492 ^ _3107_/D (sky130_fd_sc_hd__dfrtp_2)
                                              1.643492   data arrival time

                                  0.000000    0.000000   clock clk (rise edge)
                                  0.000000    0.000000   clock source latency
     1    0.024940    0.117813    0.081389    0.081389 ^ clk (in)
                                                         clk (net)
                      0.117831    0.000000    0.081389 ^ clkbuf_0_clk/A (sky130_fd_sc_hd__clkbuf_16)
    16    0.113144    0.126631    0.222117    0.303506 ^ clkbuf_0_clk/X (sky130_fd_sc_hd__clkbuf_16)
                                                         clknet_0_clk (net)
                      0.126638    0.001133    0.304640 ^ clkbuf_4_4_0_clk/A (sky130_fd_sc_hd__clkbuf_8)
    11    0.057239    0.109341    0.207630    0.512270 ^ clkbuf_4_4_0_clk/X (sky130_fd_sc_hd__clkbuf_8)
                                                         clknet_4_4_0_clk (net)
                      0.109341    0.000345    0.512615 ^ _3107_/CLK (sky130_fd_sc_hd__dfrtp_2)
                                  0.500000    1.012615   clock uncertainty
                                  0.000000    1.012615   clock reconvergence pessimism
                                 -0.027141    0.985474   library hold time
                                              0.985474   data required time
---------------------------------------------------------------------------------------------
                                              0.985474   data required time
                                             -1.643492   data arrival time
---------------------------------------------------------------------------------------------
                                              0.658017   slack (MET)


Startpoint: _3153_ (rising edge-triggered flip-flop clocked by clk)
Endpoint: _3164_ (rising edge-triggered flip-flop clocked by clk)
Path Group: clk
Path Type: min

Fanout         Cap        Slew       Delay        Time   Description
---------------------------------------------------------------------------------------------
                                  0.000000    0.000000   clock clk (rise edge)
                                  0.000000    0.000000   clock source latency
     1    0.024940    0.117813    0.081389    0.081389 ^ clk (in)
                                                         clk (net)
                      0.117831    0.000000    0.081389 ^ clkbuf_0_clk/A (sky130_fd_sc_hd__clkbuf_16)
    16    0.113144    0.126631    0.222117    0.303506 ^ clkbuf_0_clk/X (sky130_fd_sc_hd__clkbuf_16)
                                                         clknet_0_clk (net)
                      0.126655    0.001727    0.305233 ^ clkbuf_4_0_0_clk/A (sky130_fd_sc_hd__clkbuf_8)
    24    0.072074    0.132827    0.224642    0.529875 ^ clkbuf_4_0_0_clk/X (sky130_fd_sc_hd__clkbuf_8)
                                                         clknet_4_0_0_clk (net)
                      0.132841    0.001445    0.531320 ^ _3153_/CLK (sky130_fd_sc_hd__dfrtp_1)
     1    0.002036    0.040718    0.339732    0.871052 ^ _3153_/Q (sky130_fd_sc_hd__dfrtp_1)
                                                         state[1] (net)
                      0.040718    0.000010    0.871062 ^ hold177/A (sky130_fd_sc_hd__dlygate4sd3_1)
     4    0.012036    0.134492    0.602869    1.473931 ^ hold177/X (sky130_fd_sc_hd__dlygate4sd3_1)
                                                         net182 (net)
                      0.134492    0.000164    1.474095 ^ _2802_/B (sky130_fd_sc_hd__and3_1)
     1    0.005551    0.072717    0.186973    1.661068 ^ _2802_/X (sky130_fd_sc_hd__and3_1)
                                                         _0000_ (net)
                      0.072717    0.000126    1.661194 ^ _3164_/D (sky130_fd_sc_hd__dfrtp_1)
                                              1.661194   data arrival time

                                  0.000000    0.000000   clock clk (rise edge)
                                  0.000000    0.000000   clock source latency
     1    0.024940    0.117813    0.081389    0.081389 ^ clk (in)
                                                         clk (net)
                      0.117831    0.000000    0.081389 ^ clkbuf_0_clk/A (sky130_fd_sc_hd__clkbuf_16)
    16    0.113144    0.126631    0.222117    0.303506 ^ clkbuf_0_clk/X (sky130_fd_sc_hd__clkbuf_16)
                                                         clknet_0_clk (net)
                      0.126655    0.001727    0.305233 ^ clkbuf_4_0_0_clk/A (sky130_fd_sc_hd__clkbuf_8)
    24    0.072074    0.132827    0.224642    0.529875 ^ clkbuf_4_0_0_clk/X (sky130_fd_sc_hd__clkbuf_8)
                                                         clknet_4_0_0_clk (net)
                      0.132847    0.001673    0.531548 ^ _3164_/CLK (sky130_fd_sc_hd__dfrtp_1)
                                  0.500000    1.031548   clock uncertainty
                                  0.000000    1.031548   clock reconvergence pessimism
                                 -0.028508    1.003040   library hold time
                                              1.003040   data required time
---------------------------------------------------------------------------------------------
                                              1.003040   data required time
                                             -1.661194   data arrival time
---------------------------------------------------------------------------------------------
                                              0.658155   slack (MET)


Startpoint: _3042_ (rising edge-triggered flip-flop clocked by clk)
Endpoint: _3042_ (rising edge-triggered flip-flop clocked by clk)
Path Group: clk
Path Type: min

Fanout         Cap        Slew       Delay        Time   Description
---------------------------------------------------------------------------------------------
                                  0.000000    0.000000   clock clk (rise edge)
                                  0.000000    0.000000   clock source latency
     1    0.024940    0.117813    0.081389    0.081389 ^ clk (in)
                                                         clk (net)
                      0.117831    0.000000    0.081389 ^ clkbuf_0_clk/A (sky130_fd_sc_hd__clkbuf_16)
    16    0.113144    0.126631    0.222117    0.303506 ^ clkbuf_0_clk/X (sky130_fd_sc_hd__clkbuf_16)
                                                         clknet_0_clk (net)
                      0.126657    0.001782    0.305288 ^ clkbuf_4_12_0_clk/A (sky130_fd_sc_hd__clkbuf_8)
     8    0.057091    0.109116    0.207421    0.512709 ^ clkbuf_4_12_0_clk/X (sky130_fd_sc_hd__clkbuf_8)
                                                         clknet_4_12_0_clk (net)
                      0.109116    0.000307    0.513016 ^ _3042_/CLK (sky130_fd_sc_hd__dfrtp_1)
     3    0.009148    0.093619    0.381755    0.894771 ^ _3042_/Q (sky130_fd_sc_hd__dfrtp_1)
                                                         my_sum_sub.al_ma[1] (net)
                      0.093619    0.000078    0.894848 ^ hold211/A (sky130_fd_sc_hd__dlygate4sd3_1)
     2    0.009679    0.112846    0.602349    1.497198 ^ hold211/X (sky130_fd_sc_hd__dlygate4sd3_1)
                                                         net216 (net)
                      0.112846    0.000103    1.497301 ^ _2380_/A2 (sky130_fd_sc_hd__a221o_1)
     1    0.002347    0.037510    0.149658    1.646960 ^ _2380_/X (sky130_fd_sc_hd__a221o_1)
                                                         _0301_ (net)
                      0.037510    0.000012    1.646972 ^ _3042_/D (sky130_fd_sc_hd__dfrtp_1)
                                              1.646972   data arrival time

                                  0.000000    0.000000   clock clk (rise edge)
                                  0.000000    0.000000   clock source latency
     1    0.024940    0.117813    0.081389    0.081389 ^ clk (in)
                                                         clk (net)
                      0.117831    0.000000    0.081389 ^ clkbuf_0_clk/A (sky130_fd_sc_hd__clkbuf_16)
    16    0.113144    0.126631    0.222117    0.303506 ^ clkbuf_0_clk/X (sky130_fd_sc_hd__clkbuf_16)
                                                         clknet_0_clk (net)
                      0.126657    0.001782    0.305288 ^ clkbuf_4_12_0_clk/A (sky130_fd_sc_hd__clkbuf_8)
     8    0.057091    0.109116    0.207421    0.512709 ^ clkbuf_4_12_0_clk/X (sky130_fd_sc_hd__clkbuf_8)
                                                         clknet_4_12_0_clk (net)
                      0.109116    0.000307    0.513016 ^ _3042_/CLK (sky130_fd_sc_hd__dfrtp_1)
                                  0.500000    1.013016   clock uncertainty
                                  0.000000    1.013016   clock reconvergence pessimism
                                 -0.024446    0.988570   library hold time
                                              0.988570   data required time
---------------------------------------------------------------------------------------------
                                              0.988570   data required time
                                             -1.646972   data arrival time
---------------------------------------------------------------------------------------------
                                              0.658402   slack (MET)


Startpoint: _3143_ (rising edge-triggered flip-flop clocked by clk)
Endpoint: _3144_ (rising edge-triggered flip-flop clocked by clk)
Path Group: clk
Path Type: min

Fanout         Cap        Slew       Delay        Time   Description
---------------------------------------------------------------------------------------------
                                  0.000000    0.000000   clock clk (rise edge)
                                  0.000000    0.000000   clock source latency
     1    0.024940    0.117813    0.081389    0.081389 ^ clk (in)
                                                         clk (net)
                      0.117831    0.000000    0.081389 ^ clkbuf_0_clk/A (sky130_fd_sc_hd__clkbuf_16)
    16    0.113144    0.126631    0.222117    0.303506 ^ clkbuf_0_clk/X (sky130_fd_sc_hd__clkbuf_16)
                                                         clknet_0_clk (net)
                      0.126655    0.001727    0.305233 ^ clkbuf_4_0_0_clk/A (sky130_fd_sc_hd__clkbuf_8)
    24    0.072074    0.132827    0.224642    0.529875 ^ clkbuf_4_0_0_clk/X (sky130_fd_sc_hd__clkbuf_8)
                                                         clknet_4_0_0_clk (net)
                      0.132917    0.003149    0.533024 ^ _3143_/CLK (sky130_fd_sc_hd__dfrtp_1)
     4    0.012104    0.117448    0.408053    0.941077 ^ _3143_/Q (sky130_fd_sc_hd__dfrtp_1)
                                                         bit_count[0] (net)
                      0.117448    0.000125    0.941202 ^ _1536_/A2 (sky130_fd_sc_hd__a21o_1)
     1    0.004260    0.046201    0.134031    1.075233 ^ _1536_/X (sky130_fd_sc_hd__a21o_1)
                                                         _1083_ (net)
                      0.046201    0.000063    1.075296 ^ _1537_/A2 (sky130_fd_sc_hd__a21oi_1)
     1    0.001686    0.025119    0.052341    1.127638 v _1537_/Y (sky130_fd_sc_hd__a21oi_1)
                                                         _0240_ (net)
                      0.025119    0.000007    1.127644 v hold184/A (sky130_fd_sc_hd__dlygate4sd3_1)
     1    0.002341    0.050586    0.536282    1.663926 v hold184/X (sky130_fd_sc_hd__dlygate4sd3_1)
                                                         net189 (net)
                      0.050586    0.000021    1.663947 v _3144_/D (sky130_fd_sc_hd__dfrtp_1)
                                              1.663947   data arrival time

                                  0.000000    0.000000   clock clk (rise edge)
                                  0.000000    0.000000   clock source latency
     1    0.024940    0.117813    0.081389    0.081389 ^ clk (in)
                                                         clk (net)
                      0.117831    0.000000    0.081389 ^ clkbuf_0_clk/A (sky130_fd_sc_hd__clkbuf_16)
    16    0.113144    0.126631    0.222117    0.303506 ^ clkbuf_0_clk/X (sky130_fd_sc_hd__clkbuf_16)
                                                         clknet_0_clk (net)
                      0.126655    0.001727    0.305233 ^ clkbuf_4_0_0_clk/A (sky130_fd_sc_hd__clkbuf_8)
    24    0.072074    0.132827    0.224642    0.529875 ^ clkbuf_4_0_0_clk/X (sky130_fd_sc_hd__clkbuf_8)
                                                         clknet_4_0_0_clk (net)
                      0.132899    0.002848    0.532723 ^ _3144_/CLK (sky130_fd_sc_hd__dfrtp_1)
                                  0.500000    1.032723   clock uncertainty
                                  0.000000    1.032723   clock reconvergence pessimism
                                 -0.027997    1.004726   library hold time
                                              1.004726   data required time
---------------------------------------------------------------------------------------------
                                              1.004726   data required time
                                             -1.663947   data arrival time
---------------------------------------------------------------------------------------------
                                              0.659220   slack (MET)


Startpoint: _3070_ (rising edge-triggered flip-flop clocked by clk)
Endpoint: _3070_ (rising edge-triggered flip-flop clocked by clk)
Path Group: clk
Path Type: min

Fanout         Cap        Slew       Delay        Time   Description
---------------------------------------------------------------------------------------------
                                  0.000000    0.000000   clock clk (rise edge)
                                  0.000000    0.000000   clock source latency
     1    0.024940    0.117813    0.081389    0.081389 ^ clk (in)
                                                         clk (net)
                      0.117831    0.000000    0.081389 ^ clkbuf_0_clk/A (sky130_fd_sc_hd__clkbuf_16)
    16    0.113144    0.126631    0.222117    0.303506 ^ clkbuf_0_clk/X (sky130_fd_sc_hd__clkbuf_16)
                                                         clknet_0_clk (net)
                      0.126664    0.001984    0.305490 ^ clkbuf_4_14_0_clk/A (sky130_fd_sc_hd__clkbuf_8)
    11    0.066474    0.124057    0.218860    0.524350 ^ clkbuf_4_14_0_clk/X (sky130_fd_sc_hd__clkbuf_8)
                                                         clknet_4_14_0_clk (net)
                      0.124057    0.000276    0.524626 ^ _3070_/CLK (sky130_fd_sc_hd__dfrtp_4)
     8    0.022173    0.094660    0.468671    0.993298 ^ _3070_/Q (sky130_fd_sc_hd__dfrtp_4)
                                                         my_sum_sub.cm_exp[0] (net)
                      0.094660    0.000199    0.993496 ^ _2171_/A0 (sky130_fd_sc_hd__mux2_1)
     1    0.003489    0.046551    0.137007    1.130504 ^ _2171_/X (sky130_fd_sc_hd__mux2_1)
                                                         _0329_ (net)
                      0.046551    0.000045    1.130549 ^ hold102/A (sky130_fd_sc_hd__dlygate4sd3_1)
     1    0.002247    0.050278    0.530158    1.660707 ^ hold102/X (sky130_fd_sc_hd__dlygate4sd3_1)
                                                         net107 (net)
                      0.050278    0.000010    1.660717 ^ _3070_/D (sky130_fd_sc_hd__dfrtp_4)
                                              1.660717   data arrival time

                                  0.000000    0.000000   clock clk (rise edge)
                                  0.000000    0.000000   clock source latency
     1    0.024940    0.117813    0.081389    0.081389 ^ clk (in)
                                                         clk (net)
                      0.117831    0.000000    0.081389 ^ clkbuf_0_clk/A (sky130_fd_sc_hd__clkbuf_16)
    16    0.113144    0.126631    0.222117    0.303506 ^ clkbuf_0_clk/X (sky130_fd_sc_hd__clkbuf_16)
                                                         clknet_0_clk (net)
                      0.126664    0.001984    0.305490 ^ clkbuf_4_14_0_clk/A (sky130_fd_sc_hd__clkbuf_8)
    11    0.066474    0.124057    0.218860    0.524350 ^ clkbuf_4_14_0_clk/X (sky130_fd_sc_hd__clkbuf_8)
                                                         clknet_4_14_0_clk (net)
                      0.124057    0.000276    0.524626 ^ _3070_/CLK (sky130_fd_sc_hd__dfrtp_4)
                                  0.500000    1.024626   clock uncertainty
                                  0.000000    1.024626   clock reconvergence pessimism
                                 -0.025057    0.999569   library hold time
                                              0.999569   data required time
---------------------------------------------------------------------------------------------
                                              0.999569   data required time
                                             -1.660717   data arrival time
---------------------------------------------------------------------------------------------
                                              0.661148   slack (MET)


Startpoint: _3127_ (rising edge-triggered flip-flop clocked by clk)
Endpoint: _3078_ (rising edge-triggered flip-flop clocked by clk)
Path Group: clk
Path Type: min

Fanout         Cap        Slew       Delay        Time   Description
---------------------------------------------------------------------------------------------
                                  0.000000    0.000000   clock clk (rise edge)
                                  0.000000    0.000000   clock source latency
     1    0.024940    0.117813    0.081389    0.081389 ^ clk (in)
                                                         clk (net)
                      0.117831    0.000000    0.081389 ^ clkbuf_0_clk/A (sky130_fd_sc_hd__clkbuf_16)
    16    0.113144    0.126631    0.222117    0.303506 ^ clkbuf_0_clk/X (sky130_fd_sc_hd__clkbuf_16)
                                                         clknet_0_clk (net)
                      0.126634    0.000903    0.304410 ^ clkbuf_4_6_0_clk/A (sky130_fd_sc_hd__clkbuf_8)
    12    0.055843    0.107139    0.205869    0.510279 ^ clkbuf_4_6_0_clk/X (sky130_fd_sc_hd__clkbuf_8)
                                                         clknet_4_6_0_clk (net)
                      0.107141    0.000671    0.510950 ^ _3127_/CLK (sky130_fd_sc_hd__dfrtp_1)
     2    0.020345    0.185209    0.449047    0.959997 ^ _3127_/Q (sky130_fd_sc_hd__dfrtp_1)
                                                         shift_out[0] (net)
                      0.185209    0.000250    0.960247 ^ _2163_/A1 (sky130_fd_sc_hd__a32o_1)
     1    0.002446    0.045561    0.179323    1.139570 ^ _2163_/X (sky130_fd_sc_hd__a32o_1)
                                                         _0337_ (net)
                      0.045561    0.000024    1.139594 ^ hold200/A (sky130_fd_sc_hd__dlygate4sd3_1)
     1    0.002356    0.049202    0.530852    1.670446 ^ hold200/X (sky130_fd_sc_hd__dlygate4sd3_1)
                                                         net205 (net)
                      0.049202    0.000021    1.670467 ^ _3078_/D (sky130_fd_sc_hd__dfrtp_1)
                                              1.670467   data arrival time

                                  0.000000    0.000000   clock clk (rise edge)
                                  0.000000    0.000000   clock source latency
     1    0.024940    0.117813    0.081389    0.081389 ^ clk (in)
                                                         clk (net)
                      0.117831    0.000000    0.081389 ^ clkbuf_0_clk/A (sky130_fd_sc_hd__clkbuf_16)
    16    0.113144    0.126631    0.222117    0.303506 ^ clkbuf_0_clk/X (sky130_fd_sc_hd__clkbuf_16)
                                                         clknet_0_clk (net)
                      0.126655    0.001727    0.305233 ^ clkbuf_4_0_0_clk/A (sky130_fd_sc_hd__clkbuf_8)
    24    0.072074    0.132827    0.224642    0.529875 ^ clkbuf_4_0_0_clk/X (sky130_fd_sc_hd__clkbuf_8)
                                                         clknet_4_0_0_clk (net)
                      0.132851    0.001786    0.531661 ^ _3078_/CLK (sky130_fd_sc_hd__dfrtp_1)
                                  0.500000    1.031661   clock uncertainty
                                  0.000000    1.031661   clock reconvergence pessimism
                                 -0.023631    1.008030   library hold time
                                              1.008030   data required time
---------------------------------------------------------------------------------------------
                                              1.008030   data required time
                                             -1.670467   data arrival time
---------------------------------------------------------------------------------------------
                                              0.662437   slack (MET)


Startpoint: _3142_ (rising edge-triggered flip-flop clocked by clk)
Endpoint: _3141_ (rising edge-triggered flip-flop clocked by clk)
Path Group: clk
Path Type: min

Fanout         Cap        Slew       Delay        Time   Description
---------------------------------------------------------------------------------------------
                                  0.000000    0.000000   clock clk (rise edge)
                                  0.000000    0.000000   clock source latency
     1    0.024940    0.117813    0.081389    0.081389 ^ clk (in)
                                                         clk (net)
                      0.117831    0.000000    0.081389 ^ clkbuf_0_clk/A (sky130_fd_sc_hd__clkbuf_16)
    16    0.113144    0.126631    0.222117    0.303506 ^ clkbuf_0_clk/X (sky130_fd_sc_hd__clkbuf_16)
                                                         clknet_0_clk (net)
                      0.126645    0.001407    0.304913 ^ clkbuf_4_3_0_clk/A (sky130_fd_sc_hd__clkbuf_8)
    11    0.057380    0.109561    0.207812    0.512725 ^ clkbuf_4_3_0_clk/X (sky130_fd_sc_hd__clkbuf_8)
                                                         clknet_4_3_0_clk (net)
                      0.109561    0.000422    0.513148 ^ _3142_/CLK (sky130_fd_sc_hd__dfrtp_1)
     2    0.006238    0.071382    0.362338    0.875486 ^ _3142_/Q (sky130_fd_sc_hd__dfrtp_1)
                                                         shift_out[15] (net)
                      0.071382    0.000057    0.875543 ^ _2004_/A1 (sky130_fd_sc_hd__a221o_1)
     1    0.003453    0.049327    0.143680    1.019222 ^ _2004_/X (sky130_fd_sc_hd__a221o_1)
                                                         _0413_ (net)
                      0.049327    0.000039    1.019261 ^ _2005_/B2 (sky130_fd_sc_hd__o22a_1)
     1    0.002281    0.037134    0.105551    1.124812 ^ _2005_/X (sky130_fd_sc_hd__o22a_1)
                                                         _0237_ (net)
                      0.037134    0.000013    1.124825 ^ hold34/A (sky130_fd_sc_hd__dlygate4sd3_1)
     1    0.002292    0.048730    0.527515    1.652340 ^ hold34/X (sky130_fd_sc_hd__dlygate4sd3_1)
                                                         net39 (net)
                      0.048730    0.000020    1.652360 ^ _3141_/D (sky130_fd_sc_hd__dfrtp_1)
                                              1.652360   data arrival time

                                  0.000000    0.000000   clock clk (rise edge)
                                  0.000000    0.000000   clock source latency
     1    0.024940    0.117813    0.081389    0.081389 ^ clk (in)
                                                         clk (net)
                      0.117831    0.000000    0.081389 ^ clkbuf_0_clk/A (sky130_fd_sc_hd__clkbuf_16)
    16    0.113144    0.126631    0.222117    0.303506 ^ clkbuf_0_clk/X (sky130_fd_sc_hd__clkbuf_16)
                                                         clknet_0_clk (net)
                      0.126645    0.001407    0.304913 ^ clkbuf_4_3_0_clk/A (sky130_fd_sc_hd__clkbuf_8)
    11    0.057380    0.109561    0.207812    0.512725 ^ clkbuf_4_3_0_clk/X (sky130_fd_sc_hd__clkbuf_8)
                                                         clknet_4_3_0_clk (net)
                      0.109561    0.000468    0.513193 ^ _3141_/CLK (sky130_fd_sc_hd__dfrtp_1)
                                  0.500000    1.013193   clock uncertainty
                                  0.000000    1.013193   clock reconvergence pessimism
                                 -0.026718    0.986475   library hold time
                                              0.986475   data required time
---------------------------------------------------------------------------------------------
                                              0.986475   data required time
                                             -1.652360   data arrival time
---------------------------------------------------------------------------------------------
                                              0.665885   slack (MET)


Startpoint: _3058_ (rising edge-triggered flip-flop clocked by clk)
Endpoint: _3058_ (rising edge-triggered flip-flop clocked by clk)
Path Group: clk
Path Type: min

Fanout         Cap        Slew       Delay        Time   Description
---------------------------------------------------------------------------------------------
                                  0.000000    0.000000   clock clk (rise edge)
                                  0.000000    0.000000   clock source latency
     1    0.024940    0.117813    0.081389    0.081389 ^ clk (in)
                                                         clk (net)
                      0.117831    0.000000    0.081389 ^ clkbuf_0_clk/A (sky130_fd_sc_hd__clkbuf_16)
    16    0.113144    0.126631    0.222117    0.303506 ^ clkbuf_0_clk/X (sky130_fd_sc_hd__clkbuf_16)
                                                         clknet_0_clk (net)
                      0.126657    0.001782    0.305288 ^ clkbuf_4_12_0_clk/A (sky130_fd_sc_hd__clkbuf_8)
     8    0.057091    0.109116    0.207421    0.512709 ^ clkbuf_4_12_0_clk/X (sky130_fd_sc_hd__clkbuf_8)
                                                         clknet_4_12_0_clk (net)
                      0.109119    0.000736    0.513445 ^ _3058_/CLK (sky130_fd_sc_hd__dfrtp_4)
     2    0.021030    0.091947    0.460790    0.974235 ^ _3058_/Q (sky130_fd_sc_hd__dfrtp_4)
                                                         my_sum_sub.al_sb_eff (net)
                      0.091947    0.000200    0.974435 ^ hold169/A (sky130_fd_sc_hd__dlygate4sd3_1)
     2    0.004626    0.068888    0.563738    1.538173 ^ hold169/X (sky130_fd_sc_hd__dlygate4sd3_1)
                                                         net174 (net)
                      0.068888    0.000029    1.538202 ^ _2284_/A0 (sky130_fd_sc_hd__mux2_1)
     1    0.003001    0.042858    0.124244    1.662446 ^ _2284_/X (sky130_fd_sc_hd__mux2_1)
                                                         _0317_ (net)
                      0.042858    0.000031    1.662477 ^ _3058_/D (sky130_fd_sc_hd__dfrtp_4)
                                              1.662477   data arrival time

                                  0.000000    0.000000   clock clk (rise edge)
                                  0.000000    0.000000   clock source latency
     1    0.024940    0.117813    0.081389    0.081389 ^ clk (in)
                                                         clk (net)
                      0.117831    0.000000    0.081389 ^ clkbuf_0_clk/A (sky130_fd_sc_hd__clkbuf_16)
    16    0.113144    0.126631    0.222117    0.303506 ^ clkbuf_0_clk/X (sky130_fd_sc_hd__clkbuf_16)
                                                         clknet_0_clk (net)
                      0.126657    0.001782    0.305288 ^ clkbuf_4_12_0_clk/A (sky130_fd_sc_hd__clkbuf_8)
     8    0.057091    0.109116    0.207421    0.512709 ^ clkbuf_4_12_0_clk/X (sky130_fd_sc_hd__clkbuf_8)
                                                         clknet_4_12_0_clk (net)
                      0.109119    0.000736    0.513445 ^ _3058_/CLK (sky130_fd_sc_hd__dfrtp_4)
                                  0.500000    1.013445   clock uncertainty
                                  0.000000    1.013445   clock reconvergence pessimism
                                 -0.025557    0.987888   library hold time
                                              0.987888   data required time
---------------------------------------------------------------------------------------------
                                              0.987888   data required time
                                             -1.662477   data arrival time
---------------------------------------------------------------------------------------------
                                              0.674589   slack (MET)


Startpoint: _3104_ (rising edge-triggered flip-flop clocked by clk)
Endpoint: _3104_ (rising edge-triggered flip-flop clocked by clk)
Path Group: clk
Path Type: min

Fanout         Cap        Slew       Delay        Time   Description
---------------------------------------------------------------------------------------------
                                  0.000000    0.000000   clock clk (rise edge)
                                  0.000000    0.000000   clock source latency
     1    0.024940    0.117813    0.081389    0.081389 ^ clk (in)
                                                         clk (net)
                      0.117831    0.000000    0.081389 ^ clkbuf_0_clk/A (sky130_fd_sc_hd__clkbuf_16)
    16    0.113144    0.126631    0.222117    0.303506 ^ clkbuf_0_clk/X (sky130_fd_sc_hd__clkbuf_16)
                                                         clknet_0_clk (net)
                      0.126637    0.001064    0.304570 ^ clkbuf_4_5_0_clk/A (sky130_fd_sc_hd__clkbuf_8)
    10    0.060713    0.114917    0.211687    0.516257 ^ clkbuf_4_5_0_clk/X (sky130_fd_sc_hd__clkbuf_8)
                                                         clknet_4_5_0_clk (net)
                      0.114917    0.000256    0.516513 ^ _3104_/CLK (sky130_fd_sc_hd__dfrtp_2)
     6    0.029568    0.153017    0.458535    0.975048 ^ _3104_/Q (sky130_fd_sc_hd__dfrtp_2)
                                                         my_mul.x2[9] (net)
                      0.153017    0.000069    0.975117 ^ _2130_/A1 (sky130_fd_sc_hd__mux2_1)
     1    0.003974    0.050312    0.159929    1.135046 ^ _2130_/X (sky130_fd_sc_hd__mux2_1)
                                                         _0200_ (net)
                      0.050312    0.000058    1.135104 ^ hold77/A (sky130_fd_sc_hd__dlygate4sd3_1)
     1    0.002255    0.050354    0.531449    1.666553 ^ hold77/X (sky130_fd_sc_hd__dlygate4sd3_1)
                                                         net82 (net)
                      0.050354    0.000010    1.666563 ^ _3104_/D (sky130_fd_sc_hd__dfrtp_2)
                                              1.666563   data arrival time

                                  0.000000    0.000000   clock clk (rise edge)
                                  0.000000    0.000000   clock source latency
     1    0.024940    0.117813    0.081389    0.081389 ^ clk (in)
                                                         clk (net)
                      0.117831    0.000000    0.081389 ^ clkbuf_0_clk/A (sky130_fd_sc_hd__clkbuf_16)
    16    0.113144    0.126631    0.222117    0.303506 ^ clkbuf_0_clk/X (sky130_fd_sc_hd__clkbuf_16)
                                                         clknet_0_clk (net)
                      0.126637    0.001064    0.304570 ^ clkbuf_4_5_0_clk/A (sky130_fd_sc_hd__clkbuf_8)
    10    0.060713    0.114917    0.211687    0.516257 ^ clkbuf_4_5_0_clk/X (sky130_fd_sc_hd__clkbuf_8)
                                                         clknet_4_5_0_clk (net)
                      0.114917    0.000256    0.516513 ^ _3104_/CLK (sky130_fd_sc_hd__dfrtp_2)
                                  0.500000    1.016513   clock uncertainty
                                  0.000000    1.016513   clock reconvergence pessimism
                                 -0.026223    0.990290   library hold time
                                              0.990290   data required time
---------------------------------------------------------------------------------------------
                                              0.990290   data required time
                                             -1.666563   data arrival time
---------------------------------------------------------------------------------------------
                                              0.676273   slack (MET)


Startpoint: _3132_ (rising edge-triggered flip-flop clocked by clk)
Endpoint: _3131_ (rising edge-triggered flip-flop clocked by clk)
Path Group: clk
Path Type: min

Fanout         Cap        Slew       Delay        Time   Description
---------------------------------------------------------------------------------------------
                                  0.000000    0.000000   clock clk (rise edge)
                                  0.000000    0.000000   clock source latency
     1    0.024940    0.117813    0.081389    0.081389 ^ clk (in)
                                                         clk (net)
                      0.117831    0.000000    0.081389 ^ clkbuf_0_clk/A (sky130_fd_sc_hd__clkbuf_16)
    16    0.113144    0.126631    0.222117    0.303506 ^ clkbuf_0_clk/X (sky130_fd_sc_hd__clkbuf_16)
                                                         clknet_0_clk (net)
                      0.126638    0.001116    0.304622 ^ clkbuf_4_7_0_clk/A (sky130_fd_sc_hd__clkbuf_8)
    17    0.065580    0.122744    0.217395    0.522017 ^ clkbuf_4_7_0_clk/X (sky130_fd_sc_hd__clkbuf_8)
                                                         clknet_4_7_0_clk (net)
                      0.122749    0.001019    0.523036 ^ _3132_/CLK (sky130_fd_sc_hd__dfrtp_1)
     2    0.005135    0.062767    0.359803    0.882839 ^ _3132_/Q (sky130_fd_sc_hd__dfrtp_1)
                                                         shift_out[5] (net)
                      0.062767    0.000047    0.882886 ^ _2078_/A1 (sky130_fd_sc_hd__a221o_1)
     1    0.004199    0.055507    0.145896    1.028782 ^ _2078_/X (sky130_fd_sc_hd__a221o_1)
                                                         _0477_ (net)
                      0.055507    0.000062    1.028845 ^ _2079_/B2 (sky130_fd_sc_hd__o22a_1)
     1    0.002952    0.042637    0.112757    1.141602 ^ _2079_/X (sky130_fd_sc_hd__o22a_1)
                                                         _0227_ (net)
                      0.042637    0.000035    1.141637 ^ hold40/A (sky130_fd_sc_hd__dlygate4sd3_1)
     1    0.002815    0.053058    0.534235    1.675871 ^ hold40/X (sky130_fd_sc_hd__dlygate4sd3_1)
                                                         net45 (net)
                      0.053058    0.000029    1.675900 ^ _3131_/D (sky130_fd_sc_hd__dfrtp_1)
                                              1.675900   data arrival time

                                  0.000000    0.000000   clock clk (rise edge)
                                  0.000000    0.000000   clock source latency
     1    0.024940    0.117813    0.081389    0.081389 ^ clk (in)
                                                         clk (net)
                      0.117831    0.000000    0.081389 ^ clkbuf_0_clk/A (sky130_fd_sc_hd__clkbuf_16)
    16    0.113144    0.126631    0.222117    0.303506 ^ clkbuf_0_clk/X (sky130_fd_sc_hd__clkbuf_16)
                                                         clknet_0_clk (net)
                      0.126638    0.001116    0.304622 ^ clkbuf_4_7_0_clk/A (sky130_fd_sc_hd__clkbuf_8)
    17    0.065580    0.122744    0.217395    0.522017 ^ clkbuf_4_7_0_clk/X (sky130_fd_sc_hd__clkbuf_8)
                                                         clknet_4_7_0_clk (net)
                      0.122755    0.001301    0.523318 ^ _3131_/CLK (sky130_fd_sc_hd__dfrtp_1)
                                  0.500000    1.023317   clock uncertainty
                                  0.000000    1.023317   clock reconvergence pessimism
                                 -0.025813    0.997505   library hold time
                                              0.997505   data required time
---------------------------------------------------------------------------------------------
                                              0.997505   data required time
                                             -1.675900   data arrival time
---------------------------------------------------------------------------------------------
                                              0.678395   slack (MET)


Startpoint: _3049_ (rising edge-triggered flip-flop clocked by clk)
Endpoint: _3060_ (rising edge-triggered flip-flop clocked by clk)
Path Group: clk
Path Type: min

Fanout         Cap        Slew       Delay        Time   Description
---------------------------------------------------------------------------------------------
                                  0.000000    0.000000   clock clk (rise edge)
                                  0.000000    0.000000   clock source latency
     1    0.024940    0.117813    0.081389    0.081389 ^ clk (in)
                                                         clk (net)
                      0.117831    0.000000    0.081389 ^ clkbuf_0_clk/A (sky130_fd_sc_hd__clkbuf_16)
    16    0.113144    0.126631    0.222117    0.303506 ^ clkbuf_0_clk/X (sky130_fd_sc_hd__clkbuf_16)
                                                         clknet_0_clk (net)
                      0.126666    0.002024    0.305530 ^ clkbuf_4_15_0_clk/A (sky130_fd_sc_hd__clkbuf_8)
    13    0.062000    0.117026    0.213087    0.518618 ^ clkbuf_4_15_0_clk/X (sky130_fd_sc_hd__clkbuf_8)
                                                         clknet_4_15_0_clk (net)
                      0.117027    0.000653    0.519271 ^ _3049_/CLK (sky130_fd_sc_hd__dfrtp_2)
     3    0.014564    0.087383    0.408512    0.927783 ^ _3049_/Q (sky130_fd_sc_hd__dfrtp_2)
                                                         my_sum_sub.al_mb[0] (net)
                      0.087383    0.000254    0.928037 ^ _2266_/A (sky130_fd_sc_hd__xnor2_1)
     2    0.005692    0.078022    0.139883    1.067920 ^ _2266_/Y (sky130_fd_sc_hd__xnor2_1)
                                                         _0594_ (net)
                      0.078022    0.000040    1.067960 ^ _2274_/A2 (sky130_fd_sc_hd__a21oi_1)
     1    0.002225    0.036019    0.064687    1.132647 v _2274_/Y (sky130_fd_sc_hd__a21oi_1)
                                                         _0319_ (net)
                      0.036019    0.000013    1.132660 v hold194/A (sky130_fd_sc_hd__dlygate4sd3_1)
     1    0.002382    0.050651    0.540895    1.673556 v hold194/X (sky130_fd_sc_hd__dlygate4sd3_1)
                                                         net199 (net)
                      0.050651    0.000021    1.673577 v _3060_/D (sky130_fd_sc_hd__dfrtp_1)
                                              1.673577   data arrival time

                                  0.000000    0.000000   clock clk (rise edge)
                                  0.000000    0.000000   clock source latency
     1    0.024940    0.117813    0.081389    0.081389 ^ clk (in)
                                                         clk (net)
                      0.117831    0.000000    0.081389 ^ clkbuf_0_clk/A (sky130_fd_sc_hd__clkbuf_16)
    16    0.113144    0.126631    0.222117    0.303506 ^ clkbuf_0_clk/X (sky130_fd_sc_hd__clkbuf_16)
                                                         clknet_0_clk (net)
                      0.126664    0.001984    0.305490 ^ clkbuf_4_14_0_clk/A (sky130_fd_sc_hd__clkbuf_8)
    11    0.066474    0.124057    0.218860    0.524350 ^ clkbuf_4_14_0_clk/X (sky130_fd_sc_hd__clkbuf_8)
                                                         clknet_4_14_0_clk (net)
                      0.124057    0.000209    0.524559 ^ _3060_/CLK (sky130_fd_sc_hd__dfrtp_1)
                                  0.500000    1.024559   clock uncertainty
                                  0.000000    1.024559   clock reconvergence pessimism
                                 -0.030040    0.994519   library hold time
                                              0.994519   data required time
---------------------------------------------------------------------------------------------
                                              0.994519   data required time
                                             -1.673577   data arrival time
---------------------------------------------------------------------------------------------
                                              0.679058   slack (MET)


Startpoint: _3130_ (rising edge-triggered flip-flop clocked by clk)
Endpoint: _3129_ (rising edge-triggered flip-flop clocked by clk)
Path Group: clk
Path Type: min

Fanout         Cap        Slew       Delay        Time   Description
---------------------------------------------------------------------------------------------
                                  0.000000    0.000000   clock clk (rise edge)
                                  0.000000    0.000000   clock source latency
     1    0.024940    0.117813    0.081389    0.081389 ^ clk (in)
                                                         clk (net)
                      0.117831    0.000000    0.081389 ^ clkbuf_0_clk/A (sky130_fd_sc_hd__clkbuf_16)
    16    0.113144    0.126631    0.222117    0.303506 ^ clkbuf_0_clk/X (sky130_fd_sc_hd__clkbuf_16)
                                                         clknet_0_clk (net)
                      0.126638    0.001116    0.304622 ^ clkbuf_4_7_0_clk/A (sky130_fd_sc_hd__clkbuf_8)
    17    0.065580    0.122744    0.217395    0.522017 ^ clkbuf_4_7_0_clk/X (sky130_fd_sc_hd__clkbuf_8)
                                                         clknet_4_7_0_clk (net)
                      0.122759    0.001439    0.523456 ^ _3130_/CLK (sky130_fd_sc_hd__dfrtp_1)
     2    0.005887    0.068632    0.364880    0.888336 ^ _3130_/Q (sky130_fd_sc_hd__dfrtp_1)
                                                         shift_out[3] (net)
                      0.068632    0.000049    0.888385 ^ _2090_/A1 (sky130_fd_sc_hd__a221o_1)
     1    0.002940    0.045353    0.138363    1.026747 ^ _2090_/X (sky130_fd_sc_hd__a221o_1)
                                                         _0487_ (net)
                      0.045353    0.000017    1.026764 ^ _2091_/B2 (sky130_fd_sc_hd__o22a_1)
     1    0.002522    0.039072    0.106068    1.132832 ^ _2091_/X (sky130_fd_sc_hd__o22a_1)
                                                         _0225_ (net)
                      0.039072    0.000028    1.132860 ^ hold42/A (sky130_fd_sc_hd__dlygate4sd3_1)
     1    0.002637    0.051532    0.531393    1.664253 ^ hold42/X (sky130_fd_sc_hd__dlygate4sd3_1)
                                                         net47 (net)
                      0.051532    0.000025    1.664279 ^ _3129_/D (sky130_fd_sc_hd__dfrtp_1)
                                              1.664279   data arrival time

                                  0.000000    0.000000   clock clk (rise edge)
                                  0.000000    0.000000   clock source latency
     1    0.024940    0.117813    0.081389    0.081389 ^ clk (in)
                                                         clk (net)
                      0.117831    0.000000    0.081389 ^ clkbuf_0_clk/A (sky130_fd_sc_hd__clkbuf_16)
    16    0.113144    0.126631    0.222117    0.303506 ^ clkbuf_0_clk/X (sky130_fd_sc_hd__clkbuf_16)
                                                         clknet_0_clk (net)
                      0.126634    0.000903    0.304410 ^ clkbuf_4_6_0_clk/A (sky130_fd_sc_hd__clkbuf_8)
    12    0.055843    0.107139    0.205869    0.510279 ^ clkbuf_4_6_0_clk/X (sky130_fd_sc_hd__clkbuf_8)
                                                         clknet_4_6_0_clk (net)
                      0.107142    0.000741    0.511019 ^ _3129_/CLK (sky130_fd_sc_hd__dfrtp_1)
                                  0.500000    1.011019   clock uncertainty
                                  0.000000    1.011019   clock reconvergence pessimism
                                 -0.027632    0.983387   library hold time
                                              0.983387   data required time
---------------------------------------------------------------------------------------------
                                              0.983387   data required time
                                             -1.664279   data arrival time
---------------------------------------------------------------------------------------------
                                              0.680891   slack (MET)


Startpoint: _3118_ (rising edge-triggered flip-flop clocked by clk)
Endpoint: _3102_ (rising edge-triggered flip-flop clocked by clk)
Path Group: clk
Path Type: min

Fanout         Cap        Slew       Delay        Time   Description
---------------------------------------------------------------------------------------------
                                  0.000000    0.000000   clock clk (rise edge)
                                  0.000000    0.000000   clock source latency
     1    0.024940    0.117813    0.081389    0.081389 ^ clk (in)
                                                         clk (net)
                      0.117831    0.000000    0.081389 ^ clkbuf_0_clk/A (sky130_fd_sc_hd__clkbuf_16)
    16    0.113144    0.126631    0.222117    0.303506 ^ clkbuf_0_clk/X (sky130_fd_sc_hd__clkbuf_16)
                                                         clknet_0_clk (net)
                      0.126637    0.001064    0.304570 ^ clkbuf_4_5_0_clk/A (sky130_fd_sc_hd__clkbuf_8)
    10    0.060713    0.114917    0.211687    0.516257 ^ clkbuf_4_5_0_clk/X (sky130_fd_sc_hd__clkbuf_8)
                                                         clknet_4_5_0_clk (net)
                      0.114936    0.001490    0.517747 ^ _3118_/CLK (sky130_fd_sc_hd__dfrtp_1)
     1    0.002069    0.039507    0.333986    0.851734 ^ _3118_/Q (sky130_fd_sc_hd__dfrtp_1)
                                                         shift_in[7] (net)
                      0.039507    0.000018    0.851752 ^ hold87/A (sky130_fd_sc_hd__dlygate4sd3_1)
     5    0.022027    0.226939    0.670926    1.522678 ^ hold87/X (sky130_fd_sc_hd__dlygate4sd3_1)
                                                         net92 (net)
                      0.226939    0.000252    1.522930 ^ _2132_/A0 (sky130_fd_sc_hd__mux2_1)
     1    0.002302    0.037619    0.162461    1.685391 ^ _2132_/X (sky130_fd_sc_hd__mux2_1)
                                                         _0198_ (net)
                      0.037619    0.000020    1.685411 ^ _3102_/D (sky130_fd_sc_hd__dfrtp_4)
                                              1.685411   data arrival time

                                  0.000000    0.000000   clock clk (rise edge)
                                  0.000000    0.000000   clock source latency
     1    0.024940    0.117813    0.081389    0.081389 ^ clk (in)
                                                         clk (net)
                      0.117831    0.000000    0.081389 ^ clkbuf_0_clk/A (sky130_fd_sc_hd__clkbuf_16)
    16    0.113144    0.126631    0.222117    0.303506 ^ clkbuf_0_clk/X (sky130_fd_sc_hd__clkbuf_16)
                                                         clknet_0_clk (net)
                      0.126638    0.001116    0.304622 ^ clkbuf_4_7_0_clk/A (sky130_fd_sc_hd__clkbuf_8)
    17    0.065580    0.122744    0.217395    0.522017 ^ clkbuf_4_7_0_clk/X (sky130_fd_sc_hd__clkbuf_8)
                                                         clknet_4_7_0_clk (net)
                      0.122744    0.000414    0.522430 ^ _3102_/CLK (sky130_fd_sc_hd__dfrtp_4)
                                  0.500000    1.022430   clock uncertainty
                                  0.000000    1.022430   clock reconvergence pessimism
                                 -0.022609    0.999821   library hold time
                                              0.999821   data required time
---------------------------------------------------------------------------------------------
                                              0.999821   data required time
                                             -1.685411   data arrival time
---------------------------------------------------------------------------------------------
                                              0.685589   slack (MET)


Startpoint: _3139_ (rising edge-triggered flip-flop clocked by clk)
Endpoint: _3138_ (rising edge-triggered flip-flop clocked by clk)
Path Group: clk
Path Type: min

Fanout         Cap        Slew       Delay        Time   Description
---------------------------------------------------------------------------------------------
                                  0.000000    0.000000   clock clk (rise edge)
                                  0.000000    0.000000   clock source latency
     1    0.024940    0.117813    0.081389    0.081389 ^ clk (in)
                                                         clk (net)
                      0.117831    0.000000    0.081389 ^ clkbuf_0_clk/A (sky130_fd_sc_hd__clkbuf_16)
    16    0.113144    0.126631    0.222117    0.303506 ^ clkbuf_0_clk/X (sky130_fd_sc_hd__clkbuf_16)
                                                         clknet_0_clk (net)
                      0.126656    0.001769    0.305275 ^ clkbuf_4_1_0_clk/A (sky130_fd_sc_hd__clkbuf_8)
    16    0.066697    0.124509    0.218819    0.524094 ^ clkbuf_4_1_0_clk/X (sky130_fd_sc_hd__clkbuf_8)
                                                         clknet_4_1_0_clk (net)
                      0.124535    0.001791    0.525885 ^ _3139_/CLK (sky130_fd_sc_hd__dfrtp_1)
     2    0.006078    0.070130    0.366710    0.892594 ^ _3139_/Q (sky130_fd_sc_hd__dfrtp_1)
                                                         shift_out[12] (net)
                      0.070130    0.000063    0.892658 ^ _2028_/A1 (sky130_fd_sc_hd__a221o_1)
     1    0.002944    0.045379    0.138937    1.031594 ^ _2028_/X (sky130_fd_sc_hd__a221o_1)
                                                         _0434_ (net)
                      0.045379    0.000026    1.031621 ^ _2029_/B2 (sky130_fd_sc_hd__o22a_1)
     1    0.002534    0.039171    0.106169    1.137790 ^ _2029_/X (sky130_fd_sc_hd__o22a_1)
                                                         _0234_ (net)
                      0.039171    0.000026    1.137817 ^ hold54/A (sky130_fd_sc_hd__dlygate4sd3_1)
     1    0.003013    0.054765    0.534956    1.672772 ^ hold54/X (sky130_fd_sc_hd__dlygate4sd3_1)
                                                         net59 (net)
                      0.054765    0.000035    1.672807 ^ _3138_/D (sky130_fd_sc_hd__dfrtp_1)
                                              1.672807   data arrival time

                                  0.000000    0.000000   clock clk (rise edge)
                                  0.000000    0.000000   clock source latency
     1    0.024940    0.117813    0.081389    0.081389 ^ clk (in)
                                                         clk (net)
                      0.117831    0.000000    0.081389 ^ clkbuf_0_clk/A (sky130_fd_sc_hd__clkbuf_16)
    16    0.113144    0.126631    0.222117    0.303506 ^ clkbuf_0_clk/X (sky130_fd_sc_hd__clkbuf_16)
                                                         clknet_0_clk (net)
                      0.126638    0.001133    0.304640 ^ clkbuf_4_4_0_clk/A (sky130_fd_sc_hd__clkbuf_8)
    11    0.057239    0.109341    0.207630    0.512270 ^ clkbuf_4_4_0_clk/X (sky130_fd_sc_hd__clkbuf_8)
                                                         clknet_4_4_0_clk (net)
                      0.109341    0.000397    0.512667 ^ _3138_/CLK (sky130_fd_sc_hd__dfrtp_1)
                                  0.500000    1.012667   clock uncertainty
                                  0.000000    1.012667   clock reconvergence pessimism
                                 -0.028003    0.984663   library hold time
                                              0.984663   data required time
---------------------------------------------------------------------------------------------
                                              0.984663   data required time
                                             -1.672807   data arrival time
---------------------------------------------------------------------------------------------
                                              0.688144   slack (MET)


Startpoint: _3168_ (rising edge-triggered flip-flop clocked by clk)
Endpoint: _3155_ (rising edge-triggered flip-flop clocked by clk)
Path Group: clk
Path Type: min

Fanout         Cap        Slew       Delay        Time   Description
---------------------------------------------------------------------------------------------
                                  0.000000    0.000000   clock clk (rise edge)
                                  0.000000    0.000000   clock source latency
     1    0.024940    0.117813    0.081389    0.081389 ^ clk (in)
                                                         clk (net)
                      0.117831    0.000000    0.081389 ^ clkbuf_0_clk/A (sky130_fd_sc_hd__clkbuf_16)
    16    0.113144    0.126631    0.222117    0.303506 ^ clkbuf_0_clk/X (sky130_fd_sc_hd__clkbuf_16)
                                                         clknet_0_clk (net)
                      0.126655    0.001727    0.305233 ^ clkbuf_4_0_0_clk/A (sky130_fd_sc_hd__clkbuf_8)
    24    0.072074    0.132827    0.224642    0.529875 ^ clkbuf_4_0_0_clk/X (sky130_fd_sc_hd__clkbuf_8)
                                                         clknet_4_0_0_clk (net)
                      0.132994    0.003245    0.533120 ^ _3168_/CLK (sky130_fd_sc_hd__dfstp_4)
    11    0.034670    0.073856    0.531301    1.064421 v _3168_/Q (sky130_fd_sc_hd__dfstp_4)
                                                         ss_s1 (net)
                      0.073856    0.000228    1.064649 v _2799_/A (sky130_fd_sc_hd__nor2_1)
     1    0.001860    0.062398    0.095298    1.159947 ^ _2799_/Y (sky130_fd_sc_hd__nor2_1)
                                                         _0008_ (net)
                      0.062398    0.000007    1.159955 ^ hold181/A (sky130_fd_sc_hd__dlygate4sd3_1)
     1    0.002834    0.053231    0.540506    1.700460 ^ hold181/X (sky130_fd_sc_hd__dlygate4sd3_1)
                                                         net186 (net)
                      0.053231    0.000031    1.700491 ^ _3155_/D (sky130_fd_sc_hd__dfrtp_1)
                                              1.700491   data arrival time

                                  0.000000    0.000000   clock clk (rise edge)
                                  0.000000    0.000000   clock source latency
     1    0.024940    0.117813    0.081389    0.081389 ^ clk (in)
                                                         clk (net)
                      0.117831    0.000000    0.081389 ^ clkbuf_0_clk/A (sky130_fd_sc_hd__clkbuf_16)
    16    0.113144    0.126631    0.222117    0.303506 ^ clkbuf_0_clk/X (sky130_fd_sc_hd__clkbuf_16)
                                                         clknet_0_clk (net)
                      0.126655    0.001727    0.305233 ^ clkbuf_4_0_0_clk/A (sky130_fd_sc_hd__clkbuf_8)
    24    0.072074    0.132827    0.224642    0.529875 ^ clkbuf_4_0_0_clk/X (sky130_fd_sc_hd__clkbuf_8)
                                                         clknet_4_0_0_clk (net)
                      0.132995    0.003258    0.533133 ^ _3155_/CLK (sky130_fd_sc_hd__dfrtp_1)
                                  0.500000    1.033133   clock uncertainty
                                  0.000000    1.033133   clock reconvergence pessimism
                                 -0.024447    1.008686   library hold time
                                              1.008686   data required time
---------------------------------------------------------------------------------------------
                                              1.008686   data required time
                                             -1.700491   data arrival time
---------------------------------------------------------------------------------------------
                                              0.691805   slack (MET)


Startpoint: _3136_ (rising edge-triggered flip-flop clocked by clk)
Endpoint: _3135_ (rising edge-triggered flip-flop clocked by clk)
Path Group: clk
Path Type: min

Fanout         Cap        Slew       Delay        Time   Description
---------------------------------------------------------------------------------------------
                                  0.000000    0.000000   clock clk (rise edge)
                                  0.000000    0.000000   clock source latency
     1    0.024940    0.117813    0.081389    0.081389 ^ clk (in)
                                                         clk (net)
                      0.117831    0.000000    0.081389 ^ clkbuf_0_clk/A (sky130_fd_sc_hd__clkbuf_16)
    16    0.113144    0.126631    0.222117    0.303506 ^ clkbuf_0_clk/X (sky130_fd_sc_hd__clkbuf_16)
                                                         clknet_0_clk (net)
                      0.126637    0.001064    0.304570 ^ clkbuf_4_5_0_clk/A (sky130_fd_sc_hd__clkbuf_8)
    10    0.060713    0.114917    0.211687    0.516257 ^ clkbuf_4_5_0_clk/X (sky130_fd_sc_hd__clkbuf_8)
                                                         clknet_4_5_0_clk (net)
                      0.114917    0.000107    0.516365 ^ _3136_/CLK (sky130_fd_sc_hd__dfrtp_1)
     2    0.005098    0.062480    0.356642    0.873006 ^ _3136_/Q (sky130_fd_sc_hd__dfrtp_1)
                                                         shift_out[9] (net)
                      0.062480    0.000052    0.873059 ^ _2049_/A1 (sky130_fd_sc_hd__a221o_1)
     1    0.004832    0.060837    0.150331    1.023390 ^ _2049_/X (sky130_fd_sc_hd__a221o_1)
                                                         _0452_ (net)
                      0.060837    0.000084    1.023474 ^ _2050_/B2 (sky130_fd_sc_hd__o22a_1)
     1    0.003712    0.049002    0.120087    1.143561 ^ _2050_/X (sky130_fd_sc_hd__o22a_1)
                                                         _0231_ (net)
                      0.049002    0.000042    1.143603 ^ hold38/A (sky130_fd_sc_hd__dlygate4sd3_1)
     1    0.002481    0.050222    0.533153    1.676756 ^ hold38/X (sky130_fd_sc_hd__dlygate4sd3_1)
                                                         net43 (net)
                      0.050222    0.000023    1.676779 ^ _3135_/D (sky130_fd_sc_hd__dfrtp_1)
                                              1.676779   data arrival time

                                  0.000000    0.000000   clock clk (rise edge)
                                  0.000000    0.000000   clock source latency
     1    0.024940    0.117813    0.081389    0.081389 ^ clk (in)
                                                         clk (net)
                      0.117831    0.000000    0.081389 ^ clkbuf_0_clk/A (sky130_fd_sc_hd__clkbuf_16)
    16    0.113144    0.126631    0.222117    0.303506 ^ clkbuf_0_clk/X (sky130_fd_sc_hd__clkbuf_16)
                                                         clknet_0_clk (net)
                      0.126634    0.000903    0.304410 ^ clkbuf_4_6_0_clk/A (sky130_fd_sc_hd__clkbuf_8)
    12    0.055843    0.107139    0.205869    0.510279 ^ clkbuf_4_6_0_clk/X (sky130_fd_sc_hd__clkbuf_8)
                                                         clknet_4_6_0_clk (net)
                      0.107139    0.000282    0.510561 ^ _3135_/CLK (sky130_fd_sc_hd__dfrtp_1)
                                  0.500000    1.010561   clock uncertainty
                                  0.000000    1.010561   clock reconvergence pessimism
                                 -0.027360    0.983201   library hold time
                                              0.983201   data required time
---------------------------------------------------------------------------------------------
                                              0.983201   data required time
                                             -1.676779   data arrival time
---------------------------------------------------------------------------------------------
                                              0.693577   slack (MET)


Startpoint: _3118_ (rising edge-triggered flip-flop clocked by clk)
Endpoint: _3151_ (rising edge-triggered flip-flop clocked by clk)
Path Group: clk
Path Type: min

Fanout         Cap        Slew       Delay        Time   Description
---------------------------------------------------------------------------------------------
                                  0.000000    0.000000   clock clk (rise edge)
                                  0.000000    0.000000   clock source latency
     1    0.024940    0.117813    0.081389    0.081389 ^ clk (in)
                                                         clk (net)
                      0.117831    0.000000    0.081389 ^ clkbuf_0_clk/A (sky130_fd_sc_hd__clkbuf_16)
    16    0.113144    0.126631    0.222117    0.303506 ^ clkbuf_0_clk/X (sky130_fd_sc_hd__clkbuf_16)
                                                         clknet_0_clk (net)
                      0.126637    0.001064    0.304570 ^ clkbuf_4_5_0_clk/A (sky130_fd_sc_hd__clkbuf_8)
    10    0.060713    0.114917    0.211687    0.516257 ^ clkbuf_4_5_0_clk/X (sky130_fd_sc_hd__clkbuf_8)
                                                         clknet_4_5_0_clk (net)
                      0.114936    0.001490    0.517747 ^ _3118_/CLK (sky130_fd_sc_hd__dfrtp_1)
     1    0.002069    0.039507    0.333986    0.851734 ^ _3118_/Q (sky130_fd_sc_hd__dfrtp_1)
                                                         shift_in[7] (net)
                      0.039507    0.000018    0.851752 ^ hold87/A (sky130_fd_sc_hd__dlygate4sd3_1)
     5    0.022027    0.226939    0.670926    1.522678 ^ hold87/X (sky130_fd_sc_hd__dlygate4sd3_1)
                                                         net92 (net)
                      0.226939    0.000628    1.523306 ^ _1509_/A1 (sky130_fd_sc_hd__mux2_1)
     1    0.003258    0.044782    0.173203    1.696509 ^ _1509_/X (sky130_fd_sc_hd__mux2_1)
                                                         _0247_ (net)
                      0.044782    0.000038    1.696548 ^ _3151_/D (sky130_fd_sc_hd__dfrtp_2)
                                              1.696548   data arrival time

                                  0.000000    0.000000   clock clk (rise edge)
                                  0.000000    0.000000   clock source latency
     1    0.024940    0.117813    0.081389    0.081389 ^ clk (in)
                                                         clk (net)
                      0.117831    0.000000    0.081389 ^ clkbuf_0_clk/A (sky130_fd_sc_hd__clkbuf_16)
    16    0.113144    0.126631    0.222117    0.303506 ^ clkbuf_0_clk/X (sky130_fd_sc_hd__clkbuf_16)
                                                         clknet_0_clk (net)
                      0.126656    0.001769    0.305275 ^ clkbuf_4_1_0_clk/A (sky130_fd_sc_hd__clkbuf_8)
    16    0.066697    0.124509    0.218819    0.524094 ^ clkbuf_4_1_0_clk/X (sky130_fd_sc_hd__clkbuf_8)
                                                         clknet_4_1_0_clk (net)
                      0.124513    0.000899    0.524993 ^ _3151_/CLK (sky130_fd_sc_hd__dfrtp_2)
                                  0.500000    1.024993   clock uncertainty
                                  0.000000    1.024993   clock reconvergence pessimism
                                 -0.023767    1.001225   library hold time
                                              1.001225   data required time
---------------------------------------------------------------------------------------------
                                              1.001225   data required time
                                             -1.696548   data arrival time
---------------------------------------------------------------------------------------------
                                              0.695322   slack (MET)


Startpoint: _3154_ (rising edge-triggered flip-flop clocked by clk)
Endpoint: _3152_ (rising edge-triggered flip-flop clocked by clk)
Path Group: clk
Path Type: min

Fanout         Cap        Slew       Delay        Time   Description
---------------------------------------------------------------------------------------------
                                  0.000000    0.000000   clock clk (rise edge)
                                  0.000000    0.000000   clock source latency
     1    0.024940    0.117813    0.081389    0.081389 ^ clk (in)
                                                         clk (net)
                      0.117831    0.000000    0.081389 ^ clkbuf_0_clk/A (sky130_fd_sc_hd__clkbuf_16)
    16    0.113144    0.126631    0.222117    0.303506 ^ clkbuf_0_clk/X (sky130_fd_sc_hd__clkbuf_16)
                                                         clknet_0_clk (net)
                      0.126655    0.001727    0.305233 ^ clkbuf_4_0_0_clk/A (sky130_fd_sc_hd__clkbuf_8)
    24    0.072074    0.132827    0.224642    0.529875 ^ clkbuf_4_0_0_clk/X (sky130_fd_sc_hd__clkbuf_8)
                                                         clknet_4_0_0_clk (net)
                      0.132861    0.002075    0.531950 ^ _3154_/CLK (sky130_fd_sc_hd__dfrtp_1)
     4    0.015041    0.141560    0.425743    0.957693 ^ _3154_/Q (sky130_fd_sc_hd__dfrtp_1)
                                                         state[2] (net)
                      0.141560    0.000267    0.957960 ^ hold249/A (sky130_fd_sc_hd__dlygate4sd3_1)
     2    0.009332    0.109618    0.612319    1.570279 ^ hold249/X (sky130_fd_sc_hd__dlygate4sd3_1)
                                                         net254 (net)
                      0.109618    0.000164    1.570442 ^ _2800_/A1 (sky130_fd_sc_hd__a211o_1)
     1    0.003954    0.045217    0.136917    1.707360 ^ _2800_/X (sky130_fd_sc_hd__a211o_1)
                                                         _0007_ (net)
                      0.045217    0.000068    1.707428 ^ _3152_/D (sky130_fd_sc_hd__dfstp_1)
                                              1.707428   data arrival time

                                  0.000000    0.000000   clock clk (rise edge)
                                  0.000000    0.000000   clock source latency
     1    0.024940    0.117813    0.081389    0.081389 ^ clk (in)
                                                         clk (net)
                      0.117831    0.000000    0.081389 ^ clkbuf_0_clk/A (sky130_fd_sc_hd__clkbuf_16)
    16    0.113144    0.126631    0.222117    0.303506 ^ clkbuf_0_clk/X (sky130_fd_sc_hd__clkbuf_16)
                                                         clknet_0_clk (net)
                      0.126655    0.001727    0.305233 ^ clkbuf_4_0_0_clk/A (sky130_fd_sc_hd__clkbuf_8)
    24    0.072074    0.132827    0.224642    0.529875 ^ clkbuf_4_0_0_clk/X (sky130_fd_sc_hd__clkbuf_8)
                                                         clknet_4_0_0_clk (net)
                      0.132844    0.001555    0.531430 ^ _3152_/CLK (sky130_fd_sc_hd__dfstp_1)
                                  0.500000    1.031430   clock uncertainty
                                  0.000000    1.031430   clock reconvergence pessimism
                                 -0.024007    1.007423   library hold time
                                              1.007423   data required time
---------------------------------------------------------------------------------------------
                                              1.007423   data required time
                                             -1.707428   data arrival time
---------------------------------------------------------------------------------------------
                                              0.700005   slack (MET)


Startpoint: _3094_ (rising edge-triggered flip-flop clocked by clk)
Endpoint: _3142_ (rising edge-triggered flip-flop clocked by clk)
Path Group: clk
Path Type: min

Fanout         Cap        Slew       Delay        Time   Description
---------------------------------------------------------------------------------------------
                                  0.000000    0.000000   clock clk (rise edge)
                                  0.000000    0.000000   clock source latency
     1    0.024940    0.117813    0.081389    0.081389 ^ clk (in)
                                                         clk (net)
                      0.117831    0.000000    0.081389 ^ clkbuf_0_clk/A (sky130_fd_sc_hd__clkbuf_16)
    16    0.113144    0.126631    0.222117    0.303506 ^ clkbuf_0_clk/X (sky130_fd_sc_hd__clkbuf_16)
                                                         clknet_0_clk (net)
                      0.126656    0.001769    0.305275 ^ clkbuf_4_1_0_clk/A (sky130_fd_sc_hd__clkbuf_8)
    16    0.066697    0.124509    0.218819    0.524094 ^ clkbuf_4_1_0_clk/X (sky130_fd_sc_hd__clkbuf_8)
                                                         clknet_4_1_0_clk (net)
                      0.124534    0.001766    0.525860 ^ _3094_/CLK (sky130_fd_sc_hd__dfrtp_2)
     3    0.013608    0.083310    0.407929    0.933789 ^ _3094_/Q (sky130_fd_sc_hd__dfrtp_2)
                                                         acc_reg[15] (net)
                      0.083310    0.000090    0.933879 ^ _1559_/A1 (sky130_fd_sc_hd__a211o_1)
     1    0.002950    0.037613    0.121088    1.054967 ^ _1559_/X (sky130_fd_sc_hd__a211o_1)
                                                         _1104_ (net)
                      0.037613    0.000027    1.054994 ^ _1560_/B1 (sky130_fd_sc_hd__o21a_1)
     1    0.002061    0.035008    0.098116    1.153110 ^ _1560_/X (sky130_fd_sc_hd__o21a_1)
                                                         _0238_ (net)
                      0.035008    0.000018    1.153128 ^ hold36/A (sky130_fd_sc_hd__dlygate4sd3_1)
     1    0.002957    0.054278    0.533073    1.686200 ^ hold36/X (sky130_fd_sc_hd__dlygate4sd3_1)
                                                         net41 (net)
                      0.054278    0.000032    1.686233 ^ _3142_/D (sky130_fd_sc_hd__dfrtp_1)
                                              1.686233   data arrival time

                                  0.000000    0.000000   clock clk (rise edge)
                                  0.000000    0.000000   clock source latency
     1    0.024940    0.117813    0.081389    0.081389 ^ clk (in)
                                                         clk (net)
                      0.117831    0.000000    0.081389 ^ clkbuf_0_clk/A (sky130_fd_sc_hd__clkbuf_16)
    16    0.113144    0.126631    0.222117    0.303506 ^ clkbuf_0_clk/X (sky130_fd_sc_hd__clkbuf_16)
                                                         clknet_0_clk (net)
                      0.126645    0.001407    0.304913 ^ clkbuf_4_3_0_clk/A (sky130_fd_sc_hd__clkbuf_8)
    11    0.057380    0.109561    0.207812    0.512725 ^ clkbuf_4_3_0_clk/X (sky130_fd_sc_hd__clkbuf_8)
                                                         clknet_4_3_0_clk (net)
                      0.109561    0.000422    0.513148 ^ _3142_/CLK (sky130_fd_sc_hd__dfrtp_1)
                                  0.500000    1.013148   clock uncertainty
                                  0.000000    1.013148   clock reconvergence pessimism
                                 -0.027872    0.985276   library hold time
                                              0.985276   data required time
---------------------------------------------------------------------------------------------
                                              0.985276   data required time
                                             -1.686233   data arrival time
---------------------------------------------------------------------------------------------
                                              0.700957   slack (MET)


Startpoint: _3103_ (rising edge-triggered flip-flop clocked by clk)
Endpoint: _3103_ (rising edge-triggered flip-flop clocked by clk)
Path Group: clk
Path Type: min

Fanout         Cap        Slew       Delay        Time   Description
---------------------------------------------------------------------------------------------
                                  0.000000    0.000000   clock clk (rise edge)
                                  0.000000    0.000000   clock source latency
     1    0.024940    0.117813    0.081389    0.081389 ^ clk (in)
                                                         clk (net)
                      0.117831    0.000000    0.081389 ^ clkbuf_0_clk/A (sky130_fd_sc_hd__clkbuf_16)
    16    0.113144    0.126631    0.222117    0.303506 ^ clkbuf_0_clk/X (sky130_fd_sc_hd__clkbuf_16)
                                                         clknet_0_clk (net)
                      0.126638    0.001116    0.304622 ^ clkbuf_4_7_0_clk/A (sky130_fd_sc_hd__clkbuf_8)
    17    0.065580    0.122744    0.217395    0.522017 ^ clkbuf_4_7_0_clk/X (sky130_fd_sc_hd__clkbuf_8)
                                                         clknet_4_7_0_clk (net)
                      0.122744    0.000417    0.522433 ^ _3103_/CLK (sky130_fd_sc_hd__dfrtp_4)
     7    0.034594    0.125643    0.495942    1.018376 ^ _3103_/Q (sky130_fd_sc_hd__dfrtp_4)
                                                         my_mul.x2[8] (net)
                      0.125643    0.000220    1.018596 ^ _2131_/A1 (sky130_fd_sc_hd__mux2_1)
     1    0.003440    0.046213    0.149440    1.168036 ^ _2131_/X (sky130_fd_sc_hd__mux2_1)
                                                         _0199_ (net)
                      0.046213    0.000046    1.168081 ^ hold64/A (sky130_fd_sc_hd__dlygate4sd3_1)
     1    0.002302    0.050765    0.530563    1.698644 ^ hold64/X (sky130_fd_sc_hd__dlygate4sd3_1)
                                                         net69 (net)
                      0.050765    0.000010    1.698654 ^ _3103_/D (sky130_fd_sc_hd__dfrtp_4)
                                              1.698654   data arrival time

                                  0.000000    0.000000   clock clk (rise edge)
                                  0.000000    0.000000   clock source latency
     1    0.024940    0.117813    0.081389    0.081389 ^ clk (in)
                                                         clk (net)
                      0.117831    0.000000    0.081389 ^ clkbuf_0_clk/A (sky130_fd_sc_hd__clkbuf_16)
    16    0.113144    0.126631    0.222117    0.303506 ^ clkbuf_0_clk/X (sky130_fd_sc_hd__clkbuf_16)
                                                         clknet_0_clk (net)
                      0.126638    0.001116    0.304622 ^ clkbuf_4_7_0_clk/A (sky130_fd_sc_hd__clkbuf_8)
    17    0.065580    0.122744    0.217395    0.522017 ^ clkbuf_4_7_0_clk/X (sky130_fd_sc_hd__clkbuf_8)
                                                         clknet_4_7_0_clk (net)
                      0.122744    0.000417    0.522433 ^ _3103_/CLK (sky130_fd_sc_hd__dfrtp_4)
                                  0.500000    1.022433   clock uncertainty
                                  0.000000    1.022433   clock reconvergence pessimism
                                 -0.025338    0.997095   library hold time
                                              0.997095   data required time
---------------------------------------------------------------------------------------------
                                              0.997095   data required time
                                             -1.698654   data arrival time
---------------------------------------------------------------------------------------------
                                              0.701559   slack (MET)


Startpoint: _3148_ (rising edge-triggered flip-flop clocked by clk)
Endpoint: _3148_ (rising edge-triggered flip-flop clocked by clk)
Path Group: clk
Path Type: min

Fanout         Cap        Slew       Delay        Time   Description
---------------------------------------------------------------------------------------------
                                  0.000000    0.000000   clock clk (rise edge)
                                  0.000000    0.000000   clock source latency
     1    0.024940    0.117813    0.081389    0.081389 ^ clk (in)
                                                         clk (net)
                      0.117831    0.000000    0.081389 ^ clkbuf_0_clk/A (sky130_fd_sc_hd__clkbuf_16)
    16    0.113144    0.126631    0.222117    0.303506 ^ clkbuf_0_clk/X (sky130_fd_sc_hd__clkbuf_16)
                                                         clknet_0_clk (net)
                      0.126656    0.001769    0.305275 ^ clkbuf_4_1_0_clk/A (sky130_fd_sc_hd__clkbuf_8)
    16    0.066697    0.124509    0.218819    0.524094 ^ clkbuf_4_1_0_clk/X (sky130_fd_sc_hd__clkbuf_8)
                                                         clknet_4_1_0_clk (net)
                      0.124517    0.001127    0.525221 ^ _3148_/CLK (sky130_fd_sc_hd__dfrtp_2)
     4    0.012715    0.079527    0.404852    0.930074 ^ _3148_/Q (sky130_fd_sc_hd__dfrtp_2)
                                                         op_reg[0] (net)
                      0.079527    0.000143    0.930216 ^ hold226/A (sky130_fd_sc_hd__dlygate4sd3_1)
     2    0.013953    0.152203    0.627647    1.557863 ^ hold226/X (sky130_fd_sc_hd__dlygate4sd3_1)
                                                         net231 (net)
                      0.152203    0.000048    1.557911 ^ _1512_/A0 (sky130_fd_sc_hd__mux2_1)
     1    0.002949    0.042419    0.149552    1.707463 ^ _1512_/X (sky130_fd_sc_hd__mux2_1)
                                                         _0244_ (net)
                      0.042419    0.000025    1.707488 ^ _3148_/D (sky130_fd_sc_hd__dfrtp_2)
                                              1.707488   data arrival time

                                  0.000000    0.000000   clock clk (rise edge)
                                  0.000000    0.000000   clock source latency
     1    0.024940    0.117813    0.081389    0.081389 ^ clk (in)
                                                         clk (net)
                      0.117831    0.000000    0.081389 ^ clkbuf_0_clk/A (sky130_fd_sc_hd__clkbuf_16)
    16    0.113144    0.126631    0.222117    0.303506 ^ clkbuf_0_clk/X (sky130_fd_sc_hd__clkbuf_16)
                                                         clknet_0_clk (net)
                      0.126656    0.001769    0.305275 ^ clkbuf_4_1_0_clk/A (sky130_fd_sc_hd__clkbuf_8)
    16    0.066697    0.124509    0.218819    0.524094 ^ clkbuf_4_1_0_clk/X (sky130_fd_sc_hd__clkbuf_8)
                                                         clknet_4_1_0_clk (net)
                      0.124517    0.001127    0.525221 ^ _3148_/CLK (sky130_fd_sc_hd__dfrtp_2)
                                  0.500000    1.025221   clock uncertainty
                                  0.000000    1.025221   clock reconvergence pessimism
                                 -0.023282    1.001939   library hold time
                                              1.001939   data required time
---------------------------------------------------------------------------------------------
                                              1.001939   data required time
                                             -1.707488   data arrival time
---------------------------------------------------------------------------------------------
                                              0.705549   slack (MET)


Startpoint: _3091_ (rising edge-triggered flip-flop clocked by clk)
Endpoint: _3038_ (rising edge-triggered flip-flop clocked by clk)
Path Group: clk
Path Type: min

Fanout         Cap        Slew       Delay        Time   Description
---------------------------------------------------------------------------------------------
                                  0.000000    0.000000   clock clk (rise edge)
                                  0.000000    0.000000   clock source latency
     1    0.024940    0.117813    0.081389    0.081389 ^ clk (in)
                                                         clk (net)
                      0.117831    0.000000    0.081389 ^ clkbuf_0_clk/A (sky130_fd_sc_hd__clkbuf_16)
    16    0.113144    0.126631    0.222117    0.303506 ^ clkbuf_0_clk/X (sky130_fd_sc_hd__clkbuf_16)
                                                         clknet_0_clk (net)
                      0.126633    0.000821    0.304327 ^ clkbuf_4_9_0_clk/A (sky130_fd_sc_hd__clkbuf_8)
     7    0.057340    0.109519    0.207690    0.512017 ^ clkbuf_4_9_0_clk/X (sky130_fd_sc_hd__clkbuf_8)
                                                         clknet_4_9_0_clk (net)
                      0.109525    0.000887    0.512904 ^ _3091_/CLK (sky130_fd_sc_hd__dfrtp_2)
     8    0.024890    0.132218    0.441079    0.953982 ^ _3091_/Q (sky130_fd_sc_hd__dfrtp_2)
                                                         acc_reg[12] (net)
                      0.132218    0.000486    0.954468 ^ _2386_/B2 (sky130_fd_sc_hd__a22o_1)
     1    0.002925    0.044961    0.140333    1.094801 ^ _2386_/X (sky130_fd_sc_hd__a22o_1)
                                                         _0691_ (net)
                      0.044961    0.000026    1.094828 ^ _2387_/B1 (sky130_fd_sc_hd__a21o_1)
     1    0.002471    0.032334    0.073428    1.168256 ^ _2387_/X (sky130_fd_sc_hd__a21o_1)
                                                         _0297_ (net)
                      0.032334    0.000024    1.168280 ^ hold245/A (sky130_fd_sc_hd__dlygate4sd3_1)
     1    0.002305    0.048817    0.526074    1.694354 ^ hold245/X (sky130_fd_sc_hd__dlygate4sd3_1)
                                                         net250 (net)
                      0.048817    0.000019    1.694374 ^ _3038_/D (sky130_fd_sc_hd__dfrtp_1)
                                              1.694374   data arrival time

                                  0.000000    0.000000   clock clk (rise edge)
                                  0.000000    0.000000   clock source latency
     1    0.024940    0.117813    0.081389    0.081389 ^ clk (in)
                                                         clk (net)
                      0.117831    0.000000    0.081389 ^ clkbuf_0_clk/A (sky130_fd_sc_hd__clkbuf_16)
    16    0.113144    0.126631    0.222117    0.303506 ^ clkbuf_0_clk/X (sky130_fd_sc_hd__clkbuf_16)
                                                         clknet_0_clk (net)
                      0.126640    0.001228    0.304734 ^ clkbuf_4_11_0_clk/A (sky130_fd_sc_hd__clkbuf_8)
    13    0.056438    0.108025    0.206778    0.511512 ^ clkbuf_4_11_0_clk/X (sky130_fd_sc_hd__clkbuf_8)
                                                         clknet_4_11_0_clk (net)
                      0.108025    0.000497    0.512009 ^ _3038_/CLK (sky130_fd_sc_hd__dfrtp_1)
                                  0.500000    1.012009   clock uncertainty
                                  0.000000    1.012009   clock reconvergence pessimism
                                 -0.026946    0.985063   library hold time
                                              0.985063   data required time
---------------------------------------------------------------------------------------------
                                              0.985063   data required time
                                             -1.694374   data arrival time
---------------------------------------------------------------------------------------------
                                              0.709311   slack (MET)


Startpoint: _3003_ (rising edge-triggered flip-flop clocked by clk)
Endpoint: _3004_ (rising edge-triggered flip-flop clocked by clk)
Path Group: clk
Path Type: min

Fanout         Cap        Slew       Delay        Time   Description
---------------------------------------------------------------------------------------------
                                  0.000000    0.000000   clock clk (rise edge)
                                  0.000000    0.000000   clock source latency
     1    0.024940    0.117813    0.081389    0.081389 ^ clk (in)
                                                         clk (net)
                      0.117831    0.000000    0.081389 ^ clkbuf_0_clk/A (sky130_fd_sc_hd__clkbuf_16)
    16    0.113144    0.126631    0.222117    0.303506 ^ clkbuf_0_clk/X (sky130_fd_sc_hd__clkbuf_16)
                                                         clknet_0_clk (net)
                      0.126641    0.001277    0.304783 ^ clkbuf_4_10_0_clk/A (sky130_fd_sc_hd__clkbuf_8)
    10    0.052073    0.101109    0.201423    0.506206 ^ clkbuf_4_10_0_clk/X (sky130_fd_sc_hd__clkbuf_8)
                                                         clknet_4_10_0_clk (net)
                      0.101110    0.000523    0.506729 ^ _3003_/CLK (sky130_fd_sc_hd__dfrtp_1)
     4    0.010373    0.103321    0.386393    0.893122 ^ _3003_/Q (sky130_fd_sc_hd__dfrtp_1)
                                                         my_divider.remainder_reg[2] (net)
                      0.103321    0.000053    0.893175 ^ _2754_/A0 (sky130_fd_sc_hd__mux2_1)
     1    0.003361    0.045570    0.138964    1.032139 ^ _2754_/X (sky130_fd_sc_hd__mux2_1)
                                                         _1024_ (net)
                      0.045570    0.000039    1.032178 ^ _2756_/B1 (sky130_fd_sc_hd__a221o_1)
     1    0.002919    0.042420    0.125120    1.157298 ^ _2756_/X (sky130_fd_sc_hd__a221o_1)
                                                         _0263_ (net)
                      0.042420    0.000038    1.157336 ^ hold190/A (sky130_fd_sc_hd__dlygate4sd3_1)
     1    0.002572    0.050982    0.531869    1.689206 ^ hold190/X (sky130_fd_sc_hd__dlygate4sd3_1)
                                                         net195 (net)
                      0.050982    0.000024    1.689230 ^ _3004_/D (sky130_fd_sc_hd__dfrtp_1)
                                              1.689230   data arrival time

                                  0.000000    0.000000   clock clk (rise edge)
                                  0.000000    0.000000   clock source latency
     1    0.024940    0.117813    0.081389    0.081389 ^ clk (in)
                                                         clk (net)
                      0.117831    0.000000    0.081389 ^ clkbuf_0_clk/A (sky130_fd_sc_hd__clkbuf_16)
    16    0.113144    0.126631    0.222117    0.303506 ^ clkbuf_0_clk/X (sky130_fd_sc_hd__clkbuf_16)
                                                         clknet_0_clk (net)
                      0.126641    0.001277    0.304783 ^ clkbuf_4_10_0_clk/A (sky130_fd_sc_hd__clkbuf_8)
    10    0.052073    0.101109    0.201423    0.506206 ^ clkbuf_4_10_0_clk/X (sky130_fd_sc_hd__clkbuf_8)
                                                         clknet_4_10_0_clk (net)
                      0.101110    0.000524    0.506730 ^ _3004_/CLK (sky130_fd_sc_hd__dfrtp_1)
                                  0.500000    1.006730   clock uncertainty
                                  0.000000    1.006730   clock reconvergence pessimism
                                 -0.028342    0.978388   library hold time
                                              0.978388   data required time
---------------------------------------------------------------------------------------------
                                              0.978388   data required time
                                             -1.689230   data arrival time
---------------------------------------------------------------------------------------------
                                              0.710842   slack (MET)


Startpoint: _2997_ (rising edge-triggered flip-flop clocked by clk)
Endpoint: _2998_ (rising edge-triggered flip-flop clocked by clk)
Path Group: clk
Path Type: min

Fanout         Cap        Slew       Delay        Time   Description
---------------------------------------------------------------------------------------------
                                  0.000000    0.000000   clock clk (rise edge)
                                  0.000000    0.000000   clock source latency
     1    0.024940    0.117813    0.081389    0.081389 ^ clk (in)
                                                         clk (net)
                      0.117831    0.000000    0.081389 ^ clkbuf_0_clk/A (sky130_fd_sc_hd__clkbuf_16)
    16    0.113144    0.126631    0.222117    0.303506 ^ clkbuf_0_clk/X (sky130_fd_sc_hd__clkbuf_16)
                                                         clknet_0_clk (net)
                      0.126655    0.001727    0.305233 ^ clkbuf_4_0_0_clk/A (sky130_fd_sc_hd__clkbuf_8)
    24    0.072074    0.132827    0.224642    0.529875 ^ clkbuf_4_0_0_clk/X (sky130_fd_sc_hd__clkbuf_8)
                                                         clknet_4_0_0_clk (net)
                      0.132848    0.001715    0.531590 ^ _2997_/CLK (sky130_fd_sc_hd__dfrtp_1)
     4    0.011193    0.110004    0.402515    0.934105 ^ _2997_/Q (sky130_fd_sc_hd__dfrtp_1)
                                                         my_divider.counter[0] (net)
                      0.110004    0.000091    0.934196 ^ _2774_/A2 (sky130_fd_sc_hd__o21ba_1)
     1    0.002685    0.041515    0.123523    1.057719 ^ _2774_/X (sky130_fd_sc_hd__o21ba_1)
                                                         _1038_ (net)
                      0.041515    0.000023    1.057742 ^ _2775_/C1 (sky130_fd_sc_hd__o211a_1)
     1    0.002521    0.038994    0.123899    1.181641 ^ _2775_/X (sky130_fd_sc_hd__o211a_1)
                                                         _0257_ (net)
                      0.038994    0.000019    1.181659 ^ hold215/A (sky130_fd_sc_hd__dlygate4sd3_1)
     1    0.003224    0.056633    0.536886    1.718546 ^ hold215/X (sky130_fd_sc_hd__dlygate4sd3_1)
                                                         net220 (net)
                      0.056633    0.000044    1.718589 ^ _2998_/D (sky130_fd_sc_hd__dfrtp_1)
                                              1.718589   data arrival time

                                  0.000000    0.000000   clock clk (rise edge)
                                  0.000000    0.000000   clock source latency
     1    0.024940    0.117813    0.081389    0.081389 ^ clk (in)
                                                         clk (net)
                      0.117831    0.000000    0.081389 ^ clkbuf_0_clk/A (sky130_fd_sc_hd__clkbuf_16)
    16    0.113144    0.126631    0.222117    0.303506 ^ clkbuf_0_clk/X (sky130_fd_sc_hd__clkbuf_16)
                                                         clknet_0_clk (net)
                      0.126655    0.001727    0.305233 ^ clkbuf_4_0_0_clk/A (sky130_fd_sc_hd__clkbuf_8)
    24    0.072074    0.132827    0.224642    0.529875 ^ clkbuf_4_0_0_clk/X (sky130_fd_sc_hd__clkbuf_8)
                                                         clknet_4_0_0_clk (net)
                      0.132848    0.001708    0.531583 ^ _2998_/CLK (sky130_fd_sc_hd__dfrtp_1)
                                  0.500000    1.031583   clock uncertainty
                                  0.000000    1.031583   clock reconvergence pessimism
                                 -0.025173    1.006411   library hold time
                                              1.006411   data required time
---------------------------------------------------------------------------------------------
                                              1.006411   data required time
                                             -1.718589   data arrival time
---------------------------------------------------------------------------------------------
                                              0.712179   slack (MET)


Startpoint: _3007_ (rising edge-triggered flip-flop clocked by clk)
Endpoint: _3008_ (rising edge-triggered flip-flop clocked by clk)
Path Group: clk
Path Type: min

Fanout         Cap        Slew       Delay        Time   Description
---------------------------------------------------------------------------------------------
                                  0.000000    0.000000   clock clk (rise edge)
                                  0.000000    0.000000   clock source latency
     1    0.024940    0.117813    0.081389    0.081389 ^ clk (in)
                                                         clk (net)
                      0.117831    0.000000    0.081389 ^ clkbuf_0_clk/A (sky130_fd_sc_hd__clkbuf_16)
    16    0.113144    0.126631    0.222117    0.303506 ^ clkbuf_0_clk/X (sky130_fd_sc_hd__clkbuf_16)
                                                         clknet_0_clk (net)
                      0.126648    0.001518    0.305024 ^ clkbuf_4_2_0_clk/A (sky130_fd_sc_hd__clkbuf_8)
    18    0.068234    0.127061    0.220356    0.525380 ^ clkbuf_4_2_0_clk/X (sky130_fd_sc_hd__clkbuf_8)
                                                         clknet_4_2_0_clk (net)
                      0.127103    0.002234    0.527613 ^ _3007_/CLK (sky130_fd_sc_hd__dfrtp_1)
     4    0.013393    0.128010    0.414071    0.941684 ^ _3007_/Q (sky130_fd_sc_hd__dfrtp_1)
                                                         my_divider.remainder_reg[6] (net)
                      0.128010    0.000083    0.941767 ^ _2734_/A0 (sky130_fd_sc_hd__mux2_1)
     1    0.002959    0.042499    0.143698    1.085465 ^ _2734_/X (sky130_fd_sc_hd__mux2_1)
                                                         _1008_ (net)
                      0.042499    0.000027    1.085493 ^ _2736_/A2 (sky130_fd_sc_hd__a21o_1)
     1    0.002710    0.034244    0.101381    1.186874 ^ _2736_/X (sky130_fd_sc_hd__a21o_1)
                                                         _0267_ (net)
                      0.034244    0.000031    1.186905 ^ hold282/A (sky130_fd_sc_hd__dlygate4sd3_1)
     1    0.002416    0.049671    0.527743    1.714648 ^ hold282/X (sky130_fd_sc_hd__dlygate4sd3_1)
                                                         net287 (net)
                      0.049671    0.000022    1.714670 ^ _3008_/D (sky130_fd_sc_hd__dfrtp_1)
                                              1.714670   data arrival time

                                  0.000000    0.000000   clock clk (rise edge)
                                  0.000000    0.000000   clock source latency
     1    0.024940    0.117813    0.081389    0.081389 ^ clk (in)
                                                         clk (net)
                      0.117831    0.000000    0.081389 ^ clkbuf_0_clk/A (sky130_fd_sc_hd__clkbuf_16)
    16    0.113144    0.126631    0.222117    0.303506 ^ clkbuf_0_clk/X (sky130_fd_sc_hd__clkbuf_16)
                                                         clknet_0_clk (net)
                      0.126648    0.001518    0.305024 ^ clkbuf_4_2_0_clk/A (sky130_fd_sc_hd__clkbuf_8)
    18    0.068234    0.127061    0.220356    0.525380 ^ clkbuf_4_2_0_clk/X (sky130_fd_sc_hd__clkbuf_8)
                                                         clknet_4_2_0_clk (net)
                      0.127079    0.001596    0.526976 ^ _3008_/CLK (sky130_fd_sc_hd__dfrtp_1)
                                  0.500000    1.026976   clock uncertainty
                                  0.000000    1.026976   clock reconvergence pessimism
                                 -0.024518    1.002458   library hold time
                                              1.002458   data required time
---------------------------------------------------------------------------------------------
                                              1.002458   data required time
                                             -1.714670   data arrival time
---------------------------------------------------------------------------------------------
                                              0.712212   slack (MET)


Startpoint: _3005_ (rising edge-triggered flip-flop clocked by clk)
Endpoint: _3006_ (rising edge-triggered flip-flop clocked by clk)
Path Group: clk
Path Type: min

Fanout         Cap        Slew       Delay        Time   Description
---------------------------------------------------------------------------------------------
                                  0.000000    0.000000   clock clk (rise edge)
                                  0.000000    0.000000   clock source latency
     1    0.024940    0.117813    0.081389    0.081389 ^ clk (in)
                                                         clk (net)
                      0.117831    0.000000    0.081389 ^ clkbuf_0_clk/A (sky130_fd_sc_hd__clkbuf_16)
    16    0.113144    0.126631    0.222117    0.303506 ^ clkbuf_0_clk/X (sky130_fd_sc_hd__clkbuf_16)
                                                         clknet_0_clk (net)
                      0.126648    0.001518    0.305024 ^ clkbuf_4_2_0_clk/A (sky130_fd_sc_hd__clkbuf_8)
    18    0.068234    0.127061    0.220356    0.525380 ^ clkbuf_4_2_0_clk/X (sky130_fd_sc_hd__clkbuf_8)
                                                         clknet_4_2_0_clk (net)
                      0.127104    0.002252    0.527631 ^ _3005_/CLK (sky130_fd_sc_hd__dfrtp_1)
     4    0.010668    0.105722    0.397535    0.925166 ^ _3005_/Q (sky130_fd_sc_hd__dfrtp_1)
                                                         my_divider.remainder_reg[4] (net)
                      0.105722    0.000155    0.925322 ^ _2744_/A0 (sky130_fd_sc_hd__mux2_1)
     1    0.003813    0.049056    0.142996    1.068318 ^ _2744_/X (sky130_fd_sc_hd__mux2_1)
                                                         _1016_ (net)
                      0.049056    0.000044    1.068362 ^ _2746_/B1 (sky130_fd_sc_hd__a221o_1)
     1    0.002412    0.038524    0.122059    1.190421 ^ _2746_/X (sky130_fd_sc_hd__a221o_1)
                                                         _0265_ (net)
                      0.038524    0.000023    1.190445 ^ hold196/A (sky130_fd_sc_hd__dlygate4sd3_1)
     1    0.002302    0.048805    0.528063    1.718508 ^ hold196/X (sky130_fd_sc_hd__dlygate4sd3_1)
                                                         net201 (net)
                      0.048805    0.000020    1.718528 ^ _3006_/D (sky130_fd_sc_hd__dfrtp_1)
                                              1.718528   data arrival time

                                  0.000000    0.000000   clock clk (rise edge)
                                  0.000000    0.000000   clock source latency
     1    0.024940    0.117813    0.081389    0.081389 ^ clk (in)
                                                         clk (net)
                      0.117831    0.000000    0.081389 ^ clkbuf_0_clk/A (sky130_fd_sc_hd__clkbuf_16)
    16    0.113144    0.126631    0.222117    0.303506 ^ clkbuf_0_clk/X (sky130_fd_sc_hd__clkbuf_16)
                                                         clknet_0_clk (net)
                      0.126648    0.001518    0.305024 ^ clkbuf_4_2_0_clk/A (sky130_fd_sc_hd__clkbuf_8)
    18    0.068234    0.127061    0.220356    0.525380 ^ clkbuf_4_2_0_clk/X (sky130_fd_sc_hd__clkbuf_8)
                                                         clknet_4_2_0_clk (net)
                      0.127111    0.002389    0.527769 ^ _3006_/CLK (sky130_fd_sc_hd__dfrtp_1)
                                  0.500000    1.027769   clock uncertainty
                                  0.000000    1.027769   clock reconvergence pessimism
                                 -0.024334    1.003435   library hold time
                                              1.003435   data required time
---------------------------------------------------------------------------------------------
                                              1.003435   data required time
                                             -1.718528   data arrival time
---------------------------------------------------------------------------------------------
                                              0.715093   slack (MET)


Startpoint: _3008_ (rising edge-triggered flip-flop clocked by clk)
Endpoint: _3009_ (rising edge-triggered flip-flop clocked by clk)
Path Group: clk
Path Type: min

Fanout         Cap        Slew       Delay        Time   Description
---------------------------------------------------------------------------------------------
                                  0.000000    0.000000   clock clk (rise edge)
                                  0.000000    0.000000   clock source latency
     1    0.024940    0.117813    0.081389    0.081389 ^ clk (in)
                                                         clk (net)
                      0.117831    0.000000    0.081389 ^ clkbuf_0_clk/A (sky130_fd_sc_hd__clkbuf_16)
    16    0.113144    0.126631    0.222117    0.303506 ^ clkbuf_0_clk/X (sky130_fd_sc_hd__clkbuf_16)
                                                         clknet_0_clk (net)
                      0.126648    0.001518    0.305024 ^ clkbuf_4_2_0_clk/A (sky130_fd_sc_hd__clkbuf_8)
    18    0.068234    0.127061    0.220356    0.525380 ^ clkbuf_4_2_0_clk/X (sky130_fd_sc_hd__clkbuf_8)
                                                         clknet_4_2_0_clk (net)
                      0.127079    0.001596    0.526976 ^ _3008_/CLK (sky130_fd_sc_hd__dfrtp_1)
     4    0.010039    0.100592    0.393742    0.920718 ^ _3008_/Q (sky130_fd_sc_hd__dfrtp_1)
                                                         my_divider.remainder_reg[7] (net)
                      0.100592    0.000100    0.920818 ^ _2730_/A (sky130_fd_sc_hd__or2_1)
     1    0.003927    0.049425    0.116498    1.037316 ^ _2730_/X (sky130_fd_sc_hd__or2_1)
                                                         _1005_ (net)
                      0.049425    0.000051    1.037367 ^ _2731_/A3 (sky130_fd_sc_hd__a32o_1)
     1    0.002044    0.045578    0.148551    1.185918 ^ _2731_/X (sky130_fd_sc_hd__a32o_1)
                                                         _0268_ (net)
                      0.045578    0.000018    1.185936 ^ hold241/A (sky130_fd_sc_hd__dlygate4sd3_1)
     1    0.002950    0.054223    0.536462    1.722398 ^ hold241/X (sky130_fd_sc_hd__dlygate4sd3_1)
                                                         net246 (net)
                      0.054223    0.000031    1.722429 ^ _3009_/D (sky130_fd_sc_hd__dfrtp_2)
                                              1.722429   data arrival time

                                  0.000000    0.000000   clock clk (rise edge)
                                  0.000000    0.000000   clock source latency
     1    0.024940    0.117813    0.081389    0.081389 ^ clk (in)
                                                         clk (net)
                      0.117831    0.000000    0.081389 ^ clkbuf_0_clk/A (sky130_fd_sc_hd__clkbuf_16)
    16    0.113144    0.126631    0.222117    0.303506 ^ clkbuf_0_clk/X (sky130_fd_sc_hd__clkbuf_16)
                                                         clknet_0_clk (net)
                      0.126648    0.001518    0.305024 ^ clkbuf_4_2_0_clk/A (sky130_fd_sc_hd__clkbuf_8)
    18    0.068234    0.127061    0.220356    0.525380 ^ clkbuf_4_2_0_clk/X (sky130_fd_sc_hd__clkbuf_8)
                                                         clknet_4_2_0_clk (net)
                      0.127080    0.001620    0.527000 ^ _3009_/CLK (sky130_fd_sc_hd__dfrtp_2)
                                  0.500000    1.026999   clock uncertainty
                                  0.000000    1.026999   clock reconvergence pessimism
                                 -0.025352    1.001647   library hold time
                                              1.001647   data required time
---------------------------------------------------------------------------------------------
                                              1.001647   data required time
                                             -1.722429   data arrival time
---------------------------------------------------------------------------------------------
                                              0.720782   slack (MET)


Startpoint: _3159_ (rising edge-triggered flip-flop clocked by clk)
Endpoint: _3072_ (rising edge-triggered flip-flop clocked by clk)
Path Group: clk
Path Type: min

Fanout         Cap        Slew       Delay        Time   Description
---------------------------------------------------------------------------------------------
                                  0.000000    0.000000   clock clk (rise edge)
                                  0.000000    0.000000   clock source latency
     1    0.024940    0.117813    0.081389    0.081389 ^ clk (in)
                                                         clk (net)
                      0.117831    0.000000    0.081389 ^ clkbuf_0_clk/A (sky130_fd_sc_hd__clkbuf_16)
    16    0.113144    0.126631    0.222117    0.303506 ^ clkbuf_0_clk/X (sky130_fd_sc_hd__clkbuf_16)
                                                         clknet_0_clk (net)
                      0.126664    0.001984    0.305490 ^ clkbuf_4_14_0_clk/A (sky130_fd_sc_hd__clkbuf_8)
    11    0.066474    0.124057    0.218860    0.524350 ^ clkbuf_4_14_0_clk/X (sky130_fd_sc_hd__clkbuf_8)
                                                         clknet_4_14_0_clk (net)
                      0.124057    0.000140    0.524491 ^ _3159_/CLK (sky130_fd_sc_hd__dfrtp_4)
     7    0.033904    0.123960    0.494647    1.019138 ^ _3159_/Q (sky130_fd_sc_hd__dfrtp_4)
                                                         my_sum_sub.state[1] (net)
                      0.123971    0.001264    1.020402 ^ _2169_/S (sky130_fd_sc_hd__mux2_1)
     1    0.003485    0.046522    0.151334    1.171736 ^ _2169_/X (sky130_fd_sc_hd__mux2_1)
                                                         _0331_ (net)
                      0.046522    0.000049    1.171785 ^ hold99/A (sky130_fd_sc_hd__dlygate4sd3_1)
     1    0.003658    0.060184    0.542976    1.714761 ^ hold99/X (sky130_fd_sc_hd__dlygate4sd3_1)
                                                         net104 (net)
                      0.060184    0.000046    1.714807 ^ _3072_/D (sky130_fd_sc_hd__dfrtp_1)
                                              1.714807   data arrival time

                                  0.000000    0.000000   clock clk (rise edge)
                                  0.000000    0.000000   clock source latency
     1    0.024940    0.117813    0.081389    0.081389 ^ clk (in)
                                                         clk (net)
                      0.117831    0.000000    0.081389 ^ clkbuf_0_clk/A (sky130_fd_sc_hd__clkbuf_16)
    16    0.113144    0.126631    0.222117    0.303506 ^ clkbuf_0_clk/X (sky130_fd_sc_hd__clkbuf_16)
                                                         clknet_0_clk (net)
                      0.126640    0.001228    0.304734 ^ clkbuf_4_11_0_clk/A (sky130_fd_sc_hd__clkbuf_8)
    13    0.056438    0.108025    0.206778    0.511512 ^ clkbuf_4_11_0_clk/X (sky130_fd_sc_hd__clkbuf_8)
                                                         clknet_4_11_0_clk (net)
                      0.108025    0.000388    0.511900 ^ _3072_/CLK (sky130_fd_sc_hd__dfrtp_1)
                                  0.500000    1.011900   clock uncertainty
                                  0.000000    1.011900   clock reconvergence pessimism
                                 -0.029311    0.982589   library hold time
                                              0.982589   data required time
---------------------------------------------------------------------------------------------
                                              0.982589   data required time
                                             -1.714807   data arrival time
---------------------------------------------------------------------------------------------
                                              0.732218   slack (MET)


Startpoint: _3168_ (rising edge-triggered flip-flop clocked by clk)
Endpoint: _3100_ (rising edge-triggered flip-flop clocked by clk)
Path Group: clk
Path Type: min

Fanout         Cap        Slew       Delay        Time   Description
---------------------------------------------------------------------------------------------
                                  0.000000    0.000000   clock clk (rise edge)
                                  0.000000    0.000000   clock source latency
     1    0.024940    0.117813    0.081389    0.081389 ^ clk (in)
                                                         clk (net)
                      0.117831    0.000000    0.081389 ^ clkbuf_0_clk/A (sky130_fd_sc_hd__clkbuf_16)
    16    0.113144    0.126631    0.222117    0.303506 ^ clkbuf_0_clk/X (sky130_fd_sc_hd__clkbuf_16)
                                                         clknet_0_clk (net)
                      0.126655    0.001727    0.305233 ^ clkbuf_4_0_0_clk/A (sky130_fd_sc_hd__clkbuf_8)
    24    0.072074    0.132827    0.224642    0.529875 ^ clkbuf_4_0_0_clk/X (sky130_fd_sc_hd__clkbuf_8)
                                                         clknet_4_0_0_clk (net)
                      0.132994    0.003245    0.533120 ^ _3168_/CLK (sky130_fd_sc_hd__dfstp_4)
    11    0.037460    0.114622    0.698808    1.231928 ^ _3168_/Q (sky130_fd_sc_hd__dfstp_4)
                                                         ss_s1 (net)
                      0.114622    0.000706    1.232634 ^ _2122_/B (sky130_fd_sc_hd__or3b_4)
    17    0.085634    0.282549    0.316283    1.548917 ^ _2122_/X (sky130_fd_sc_hd__or3b_4)
                                                         _0500_ (net)
                      0.282672    0.004878    1.553794 ^ _2134_/S (sky130_fd_sc_hd__mux2_1)
     1    0.002356    0.038003    0.180226    1.734020 ^ _2134_/X (sky130_fd_sc_hd__mux2_1)
                                                         _0196_ (net)
                      0.038003    0.000021    1.734041 ^ _3100_/D (sky130_fd_sc_hd__dfrtp_4)
                                              1.734041   data arrival time

                                  0.000000    0.000000   clock clk (rise edge)
                                  0.000000    0.000000   clock source latency
     1    0.024940    0.117813    0.081389    0.081389 ^ clk (in)
                                                         clk (net)
                      0.117831    0.000000    0.081389 ^ clkbuf_0_clk/A (sky130_fd_sc_hd__clkbuf_16)
    16    0.113144    0.126631    0.222117    0.303506 ^ clkbuf_0_clk/X (sky130_fd_sc_hd__clkbuf_16)
                                                         clknet_0_clk (net)
                      0.126638    0.001116    0.304622 ^ clkbuf_4_7_0_clk/A (sky130_fd_sc_hd__clkbuf_8)
    17    0.065580    0.122744    0.217395    0.522017 ^ clkbuf_4_7_0_clk/X (sky130_fd_sc_hd__clkbuf_8)
                                                         clknet_4_7_0_clk (net)
                      0.122765    0.001648    0.523665 ^ _3100_/CLK (sky130_fd_sc_hd__dfrtp_4)
                                  0.500000    1.023665   clock uncertainty
                                  0.000000    1.023665   clock reconvergence pessimism
                                 -0.022685    1.000980   library hold time
                                              1.000980   data required time
---------------------------------------------------------------------------------------------
                                              1.000980   data required time
                                             -1.734041   data arrival time
---------------------------------------------------------------------------------------------
                                              0.733061   slack (MET)


Startpoint: _3168_ (rising edge-triggered flip-flop clocked by clk)
Endpoint: _3099_ (rising edge-triggered flip-flop clocked by clk)
Path Group: clk
Path Type: min

Fanout         Cap        Slew       Delay        Time   Description
---------------------------------------------------------------------------------------------
                                  0.000000    0.000000   clock clk (rise edge)
                                  0.000000    0.000000   clock source latency
     1    0.024940    0.117813    0.081389    0.081389 ^ clk (in)
                                                         clk (net)
                      0.117831    0.000000    0.081389 ^ clkbuf_0_clk/A (sky130_fd_sc_hd__clkbuf_16)
    16    0.113144    0.126631    0.222117    0.303506 ^ clkbuf_0_clk/X (sky130_fd_sc_hd__clkbuf_16)
                                                         clknet_0_clk (net)
                      0.126655    0.001727    0.305233 ^ clkbuf_4_0_0_clk/A (sky130_fd_sc_hd__clkbuf_8)
    24    0.072074    0.132827    0.224642    0.529875 ^ clkbuf_4_0_0_clk/X (sky130_fd_sc_hd__clkbuf_8)
                                                         clknet_4_0_0_clk (net)
                      0.132994    0.003245    0.533120 ^ _3168_/CLK (sky130_fd_sc_hd__dfstp_4)
    11    0.037460    0.114622    0.698808    1.231928 ^ _3168_/Q (sky130_fd_sc_hd__dfstp_4)
                                                         ss_s1 (net)
                      0.114622    0.000706    1.232634 ^ _2122_/B (sky130_fd_sc_hd__or3b_4)
    17    0.085634    0.282549    0.316283    1.548917 ^ _2122_/X (sky130_fd_sc_hd__or3b_4)
                                                         _0500_ (net)
                      0.282671    0.004871    1.553788 ^ _2135_/S (sky130_fd_sc_hd__mux2_1)
     1    0.002486    0.038950    0.181255    1.735043 ^ _2135_/X (sky130_fd_sc_hd__mux2_1)
                                                         _0358_ (net)
                      0.038950    0.000023    1.735066 ^ _3099_/D (sky130_fd_sc_hd__dfrtp_4)
                                              1.735066   data arrival time

                                  0.000000    0.000000   clock clk (rise edge)
                                  0.000000    0.000000   clock source latency
     1    0.024940    0.117813    0.081389    0.081389 ^ clk (in)
                                                         clk (net)
                      0.117831    0.000000    0.081389 ^ clkbuf_0_clk/A (sky130_fd_sc_hd__clkbuf_16)
    16    0.113144    0.126631    0.222117    0.303506 ^ clkbuf_0_clk/X (sky130_fd_sc_hd__clkbuf_16)
                                                         clknet_0_clk (net)
                      0.126638    0.001116    0.304622 ^ clkbuf_4_7_0_clk/A (sky130_fd_sc_hd__clkbuf_8)
    17    0.065580    0.122744    0.217395    0.522017 ^ clkbuf_4_7_0_clk/X (sky130_fd_sc_hd__clkbuf_8)
                                                         clknet_4_7_0_clk (net)
                      0.122763    0.001576    0.523593 ^ _3099_/CLK (sky130_fd_sc_hd__dfrtp_4)
                                  0.500000    1.023593   clock uncertainty
                                  0.000000    1.023593   clock reconvergence pessimism
                                 -0.022882    1.000710   library hold time
                                              1.000710   data required time
---------------------------------------------------------------------------------------------
                                              1.000710   data required time
                                             -1.735066   data arrival time
---------------------------------------------------------------------------------------------
                                              0.734356   slack (MET)


Startpoint: _3089_ (rising edge-triggered flip-flop clocked by clk)
Endpoint: _3036_ (rising edge-triggered flip-flop clocked by clk)
Path Group: clk
Path Type: min

Fanout         Cap        Slew       Delay        Time   Description
---------------------------------------------------------------------------------------------
                                  0.000000    0.000000   clock clk (rise edge)
                                  0.000000    0.000000   clock source latency
     1    0.024940    0.117813    0.081389    0.081389 ^ clk (in)
                                                         clk (net)
                      0.117831    0.000000    0.081389 ^ clkbuf_0_clk/A (sky130_fd_sc_hd__clkbuf_16)
    16    0.113144    0.126631    0.222117    0.303506 ^ clkbuf_0_clk/X (sky130_fd_sc_hd__clkbuf_16)
                                                         clknet_0_clk (net)
                      0.126638    0.001133    0.304640 ^ clkbuf_4_4_0_clk/A (sky130_fd_sc_hd__clkbuf_8)
    11    0.057239    0.109341    0.207630    0.512270 ^ clkbuf_4_4_0_clk/X (sky130_fd_sc_hd__clkbuf_8)
                                                         clknet_4_4_0_clk (net)
                      0.109341    0.000393    0.512663 ^ _3089_/CLK (sky130_fd_sc_hd__dfrtp_2)
     8    0.027964    0.145824    0.451267    0.963930 ^ _3089_/Q (sky130_fd_sc_hd__dfrtp_2)
                                                         acc_reg[10] (net)
                      0.145830    0.001124    0.965053 ^ _2390_/A (sky130_fd_sc_hd__and2_1)
     1    0.002665    0.047404    0.140496    1.105549 ^ _2390_/X (sky130_fd_sc_hd__and2_1)
                                                         _0693_ (net)
                      0.047404    0.000011    1.105560 ^ _2391_/C1 (sky130_fd_sc_hd__a221o_1)
     1    0.002494    0.038689    0.094143    1.199703 ^ _2391_/X (sky130_fd_sc_hd__a221o_1)
                                                         _0295_ (net)
                      0.038689    0.000017    1.199720 ^ hold94/A (sky130_fd_sc_hd__dlygate4sd3_1)
     1    0.002176    0.047898    0.526927    1.726646 ^ hold94/X (sky130_fd_sc_hd__dlygate4sd3_1)
                                                         net99 (net)
                      0.047898    0.000018    1.726664 ^ _3036_/D (sky130_fd_sc_hd__dfrtp_1)
                                              1.726664   data arrival time

                                  0.000000    0.000000   clock clk (rise edge)
                                  0.000000    0.000000   clock source latency
     1    0.024940    0.117813    0.081389    0.081389 ^ clk (in)
                                                         clk (net)
                      0.117831    0.000000    0.081389 ^ clkbuf_0_clk/A (sky130_fd_sc_hd__clkbuf_16)
    16    0.113144    0.126631    0.222117    0.303506 ^ clkbuf_0_clk/X (sky130_fd_sc_hd__clkbuf_16)
                                                         clknet_0_clk (net)
                      0.126657    0.001782    0.305288 ^ clkbuf_4_12_0_clk/A (sky130_fd_sc_hd__clkbuf_8)
     8    0.057091    0.109116    0.207421    0.512709 ^ clkbuf_4_12_0_clk/X (sky130_fd_sc_hd__clkbuf_8)
                                                         clknet_4_12_0_clk (net)
                      0.109118    0.000724    0.513433 ^ _3036_/CLK (sky130_fd_sc_hd__dfrtp_1)
                                  0.500000    1.013433   clock uncertainty
                                  0.000000    1.013433   clock reconvergence pessimism
                                 -0.026606    0.986828   library hold time
                                              0.986828   data required time
---------------------------------------------------------------------------------------------
                                              0.986828   data required time
                                             -1.726664   data arrival time
---------------------------------------------------------------------------------------------
                                              0.739837   slack (MET)


Startpoint: _3115_ (rising edge-triggered flip-flop clocked by clk)
Endpoint: _3115_ (rising edge-triggered flip-flop clocked by clk)
Path Group: clk
Path Type: min

Fanout         Cap        Slew       Delay        Time   Description
---------------------------------------------------------------------------------------------
                                  0.000000    0.000000   clock clk (rise edge)
                                  0.000000    0.000000   clock source latency
     1    0.024940    0.117813    0.081389    0.081389 ^ clk (in)
                                                         clk (net)
                      0.117831    0.000000    0.081389 ^ clkbuf_0_clk/A (sky130_fd_sc_hd__clkbuf_16)
    16    0.113144    0.126631    0.222117    0.303506 ^ clkbuf_0_clk/X (sky130_fd_sc_hd__clkbuf_16)
                                                         clknet_0_clk (net)
                      0.126638    0.001116    0.304622 ^ clkbuf_4_7_0_clk/A (sky130_fd_sc_hd__clkbuf_8)
    17    0.065580    0.122744    0.217395    0.522017 ^ clkbuf_4_7_0_clk/X (sky130_fd_sc_hd__clkbuf_8)
                                                         clknet_4_7_0_clk (net)
                      0.122765    0.001632    0.523648 ^ _3115_/CLK (sky130_fd_sc_hd__dfrtp_2)
     1    0.002496    0.036799    0.357572    0.881220 ^ _3115_/Q (sky130_fd_sc_hd__dfrtp_2)
                                                         shift_in[4] (net)
                      0.036799    0.000028    0.881248 ^ hold185/A (sky130_fd_sc_hd__dlygate4sd3_1)
     6    0.024654    0.250421    0.687542    1.568790 ^ hold185/X (sky130_fd_sc_hd__dlygate4sd3_1)
                                                         net190 (net)
                      0.250421    0.000279    1.569069 ^ _2116_/A1 (sky130_fd_sc_hd__mux2_1)
     1    0.002470    0.038948    0.172385    1.741454 ^ _2116_/X (sky130_fd_sc_hd__mux2_1)
                                                         _0211_ (net)
                      0.038948    0.000023    1.741477 ^ _3115_/D (sky130_fd_sc_hd__dfrtp_2)
                                              1.741477   data arrival time

                                  0.000000    0.000000   clock clk (rise edge)
                                  0.000000    0.000000   clock source latency
     1    0.024940    0.117813    0.081389    0.081389 ^ clk (in)
                                                         clk (net)
                      0.117831    0.000000    0.081389 ^ clkbuf_0_clk/A (sky130_fd_sc_hd__clkbuf_16)
    16    0.113144    0.126631    0.222117    0.303506 ^ clkbuf_0_clk/X (sky130_fd_sc_hd__clkbuf_16)
                                                         clknet_0_clk (net)
                      0.126638    0.001116    0.304622 ^ clkbuf_4_7_0_clk/A (sky130_fd_sc_hd__clkbuf_8)
    17    0.065580    0.122744    0.217395    0.522017 ^ clkbuf_4_7_0_clk/X (sky130_fd_sc_hd__clkbuf_8)
                                                         clknet_4_7_0_clk (net)
                      0.122765    0.001632    0.523648 ^ _3115_/CLK (sky130_fd_sc_hd__dfrtp_2)
                                  0.500000    1.023648   clock uncertainty
                                  0.000000    1.023648   clock reconvergence pessimism
                                 -0.022810    1.000839   library hold time
                                              1.000839   data required time
---------------------------------------------------------------------------------------------
                                              1.000839   data required time
                                             -1.741477   data arrival time
---------------------------------------------------------------------------------------------
                                              0.740638   slack (MET)


Startpoint: _3164_ (rising edge-triggered flip-flop clocked by clk)
Endpoint: _2997_ (rising edge-triggered flip-flop clocked by clk)
Path Group: clk
Path Type: min

Fanout         Cap        Slew       Delay        Time   Description
---------------------------------------------------------------------------------------------
                                  0.000000    0.000000   clock clk (rise edge)
                                  0.000000    0.000000   clock source latency
     1    0.024940    0.117813    0.081389    0.081389 ^ clk (in)
                                                         clk (net)
                      0.117831    0.000000    0.081389 ^ clkbuf_0_clk/A (sky130_fd_sc_hd__clkbuf_16)
    16    0.113144    0.126631    0.222117    0.303506 ^ clkbuf_0_clk/X (sky130_fd_sc_hd__clkbuf_16)
                                                         clknet_0_clk (net)
                      0.126655    0.001727    0.305233 ^ clkbuf_4_0_0_clk/A (sky130_fd_sc_hd__clkbuf_8)
    24    0.072074    0.132827    0.224642    0.529875 ^ clkbuf_4_0_0_clk/X (sky130_fd_sc_hd__clkbuf_8)
                                                         clknet_4_0_0_clk (net)
                      0.132847    0.001673    0.531548 ^ _3164_/CLK (sky130_fd_sc_hd__dfrtp_1)
     2    0.005636    0.051932    0.400882    0.932431 v _3164_/Q (sky130_fd_sc_hd__dfrtp_1)
                                                         div_start (net)
                      0.051932    0.000064    0.932494 v _2770_/B (sky130_fd_sc_hd__nor2_1)
     2    0.007074    0.145134    0.136791    1.069285 ^ _2770_/Y (sky130_fd_sc_hd__nor2_1)
                                                         _1036_ (net)
                      0.145134    0.000064    1.069349 ^ _2776_/A1 (sky130_fd_sc_hd__mux2_1)
     1    0.002912    0.042146    0.150051    1.219400 ^ _2776_/X (sky130_fd_sc_hd__mux2_1)
                                                         _0256_ (net)
                      0.042146    0.000036    1.219436 ^ hold221/A (sky130_fd_sc_hd__dlygate4sd3_1)
     1    0.002466    0.050089    0.530779    1.750215 ^ hold221/X (sky130_fd_sc_hd__dlygate4sd3_1)
                                                         net226 (net)
                      0.050089    0.000024    1.750239 ^ _2997_/D (sky130_fd_sc_hd__dfrtp_1)
                                              1.750239   data arrival time

                                  0.000000    0.000000   clock clk (rise edge)
                                  0.000000    0.000000   clock source latency
     1    0.024940    0.117813    0.081389    0.081389 ^ clk (in)
                                                         clk (net)
                      0.117831    0.000000    0.081389 ^ clkbuf_0_clk/A (sky130_fd_sc_hd__clkbuf_16)
    16    0.113144    0.126631    0.222117    0.303506 ^ clkbuf_0_clk/X (sky130_fd_sc_hd__clkbuf_16)
                                                         clknet_0_clk (net)
                      0.126655    0.001727    0.305233 ^ clkbuf_4_0_0_clk/A (sky130_fd_sc_hd__clkbuf_8)
    24    0.072074    0.132827    0.224642    0.529875 ^ clkbuf_4_0_0_clk/X (sky130_fd_sc_hd__clkbuf_8)
                                                         clknet_4_0_0_clk (net)
                      0.132848    0.001715    0.531590 ^ _2997_/CLK (sky130_fd_sc_hd__dfrtp_1)
                                  0.500000    1.031590   clock uncertainty
                                  0.000000    1.031590   clock reconvergence pessimism
                                 -0.023816    1.007774   library hold time
                                              1.007774   data required time
---------------------------------------------------------------------------------------------
                                              1.007774   data required time
                                             -1.750239   data arrival time
---------------------------------------------------------------------------------------------
                                              0.742465   slack (MET)


Startpoint: _3161_ (rising edge-triggered flip-flop clocked by clk)
Endpoint: _3171_ (rising edge-triggered flip-flop clocked by clk)
Path Group: clk
Path Type: min

Fanout         Cap        Slew       Delay        Time   Description
---------------------------------------------------------------------------------------------
                                  0.000000    0.000000   clock clk (rise edge)
                                  0.000000    0.000000   clock source latency
     1    0.024940    0.117813    0.081389    0.081389 ^ clk (in)
                                                         clk (net)
                      0.117831    0.000000    0.081389 ^ clkbuf_0_clk/A (sky130_fd_sc_hd__clkbuf_16)
    16    0.113144    0.126631    0.222117    0.303506 ^ clkbuf_0_clk/X (sky130_fd_sc_hd__clkbuf_16)
                                                         clknet_0_clk (net)
                      0.126664    0.001984    0.305490 ^ clkbuf_4_14_0_clk/A (sky130_fd_sc_hd__clkbuf_8)
    11    0.066474    0.124057    0.218860    0.524350 ^ clkbuf_4_14_0_clk/X (sky130_fd_sc_hd__clkbuf_8)
                                                         clknet_4_14_0_clk (net)
                      0.124057    0.000205    0.524555 ^ _3161_/CLK (sky130_fd_sc_hd__dfrtp_4)
     3    0.013503    0.073648    0.446661    0.971216 ^ _3161_/Q (sky130_fd_sc_hd__dfrtp_4)
                                                         my_sum_sub.state[3] (net)
                      0.073648    0.000200    0.971416 ^ hold128/A (sky130_fd_sc_hd__dlygate4sd3_1)
     3    0.027438    0.276739    0.717243    1.688659 ^ hold128/X (sky130_fd_sc_hd__dlygate4sd3_1)
                                                         net133 (net)
                      0.276739    0.000864    1.689524 ^ _3171_/D (sky130_fd_sc_hd__dfrtp_1)
                                              1.689524   data arrival time

                                  0.000000    0.000000   clock clk (rise edge)
                                  0.000000    0.000000   clock source latency
     1    0.024940    0.117813    0.081389    0.081389 ^ clk (in)
                                                         clk (net)
                      0.117831    0.000000    0.081389 ^ clkbuf_0_clk/A (sky130_fd_sc_hd__clkbuf_16)
    16    0.113144    0.126631    0.222117    0.303506 ^ clkbuf_0_clk/X (sky130_fd_sc_hd__clkbuf_16)
                                                         clknet_0_clk (net)
                      0.126645    0.001407    0.304913 ^ clkbuf_4_3_0_clk/A (sky130_fd_sc_hd__clkbuf_8)
    11    0.057380    0.109561    0.207812    0.512725 ^ clkbuf_4_3_0_clk/X (sky130_fd_sc_hd__clkbuf_8)
                                                         clknet_4_3_0_clk (net)
                      0.109561    0.000480    0.513205 ^ _3171_/CLK (sky130_fd_sc_hd__dfrtp_1)
                                  0.500000    1.013205   clock uncertainty
                                  0.000000    1.013205   clock reconvergence pessimism
                                 -0.074135    0.939070   library hold time
                                              0.939070   data required time
---------------------------------------------------------------------------------------------
                                              0.939070   data required time
                                             -1.689524   data arrival time
---------------------------------------------------------------------------------------------
                                              0.750454   slack (MET)


Startpoint: _3160_ (rising edge-triggered flip-flop clocked by clk)
Endpoint: _3056_ (rising edge-triggered flip-flop clocked by clk)
Path Group: clk
Path Type: min

Fanout         Cap        Slew       Delay        Time   Description
---------------------------------------------------------------------------------------------
                                  0.000000    0.000000   clock clk (rise edge)
                                  0.000000    0.000000   clock source latency
     1    0.024940    0.117813    0.081389    0.081389 ^ clk (in)
                                                         clk (net)
                      0.117831    0.000000    0.081389 ^ clkbuf_0_clk/A (sky130_fd_sc_hd__clkbuf_16)
    16    0.113144    0.126631    0.222117    0.303506 ^ clkbuf_0_clk/X (sky130_fd_sc_hd__clkbuf_16)
                                                         clknet_0_clk (net)
                      0.126645    0.001407    0.304913 ^ clkbuf_4_3_0_clk/A (sky130_fd_sc_hd__clkbuf_8)
    11    0.057380    0.109561    0.207812    0.512725 ^ clkbuf_4_3_0_clk/X (sky130_fd_sc_hd__clkbuf_8)
                                                         clknet_4_3_0_clk (net)
                      0.109561    0.000327    0.513052 ^ _3160_/CLK (sky130_fd_sc_hd__dfrtp_4)
    11    0.066741    0.205106    0.555713    1.068766 ^ _3160_/Q (sky130_fd_sc_hd__dfrtp_4)
                                                         my_sum_sub.state[2] (net)
                      0.205552    0.008403    1.077168 ^ _2304_/A1 (sky130_fd_sc_hd__o21a_1)
     1    0.001873    0.033228    0.146438    1.223607 ^ _2304_/X (sky130_fd_sc_hd__o21a_1)
                                                         _0315_ (net)
                      0.033228    0.000007    1.223614 ^ hold130/A (sky130_fd_sc_hd__dlygate4sd3_1)
     1    0.002373    0.049320    0.527007    1.750621 ^ hold130/X (sky130_fd_sc_hd__dlygate4sd3_1)
                                                         net135 (net)
                      0.049320    0.000020    1.750642 ^ _3056_/D (sky130_fd_sc_hd__dfrtp_1)
                                              1.750642   data arrival time

                                  0.000000    0.000000   clock clk (rise edge)
                                  0.000000    0.000000   clock source latency
     1    0.024940    0.117813    0.081389    0.081389 ^ clk (in)
                                                         clk (net)
                      0.117831    0.000000    0.081389 ^ clkbuf_0_clk/A (sky130_fd_sc_hd__clkbuf_16)
    16    0.113144    0.126631    0.222117    0.303506 ^ clkbuf_0_clk/X (sky130_fd_sc_hd__clkbuf_16)
                                                         clknet_0_clk (net)
                      0.126666    0.002022    0.305528 ^ clkbuf_4_13_0_clk/A (sky130_fd_sc_hd__clkbuf_8)
    10    0.061591    0.116305    0.212819    0.518347 ^ clkbuf_4_13_0_clk/X (sky130_fd_sc_hd__clkbuf_8)
                                                         clknet_4_13_0_clk (net)
                      0.116314    0.001133    0.519480 ^ _3056_/CLK (sky130_fd_sc_hd__dfrtp_1)
                                  0.500000    1.019480   clock uncertainty
                                  0.000000    1.019480   clock reconvergence pessimism
                                 -0.025917    0.993563   library hold time
                                              0.993563   data required time
---------------------------------------------------------------------------------------------
                                              0.993563   data required time
                                             -1.750642   data arrival time
---------------------------------------------------------------------------------------------
                                              0.757079   slack (MET)


Startpoint: _3160_ (rising edge-triggered flip-flop clocked by clk)
Endpoint: _3053_ (rising edge-triggered flip-flop clocked by clk)
Path Group: clk
Path Type: min

Fanout         Cap        Slew       Delay        Time   Description
---------------------------------------------------------------------------------------------
                                  0.000000    0.000000   clock clk (rise edge)
                                  0.000000    0.000000   clock source latency
     1    0.024940    0.117813    0.081389    0.081389 ^ clk (in)
                                                         clk (net)
                      0.117831    0.000000    0.081389 ^ clkbuf_0_clk/A (sky130_fd_sc_hd__clkbuf_16)
    16    0.113144    0.126631    0.222117    0.303506 ^ clkbuf_0_clk/X (sky130_fd_sc_hd__clkbuf_16)
                                                         clknet_0_clk (net)
                      0.126645    0.001407    0.304913 ^ clkbuf_4_3_0_clk/A (sky130_fd_sc_hd__clkbuf_8)
    11    0.057380    0.109561    0.207812    0.512725 ^ clkbuf_4_3_0_clk/X (sky130_fd_sc_hd__clkbuf_8)
                                                         clknet_4_3_0_clk (net)
                      0.109561    0.000327    0.513052 ^ _3160_/CLK (sky130_fd_sc_hd__dfrtp_4)
    11    0.066741    0.205106    0.555713    1.068766 ^ _3160_/Q (sky130_fd_sc_hd__dfrtp_4)
                                                         my_sum_sub.state[2] (net)
                      0.205524    0.008164    1.076930 ^ _2330_/A1 (sky130_fd_sc_hd__o21a_1)
     1    0.002215    0.035250    0.149073    1.226003 ^ _2330_/X (sky130_fd_sc_hd__o21a_1)
                                                         _0312_ (net)
                      0.035250    0.000012    1.226015 ^ hold125/A (sky130_fd_sc_hd__dlygate4sd3_1)
     1    0.002154    0.047735    0.525600    1.751614 ^ hold125/X (sky130_fd_sc_hd__dlygate4sd3_1)
                                                         net130 (net)
                      0.047735    0.000017    1.751632 ^ _3053_/D (sky130_fd_sc_hd__dfrtp_1)
                                              1.751632   data arrival time

                                  0.000000    0.000000   clock clk (rise edge)
                                  0.000000    0.000000   clock source latency
     1    0.024940    0.117813    0.081389    0.081389 ^ clk (in)
                                                         clk (net)
                      0.117831    0.000000    0.081389 ^ clkbuf_0_clk/A (sky130_fd_sc_hd__clkbuf_16)
    16    0.113144    0.126631    0.222117    0.303506 ^ clkbuf_0_clk/X (sky130_fd_sc_hd__clkbuf_16)
                                                         clknet_0_clk (net)
                      0.126666    0.002024    0.305530 ^ clkbuf_4_15_0_clk/A (sky130_fd_sc_hd__clkbuf_8)
    13    0.062000    0.117026    0.213087    0.518618 ^ clkbuf_4_15_0_clk/X (sky130_fd_sc_hd__clkbuf_8)
                                                         clknet_4_15_0_clk (net)
                      0.117034    0.001084    0.519701 ^ _3053_/CLK (sky130_fd_sc_hd__dfrtp_1)
                                  0.500000    1.019701   clock uncertainty
                                  0.000000    1.019701   clock reconvergence pessimism
                                 -0.025490    0.994212   library hold time
                                              0.994212   data required time
---------------------------------------------------------------------------------------------
                                              0.994212   data required time
                                             -1.751632   data arrival time
---------------------------------------------------------------------------------------------
                                              0.757420   slack (MET)


Startpoint: _3091_ (rising edge-triggered flip-flop clocked by clk)
Endpoint: _3139_ (rising edge-triggered flip-flop clocked by clk)
Path Group: clk
Path Type: min

Fanout         Cap        Slew       Delay        Time   Description
---------------------------------------------------------------------------------------------
                                  0.000000    0.000000   clock clk (rise edge)
                                  0.000000    0.000000   clock source latency
     1    0.024940    0.117813    0.081389    0.081389 ^ clk (in)
                                                         clk (net)
                      0.117831    0.000000    0.081389 ^ clkbuf_0_clk/A (sky130_fd_sc_hd__clkbuf_16)
    16    0.113144    0.126631    0.222117    0.303506 ^ clkbuf_0_clk/X (sky130_fd_sc_hd__clkbuf_16)
                                                         clknet_0_clk (net)
                      0.126633    0.000821    0.304327 ^ clkbuf_4_9_0_clk/A (sky130_fd_sc_hd__clkbuf_8)
     7    0.057340    0.109519    0.207690    0.512017 ^ clkbuf_4_9_0_clk/X (sky130_fd_sc_hd__clkbuf_8)
                                                         clknet_4_9_0_clk (net)
                      0.109525    0.000887    0.512904 ^ _3091_/CLK (sky130_fd_sc_hd__dfrtp_2)
     8    0.024890    0.132218    0.441079    0.953982 ^ _3091_/Q (sky130_fd_sc_hd__dfrtp_2)
                                                         acc_reg[12] (net)
                      0.132218    0.000327    0.954309 ^ _2020_/B2 (sky130_fd_sc_hd__a221o_1)
     1    0.003300    0.048122    0.156714    1.111023 ^ _2020_/X (sky130_fd_sc_hd__a221o_1)
                                                         _0427_ (net)
                      0.048122    0.000035    1.111058 ^ _2021_/B2 (sky130_fd_sc_hd__o22a_1)
     1    0.002472    0.038664    0.106611    1.217669 ^ _2021_/X (sky130_fd_sc_hd__o22a_1)
                                                         _0235_ (net)
                      0.038664    0.000026    1.217695 ^ hold72/A (sky130_fd_sc_hd__dlygate4sd3_1)
     1    0.003540    0.059260    0.539484    1.757179 ^ hold72/X (sky130_fd_sc_hd__dlygate4sd3_1)
                                                         net77 (net)
                      0.059260    0.000046    1.757225 ^ _3139_/D (sky130_fd_sc_hd__dfrtp_1)
                                              1.757225   data arrival time

                                  0.000000    0.000000   clock clk (rise edge)
                                  0.000000    0.000000   clock source latency
     1    0.024940    0.117813    0.081389    0.081389 ^ clk (in)
                                                         clk (net)
                      0.117831    0.000000    0.081389 ^ clkbuf_0_clk/A (sky130_fd_sc_hd__clkbuf_16)
    16    0.113144    0.126631    0.222117    0.303506 ^ clkbuf_0_clk/X (sky130_fd_sc_hd__clkbuf_16)
                                                         clknet_0_clk (net)
                      0.126656    0.001769    0.305275 ^ clkbuf_4_1_0_clk/A (sky130_fd_sc_hd__clkbuf_8)
    16    0.066697    0.124509    0.218819    0.524094 ^ clkbuf_4_1_0_clk/X (sky130_fd_sc_hd__clkbuf_8)
                                                         clknet_4_1_0_clk (net)
                      0.124535    0.001791    0.525885 ^ _3139_/CLK (sky130_fd_sc_hd__dfrtp_1)
                                  0.500000    1.025885   clock uncertainty
                                  0.000000    1.025885   clock reconvergence pessimism
                                 -0.026856    0.999029   library hold time
                                              0.999029   data required time
---------------------------------------------------------------------------------------------
                                              0.999029   data required time
                                             -1.757225   data arrival time
---------------------------------------------------------------------------------------------
                                              0.758196   slack (MET)


Startpoint: _3087_ (rising edge-triggered flip-flop clocked by clk)
Endpoint: _3034_ (rising edge-triggered flip-flop clocked by clk)
Path Group: clk
Path Type: min

Fanout         Cap        Slew       Delay        Time   Description
---------------------------------------------------------------------------------------------
                                  0.000000    0.000000   clock clk (rise edge)
                                  0.000000    0.000000   clock source latency
     1    0.024940    0.117813    0.081389    0.081389 ^ clk (in)
                                                         clk (net)
                      0.117831    0.000000    0.081389 ^ clkbuf_0_clk/A (sky130_fd_sc_hd__clkbuf_16)
    16    0.113144    0.126631    0.222117    0.303506 ^ clkbuf_0_clk/X (sky130_fd_sc_hd__clkbuf_16)
                                                         clknet_0_clk (net)
                      0.126664    0.001984    0.305490 ^ clkbuf_4_14_0_clk/A (sky130_fd_sc_hd__clkbuf_8)
    11    0.066474    0.124057    0.218860    0.524350 ^ clkbuf_4_14_0_clk/X (sky130_fd_sc_hd__clkbuf_8)
                                                         clknet_4_14_0_clk (net)
                      0.124067    0.001193    0.525544 ^ _3087_/CLK (sky130_fd_sc_hd__dfrtp_4)
     8    0.030939    0.116414    0.488125    1.013669 ^ _3087_/Q (sky130_fd_sc_hd__dfrtp_4)
                                                         acc_reg[8] (net)
                      0.116429    0.001401    1.015070 ^ _2394_/B2 (sky130_fd_sc_hd__a22o_1)
     1    0.003536    0.050020    0.141316    1.156386 ^ _2394_/X (sky130_fd_sc_hd__a22o_1)
                                                         _0695_ (net)
                      0.050020    0.000041    1.156428 ^ _2395_/B1 (sky130_fd_sc_hd__a21o_1)
     1    0.002737    0.034344    0.076866    1.233294 ^ _2395_/X (sky130_fd_sc_hd__a21o_1)
                                                         _0293_ (net)
                      0.034344    0.000031    1.233324 ^ hold258/A (sky130_fd_sc_hd__dlygate4sd3_1)
     1    0.002269    0.048561    0.526393    1.759718 ^ hold258/X (sky130_fd_sc_hd__dlygate4sd3_1)
                                                         net263 (net)
                      0.048561    0.000019    1.759737 ^ _3034_/D (sky130_fd_sc_hd__dfrtp_1)
                                              1.759737   data arrival time

                                  0.000000    0.000000   clock clk (rise edge)
                                  0.000000    0.000000   clock source latency
     1    0.024940    0.117813    0.081389    0.081389 ^ clk (in)
                                                         clk (net)
                      0.117831    0.000000    0.081389 ^ clkbuf_0_clk/A (sky130_fd_sc_hd__clkbuf_16)
    16    0.113144    0.126631    0.222117    0.303506 ^ clkbuf_0_clk/X (sky130_fd_sc_hd__clkbuf_16)
                                                         clknet_0_clk (net)
                      0.126664    0.001984    0.305490 ^ clkbuf_4_14_0_clk/A (sky130_fd_sc_hd__clkbuf_8)
    11    0.066474    0.124057    0.218860    0.524350 ^ clkbuf_4_14_0_clk/X (sky130_fd_sc_hd__clkbuf_8)
                                                         clknet_4_14_0_clk (net)
                      0.124060    0.000771    0.525121 ^ _3034_/CLK (sky130_fd_sc_hd__dfrtp_1)
                                  0.500000    1.025121   clock uncertainty
                                  0.000000    1.025121   clock reconvergence pessimism
                                 -0.024700    1.000421   library hold time
                                              1.000421   data required time
---------------------------------------------------------------------------------------------
                                              1.000421   data required time
                                             -1.759737   data arrival time
---------------------------------------------------------------------------------------------
                                              0.759316   slack (MET)


Startpoint: _3160_ (rising edge-triggered flip-flop clocked by clk)
Endpoint: _3052_ (rising edge-triggered flip-flop clocked by clk)
Path Group: clk
Path Type: min

Fanout         Cap        Slew       Delay        Time   Description
---------------------------------------------------------------------------------------------
                                  0.000000    0.000000   clock clk (rise edge)
                                  0.000000    0.000000   clock source latency
     1    0.024940    0.117813    0.081389    0.081389 ^ clk (in)
                                                         clk (net)
                      0.117831    0.000000    0.081389 ^ clkbuf_0_clk/A (sky130_fd_sc_hd__clkbuf_16)
    16    0.113144    0.126631    0.222117    0.303506 ^ clkbuf_0_clk/X (sky130_fd_sc_hd__clkbuf_16)
                                                         clknet_0_clk (net)
                      0.126645    0.001407    0.304913 ^ clkbuf_4_3_0_clk/A (sky130_fd_sc_hd__clkbuf_8)
    11    0.057380    0.109561    0.207812    0.512725 ^ clkbuf_4_3_0_clk/X (sky130_fd_sc_hd__clkbuf_8)
                                                         clknet_4_3_0_clk (net)
                      0.109561    0.000327    0.513052 ^ _3160_/CLK (sky130_fd_sc_hd__dfrtp_4)
    11    0.066741    0.205106    0.555713    1.068766 ^ _3160_/Q (sky130_fd_sc_hd__dfrtp_4)
                                                         my_sum_sub.state[2] (net)
                      0.205501    0.007962    1.076728 ^ _2339_/A1 (sky130_fd_sc_hd__o21a_1)
     1    0.002338    0.036122    0.150017    1.226745 ^ _2339_/X (sky130_fd_sc_hd__o21a_1)
                                                         _0311_ (net)
                      0.036122    0.000013    1.226758 ^ hold150/A (sky130_fd_sc_hd__dlygate4sd3_1)
     1    0.002183    0.047946    0.526161    1.752919 ^ hold150/X (sky130_fd_sc_hd__dlygate4sd3_1)
                                                         net155 (net)
                      0.047946    0.000018    1.752937 ^ _3052_/D (sky130_fd_sc_hd__dfrtp_1)
                                              1.752937   data arrival time

                                  0.000000    0.000000   clock clk (rise edge)
                                  0.000000    0.000000   clock source latency
     1    0.024940    0.117813    0.081389    0.081389 ^ clk (in)
                                                         clk (net)
                      0.117831    0.000000    0.081389 ^ clkbuf_0_clk/A (sky130_fd_sc_hd__clkbuf_16)
    16    0.113144    0.126631    0.222117    0.303506 ^ clkbuf_0_clk/X (sky130_fd_sc_hd__clkbuf_16)
                                                         clknet_0_clk (net)
                      0.126666    0.002022    0.305528 ^ clkbuf_4_13_0_clk/A (sky130_fd_sc_hd__clkbuf_8)
    10    0.061591    0.116305    0.212819    0.518347 ^ clkbuf_4_13_0_clk/X (sky130_fd_sc_hd__clkbuf_8)
                                                         clknet_4_13_0_clk (net)
                      0.116307    0.000740    0.519087 ^ _3052_/CLK (sky130_fd_sc_hd__dfrtp_1)
                                  0.500000    1.019087   clock uncertainty
                                  0.000000    1.019087   clock reconvergence pessimism
                                 -0.025633    0.993454   library hold time
                                              0.993454   data required time
---------------------------------------------------------------------------------------------
                                              0.993454   data required time
                                             -1.752937   data arrival time
---------------------------------------------------------------------------------------------
                                              0.759483   slack (MET)


Startpoint: _3032_ (rising edge-triggered flip-flop clocked by clk)
Endpoint: _3094_ (rising edge-triggered flip-flop clocked by clk)
Path Group: clk
Path Type: min

Fanout         Cap        Slew       Delay        Time   Description
---------------------------------------------------------------------------------------------
                                  0.000000    0.000000   clock clk (rise edge)
                                  0.000000    0.000000   clock source latency
     1    0.024940    0.117813    0.081389    0.081389 ^ clk (in)
                                                         clk (net)
                      0.117831    0.000000    0.081389 ^ clkbuf_0_clk/A (sky130_fd_sc_hd__clkbuf_16)
    16    0.113144    0.126631    0.222117    0.303506 ^ clkbuf_0_clk/X (sky130_fd_sc_hd__clkbuf_16)
                                                         clknet_0_clk (net)
                      0.126640    0.001228    0.304734 ^ clkbuf_4_11_0_clk/A (sky130_fd_sc_hd__clkbuf_8)
    13    0.056438    0.108025    0.206778    0.511512 ^ clkbuf_4_11_0_clk/X (sky130_fd_sc_hd__clkbuf_8)
                                                         clknet_4_11_0_clk (net)
                      0.108025    0.000435    0.511946 ^ _3032_/CLK (sky130_fd_sc_hd__dfrtp_1)
     2    0.014475    0.136894    0.413803    0.925749 ^ _3032_/Q (sky130_fd_sc_hd__dfrtp_1)
                                                         my_sum_sub.result[15] (net)
                      0.136894    0.000158    0.925907 ^ _1558_/A1 (sky130_fd_sc_hd__o211a_1)
     2    0.005681    0.061751    0.187098    1.113006 ^ _1558_/X (sky130_fd_sc_hd__o211a_1)
                                                         _1103_ (net)
                      0.061751    0.000024    1.113030 ^ _2144_/A1 (sky130_fd_sc_hd__mux2_1)
     1    0.002483    0.038903    0.120385    1.233415 ^ _2144_/X (sky130_fd_sc_hd__mux2_1)
                                                         _0353_ (net)
                      0.038903    0.000026    1.233441 ^ hold243/A (sky130_fd_sc_hd__dlygate4sd3_1)
     1    0.002374    0.049332    0.528862    1.762303 ^ hold243/X (sky130_fd_sc_hd__dlygate4sd3_1)
                                                         net248 (net)
                      0.049332    0.000021    1.762323 ^ _3094_/D (sky130_fd_sc_hd__dfrtp_2)
                                              1.762323   data arrival time

                                  0.000000    0.000000   clock clk (rise edge)
                                  0.000000    0.000000   clock source latency
     1    0.024940    0.117813    0.081389    0.081389 ^ clk (in)
                                                         clk (net)
                      0.117831    0.000000    0.081389 ^ clkbuf_0_clk/A (sky130_fd_sc_hd__clkbuf_16)
    16    0.113144    0.126631    0.222117    0.303506 ^ clkbuf_0_clk/X (sky130_fd_sc_hd__clkbuf_16)
                                                         clknet_0_clk (net)
                      0.126656    0.001769    0.305275 ^ clkbuf_4_1_0_clk/A (sky130_fd_sc_hd__clkbuf_8)
    16    0.066697    0.124509    0.218819    0.524094 ^ clkbuf_4_1_0_clk/X (sky130_fd_sc_hd__clkbuf_8)
                                                         clknet_4_1_0_clk (net)
                      0.124534    0.001766    0.525860 ^ _3094_/CLK (sky130_fd_sc_hd__dfrtp_2)
                                  0.500000    1.025860   clock uncertainty
                                  0.000000    1.025860   clock reconvergence pessimism
                                 -0.024698    1.001163   library hold time
                                              1.001163   data required time
---------------------------------------------------------------------------------------------
                                              1.001163   data required time
                                             -1.762323   data arrival time
---------------------------------------------------------------------------------------------
                                              0.761161   slack (MET)


Startpoint: _3160_ (rising edge-triggered flip-flop clocked by clk)
Endpoint: _3054_ (rising edge-triggered flip-flop clocked by clk)
Path Group: clk
Path Type: min

Fanout         Cap        Slew       Delay        Time   Description
---------------------------------------------------------------------------------------------
                                  0.000000    0.000000   clock clk (rise edge)
                                  0.000000    0.000000   clock source latency
     1    0.024940    0.117813    0.081389    0.081389 ^ clk (in)
                                                         clk (net)
                      0.117831    0.000000    0.081389 ^ clkbuf_0_clk/A (sky130_fd_sc_hd__clkbuf_16)
    16    0.113144    0.126631    0.222117    0.303506 ^ clkbuf_0_clk/X (sky130_fd_sc_hd__clkbuf_16)
                                                         clknet_0_clk (net)
                      0.126645    0.001407    0.304913 ^ clkbuf_4_3_0_clk/A (sky130_fd_sc_hd__clkbuf_8)
    11    0.057380    0.109561    0.207812    0.512725 ^ clkbuf_4_3_0_clk/X (sky130_fd_sc_hd__clkbuf_8)
                                                         clknet_4_3_0_clk (net)
                      0.109561    0.000327    0.513052 ^ _3160_/CLK (sky130_fd_sc_hd__dfrtp_4)
    11    0.066741    0.205106    0.555713    1.068766 ^ _3160_/Q (sky130_fd_sc_hd__dfrtp_4)
                                                         my_sum_sub.state[2] (net)
                      0.205533    0.008243    1.077008 ^ _2322_/A1 (sky130_fd_sc_hd__o21a_1)
     1    0.001839    0.032828    0.146175    1.223184 ^ _2322_/X (sky130_fd_sc_hd__o21a_1)
                                                         _0313_ (net)
                      0.032828    0.000007    1.223190 ^ hold127/A (sky130_fd_sc_hd__dlygate4sd3_1)
     1    0.002860    0.053431    0.531446    1.754636 ^ hold127/X (sky130_fd_sc_hd__dlygate4sd3_1)
                                                         net132 (net)
                      0.053431    0.000030    1.754666 ^ _3054_/D (sky130_fd_sc_hd__dfrtp_1)
                                              1.754666   data arrival time

                                  0.000000    0.000000   clock clk (rise edge)
                                  0.000000    0.000000   clock source latency
     1    0.024940    0.117813    0.081389    0.081389 ^ clk (in)
                                                         clk (net)
                      0.117831    0.000000    0.081389 ^ clkbuf_0_clk/A (sky130_fd_sc_hd__clkbuf_16)
    16    0.113144    0.126631    0.222117    0.303506 ^ clkbuf_0_clk/X (sky130_fd_sc_hd__clkbuf_16)
                                                         clknet_0_clk (net)
                      0.126666    0.002022    0.305528 ^ clkbuf_4_13_0_clk/A (sky130_fd_sc_hd__clkbuf_8)
    10    0.061591    0.116305    0.212819    0.518347 ^ clkbuf_4_13_0_clk/X (sky130_fd_sc_hd__clkbuf_8)
                                                         clknet_4_13_0_clk (net)
                      0.116313    0.001081    0.519428 ^ _3054_/CLK (sky130_fd_sc_hd__dfrtp_1)
                                  0.500000    1.019428   clock uncertainty
                                  0.000000    1.019428   clock reconvergence pessimism
                                 -0.026772    0.992656   library hold time
                                              0.992656   data required time
---------------------------------------------------------------------------------------------
                                              0.992656   data required time
                                             -1.754666   data arrival time
---------------------------------------------------------------------------------------------
                                              0.762010   slack (MET)


Startpoint: _3092_ (rising edge-triggered flip-flop clocked by clk)
Endpoint: _3140_ (rising edge-triggered flip-flop clocked by clk)
Path Group: clk
Path Type: min

Fanout         Cap        Slew       Delay        Time   Description
---------------------------------------------------------------------------------------------
                                  0.000000    0.000000   clock clk (rise edge)
                                  0.000000    0.000000   clock source latency
     1    0.024940    0.117813    0.081389    0.081389 ^ clk (in)
                                                         clk (net)
                      0.117831    0.000000    0.081389 ^ clkbuf_0_clk/A (sky130_fd_sc_hd__clkbuf_16)
    16    0.113144    0.126631    0.222117    0.303506 ^ clkbuf_0_clk/X (sky130_fd_sc_hd__clkbuf_16)
                                                         clknet_0_clk (net)
                      0.126645    0.001407    0.304913 ^ clkbuf_4_3_0_clk/A (sky130_fd_sc_hd__clkbuf_8)
    11    0.057380    0.109561    0.207812    0.512725 ^ clkbuf_4_3_0_clk/X (sky130_fd_sc_hd__clkbuf_8)
                                                         clknet_4_3_0_clk (net)
                      0.109561    0.000449    0.513175 ^ _3092_/CLK (sky130_fd_sc_hd__dfrtp_2)
     6    0.023451    0.125929    0.436108    0.949283 ^ _3092_/Q (sky130_fd_sc_hd__dfrtp_2)
                                                         acc_reg[13] (net)
                      0.125929    0.000294    0.949577 ^ _2011_/B2 (sky130_fd_sc_hd__a221o_1)
     1    0.002829    0.044495    0.151292    1.100869 ^ _2011_/X (sky130_fd_sc_hd__a221o_1)
                                                         _0419_ (net)
                      0.044495    0.000015    1.100884 ^ _2012_/B2 (sky130_fd_sc_hd__o22a_1)
     1    0.003825    0.049897    0.115461    1.216345 ^ _2012_/X (sky130_fd_sc_hd__o22a_1)
                                                         _0236_ (net)
                      0.049897    0.000052    1.216397 ^ hold60/A (sky130_fd_sc_hd__dlygate4sd3_1)
     1    0.002280    0.050580    0.531554    1.747951 ^ hold60/X (sky130_fd_sc_hd__dlygate4sd3_1)
                                                         net65 (net)
                      0.050580    0.000010    1.747962 ^ _3140_/D (sky130_fd_sc_hd__dfrtp_1)
                                              1.747962   data arrival time

                                  0.000000    0.000000   clock clk (rise edge)
                                  0.000000    0.000000   clock source latency
     1    0.024940    0.117813    0.081389    0.081389 ^ clk (in)
                                                         clk (net)
                      0.117831    0.000000    0.081389 ^ clkbuf_0_clk/A (sky130_fd_sc_hd__clkbuf_16)
    16    0.113144    0.126631    0.222117    0.303506 ^ clkbuf_0_clk/X (sky130_fd_sc_hd__clkbuf_16)
                                                         clknet_0_clk (net)
                      0.126633    0.000821    0.304327 ^ clkbuf_4_9_0_clk/A (sky130_fd_sc_hd__clkbuf_8)
     7    0.057340    0.109519    0.207690    0.512017 ^ clkbuf_4_9_0_clk/X (sky130_fd_sc_hd__clkbuf_8)
                                                         clknet_4_9_0_clk (net)
                      0.109523    0.000803    0.512820 ^ _3140_/CLK (sky130_fd_sc_hd__dfrtp_1)
                                  0.500000    1.012820   clock uncertainty
                                  0.000000    1.012820   clock reconvergence pessimism
                                 -0.027108    0.985712   library hold time
                                              0.985712   data required time
---------------------------------------------------------------------------------------------
                                              0.985712   data required time
                                             -1.747962   data arrival time
---------------------------------------------------------------------------------------------
                                              0.762250   slack (MET)


Startpoint: _3088_ (rising edge-triggered flip-flop clocked by clk)
Endpoint: _3035_ (rising edge-triggered flip-flop clocked by clk)
Path Group: clk
Path Type: min

Fanout         Cap        Slew       Delay        Time   Description
---------------------------------------------------------------------------------------------
                                  0.000000    0.000000   clock clk (rise edge)
                                  0.000000    0.000000   clock source latency
     1    0.024940    0.117813    0.081389    0.081389 ^ clk (in)
                                                         clk (net)
                      0.117831    0.000000    0.081389 ^ clkbuf_0_clk/A (sky130_fd_sc_hd__clkbuf_16)
    16    0.113144    0.126631    0.222117    0.303506 ^ clkbuf_0_clk/X (sky130_fd_sc_hd__clkbuf_16)
                                                         clknet_0_clk (net)
                      0.126637    0.001064    0.304570 ^ clkbuf_4_5_0_clk/A (sky130_fd_sc_hd__clkbuf_8)
    10    0.060713    0.114917    0.211687    0.516257 ^ clkbuf_4_5_0_clk/X (sky130_fd_sc_hd__clkbuf_8)
                                                         clknet_4_5_0_clk (net)
                      0.114917    0.000248    0.516506 ^ _3088_/CLK (sky130_fd_sc_hd__dfrtp_4)
     8    0.032884    0.121424    0.488907    1.005413 ^ _3088_/Q (sky130_fd_sc_hd__dfrtp_4)
                                                         acc_reg[9] (net)
                      0.121456    0.001950    1.007363 ^ _2392_/B2 (sky130_fd_sc_hd__a22o_1)
     1    0.003486    0.049602    0.142426    1.149788 ^ _2392_/X (sky130_fd_sc_hd__a22o_1)
                                                         _0694_ (net)
                      0.049602    0.000026    1.149815 ^ _2393_/B1 (sky130_fd_sc_hd__a21o_1)
     1    0.001925    0.029160    0.071635    1.221449 ^ _2393_/X (sky130_fd_sc_hd__a21o_1)
                                                         _0294_ (net)
                      0.029160    0.000008    1.221457 ^ hold248/A (sky130_fd_sc_hd__dlygate4sd3_1)
     1    0.002545    0.050744    0.527297    1.748754 ^ hold248/X (sky130_fd_sc_hd__dlygate4sd3_1)
                                                         net253 (net)
                      0.050744    0.000024    1.748778 ^ _3035_/D (sky130_fd_sc_hd__dfrtp_1)
                                              1.748778   data arrival time

                                  0.000000    0.000000   clock clk (rise edge)
                                  0.000000    0.000000   clock source latency
     1    0.024940    0.117813    0.081389    0.081389 ^ clk (in)
                                                         clk (net)
                      0.117831    0.000000    0.081389 ^ clkbuf_0_clk/A (sky130_fd_sc_hd__clkbuf_16)
    16    0.113144    0.126631    0.222117    0.303506 ^ clkbuf_0_clk/X (sky130_fd_sc_hd__clkbuf_16)
                                                         clknet_0_clk (net)
                      0.126657    0.001782    0.305288 ^ clkbuf_4_12_0_clk/A (sky130_fd_sc_hd__clkbuf_8)
     8    0.057091    0.109116    0.207421    0.512709 ^ clkbuf_4_12_0_clk/X (sky130_fd_sc_hd__clkbuf_8)
                                                         clknet_4_12_0_clk (net)
                      0.109118    0.000699    0.513408 ^ _3035_/CLK (sky130_fd_sc_hd__dfrtp_1)
                                  0.500000    1.013408   clock uncertainty
                                  0.000000    1.013408   clock reconvergence pessimism
                                 -0.027198    0.986210   library hold time
                                              0.986210   data required time
---------------------------------------------------------------------------------------------
                                              0.986210   data required time
                                             -1.748778   data arrival time
---------------------------------------------------------------------------------------------
                                              0.762568   slack (MET)


Startpoint: _3160_ (rising edge-triggered flip-flop clocked by clk)
Endpoint: _3050_ (rising edge-triggered flip-flop clocked by clk)
Path Group: clk
Path Type: min

Fanout         Cap        Slew       Delay        Time   Description
---------------------------------------------------------------------------------------------
                                  0.000000    0.000000   clock clk (rise edge)
                                  0.000000    0.000000   clock source latency
     1    0.024940    0.117813    0.081389    0.081389 ^ clk (in)
                                                         clk (net)
                      0.117831    0.000000    0.081389 ^ clkbuf_0_clk/A (sky130_fd_sc_hd__clkbuf_16)
    16    0.113144    0.126631    0.222117    0.303506 ^ clkbuf_0_clk/X (sky130_fd_sc_hd__clkbuf_16)
                                                         clknet_0_clk (net)
                      0.126645    0.001407    0.304913 ^ clkbuf_4_3_0_clk/A (sky130_fd_sc_hd__clkbuf_8)
    11    0.057380    0.109561    0.207812    0.512725 ^ clkbuf_4_3_0_clk/X (sky130_fd_sc_hd__clkbuf_8)
                                                         clknet_4_3_0_clk (net)
                      0.109561    0.000327    0.513052 ^ _3160_/CLK (sky130_fd_sc_hd__dfrtp_4)
    11    0.066741    0.205106    0.555713    1.068766 ^ _3160_/Q (sky130_fd_sc_hd__dfrtp_4)
                                                         my_sum_sub.state[2] (net)
                      0.205422    0.007226    1.075992 ^ _2358_/A1 (sky130_fd_sc_hd__o21a_1)
     1    0.001799    0.032566    0.145846    1.221837 ^ _2358_/X (sky130_fd_sc_hd__o21a_1)
                                                         _0309_ (net)
                      0.032566    0.000007    1.221844 ^ hold138/A (sky130_fd_sc_hd__dlygate4sd3_1)
     1    0.002690    0.051973    0.529765    1.751609 ^ hold138/X (sky130_fd_sc_hd__dlygate4sd3_1)
                                                         net143 (net)
                      0.051973    0.000026    1.751634 ^ _3050_/D (sky130_fd_sc_hd__dfrtp_1)
                                              1.751634   data arrival time

                                  0.000000    0.000000   clock clk (rise edge)
                                  0.000000    0.000000   clock source latency
     1    0.024940    0.117813    0.081389    0.081389 ^ clk (in)
                                                         clk (net)
                      0.117831    0.000000    0.081389 ^ clkbuf_0_clk/A (sky130_fd_sc_hd__clkbuf_16)
    16    0.113144    0.126631    0.222117    0.303506 ^ clkbuf_0_clk/X (sky130_fd_sc_hd__clkbuf_16)
                                                         clknet_0_clk (net)
                      0.126657    0.001782    0.305288 ^ clkbuf_4_12_0_clk/A (sky130_fd_sc_hd__clkbuf_8)
     8    0.057091    0.109116    0.207421    0.512709 ^ clkbuf_4_12_0_clk/X (sky130_fd_sc_hd__clkbuf_8)
                                                         clknet_4_12_0_clk (net)
                      0.109116    0.000330    0.513039 ^ _3050_/CLK (sky130_fd_sc_hd__dfrtp_1)
                                  0.500000    1.013039   clock uncertainty
                                  0.000000    1.013039   clock reconvergence pessimism
                                 -0.027453    0.985586   library hold time
                                              0.985586   data required time
---------------------------------------------------------------------------------------------
                                              0.985586   data required time
                                             -1.751634   data arrival time
---------------------------------------------------------------------------------------------
                                              0.766049   slack (MET)


Startpoint: _3164_ (rising edge-triggered flip-flop clocked by clk)
Endpoint: _2999_ (rising edge-triggered flip-flop clocked by clk)
Path Group: clk
Path Type: min

Fanout         Cap        Slew       Delay        Time   Description
---------------------------------------------------------------------------------------------
                                  0.000000    0.000000   clock clk (rise edge)
                                  0.000000    0.000000   clock source latency
     1    0.024940    0.117813    0.081389    0.081389 ^ clk (in)
                                                         clk (net)
                      0.117831    0.000000    0.081389 ^ clkbuf_0_clk/A (sky130_fd_sc_hd__clkbuf_16)
    16    0.113144    0.126631    0.222117    0.303506 ^ clkbuf_0_clk/X (sky130_fd_sc_hd__clkbuf_16)
                                                         clknet_0_clk (net)
                      0.126655    0.001727    0.305233 ^ clkbuf_4_0_0_clk/A (sky130_fd_sc_hd__clkbuf_8)
    24    0.072074    0.132827    0.224642    0.529875 ^ clkbuf_4_0_0_clk/X (sky130_fd_sc_hd__clkbuf_8)
                                                         clknet_4_0_0_clk (net)
                      0.132847    0.001673    0.531548 ^ _3164_/CLK (sky130_fd_sc_hd__dfrtp_1)
     2    0.006096    0.070269    0.369400    0.900948 ^ _3164_/Q (sky130_fd_sc_hd__dfrtp_1)
                                                         div_start (net)
                      0.070269    0.000070    0.901018 ^ _2770_/B (sky130_fd_sc_hd__nor2_1)
     2    0.006595    0.038803    0.057468    0.958485 v _2770_/Y (sky130_fd_sc_hd__nor2_1)
                                                         _1036_ (net)
                      0.038803    0.000115    0.958601 v _2771_/A2 (sky130_fd_sc_hd__o21ba_1)
     2    0.005071    0.040922    0.172566    1.131166 v _2771_/X (sky130_fd_sc_hd__o21ba_1)
                                                         _1037_ (net)
                      0.040922    0.000045    1.131212 v _2773_/B1 (sky130_fd_sc_hd__o21a_1)
     1    0.003451    0.032867    0.099868    1.231079 v _2773_/X (sky130_fd_sc_hd__o21a_1)
                                                         _0258_ (net)
                      0.032867    0.000036    1.231115 v hold104/A (sky130_fd_sc_hd__dlygate4sd3_1)
     1    0.002434    0.050969    0.540140    1.771255 v hold104/X (sky130_fd_sc_hd__dlygate4sd3_1)
                                                         net109 (net)
                      0.050969    0.000023    1.771278 v _2999_/D (sky130_fd_sc_hd__dfrtp_1)
                                              1.771278   data arrival time

                                  0.000000    0.000000   clock clk (rise edge)
                                  0.000000    0.000000   clock source latency
     1    0.024940    0.117813    0.081389    0.081389 ^ clk (in)
                                                         clk (net)
                      0.117831    0.000000    0.081389 ^ clkbuf_0_clk/A (sky130_fd_sc_hd__clkbuf_16)
    16    0.113144    0.126631    0.222117    0.303506 ^ clkbuf_0_clk/X (sky130_fd_sc_hd__clkbuf_16)
                                                         clknet_0_clk (net)
                      0.126655    0.001727    0.305233 ^ clkbuf_4_0_0_clk/A (sky130_fd_sc_hd__clkbuf_8)
    24    0.072074    0.132827    0.224642    0.529875 ^ clkbuf_4_0_0_clk/X (sky130_fd_sc_hd__clkbuf_8)
                                                         clknet_4_0_0_clk (net)
                      0.132887    0.002634    0.532509 ^ _2999_/CLK (sky130_fd_sc_hd__dfrtp_1)
                                  0.500000    1.032509   clock uncertainty
                                  0.000000    1.032509   clock reconvergence pessimism
                                 -0.028155    1.004353   library hold time
                                              1.004353   data required time
---------------------------------------------------------------------------------------------
                                              1.004353   data required time
                                             -1.771278   data arrival time
---------------------------------------------------------------------------------------------
                                              0.766925   slack (MET)


Startpoint: _3092_ (rising edge-triggered flip-flop clocked by clk)
Endpoint: _3039_ (rising edge-triggered flip-flop clocked by clk)
Path Group: clk
Path Type: min

Fanout         Cap        Slew       Delay        Time   Description
---------------------------------------------------------------------------------------------
                                  0.000000    0.000000   clock clk (rise edge)
                                  0.000000    0.000000   clock source latency
     1    0.024940    0.117813    0.081389    0.081389 ^ clk (in)
                                                         clk (net)
                      0.117831    0.000000    0.081389 ^ clkbuf_0_clk/A (sky130_fd_sc_hd__clkbuf_16)
    16    0.113144    0.126631    0.222117    0.303506 ^ clkbuf_0_clk/X (sky130_fd_sc_hd__clkbuf_16)
                                                         clknet_0_clk (net)
                      0.126645    0.001407    0.304913 ^ clkbuf_4_3_0_clk/A (sky130_fd_sc_hd__clkbuf_8)
    11    0.057380    0.109561    0.207812    0.512725 ^ clkbuf_4_3_0_clk/X (sky130_fd_sc_hd__clkbuf_8)
                                                         clknet_4_3_0_clk (net)
                      0.109561    0.000449    0.513175 ^ _3092_/CLK (sky130_fd_sc_hd__dfrtp_2)
     6    0.023451    0.125929    0.436108    0.949283 ^ _3092_/Q (sky130_fd_sc_hd__dfrtp_2)
                                                         acc_reg[13] (net)
                      0.125930    0.000663    0.949946 ^ _2384_/A (sky130_fd_sc_hd__and2_1)
     1    0.003401    0.051702    0.141608    1.091554 ^ _2384_/X (sky130_fd_sc_hd__and2_1)
                                                         _0690_ (net)
                      0.051702    0.000039    1.091593 ^ _2385_/C1 (sky130_fd_sc_hd__a221o_1)
     1    0.004712    0.057574    0.111712    1.203305 ^ _2385_/X (sky130_fd_sc_hd__a221o_1)
                                                         _0298_ (net)
                      0.057574    0.000087    1.203391 ^ hold119/A (sky130_fd_sc_hd__dlygate4sd3_1)
     1    0.003675    0.060324    0.546548    1.749939 ^ hold119/X (sky130_fd_sc_hd__dlygate4sd3_1)
                                                         net124 (net)
                      0.060324    0.000049    1.749988 ^ _3039_/D (sky130_fd_sc_hd__dfrtp_1)
                                              1.749988   data arrival time

                                  0.000000    0.000000   clock clk (rise edge)
                                  0.000000    0.000000   clock source latency
     1    0.024940    0.117813    0.081389    0.081389 ^ clk (in)
                                                         clk (net)
                      0.117831    0.000000    0.081389 ^ clkbuf_0_clk/A (sky130_fd_sc_hd__clkbuf_16)
    16    0.113144    0.126631    0.222117    0.303506 ^ clkbuf_0_clk/X (sky130_fd_sc_hd__clkbuf_16)
                                                         clknet_0_clk (net)
                      0.126640    0.001228    0.304734 ^ clkbuf_4_11_0_clk/A (sky130_fd_sc_hd__clkbuf_8)
    13    0.056438    0.108025    0.206778    0.511512 ^ clkbuf_4_11_0_clk/X (sky130_fd_sc_hd__clkbuf_8)
                                                         clknet_4_11_0_clk (net)
                      0.108025    0.000521    0.512032 ^ _3039_/CLK (sky130_fd_sc_hd__dfrtp_1)
                                  0.500000    1.012032   clock uncertainty
                                  0.000000    1.012032   clock reconvergence pessimism
                                 -0.029340    0.982693   library hold time
                                              0.982693   data required time
---------------------------------------------------------------------------------------------
                                              0.982693   data required time
                                             -1.749988   data arrival time
---------------------------------------------------------------------------------------------
                                              0.767296   slack (MET)


Startpoint: _3160_ (rising edge-triggered flip-flop clocked by clk)
Endpoint: _3051_ (rising edge-triggered flip-flop clocked by clk)
Path Group: clk
Path Type: min

Fanout         Cap        Slew       Delay        Time   Description
---------------------------------------------------------------------------------------------
                                  0.000000    0.000000   clock clk (rise edge)
                                  0.000000    0.000000   clock source latency
     1    0.024940    0.117813    0.081389    0.081389 ^ clk (in)
                                                         clk (net)
                      0.117831    0.000000    0.081389 ^ clkbuf_0_clk/A (sky130_fd_sc_hd__clkbuf_16)
    16    0.113144    0.126631    0.222117    0.303506 ^ clkbuf_0_clk/X (sky130_fd_sc_hd__clkbuf_16)
                                                         clknet_0_clk (net)
                      0.126645    0.001407    0.304913 ^ clkbuf_4_3_0_clk/A (sky130_fd_sc_hd__clkbuf_8)
    11    0.057380    0.109561    0.207812    0.512725 ^ clkbuf_4_3_0_clk/X (sky130_fd_sc_hd__clkbuf_8)
                                                         clknet_4_3_0_clk (net)
                      0.109561    0.000327    0.513052 ^ _3160_/CLK (sky130_fd_sc_hd__dfrtp_4)
    11    0.066741    0.205106    0.555713    1.068766 ^ _3160_/Q (sky130_fd_sc_hd__dfrtp_4)
                                                         my_sum_sub.state[2] (net)
                      0.205477    0.007746    1.076511 ^ _2349_/A1 (sky130_fd_sc_hd__o21a_1)
     1    0.002591    0.037784    0.151963    1.228474 ^ _2349_/X (sky130_fd_sc_hd__o21a_1)
                                                         _0310_ (net)
                      0.037784    0.000026    1.228500 ^ hold136/A (sky130_fd_sc_hd__dlygate4sd3_1)
     1    0.002862    0.053456    0.533088    1.761588 ^ hold136/X (sky130_fd_sc_hd__dlygate4sd3_1)
                                                         net141 (net)
                      0.053456    0.000031    1.761619 ^ _3051_/D (sky130_fd_sc_hd__dfrtp_1)
                                              1.761619   data arrival time

                                  0.000000    0.000000   clock clk (rise edge)
                                  0.000000    0.000000   clock source latency
     1    0.024940    0.117813    0.081389    0.081389 ^ clk (in)
                                                         clk (net)
                      0.117831    0.000000    0.081389 ^ clkbuf_0_clk/A (sky130_fd_sc_hd__clkbuf_16)
    16    0.113144    0.126631    0.222117    0.303506 ^ clkbuf_0_clk/X (sky130_fd_sc_hd__clkbuf_16)
                                                         clknet_0_clk (net)
                      0.126666    0.002022    0.305528 ^ clkbuf_4_13_0_clk/A (sky130_fd_sc_hd__clkbuf_8)
    10    0.061591    0.116305    0.212819    0.518347 ^ clkbuf_4_13_0_clk/X (sky130_fd_sc_hd__clkbuf_8)
                                                         clknet_4_13_0_clk (net)
                      0.116305    0.000526    0.518873 ^ _3051_/CLK (sky130_fd_sc_hd__dfrtp_1)
                                  0.500000    1.018873   clock uncertainty
                                  0.000000    1.018873   clock reconvergence pessimism
                                 -0.026778    0.992095   library hold time
                                              0.992095   data required time
---------------------------------------------------------------------------------------------
                                              0.992095   data required time
                                             -1.761619   data arrival time
---------------------------------------------------------------------------------------------
                                              0.769524   slack (MET)


Startpoint: _3160_ (rising edge-triggered flip-flop clocked by clk)
Endpoint: _3049_ (rising edge-triggered flip-flop clocked by clk)
Path Group: clk
Path Type: min

Fanout         Cap        Slew       Delay        Time   Description
---------------------------------------------------------------------------------------------
                                  0.000000    0.000000   clock clk (rise edge)
                                  0.000000    0.000000   clock source latency
     1    0.024940    0.117813    0.081389    0.081389 ^ clk (in)
                                                         clk (net)
                      0.117831    0.000000    0.081389 ^ clkbuf_0_clk/A (sky130_fd_sc_hd__clkbuf_16)
    16    0.113144    0.126631    0.222117    0.303506 ^ clkbuf_0_clk/X (sky130_fd_sc_hd__clkbuf_16)
                                                         clknet_0_clk (net)
                      0.126645    0.001407    0.304913 ^ clkbuf_4_3_0_clk/A (sky130_fd_sc_hd__clkbuf_8)
    11    0.057380    0.109561    0.207812    0.512725 ^ clkbuf_4_3_0_clk/X (sky130_fd_sc_hd__clkbuf_8)
                                                         clknet_4_3_0_clk (net)
                      0.109561    0.000327    0.513052 ^ _3160_/CLK (sky130_fd_sc_hd__dfrtp_4)
    11    0.066741    0.205106    0.555713    1.068766 ^ _3160_/Q (sky130_fd_sc_hd__dfrtp_4)
                                                         my_sum_sub.state[2] (net)
                      0.205403    0.007028    1.075794 ^ _2365_/A1 (sky130_fd_sc_hd__o21a_1)
     1    0.002026    0.033741    0.147581    1.223375 ^ _2365_/X (sky130_fd_sc_hd__o21a_1)
                                                         _0308_ (net)
                      0.033741    0.000018    1.223392 ^ hold213/A (sky130_fd_sc_hd__dlygate4sd3_1)
     1    0.003568    0.059467    0.538082    1.761475 ^ hold213/X (sky130_fd_sc_hd__dlygate4sd3_1)
                                                         net218 (net)
                      0.059467    0.000045    1.761520 ^ _3049_/D (sky130_fd_sc_hd__dfrtp_2)
                                              1.761520   data arrival time

                                  0.000000    0.000000   clock clk (rise edge)
                                  0.000000    0.000000   clock source latency
     1    0.024940    0.117813    0.081389    0.081389 ^ clk (in)
                                                         clk (net)
                      0.117831    0.000000    0.081389 ^ clkbuf_0_clk/A (sky130_fd_sc_hd__clkbuf_16)
    16    0.113144    0.126631    0.222117    0.303506 ^ clkbuf_0_clk/X (sky130_fd_sc_hd__clkbuf_16)
                                                         clknet_0_clk (net)
                      0.126666    0.002024    0.305530 ^ clkbuf_4_15_0_clk/A (sky130_fd_sc_hd__clkbuf_8)
    13    0.062000    0.117026    0.213087    0.518618 ^ clkbuf_4_15_0_clk/X (sky130_fd_sc_hd__clkbuf_8)
                                                         clknet_4_15_0_clk (net)
                      0.117027    0.000653    0.519271 ^ _3049_/CLK (sky130_fd_sc_hd__dfrtp_2)
                                  0.500000    1.019270   clock uncertainty
                                  0.000000    1.019270   clock reconvergence pessimism
                                 -0.027805    0.991466   library hold time
                                              0.991466   data required time
---------------------------------------------------------------------------------------------
                                              0.991466   data required time
                                             -1.761520   data arrival time
---------------------------------------------------------------------------------------------
                                              0.770054   slack (MET)


Startpoint: _3096_ (rising edge-triggered flip-flop clocked by clk)
Endpoint: _3096_ (rising edge-triggered flip-flop clocked by clk)
Path Group: clk
Path Type: min

Fanout         Cap        Slew       Delay        Time   Description
---------------------------------------------------------------------------------------------
                                  0.000000    0.000000   clock clk (rise edge)
                                  0.000000    0.000000   clock source latency
     1    0.024940    0.117813    0.081389    0.081389 ^ clk (in)
                                                         clk (net)
                      0.117831    0.000000    0.081389 ^ clkbuf_0_clk/A (sky130_fd_sc_hd__clkbuf_16)
    16    0.113144    0.126631    0.222117    0.303506 ^ clkbuf_0_clk/X (sky130_fd_sc_hd__clkbuf_16)
                                                         clknet_0_clk (net)
                      0.126638    0.001116    0.304622 ^ clkbuf_4_7_0_clk/A (sky130_fd_sc_hd__clkbuf_8)
    17    0.065580    0.122744    0.217395    0.522017 ^ clkbuf_4_7_0_clk/X (sky130_fd_sc_hd__clkbuf_8)
                                                         clknet_4_7_0_clk (net)
                      0.122768    0.001736    0.523753 ^ _3096_/CLK (sky130_fd_sc_hd__dfrtp_4)
    18    0.064430    0.198307    0.557130    1.080883 ^ _3096_/Q (sky130_fd_sc_hd__dfrtp_4)
                                                         my_mul.x2[1] (net)
                      0.198307    0.000637    1.081520 ^ _2138_/A1 (sky130_fd_sc_hd__mux2_1)
     1    0.002660    0.040258    0.161133    1.242653 ^ _2138_/X (sky130_fd_sc_hd__mux2_1)
                                                         _0355_ (net)
                      0.040258    0.000032    1.242685 ^ hold148/A (sky130_fd_sc_hd__dlygate4sd3_1)
     1    0.002453    0.049984    0.530047    1.772732 ^ hold148/X (sky130_fd_sc_hd__dlygate4sd3_1)
                                                         net153 (net)
                      0.049984    0.000024    1.772755 ^ _3096_/D (sky130_fd_sc_hd__dfrtp_4)
                                              1.772755   data arrival time

                                  0.000000    0.000000   clock clk (rise edge)
                                  0.000000    0.000000   clock source latency
     1    0.024940    0.117813    0.081389    0.081389 ^ clk (in)
                                                         clk (net)
                      0.117831    0.000000    0.081389 ^ clkbuf_0_clk/A (sky130_fd_sc_hd__clkbuf_16)
    16    0.113144    0.126631    0.222117    0.303506 ^ clkbuf_0_clk/X (sky130_fd_sc_hd__clkbuf_16)
                                                         clknet_0_clk (net)
                      0.126638    0.001116    0.304622 ^ clkbuf_4_7_0_clk/A (sky130_fd_sc_hd__clkbuf_8)
    17    0.065580    0.122744    0.217395    0.522017 ^ clkbuf_4_7_0_clk/X (sky130_fd_sc_hd__clkbuf_8)
                                                         clknet_4_7_0_clk (net)
                      0.122768    0.001736    0.523753 ^ _3096_/CLK (sky130_fd_sc_hd__dfrtp_4)
                                  0.500000    1.023753   clock uncertainty
                                  0.000000    1.023753   clock reconvergence pessimism
                                 -0.025172    0.998580   library hold time
                                              0.998580   data required time
---------------------------------------------------------------------------------------------
                                              0.998580   data required time
                                             -1.772755   data arrival time
---------------------------------------------------------------------------------------------
                                              0.774175   slack (MET)


Startpoint: _3160_ (rising edge-triggered flip-flop clocked by clk)
Endpoint: _3055_ (rising edge-triggered flip-flop clocked by clk)
Path Group: clk
Path Type: min

Fanout         Cap        Slew       Delay        Time   Description
---------------------------------------------------------------------------------------------
                                  0.000000    0.000000   clock clk (rise edge)
                                  0.000000    0.000000   clock source latency
     1    0.024940    0.117813    0.081389    0.081389 ^ clk (in)
                                                         clk (net)
                      0.117831    0.000000    0.081389 ^ clkbuf_0_clk/A (sky130_fd_sc_hd__clkbuf_16)
    16    0.113144    0.126631    0.222117    0.303506 ^ clkbuf_0_clk/X (sky130_fd_sc_hd__clkbuf_16)
                                                         clknet_0_clk (net)
                      0.126645    0.001407    0.304913 ^ clkbuf_4_3_0_clk/A (sky130_fd_sc_hd__clkbuf_8)
    11    0.057380    0.109561    0.207812    0.512725 ^ clkbuf_4_3_0_clk/X (sky130_fd_sc_hd__clkbuf_8)
                                                         clknet_4_3_0_clk (net)
                      0.109561    0.000327    0.513052 ^ _3160_/CLK (sky130_fd_sc_hd__dfrtp_4)
    11    0.066741    0.205106    0.555713    1.068766 ^ _3160_/Q (sky130_fd_sc_hd__dfrtp_4)
                                                         my_sum_sub.state[2] (net)
                      0.205555    0.008425    1.077191 ^ _2314_/S (sky130_fd_sc_hd__mux2_1)
     1    0.002626    0.039975    0.164185    1.241376 ^ _2314_/X (sky130_fd_sc_hd__mux2_1)
                                                         _0314_ (net)
                      0.039975    0.000029    1.241405 ^ hold233/A (sky130_fd_sc_hd__dlygate4sd3_1)
     1    0.002181    0.047934    0.527390    1.768795 ^ hold233/X (sky130_fd_sc_hd__dlygate4sd3_1)
                                                         net238 (net)
                      0.047934    0.000018    1.768813 ^ _3055_/D (sky130_fd_sc_hd__dfrtp_1)
                                              1.768813   data arrival time

                                  0.000000    0.000000   clock clk (rise edge)
                                  0.000000    0.000000   clock source latency
     1    0.024940    0.117813    0.081389    0.081389 ^ clk (in)
                                                         clk (net)
                      0.117831    0.000000    0.081389 ^ clkbuf_0_clk/A (sky130_fd_sc_hd__clkbuf_16)
    16    0.113144    0.126631    0.222117    0.303506 ^ clkbuf_0_clk/X (sky130_fd_sc_hd__clkbuf_16)
                                                         clknet_0_clk (net)
                      0.126666    0.002022    0.305528 ^ clkbuf_4_13_0_clk/A (sky130_fd_sc_hd__clkbuf_8)
    10    0.061591    0.116305    0.212819    0.518347 ^ clkbuf_4_13_0_clk/X (sky130_fd_sc_hd__clkbuf_8)
                                                         clknet_4_13_0_clk (net)
                      0.116316    0.001221    0.519568 ^ _3055_/CLK (sky130_fd_sc_hd__dfrtp_1)
                                  0.500000    1.019568   clock uncertainty
                                  0.000000    1.019568   clock reconvergence pessimism
                                 -0.025629    0.993939   library hold time
                                              0.993939   data required time
---------------------------------------------------------------------------------------------
                                              0.993939   data required time
                                             -1.768813   data arrival time
---------------------------------------------------------------------------------------------
                                              0.774874   slack (MET)


Startpoint: _3160_ (rising edge-triggered flip-flop clocked by clk)
Endpoint: _3040_ (rising edge-triggered flip-flop clocked by clk)
Path Group: clk
Path Type: min

Fanout         Cap        Slew       Delay        Time   Description
---------------------------------------------------------------------------------------------
                                  0.000000    0.000000   clock clk (rise edge)
                                  0.000000    0.000000   clock source latency
     1    0.024940    0.117813    0.081389    0.081389 ^ clk (in)
                                                         clk (net)
                      0.117831    0.000000    0.081389 ^ clkbuf_0_clk/A (sky130_fd_sc_hd__clkbuf_16)
    16    0.113144    0.126631    0.222117    0.303506 ^ clkbuf_0_clk/X (sky130_fd_sc_hd__clkbuf_16)
                                                         clknet_0_clk (net)
                      0.126645    0.001407    0.304913 ^ clkbuf_4_3_0_clk/A (sky130_fd_sc_hd__clkbuf_8)
    11    0.057380    0.109561    0.207812    0.512725 ^ clkbuf_4_3_0_clk/X (sky130_fd_sc_hd__clkbuf_8)
                                                         clknet_4_3_0_clk (net)
                      0.109561    0.000327    0.513052 ^ _3160_/CLK (sky130_fd_sc_hd__dfrtp_4)
    11    0.066741    0.205106    0.555713    1.068766 ^ _3160_/Q (sky130_fd_sc_hd__dfrtp_4)
                                                         my_sum_sub.state[2] (net)
                      0.205109    0.001627    1.070393 ^ _2383_/S (sky130_fd_sc_hd__mux2_1)
     1    0.002449    0.038652    0.162722    1.233115 ^ _2383_/X (sky130_fd_sc_hd__mux2_1)
                                                         _0299_ (net)
                      0.038652    0.000025    1.233140 ^ hold172/A (sky130_fd_sc_hd__dlygate4sd3_1)
     1    0.002753    0.052519    0.532346    1.765486 ^ hold172/X (sky130_fd_sc_hd__dlygate4sd3_1)
                                                         net177 (net)
                      0.052519    0.000030    1.765516 ^ _3040_/D (sky130_fd_sc_hd__dfrtp_1)
                                              1.765516   data arrival time

                                  0.000000    0.000000   clock clk (rise edge)
                                  0.000000    0.000000   clock source latency
     1    0.024940    0.117813    0.081389    0.081389 ^ clk (in)
                                                         clk (net)
                      0.117831    0.000000    0.081389 ^ clkbuf_0_clk/A (sky130_fd_sc_hd__clkbuf_16)
    16    0.113144    0.126631    0.222117    0.303506 ^ clkbuf_0_clk/X (sky130_fd_sc_hd__clkbuf_16)
                                                         clknet_0_clk (net)
                      0.126645    0.001407    0.304913 ^ clkbuf_4_3_0_clk/A (sky130_fd_sc_hd__clkbuf_8)
    11    0.057380    0.109561    0.207812    0.512725 ^ clkbuf_4_3_0_clk/X (sky130_fd_sc_hd__clkbuf_8)
                                                         clknet_4_3_0_clk (net)
                      0.109561    0.000231    0.512956 ^ _3040_/CLK (sky130_fd_sc_hd__dfrtp_1)
                                  0.500000    1.012956   clock uncertainty
                                  0.000000    1.012956   clock reconvergence pessimism
                                 -0.027506    0.985450   library hold time
                                              0.985450   data required time
---------------------------------------------------------------------------------------------
                                              0.985450   data required time
                                             -1.765516   data arrival time
---------------------------------------------------------------------------------------------
                                              0.780065   slack (MET)


Startpoint: _3160_ (rising edge-triggered flip-flop clocked by clk)
Endpoint: _3057_ (rising edge-triggered flip-flop clocked by clk)
Path Group: clk
Path Type: min

Fanout         Cap        Slew       Delay        Time   Description
---------------------------------------------------------------------------------------------
                                  0.000000    0.000000   clock clk (rise edge)
                                  0.000000    0.000000   clock source latency
     1    0.024940    0.117813    0.081389    0.081389 ^ clk (in)
                                                         clk (net)
                      0.117831    0.000000    0.081389 ^ clkbuf_0_clk/A (sky130_fd_sc_hd__clkbuf_16)
    16    0.113144    0.126631    0.222117    0.303506 ^ clkbuf_0_clk/X (sky130_fd_sc_hd__clkbuf_16)
                                                         clknet_0_clk (net)
                      0.126645    0.001407    0.304913 ^ clkbuf_4_3_0_clk/A (sky130_fd_sc_hd__clkbuf_8)
    11    0.057380    0.109561    0.207812    0.512725 ^ clkbuf_4_3_0_clk/X (sky130_fd_sc_hd__clkbuf_8)
                                                         clknet_4_3_0_clk (net)
                      0.109561    0.000327    0.513052 ^ _3160_/CLK (sky130_fd_sc_hd__dfrtp_4)
    11    0.066741    0.205106    0.555713    1.068766 ^ _3160_/Q (sky130_fd_sc_hd__dfrtp_4)
                                                         my_sum_sub.state[2] (net)
                      0.205137    0.002877    1.071643 ^ _2285_/S (sky130_fd_sc_hd__mux2_1)
     1    0.002656    0.040200    0.164313    1.235956 ^ _2285_/X (sky130_fd_sc_hd__mux2_1)
                                                         _0316_ (net)
                      0.040200    0.000030    1.235986 ^ hold265/A (sky130_fd_sc_hd__dlygate4sd3_1)
     1    0.003094    0.055479    0.536058    1.772044 ^ hold265/X (sky130_fd_sc_hd__dlygate4sd3_1)
                                                         net270 (net)
                      0.055479    0.000034    1.772078 ^ _3057_/D (sky130_fd_sc_hd__dfrtp_4)
                                              1.772078   data arrival time

                                  0.000000    0.000000   clock clk (rise edge)
                                  0.000000    0.000000   clock source latency
     1    0.024940    0.117813    0.081389    0.081389 ^ clk (in)
                                                         clk (net)
                      0.117831    0.000000    0.081389 ^ clkbuf_0_clk/A (sky130_fd_sc_hd__clkbuf_16)
    16    0.113144    0.126631    0.222117    0.303506 ^ clkbuf_0_clk/X (sky130_fd_sc_hd__clkbuf_16)
                                                         clknet_0_clk (net)
                      0.126633    0.000821    0.304327 ^ clkbuf_4_9_0_clk/A (sky130_fd_sc_hd__clkbuf_8)
     7    0.057340    0.109519    0.207690    0.512017 ^ clkbuf_4_9_0_clk/X (sky130_fd_sc_hd__clkbuf_8)
                                                         clknet_4_9_0_clk (net)
                      0.109526    0.000929    0.512945 ^ _3057_/CLK (sky130_fd_sc_hd__dfrtp_4)
                                  0.500000    1.012945   clock uncertainty
                                  0.000000    1.012945   clock reconvergence pessimism
                                 -0.028126    0.984819   library hold time
                                              0.984819   data required time
---------------------------------------------------------------------------------------------
                                              0.984819   data required time
                                             -1.772078   data arrival time
---------------------------------------------------------------------------------------------
                                              0.787259   slack (MET)


Startpoint: _3076_ (rising edge-triggered flip-flop clocked by clk)
Endpoint: _3030_ (rising edge-triggered flip-flop clocked by clk)
Path Group: clk
Path Type: min

Fanout         Cap        Slew       Delay        Time   Description
---------------------------------------------------------------------------------------------
                                  0.000000    0.000000   clock clk (rise edge)
                                  0.000000    0.000000   clock source latency
     1    0.024940    0.117813    0.081389    0.081389 ^ clk (in)
                                                         clk (net)
                      0.117831    0.000000    0.081389 ^ clkbuf_0_clk/A (sky130_fd_sc_hd__clkbuf_16)
    16    0.113144    0.126631    0.222117    0.303506 ^ clkbuf_0_clk/X (sky130_fd_sc_hd__clkbuf_16)
                                                         clknet_0_clk (net)
                      0.126640    0.001228    0.304734 ^ clkbuf_4_11_0_clk/A (sky130_fd_sc_hd__clkbuf_8)
    13    0.056438    0.108025    0.206778    0.511512 ^ clkbuf_4_11_0_clk/X (sky130_fd_sc_hd__clkbuf_8)
                                                         clknet_4_11_0_clk (net)
                      0.108025    0.000319    0.511831 ^ _3076_/CLK (sky130_fd_sc_hd__dfrtp_2)
     6    0.023438    0.125883    0.435458    0.947289 ^ _3076_/Q (sky130_fd_sc_hd__dfrtp_2)
                                                         my_sum_sub.cm_exp[6] (net)
                      0.125883    0.000353    0.947642 ^ _2637_/B2 (sky130_fd_sc_hd__o32a_1)
     2    0.006430    0.079779    0.171874    1.119516 ^ _2637_/X (sky130_fd_sc_hd__o32a_1)
                                                         _0936_ (net)
                      0.079779    0.000071    1.119588 ^ _2662_/B1 (sky130_fd_sc_hd__a22o_1)
     1    0.003457    0.048934    0.127759    1.247346 ^ _2662_/X (sky130_fd_sc_hd__a22o_1)
                                                         _0289_ (net)
                      0.048934    0.000050    1.247396 ^ hold187/A (sky130_fd_sc_hd__dlygate4sd3_1)
     1    0.002426    0.051881    0.532619    1.780015 ^ hold187/X (sky130_fd_sc_hd__dlygate4sd3_1)
                                                         net192 (net)
                      0.051881    0.000012    1.780027 ^ _3030_/D (sky130_fd_sc_hd__dfrtp_1)
                                              1.780027   data arrival time

                                  0.000000    0.000000   clock clk (rise edge)
                                  0.000000    0.000000   clock source latency
     1    0.024940    0.117813    0.081389    0.081389 ^ clk (in)
                                                         clk (net)
                      0.117831    0.000000    0.081389 ^ clkbuf_0_clk/A (sky130_fd_sc_hd__clkbuf_16)
    16    0.113144    0.126631    0.222117    0.303506 ^ clkbuf_0_clk/X (sky130_fd_sc_hd__clkbuf_16)
                                                         clknet_0_clk (net)
                      0.126640    0.001228    0.304734 ^ clkbuf_4_11_0_clk/A (sky130_fd_sc_hd__clkbuf_8)
    13    0.056438    0.108025    0.206778    0.511512 ^ clkbuf_4_11_0_clk/X (sky130_fd_sc_hd__clkbuf_8)
                                                         clknet_4_11_0_clk (net)
                      0.108025    0.000288    0.511800 ^ _3030_/CLK (sky130_fd_sc_hd__dfrtp_1)
                                  0.500000    1.011800   clock uncertainty
                                  0.000000    1.011800   clock reconvergence pessimism
                                 -0.027584    0.984216   library hold time
                                              0.984216   data required time
---------------------------------------------------------------------------------------------
                                              0.984216   data required time
                                             -1.780027   data arrival time
---------------------------------------------------------------------------------------------
                                              0.795811   slack (MET)


Startpoint: _3098_ (rising edge-triggered flip-flop clocked by clk)
Endpoint: _3098_ (rising edge-triggered flip-flop clocked by clk)
Path Group: clk
Path Type: min

Fanout         Cap        Slew       Delay        Time   Description
---------------------------------------------------------------------------------------------
                                  0.000000    0.000000   clock clk (rise edge)
                                  0.000000    0.000000   clock source latency
     1    0.024940    0.117813    0.081389    0.081389 ^ clk (in)
                                                         clk (net)
                      0.117831    0.000000    0.081389 ^ clkbuf_0_clk/A (sky130_fd_sc_hd__clkbuf_16)
    16    0.113144    0.126631    0.222117    0.303506 ^ clkbuf_0_clk/X (sky130_fd_sc_hd__clkbuf_16)
                                                         clknet_0_clk (net)
                      0.126638    0.001116    0.304622 ^ clkbuf_4_7_0_clk/A (sky130_fd_sc_hd__clkbuf_8)
    17    0.065580    0.122744    0.217395    0.522017 ^ clkbuf_4_7_0_clk/X (sky130_fd_sc_hd__clkbuf_8)
                                                         clknet_4_7_0_clk (net)
                      0.122771    0.001797    0.523814 ^ _3098_/CLK (sky130_fd_sc_hd__dfrtp_4)
    20    0.080566    0.240232    0.589033    1.112847 ^ _3098_/Q (sky130_fd_sc_hd__dfrtp_4)
                                                         my_mul.x2[3] (net)
                      0.240232    0.000181    1.113028 ^ _2136_/A1 (sky130_fd_sc_hd__mux2_1)
     1    0.002383    0.038197    0.169140    1.282168 ^ _2136_/X (sky130_fd_sc_hd__mux2_1)
                                                         _0357_ (net)
                      0.038197    0.000025    1.282193 ^ hold167/A (sky130_fd_sc_hd__dlygate4sd3_1)
     1    0.002494    0.050327    0.529764    1.811957 ^ hold167/X (sky130_fd_sc_hd__dlygate4sd3_1)
                                                         net172 (net)
                      0.050327    0.000022    1.811979 ^ _3098_/D (sky130_fd_sc_hd__dfrtp_4)
                                              1.811979   data arrival time

                                  0.000000    0.000000   clock clk (rise edge)
                                  0.000000    0.000000   clock source latency
     1    0.024940    0.117813    0.081389    0.081389 ^ clk (in)
                                                         clk (net)
                      0.117831    0.000000    0.081389 ^ clkbuf_0_clk/A (sky130_fd_sc_hd__clkbuf_16)
    16    0.113144    0.126631    0.222117    0.303506 ^ clkbuf_0_clk/X (sky130_fd_sc_hd__clkbuf_16)
                                                         clknet_0_clk (net)
                      0.126638    0.001116    0.304622 ^ clkbuf_4_7_0_clk/A (sky130_fd_sc_hd__clkbuf_8)
    17    0.065580    0.122744    0.217395    0.522017 ^ clkbuf_4_7_0_clk/X (sky130_fd_sc_hd__clkbuf_8)
                                                         clknet_4_7_0_clk (net)
                      0.122771    0.001797    0.523814 ^ _3098_/CLK (sky130_fd_sc_hd__dfrtp_4)
                                  0.500000    1.023814   clock uncertainty
                                  0.000000    1.023814   clock reconvergence pessimism
                                 -0.025243    0.998571   library hold time
                                              0.998571   data required time
---------------------------------------------------------------------------------------------
                                              0.998571   data required time
                                             -1.811979   data arrival time
---------------------------------------------------------------------------------------------
                                              0.813409   slack (MET)


Startpoint: _3086_ (rising edge-triggered flip-flop clocked by clk)
Endpoint: _3033_ (rising edge-triggered flip-flop clocked by clk)
Path Group: clk
Path Type: min

Fanout         Cap        Slew       Delay        Time   Description
---------------------------------------------------------------------------------------------
                                  0.000000    0.000000   clock clk (rise edge)
                                  0.000000    0.000000   clock source latency
     1    0.024940    0.117813    0.081389    0.081389 ^ clk (in)
                                                         clk (net)
                      0.117831    0.000000    0.081389 ^ clkbuf_0_clk/A (sky130_fd_sc_hd__clkbuf_16)
    16    0.113144    0.126631    0.222117    0.303506 ^ clkbuf_0_clk/X (sky130_fd_sc_hd__clkbuf_16)
                                                         clknet_0_clk (net)
                      0.126634    0.000903    0.304410 ^ clkbuf_4_6_0_clk/A (sky130_fd_sc_hd__clkbuf_8)
    12    0.055843    0.107139    0.205869    0.510279 ^ clkbuf_4_6_0_clk/X (sky130_fd_sc_hd__clkbuf_8)
                                                         clknet_4_6_0_clk (net)
                      0.107140    0.000570    0.510849 ^ _3086_/CLK (sky130_fd_sc_hd__dfrtp_4)
     9    0.050044    0.165821    0.524047    1.034896 ^ _3086_/Q (sky130_fd_sc_hd__dfrtp_4)
                                                         acc_reg[7] (net)
                      0.165867    0.002694    1.037590 ^ _2396_/A (sky130_fd_sc_hd__and2_1)
     1    0.003150    0.050427    0.148831    1.186420 ^ _2396_/X (sky130_fd_sc_hd__and2_1)
                                                         _0696_ (net)
                      0.050427    0.000034    1.186454 ^ _2397_/C1 (sky130_fd_sc_hd__a221o_1)
     1    0.003460    0.046687    0.102659    1.289113 ^ _2397_/X (sky130_fd_sc_hd__a221o_1)
                                                         _0292_ (net)
                      0.046687    0.000047    1.289160 ^ hold106/A (sky130_fd_sc_hd__dlygate4sd3_1)
     1    0.002436    0.049842    0.531972    1.821132 ^ hold106/X (sky130_fd_sc_hd__dlygate4sd3_1)
                                                         net111 (net)
                      0.049842    0.000023    1.821155 ^ _3033_/D (sky130_fd_sc_hd__dfrtp_1)
                                              1.821155   data arrival time

                                  0.000000    0.000000   clock clk (rise edge)
                                  0.000000    0.000000   clock source latency
     1    0.024940    0.117813    0.081389    0.081389 ^ clk (in)
                                                         clk (net)
                      0.117831    0.000000    0.081389 ^ clkbuf_0_clk/A (sky130_fd_sc_hd__clkbuf_16)
    16    0.113144    0.126631    0.222117    0.303506 ^ clkbuf_0_clk/X (sky130_fd_sc_hd__clkbuf_16)
                                                         clknet_0_clk (net)
                      0.126664    0.001984    0.305490 ^ clkbuf_4_14_0_clk/A (sky130_fd_sc_hd__clkbuf_8)
    11    0.066474    0.124057    0.218860    0.524350 ^ clkbuf_4_14_0_clk/X (sky130_fd_sc_hd__clkbuf_8)
                                                         clknet_4_14_0_clk (net)
                      0.124058    0.000642    0.524992 ^ _3033_/CLK (sky130_fd_sc_hd__dfrtp_1)
                                  0.500000    1.024992   clock uncertainty
                                  0.000000    1.024992   clock reconvergence pessimism
                                 -0.024967    1.000025   library hold time
                                              1.000025   data required time
---------------------------------------------------------------------------------------------
                                              1.000025   data required time
                                             -1.821155   data arrival time
---------------------------------------------------------------------------------------------
                                              0.821130   slack (MET)


Startpoint: _3088_ (rising edge-triggered flip-flop clocked by clk)
Endpoint: _3136_ (rising edge-triggered flip-flop clocked by clk)
Path Group: clk
Path Type: min

Fanout         Cap        Slew       Delay        Time   Description
---------------------------------------------------------------------------------------------
                                  0.000000    0.000000   clock clk (rise edge)
                                  0.000000    0.000000   clock source latency
     1    0.024940    0.117813    0.081389    0.081389 ^ clk (in)
                                                         clk (net)
                      0.117831    0.000000    0.081389 ^ clkbuf_0_clk/A (sky130_fd_sc_hd__clkbuf_16)
    16    0.113144    0.126631    0.222117    0.303506 ^ clkbuf_0_clk/X (sky130_fd_sc_hd__clkbuf_16)
                                                         clknet_0_clk (net)
                      0.126637    0.001064    0.304570 ^ clkbuf_4_5_0_clk/A (sky130_fd_sc_hd__clkbuf_8)
    10    0.060713    0.114917    0.211687    0.516257 ^ clkbuf_4_5_0_clk/X (sky130_fd_sc_hd__clkbuf_8)
                                                         clknet_4_5_0_clk (net)
                      0.114917    0.000248    0.516506 ^ _3088_/CLK (sky130_fd_sc_hd__dfrtp_4)
     8    0.032884    0.121424    0.488907    1.005413 ^ _3088_/Q (sky130_fd_sc_hd__dfrtp_4)
                                                         acc_reg[9] (net)
                      0.121424    0.000338    1.005751 ^ _2042_/B2 (sky130_fd_sc_hd__a221o_1)
     1    0.004623    0.059070    0.163674    1.169425 ^ _2042_/X (sky130_fd_sc_hd__a221o_1)
                                                         _0446_ (net)
                      0.059070    0.000079    1.169505 ^ _2043_/B2 (sky130_fd_sc_hd__o22a_1)
     1    0.002569    0.039506    0.110970    1.280474 ^ _2043_/X (sky130_fd_sc_hd__o22a_1)
                                                         _0232_ (net)
                      0.039506    0.000019    1.280493 ^ hold62/A (sky130_fd_sc_hd__dlygate4sd3_1)
     1    0.002627    0.051445    0.531438    1.811930 ^ hold62/X (sky130_fd_sc_hd__dlygate4sd3_1)
                                                         net67 (net)
                      0.051445    0.000027    1.811957 ^ _3136_/D (sky130_fd_sc_hd__dfrtp_1)
                                              1.811957   data arrival time

                                  0.000000    0.000000   clock clk (rise edge)
                                  0.000000    0.000000   clock source latency
     1    0.024940    0.117813    0.081389    0.081389 ^ clk (in)
                                                         clk (net)
                      0.117831    0.000000    0.081389 ^ clkbuf_0_clk/A (sky130_fd_sc_hd__clkbuf_16)
    16    0.113144    0.126631    0.222117    0.303506 ^ clkbuf_0_clk/X (sky130_fd_sc_hd__clkbuf_16)
                                                         clknet_0_clk (net)
                      0.126637    0.001064    0.304570 ^ clkbuf_4_5_0_clk/A (sky130_fd_sc_hd__clkbuf_8)
    10    0.060713    0.114917    0.211687    0.516257 ^ clkbuf_4_5_0_clk/X (sky130_fd_sc_hd__clkbuf_8)
                                                         clknet_4_5_0_clk (net)
                      0.114917    0.000107    0.516365 ^ _3136_/CLK (sky130_fd_sc_hd__dfrtp_1)
                                  0.500000    1.016365   clock uncertainty
                                  0.000000    1.016365   clock reconvergence pessimism
                                 -0.026550    0.989814   library hold time
                                              0.989814   data required time
---------------------------------------------------------------------------------------------
                                              0.989814   data required time
                                             -1.811957   data arrival time
---------------------------------------------------------------------------------------------
                                              0.822143   slack (MET)


Startpoint: _3165_ (rising edge-triggered flip-flop clocked by clk)
Endpoint: _3120_ (rising edge-triggered flip-flop clocked by clk)
Path Group: clk
Path Type: min

Fanout         Cap        Slew       Delay        Time   Description
---------------------------------------------------------------------------------------------
                                  0.000000    0.000000   clock clk (rise edge)
                                  0.000000    0.000000   clock source latency
     1    0.024940    0.117813    0.081389    0.081389 ^ clk (in)
                                                         clk (net)
                      0.117831    0.000000    0.081389 ^ clkbuf_0_clk/A (sky130_fd_sc_hd__clkbuf_16)
    16    0.113144    0.126631    0.222117    0.303506 ^ clkbuf_0_clk/X (sky130_fd_sc_hd__clkbuf_16)
                                                         clknet_0_clk (net)
                      0.126655    0.001727    0.305233 ^ clkbuf_4_0_0_clk/A (sky130_fd_sc_hd__clkbuf_8)
    24    0.072074    0.132827    0.224642    0.529875 ^ clkbuf_4_0_0_clk/X (sky130_fd_sc_hd__clkbuf_8)
                                                         clknet_4_0_0_clk (net)
                      0.132994    0.003244    0.533119 ^ _3165_/CLK (sky130_fd_sc_hd__dfrtp_1)
     2    0.003898    0.044217    0.391540    0.924659 v _3165_/Q (sky130_fd_sc_hd__dfrtp_1)
                                                         sclk_s0 (net)
                      0.044217    0.000038    0.924697 v _2104_/D_N (sky130_fd_sc_hd__or4b_4)
     3    0.017259    0.062728    0.225704    1.150401 ^ _2104_/X (sky130_fd_sc_hd__or4b_4)
                                                         _0498_ (net)
                      0.062733    0.000574    1.150975 ^ _2111_/S (sky130_fd_sc_hd__mux2_1)
     1    0.003253    0.044742    0.131640    1.282615 ^ _2111_/X (sky130_fd_sc_hd__mux2_1)
                                                         _0216_ (net)
                      0.044742    0.000040    1.282655 ^ hold79/A (sky130_fd_sc_hd__dlygate4sd3_1)
     1    0.002687    0.051962    0.533714    1.816369 ^ hold79/X (sky130_fd_sc_hd__dlygate4sd3_1)
                                                         net84 (net)
                      0.051962    0.000018    1.816387 ^ _3120_/D (sky130_fd_sc_hd__dfrtp_1)
                                              1.816387   data arrival time

                                  0.000000    0.000000   clock clk (rise edge)
                                  0.000000    0.000000   clock source latency
     1    0.024940    0.117813    0.081389    0.081389 ^ clk (in)
                                                         clk (net)
                      0.117831    0.000000    0.081389 ^ clkbuf_0_clk/A (sky130_fd_sc_hd__clkbuf_16)
    16    0.113144    0.126631    0.222117    0.303506 ^ clkbuf_0_clk/X (sky130_fd_sc_hd__clkbuf_16)
                                                         clknet_0_clk (net)
                      0.126638    0.001133    0.304640 ^ clkbuf_4_4_0_clk/A (sky130_fd_sc_hd__clkbuf_8)
    11    0.057239    0.109341    0.207630    0.512270 ^ clkbuf_4_4_0_clk/X (sky130_fd_sc_hd__clkbuf_8)
                                                         clknet_4_4_0_clk (net)
                      0.109343    0.000618    0.512888 ^ _3120_/CLK (sky130_fd_sc_hd__dfrtp_1)
                                  0.500000    1.012888   clock uncertainty
                                  0.000000    1.012888   clock reconvergence pessimism
                                 -0.027420    0.985468   library hold time
                                              0.985468   data required time
---------------------------------------------------------------------------------------------
                                              0.985468   data required time
                                             -1.816387   data arrival time
---------------------------------------------------------------------------------------------
                                              0.830919   slack (MET)


Startpoint: _3075_ (rising edge-triggered flip-flop clocked by clk)
Endpoint: _3029_ (rising edge-triggered flip-flop clocked by clk)
Path Group: clk
Path Type: min

Fanout         Cap        Slew       Delay        Time   Description
---------------------------------------------------------------------------------------------
                                  0.000000    0.000000   clock clk (rise edge)
                                  0.000000    0.000000   clock source latency
     1    0.024940    0.117813    0.081389    0.081389 ^ clk (in)
                                                         clk (net)
                      0.117831    0.000000    0.081389 ^ clkbuf_0_clk/A (sky130_fd_sc_hd__clkbuf_16)
    16    0.113144    0.126631    0.222117    0.303506 ^ clkbuf_0_clk/X (sky130_fd_sc_hd__clkbuf_16)
                                                         clknet_0_clk (net)
                      0.126640    0.001228    0.304734 ^ clkbuf_4_11_0_clk/A (sky130_fd_sc_hd__clkbuf_8)
    13    0.056438    0.108025    0.206778    0.511512 ^ clkbuf_4_11_0_clk/X (sky130_fd_sc_hd__clkbuf_8)
                                                         clknet_4_11_0_clk (net)
                      0.108025    0.000411    0.511922 ^ _3075_/CLK (sky130_fd_sc_hd__dfrtp_1)
     4    0.013586    0.129609    0.408382    0.920305 ^ _3075_/Q (sky130_fd_sc_hd__dfrtp_1)
                                                         my_sum_sub.cm_exp[5] (net)
                      0.129609    0.000215    0.920519 ^ _2613_/A1 (sky130_fd_sc_hd__o22a_1)
     3    0.011319    0.115735    0.214041    1.134560 ^ _2613_/X (sky130_fd_sc_hd__o22a_1)
                                                         _0912_ (net)
                      0.115735    0.000226    1.134786 ^ _2663_/B1 (sky130_fd_sc_hd__a22o_1)
     1    0.004513    0.057736    0.147089    1.281874 ^ _2663_/X (sky130_fd_sc_hd__a22o_1)
                                                         _0288_ (net)
                      0.057736    0.000083    1.281957 ^ hold157/A (sky130_fd_sc_hd__dlygate4sd3_1)
     1    0.002578    0.051045    0.536745    1.818703 ^ hold157/X (sky130_fd_sc_hd__dlygate4sd3_1)
                                                         net162 (net)
                      0.051045    0.000026    1.818729 ^ _3029_/D (sky130_fd_sc_hd__dfrtp_1)
                                              1.818729   data arrival time

                                  0.000000    0.000000   clock clk (rise edge)
                                  0.000000    0.000000   clock source latency
     1    0.024940    0.117813    0.081389    0.081389 ^ clk (in)
                                                         clk (net)
                      0.117831    0.000000    0.081389 ^ clkbuf_0_clk/A (sky130_fd_sc_hd__clkbuf_16)
    16    0.113144    0.126631    0.222117    0.303506 ^ clkbuf_0_clk/X (sky130_fd_sc_hd__clkbuf_16)
                                                         clknet_0_clk (net)
                      0.126640    0.001228    0.304734 ^ clkbuf_4_11_0_clk/A (sky130_fd_sc_hd__clkbuf_8)
    13    0.056438    0.108025    0.206778    0.511512 ^ clkbuf_4_11_0_clk/X (sky130_fd_sc_hd__clkbuf_8)
                                                         clknet_4_11_0_clk (net)
                      0.108025    0.000299    0.511811 ^ _3029_/CLK (sky130_fd_sc_hd__dfrtp_1)
                                  0.500000    1.011811   clock uncertainty
                                  0.000000    1.011811   clock reconvergence pessimism
                                 -0.027410    0.984401   library hold time
                                              0.984401   data required time
---------------------------------------------------------------------------------------------
                                              0.984401   data required time
                                             -1.818729   data arrival time
---------------------------------------------------------------------------------------------
                                              0.834328   slack (MET)


Startpoint: _3001_ (rising edge-triggered flip-flop clocked by clk)
Endpoint: _3002_ (rising edge-triggered flip-flop clocked by clk)
Path Group: clk
Path Type: min

Fanout         Cap        Slew       Delay        Time   Description
---------------------------------------------------------------------------------------------
                                  0.000000    0.000000   clock clk (rise edge)
                                  0.000000    0.000000   clock source latency
     1    0.024940    0.117813    0.081389    0.081389 ^ clk (in)
                                                         clk (net)
                      0.117831    0.000000    0.081389 ^ clkbuf_0_clk/A (sky130_fd_sc_hd__clkbuf_16)
    16    0.113144    0.126631    0.222117    0.303506 ^ clkbuf_0_clk/X (sky130_fd_sc_hd__clkbuf_16)
                                                         clknet_0_clk (net)
                      0.126637    0.001062    0.304568 ^ clkbuf_4_8_0_clk/A (sky130_fd_sc_hd__clkbuf_8)
     9    0.051356    0.100012    0.200415    0.504983 ^ clkbuf_4_8_0_clk/X (sky130_fd_sc_hd__clkbuf_8)
                                                         clknet_4_8_0_clk (net)
                      0.100016    0.000733    0.505716 ^ _3001_/CLK (sky130_fd_sc_hd__dfrtp_1)
     3    0.007940    0.084868    0.370254    0.875970 ^ _3001_/Q (sky130_fd_sc_hd__dfrtp_1)
                                                         my_divider.remainder_reg[0] (net)
                      0.084868    0.000069    0.876039 ^ _2762_/B1 (sky130_fd_sc_hd__a21oi_1)
     1    0.002157    0.032877    0.042878    0.918917 v _2762_/Y (sky130_fd_sc_hd__a21oi_1)
                                                         _1030_ (net)
                      0.032877    0.000022    0.918939 v _2764_/A1_N (sky130_fd_sc_hd__a2bb2o_1)
     1    0.003502    0.048483    0.247389    1.166328 ^ _2764_/X (sky130_fd_sc_hd__a2bb2o_1)
                                                         _1032_ (net)
                      0.048483    0.000050    1.166377 ^ _2765_/A1 (sky130_fd_sc_hd__mux2_1)
     1    0.002674    0.040335    0.117378    1.283755 ^ _2765_/X (sky130_fd_sc_hd__mux2_1)
                                                         _0261_ (net)
                      0.040335    0.000030    1.283785 ^ hold134/A (sky130_fd_sc_hd__dlygate4sd3_1)
     1    0.002395    0.049500    0.529525    1.813310 ^ hold134/X (sky130_fd_sc_hd__dlygate4sd3_1)
                                                         net139 (net)
                      0.049500    0.000021    1.813331 ^ _3002_/D (sky130_fd_sc_hd__dfrtp_1)
                                              1.813331   data arrival time

                                  0.000000    0.000000   clock clk (rise edge)
                                  0.000000    0.000000   clock source latency
     1    0.024940    0.117813    0.081389    0.081389 ^ clk (in)
                                                         clk (net)
                      0.117831    0.000000    0.081389 ^ clkbuf_0_clk/A (sky130_fd_sc_hd__clkbuf_16)
    16    0.113144    0.126631    0.222117    0.303506 ^ clkbuf_0_clk/X (sky130_fd_sc_hd__clkbuf_16)
                                                         clknet_0_clk (net)
                      0.126637    0.001062    0.304568 ^ clkbuf_4_8_0_clk/A (sky130_fd_sc_hd__clkbuf_8)
     9    0.051356    0.100012    0.200415    0.504983 ^ clkbuf_4_8_0_clk/X (sky130_fd_sc_hd__clkbuf_8)
                                                         clknet_4_8_0_clk (net)
                      0.100017    0.000773    0.505756 ^ _3002_/CLK (sky130_fd_sc_hd__dfrtp_1)
                                  0.500000    1.005756   clock uncertainty
                                  0.000000    1.005756   clock reconvergence pessimism
                                 -0.028183    0.977573   library hold time
                                              0.977573   data required time
---------------------------------------------------------------------------------------------
                                              0.977573   data required time
                                             -1.813331   data arrival time
---------------------------------------------------------------------------------------------
                                              0.835758   slack (MET)


Startpoint: _3157_ (rising edge-triggered flip-flop clocked by clk)
Endpoint: _3147_ (rising edge-triggered flip-flop clocked by clk)
Path Group: clk
Path Type: min

Fanout         Cap        Slew       Delay        Time   Description
---------------------------------------------------------------------------------------------
                                  0.000000    0.000000   clock clk (rise edge)
                                  0.000000    0.000000   clock source latency
     1    0.024940    0.117813    0.081389    0.081389 ^ clk (in)
                                                         clk (net)
                      0.117831    0.000000    0.081389 ^ clkbuf_0_clk/A (sky130_fd_sc_hd__clkbuf_16)
    16    0.113144    0.126631    0.222117    0.303506 ^ clkbuf_0_clk/X (sky130_fd_sc_hd__clkbuf_16)
                                                         clknet_0_clk (net)
                      0.126655    0.001727    0.305233 ^ clkbuf_4_0_0_clk/A (sky130_fd_sc_hd__clkbuf_8)
    24    0.072074    0.132827    0.224642    0.529875 ^ clkbuf_4_0_0_clk/X (sky130_fd_sc_hd__clkbuf_8)
                                                         clknet_4_0_0_clk (net)
                      0.132844    0.001550    0.531426 ^ _3157_/CLK (sky130_fd_sc_hd__dfrtp_1)
     4    0.012759    0.082578    0.434683    0.966108 v _3157_/Q (sky130_fd_sc_hd__dfrtp_1)
                                                         state[5] (net)
                      0.082578    0.000232    0.966340 v _1528_/A1_N (sky130_fd_sc_hd__a2bb2o_1)
     1    0.002829    0.043061    0.261516    1.227857 ^ _1528_/X (sky130_fd_sc_hd__a2bb2o_1)
                                                         _1078_ (net)
                      0.043061    0.000026    1.227882 ^ _1529_/B2 (sky130_fd_sc_hd__a22o_1)
     1    0.001902    0.035958    0.106550    1.334433 ^ _1529_/X (sky130_fd_sc_hd__a22o_1)
                                                         _0243_ (net)
                      0.035958    0.000016    1.334448 ^ hold142/A (sky130_fd_sc_hd__dlygate4sd3_1)
     1    0.002483    0.050228    0.528927    1.863375 ^ hold142/X (sky130_fd_sc_hd__dlygate4sd3_1)
                                                         net147 (net)
                      0.050228    0.000023    1.863398 ^ _3147_/D (sky130_fd_sc_hd__dfrtp_1)
                                              1.863398   data arrival time

                                  0.000000    0.000000   clock clk (rise edge)
                                  0.000000    0.000000   clock source latency
     1    0.024940    0.117813    0.081389    0.081389 ^ clk (in)
                                                         clk (net)
                      0.117831    0.000000    0.081389 ^ clkbuf_0_clk/A (sky130_fd_sc_hd__clkbuf_16)
    16    0.113144    0.126631    0.222117    0.303506 ^ clkbuf_0_clk/X (sky130_fd_sc_hd__clkbuf_16)
                                                         clknet_0_clk (net)
                      0.126655    0.001727    0.305233 ^ clkbuf_4_0_0_clk/A (sky130_fd_sc_hd__clkbuf_8)
    24    0.072074    0.132827    0.224642    0.529875 ^ clkbuf_4_0_0_clk/X (sky130_fd_sc_hd__clkbuf_8)
                                                         clknet_4_0_0_clk (net)
                      0.132872    0.002341    0.532216 ^ _3147_/CLK (sky130_fd_sc_hd__dfrtp_1)
                                  0.500000    1.032216   clock uncertainty
                                  0.000000    1.032216   clock reconvergence pessimism
                                 -0.023841    1.008375   library hold time
                                              1.008375   data required time
---------------------------------------------------------------------------------------------
                                              1.008375   data required time
                                             -1.863398   data arrival time
---------------------------------------------------------------------------------------------
                                              0.855023   slack (MET)


Startpoint: _3164_ (rising edge-triggered flip-flop clocked by clk)
Endpoint: _3000_ (rising edge-triggered flip-flop clocked by clk)
Path Group: clk
Path Type: min

Fanout         Cap        Slew       Delay        Time   Description
---------------------------------------------------------------------------------------------
                                  0.000000    0.000000   clock clk (rise edge)
                                  0.000000    0.000000   clock source latency
     1    0.024940    0.117813    0.081389    0.081389 ^ clk (in)
                                                         clk (net)
                      0.117831    0.000000    0.081389 ^ clkbuf_0_clk/A (sky130_fd_sc_hd__clkbuf_16)
    16    0.113144    0.126631    0.222117    0.303506 ^ clkbuf_0_clk/X (sky130_fd_sc_hd__clkbuf_16)
                                                         clknet_0_clk (net)
                      0.126655    0.001727    0.305233 ^ clkbuf_4_0_0_clk/A (sky130_fd_sc_hd__clkbuf_8)
    24    0.072074    0.132827    0.224642    0.529875 ^ clkbuf_4_0_0_clk/X (sky130_fd_sc_hd__clkbuf_8)
                                                         clknet_4_0_0_clk (net)
                      0.132847    0.001673    0.531548 ^ _3164_/CLK (sky130_fd_sc_hd__dfrtp_1)
     2    0.005636    0.051932    0.400882    0.932431 v _3164_/Q (sky130_fd_sc_hd__dfrtp_1)
                                                         div_start (net)
                      0.051932    0.000064    0.932494 v _2770_/B (sky130_fd_sc_hd__nor2_1)
     2    0.007074    0.145134    0.136791    1.069285 ^ _2770_/Y (sky130_fd_sc_hd__nor2_1)
                                                         _1036_ (net)
                      0.145134    0.000124    1.069409 ^ _2771_/A2 (sky130_fd_sc_hd__o21ba_1)
     2    0.005384    0.065634    0.149995    1.219405 ^ _2771_/X (sky130_fd_sc_hd__o21ba_1)
                                                         _1037_ (net)
                      0.065634    0.000050    1.219455 ^ _2772_/A1 (sky130_fd_sc_hd__mux2_1)
     1    0.001829    0.035141    0.116512    1.335967 ^ _2772_/X (sky130_fd_sc_hd__mux2_1)
                                                         _0259_ (net)
                      0.035141    0.000007    1.335974 ^ hold140/A (sky130_fd_sc_hd__dlygate4sd3_1)
     1    0.002476    0.050166    0.528592    1.864565 ^ hold140/X (sky130_fd_sc_hd__dlygate4sd3_1)
                                                         net145 (net)
                      0.050166    0.000022    1.864588 ^ _3000_/D (sky130_fd_sc_hd__dfrtp_1)
                                              1.864588   data arrival time

                                  0.000000    0.000000   clock clk (rise edge)
                                  0.000000    0.000000   clock source latency
     1    0.024940    0.117813    0.081389    0.081389 ^ clk (in)
                                                         clk (net)
                      0.117831    0.000000    0.081389 ^ clkbuf_0_clk/A (sky130_fd_sc_hd__clkbuf_16)
    16    0.113144    0.126631    0.222117    0.303506 ^ clkbuf_0_clk/X (sky130_fd_sc_hd__clkbuf_16)
                                                         clknet_0_clk (net)
                      0.126655    0.001727    0.305233 ^ clkbuf_4_0_0_clk/A (sky130_fd_sc_hd__clkbuf_8)
    24    0.072074    0.132827    0.224642    0.529875 ^ clkbuf_4_0_0_clk/X (sky130_fd_sc_hd__clkbuf_8)
                                                         clknet_4_0_0_clk (net)
                      0.132882    0.002538    0.532413 ^ _3000_/CLK (sky130_fd_sc_hd__dfrtp_1)
                                  0.500000    1.032413   clock uncertainty
                                  0.000000    1.032413   clock reconvergence pessimism
                                 -0.023827    1.008586   library hold time
                                              1.008586   data required time
---------------------------------------------------------------------------------------------
                                              1.008586   data required time
                                             -1.864588   data arrival time
---------------------------------------------------------------------------------------------
                                              0.856002   slack (MET)


Startpoint: _3149_ (rising edge-triggered flip-flop clocked by clk)
Endpoint: _3163_ (rising edge-triggered flip-flop clocked by clk)
Path Group: clk
Path Type: min

Fanout         Cap        Slew       Delay        Time   Description
---------------------------------------------------------------------------------------------
                                  0.000000    0.000000   clock clk (rise edge)
                                  0.000000    0.000000   clock source latency
     1    0.024940    0.117813    0.081389    0.081389 ^ clk (in)
                                                         clk (net)
                      0.117831    0.000000    0.081389 ^ clkbuf_0_clk/A (sky130_fd_sc_hd__clkbuf_16)
    16    0.113144    0.126631    0.222117    0.303506 ^ clkbuf_0_clk/X (sky130_fd_sc_hd__clkbuf_16)
                                                         clknet_0_clk (net)
                      0.126656    0.001769    0.305275 ^ clkbuf_4_1_0_clk/A (sky130_fd_sc_hd__clkbuf_8)
    16    0.066697    0.124509    0.218819    0.524094 ^ clkbuf_4_1_0_clk/X (sky130_fd_sc_hd__clkbuf_8)
                                                         clknet_4_1_0_clk (net)
                      0.124517    0.001151    0.525246 ^ _3149_/CLK (sky130_fd_sc_hd__dfrtp_1)
     3    0.008635    0.090097    0.383938    0.909184 ^ _3149_/Q (sky130_fd_sc_hd__dfrtp_1)
                                                         op_reg[1] (net)
                      0.090097    0.000068    0.909252 ^ _1539_/C (sky130_fd_sc_hd__or4b_4)
     5    0.029264    0.094841    0.180003    1.089255 ^ _1539_/X (sky130_fd_sc_hd__or4b_4)
                                                         _1084_ (net)
                      0.094841    0.000175    1.089430 ^ _2788_/B (sky130_fd_sc_hd__nor2_1)
     2    0.007470    0.046918    0.068446    1.157876 v _2788_/Y (sky130_fd_sc_hd__nor2_1)
                                                         _1040_ (net)
                      0.046918    0.000077    1.157952 v _2803_/B (sky130_fd_sc_hd__and2_1)
     1    0.003201    0.035498    0.153194    1.311147 v _2803_/X (sky130_fd_sc_hd__and2_1)
                                                         _0001_ (net)
                      0.035498    0.000046    1.311192 v hold178/A (sky130_fd_sc_hd__dlygate4sd3_1)
     1    0.002846    0.053395    0.544906    1.856099 v hold178/X (sky130_fd_sc_hd__dlygate4sd3_1)
                                                         net183 (net)
                      0.053395    0.000030    1.856129 v _3163_/D (sky130_fd_sc_hd__dfrtp_1)
                                              1.856129   data arrival time

                                  0.000000    0.000000   clock clk (rise edge)
                                  0.000000    0.000000   clock source latency
     1    0.024940    0.117813    0.081389    0.081389 ^ clk (in)
                                                         clk (net)
                      0.117831    0.000000    0.081389 ^ clkbuf_0_clk/A (sky130_fd_sc_hd__clkbuf_16)
    16    0.113144    0.126631    0.222117    0.303506 ^ clkbuf_0_clk/X (sky130_fd_sc_hd__clkbuf_16)
                                                         clknet_0_clk (net)
                      0.126656    0.001769    0.305275 ^ clkbuf_4_1_0_clk/A (sky130_fd_sc_hd__clkbuf_8)
    16    0.066697    0.124509    0.218819    0.524094 ^ clkbuf_4_1_0_clk/X (sky130_fd_sc_hd__clkbuf_8)
                                                         clknet_4_1_0_clk (net)
                      0.124509    0.000396    0.524490 ^ _3163_/CLK (sky130_fd_sc_hd__dfrtp_1)
                                  0.500000    1.024490   clock uncertainty
                                  0.000000    1.024490   clock reconvergence pessimism
                                 -0.031053    0.993437   library hold time
                                              0.993437   data required time
---------------------------------------------------------------------------------------------
                                              0.993437   data required time
                                             -1.856129   data arrival time
---------------------------------------------------------------------------------------------
                                              0.862692   slack (MET)


Startpoint: _3086_ (rising edge-triggered flip-flop clocked by clk)
Endpoint: _3134_ (rising edge-triggered flip-flop clocked by clk)
Path Group: clk
Path Type: min

Fanout         Cap        Slew       Delay        Time   Description
---------------------------------------------------------------------------------------------
                                  0.000000    0.000000   clock clk (rise edge)
                                  0.000000    0.000000   clock source latency
     1    0.024940    0.117813    0.081389    0.081389 ^ clk (in)
                                                         clk (net)
                      0.117831    0.000000    0.081389 ^ clkbuf_0_clk/A (sky130_fd_sc_hd__clkbuf_16)
    16    0.113144    0.126631    0.222117    0.303506 ^ clkbuf_0_clk/X (sky130_fd_sc_hd__clkbuf_16)
                                                         clknet_0_clk (net)
                      0.126634    0.000903    0.304410 ^ clkbuf_4_6_0_clk/A (sky130_fd_sc_hd__clkbuf_8)
    12    0.055843    0.107139    0.205869    0.510279 ^ clkbuf_4_6_0_clk/X (sky130_fd_sc_hd__clkbuf_8)
                                                         clknet_4_6_0_clk (net)
                      0.107140    0.000570    0.510849 ^ _3086_/CLK (sky130_fd_sc_hd__dfrtp_4)
     9    0.050044    0.165821    0.524047    1.034896 ^ _3086_/Q (sky130_fd_sc_hd__dfrtp_4)
                                                         acc_reg[7] (net)
                      0.165821    0.000180    1.035076 ^ _2055_/B2 (sky130_fd_sc_hd__a221o_1)
     1    0.003814    0.052298    0.168504    1.203580 ^ _2055_/X (sky130_fd_sc_hd__a221o_1)
                                                         _0457_ (net)
                      0.052298    0.000051    1.203631 ^ _2056_/B2 (sky130_fd_sc_hd__o22a_1)
     1    0.002570    0.039474    0.108770    1.312401 ^ _2056_/X (sky130_fd_sc_hd__o22a_1)
                                                         _0230_ (net)
                      0.039474    0.000028    1.312429 ^ hold47/A (sky130_fd_sc_hd__dlygate4sd3_1)
     1    0.003372    0.057968    0.538444    1.850872 ^ hold47/X (sky130_fd_sc_hd__dlygate4sd3_1)
                                                         net52 (net)
                      0.057968    0.000030    1.850902 ^ _3134_/D (sky130_fd_sc_hd__dfrtp_1)
                                              1.850902   data arrival time

                                  0.000000    0.000000   clock clk (rise edge)
                                  0.000000    0.000000   clock source latency
     1    0.024940    0.117813    0.081389    0.081389 ^ clk (in)
                                                         clk (net)
                      0.117831    0.000000    0.081389 ^ clkbuf_0_clk/A (sky130_fd_sc_hd__clkbuf_16)
    16    0.113144    0.126631    0.222117    0.303506 ^ clkbuf_0_clk/X (sky130_fd_sc_hd__clkbuf_16)
                                                         clknet_0_clk (net)
                      0.126634    0.000903    0.304410 ^ clkbuf_4_6_0_clk/A (sky130_fd_sc_hd__clkbuf_8)
    12    0.055843    0.107139    0.205869    0.510279 ^ clkbuf_4_6_0_clk/X (sky130_fd_sc_hd__clkbuf_8)
                                                         clknet_4_6_0_clk (net)
                      0.107140    0.000594    0.510873 ^ _3134_/CLK (sky130_fd_sc_hd__dfrtp_1)
                                  0.500000    1.010873   clock uncertainty
                                  0.000000    1.010873   clock reconvergence pessimism
                                 -0.028971    0.981902   library hold time
                                              0.981902   data required time
---------------------------------------------------------------------------------------------
                                              0.981902   data required time
                                             -1.850902   data arrival time
---------------------------------------------------------------------------------------------
                                              0.869000   slack (MET)


Startpoint: _3083_ (rising edge-triggered flip-flop clocked by clk)
Endpoint: _3005_ (rising edge-triggered flip-flop clocked by clk)
Path Group: clk
Path Type: min

Fanout         Cap        Slew       Delay        Time   Description
---------------------------------------------------------------------------------------------
                                  0.000000    0.000000   clock clk (rise edge)
                                  0.000000    0.000000   clock source latency
     1    0.024940    0.117813    0.081389    0.081389 ^ clk (in)
                                                         clk (net)
                      0.117831    0.000000    0.081389 ^ clkbuf_0_clk/A (sky130_fd_sc_hd__clkbuf_16)
    16    0.113144    0.126631    0.222117    0.303506 ^ clkbuf_0_clk/X (sky130_fd_sc_hd__clkbuf_16)
                                                         clknet_0_clk (net)
                      0.126637    0.001064    0.304570 ^ clkbuf_4_5_0_clk/A (sky130_fd_sc_hd__clkbuf_8)
    10    0.060713    0.114917    0.211687    0.516257 ^ clkbuf_4_5_0_clk/X (sky130_fd_sc_hd__clkbuf_8)
                                                         clknet_4_5_0_clk (net)
                      0.114924    0.001051    0.517308 ^ _3083_/CLK (sky130_fd_sc_hd__dfrtp_4)
    23    0.112865    0.325411    0.647768    1.165076 ^ _3083_/Q (sky130_fd_sc_hd__dfrtp_4)
                                                         acc_reg[4] (net)
                      0.325420    0.002212    1.167288 ^ _2751_/A1 (sky130_fd_sc_hd__a31o_1)
     1    0.002207    0.035449    0.183135    1.350423 ^ _2751_/X (sky130_fd_sc_hd__a31o_1)
                                                         _0264_ (net)
                      0.035449    0.000021    1.350444 ^ hold285/A (sky130_fd_sc_hd__dlygate4sd3_1)
     1    0.002375    0.049338    0.527750    1.878194 ^ hold285/X (sky130_fd_sc_hd__dlygate4sd3_1)
                                                         net290 (net)
                      0.049338    0.000021    1.878214 ^ _3005_/D (sky130_fd_sc_hd__dfrtp_1)
                                              1.878214   data arrival time

                                  0.000000    0.000000   clock clk (rise edge)
                                  0.000000    0.000000   clock source latency
     1    0.024940    0.117813    0.081389    0.081389 ^ clk (in)
                                                         clk (net)
                      0.117831    0.000000    0.081389 ^ clkbuf_0_clk/A (sky130_fd_sc_hd__clkbuf_16)
    16    0.113144    0.126631    0.222117    0.303506 ^ clkbuf_0_clk/X (sky130_fd_sc_hd__clkbuf_16)
                                                         clknet_0_clk (net)
                      0.126648    0.001518    0.305024 ^ clkbuf_4_2_0_clk/A (sky130_fd_sc_hd__clkbuf_8)
    18    0.068234    0.127061    0.220356    0.525380 ^ clkbuf_4_2_0_clk/X (sky130_fd_sc_hd__clkbuf_8)
                                                         clknet_4_2_0_clk (net)
                      0.127104    0.002252    0.527631 ^ _3005_/CLK (sky130_fd_sc_hd__dfrtp_1)
                                  0.500000    1.027631   clock uncertainty
                                  0.000000    1.027631   clock reconvergence pessimism
                                 -0.024445    1.003186   library hold time
                                              1.003186   data required time
---------------------------------------------------------------------------------------------
                                              1.003186   data required time
                                             -1.878214   data arrival time
---------------------------------------------------------------------------------------------
                                              0.875028   slack (MET)


Startpoint: _3160_ (rising edge-triggered flip-flop clocked by clk)
Endpoint: _3159_ (rising edge-triggered flip-flop clocked by clk)
Path Group: clk
Path Type: min

Fanout         Cap        Slew       Delay        Time   Description
---------------------------------------------------------------------------------------------
                                  0.000000    0.000000   clock clk (rise edge)
                                  0.000000    0.000000   clock source latency
     1    0.024940    0.117813    0.081389    0.081389 ^ clk (in)
                                                         clk (net)
                      0.117831    0.000000    0.081389 ^ clkbuf_0_clk/A (sky130_fd_sc_hd__clkbuf_16)
    16    0.113144    0.126631    0.222117    0.303506 ^ clkbuf_0_clk/X (sky130_fd_sc_hd__clkbuf_16)
                                                         clknet_0_clk (net)
                      0.126645    0.001407    0.304913 ^ clkbuf_4_3_0_clk/A (sky130_fd_sc_hd__clkbuf_8)
    11    0.057380    0.109561    0.207812    0.512725 ^ clkbuf_4_3_0_clk/X (sky130_fd_sc_hd__clkbuf_8)
                                                         clknet_4_3_0_clk (net)
                      0.109561    0.000327    0.513052 ^ _3160_/CLK (sky130_fd_sc_hd__dfrtp_4)
    11    0.064387    0.132747    0.589974    1.103026 v _3160_/Q (sky130_fd_sc_hd__dfrtp_4)
                                                         my_sum_sub.state[2] (net)
                      0.132981    0.004597    1.107623 v hold277/A (sky130_fd_sc_hd__dlygate4sd3_1)
     3    0.033003    0.184108    0.730932    1.838555 v hold277/X (sky130_fd_sc_hd__dlygate4sd3_1)
                                                         net282 (net)
                      0.184108    0.000656    1.839211 v _3159_/D (sky130_fd_sc_hd__dfrtp_4)
                                              1.839211   data arrival time

                                  0.000000    0.000000   clock clk (rise edge)
                                  0.000000    0.000000   clock source latency
     1    0.024940    0.117813    0.081389    0.081389 ^ clk (in)
                                                         clk (net)
                      0.117831    0.000000    0.081389 ^ clkbuf_0_clk/A (sky130_fd_sc_hd__clkbuf_16)
    16    0.113144    0.126631    0.222117    0.303506 ^ clkbuf_0_clk/X (sky130_fd_sc_hd__clkbuf_16)
                                                         clknet_0_clk (net)
                      0.126664    0.001984    0.305490 ^ clkbuf_4_14_0_clk/A (sky130_fd_sc_hd__clkbuf_8)
    11    0.066474    0.124057    0.218860    0.524350 ^ clkbuf_4_14_0_clk/X (sky130_fd_sc_hd__clkbuf_8)
                                                         clknet_4_14_0_clk (net)
                      0.124057    0.000140    0.524491 ^ _3159_/CLK (sky130_fd_sc_hd__dfrtp_4)
                                  0.500000    1.024491   clock uncertainty
                                  0.000000    1.024491   clock reconvergence pessimism
                                 -0.080325    0.944166   library hold time
                                              0.944166   data required time
---------------------------------------------------------------------------------------------
                                              0.944166   data required time
                                             -1.839211   data arrival time
---------------------------------------------------------------------------------------------
                                              0.895045   slack (MET)


Startpoint: _3101_ (rising edge-triggered flip-flop clocked by clk)
Endpoint: _3101_ (rising edge-triggered flip-flop clocked by clk)
Path Group: clk
Path Type: min

Fanout         Cap        Slew       Delay        Time   Description
---------------------------------------------------------------------------------------------
                                  0.000000    0.000000   clock clk (rise edge)
                                  0.000000    0.000000   clock source latency
     1    0.024940    0.117813    0.081389    0.081389 ^ clk (in)
                                                         clk (net)
                      0.117831    0.000000    0.081389 ^ clkbuf_0_clk/A (sky130_fd_sc_hd__clkbuf_16)
    16    0.113144    0.126631    0.222117    0.303506 ^ clkbuf_0_clk/X (sky130_fd_sc_hd__clkbuf_16)
                                                         clknet_0_clk (net)
                      0.126655    0.001727    0.305233 ^ clkbuf_4_0_0_clk/A (sky130_fd_sc_hd__clkbuf_8)
    24    0.072074    0.132827    0.224642    0.529875 ^ clkbuf_4_0_0_clk/X (sky130_fd_sc_hd__clkbuf_8)
                                                         clknet_4_0_0_clk (net)
                      0.132845    0.001607    0.531483 ^ _3101_/CLK (sky130_fd_sc_hd__dfrtp_4)
    23    0.118137    0.339290    0.663564    1.195047 ^ _3101_/Q (sky130_fd_sc_hd__dfrtp_4)
                                                         my_mul.x2[6] (net)
                      0.339290    0.000451    1.195498 ^ _2133_/A1 (sky130_fd_sc_hd__mux2_1)
     1    0.001829    0.035154    0.181661    1.377159 ^ _2133_/X (sky130_fd_sc_hd__mux2_1)
                                                         _0197_ (net)
                      0.035154    0.000007    1.377166 ^ hold235/A (sky130_fd_sc_hd__dlygate4sd3_1)
     1    0.002415    0.049656    0.528022    1.905188 ^ hold235/X (sky130_fd_sc_hd__dlygate4sd3_1)
                                                         net240 (net)
                      0.049656    0.000021    1.905209 ^ _3101_/D (sky130_fd_sc_hd__dfrtp_4)
                                              1.905209   data arrival time

                                  0.000000    0.000000   clock clk (rise edge)
                                  0.000000    0.000000   clock source latency
     1    0.024940    0.117813    0.081389    0.081389 ^ clk (in)
                                                         clk (net)
                      0.117831    0.000000    0.081389 ^ clkbuf_0_clk/A (sky130_fd_sc_hd__clkbuf_16)
    16    0.113144    0.126631    0.222117    0.303506 ^ clkbuf_0_clk/X (sky130_fd_sc_hd__clkbuf_16)
                                                         clknet_0_clk (net)
                      0.126655    0.001727    0.305233 ^ clkbuf_4_0_0_clk/A (sky130_fd_sc_hd__clkbuf_8)
    24    0.072074    0.132827    0.224642    0.529875 ^ clkbuf_4_0_0_clk/X (sky130_fd_sc_hd__clkbuf_8)
                                                         clknet_4_0_0_clk (net)
                      0.132845    0.001607    0.531483 ^ _3101_/CLK (sky130_fd_sc_hd__dfrtp_4)
                                  0.500000    1.031482   clock uncertainty
                                  0.000000    1.031482   clock reconvergence pessimism
                                 -0.023726    1.007756   library hold time
                                              1.007756   data required time
---------------------------------------------------------------------------------------------
                                              1.007756   data required time
                                             -1.905209   data arrival time
---------------------------------------------------------------------------------------------
                                              0.897452   slack (MET)


Startpoint: _3079_ (rising edge-triggered flip-flop clocked by clk)
Endpoint: _3127_ (rising edge-triggered flip-flop clocked by clk)
Path Group: clk
Path Type: min

Fanout         Cap        Slew       Delay        Time   Description
---------------------------------------------------------------------------------------------
                                  0.000000    0.000000   clock clk (rise edge)
                                  0.000000    0.000000   clock source latency
     1    0.024940    0.117813    0.081389    0.081389 ^ clk (in)
                                                         clk (net)
                      0.117831    0.000000    0.081389 ^ clkbuf_0_clk/A (sky130_fd_sc_hd__clkbuf_16)
    16    0.113144    0.126631    0.222117    0.303506 ^ clkbuf_0_clk/X (sky130_fd_sc_hd__clkbuf_16)
                                                         clknet_0_clk (net)
                      0.126634    0.000903    0.304410 ^ clkbuf_4_6_0_clk/A (sky130_fd_sc_hd__clkbuf_8)
    12    0.055843    0.107139    0.205869    0.510279 ^ clkbuf_4_6_0_clk/X (sky130_fd_sc_hd__clkbuf_8)
                                                         clknet_4_6_0_clk (net)
                      0.107141    0.000694    0.510972 ^ _3079_/CLK (sky130_fd_sc_hd__dfrtp_4)
    17    0.070117    0.213045    0.562843    1.073815 ^ _3079_/Q (sky130_fd_sc_hd__dfrtp_4)
                                                         acc_reg[0] (net)
                      0.213045    0.000810    1.074624 ^ _2102_/B2 (sky130_fd_sc_hd__a221o_1)
     1    0.003196    0.047319    0.174990    1.249615 ^ _2102_/X (sky130_fd_sc_hd__a221o_1)
                                                         _0497_ (net)
                      0.047319    0.000032    1.249647 ^ _2103_/B2 (sky130_fd_sc_hd__o22a_1)
     1    0.001812    0.034393    0.101274    1.350921 ^ _2103_/X (sky130_fd_sc_hd__o22a_1)
                                                         _0223_ (net)
                      0.034393    0.000007    1.350927 ^ hold217/A (sky130_fd_sc_hd__dlygate4sd3_1)
     1    0.002834    0.053210    0.531714    1.882641 ^ hold217/X (sky130_fd_sc_hd__dlygate4sd3_1)
                                                         net222 (net)
                      0.053210    0.000031    1.882672 ^ _3127_/D (sky130_fd_sc_hd__dfrtp_1)
                                              1.882672   data arrival time

                                  0.000000    0.000000   clock clk (rise edge)
                                  0.000000    0.000000   clock source latency
     1    0.024940    0.117813    0.081389    0.081389 ^ clk (in)
                                                         clk (net)
                      0.117831    0.000000    0.081389 ^ clkbuf_0_clk/A (sky130_fd_sc_hd__clkbuf_16)
    16    0.113144    0.126631    0.222117    0.303506 ^ clkbuf_0_clk/X (sky130_fd_sc_hd__clkbuf_16)
                                                         clknet_0_clk (net)
                      0.126634    0.000903    0.304410 ^ clkbuf_4_6_0_clk/A (sky130_fd_sc_hd__clkbuf_8)
    12    0.055843    0.107139    0.205869    0.510279 ^ clkbuf_4_6_0_clk/X (sky130_fd_sc_hd__clkbuf_8)
                                                         clknet_4_6_0_clk (net)
                      0.107141    0.000671    0.510950 ^ _3127_/CLK (sky130_fd_sc_hd__dfrtp_1)
                                  0.500000    1.010950   clock uncertainty
                                  0.000000    1.010950   clock reconvergence pessimism
                                 -0.027981    0.982969   library hold time
                                              0.982969   data required time
---------------------------------------------------------------------------------------------
                                              0.982969   data required time
                                             -1.882672   data arrival time
---------------------------------------------------------------------------------------------
                                              0.899703   slack (MET)


Startpoint: _3101_ (rising edge-triggered flip-flop clocked by clk)
Endpoint: _2995_ (rising edge-triggered flip-flop clocked by clk)
Path Group: clk
Path Type: min

Fanout         Cap        Slew       Delay        Time   Description
---------------------------------------------------------------------------------------------
                                  0.000000    0.000000   clock clk (rise edge)
                                  0.000000    0.000000   clock source latency
     1    0.024940    0.117813    0.081389    0.081389 ^ clk (in)
                                                         clk (net)
                      0.117831    0.000000    0.081389 ^ clkbuf_0_clk/A (sky130_fd_sc_hd__clkbuf_16)
    16    0.113144    0.126631    0.222117    0.303506 ^ clkbuf_0_clk/X (sky130_fd_sc_hd__clkbuf_16)
                                                         clknet_0_clk (net)
                      0.126655    0.001727    0.305233 ^ clkbuf_4_0_0_clk/A (sky130_fd_sc_hd__clkbuf_8)
    24    0.072074    0.132827    0.224642    0.529875 ^ clkbuf_4_0_0_clk/X (sky130_fd_sc_hd__clkbuf_8)
                                                         clknet_4_0_0_clk (net)
                      0.132845    0.001607    0.531483 ^ _3101_/CLK (sky130_fd_sc_hd__dfrtp_4)
    23    0.118137    0.339290    0.663564    1.195047 ^ _3101_/Q (sky130_fd_sc_hd__dfrtp_4)
                                                         my_mul.x2[6] (net)
                      0.339290    0.000949    1.195996 ^ _2779_/A1 (sky130_fd_sc_hd__a31o_1)
     1    0.002225    0.035742    0.184872    1.380868 ^ _2779_/X (sky130_fd_sc_hd__a31o_1)
                                                         _0254_ (net)
                      0.035742    0.000022    1.380890 ^ hold294/A (sky130_fd_sc_hd__dlygate4sd3_1)
     1    0.002303    0.048804    0.527161    1.908051 ^ hold294/X (sky130_fd_sc_hd__dlygate4sd3_1)
                                                         net299 (net)
                      0.048804    0.000020    1.908070 ^ _2995_/D (sky130_fd_sc_hd__dfrtp_1)
                                              1.908070   data arrival time

                                  0.000000    0.000000   clock clk (rise edge)
                                  0.000000    0.000000   clock source latency
     1    0.024940    0.117813    0.081389    0.081389 ^ clk (in)
                                                         clk (net)
                      0.117831    0.000000    0.081389 ^ clkbuf_0_clk/A (sky130_fd_sc_hd__clkbuf_16)
    16    0.113144    0.126631    0.222117    0.303506 ^ clkbuf_0_clk/X (sky130_fd_sc_hd__clkbuf_16)
                                                         clknet_0_clk (net)
                      0.126648    0.001518    0.305024 ^ clkbuf_4_2_0_clk/A (sky130_fd_sc_hd__clkbuf_8)
    18    0.068234    0.127061    0.220356    0.525380 ^ clkbuf_4_2_0_clk/X (sky130_fd_sc_hd__clkbuf_8)
                                                         clknet_4_2_0_clk (net)
                      0.127089    0.001890    0.527269 ^ _2995_/CLK (sky130_fd_sc_hd__dfrtp_1)
                                  0.500000    1.027269   clock uncertainty
                                  0.000000    1.027269   clock reconvergence pessimism
                                 -0.024337    1.002933   library hold time
                                              1.002933   data required time
---------------------------------------------------------------------------------------------
                                              1.002933   data required time
                                             -1.908070   data arrival time
---------------------------------------------------------------------------------------------
                                              0.905138   slack (MET)


Startpoint: _3163_ (rising edge-triggered flip-flop clocked by clk)
Endpoint: _3172_ (rising edge-triggered flip-flop clocked by clk)
Path Group: clk
Path Type: min

Fanout         Cap        Slew       Delay        Time   Description
---------------------------------------------------------------------------------------------
                                  0.000000    0.000000   clock clk (rise edge)
                                  0.000000    0.000000   clock source latency
     1    0.024940    0.117813    0.081389    0.081389 ^ clk (in)
                                                         clk (net)
                      0.117831    0.000000    0.081389 ^ clkbuf_0_clk/A (sky130_fd_sc_hd__clkbuf_16)
    16    0.113144    0.126631    0.222117    0.303506 ^ clkbuf_0_clk/X (sky130_fd_sc_hd__clkbuf_16)
                                                         clknet_0_clk (net)
                      0.126656    0.001769    0.305275 ^ clkbuf_4_1_0_clk/A (sky130_fd_sc_hd__clkbuf_8)
    16    0.066697    0.124509    0.218819    0.524094 ^ clkbuf_4_1_0_clk/X (sky130_fd_sc_hd__clkbuf_8)
                                                         clknet_4_1_0_clk (net)
                      0.124509    0.000396    0.524490 ^ _3163_/CLK (sky130_fd_sc_hd__dfrtp_1)
     1    0.003202    0.048234    0.346813    0.871304 ^ _3163_/Q (sky130_fd_sc_hd__dfrtp_1)
                                                         my_mul.reg1en.d[0] (net)
                      0.048234    0.000044    0.871348 ^ hold311/A (sky130_fd_sc_hd__dlygate4sd3_1)
     1    0.002357    0.049216    0.531736    1.403084 ^ hold311/X (sky130_fd_sc_hd__dlygate4sd3_1)
                                                         net316 (net)
                      0.049216    0.000023    1.403107 ^ hold22/A (sky130_fd_sc_hd__dlygate4sd3_1)
     1    0.002361    0.049245    0.532092    1.935199 ^ hold22/X (sky130_fd_sc_hd__dlygate4sd3_1)
                                                         net27 (net)
                      0.049245    0.000021    1.935220 ^ _3172_/D (sky130_fd_sc_hd__dfrtp_1)
                                              1.935220   data arrival time

                                  0.000000    0.000000   clock clk (rise edge)
                                  0.000000    0.000000   clock source latency
     1    0.024940    0.117813    0.081389    0.081389 ^ clk (in)
                                                         clk (net)
                      0.117831    0.000000    0.081389 ^ clkbuf_0_clk/A (sky130_fd_sc_hd__clkbuf_16)
    16    0.113144    0.126631    0.222117    0.303506 ^ clkbuf_0_clk/X (sky130_fd_sc_hd__clkbuf_16)
                                                         clknet_0_clk (net)
                      0.126655    0.001727    0.305233 ^ clkbuf_4_0_0_clk/A (sky130_fd_sc_hd__clkbuf_8)
    24    0.072074    0.132827    0.224642    0.529875 ^ clkbuf_4_0_0_clk/X (sky130_fd_sc_hd__clkbuf_8)
                                                         clknet_4_0_0_clk (net)
                      0.132837    0.001267    0.531142 ^ _3172_/CLK (sky130_fd_sc_hd__dfrtp_1)
                                  0.500000    1.031142   clock uncertainty
                                  0.000000    1.031142   clock reconvergence pessimism
                                 -0.023642    1.007500   library hold time
                                              1.007500   data required time
---------------------------------------------------------------------------------------------
                                              1.007500   data required time
                                             -1.935220   data arrival time
---------------------------------------------------------------------------------------------
                                              0.927720   slack (MET)


Startpoint: _3080_ (rising edge-triggered flip-flop clocked by clk)
Endpoint: _3128_ (rising edge-triggered flip-flop clocked by clk)
Path Group: clk
Path Type: min

Fanout         Cap        Slew       Delay        Time   Description
---------------------------------------------------------------------------------------------
                                  0.000000    0.000000   clock clk (rise edge)
                                  0.000000    0.000000   clock source latency
     1    0.024940    0.117813    0.081389    0.081389 ^ clk (in)
                                                         clk (net)
                      0.117831    0.000000    0.081389 ^ clkbuf_0_clk/A (sky130_fd_sc_hd__clkbuf_16)
    16    0.113144    0.126631    0.222117    0.303506 ^ clkbuf_0_clk/X (sky130_fd_sc_hd__clkbuf_16)
                                                         clknet_0_clk (net)
                      0.126634    0.000903    0.304410 ^ clkbuf_4_6_0_clk/A (sky130_fd_sc_hd__clkbuf_8)
    12    0.055843    0.107139    0.205869    0.510279 ^ clkbuf_4_6_0_clk/X (sky130_fd_sc_hd__clkbuf_8)
                                                         clknet_4_6_0_clk (net)
                      0.107144    0.000873    0.511151 ^ _3080_/CLK (sky130_fd_sc_hd__dfrtp_4)
    20    0.081788    0.244027    0.586066    1.097217 ^ _3080_/Q (sky130_fd_sc_hd__dfrtp_4)
                                                         acc_reg[1] (net)
                      0.244027    0.000379    1.097596 ^ _2096_/B2 (sky130_fd_sc_hd__a221o_1)
     1    0.003465    0.049423    0.184566    1.282163 ^ _2096_/X (sky130_fd_sc_hd__a221o_1)
                                                         _0492_ (net)
                      0.049423    0.000039    1.282202 ^ _2097_/B2 (sky130_fd_sc_hd__o22a_1)
     1    0.001835    0.034588    0.102154    1.384356 ^ _2097_/X (sky130_fd_sc_hd__o22a_1)
                                                         _0224_ (net)
                      0.034588    0.000007    1.384362 ^ hold45/A (sky130_fd_sc_hd__dlygate4sd3_1)
     1    0.002644    0.051588    0.529998    1.914360 ^ hold45/X (sky130_fd_sc_hd__dlygate4sd3_1)
                                                         net50 (net)
                      0.051588    0.000025    1.914385 ^ _3128_/D (sky130_fd_sc_hd__dfrtp_1)
                                              1.914385   data arrival time

                                  0.000000    0.000000   clock clk (rise edge)
                                  0.000000    0.000000   clock source latency
     1    0.024940    0.117813    0.081389    0.081389 ^ clk (in)
                                                         clk (net)
                      0.117831    0.000000    0.081389 ^ clkbuf_0_clk/A (sky130_fd_sc_hd__clkbuf_16)
    16    0.113144    0.126631    0.222117    0.303506 ^ clkbuf_0_clk/X (sky130_fd_sc_hd__clkbuf_16)
                                                         clknet_0_clk (net)
                      0.126634    0.000903    0.304410 ^ clkbuf_4_6_0_clk/A (sky130_fd_sc_hd__clkbuf_8)
    12    0.055843    0.107139    0.205869    0.510279 ^ clkbuf_4_6_0_clk/X (sky130_fd_sc_hd__clkbuf_8)
                                                         clknet_4_6_0_clk (net)
                      0.107143    0.000803    0.511082 ^ _3128_/CLK (sky130_fd_sc_hd__dfrtp_1)
                                  0.500000    1.011082   clock uncertainty
                                  0.000000    1.011082   clock reconvergence pessimism
                                 -0.027643    0.983439   library hold time
                                              0.983439   data required time
---------------------------------------------------------------------------------------------
                                              0.983439   data required time
                                             -1.914385   data arrival time
---------------------------------------------------------------------------------------------
                                              0.930946   slack (MET)


Startpoint: _3169_ (rising edge-triggered flip-flop clocked by clk)
Endpoint: _3170_ (rising edge-triggered flip-flop clocked by clk)
Path Group: clk
Path Type: min

Fanout         Cap        Slew       Delay        Time   Description
---------------------------------------------------------------------------------------------
                                  0.000000    0.000000   clock clk (rise edge)
                                  0.000000    0.000000   clock source latency
     1    0.024940    0.117813    0.081389    0.081389 ^ clk (in)
                                                         clk (net)
                      0.117831    0.000000    0.081389 ^ clkbuf_0_clk/A (sky130_fd_sc_hd__clkbuf_16)
    16    0.113144    0.126631    0.222117    0.303506 ^ clkbuf_0_clk/X (sky130_fd_sc_hd__clkbuf_16)
                                                         clknet_0_clk (net)
                      0.126656    0.001769    0.305275 ^ clkbuf_4_1_0_clk/A (sky130_fd_sc_hd__clkbuf_8)
    16    0.066697    0.124509    0.218819    0.524094 ^ clkbuf_4_1_0_clk/X (sky130_fd_sc_hd__clkbuf_8)
                                                         clknet_4_1_0_clk (net)
                      0.124534    0.001757    0.525851 ^ _3169_/CLK (sky130_fd_sc_hd__dfrtp_1)
     1    0.002039    0.039310    0.337188    0.863039 ^ _3169_/Q (sky130_fd_sc_hd__dfrtp_1)
                                                         mosi_s0 (net)
                      0.039310    0.000018    0.863057 ^ hold313/A (sky130_fd_sc_hd__dlygate4sd3_1)
     1    0.003144    0.055922    0.536239    1.399296 ^ hold313/X (sky130_fd_sc_hd__dlygate4sd3_1)
                                                         net318 (net)
                      0.055922    0.000046    1.399341 ^ hold23/A (sky130_fd_sc_hd__dlygate4sd3_1)
     1    0.002267    0.048563    0.533280    1.932621 ^ hold23/X (sky130_fd_sc_hd__dlygate4sd3_1)
                                                         net28 (net)
                      0.048563    0.000019    1.932641 ^ _3170_/D (sky130_fd_sc_hd__dfrtp_1)
                                              1.932641   data arrival time

                                  0.000000    0.000000   clock clk (rise edge)
                                  0.000000    0.000000   clock source latency
     1    0.024940    0.117813    0.081389    0.081389 ^ clk (in)
                                                         clk (net)
                      0.117831    0.000000    0.081389 ^ clkbuf_0_clk/A (sky130_fd_sc_hd__clkbuf_16)
    16    0.113144    0.126631    0.222117    0.303506 ^ clkbuf_0_clk/X (sky130_fd_sc_hd__clkbuf_16)
                                                         clknet_0_clk (net)
                      0.126656    0.001769    0.305275 ^ clkbuf_4_1_0_clk/A (sky130_fd_sc_hd__clkbuf_8)
    16    0.066697    0.124509    0.218819    0.524094 ^ clkbuf_4_1_0_clk/X (sky130_fd_sc_hd__clkbuf_8)
                                                         clknet_4_1_0_clk (net)
                      0.124525    0.001463    0.525557 ^ _3170_/CLK (sky130_fd_sc_hd__dfrtp_1)
                                  0.500000    1.025557   clock uncertainty
                                  0.000000    1.025557   clock reconvergence pessimism
                                 -0.024637    1.000920   library hold time
                                              1.000920   data required time
---------------------------------------------------------------------------------------------
                                              1.000920   data required time
                                             -1.932641   data arrival time
---------------------------------------------------------------------------------------------
                                              0.931721   slack (MET)


Startpoint: _3085_ (rising edge-triggered flip-flop clocked by clk)
Endpoint: _3133_ (rising edge-triggered flip-flop clocked by clk)
Path Group: clk
Path Type: min

Fanout         Cap        Slew       Delay        Time   Description
---------------------------------------------------------------------------------------------
                                  0.000000    0.000000   clock clk (rise edge)
                                  0.000000    0.000000   clock source latency
     1    0.024940    0.117813    0.081389    0.081389 ^ clk (in)
                                                         clk (net)
                      0.117831    0.000000    0.081389 ^ clkbuf_0_clk/A (sky130_fd_sc_hd__clkbuf_16)
    16    0.113144    0.126631    0.222117    0.303506 ^ clkbuf_0_clk/X (sky130_fd_sc_hd__clkbuf_16)
                                                         clknet_0_clk (net)
                      0.126634    0.000903    0.304410 ^ clkbuf_4_6_0_clk/A (sky130_fd_sc_hd__clkbuf_8)
    12    0.055843    0.107139    0.205869    0.510279 ^ clkbuf_4_6_0_clk/X (sky130_fd_sc_hd__clkbuf_8)
                                                         clknet_4_6_0_clk (net)
                      0.107145    0.000928    0.511206 ^ _3085_/CLK (sky130_fd_sc_hd__dfrtp_4)
    20    0.079915    0.239018    0.583011    1.094217 ^ _3085_/Q (sky130_fd_sc_hd__dfrtp_4)
                                                         acc_reg[6] (net)
                      0.239018    0.000662    1.094879 ^ _2066_/B2 (sky130_fd_sc_hd__a221o_1)
     1    0.003185    0.047236    0.181052    1.275931 ^ _2066_/X (sky130_fd_sc_hd__a221o_1)
                                                         _0467_ (net)
                      0.047236    0.000034    1.275965 ^ _2067_/B2 (sky130_fd_sc_hd__o22a_1)
     1    0.002246    0.036857    0.104577    1.380542 ^ _2067_/X (sky130_fd_sc_hd__o22a_1)
                                                         _0229_ (net)
                      0.036857    0.000021    1.380563 ^ hold58/A (sky130_fd_sc_hd__dlygate4sd3_1)
     1    0.003023    0.054855    0.534297    1.914860 ^ hold58/X (sky130_fd_sc_hd__dlygate4sd3_1)
                                                         net63 (net)
                      0.054855    0.000034    1.914894 ^ _3133_/D (sky130_fd_sc_hd__dfrtp_1)
                                              1.914894   data arrival time

                                  0.000000    0.000000   clock clk (rise edge)
                                  0.000000    0.000000   clock source latency
     1    0.024940    0.117813    0.081389    0.081389 ^ clk (in)
                                                         clk (net)
                      0.117831    0.000000    0.081389 ^ clkbuf_0_clk/A (sky130_fd_sc_hd__clkbuf_16)
    16    0.113144    0.126631    0.222117    0.303506 ^ clkbuf_0_clk/X (sky130_fd_sc_hd__clkbuf_16)
                                                         clknet_0_clk (net)
                      0.126634    0.000903    0.304410 ^ clkbuf_4_6_0_clk/A (sky130_fd_sc_hd__clkbuf_8)
    12    0.055843    0.107139    0.205869    0.510279 ^ clkbuf_4_6_0_clk/X (sky130_fd_sc_hd__clkbuf_8)
                                                         clknet_4_6_0_clk (net)
                      0.107139    0.000490    0.510769 ^ _3133_/CLK (sky130_fd_sc_hd__dfrtp_1)
                                  0.500000    1.010769   clock uncertainty
                                  0.000000    1.010769   clock reconvergence pessimism
                                 -0.028323    0.982446   library hold time
                                              0.982446   data required time
---------------------------------------------------------------------------------------------
                                              0.982446   data required time
                                             -1.914894   data arrival time
---------------------------------------------------------------------------------------------
                                              0.932449   slack (MET)


Startpoint: _2998_ (rising edge-triggered flip-flop clocked by clk)
Endpoint: _3156_ (rising edge-triggered flip-flop clocked by clk)
Path Group: clk
Path Type: min

Fanout         Cap        Slew       Delay        Time   Description
---------------------------------------------------------------------------------------------
                                  0.000000    0.000000   clock clk (rise edge)
                                  0.000000    0.000000   clock source latency
     1    0.024940    0.117813    0.081389    0.081389 ^ clk (in)
                                                         clk (net)
                      0.117831    0.000000    0.081389 ^ clkbuf_0_clk/A (sky130_fd_sc_hd__clkbuf_16)
    16    0.113144    0.126631    0.222117    0.303506 ^ clkbuf_0_clk/X (sky130_fd_sc_hd__clkbuf_16)
                                                         clknet_0_clk (net)
                      0.126655    0.001727    0.305233 ^ clkbuf_4_0_0_clk/A (sky130_fd_sc_hd__clkbuf_8)
    24    0.072074    0.132827    0.224642    0.529875 ^ clkbuf_4_0_0_clk/X (sky130_fd_sc_hd__clkbuf_8)
                                                         clknet_4_0_0_clk (net)
                      0.132848    0.001708    0.531583 ^ _2998_/CLK (sky130_fd_sc_hd__dfrtp_1)
     2    0.006616    0.074355    0.372905    0.904488 ^ _2998_/Q (sky130_fd_sc_hd__dfrtp_1)
                                                         my_divider.counter[1] (net)
                      0.074355    0.000076    0.904564 ^ _1548_/B (sky130_fd_sc_hd__or4b_1)
     3    0.015184    0.144857    0.187662    1.092226 ^ _1548_/X (sky130_fd_sc_hd__or4b_1)
                                                         _1093_ (net)
                      0.144857    0.000460    1.092686 ^ _1549_/C (sky130_fd_sc_hd__and3_1)
     2    0.006670    0.082745    0.198098    1.290784 ^ _1549_/X (sky130_fd_sc_hd__and3_1)
                                                         _1094_ (net)
                      0.082745    0.000026    1.290810 ^ _2797_/A3 (sky130_fd_sc_hd__o31a_1)
     1    0.002904    0.045471    0.118527    1.409337 ^ _2797_/X (sky130_fd_sc_hd__o31a_1)
                                                         _0009_ (net)
                      0.045471    0.000024    1.409361 ^ hold198/A (sky130_fd_sc_hd__dlygate4sd3_1)
     1    0.002334    0.049044    0.530619    1.939980 ^ hold198/X (sky130_fd_sc_hd__dlygate4sd3_1)
                                                         net203 (net)
                      0.049044    0.000020    1.940000 ^ _3156_/D (sky130_fd_sc_hd__dfrtp_4)
                                              1.940000   data arrival time

                                  0.000000    0.000000   clock clk (rise edge)
                                  0.000000    0.000000   clock source latency
     1    0.024940    0.117813    0.081389    0.081389 ^ clk (in)
                                                         clk (net)
                      0.117831    0.000000    0.081389 ^ clkbuf_0_clk/A (sky130_fd_sc_hd__clkbuf_16)
    16    0.113144    0.126631    0.222117    0.303506 ^ clkbuf_0_clk/X (sky130_fd_sc_hd__clkbuf_16)
                                                         clknet_0_clk (net)
                      0.126656    0.001769    0.305275 ^ clkbuf_4_1_0_clk/A (sky130_fd_sc_hd__clkbuf_8)
    16    0.066697    0.124509    0.218819    0.524094 ^ clkbuf_4_1_0_clk/X (sky130_fd_sc_hd__clkbuf_8)
                                                         clknet_4_1_0_clk (net)
                      0.124509    0.000360    0.524455 ^ _3156_/CLK (sky130_fd_sc_hd__dfrtp_4)
                                  0.500000    1.024455   clock uncertainty
                                  0.000000    1.024455   clock reconvergence pessimism
                                 -0.024739    0.999715   library hold time
                                              0.999715   data required time
---------------------------------------------------------------------------------------------
                                              0.999715   data required time
                                             -1.940000   data arrival time
---------------------------------------------------------------------------------------------
                                              0.940284   slack (MET)


Startpoint: _3047_ (rising edge-triggered flip-flop clocked by clk)
Endpoint: _3066_ (rising edge-triggered flip-flop clocked by clk)
Path Group: clk
Path Type: min

Fanout         Cap        Slew       Delay        Time   Description
---------------------------------------------------------------------------------------------
                                  0.000000    0.000000   clock clk (rise edge)
                                  0.000000    0.000000   clock source latency
     1    0.024940    0.117813    0.081389    0.081389 ^ clk (in)
                                                         clk (net)
                      0.117831    0.000000    0.081389 ^ clkbuf_0_clk/A (sky130_fd_sc_hd__clkbuf_16)
    16    0.113144    0.126631    0.222117    0.303506 ^ clkbuf_0_clk/X (sky130_fd_sc_hd__clkbuf_16)
                                                         clknet_0_clk (net)
                      0.126666    0.002024    0.305530 ^ clkbuf_4_15_0_clk/A (sky130_fd_sc_hd__clkbuf_8)
    13    0.062000    0.117026    0.213087    0.518618 ^ clkbuf_4_15_0_clk/X (sky130_fd_sc_hd__clkbuf_8)
                                                         clknet_4_15_0_clk (net)
                      0.117033    0.001043    0.519660 ^ _3047_/CLK (sky130_fd_sc_hd__dfrtp_1)
     4    0.010216    0.102047    0.391311    0.910971 ^ _3047_/Q (sky130_fd_sc_hd__dfrtp_1)
                                                         my_sum_sub.al_ma[6] (net)
                      0.102047    0.000201    0.911172 ^ _2177_/B (sky130_fd_sc_hd__and2b_1)
     2    0.004737    0.056899    0.141234    1.052406 ^ _2177_/X (sky130_fd_sc_hd__and2b_1)
                                                         _0512_ (net)
                      0.056899    0.000020    1.052426 ^ _2209_/B (sky130_fd_sc_hd__nor2_1)
     3    0.011678    0.056761    0.069617    1.122043 v _2209_/Y (sky130_fd_sc_hd__nor2_1)
                                                         _0544_ (net)
                      0.056761    0.000122    1.122165 v _2242_/A (sky130_fd_sc_hd__xor2_1)
     1    0.003428    0.107554    0.154725    1.276890 ^ _2242_/X (sky130_fd_sc_hd__xor2_1)
                                                         _0575_ (net)
                      0.107554    0.000048    1.276938 ^ _2243_/A1 (sky130_fd_sc_hd__mux2_1)
     1    0.001829    0.035301    0.130744    1.407682 ^ _2243_/X (sky130_fd_sc_hd__mux2_1)
                                                         _0325_ (net)
                      0.035301    0.000007    1.407689 ^ hold239/A (sky130_fd_sc_hd__dlygate4sd3_1)
     1    0.002494    0.050318    0.528815    1.936504 ^ hold239/X (sky130_fd_sc_hd__dlygate4sd3_1)
                                                         net244 (net)
                      0.050318    0.000023    1.936527 ^ _3066_/D (sky130_fd_sc_hd__dfrtp_2)
                                              1.936527   data arrival time

                                  0.000000    0.000000   clock clk (rise edge)
                                  0.000000    0.000000   clock source latency
     1    0.024940    0.117813    0.081389    0.081389 ^ clk (in)
                                                         clk (net)
                      0.117831    0.000000    0.081389 ^ clkbuf_0_clk/A (sky130_fd_sc_hd__clkbuf_16)
    16    0.113144    0.126631    0.222117    0.303506 ^ clkbuf_0_clk/X (sky130_fd_sc_hd__clkbuf_16)
                                                         clknet_0_clk (net)
                      0.126666    0.002024    0.305530 ^ clkbuf_4_15_0_clk/A (sky130_fd_sc_hd__clkbuf_8)
    13    0.062000    0.117026    0.213087    0.518618 ^ clkbuf_4_15_0_clk/X (sky130_fd_sc_hd__clkbuf_8)
                                                         clknet_4_15_0_clk (net)
                      0.117047    0.001571    0.520188 ^ _3066_/CLK (sky130_fd_sc_hd__dfrtp_2)
                                  0.500000    1.020188   clock uncertainty
                                  0.000000    1.020188   clock reconvergence pessimism
                                 -0.025924    0.994264   library hold time
                                              0.994264   data required time
---------------------------------------------------------------------------------------------
                                              0.994264   data required time
                                             -1.936527   data arrival time
---------------------------------------------------------------------------------------------
                                              0.942262   slack (MET)


Startpoint: _3052_ (rising edge-triggered flip-flop clocked by clk)
Endpoint: _3064_ (rising edge-triggered flip-flop clocked by clk)
Path Group: clk
Path Type: min

Fanout         Cap        Slew       Delay        Time   Description
---------------------------------------------------------------------------------------------
                                  0.000000    0.000000   clock clk (rise edge)
                                  0.000000    0.000000   clock source latency
     1    0.024940    0.117813    0.081389    0.081389 ^ clk (in)
                                                         clk (net)
                      0.117831    0.000000    0.081389 ^ clkbuf_0_clk/A (sky130_fd_sc_hd__clkbuf_16)
    16    0.113144    0.126631    0.222117    0.303506 ^ clkbuf_0_clk/X (sky130_fd_sc_hd__clkbuf_16)
                                                         clknet_0_clk (net)
                      0.126666    0.002022    0.305528 ^ clkbuf_4_13_0_clk/A (sky130_fd_sc_hd__clkbuf_8)
    10    0.061591    0.116305    0.212819    0.518347 ^ clkbuf_4_13_0_clk/X (sky130_fd_sc_hd__clkbuf_8)
                                                         clknet_4_13_0_clk (net)
                      0.116307    0.000740    0.519087 ^ _3052_/CLK (sky130_fd_sc_hd__dfrtp_1)
     2    0.004772    0.060003    0.354978    0.874065 ^ _3052_/Q (sky130_fd_sc_hd__dfrtp_1)
                                                         my_sum_sub.al_mb[3] (net)
                      0.060003    0.000035    0.874100 ^ _2223_/A1 (sky130_fd_sc_hd__a21oi_1)
     2    0.005724    0.046335    0.074638    0.948738 v _2223_/Y (sky130_fd_sc_hd__a21oi_1)
                                                         _0558_ (net)
                      0.046335    0.000060    0.948799 v _2252_/A2_N (sky130_fd_sc_hd__a2bb2o_1)
     1    0.004817    0.062120    0.248420    1.197219 ^ _2252_/X (sky130_fd_sc_hd__a2bb2o_1)
                                                         _0583_ (net)
                      0.062120    0.000021    1.197240 ^ _2253_/B (sky130_fd_sc_hd__xnor2_1)
     1    0.002582    0.047068    0.107550    1.304790 ^ _2253_/Y (sky130_fd_sc_hd__xnor2_1)
                                                         _0584_ (net)
                      0.047068    0.000027    1.304816 ^ _2254_/A1 (sky130_fd_sc_hd__mux2_1)
     1    0.002570    0.039702    0.116068    1.420884 ^ _2254_/X (sky130_fd_sc_hd__mux2_1)
                                                         _0323_ (net)
                      0.039702    0.000026    1.420910 ^ hold260/A (sky130_fd_sc_hd__dlygate4sd3_1)
     1    0.002464    0.050070    0.529964    1.950874 ^ hold260/X (sky130_fd_sc_hd__dlygate4sd3_1)
                                                         net265 (net)
                      0.050070    0.000024    1.950898 ^ _3064_/D (sky130_fd_sc_hd__dfrtp_1)
                                              1.950898   data arrival time

                                  0.000000    0.000000   clock clk (rise edge)
                                  0.000000    0.000000   clock source latency
     1    0.024940    0.117813    0.081389    0.081389 ^ clk (in)
                                                         clk (net)
                      0.117831    0.000000    0.081389 ^ clkbuf_0_clk/A (sky130_fd_sc_hd__clkbuf_16)
    16    0.113144    0.126631    0.222117    0.303506 ^ clkbuf_0_clk/X (sky130_fd_sc_hd__clkbuf_16)
                                                         clknet_0_clk (net)
                      0.126666    0.002022    0.305528 ^ clkbuf_4_13_0_clk/A (sky130_fd_sc_hd__clkbuf_8)
    10    0.061591    0.116305    0.212819    0.518347 ^ clkbuf_4_13_0_clk/X (sky130_fd_sc_hd__clkbuf_8)
                                                         clknet_4_13_0_clk (net)
                      0.116307    0.000737    0.519084 ^ _3064_/CLK (sky130_fd_sc_hd__dfrtp_1)
                                  0.500000    1.019084   clock uncertainty
                                  0.000000    1.019084   clock reconvergence pessimism
                                 -0.026074    0.993010   library hold time
                                              0.993010   data required time
---------------------------------------------------------------------------------------------
                                              0.993010   data required time
                                             -1.950898   data arrival time
---------------------------------------------------------------------------------------------
                                              0.957888   slack (MET)


Startpoint: _3060_ (rising edge-triggered flip-flop clocked by clk)
Endpoint: _3028_ (rising edge-triggered flip-flop clocked by clk)
Path Group: clk
Path Type: min

Fanout         Cap        Slew       Delay        Time   Description
---------------------------------------------------------------------------------------------
                                  0.000000    0.000000   clock clk (rise edge)
                                  0.000000    0.000000   clock source latency
     1    0.024940    0.117813    0.081389    0.081389 ^ clk (in)
                                                         clk (net)
                      0.117831    0.000000    0.081389 ^ clkbuf_0_clk/A (sky130_fd_sc_hd__clkbuf_16)
    16    0.113144    0.126631    0.222117    0.303506 ^ clkbuf_0_clk/X (sky130_fd_sc_hd__clkbuf_16)
                                                         clknet_0_clk (net)
                      0.126664    0.001984    0.305490 ^ clkbuf_4_14_0_clk/A (sky130_fd_sc_hd__clkbuf_8)
    11    0.066474    0.124057    0.218860    0.524350 ^ clkbuf_4_14_0_clk/X (sky130_fd_sc_hd__clkbuf_8)
                                                         clknet_4_14_0_clk (net)
                      0.124057    0.000209    0.524559 ^ _3060_/CLK (sky130_fd_sc_hd__dfrtp_1)
     3    0.009832    0.098910    0.391542    0.916101 ^ _3060_/Q (sky130_fd_sc_hd__dfrtp_1)
                                                         my_sum_sub.cm_mant[0] (net)
                      0.098910    0.000129    0.916230 ^ _2609_/C (sky130_fd_sc_hd__or4_4)
    11    0.040381    0.124690    0.203989    1.120219 ^ _2609_/X (sky130_fd_sc_hd__or4_4)
                                                         _0908_ (net)
                      0.124725    0.002007    1.122227 ^ _2629_/A2 (sky130_fd_sc_hd__o22ai_2)
     3    0.014543    0.079328    0.119927    1.242154 v _2629_/Y (sky130_fd_sc_hd__o22ai_2)
                                                         _0928_ (net)
                      0.079328    0.000377    1.242530 v _2630_/A (sky130_fd_sc_hd__inv_2)
     1    0.007320    0.045275    0.069015    1.311545 ^ _2630_/Y (sky130_fd_sc_hd__inv_2)
                                                         _0929_ (net)
                      0.045275    0.000163    1.311708 ^ _2664_/B1 (sky130_fd_sc_hd__a22o_1)
     1    0.002137    0.037837    0.105491    1.417199 ^ _2664_/X (sky130_fd_sc_hd__a22o_1)
                                                         _0287_ (net)
                      0.037837    0.000019    1.417218 ^ hold146/A (sky130_fd_sc_hd__dlygate4sd3_1)
     1    0.002417    0.049676    0.528914    1.946132 ^ hold146/X (sky130_fd_sc_hd__dlygate4sd3_1)
                                                         net151 (net)
                      0.049676    0.000023    1.946155 ^ _3028_/D (sky130_fd_sc_hd__dfrtp_1)
                                              1.946155   data arrival time

                                  0.000000    0.000000   clock clk (rise edge)
                                  0.000000    0.000000   clock source latency
     1    0.024940    0.117813    0.081389    0.081389 ^ clk (in)
                                                         clk (net)
                      0.117831    0.000000    0.081389 ^ clkbuf_0_clk/A (sky130_fd_sc_hd__clkbuf_16)
    16    0.113144    0.126631    0.222117    0.303506 ^ clkbuf_0_clk/X (sky130_fd_sc_hd__clkbuf_16)
                                                         clknet_0_clk (net)
                      0.126633    0.000821    0.304327 ^ clkbuf_4_9_0_clk/A (sky130_fd_sc_hd__clkbuf_8)
     7    0.057340    0.109519    0.207690    0.512017 ^ clkbuf_4_9_0_clk/X (sky130_fd_sc_hd__clkbuf_8)
                                                         clknet_4_9_0_clk (net)
                      0.109519    0.000328    0.512345 ^ _3028_/CLK (sky130_fd_sc_hd__dfrtp_1)
                                  0.500000    1.012345   clock uncertainty
                                  0.000000    1.012345   clock reconvergence pessimism
                                 -0.026920    0.985424   library hold time
                                              0.985424   data required time
---------------------------------------------------------------------------------------------
                                              0.985424   data required time
                                             -1.946155   data arrival time
---------------------------------------------------------------------------------------------
                                              0.960730   slack (MET)


Startpoint: _3167_ (rising edge-triggered flip-flop clocked by clk)
Endpoint: _3168_ (rising edge-triggered flip-flop clocked by clk)
Path Group: clk
Path Type: min

Fanout         Cap        Slew       Delay        Time   Description
---------------------------------------------------------------------------------------------
                                  0.000000    0.000000   clock clk (rise edge)
                                  0.000000    0.000000   clock source latency
     1    0.024940    0.117813    0.081389    0.081389 ^ clk (in)
                                                         clk (net)
                      0.117831    0.000000    0.081389 ^ clkbuf_0_clk/A (sky130_fd_sc_hd__clkbuf_16)
    16    0.113144    0.126631    0.222117    0.303506 ^ clkbuf_0_clk/X (sky130_fd_sc_hd__clkbuf_16)
                                                         clknet_0_clk (net)
                      0.126655    0.001727    0.305233 ^ clkbuf_4_0_0_clk/A (sky130_fd_sc_hd__clkbuf_8)
    24    0.072074    0.132827    0.224642    0.529875 ^ clkbuf_4_0_0_clk/X (sky130_fd_sc_hd__clkbuf_8)
                                                         clknet_4_0_0_clk (net)
                      0.132993    0.003231    0.533106 ^ _3167_/CLK (sky130_fd_sc_hd__dfstp_1)
     1    0.003333    0.029487    0.381275    0.914382 v _3167_/Q (sky130_fd_sc_hd__dfstp_1)
                                                         ss_s0 (net)
                      0.029487    0.000044    0.914426 v hold310/A (sky130_fd_sc_hd__dlygate4sd3_1)
     1    0.002480    0.051254    0.539235    1.453661 v hold310/X (sky130_fd_sc_hd__dlygate4sd3_1)
                                                         net315 (net)
                      0.051254    0.000028    1.453689 v hold24/A (sky130_fd_sc_hd__dlygate4sd3_1)
     1    0.002533    0.051380    0.548200    2.001890 v hold24/X (sky130_fd_sc_hd__dlygate4sd3_1)
                                                         net29 (net)
                      0.051380    0.000022    2.001911 v _3168_/D (sky130_fd_sc_hd__dfstp_4)
                                              2.001911   data arrival time

                                  0.000000    0.000000   clock clk (rise edge)
                                  0.000000    0.000000   clock source latency
     1    0.024940    0.117813    0.081389    0.081389 ^ clk (in)
                                                         clk (net)
                      0.117831    0.000000    0.081389 ^ clkbuf_0_clk/A (sky130_fd_sc_hd__clkbuf_16)
    16    0.113144    0.126631    0.222117    0.303506 ^ clkbuf_0_clk/X (sky130_fd_sc_hd__clkbuf_16)
                                                         clknet_0_clk (net)
                      0.126655    0.001727    0.305233 ^ clkbuf_4_0_0_clk/A (sky130_fd_sc_hd__clkbuf_8)
    24    0.072074    0.132827    0.224642    0.529875 ^ clkbuf_4_0_0_clk/X (sky130_fd_sc_hd__clkbuf_8)
                                                         clknet_4_0_0_clk (net)
                      0.132994    0.003245    0.533120 ^ _3168_/CLK (sky130_fd_sc_hd__dfstp_4)
                                  0.500000    1.033120   clock uncertainty
                                  0.000000    1.033120   clock reconvergence pessimism
                                  0.007736    1.040857   library hold time
                                              1.040857   data required time
---------------------------------------------------------------------------------------------
                                              1.040857   data required time
                                             -2.001911   data arrival time
---------------------------------------------------------------------------------------------
                                              0.961055   slack (MET)


Startpoint: _3014_ (rising edge-triggered flip-flop clocked by clk)
Endpoint: _3083_ (rising edge-triggered flip-flop clocked by clk)
Path Group: clk
Path Type: min

Fanout         Cap        Slew       Delay        Time   Description
---------------------------------------------------------------------------------------------
                                  0.000000    0.000000   clock clk (rise edge)
                                  0.000000    0.000000   clock source latency
     1    0.024940    0.117813    0.081389    0.081389 ^ clk (in)
                                                         clk (net)
                      0.117831    0.000000    0.081389 ^ clkbuf_0_clk/A (sky130_fd_sc_hd__clkbuf_16)
    16    0.113144    0.126631    0.222117    0.303506 ^ clkbuf_0_clk/X (sky130_fd_sc_hd__clkbuf_16)
                                                         clknet_0_clk (net)
                      0.126648    0.001518    0.305024 ^ clkbuf_4_2_0_clk/A (sky130_fd_sc_hd__clkbuf_8)
    18    0.068234    0.127061    0.220356    0.525380 ^ clkbuf_4_2_0_clk/X (sky130_fd_sc_hd__clkbuf_8)
                                                         clknet_4_2_0_clk (net)
                      0.127102    0.002217    0.527597 ^ _3014_/CLK (sky130_fd_sc_hd__dfrtp_1)
     3    0.010922    0.107802    0.399067    0.926664 ^ _3014_/Q (sky130_fd_sc_hd__dfrtp_1)
                                                         div_quotient[4] (net)
                      0.107802    0.000161    0.926825 ^ _2076_/A1 (sky130_fd_sc_hd__a22o_1)
     1    0.011937    0.124155    0.206312    1.133137 ^ _2076_/X (sky130_fd_sc_hd__a22o_1)
                                                         _0475_ (net)
                      0.124155    0.000538    1.133674 ^ _2077_/A2 (sky130_fd_sc_hd__o21a_1)
     2    0.010016    0.102745    0.169106    1.302780 ^ _2077_/X (sky130_fd_sc_hd__o21a_1)
                                                         _0476_ (net)
                      0.102745    0.000282    1.303062 ^ _2157_/A1 (sky130_fd_sc_hd__mux2_1)
     1    0.002400    0.038302    0.133653    1.436716 ^ _2157_/X (sky130_fd_sc_hd__mux2_1)
                                                         _0342_ (net)
                      0.038302    0.000025    1.436741 ^ hold308/A (sky130_fd_sc_hd__dlygate4sd3_1)
     1    0.002607    0.051275    0.530858    1.967599 ^ hold308/X (sky130_fd_sc_hd__dlygate4sd3_1)
                                                         net313 (net)
                      0.051275    0.000026    1.967625 ^ _3083_/D (sky130_fd_sc_hd__dfrtp_4)
                                              1.967625   data arrival time

                                  0.000000    0.000000   clock clk (rise edge)
                                  0.000000    0.000000   clock source latency
     1    0.024940    0.117813    0.081389    0.081389 ^ clk (in)
                                                         clk (net)
                      0.117831    0.000000    0.081389 ^ clkbuf_0_clk/A (sky130_fd_sc_hd__clkbuf_16)
    16    0.113144    0.126631    0.222117    0.303506 ^ clkbuf_0_clk/X (sky130_fd_sc_hd__clkbuf_16)
                                                         clknet_0_clk (net)
                      0.126637    0.001064    0.304570 ^ clkbuf_4_5_0_clk/A (sky130_fd_sc_hd__clkbuf_8)
    10    0.060713    0.114917    0.211687    0.516257 ^ clkbuf_4_5_0_clk/X (sky130_fd_sc_hd__clkbuf_8)
                                                         clknet_4_5_0_clk (net)
                      0.114924    0.001051    0.517308 ^ _3083_/CLK (sky130_fd_sc_hd__dfrtp_4)
                                  0.500000    1.017308   clock uncertainty
                                  0.000000    1.017308   clock reconvergence pessimism
                                 -0.026514    0.990795   library hold time
                                              0.990795   data required time
---------------------------------------------------------------------------------------------
                                              0.990795   data required time
                                             -1.967625   data arrival time
---------------------------------------------------------------------------------------------
                                              0.976831   slack (MET)


Startpoint: _3156_ (rising edge-triggered flip-flop clocked by clk)
Endpoint: _3091_ (rising edge-triggered flip-flop clocked by clk)
Path Group: clk
Path Type: min

Fanout         Cap        Slew       Delay        Time   Description
---------------------------------------------------------------------------------------------
                                  0.000000    0.000000   clock clk (rise edge)
                                  0.000000    0.000000   clock source latency
     1    0.024940    0.117813    0.081389    0.081389 ^ clk (in)
                                                         clk (net)
                      0.117831    0.000000    0.081389 ^ clkbuf_0_clk/A (sky130_fd_sc_hd__clkbuf_16)
    16    0.113144    0.126631    0.222117    0.303506 ^ clkbuf_0_clk/X (sky130_fd_sc_hd__clkbuf_16)
                                                         clknet_0_clk (net)
                      0.126656    0.001769    0.305275 ^ clkbuf_4_1_0_clk/A (sky130_fd_sc_hd__clkbuf_8)
    16    0.066697    0.124509    0.218819    0.524094 ^ clkbuf_4_1_0_clk/X (sky130_fd_sc_hd__clkbuf_8)
                                                         clknet_4_1_0_clk (net)
                      0.124509    0.000360    0.524455 ^ _3156_/CLK (sky130_fd_sc_hd__dfrtp_4)
    13    0.076476    0.230077    0.582743    1.107197 ^ _3156_/Q (sky130_fd_sc_hd__dfrtp_4)
                                                         state[4] (net)
                      0.230089    0.001891    1.109088 ^ _2019_/C1 (sky130_fd_sc_hd__o211a_1)
     2    0.009190    0.087975    0.221344    1.330433 ^ _2019_/X (sky130_fd_sc_hd__o211a_1)
                                                         _0426_ (net)
                      0.087975    0.000174    1.330607 ^ _2149_/B2 (sky130_fd_sc_hd__o22a_1)
     1    0.002040    0.036579    0.116269    1.446876 ^ _2149_/X (sky130_fd_sc_hd__o22a_1)
                                                         _0350_ (net)
                      0.036579    0.000009    1.446885 ^ hold267/A (sky130_fd_sc_hd__dlygate4sd3_1)
     1    0.002306    0.048828    0.527463    1.974348 ^ hold267/X (sky130_fd_sc_hd__dlygate4sd3_1)
                                                         net272 (net)
                      0.048828    0.000020    1.974367 ^ _3091_/D (sky130_fd_sc_hd__dfrtp_2)
                                              1.974367   data arrival time

                                  0.000000    0.000000   clock clk (rise edge)
                                  0.000000    0.000000   clock source latency
     1    0.024940    0.117813    0.081389    0.081389 ^ clk (in)
                                                         clk (net)
                      0.117831    0.000000    0.081389 ^ clkbuf_0_clk/A (sky130_fd_sc_hd__clkbuf_16)
    16    0.113144    0.126631    0.222117    0.303506 ^ clkbuf_0_clk/X (sky130_fd_sc_hd__clkbuf_16)
                                                         clknet_0_clk (net)
                      0.126633    0.000821    0.304327 ^ clkbuf_4_9_0_clk/A (sky130_fd_sc_hd__clkbuf_8)
     7    0.057340    0.109519    0.207690    0.512017 ^ clkbuf_4_9_0_clk/X (sky130_fd_sc_hd__clkbuf_8)
                                                         clknet_4_9_0_clk (net)
                      0.109525    0.000887    0.512904 ^ _3091_/CLK (sky130_fd_sc_hd__dfrtp_2)
                                  0.500000    1.012904   clock uncertainty
                                  0.000000    1.012904   clock reconvergence pessimism
                                 -0.026647    0.986257   library hold time
                                              0.986257   data required time
---------------------------------------------------------------------------------------------
                                              0.986257   data required time
                                             -1.974367   data arrival time
---------------------------------------------------------------------------------------------
                                              0.988111   slack (MET)


Startpoint: _3082_ (rising edge-triggered flip-flop clocked by clk)
Endpoint: _3130_ (rising edge-triggered flip-flop clocked by clk)
Path Group: clk
Path Type: min

Fanout         Cap        Slew       Delay        Time   Description
---------------------------------------------------------------------------------------------
                                  0.000000    0.000000   clock clk (rise edge)
                                  0.000000    0.000000   clock source latency
     1    0.024940    0.117813    0.081389    0.081389 ^ clk (in)
                                                         clk (net)
                      0.117831    0.000000    0.081389 ^ clkbuf_0_clk/A (sky130_fd_sc_hd__clkbuf_16)
    16    0.113144    0.126631    0.222117    0.303506 ^ clkbuf_0_clk/X (sky130_fd_sc_hd__clkbuf_16)
                                                         clknet_0_clk (net)
                      0.126638    0.001116    0.304622 ^ clkbuf_4_7_0_clk/A (sky130_fd_sc_hd__clkbuf_8)
    17    0.065580    0.122744    0.217395    0.522017 ^ clkbuf_4_7_0_clk/X (sky130_fd_sc_hd__clkbuf_8)
                                                         clknet_4_7_0_clk (net)
                      0.122762    0.001553    0.523569 ^ _3082_/CLK (sky130_fd_sc_hd__dfrtp_4)
    22    0.099391    0.290080    0.625227    1.148796 ^ _3082_/Q (sky130_fd_sc_hd__dfrtp_4)
                                                         acc_reg[3] (net)
                      0.290080    0.000598    1.149394 ^ _2084_/B2 (sky130_fd_sc_hd__a221o_1)
     1    0.003704    0.051383    0.196479    1.345873 ^ _2084_/X (sky130_fd_sc_hd__a221o_1)
                                                         _0482_ (net)
                      0.051383    0.000049    1.345922 ^ _2085_/B2 (sky130_fd_sc_hd__o22a_1)
     1    0.002467    0.038628    0.107669    1.453591 ^ _2085_/X (sky130_fd_sc_hd__o22a_1)
                                                         _0226_ (net)
                      0.038628    0.000026    1.453617 ^ hold50/A (sky130_fd_sc_hd__dlygate4sd3_1)
     1    0.002844    0.053298    0.533191    1.986807 ^ hold50/X (sky130_fd_sc_hd__dlygate4sd3_1)
                                                         net55 (net)
                      0.053298    0.000028    1.986836 ^ _3130_/D (sky130_fd_sc_hd__dfrtp_1)
                                              1.986836   data arrival time

                                  0.000000    0.000000   clock clk (rise edge)
                                  0.000000    0.000000   clock source latency
     1    0.024940    0.117813    0.081389    0.081389 ^ clk (in)
                                                         clk (net)
                      0.117831    0.000000    0.081389 ^ clkbuf_0_clk/A (sky130_fd_sc_hd__clkbuf_16)
    16    0.113144    0.126631    0.222117    0.303506 ^ clkbuf_0_clk/X (sky130_fd_sc_hd__clkbuf_16)
                                                         clknet_0_clk (net)
                      0.126638    0.001116    0.304622 ^ clkbuf_4_7_0_clk/A (sky130_fd_sc_hd__clkbuf_8)
    17    0.065580    0.122744    0.217395    0.522017 ^ clkbuf_4_7_0_clk/X (sky130_fd_sc_hd__clkbuf_8)
                                                         clknet_4_7_0_clk (net)
                      0.122759    0.001439    0.523456 ^ _3130_/CLK (sky130_fd_sc_hd__dfrtp_1)
                                  0.500000    1.023456   clock uncertainty
                                  0.000000    1.023456   clock reconvergence pessimism
                                 -0.025862    0.997594   library hold time
                                              0.997594   data required time
---------------------------------------------------------------------------------------------
                                              0.997594   data required time
                                             -1.986836   data arrival time
---------------------------------------------------------------------------------------------
                                              0.989242   slack (MET)


Startpoint: _3073_ (rising edge-triggered flip-flop clocked by clk)
Endpoint: _3073_ (rising edge-triggered flip-flop clocked by clk)
Path Group: clk
Path Type: min

Fanout         Cap        Slew       Delay        Time   Description
---------------------------------------------------------------------------------------------
                                  0.000000    0.000000   clock clk (rise edge)
                                  0.000000    0.000000   clock source latency
     1    0.024940    0.117813    0.081389    0.081389 ^ clk (in)
                                                         clk (net)
                      0.117831    0.000000    0.081389 ^ clkbuf_0_clk/A (sky130_fd_sc_hd__clkbuf_16)
    16    0.113144    0.126631    0.222117    0.303506 ^ clkbuf_0_clk/X (sky130_fd_sc_hd__clkbuf_16)
                                                         clknet_0_clk (net)
                      0.126640    0.001228    0.304734 ^ clkbuf_4_11_0_clk/A (sky130_fd_sc_hd__clkbuf_8)
    13    0.056438    0.108025    0.206778    0.511512 ^ clkbuf_4_11_0_clk/X (sky130_fd_sc_hd__clkbuf_8)
                                                         clknet_4_11_0_clk (net)
                      0.108025    0.000354    0.511865 ^ _3073_/CLK (sky130_fd_sc_hd__dfrtp_2)
     3    0.008273    0.061338    0.379797    0.891662 ^ _3073_/Q (sky130_fd_sc_hd__dfrtp_2)
                                                         my_sum_sub.cm_exp[3] (net)
                      0.061338    0.000124    0.891786 ^ rebuffer5/A (sky130_fd_sc_hd__dlygate4sd1_1)
     2    0.008455    0.090451    0.231933    1.123720 ^ rebuffer5/X (sky130_fd_sc_hd__dlygate4sd1_1)
                                                         net10 (net)
                      0.090451    0.000124    1.123844 ^ rebuffer6/A (sky130_fd_sc_hd__dlygate4sd1_1)
     1    0.003580    0.046681    0.207608    1.331452 ^ rebuffer6/X (sky130_fd_sc_hd__dlygate4sd1_1)
                                                         net11 (net)
                      0.046681    0.000053    1.331504 ^ _2168_/A0 (sky130_fd_sc_hd__mux2_1)
     1    0.002980    0.042802    0.116439    1.447943 ^ _2168_/X (sky130_fd_sc_hd__mux2_1)
                                                         _0332_ (net)
                      0.042802    0.000040    1.447982 ^ hold123/A (sky130_fd_sc_hd__dlygate4sd3_1)
     1    0.002411    0.049635    0.530478    1.978461 ^ hold123/X (sky130_fd_sc_hd__dlygate4sd3_1)
                                                         net128 (net)
                      0.049635    0.000022    1.978482 ^ _3073_/D (sky130_fd_sc_hd__dfrtp_2)
                                              1.978482   data arrival time

                                  0.000000    0.000000   clock clk (rise edge)
                                  0.000000    0.000000   clock source latency
     1    0.024940    0.117813    0.081389    0.081389 ^ clk (in)
                                                         clk (net)
                      0.117831    0.000000    0.081389 ^ clkbuf_0_clk/A (sky130_fd_sc_hd__clkbuf_16)
    16    0.113144    0.126631    0.222117    0.303506 ^ clkbuf_0_clk/X (sky130_fd_sc_hd__clkbuf_16)
                                                         clknet_0_clk (net)
                      0.126640    0.001228    0.304734 ^ clkbuf_4_11_0_clk/A (sky130_fd_sc_hd__clkbuf_8)
    13    0.056438    0.108025    0.206778    0.511512 ^ clkbuf_4_11_0_clk/X (sky130_fd_sc_hd__clkbuf_8)
                                                         clknet_4_11_0_clk (net)
                      0.108025    0.000354    0.511865 ^ _3073_/CLK (sky130_fd_sc_hd__dfrtp_2)
                                  0.500000    1.011865   clock uncertainty
                                  0.000000    1.011865   clock reconvergence pessimism
                                 -0.027018    0.984848   library hold time
                                              0.984848   data required time
---------------------------------------------------------------------------------------------
                                              0.984848   data required time
                                             -1.978482   data arrival time
---------------------------------------------------------------------------------------------
                                              0.993635   slack (MET)


Startpoint: _3084_ (rising edge-triggered flip-flop clocked by clk)
Endpoint: _3046_ (rising edge-triggered flip-flop clocked by clk)
Path Group: clk
Path Type: min

Fanout         Cap        Slew       Delay        Time   Description
---------------------------------------------------------------------------------------------
                                  0.000000    0.000000   clock clk (rise edge)
                                  0.000000    0.000000   clock source latency
     1    0.024940    0.117813    0.081389    0.081389 ^ clk (in)
                                                         clk (net)
                      0.117831    0.000000    0.081389 ^ clkbuf_0_clk/A (sky130_fd_sc_hd__clkbuf_16)
    16    0.113144    0.126631    0.222117    0.303506 ^ clkbuf_0_clk/X (sky130_fd_sc_hd__clkbuf_16)
                                                         clknet_0_clk (net)
                      0.126638    0.001116    0.304622 ^ clkbuf_4_7_0_clk/A (sky130_fd_sc_hd__clkbuf_8)
    17    0.065580    0.122744    0.217395    0.522017 ^ clkbuf_4_7_0_clk/X (sky130_fd_sc_hd__clkbuf_8)
                                                         clknet_4_7_0_clk (net)
                      0.122746    0.000791    0.522808 ^ _3084_/CLK (sky130_fd_sc_hd__dfrtp_4)
    23    0.099981    0.291769    0.625530    1.148337 ^ _3084_/Q (sky130_fd_sc_hd__dfrtp_4)
                                                         acc_reg[5] (net)
                      0.291980    0.007261    1.155598 ^ _2371_/A (sky130_fd_sc_hd__and3_1)
     1    0.003748    0.059163    0.210498    1.366096 ^ _2371_/X (sky130_fd_sc_hd__and3_1)
                                                         _0684_ (net)
                      0.059163    0.000034    1.366130 ^ _2372_/C1 (sky130_fd_sc_hd__a221o_1)
     1    0.002396    0.038001    0.097549    1.463678 ^ _2372_/X (sky130_fd_sc_hd__a221o_1)
                                                         _0305_ (net)
                      0.038001    0.000023    1.463701 ^ hold207/A (sky130_fd_sc_hd__dlygate4sd3_1)
     1    0.002406    0.049587    0.528867    1.992569 ^ hold207/X (sky130_fd_sc_hd__dlygate4sd3_1)
                                                         net212 (net)
                      0.049587    0.000022    1.992590 ^ _3046_/D (sky130_fd_sc_hd__dfrtp_1)
                                              1.992590   data arrival time

                                  0.000000    0.000000   clock clk (rise edge)
                                  0.000000    0.000000   clock source latency
     1    0.024940    0.117813    0.081389    0.081389 ^ clk (in)
                                                         clk (net)
                      0.117831    0.000000    0.081389 ^ clkbuf_0_clk/A (sky130_fd_sc_hd__clkbuf_16)
    16    0.113144    0.126631    0.222117    0.303506 ^ clkbuf_0_clk/X (sky130_fd_sc_hd__clkbuf_16)
                                                         clknet_0_clk (net)
                      0.126666    0.002024    0.305530 ^ clkbuf_4_15_0_clk/A (sky130_fd_sc_hd__clkbuf_8)
    13    0.062000    0.117026    0.213087    0.518618 ^ clkbuf_4_15_0_clk/X (sky130_fd_sc_hd__clkbuf_8)
                                                         clknet_4_15_0_clk (net)
                      0.117033    0.001022    0.519639 ^ _3046_/CLK (sky130_fd_sc_hd__dfrtp_1)
                                  0.500000    1.019639   clock uncertainty
                                  0.000000    1.019639   clock reconvergence pessimism
                                 -0.025875    0.993765   library hold time
                                              0.993765   data required time
---------------------------------------------------------------------------------------------
                                              0.993765   data required time
                                             -1.992590   data arrival time
---------------------------------------------------------------------------------------------
                                              0.998825   slack (MET)


Startpoint: _3049_ (rising edge-triggered flip-flop clocked by clk)
Endpoint: _3061_ (rising edge-triggered flip-flop clocked by clk)
Path Group: clk
Path Type: min

Fanout         Cap        Slew       Delay        Time   Description
---------------------------------------------------------------------------------------------
                                  0.000000    0.000000   clock clk (rise edge)
                                  0.000000    0.000000   clock source latency
     1    0.024940    0.117813    0.081389    0.081389 ^ clk (in)
                                                         clk (net)
                      0.117831    0.000000    0.081389 ^ clkbuf_0_clk/A (sky130_fd_sc_hd__clkbuf_16)
    16    0.113144    0.126631    0.222117    0.303506 ^ clkbuf_0_clk/X (sky130_fd_sc_hd__clkbuf_16)
                                                         clknet_0_clk (net)
                      0.126666    0.002024    0.305530 ^ clkbuf_4_15_0_clk/A (sky130_fd_sc_hd__clkbuf_8)
    13    0.062000    0.117026    0.213087    0.518618 ^ clkbuf_4_15_0_clk/X (sky130_fd_sc_hd__clkbuf_8)
                                                         clknet_4_15_0_clk (net)
                      0.117027    0.000653    0.519271 ^ _3049_/CLK (sky130_fd_sc_hd__dfrtp_2)
     3    0.014564    0.087383    0.408512    0.927783 ^ _3049_/Q (sky130_fd_sc_hd__dfrtp_2)
                                                         my_sum_sub.al_mb[0] (net)
                      0.087383    0.000300    0.928083 ^ _1501_/A (sky130_fd_sc_hd__inv_2)
     3    0.007829    0.031337    0.046484    0.974567 v _1501_/Y (sky130_fd_sc_hd__inv_2)
                                                         _1056_ (net)
                      0.031337    0.000032    0.974599 v _2219_/A (sky130_fd_sc_hd__nor2_1)
     2    0.006304    0.132555    0.134643    1.109242 ^ _2219_/Y (sky130_fd_sc_hd__nor2_1)
                                                         _0554_ (net)
                      0.132555    0.000055    1.109296 ^ _2271_/A2 (sky130_fd_sc_hd__o31a_1)
     1    0.002614    0.042982    0.142552    1.251849 ^ _2271_/X (sky130_fd_sc_hd__o31a_1)
                                                         _0599_ (net)
                      0.042982    0.000022    1.251870 ^ _2272_/A2_N (sky130_fd_sc_hd__o2bb2a_1)
     1    0.002339    0.036861    0.197619    1.449490 v _2272_/X (sky130_fd_sc_hd__o2bb2a_1)
                                                         _0320_ (net)
                      0.036861    0.000025    1.449514 v hold272/A (sky130_fd_sc_hd__dlygate4sd3_1)
     1    0.002444    0.050990    0.541783    1.991297 v hold272/X (sky130_fd_sc_hd__dlygate4sd3_1)
                                                         net277 (net)
                      0.050990    0.000022    1.991319 v _3061_/D (sky130_fd_sc_hd__dfrtp_1)
                                              1.991319   data arrival time

                                  0.000000    0.000000   clock clk (rise edge)
                                  0.000000    0.000000   clock source latency
     1    0.024940    0.117813    0.081389    0.081389 ^ clk (in)
                                                         clk (net)
                      0.117831    0.000000    0.081389 ^ clkbuf_0_clk/A (sky130_fd_sc_hd__clkbuf_16)
    16    0.113144    0.126631    0.222117    0.303506 ^ clkbuf_0_clk/X (sky130_fd_sc_hd__clkbuf_16)
                                                         clknet_0_clk (net)
                      0.126666    0.002024    0.305530 ^ clkbuf_4_15_0_clk/A (sky130_fd_sc_hd__clkbuf_8)
    13    0.062000    0.117026    0.213087    0.518618 ^ clkbuf_4_15_0_clk/X (sky130_fd_sc_hd__clkbuf_8)
                                                         clknet_4_15_0_clk (net)
                      0.117052    0.001697    0.520314 ^ _3061_/CLK (sky130_fd_sc_hd__dfrtp_1)
                                  0.500000    1.020315   clock uncertainty
                                  0.000000    1.020315   clock reconvergence pessimism
                                 -0.031776    0.988538   library hold time
                                              0.988538   data required time
---------------------------------------------------------------------------------------------
                                              0.988538   data required time
                                             -1.991319   data arrival time
---------------------------------------------------------------------------------------------
                                              1.002781   slack (MET)


Startpoint: _3077_ (rising edge-triggered flip-flop clocked by clk)
Endpoint: _3031_ (rising edge-triggered flip-flop clocked by clk)
Path Group: clk
Path Type: min

Fanout         Cap        Slew       Delay        Time   Description
---------------------------------------------------------------------------------------------
                                  0.000000    0.000000   clock clk (rise edge)
                                  0.000000    0.000000   clock source latency
     1    0.024940    0.117813    0.081389    0.081389 ^ clk (in)
                                                         clk (net)
                      0.117831    0.000000    0.081389 ^ clkbuf_0_clk/A (sky130_fd_sc_hd__clkbuf_16)
    16    0.113144    0.126631    0.222117    0.303506 ^ clkbuf_0_clk/X (sky130_fd_sc_hd__clkbuf_16)
                                                         clknet_0_clk (net)
                      0.126640    0.001228    0.304734 ^ clkbuf_4_11_0_clk/A (sky130_fd_sc_hd__clkbuf_8)
    13    0.056438    0.108025    0.206778    0.511512 ^ clkbuf_4_11_0_clk/X (sky130_fd_sc_hd__clkbuf_8)
                                                         clknet_4_11_0_clk (net)
                      0.108025    0.000327    0.511839 ^ _3077_/CLK (sky130_fd_sc_hd__dfrtp_1)
     4    0.010646    0.105538    0.390620    0.902459 ^ _3077_/Q (sky130_fd_sc_hd__dfrtp_1)
                                                         my_sum_sub.cm_exp[7] (net)
                      0.105538    0.000078    0.902537 ^ _2622_/A1_N (sky130_fd_sc_hd__a2bb2o_1)
     3    0.018199    0.116988    0.371556    1.274093 v _2622_/X (sky130_fd_sc_hd__a2bb2o_1)
                                                         _0921_ (net)
                      0.116991    0.000706    1.274799 v _2623_/A (sky130_fd_sc_hd__inv_2)
     1    0.003650    0.039852    0.068881    1.343680 ^ _2623_/Y (sky130_fd_sc_hd__inv_2)
                                                         _0922_ (net)
                      0.039852    0.000042    1.343722 ^ _2661_/B1 (sky130_fd_sc_hd__a22o_1)
     1    0.002451    0.040347    0.106227    1.449949 ^ _2661_/X (sky130_fd_sc_hd__a22o_1)
                                                         _0290_ (net)
                      0.040347    0.000026    1.449975 ^ hold121/A (sky130_fd_sc_hd__dlygate4sd3_1)
     1    0.003374    0.057978    0.538739    1.988713 ^ hold121/X (sky130_fd_sc_hd__dlygate4sd3_1)
                                                         net126 (net)
                      0.057978    0.000042    1.988755 ^ _3031_/D (sky130_fd_sc_hd__dfrtp_1)
                                              1.988755   data arrival time

                                  0.000000    0.000000   clock clk (rise edge)
                                  0.000000    0.000000   clock source latency
     1    0.024940    0.117813    0.081389    0.081389 ^ clk (in)
                                                         clk (net)
                      0.117831    0.000000    0.081389 ^ clkbuf_0_clk/A (sky130_fd_sc_hd__clkbuf_16)
    16    0.113144    0.126631    0.222117    0.303506 ^ clkbuf_0_clk/X (sky130_fd_sc_hd__clkbuf_16)
                                                         clknet_0_clk (net)
                      0.126645    0.001407    0.304913 ^ clkbuf_4_3_0_clk/A (sky130_fd_sc_hd__clkbuf_8)
    11    0.057380    0.109561    0.207812    0.512725 ^ clkbuf_4_3_0_clk/X (sky130_fd_sc_hd__clkbuf_8)
                                                         clknet_4_3_0_clk (net)
                      0.109561    0.000492    0.513217 ^ _3031_/CLK (sky130_fd_sc_hd__dfrtp_1)
                                  0.500000    1.013217   clock uncertainty
                                  0.000000    1.013217   clock reconvergence pessimism
                                 -0.028641    0.984576   library hold time
                                              0.984576   data required time
---------------------------------------------------------------------------------------------
                                              0.984576   data required time
                                             -1.988755   data arrival time
---------------------------------------------------------------------------------------------
                                              1.004179   slack (MET)


Startpoint: _3045_ (rising edge-triggered flip-flop clocked by clk)
Endpoint: _3065_ (rising edge-triggered flip-flop clocked by clk)
Path Group: clk
Path Type: min

Fanout         Cap        Slew       Delay        Time   Description
---------------------------------------------------------------------------------------------
                                  0.000000    0.000000   clock clk (rise edge)
                                  0.000000    0.000000   clock source latency
     1    0.024940    0.117813    0.081389    0.081389 ^ clk (in)
                                                         clk (net)
                      0.117831    0.000000    0.081389 ^ clkbuf_0_clk/A (sky130_fd_sc_hd__clkbuf_16)
    16    0.113144    0.126631    0.222117    0.303506 ^ clkbuf_0_clk/X (sky130_fd_sc_hd__clkbuf_16)
                                                         clknet_0_clk (net)
                      0.126666    0.002022    0.305528 ^ clkbuf_4_13_0_clk/A (sky130_fd_sc_hd__clkbuf_8)
    10    0.061591    0.116305    0.212819    0.518347 ^ clkbuf_4_13_0_clk/X (sky130_fd_sc_hd__clkbuf_8)
                                                         clknet_4_13_0_clk (net)
                      0.116311    0.000985    0.519332 ^ _3045_/CLK (sky130_fd_sc_hd__dfrtp_1)
     3    0.009443    0.068408    0.415926    0.935258 v _3045_/Q (sky130_fd_sc_hd__dfrtp_1)
                                                         my_sum_sub.al_ma[4] (net)
                      0.068408    0.000115    0.935373 v _2215_/B (sky130_fd_sc_hd__nand2_1)
     1    0.003722    0.049557    0.077410    1.012783 ^ _2215_/Y (sky130_fd_sc_hd__nand2_1)
                                                         _0550_ (net)
                      0.049557    0.000039    1.012822 ^ _2224_/B1 (sky130_fd_sc_hd__o21a_1)
     2    0.007652    0.082175    0.141059    1.153881 ^ _2224_/X (sky130_fd_sc_hd__o21a_1)
                                                         _0559_ (net)
                      0.082175    0.000094    1.153975 ^ _2247_/A2 (sky130_fd_sc_hd__o21ai_1)
     1    0.004784    0.045498    0.072782    1.226756 v _2247_/Y (sky130_fd_sc_hd__o21ai_1)
                                                         _0579_ (net)
                      0.045498    0.000024    1.226780 v _2248_/B (sky130_fd_sc_hd__xnor2_1)
     1    0.002965    0.051242    0.128826    1.355606 ^ _2248_/Y (sky130_fd_sc_hd__xnor2_1)
                                                         _0580_ (net)
                      0.051242    0.000036    1.355643 ^ _2249_/A1 (sky130_fd_sc_hd__mux2_1)
     1    0.002922    0.042358    0.120294    1.475937 ^ _2249_/X (sky130_fd_sc_hd__mux2_1)
                                                         _0324_ (net)
                      0.042358    0.000034    1.475971 ^ hold270/A (sky130_fd_sc_hd__dlygate4sd3_1)
     1    0.002147    0.047699    0.527847    2.003818 ^ hold270/X (sky130_fd_sc_hd__dlygate4sd3_1)
                                                         net275 (net)
                      0.047699    0.000017    2.003836 ^ _3065_/D (sky130_fd_sc_hd__dfrtp_2)
                                              2.003836   data arrival time

                                  0.000000    0.000000   clock clk (rise edge)
                                  0.000000    0.000000   clock source latency
     1    0.024940    0.117813    0.081389    0.081389 ^ clk (in)
                                                         clk (net)
                      0.117831    0.000000    0.081389 ^ clkbuf_0_clk/A (sky130_fd_sc_hd__clkbuf_16)
    16    0.113144    0.126631    0.222117    0.303506 ^ clkbuf_0_clk/X (sky130_fd_sc_hd__clkbuf_16)
                                                         clknet_0_clk (net)
                      0.126666    0.002024    0.305530 ^ clkbuf_4_15_0_clk/A (sky130_fd_sc_hd__clkbuf_8)
    13    0.062000    0.117026    0.213087    0.518618 ^ clkbuf_4_15_0_clk/X (sky130_fd_sc_hd__clkbuf_8)
                                                         clknet_4_15_0_clk (net)
                      0.117046    0.001544    0.520161 ^ _3065_/CLK (sky130_fd_sc_hd__dfrtp_2)
                                  0.500000    1.020161   clock uncertainty
                                  0.000000    1.020161   clock reconvergence pessimism
                                 -0.025386    0.994775   library hold time
                                              0.994775   data required time
---------------------------------------------------------------------------------------------
                                              0.994775   data required time
                                             -2.003836   data arrival time
---------------------------------------------------------------------------------------------
                                              1.009061   slack (MET)


Startpoint: _3091_ (rising edge-triggered flip-flop clocked by clk)
Endpoint: _3048_ (rising edge-triggered flip-flop clocked by clk)
Path Group: clk
Path Type: min

Fanout         Cap        Slew       Delay        Time   Description
---------------------------------------------------------------------------------------------
                                  0.000000    0.000000   clock clk (rise edge)
                                  0.000000    0.000000   clock source latency
     1    0.024940    0.117813    0.081389    0.081389 ^ clk (in)
                                                         clk (net)
                      0.117831    0.000000    0.081389 ^ clkbuf_0_clk/A (sky130_fd_sc_hd__clkbuf_16)
    16    0.113144    0.126631    0.222117    0.303506 ^ clkbuf_0_clk/X (sky130_fd_sc_hd__clkbuf_16)
                                                         clknet_0_clk (net)
                      0.126633    0.000821    0.304327 ^ clkbuf_4_9_0_clk/A (sky130_fd_sc_hd__clkbuf_8)
     7    0.057340    0.109519    0.207690    0.512017 ^ clkbuf_4_9_0_clk/X (sky130_fd_sc_hd__clkbuf_8)
                                                         clknet_4_9_0_clk (net)
                      0.109525    0.000887    0.512904 ^ _3091_/CLK (sky130_fd_sc_hd__dfrtp_2)
     8    0.024890    0.132218    0.441079    0.953982 ^ _3091_/Q (sky130_fd_sc_hd__dfrtp_2)
                                                         acc_reg[12] (net)
                      0.132218    0.000318    0.954300 ^ _1954_/C (sky130_fd_sc_hd__or4_1)
     1    0.002901    0.039329    0.125689    1.079989 ^ _1954_/X (sky130_fd_sc_hd__or4_1)
                                                         _0363_ (net)
                      0.039329    0.000025    1.080014 ^ _1955_/B (sky130_fd_sc_hd__or2_4)
    16    0.072461    0.221344    0.241856    1.321870 ^ _1955_/X (sky130_fd_sc_hd__or2_4)
                                                         _0364_ (net)
                      0.221437    0.003750    1.325620 ^ _2366_/B1 (sky130_fd_sc_hd__a22o_1)
     1    0.002398    0.039914    0.155775    1.481395 ^ _2366_/X (sky130_fd_sc_hd__a22o_1)
                                                         _0307_ (net)
                      0.039914    0.000023    1.481418 ^ hold203/A (sky130_fd_sc_hd__dlygate4sd3_1)
     1    0.002394    0.049487    0.529374    2.010792 ^ hold203/X (sky130_fd_sc_hd__dlygate4sd3_1)
                                                         net208 (net)
                      0.049487    0.000022    2.010813 ^ _3048_/D (sky130_fd_sc_hd__dfrtp_1)
                                              2.010813   data arrival time

                                  0.000000    0.000000   clock clk (rise edge)
                                  0.000000    0.000000   clock source latency
     1    0.024940    0.117813    0.081389    0.081389 ^ clk (in)
                                                         clk (net)
                      0.117831    0.000000    0.081389 ^ clkbuf_0_clk/A (sky130_fd_sc_hd__clkbuf_16)
    16    0.113144    0.126631    0.222117    0.303506 ^ clkbuf_0_clk/X (sky130_fd_sc_hd__clkbuf_16)
                                                         clknet_0_clk (net)
                      0.126666    0.002022    0.305528 ^ clkbuf_4_13_0_clk/A (sky130_fd_sc_hd__clkbuf_8)
    10    0.061591    0.116305    0.212819    0.518347 ^ clkbuf_4_13_0_clk/X (sky130_fd_sc_hd__clkbuf_8)
                                                         clknet_4_13_0_clk (net)
                      0.116316    0.001200    0.519547 ^ _3048_/CLK (sky130_fd_sc_hd__dfrtp_1)
                                  0.500000    1.019547   clock uncertainty
                                  0.000000    1.019547   clock reconvergence pessimism
                                 -0.025952    0.993595   library hold time
                                              0.993595   data required time
---------------------------------------------------------------------------------------------
                                              0.993595   data required time
                                             -2.010813   data arrival time
---------------------------------------------------------------------------------------------
                                              1.017218   slack (MET)


Startpoint: _3159_ (rising edge-triggered flip-flop clocked by clk)
Endpoint: _3161_ (rising edge-triggered flip-flop clocked by clk)
Path Group: clk
Path Type: min

Fanout         Cap        Slew       Delay        Time   Description
---------------------------------------------------------------------------------------------
                                  0.000000    0.000000   clock clk (rise edge)
                                  0.000000    0.000000   clock source latency
     1    0.024940    0.117813    0.081389    0.081389 ^ clk (in)
                                                         clk (net)
                      0.117831    0.000000    0.081389 ^ clkbuf_0_clk/A (sky130_fd_sc_hd__clkbuf_16)
    16    0.113144    0.126631    0.222117    0.303506 ^ clkbuf_0_clk/X (sky130_fd_sc_hd__clkbuf_16)
                                                         clknet_0_clk (net)
                      0.126664    0.001984    0.305490 ^ clkbuf_4_14_0_clk/A (sky130_fd_sc_hd__clkbuf_8)
    11    0.066474    0.124057    0.218860    0.524350 ^ clkbuf_4_14_0_clk/X (sky130_fd_sc_hd__clkbuf_8)
                                                         clknet_4_14_0_clk (net)
                      0.124057    0.000140    0.524491 ^ _3159_/CLK (sky130_fd_sc_hd__dfrtp_4)
     7    0.032329    0.095462    0.548646    1.073137 v _3159_/Q (sky130_fd_sc_hd__dfrtp_4)
                                                         my_sum_sub.state[1] (net)
                      0.095550    0.000595    1.073732 v hold122/A (sky130_fd_sc_hd__dlygate4sd3_1)
    15    0.066300    0.323566    0.834413    1.908145 v hold122/X (sky130_fd_sc_hd__dlygate4sd3_1)
                                                         net127 (net)
                      0.323566    0.000559    1.908704 v _3161_/D (sky130_fd_sc_hd__dfrtp_4)
                                              1.908704   data arrival time

                                  0.000000    0.000000   clock clk (rise edge)
                                  0.000000    0.000000   clock source latency
     1    0.024940    0.117813    0.081389    0.081389 ^ clk (in)
                                                         clk (net)
                      0.117831    0.000000    0.081389 ^ clkbuf_0_clk/A (sky130_fd_sc_hd__clkbuf_16)
    16    0.113144    0.126631    0.222117    0.303506 ^ clkbuf_0_clk/X (sky130_fd_sc_hd__clkbuf_16)
                                                         clknet_0_clk (net)
                      0.126664    0.001984    0.305490 ^ clkbuf_4_14_0_clk/A (sky130_fd_sc_hd__clkbuf_8)
    11    0.066474    0.124057    0.218860    0.524350 ^ clkbuf_4_14_0_clk/X (sky130_fd_sc_hd__clkbuf_8)
                                                         clknet_4_14_0_clk (net)
                      0.124057    0.000205    0.524555 ^ _3161_/CLK (sky130_fd_sc_hd__dfrtp_4)
                                  0.500000    1.024555   clock uncertainty
                                  0.000000    1.024555   clock reconvergence pessimism
                                 -0.136779    0.887776   library hold time
                                              0.887776   data required time
---------------------------------------------------------------------------------------------
                                              0.887776   data required time
                                             -1.908704   data arrival time
---------------------------------------------------------------------------------------------
                                              1.020928   slack (MET)


Startpoint: _3083_ (rising edge-triggered flip-flop clocked by clk)
Endpoint: _3045_ (rising edge-triggered flip-flop clocked by clk)
Path Group: clk
Path Type: min

Fanout         Cap        Slew       Delay        Time   Description
---------------------------------------------------------------------------------------------
                                  0.000000    0.000000   clock clk (rise edge)
                                  0.000000    0.000000   clock source latency
     1    0.024940    0.117813    0.081389    0.081389 ^ clk (in)
                                                         clk (net)
                      0.117831    0.000000    0.081389 ^ clkbuf_0_clk/A (sky130_fd_sc_hd__clkbuf_16)
    16    0.113144    0.126631    0.222117    0.303506 ^ clkbuf_0_clk/X (sky130_fd_sc_hd__clkbuf_16)
                                                         clknet_0_clk (net)
                      0.126637    0.001064    0.304570 ^ clkbuf_4_5_0_clk/A (sky130_fd_sc_hd__clkbuf_8)
    10    0.060713    0.114917    0.211687    0.516257 ^ clkbuf_4_5_0_clk/X (sky130_fd_sc_hd__clkbuf_8)
                                                         clknet_4_5_0_clk (net)
                      0.114924    0.001051    0.517308 ^ _3083_/CLK (sky130_fd_sc_hd__dfrtp_4)
    23    0.112865    0.325411    0.647768    1.165076 ^ _3083_/Q (sky130_fd_sc_hd__dfrtp_4)
                                                         acc_reg[4] (net)
                      0.325519    0.005619    1.170695 ^ _2373_/A (sky130_fd_sc_hd__and3_1)
     1    0.004746    0.067363    0.223010    1.393705 ^ _2373_/X (sky130_fd_sc_hd__and3_1)
                                                         _0685_ (net)
                      0.067363    0.000072    1.393777 ^ _2374_/C1 (sky130_fd_sc_hd__a221o_1)
     1    0.002255    0.037018    0.099230    1.493007 ^ _2374_/X (sky130_fd_sc_hd__a221o_1)
                                                         _0304_ (net)
                      0.037018    0.000021    1.493028 ^ hold205/A (sky130_fd_sc_hd__dlygate4sd3_1)
     1    0.002554    0.050829    0.529944    2.022971 ^ hold205/X (sky130_fd_sc_hd__dlygate4sd3_1)
                                                         net210 (net)
                      0.050829    0.000026    2.022997 ^ _3045_/D (sky130_fd_sc_hd__dfrtp_1)
                                              2.022997   data arrival time

                                  0.000000    0.000000   clock clk (rise edge)
                                  0.000000    0.000000   clock source latency
     1    0.024940    0.117813    0.081389    0.081389 ^ clk (in)
                                                         clk (net)
                      0.117831    0.000000    0.081389 ^ clkbuf_0_clk/A (sky130_fd_sc_hd__clkbuf_16)
    16    0.113144    0.126631    0.222117    0.303506 ^ clkbuf_0_clk/X (sky130_fd_sc_hd__clkbuf_16)
                                                         clknet_0_clk (net)
                      0.126666    0.002022    0.305528 ^ clkbuf_4_13_0_clk/A (sky130_fd_sc_hd__clkbuf_8)
    10    0.061591    0.116305    0.212819    0.518347 ^ clkbuf_4_13_0_clk/X (sky130_fd_sc_hd__clkbuf_8)
                                                         clknet_4_13_0_clk (net)
                      0.116311    0.000985    0.519332 ^ _3045_/CLK (sky130_fd_sc_hd__dfrtp_1)
                                  0.500000    1.019332   clock uncertainty
                                  0.000000    1.019332   clock reconvergence pessimism
                                 -0.026231    0.993101   library hold time
                                              0.993101   data required time
---------------------------------------------------------------------------------------------
                                              0.993101   data required time
                                             -2.022997   data arrival time
---------------------------------------------------------------------------------------------
                                              1.029896   slack (MET)


Startpoint: _3156_ (rising edge-triggered flip-flop clocked by clk)
Endpoint: _3092_ (rising edge-triggered flip-flop clocked by clk)
Path Group: clk
Path Type: min

Fanout         Cap        Slew       Delay        Time   Description
---------------------------------------------------------------------------------------------
                                  0.000000    0.000000   clock clk (rise edge)
                                  0.000000    0.000000   clock source latency
     1    0.024940    0.117813    0.081389    0.081389 ^ clk (in)
                                                         clk (net)
                      0.117831    0.000000    0.081389 ^ clkbuf_0_clk/A (sky130_fd_sc_hd__clkbuf_16)
    16    0.113144    0.126631    0.222117    0.303506 ^ clkbuf_0_clk/X (sky130_fd_sc_hd__clkbuf_16)
                                                         clknet_0_clk (net)
                      0.126656    0.001769    0.305275 ^ clkbuf_4_1_0_clk/A (sky130_fd_sc_hd__clkbuf_8)
    16    0.066697    0.124509    0.218819    0.524094 ^ clkbuf_4_1_0_clk/X (sky130_fd_sc_hd__clkbuf_8)
                                                         clknet_4_1_0_clk (net)
                      0.124509    0.000360    0.524455 ^ _3156_/CLK (sky130_fd_sc_hd__dfrtp_4)
    13    0.073124    0.141775    0.607436    1.131891 v _3156_/Q (sky130_fd_sc_hd__dfrtp_4)
                                                         state[4] (net)
                      0.141792    0.001619    1.133510 v _2010_/C1 (sky130_fd_sc_hd__o221a_1)
     2    0.008382    0.061174    0.183836    1.317345 v _2010_/X (sky130_fd_sc_hd__o221a_1)
                                                         _0418_ (net)
                      0.061174    0.000033    1.317378 v _2148_/B2 (sky130_fd_sc_hd__o22a_1)
     1    0.003047    0.037875    0.159354    1.476732 v _2148_/X (sky130_fd_sc_hd__o22a_1)
                                                         _0351_ (net)
                      0.037875    0.000041    1.476773 v hold254/A (sky130_fd_sc_hd__dlygate4sd3_1)
     1    0.002283    0.050256    0.540715    2.017488 v hold254/X (sky130_fd_sc_hd__dlygate4sd3_1)
                                                         net259 (net)
                      0.050256    0.000020    2.017508 v _3092_/D (sky130_fd_sc_hd__dfrtp_2)
                                              2.017508   data arrival time

                                  0.000000    0.000000   clock clk (rise edge)
                                  0.000000    0.000000   clock source latency
     1    0.024940    0.117813    0.081389    0.081389 ^ clk (in)
                                                         clk (net)
                      0.117831    0.000000    0.081389 ^ clkbuf_0_clk/A (sky130_fd_sc_hd__clkbuf_16)
    16    0.113144    0.126631    0.222117    0.303506 ^ clkbuf_0_clk/X (sky130_fd_sc_hd__clkbuf_16)
                                                         clknet_0_clk (net)
                      0.126645    0.001407    0.304913 ^ clkbuf_4_3_0_clk/A (sky130_fd_sc_hd__clkbuf_8)
    11    0.057380    0.109561    0.207812    0.512725 ^ clkbuf_4_3_0_clk/X (sky130_fd_sc_hd__clkbuf_8)
                                                         clknet_4_3_0_clk (net)
                      0.109561    0.000449    0.513175 ^ _3092_/CLK (sky130_fd_sc_hd__dfrtp_2)
                                  0.500000    1.013175   clock uncertainty
                                  0.000000    1.013175   clock reconvergence pessimism
                                 -0.029525    0.983650   library hold time
                                              0.983650   data required time
---------------------------------------------------------------------------------------------
                                              0.983650   data required time
                                             -2.017508   data arrival time
---------------------------------------------------------------------------------------------
                                              1.033857   slack (MET)


Startpoint: _3156_ (rising edge-triggered flip-flop clocked by clk)
Endpoint: _3086_ (rising edge-triggered flip-flop clocked by clk)
Path Group: clk
Path Type: min

Fanout         Cap        Slew       Delay        Time   Description
---------------------------------------------------------------------------------------------
                                  0.000000    0.000000   clock clk (rise edge)
                                  0.000000    0.000000   clock source latency
     1    0.024940    0.117813    0.081389    0.081389 ^ clk (in)
                                                         clk (net)
                      0.117831    0.000000    0.081389 ^ clkbuf_0_clk/A (sky130_fd_sc_hd__clkbuf_16)
    16    0.113144    0.126631    0.222117    0.303506 ^ clkbuf_0_clk/X (sky130_fd_sc_hd__clkbuf_16)
                                                         clknet_0_clk (net)
                      0.126656    0.001769    0.305275 ^ clkbuf_4_1_0_clk/A (sky130_fd_sc_hd__clkbuf_8)
    16    0.066697    0.124509    0.218819    0.524094 ^ clkbuf_4_1_0_clk/X (sky130_fd_sc_hd__clkbuf_8)
                                                         clknet_4_1_0_clk (net)
                      0.124509    0.000360    0.524455 ^ _3156_/CLK (sky130_fd_sc_hd__dfrtp_4)
    13    0.073124    0.141775    0.607436    1.131891 v _3156_/Q (sky130_fd_sc_hd__dfrtp_4)
                                                         state[4] (net)
                      0.141806    0.002036    1.133926 v _2054_/C1 (sky130_fd_sc_hd__o221a_1)
     2    0.011234    0.072426    0.195488    1.329414 v _2054_/X (sky130_fd_sc_hd__o221a_1)
                                                         _0456_ (net)
                      0.072426    0.000241    1.329655 v _2154_/B2 (sky130_fd_sc_hd__o22a_1)
     1    0.001860    0.032247    0.154347    1.484001 v _2154_/X (sky130_fd_sc_hd__o22a_1)
                                                         _0345_ (net)
                      0.032247    0.000016    1.484017 v hold299/A (sky130_fd_sc_hd__dlygate4sd3_1)
     1    0.002201    0.050008    0.537785    2.021802 v hold299/X (sky130_fd_sc_hd__dlygate4sd3_1)
                                                         net304 (net)
                      0.050008    0.000018    2.021820 v _3086_/D (sky130_fd_sc_hd__dfrtp_4)
                                              2.021820   data arrival time

                                  0.000000    0.000000   clock clk (rise edge)
                                  0.000000    0.000000   clock source latency
     1    0.024940    0.117813    0.081389    0.081389 ^ clk (in)
                                                         clk (net)
                      0.117831    0.000000    0.081389 ^ clkbuf_0_clk/A (sky130_fd_sc_hd__clkbuf_16)
    16    0.113144    0.126631    0.222117    0.303506 ^ clkbuf_0_clk/X (sky130_fd_sc_hd__clkbuf_16)
                                                         clknet_0_clk (net)
                      0.126634    0.000903    0.304410 ^ clkbuf_4_6_0_clk/A (sky130_fd_sc_hd__clkbuf_8)
    12    0.055843    0.107139    0.205869    0.510279 ^ clkbuf_4_6_0_clk/X (sky130_fd_sc_hd__clkbuf_8)
                                                         clknet_4_6_0_clk (net)
                      0.107140    0.000570    0.510849 ^ _3086_/CLK (sky130_fd_sc_hd__dfrtp_4)
                                  0.500000    1.010849   clock uncertainty
                                  0.000000    1.010849   clock reconvergence pessimism
                                 -0.029896    0.980953   library hold time
                                              0.980953   data required time
---------------------------------------------------------------------------------------------
                                              0.980953   data required time
                                             -2.021820   data arrival time
---------------------------------------------------------------------------------------------
                                              1.040868   slack (MET)


Startpoint: _3156_ (rising edge-triggered flip-flop clocked by clk)
Endpoint: _3093_ (rising edge-triggered flip-flop clocked by clk)
Path Group: clk
Path Type: min

Fanout         Cap        Slew       Delay        Time   Description
---------------------------------------------------------------------------------------------
                                  0.000000    0.000000   clock clk (rise edge)
                                  0.000000    0.000000   clock source latency
     1    0.024940    0.117813    0.081389    0.081389 ^ clk (in)
                                                         clk (net)
                      0.117831    0.000000    0.081389 ^ clkbuf_0_clk/A (sky130_fd_sc_hd__clkbuf_16)
    16    0.113144    0.126631    0.222117    0.303506 ^ clkbuf_0_clk/X (sky130_fd_sc_hd__clkbuf_16)
                                                         clknet_0_clk (net)
                      0.126656    0.001769    0.305275 ^ clkbuf_4_1_0_clk/A (sky130_fd_sc_hd__clkbuf_8)
    16    0.066697    0.124509    0.218819    0.524094 ^ clkbuf_4_1_0_clk/X (sky130_fd_sc_hd__clkbuf_8)
                                                         clknet_4_1_0_clk (net)
                      0.124509    0.000360    0.524455 ^ _3156_/CLK (sky130_fd_sc_hd__dfrtp_4)
    13    0.076476    0.230077    0.582743    1.107197 ^ _3156_/Q (sky130_fd_sc_hd__dfrtp_4)
                                                         state[4] (net)
                      0.230085    0.001639    1.108836 ^ _2003_/C1 (sky130_fd_sc_hd__o221a_1)
     2    0.008675    0.103493    0.256828    1.365664 ^ _2003_/X (sky130_fd_sc_hd__o221a_1)
                                                         _0412_ (net)
                      0.103493    0.000130    1.365795 ^ _2145_/A1 (sky130_fd_sc_hd__mux2_1)
     1    0.002382    0.038174    0.133764    1.499558 ^ _2145_/X (sky130_fd_sc_hd__mux2_1)
                                                         _0352_ (net)
                      0.038174    0.000025    1.499583 ^ hold291/A (sky130_fd_sc_hd__dlygate4sd3_1)
     1    0.002596    0.051177    0.530706    2.030290 ^ hold291/X (sky130_fd_sc_hd__dlygate4sd3_1)
                                                         net296 (net)
                      0.051177    0.000026    2.030316 ^ _3093_/D (sky130_fd_sc_hd__dfrtp_4)
                                              2.030316   data arrival time

                                  0.000000    0.000000   clock clk (rise edge)
                                  0.000000    0.000000   clock source latency
     1    0.024940    0.117813    0.081389    0.081389 ^ clk (in)
                                                         clk (net)
                      0.117831    0.000000    0.081389 ^ clkbuf_0_clk/A (sky130_fd_sc_hd__clkbuf_16)
    16    0.113144    0.126631    0.222117    0.303506 ^ clkbuf_0_clk/X (sky130_fd_sc_hd__clkbuf_16)
                                                         clknet_0_clk (net)
                      0.126645    0.001407    0.304913 ^ clkbuf_4_3_0_clk/A (sky130_fd_sc_hd__clkbuf_8)
    11    0.057380    0.109561    0.207812    0.512725 ^ clkbuf_4_3_0_clk/X (sky130_fd_sc_hd__clkbuf_8)
                                                         clknet_4_3_0_clk (net)
                      0.109561    0.000390    0.513115 ^ _3093_/CLK (sky130_fd_sc_hd__dfrtp_4)
                                  0.500000    1.013115   clock uncertainty
                                  0.000000    1.013115   clock reconvergence pessimism
                                 -0.027227    0.985888   library hold time
                                              0.985888   data required time
---------------------------------------------------------------------------------------------
                                              0.985888   data required time
                                             -2.030316   data arrival time
---------------------------------------------------------------------------------------------
                                              1.044428   slack (MET)


Startpoint: _3156_ (rising edge-triggered flip-flop clocked by clk)
Endpoint: _3089_ (rising edge-triggered flip-flop clocked by clk)
Path Group: clk
Path Type: min

Fanout         Cap        Slew       Delay        Time   Description
---------------------------------------------------------------------------------------------
                                  0.000000    0.000000   clock clk (rise edge)
                                  0.000000    0.000000   clock source latency
     1    0.024940    0.117813    0.081389    0.081389 ^ clk (in)
                                                         clk (net)
                      0.117831    0.000000    0.081389 ^ clkbuf_0_clk/A (sky130_fd_sc_hd__clkbuf_16)
    16    0.113144    0.126631    0.222117    0.303506 ^ clkbuf_0_clk/X (sky130_fd_sc_hd__clkbuf_16)
                                                         clknet_0_clk (net)
                      0.126656    0.001769    0.305275 ^ clkbuf_4_1_0_clk/A (sky130_fd_sc_hd__clkbuf_8)
    16    0.066697    0.124509    0.218819    0.524094 ^ clkbuf_4_1_0_clk/X (sky130_fd_sc_hd__clkbuf_8)
                                                         clknet_4_1_0_clk (net)
                      0.124509    0.000360    0.524455 ^ _3156_/CLK (sky130_fd_sc_hd__dfrtp_4)
    13    0.076476    0.230077    0.582743    1.107197 ^ _3156_/Q (sky130_fd_sc_hd__dfrtp_4)
                                                         state[4] (net)
                      0.230090    0.001953    1.109151 ^ _2034_/C1 (sky130_fd_sc_hd__o211a_1)
     2    0.014235    0.127323    0.250686    1.359837 ^ _2034_/X (sky130_fd_sc_hd__o211a_1)
                                                         _0439_ (net)
                      0.127323    0.000581    1.360418 ^ _2151_/B2 (sky130_fd_sc_hd__o22a_1)
     1    0.002992    0.043409    0.135739    1.496157 ^ _2151_/X (sky130_fd_sc_hd__o22a_1)
                                                         _0348_ (net)
                      0.043409    0.000037    1.496194 ^ hold262/A (sky130_fd_sc_hd__dlygate4sd3_1)
     1    0.002893    0.053730    0.535218    2.031412 ^ hold262/X (sky130_fd_sc_hd__dlygate4sd3_1)
                                                         net267 (net)
                      0.053730    0.000030    2.031442 ^ _3089_/D (sky130_fd_sc_hd__dfrtp_2)
                                              2.031442   data arrival time

                                  0.000000    0.000000   clock clk (rise edge)
                                  0.000000    0.000000   clock source latency
     1    0.024940    0.117813    0.081389    0.081389 ^ clk (in)
                                                         clk (net)
                      0.117831    0.000000    0.081389 ^ clkbuf_0_clk/A (sky130_fd_sc_hd__clkbuf_16)
    16    0.113144    0.126631    0.222117    0.303506 ^ clkbuf_0_clk/X (sky130_fd_sc_hd__clkbuf_16)
                                                         clknet_0_clk (net)
                      0.126638    0.001133    0.304640 ^ clkbuf_4_4_0_clk/A (sky130_fd_sc_hd__clkbuf_8)
    11    0.057239    0.109341    0.207630    0.512270 ^ clkbuf_4_4_0_clk/X (sky130_fd_sc_hd__clkbuf_8)
                                                         clknet_4_4_0_clk (net)
                      0.109341    0.000393    0.512663 ^ _3089_/CLK (sky130_fd_sc_hd__dfrtp_2)
                                  0.500000    1.012663   clock uncertainty
                                  0.000000    1.012663   clock reconvergence pessimism
                                 -0.027679    0.984983   library hold time
                                              0.984983   data required time
---------------------------------------------------------------------------------------------
                                              0.984983   data required time
                                             -2.031442   data arrival time
---------------------------------------------------------------------------------------------
                                              1.046459   slack (MET)


Startpoint: _2992_ (rising edge-triggered flip-flop clocked by clk)
Endpoint: _2992_ (rising edge-triggered flip-flop clocked by clk)
Path Group: clk
Path Type: min

Fanout         Cap        Slew       Delay        Time   Description
---------------------------------------------------------------------------------------------
                                  0.000000    0.000000   clock clk (rise edge)
                                  0.000000    0.000000   clock source latency
     1    0.024940    0.117813    0.081389    0.081389 ^ clk (in)
                                                         clk (net)
                      0.117831    0.000000    0.081389 ^ clkbuf_0_clk/A (sky130_fd_sc_hd__clkbuf_16)
    16    0.113144    0.126631    0.222117    0.303506 ^ clkbuf_0_clk/X (sky130_fd_sc_hd__clkbuf_16)
                                                         clknet_0_clk (net)
                      0.126648    0.001518    0.305024 ^ clkbuf_4_2_0_clk/A (sky130_fd_sc_hd__clkbuf_8)
    18    0.068234    0.127061    0.220356    0.525380 ^ clkbuf_4_2_0_clk/X (sky130_fd_sc_hd__clkbuf_8)
                                                         clknet_4_2_0_clk (net)
                      0.127108    0.002342    0.527721 ^ _2992_/CLK (sky130_fd_sc_hd__dfrtp_1)
     3    0.006201    0.071089    0.368348    0.896069 ^ _2992_/Q (sky130_fd_sc_hd__dfrtp_1)
                                                         my_divider.divisor_reg[3] (net)
                      0.071089    0.000021    0.896091 ^ hold69/A (sky130_fd_sc_hd__dlygate4sd3_1)
     1    0.001817    0.045357    0.533423    1.429513 ^ hold69/X (sky130_fd_sc_hd__dlygate4sd3_1)
                                                         net74 (net)
                      0.045357    0.000015    1.429528 ^ _2782_/A0 (sky130_fd_sc_hd__mux2_1)
     1    0.001931    0.035919    0.107578    1.537106 ^ _2782_/X (sky130_fd_sc_hd__mux2_1)
                                                         _0251_ (net)
                      0.035919    0.000008    1.537114 ^ hold70/A (sky130_fd_sc_hd__dlygate4sd3_1)
     1    0.002402    0.049555    0.528156    2.065270 ^ hold70/X (sky130_fd_sc_hd__dlygate4sd3_1)
                                                         net75 (net)
                      0.049555    0.000021    2.065292 ^ _2992_/D (sky130_fd_sc_hd__dfrtp_1)
                                              2.065292   data arrival time

                                  0.000000    0.000000   clock clk (rise edge)
                                  0.000000    0.000000   clock source latency
     1    0.024940    0.117813    0.081389    0.081389 ^ clk (in)
                                                         clk (net)
                      0.117831    0.000000    0.081389 ^ clkbuf_0_clk/A (sky130_fd_sc_hd__clkbuf_16)
    16    0.113144    0.126631    0.222117    0.303506 ^ clkbuf_0_clk/X (sky130_fd_sc_hd__clkbuf_16)
                                                         clknet_0_clk (net)
                      0.126648    0.001518    0.305024 ^ clkbuf_4_2_0_clk/A (sky130_fd_sc_hd__clkbuf_8)
    18    0.068234    0.127061    0.220356    0.525380 ^ clkbuf_4_2_0_clk/X (sky130_fd_sc_hd__clkbuf_8)
                                                         clknet_4_2_0_clk (net)
                      0.127108    0.002342    0.527721 ^ _2992_/CLK (sky130_fd_sc_hd__dfrtp_1)
                                  0.500000    1.027722   clock uncertainty
                                  0.000000    1.027722   clock reconvergence pessimism
                                 -0.024490    1.003232   library hold time
                                              1.003232   data required time
---------------------------------------------------------------------------------------------
                                              1.003232   data required time
                                             -2.065292   data arrival time
---------------------------------------------------------------------------------------------
                                              1.062060   slack (MET)


Startpoint: _3079_ (rising edge-triggered flip-flop clocked by clk)
Endpoint: _3001_ (rising edge-triggered flip-flop clocked by clk)
Path Group: clk
Path Type: min

Fanout         Cap        Slew       Delay        Time   Description
---------------------------------------------------------------------------------------------
                                  0.000000    0.000000   clock clk (rise edge)
                                  0.000000    0.000000   clock source latency
     1    0.024940    0.117813    0.081389    0.081389 ^ clk (in)
                                                         clk (net)
                      0.117831    0.000000    0.081389 ^ clkbuf_0_clk/A (sky130_fd_sc_hd__clkbuf_16)
    16    0.113144    0.126631    0.222117    0.303506 ^ clkbuf_0_clk/X (sky130_fd_sc_hd__clkbuf_16)
                                                         clknet_0_clk (net)
                      0.126634    0.000903    0.304410 ^ clkbuf_4_6_0_clk/A (sky130_fd_sc_hd__clkbuf_8)
    12    0.055843    0.107139    0.205869    0.510279 ^ clkbuf_4_6_0_clk/X (sky130_fd_sc_hd__clkbuf_8)
                                                         clknet_4_6_0_clk (net)
                      0.107141    0.000694    0.510972 ^ _3079_/CLK (sky130_fd_sc_hd__dfrtp_4)
    17    0.070117    0.213045    0.562843    1.073815 ^ _3079_/Q (sky130_fd_sc_hd__dfrtp_4)
                                                         acc_reg[0] (net)
                      0.213054    0.001855    1.075669 ^ _2360_/A (sky130_fd_sc_hd__and2_1)
     3    0.020418    0.205616    0.275972    1.351642 ^ _2360_/X (sky130_fd_sc_hd__and2_1)
                                                         _0676_ (net)
                      0.205616    0.000799    1.352441 ^ _2766_/A1 (sky130_fd_sc_hd__a22o_1)
     1    0.001931    0.038616    0.163410    1.515851 ^ _2766_/X (sky130_fd_sc_hd__a22o_1)
                                                         _0260_ (net)
                      0.038616    0.000008    1.515859 ^ hold210/A (sky130_fd_sc_hd__dlygate4sd3_1)
     1    0.002701    0.052073    0.531844    2.047703 ^ hold210/X (sky130_fd_sc_hd__dlygate4sd3_1)
                                                         net215 (net)
                      0.052073    0.000028    2.047731 ^ _3001_/D (sky130_fd_sc_hd__dfrtp_1)
                                              2.047731   data arrival time

                                  0.000000    0.000000   clock clk (rise edge)
                                  0.000000    0.000000   clock source latency
     1    0.024940    0.117813    0.081389    0.081389 ^ clk (in)
                                                         clk (net)
                      0.117831    0.000000    0.081389 ^ clkbuf_0_clk/A (sky130_fd_sc_hd__clkbuf_16)
    16    0.113144    0.126631    0.222117    0.303506 ^ clkbuf_0_clk/X (sky130_fd_sc_hd__clkbuf_16)
                                                         clknet_0_clk (net)
                      0.126637    0.001062    0.304568 ^ clkbuf_4_8_0_clk/A (sky130_fd_sc_hd__clkbuf_8)
     9    0.051356    0.100012    0.200415    0.504983 ^ clkbuf_4_8_0_clk/X (sky130_fd_sc_hd__clkbuf_8)
                                                         clknet_4_8_0_clk (net)
                      0.100016    0.000733    0.505716 ^ _3001_/CLK (sky130_fd_sc_hd__dfrtp_1)
                                  0.500000    1.005716   clock uncertainty
                                  0.000000    1.005716   clock reconvergence pessimism
                                 -0.028719    0.976997   library hold time
                                              0.976997   data required time
---------------------------------------------------------------------------------------------
                                              0.976997   data required time
                                             -2.047731   data arrival time
---------------------------------------------------------------------------------------------
                                              1.070735   slack (MET)


Startpoint: _2991_ (rising edge-triggered flip-flop clocked by clk)
Endpoint: _2991_ (rising edge-triggered flip-flop clocked by clk)
Path Group: clk
Path Type: min

Fanout         Cap        Slew       Delay        Time   Description
---------------------------------------------------------------------------------------------
                                  0.000000    0.000000   clock clk (rise edge)
                                  0.000000    0.000000   clock source latency
     1    0.024940    0.117813    0.081389    0.081389 ^ clk (in)
                                                         clk (net)
                      0.117831    0.000000    0.081389 ^ clkbuf_0_clk/A (sky130_fd_sc_hd__clkbuf_16)
    16    0.113144    0.126631    0.222117    0.303506 ^ clkbuf_0_clk/X (sky130_fd_sc_hd__clkbuf_16)
                                                         clknet_0_clk (net)
                      0.126641    0.001277    0.304783 ^ clkbuf_4_10_0_clk/A (sky130_fd_sc_hd__clkbuf_8)
    10    0.052073    0.101109    0.201423    0.506206 ^ clkbuf_4_10_0_clk/X (sky130_fd_sc_hd__clkbuf_8)
                                                         clknet_4_10_0_clk (net)
                      0.101110    0.000534    0.506739 ^ _2991_/CLK (sky130_fd_sc_hd__dfrtp_1)
     3    0.006391    0.072579    0.360225    0.866965 ^ _2991_/Q (sky130_fd_sc_hd__dfrtp_1)
                                                         my_divider.divisor_reg[2] (net)
                      0.072579    0.000040    0.867005 ^ hold65/A (sky130_fd_sc_hd__dlygate4sd3_1)
     1    0.001912    0.047267    0.534748    1.401752 ^ hold65/X (sky130_fd_sc_hd__dlygate4sd3_1)
                                                         net70 (net)
                      0.047267    0.000010    1.401762 ^ _2783_/A0 (sky130_fd_sc_hd__mux2_1)
     1    0.002582    0.039634    0.113451    1.515213 ^ _2783_/X (sky130_fd_sc_hd__mux2_1)
                                                         _0250_ (net)
                      0.039634    0.000026    1.515239 ^ hold66/A (sky130_fd_sc_hd__dlygate4sd3_1)
     1    0.002862    0.053460    0.533696    2.048935 ^ hold66/X (sky130_fd_sc_hd__dlygate4sd3_1)
                                                         net71 (net)
                      0.053460    0.000030    2.048965 ^ _2991_/D (sky130_fd_sc_hd__dfrtp_1)
                                              2.048965   data arrival time

                                  0.000000    0.000000   clock clk (rise edge)
                                  0.000000    0.000000   clock source latency
     1    0.024940    0.117813    0.081389    0.081389 ^ clk (in)
                                                         clk (net)
                      0.117831    0.000000    0.081389 ^ clkbuf_0_clk/A (sky130_fd_sc_hd__clkbuf_16)
    16    0.113144    0.126631    0.222117    0.303506 ^ clkbuf_0_clk/X (sky130_fd_sc_hd__clkbuf_16)
                                                         clknet_0_clk (net)
                      0.126641    0.001277    0.304783 ^ clkbuf_4_10_0_clk/A (sky130_fd_sc_hd__clkbuf_8)
    10    0.052073    0.101109    0.201423    0.506206 ^ clkbuf_4_10_0_clk/X (sky130_fd_sc_hd__clkbuf_8)
                                                         clknet_4_10_0_clk (net)
                      0.101110    0.000534    0.506739 ^ _2991_/CLK (sky130_fd_sc_hd__dfrtp_1)
                                  0.500000    1.006739   clock uncertainty
                                  0.000000    1.006739   clock reconvergence pessimism
                                 -0.028858    0.977881   library hold time
                                              0.977881   data required time
---------------------------------------------------------------------------------------------
                                              0.977881   data required time
                                             -2.048965   data arrival time
---------------------------------------------------------------------------------------------
                                              1.071084   slack (MET)


Startpoint: _3085_ (rising edge-triggered flip-flop clocked by clk)
Endpoint: _3007_ (rising edge-triggered flip-flop clocked by clk)
Path Group: clk
Path Type: min

Fanout         Cap        Slew       Delay        Time   Description
---------------------------------------------------------------------------------------------
                                  0.000000    0.000000   clock clk (rise edge)
                                  0.000000    0.000000   clock source latency
     1    0.024940    0.117813    0.081389    0.081389 ^ clk (in)
                                                         clk (net)
                      0.117831    0.000000    0.081389 ^ clkbuf_0_clk/A (sky130_fd_sc_hd__clkbuf_16)
    16    0.113144    0.126631    0.222117    0.303506 ^ clkbuf_0_clk/X (sky130_fd_sc_hd__clkbuf_16)
                                                         clknet_0_clk (net)
                      0.126634    0.000903    0.304410 ^ clkbuf_4_6_0_clk/A (sky130_fd_sc_hd__clkbuf_8)
    12    0.055843    0.107139    0.205869    0.510279 ^ clkbuf_4_6_0_clk/X (sky130_fd_sc_hd__clkbuf_8)
                                                         clknet_4_6_0_clk (net)
                      0.107145    0.000928    0.511206 ^ _3085_/CLK (sky130_fd_sc_hd__dfrtp_4)
    20    0.079915    0.239018    0.583011    1.094217 ^ _3085_/Q (sky130_fd_sc_hd__dfrtp_4)
                                                         acc_reg[6] (net)
                      0.239022    0.001375    1.095592 ^ _2308_/A (sky130_fd_sc_hd__and2_2)
     3    0.034757    0.184514    0.304654    1.400246 ^ _2308_/X (sky130_fd_sc_hd__and2_2)
                                                         _0630_ (net)
                      0.184525    0.001546    1.401791 ^ _2741_/A1 (sky130_fd_sc_hd__a21o_1)
     1    0.002874    0.035378    0.135985    1.537776 ^ _2741_/X (sky130_fd_sc_hd__a21o_1)
                                                         _0266_ (net)
                      0.035378    0.000023    1.537799 ^ hold296/A (sky130_fd_sc_hd__dlygate4sd3_1)
     1    0.003350    0.057766    0.536892    2.074691 ^ hold296/X (sky130_fd_sc_hd__dlygate4sd3_1)
                                                         net301 (net)
                      0.057766    0.000030    2.074722 ^ _3007_/D (sky130_fd_sc_hd__dfrtp_1)
                                              2.074722   data arrival time

                                  0.000000    0.000000   clock clk (rise edge)
                                  0.000000    0.000000   clock source latency
     1    0.024940    0.117813    0.081389    0.081389 ^ clk (in)
                                                         clk (net)
                      0.117831    0.000000    0.081389 ^ clkbuf_0_clk/A (sky130_fd_sc_hd__clkbuf_16)
    16    0.113144    0.126631    0.222117    0.303506 ^ clkbuf_0_clk/X (sky130_fd_sc_hd__clkbuf_16)
                                                         clknet_0_clk (net)
                      0.126648    0.001518    0.305024 ^ clkbuf_4_2_0_clk/A (sky130_fd_sc_hd__clkbuf_8)
    18    0.068234    0.127061    0.220356    0.525380 ^ clkbuf_4_2_0_clk/X (sky130_fd_sc_hd__clkbuf_8)
                                                         clknet_4_2_0_clk (net)
                      0.127103    0.002234    0.527613 ^ _3007_/CLK (sky130_fd_sc_hd__dfrtp_1)
                                  0.500000    1.027614   clock uncertainty
                                  0.000000    1.027614   clock reconvergence pessimism
                                 -0.026194    1.001419   library hold time
                                              1.001419   data required time
---------------------------------------------------------------------------------------------
                                              1.001419   data required time
                                             -2.074722   data arrival time
---------------------------------------------------------------------------------------------
                                              1.073303   slack (MET)


Startpoint: _3106_ (rising edge-triggered flip-flop clocked by clk)
Endpoint: _2996_ (rising edge-triggered flip-flop clocked by clk)
Path Group: clk
Path Type: min

Fanout         Cap        Slew       Delay        Time   Description
---------------------------------------------------------------------------------------------
                                  0.000000    0.000000   clock clk (rise edge)
                                  0.000000    0.000000   clock source latency
     1    0.024940    0.117813    0.081389    0.081389 ^ clk (in)
                                                         clk (net)
                      0.117831    0.000000    0.081389 ^ clkbuf_0_clk/A (sky130_fd_sc_hd__clkbuf_16)
    16    0.113144    0.126631    0.222117    0.303506 ^ clkbuf_0_clk/X (sky130_fd_sc_hd__clkbuf_16)
                                                         clknet_0_clk (net)
                      0.126638    0.001133    0.304640 ^ clkbuf_4_4_0_clk/A (sky130_fd_sc_hd__clkbuf_8)
    11    0.057239    0.109341    0.207630    0.512270 ^ clkbuf_4_4_0_clk/X (sky130_fd_sc_hd__clkbuf_8)
                                                         clknet_4_4_0_clk (net)
                      0.109342    0.000608    0.512878 ^ _3106_/CLK (sky130_fd_sc_hd__dfrtp_4)
     8    0.045285    0.153563    0.513930    1.026809 ^ _3106_/Q (sky130_fd_sc_hd__dfrtp_4)
                                                         my_mul.x2[11] (net)
                      0.153564    0.000804    1.027612 ^ _1948_/B (sky130_fd_sc_hd__or2_1)
     2    0.008096    0.085834    0.154150    1.181762 ^ _1948_/X (sky130_fd_sc_hd__or2_1)
                                                         _1492_ (net)
                      0.085834    0.000142    1.181905 ^ _2300_/C (sky130_fd_sc_hd__or4_4)
    10    0.051652    0.155511    0.222114    1.404019 ^ _2300_/X (sky130_fd_sc_hd__or4_4)
                                                         _0623_ (net)
                      0.155522    0.001388    1.405406 ^ _2777_/A1 (sky130_fd_sc_hd__mux2_1)
     1    0.001883    0.035545    0.144294    1.549700 ^ _2777_/X (sky130_fd_sc_hd__mux2_1)
                                                         _0255_ (net)
                      0.035545    0.000008    1.549708 ^ hold97/A (sky130_fd_sc_hd__dlygate4sd3_1)
     1    0.002311    0.048864    0.527174    2.076882 ^ hold97/X (sky130_fd_sc_hd__dlygate4sd3_1)
                                                         net102 (net)
                      0.048864    0.000019    2.076901 ^ _2996_/D (sky130_fd_sc_hd__dfrtp_1)
                                              2.076901   data arrival time

                                  0.000000    0.000000   clock clk (rise edge)
                                  0.000000    0.000000   clock source latency
     1    0.024940    0.117813    0.081389    0.081389 ^ clk (in)
                                                         clk (net)
                      0.117831    0.000000    0.081389 ^ clkbuf_0_clk/A (sky130_fd_sc_hd__clkbuf_16)
    16    0.113144    0.126631    0.222117    0.303506 ^ clkbuf_0_clk/X (sky130_fd_sc_hd__clkbuf_16)
                                                         clknet_0_clk (net)
                      0.126648    0.001518    0.305024 ^ clkbuf_4_2_0_clk/A (sky130_fd_sc_hd__clkbuf_8)
    18    0.068234    0.127061    0.220356    0.525380 ^ clkbuf_4_2_0_clk/X (sky130_fd_sc_hd__clkbuf_8)
                                                         clknet_4_2_0_clk (net)
                      0.127079    0.001591    0.526971 ^ _2996_/CLK (sky130_fd_sc_hd__dfrtp_1)
                                  0.500000    1.026971   clock uncertainty
                                  0.000000    1.026971   clock reconvergence pessimism
                                 -0.024350    1.002621   library hold time
                                              1.002621   data required time
---------------------------------------------------------------------------------------------
                                              1.002621   data required time
                                             -2.076901   data arrival time
---------------------------------------------------------------------------------------------
                                              1.074280   slack (MET)


Startpoint: _3096_ (rising edge-triggered flip-flop clocked by clk)
Endpoint: _2990_ (rising edge-triggered flip-flop clocked by clk)
Path Group: clk
Path Type: min

Fanout         Cap        Slew       Delay        Time   Description
---------------------------------------------------------------------------------------------
                                  0.000000    0.000000   clock clk (rise edge)
                                  0.000000    0.000000   clock source latency
     1    0.024940    0.117813    0.081389    0.081389 ^ clk (in)
                                                         clk (net)
                      0.117831    0.000000    0.081389 ^ clkbuf_0_clk/A (sky130_fd_sc_hd__clkbuf_16)
    16    0.113144    0.126631    0.222117    0.303506 ^ clkbuf_0_clk/X (sky130_fd_sc_hd__clkbuf_16)
                                                         clknet_0_clk (net)
                      0.126638    0.001116    0.304622 ^ clkbuf_4_7_0_clk/A (sky130_fd_sc_hd__clkbuf_8)
    17    0.065580    0.122744    0.217395    0.522017 ^ clkbuf_4_7_0_clk/X (sky130_fd_sc_hd__clkbuf_8)
                                                         clknet_4_7_0_clk (net)
                      0.122768    0.001736    0.523753 ^ _3096_/CLK (sky130_fd_sc_hd__dfrtp_4)
    18    0.064430    0.198307    0.557130    1.080883 ^ _3096_/Q (sky130_fd_sc_hd__dfrtp_4)
                                                         my_mul.x2[1] (net)
                      0.198533    0.005992    1.086874 ^ _2351_/A (sky130_fd_sc_hd__and2_1)
     4    0.022570    0.225315    0.286751    1.373625 ^ _2351_/X (sky130_fd_sc_hd__and2_1)
                                                         _0668_ (net)
                      0.225316    0.001019    1.374645 ^ _2784_/A1 (sky130_fd_sc_hd__mux2_1)
     1    0.001859    0.035348    0.161095    1.535740 ^ _2784_/X (sky130_fd_sc_hd__mux2_1)
                                                         _0249_ (net)
                      0.035348    0.000007    1.535747 ^ hold75/A (sky130_fd_sc_hd__dlygate4sd3_1)
     1    0.002556    0.050844    0.529418    2.065165 ^ hold75/X (sky130_fd_sc_hd__dlygate4sd3_1)
                                                         net80 (net)
                      0.050844    0.000024    2.065189 ^ _2990_/D (sky130_fd_sc_hd__dfrtp_1)
                                              2.065189   data arrival time

                                  0.000000    0.000000   clock clk (rise edge)
                                  0.000000    0.000000   clock source latency
     1    0.024940    0.117813    0.081389    0.081389 ^ clk (in)
                                                         clk (net)
                      0.117831    0.000000    0.081389 ^ clkbuf_0_clk/A (sky130_fd_sc_hd__clkbuf_16)
    16    0.113144    0.126631    0.222117    0.303506 ^ clkbuf_0_clk/X (sky130_fd_sc_hd__clkbuf_16)
                                                         clknet_0_clk (net)
                      0.126641    0.001277    0.304783 ^ clkbuf_4_10_0_clk/A (sky130_fd_sc_hd__clkbuf_8)
    10    0.052073    0.101109    0.201423    0.506206 ^ clkbuf_4_10_0_clk/X (sky130_fd_sc_hd__clkbuf_8)
                                                         clknet_4_10_0_clk (net)
                      0.101110    0.000458    0.506664 ^ _2990_/CLK (sky130_fd_sc_hd__dfrtp_1)
                                  0.500000    1.006664   clock uncertainty
                                  0.000000    1.006664   clock reconvergence pessimism
                                 -0.028314    0.978350   library hold time
                                              0.978350   data required time
---------------------------------------------------------------------------------------------
                                              0.978350   data required time
                                             -2.065189   data arrival time
---------------------------------------------------------------------------------------------
                                              1.086838   slack (MET)


Startpoint: _2998_ (rising edge-triggered flip-flop clocked by clk)
Endpoint: _3010_ (rising edge-triggered flip-flop clocked by clk)
Path Group: clk
Path Type: min

Fanout         Cap        Slew       Delay        Time   Description
---------------------------------------------------------------------------------------------
                                  0.000000    0.000000   clock clk (rise edge)
                                  0.000000    0.000000   clock source latency
     1    0.024940    0.117813    0.081389    0.081389 ^ clk (in)
                                                         clk (net)
                      0.117831    0.000000    0.081389 ^ clkbuf_0_clk/A (sky130_fd_sc_hd__clkbuf_16)
    16    0.113144    0.126631    0.222117    0.303506 ^ clkbuf_0_clk/X (sky130_fd_sc_hd__clkbuf_16)
                                                         clknet_0_clk (net)
                      0.126655    0.001727    0.305233 ^ clkbuf_4_0_0_clk/A (sky130_fd_sc_hd__clkbuf_8)
    24    0.072074    0.132827    0.224642    0.529875 ^ clkbuf_4_0_0_clk/X (sky130_fd_sc_hd__clkbuf_8)
                                                         clknet_4_0_0_clk (net)
                      0.132848    0.001708    0.531583 ^ _2998_/CLK (sky130_fd_sc_hd__dfrtp_1)
     2    0.006616    0.074355    0.372905    0.904488 ^ _2998_/Q (sky130_fd_sc_hd__dfrtp_1)
                                                         my_divider.counter[1] (net)
                      0.074355    0.000076    0.904564 ^ _1548_/B (sky130_fd_sc_hd__or4b_1)
     3    0.015184    0.144857    0.187662    1.092226 ^ _1548_/X (sky130_fd_sc_hd__or4b_1)
                                                         _1093_ (net)
                      0.144857    0.000220    1.092446 ^ _2689_/B (sky130_fd_sc_hd__and2_4)
    17    0.078730    0.229243    0.310062    1.402509 ^ _2689_/X (sky130_fd_sc_hd__and2_4)
                                                         _0972_ (net)
                      0.229428    0.004077    1.406586 ^ _2727_/B2 (sky130_fd_sc_hd__a22o_1)
     1    0.002945    0.046688    0.161817    1.568402 ^ _2727_/X (sky130_fd_sc_hd__a22o_1)
                                                         _0269_ (net)
                      0.046688    0.000035    1.568438 ^ hold192/A (sky130_fd_sc_hd__dlygate4sd3_1)
     1    0.002187    0.047986    0.529628    2.098066 ^ hold192/X (sky130_fd_sc_hd__dlygate4sd3_1)
                                                         net197 (net)
                      0.047986    0.000018    2.098084 ^ _3010_/D (sky130_fd_sc_hd__dfrtp_1)
                                              2.098084   data arrival time

                                  0.000000    0.000000   clock clk (rise edge)
                                  0.000000    0.000000   clock source latency
     1    0.024940    0.117813    0.081389    0.081389 ^ clk (in)
                                                         clk (net)
                      0.117831    0.000000    0.081389 ^ clkbuf_0_clk/A (sky130_fd_sc_hd__clkbuf_16)
    16    0.113144    0.126631    0.222117    0.303506 ^ clkbuf_0_clk/X (sky130_fd_sc_hd__clkbuf_16)
                                                         clknet_0_clk (net)
                      0.126648    0.001518    0.305024 ^ clkbuf_4_2_0_clk/A (sky130_fd_sc_hd__clkbuf_8)
    18    0.068234    0.127061    0.220356    0.525380 ^ clkbuf_4_2_0_clk/X (sky130_fd_sc_hd__clkbuf_8)
                                                         clknet_4_2_0_clk (net)
                      0.127100    0.002153    0.527533 ^ _3010_/CLK (sky130_fd_sc_hd__dfrtp_1)
                                  0.500000    1.027533   clock uncertainty
                                  0.000000    1.027533   clock reconvergence pessimism
                                 -0.024166    1.003368   library hold time
                                              1.003368   data required time
---------------------------------------------------------------------------------------------
                                              1.003368   data required time
                                             -2.098084   data arrival time
---------------------------------------------------------------------------------------------
                                              1.094717   slack (MET)


Startpoint: _2994_ (rising edge-triggered flip-flop clocked by clk)
Endpoint: _2994_ (rising edge-triggered flip-flop clocked by clk)
Path Group: clk
Path Type: min

Fanout         Cap        Slew       Delay        Time   Description
---------------------------------------------------------------------------------------------
                                  0.000000    0.000000   clock clk (rise edge)
                                  0.000000    0.000000   clock source latency
     1    0.024940    0.117813    0.081389    0.081389 ^ clk (in)
                                                         clk (net)
                      0.117831    0.000000    0.081389 ^ clkbuf_0_clk/A (sky130_fd_sc_hd__clkbuf_16)
    16    0.113144    0.126631    0.222117    0.303506 ^ clkbuf_0_clk/X (sky130_fd_sc_hd__clkbuf_16)
                                                         clknet_0_clk (net)
                      0.126648    0.001518    0.305024 ^ clkbuf_4_2_0_clk/A (sky130_fd_sc_hd__clkbuf_8)
    18    0.068234    0.127061    0.220356    0.525380 ^ clkbuf_4_2_0_clk/X (sky130_fd_sc_hd__clkbuf_8)
                                                         clknet_4_2_0_clk (net)
                      0.127100    0.002158    0.527538 ^ _2994_/CLK (sky130_fd_sc_hd__dfrtp_1)
     3    0.009019    0.092730    0.387307    0.914845 ^ _2994_/Q (sky130_fd_sc_hd__dfrtp_1)
                                                         my_divider.divisor_reg[5] (net)
                      0.092730    0.000051    0.914896 ^ hold131/A (sky130_fd_sc_hd__dlygate4sd3_1)
     1    0.002201    0.048088    0.543294    1.458189 ^ hold131/X (sky130_fd_sc_hd__dlygate4sd3_1)
                                                         net136 (net)
                      0.048088    0.000020    1.458210 ^ _2780_/A0 (sky130_fd_sc_hd__mux2_1)
     1    0.002918    0.042188    0.116427    1.574637 ^ _2780_/X (sky130_fd_sc_hd__mux2_1)
                                                         _0253_ (net)
                      0.042188    0.000035    1.574672 ^ hold132/A (sky130_fd_sc_hd__dlygate4sd3_1)
     1    0.002373    0.049329    0.529922    2.104594 ^ hold132/X (sky130_fd_sc_hd__dlygate4sd3_1)
                                                         net137 (net)
                      0.049329    0.000020    2.104615 ^ _2994_/D (sky130_fd_sc_hd__dfrtp_1)
                                              2.104615   data arrival time

                                  0.000000    0.000000   clock clk (rise edge)
                                  0.000000    0.000000   clock source latency
     1    0.024940    0.117813    0.081389    0.081389 ^ clk (in)
                                                         clk (net)
                      0.117831    0.000000    0.081389 ^ clkbuf_0_clk/A (sky130_fd_sc_hd__clkbuf_16)
    16    0.113144    0.126631    0.222117    0.303506 ^ clkbuf_0_clk/X (sky130_fd_sc_hd__clkbuf_16)
                                                         clknet_0_clk (net)
                      0.126648    0.001518    0.305024 ^ clkbuf_4_2_0_clk/A (sky130_fd_sc_hd__clkbuf_8)
    18    0.068234    0.127061    0.220356    0.525380 ^ clkbuf_4_2_0_clk/X (sky130_fd_sc_hd__clkbuf_8)
                                                         clknet_4_2_0_clk (net)
                      0.127100    0.002158    0.527538 ^ _2994_/CLK (sky130_fd_sc_hd__dfrtp_1)
                                  0.500000    1.027538   clock uncertainty
                                  0.000000    1.027538   clock reconvergence pessimism
                                 -0.024444    1.003094   library hold time
                                              1.003094   data required time
---------------------------------------------------------------------------------------------
                                              1.003094   data required time
                                             -2.104615   data arrival time
---------------------------------------------------------------------------------------------
                                              1.101521   slack (MET)


Startpoint: _2993_ (rising edge-triggered flip-flop clocked by clk)
Endpoint: _2993_ (rising edge-triggered flip-flop clocked by clk)
Path Group: clk
Path Type: min

Fanout         Cap        Slew       Delay        Time   Description
---------------------------------------------------------------------------------------------
                                  0.000000    0.000000   clock clk (rise edge)
                                  0.000000    0.000000   clock source latency
     1    0.024940    0.117813    0.081389    0.081389 ^ clk (in)
                                                         clk (net)
                      0.117831    0.000000    0.081389 ^ clkbuf_0_clk/A (sky130_fd_sc_hd__clkbuf_16)
    16    0.113144    0.126631    0.222117    0.303506 ^ clkbuf_0_clk/X (sky130_fd_sc_hd__clkbuf_16)
                                                         clknet_0_clk (net)
                      0.126637    0.001062    0.304568 ^ clkbuf_4_8_0_clk/A (sky130_fd_sc_hd__clkbuf_8)
     9    0.051356    0.100012    0.200415    0.504983 ^ clkbuf_4_8_0_clk/X (sky130_fd_sc_hd__clkbuf_8)
                                                         clknet_4_8_0_clk (net)
                      0.100016    0.000743    0.505726 ^ _2993_/CLK (sky130_fd_sc_hd__dfrtp_1)
     3    0.010209    0.101983    0.384973    0.890699 ^ _2993_/Q (sky130_fd_sc_hd__dfrtp_1)
                                                         my_divider.divisor_reg[4] (net)
                      0.101983    0.000061    0.890760 ^ hold88/A (sky130_fd_sc_hd__dlygate4sd3_1)
     1    0.002729    0.052340    0.550916    1.441676 ^ hold88/X (sky130_fd_sc_hd__dlygate4sd3_1)
                                                         net93 (net)
                      0.052340    0.000030    1.441706 ^ _2781_/A0 (sky130_fd_sc_hd__mux2_1)
     1    0.002272    0.037375    0.112721    1.554427 ^ _2781_/X (sky130_fd_sc_hd__mux2_1)
                                                         _0252_ (net)
                      0.037375    0.000021    1.554448 ^ hold89/A (sky130_fd_sc_hd__dlygate4sd3_1)
     1    0.002240    0.050184    0.527106    2.081553 ^ hold89/X (sky130_fd_sc_hd__dlygate4sd3_1)
                                                         net94 (net)
                      0.050184    0.000010    2.081564 ^ _2993_/D (sky130_fd_sc_hd__dfrtp_1)
                                              2.081564   data arrival time

                                  0.000000    0.000000   clock clk (rise edge)
                                  0.000000    0.000000   clock source latency
     1    0.024940    0.117813    0.081389    0.081389 ^ clk (in)
                                                         clk (net)
                      0.117831    0.000000    0.081389 ^ clkbuf_0_clk/A (sky130_fd_sc_hd__clkbuf_16)
    16    0.113144    0.126631    0.222117    0.303506 ^ clkbuf_0_clk/X (sky130_fd_sc_hd__clkbuf_16)
                                                         clknet_0_clk (net)
                      0.126637    0.001062    0.304568 ^ clkbuf_4_8_0_clk/A (sky130_fd_sc_hd__clkbuf_8)
     9    0.051356    0.100012    0.200415    0.504983 ^ clkbuf_4_8_0_clk/X (sky130_fd_sc_hd__clkbuf_8)
                                                         clknet_4_8_0_clk (net)
                      0.100016    0.000743    0.505726 ^ _2993_/CLK (sky130_fd_sc_hd__dfrtp_1)
                                  0.500000    1.005726   clock uncertainty
                                  0.000000    1.005726   clock reconvergence pessimism
                                 -0.028326    0.977400   library hold time
                                              0.977400   data required time
---------------------------------------------------------------------------------------------
                                              0.977400   data required time
                                             -2.081564   data arrival time
---------------------------------------------------------------------------------------------
                                              1.104163   slack (MET)


Startpoint: _3013_ (rising edge-triggered flip-flop clocked by clk)
Endpoint: _3013_ (rising edge-triggered flip-flop clocked by clk)
Path Group: clk
Path Type: min

Fanout         Cap        Slew       Delay        Time   Description
---------------------------------------------------------------------------------------------
                                  0.000000    0.000000   clock clk (rise edge)
                                  0.000000    0.000000   clock source latency
     1    0.024940    0.117813    0.081389    0.081389 ^ clk (in)
                                                         clk (net)
                      0.117831    0.000000    0.081389 ^ clkbuf_0_clk/A (sky130_fd_sc_hd__clkbuf_16)
    16    0.113144    0.126631    0.222117    0.303506 ^ clkbuf_0_clk/X (sky130_fd_sc_hd__clkbuf_16)
                                                         clknet_0_clk (net)
                      0.126645    0.001407    0.304913 ^ clkbuf_4_3_0_clk/A (sky130_fd_sc_hd__clkbuf_8)
    11    0.057380    0.109561    0.207812    0.512725 ^ clkbuf_4_3_0_clk/X (sky130_fd_sc_hd__clkbuf_8)
                                                         clknet_4_3_0_clk (net)
                      0.109561    0.000417    0.513143 ^ _3013_/CLK (sky130_fd_sc_hd__dfrtp_1)
     1    0.002190    0.040289    0.332985    0.846128 ^ _3013_/Q (sky130_fd_sc_hd__dfrtp_1)
                                                         div_quotient[3] (net)
                      0.040289    0.000020    0.846147 ^ hold84/A (sky130_fd_sc_hd__dlygate4sd3_1)
     3    0.009392    0.110235    0.584571    1.430718 ^ hold84/X (sky130_fd_sc_hd__dlygate4sd3_1)
                                                         net89 (net)
                      0.110235    0.000082    1.430801 ^ _2696_/B2 (sky130_fd_sc_hd__a22o_1)
     1    0.003884    0.053307    0.141969    1.572770 ^ _2696_/X (sky130_fd_sc_hd__a22o_1)
                                                         _0272_ (net)
                      0.053307    0.000058    1.572828 ^ hold111/A (sky130_fd_sc_hd__dlygate4sd3_1)
     1    0.002318    0.050931    0.533018    2.105846 ^ hold111/X (sky130_fd_sc_hd__dlygate4sd3_1)
                                                         net116 (net)
                      0.050931    0.000011    2.105856 ^ _3013_/D (sky130_fd_sc_hd__dfrtp_1)
                                              2.105856   data arrival time

                                  0.000000    0.000000   clock clk (rise edge)
                                  0.000000    0.000000   clock source latency
     1    0.024940    0.117813    0.081389    0.081389 ^ clk (in)
                                                         clk (net)
                      0.117831    0.000000    0.081389 ^ clkbuf_0_clk/A (sky130_fd_sc_hd__clkbuf_16)
    16    0.113144    0.126631    0.222117    0.303506 ^ clkbuf_0_clk/X (sky130_fd_sc_hd__clkbuf_16)
                                                         clknet_0_clk (net)
                      0.126645    0.001407    0.304913 ^ clkbuf_4_3_0_clk/A (sky130_fd_sc_hd__clkbuf_8)
    11    0.057380    0.109561    0.207812    0.512725 ^ clkbuf_4_3_0_clk/X (sky130_fd_sc_hd__clkbuf_8)
                                                         clknet_4_3_0_clk (net)
                      0.109561    0.000417    0.513143 ^ _3013_/CLK (sky130_fd_sc_hd__dfrtp_1)
                                  0.500000    1.013143   clock uncertainty
                                  0.000000    1.013143   clock reconvergence pessimism
                                 -0.027176    0.985967   library hold time
                                              0.985967   data required time
---------------------------------------------------------------------------------------------
                                              0.985967   data required time
                                             -2.105856   data arrival time
---------------------------------------------------------------------------------------------
                                              1.119889   slack (MET)


Startpoint: _3155_ (rising edge-triggered flip-flop clocked by clk)
Endpoint: _3154_ (rising edge-triggered flip-flop clocked by clk)
Path Group: clk
Path Type: min

Fanout         Cap        Slew       Delay        Time   Description
---------------------------------------------------------------------------------------------
                                  0.000000    0.000000   clock clk (rise edge)
                                  0.000000    0.000000   clock source latency
     1    0.024940    0.117813    0.081389    0.081389 ^ clk (in)
                                                         clk (net)
                      0.117831    0.000000    0.081389 ^ clkbuf_0_clk/A (sky130_fd_sc_hd__clkbuf_16)
    16    0.113144    0.126631    0.222117    0.303506 ^ clkbuf_0_clk/X (sky130_fd_sc_hd__clkbuf_16)
                                                         clknet_0_clk (net)
                      0.126655    0.001727    0.305233 ^ clkbuf_4_0_0_clk/A (sky130_fd_sc_hd__clkbuf_8)
    24    0.072074    0.132827    0.224642    0.529875 ^ clkbuf_4_0_0_clk/X (sky130_fd_sc_hd__clkbuf_8)
                                                         clknet_4_0_0_clk (net)
                      0.132995    0.003258    0.533133 ^ _3155_/CLK (sky130_fd_sc_hd__dfrtp_1)
     4    0.012322    0.119238    0.409402    0.942535 ^ _3155_/Q (sky130_fd_sc_hd__dfrtp_1)
                                                         state[3] (net)
                      0.119238    0.000048    0.942583 ^ hold222/A (sky130_fd_sc_hd__dlygate4sd3_1)
     1    0.002485    0.050267    0.553599    1.496182 ^ hold222/X (sky130_fd_sc_hd__dlygate4sd3_1)
                                                         net227 (net)
                      0.050267    0.000027    1.496209 ^ _2786_/A (sky130_fd_sc_hd__and3_1)
     1    0.002865    0.049867    0.135683    1.631892 ^ _2786_/X (sky130_fd_sc_hd__and3_1)
                                                         _0005_ (net)
                      0.049867    0.000024    1.631916 ^ hold223/A (sky130_fd_sc_hd__dlygate4sd3_1)
     1    0.002210    0.048152    0.530876    2.162791 ^ hold223/X (sky130_fd_sc_hd__dlygate4sd3_1)
                                                         net228 (net)
                      0.048152    0.000018    2.162809 ^ _3154_/D (sky130_fd_sc_hd__dfrtp_1)
                                              2.162809   data arrival time

                                  0.000000    0.000000   clock clk (rise edge)
                                  0.000000    0.000000   clock source latency
     1    0.024940    0.117813    0.081389    0.081389 ^ clk (in)
                                                         clk (net)
                      0.117831    0.000000    0.081389 ^ clkbuf_0_clk/A (sky130_fd_sc_hd__clkbuf_16)
    16    0.113144    0.126631    0.222117    0.303506 ^ clkbuf_0_clk/X (sky130_fd_sc_hd__clkbuf_16)
                                                         clknet_0_clk (net)
                      0.126655    0.001727    0.305233 ^ clkbuf_4_0_0_clk/A (sky130_fd_sc_hd__clkbuf_8)
    24    0.072074    0.132827    0.224642    0.529875 ^ clkbuf_4_0_0_clk/X (sky130_fd_sc_hd__clkbuf_8)
                                                         clknet_4_0_0_clk (net)
                      0.132861    0.002075    0.531950 ^ _3154_/CLK (sky130_fd_sc_hd__dfrtp_1)
                                  0.500000    1.031950   clock uncertainty
                                  0.000000    1.031950   clock reconvergence pessimism
                                 -0.023412    1.008538   library hold time
                                              1.008538   data required time
---------------------------------------------------------------------------------------------
                                              1.008538   data required time
                                             -2.162809   data arrival time
---------------------------------------------------------------------------------------------
                                              1.154272   slack (MET)


Startpoint: _3117_ (rising edge-triggered flip-flop clocked by clk)
Endpoint: _3150_ (rising edge-triggered flip-flop clocked by clk)
Path Group: clk
Path Type: min

Fanout         Cap        Slew       Delay        Time   Description
---------------------------------------------------------------------------------------------
                                  0.000000    0.000000   clock clk (rise edge)
                                  0.000000    0.000000   clock source latency
     1    0.024940    0.117813    0.081389    0.081389 ^ clk (in)
                                                         clk (net)
                      0.117831    0.000000    0.081389 ^ clkbuf_0_clk/A (sky130_fd_sc_hd__clkbuf_16)
    16    0.113144    0.126631    0.222117    0.303506 ^ clkbuf_0_clk/X (sky130_fd_sc_hd__clkbuf_16)
                                                         clknet_0_clk (net)
                      0.126655    0.001727    0.305233 ^ clkbuf_4_0_0_clk/A (sky130_fd_sc_hd__clkbuf_8)
    24    0.072074    0.132827    0.224642    0.529875 ^ clkbuf_4_0_0_clk/X (sky130_fd_sc_hd__clkbuf_8)
                                                         clknet_4_0_0_clk (net)
                      0.132846    0.001625    0.531500 ^ _3117_/CLK (sky130_fd_sc_hd__dfrtp_1)
     1    0.002031    0.039259    0.339688    0.871188 ^ _3117_/Q (sky130_fd_sc_hd__dfrtp_1)
                                                         shift_in[6] (net)
                      0.039259    0.000017    0.871205 ^ hold234/A (sky130_fd_sc_hd__dlygate4sd3_1)
     5    0.013374    0.146813    0.611596    1.482801 ^ hold234/X (sky130_fd_sc_hd__dlygate4sd3_1)
                                                         net239 (net)
                      0.146813    0.000042    1.482843 ^ _1510_/A1 (sky130_fd_sc_hd__mux2_1)
     1    0.002885    0.041934    0.150245    1.633088 ^ _1510_/X (sky130_fd_sc_hd__mux2_1)
                                                         _0246_ (net)
                      0.041934    0.000034    1.633122 ^ hold237/A (sky130_fd_sc_hd__dlygate4sd3_1)
     1    0.002874    0.053559    0.534554    2.167676 ^ hold237/X (sky130_fd_sc_hd__dlygate4sd3_1)
                                                         net242 (net)
                      0.053559    0.000030    2.167706 ^ _3150_/D (sky130_fd_sc_hd__dfrtp_2)
                                              2.167706   data arrival time

                                  0.000000    0.000000   clock clk (rise edge)
                                  0.000000    0.000000   clock source latency
     1    0.024940    0.117813    0.081389    0.081389 ^ clk (in)
                                                         clk (net)
                      0.117831    0.000000    0.081389 ^ clkbuf_0_clk/A (sky130_fd_sc_hd__clkbuf_16)
    16    0.113144    0.126631    0.222117    0.303506 ^ clkbuf_0_clk/X (sky130_fd_sc_hd__clkbuf_16)
                                                         clknet_0_clk (net)
                      0.126655    0.001727    0.305233 ^ clkbuf_4_0_0_clk/A (sky130_fd_sc_hd__clkbuf_8)
    24    0.072074    0.132827    0.224642    0.529875 ^ clkbuf_4_0_0_clk/X (sky130_fd_sc_hd__clkbuf_8)
                                                         clknet_4_0_0_clk (net)
                      0.132844    0.001586    0.531461 ^ _3150_/CLK (sky130_fd_sc_hd__dfrtp_2)
                                  0.500000    1.031461   clock uncertainty
                                  0.000000    1.031461   clock reconvergence pessimism
                                 -0.024427    1.007033   library hold time
                                              1.007033   data required time
---------------------------------------------------------------------------------------------
                                              1.007033   data required time
                                             -2.167706   data arrival time
---------------------------------------------------------------------------------------------
                                              1.160672   slack (MET)


Startpoint: _2989_ (rising edge-triggered flip-flop clocked by clk)
Endpoint: _2989_ (rising edge-triggered flip-flop clocked by clk)
Path Group: clk
Path Type: min

Fanout         Cap        Slew       Delay        Time   Description
---------------------------------------------------------------------------------------------
                                  0.000000    0.000000   clock clk (rise edge)
                                  0.000000    0.000000   clock source latency
     1    0.024940    0.117813    0.081389    0.081389 ^ clk (in)
                                                         clk (net)
                      0.117831    0.000000    0.081389 ^ clkbuf_0_clk/A (sky130_fd_sc_hd__clkbuf_16)
    16    0.113144    0.126631    0.222117    0.303506 ^ clkbuf_0_clk/X (sky130_fd_sc_hd__clkbuf_16)
                                                         clknet_0_clk (net)
                      0.126641    0.001277    0.304783 ^ clkbuf_4_10_0_clk/A (sky130_fd_sc_hd__clkbuf_8)
    10    0.052073    0.101109    0.201423    0.506206 ^ clkbuf_4_10_0_clk/X (sky130_fd_sc_hd__clkbuf_8)
                                                         clknet_4_10_0_clk (net)
                      0.101109    0.000387    0.506593 ^ _2989_/CLK (sky130_fd_sc_hd__dfrtp_1)
     3    0.009159    0.093679    0.378880    0.885473 ^ _2989_/Q (sky130_fd_sc_hd__dfrtp_1)
                                                         my_divider.divisor_reg[0] (net)
                      0.093679    0.000024    0.885497 ^ hold224/A (sky130_fd_sc_hd__dlygate4sd3_1)
     3    0.009119    0.107729    0.598527    1.484024 ^ hold224/X (sky130_fd_sc_hd__dlygate4sd3_1)
                                                         net229 (net)
                      0.107729    0.000093    1.484117 ^ _2785_/A0 (sky130_fd_sc_hd__mux2_1)
     1    0.003010    0.042887    0.137673    1.621790 ^ _2785_/X (sky130_fd_sc_hd__mux2_1)
                                                         _0248_ (net)
                      0.042887    0.000039    1.621829 ^ hold225/A (sky130_fd_sc_hd__dlygate4sd3_1)
     1    0.002356    0.049200    0.529984    2.151812 ^ hold225/X (sky130_fd_sc_hd__dlygate4sd3_1)
                                                         net230 (net)
                      0.049200    0.000021    2.151833 ^ _2989_/D (sky130_fd_sc_hd__dfrtp_1)
                                              2.151833   data arrival time

                                  0.000000    0.000000   clock clk (rise edge)
                                  0.000000    0.000000   clock source latency
     1    0.024940    0.117813    0.081389    0.081389 ^ clk (in)
                                                         clk (net)
                      0.117831    0.000000    0.081389 ^ clkbuf_0_clk/A (sky130_fd_sc_hd__clkbuf_16)
    16    0.113144    0.126631    0.222117    0.303506 ^ clkbuf_0_clk/X (sky130_fd_sc_hd__clkbuf_16)
                                                         clknet_0_clk (net)
                      0.126641    0.001277    0.304783 ^ clkbuf_4_10_0_clk/A (sky130_fd_sc_hd__clkbuf_8)
    10    0.052073    0.101109    0.201423    0.506206 ^ clkbuf_4_10_0_clk/X (sky130_fd_sc_hd__clkbuf_8)
                                                         clknet_4_10_0_clk (net)
                      0.101109    0.000387    0.506593 ^ _2989_/CLK (sky130_fd_sc_hd__dfrtp_1)
                                  0.500000    1.006593   clock uncertainty
                                  0.000000    1.006593   clock reconvergence pessimism
                                 -0.027972    0.978621   library hold time
                                              0.978621   data required time
---------------------------------------------------------------------------------------------
                                              0.978621   data required time
                                             -2.151833   data arrival time
---------------------------------------------------------------------------------------------
                                              1.173211   slack (MET)


Startpoint: _3149_ (rising edge-triggered flip-flop clocked by clk)
Endpoint: _3149_ (rising edge-triggered flip-flop clocked by clk)
Path Group: clk
Path Type: min

Fanout         Cap        Slew       Delay        Time   Description
---------------------------------------------------------------------------------------------
                                  0.000000    0.000000   clock clk (rise edge)
                                  0.000000    0.000000   clock source latency
     1    0.024940    0.117813    0.081389    0.081389 ^ clk (in)
                                                         clk (net)
                      0.117831    0.000000    0.081389 ^ clkbuf_0_clk/A (sky130_fd_sc_hd__clkbuf_16)
    16    0.113144    0.126631    0.222117    0.303506 ^ clkbuf_0_clk/X (sky130_fd_sc_hd__clkbuf_16)
                                                         clknet_0_clk (net)
                      0.126656    0.001769    0.305275 ^ clkbuf_4_1_0_clk/A (sky130_fd_sc_hd__clkbuf_8)
    16    0.066697    0.124509    0.218819    0.524094 ^ clkbuf_4_1_0_clk/X (sky130_fd_sc_hd__clkbuf_8)
                                                         clknet_4_1_0_clk (net)
                      0.124517    0.001151    0.525246 ^ _3149_/CLK (sky130_fd_sc_hd__dfrtp_1)
     3    0.008635    0.090097    0.383938    0.909184 ^ _3149_/Q (sky130_fd_sc_hd__dfrtp_1)
                                                         op_reg[1] (net)
                      0.090097    0.000092    0.909276 ^ hold218/A (sky130_fd_sc_hd__dlygate4sd3_1)
     3    0.009518    0.111378    0.600255    1.509531 ^ hold218/X (sky130_fd_sc_hd__dlygate4sd3_1)
                                                         net223 (net)
                      0.111378    0.000110    1.509641 ^ _1511_/A0 (sky130_fd_sc_hd__mux2_1)
     1    0.002391    0.038224    0.133987    1.643628 ^ _1511_/X (sky130_fd_sc_hd__mux2_1)
                                                         _0245_ (net)
                      0.038224    0.000024    1.643652 ^ hold231/A (sky130_fd_sc_hd__dlygate4sd3_1)
     1    0.003287    0.057198    0.537230    2.180883 ^ hold231/X (sky130_fd_sc_hd__dlygate4sd3_1)
                                                         net236 (net)
                      0.057198    0.000040    2.180922 ^ _3149_/D (sky130_fd_sc_hd__dfrtp_1)
                                              2.180922   data arrival time

                                  0.000000    0.000000   clock clk (rise edge)
                                  0.000000    0.000000   clock source latency
     1    0.024940    0.117813    0.081389    0.081389 ^ clk (in)
                                                         clk (net)
                      0.117831    0.000000    0.081389 ^ clkbuf_0_clk/A (sky130_fd_sc_hd__clkbuf_16)
    16    0.113144    0.126631    0.222117    0.303506 ^ clkbuf_0_clk/X (sky130_fd_sc_hd__clkbuf_16)
                                                         clknet_0_clk (net)
                      0.126656    0.001769    0.305275 ^ clkbuf_4_1_0_clk/A (sky130_fd_sc_hd__clkbuf_8)
    16    0.066697    0.124509    0.218819    0.524094 ^ clkbuf_4_1_0_clk/X (sky130_fd_sc_hd__clkbuf_8)
                                                         clknet_4_1_0_clk (net)
                      0.124517    0.001151    0.525246 ^ _3149_/CLK (sky130_fd_sc_hd__dfrtp_1)
                                  0.500000    1.025245   clock uncertainty
                                  0.000000    1.025245   clock reconvergence pessimism
                                 -0.026431    0.998815   library hold time
                                              0.998815   data required time
---------------------------------------------------------------------------------------------
                                              0.998815   data required time
                                             -2.180922   data arrival time
---------------------------------------------------------------------------------------------
                                              1.182107   slack (MET)



