Instance,Terminal,Layer,X location,Y location,Voltage
FILLER_62_368,VGND,li1,175.2600,179.5200,0.000000
FILLER_62_365,VGND,li1,174.1100,179.5200,0.000000
FILLER_62_361,VGND,li1,172.2700,179.5200,0.000000
FILLER_62_358,VGND,li1,170.8900,179.5200,0.000000
FILLER_62_355,VGND,li1,169.5100,179.5200,0.000000
FILLER_62_352,VGND,li1,168.1300,179.5200,0.000000
FILLER_62_349,VGND,li1,166.7500,179.5200,0.000000
FILLER_62_346,VGND,li1,165.3700,179.5200,0.000000
FILLER_62_343,VGND,li1,163.9900,179.5200,0.000000
FILLER_62_340,VGND,li1,162.6100,179.5200,0.000000
FILLER_62_337,VGND,li1,161.2300,179.5200,0.000000
FILLER_62_333,VGND,li1,159.3900,179.5200,0.000000
FILLER_62_330,VGND,li1,158.0100,179.5200,0.000000
FILLER_62_327,VGND,li1,156.6300,179.5200,0.000000
FILLER_62_324,VGND,li1,155.2500,179.5200,0.000000
FILLER_62_321,VGND,li1,153.8700,179.5200,0.000000
FILLER_62_318,VGND,li1,152.4900,179.5200,0.000000
FILLER_62_315,VGND,li1,151.1100,179.5200,0.000000
FILLER_62_312,VGND,li1,149.7300,179.5200,0.000000
FILLER_62_309,VGND,li1,148.3500,179.5200,0.000000
FILLER_62_305,VGND,li1,146.5100,179.5200,0.000000
FILLER_62_302,VGND,li1,145.1300,179.5200,0.000000
FILLER_62_299,VGND,li1,143.7500,179.5200,0.000000
FILLER_62_296,VGND,li1,142.3700,179.5200,0.000000
FILLER_62_293,VGND,li1,140.9900,179.5200,0.000000
FILLER_62_290,VGND,li1,139.6100,179.5200,0.000000
FILLER_62_287,VGND,li1,138.2300,179.5200,0.000000
FILLER_62_284,VGND,li1,136.8500,179.5200,0.000000
FILLER_62_281,VGND,li1,135.4700,179.5200,0.000000
FILLER_62_277,VGND,li1,133.6300,179.5200,0.000000
FILLER_62_274,VGND,li1,132.2500,179.5200,0.000000
FILLER_62_271,VGND,li1,130.8700,179.5200,0.000000
FILLER_62_268,VGND,li1,129.4900,179.5200,0.000000
FILLER_62_265,VGND,li1,128.1100,179.5200,0.000000
FILLER_62_262,VGND,li1,126.7300,179.5200,0.000000
FILLER_62_259,VGND,li1,125.3500,179.5200,0.000000
FILLER_62_256,VGND,li1,123.9700,179.5200,0.000000
FILLER_62_253,VGND,li1,122.5900,179.5200,0.000000
FILLER_62_249,VGND,li1,120.7500,179.5200,0.000000
FILLER_62_246,VGND,li1,119.3700,179.5200,0.000000
FILLER_62_243,VGND,li1,117.9900,179.5200,0.000000
FILLER_62_240,VGND,li1,116.6100,179.5200,0.000000
FILLER_62_237,VGND,li1,115.2300,179.5200,0.000000
FILLER_62_234,VGND,li1,113.8500,179.5200,0.000000
FILLER_62_231,VGND,li1,112.4700,179.5200,0.000000
FILLER_62_228,VGND,li1,111.0900,179.5200,0.000000
FILLER_62_225,VGND,li1,109.7100,179.5200,0.000000
FILLER_62_222,VGND,li1,108.1000,179.5200,0.000000
FILLER_62_219,VGND,li1,106.9500,179.5200,0.000000
FILLER_62_216,VGND,li1,105.5700,179.5200,0.000000
FILLER_62_206,VGND,li1,100.9700,179.5200,0.000000
FILLER_62_203,VGND,li1,99.5900,179.5200,0.000000
FILLER_62_200,VGND,li1,98.2100,179.5200,0.000000
FILLER_62_197,VGND,li1,96.8300,179.5200,0.000000
FILLER_62_195,VGND,li1,95.4500,179.5200,0.000000
FILLER_62_192,VGND,li1,94.5300,179.5200,0.000000
FILLER_62_189,VGND,li1,93.1500,179.5200,0.000000
FILLER_62_186,VGND,li1,91.7700,179.5200,0.000000
FILLER_62_180,VGND,li1,89.0100,179.5200,0.000000
FILLER_62_177,VGND,li1,87.6300,179.5200,0.000000
FILLER_62_169,VGND,li1,83.7200,179.5200,0.000000
FILLER_62_165,VGND,li1,82.1100,179.5200,0.000000
FILLER_62_162,VGND,li1,80.7300,179.5200,0.000000
FILLER_62_159,VGND,li1,79.3500,179.5200,0.000000
FILLER_62_156,VGND,li1,77.9700,179.5200,0.000000
FILLER_62_153,VGND,li1,76.5900,179.5200,0.000000
FILLER_62_150,VGND,li1,75.2100,179.5200,0.000000
FILLER_62_147,VGND,li1,73.8300,179.5200,0.000000
FILLER_62_144,VGND,li1,72.4500,179.5200,0.000000
FILLER_62_141,VGND,li1,71.0700,179.5200,0.000000
FILLER_62_137,VGND,li1,69.2300,179.5200,0.000000
FILLER_62_134,VGND,li1,67.8500,179.5200,0.000000
FILLER_62_131,VGND,li1,66.4700,179.5200,0.000000
FILLER_62_122,VGND,li1,62.3300,179.5200,0.000000
FILLER_62_119,VGND,li1,60.9500,179.5200,0.000000
FILLER_62_116,VGND,li1,59.5700,179.5200,0.000000
FILLER_62_113,VGND,li1,58.1900,179.5200,0.000000
FILLER_62_109,VGND,li1,56.3500,179.5200,0.000000
FILLER_62_106,VGND,li1,54.9700,179.5200,0.000000
FILLER_62_103,VGND,li1,53.5900,179.5200,0.000000
FILLER_62_100,VGND,li1,52.2100,179.5200,0.000000
FILLER_62_97,VGND,li1,50.8300,179.5200,0.000000
FILLER_62_94,VGND,li1,49.4500,179.5200,0.000000
FILLER_62_91,VGND,li1,48.0700,179.5200,0.000000
FILLER_62_88,VGND,li1,46.6900,179.5200,0.000000
FILLER_62_85,VGND,li1,45.3100,179.5200,0.000000
FILLER_62_83,VGND,li1,43.9300,179.5200,0.000000
FILLER_62_80,VGND,li1,43.0100,179.5200,0.000000
FILLER_62_77,VGND,li1,41.6300,179.5200,0.000000
FILLER_62_66,VGND,li1,36.3400,179.5200,0.000000
FILLER_62_63,VGND,li1,35.1900,179.5200,0.000000
FILLER_62_60,VGND,li1,33.8100,179.5200,0.000000
FILLER_62_57,VGND,li1,32.4300,179.5200,0.000000
FILLER_62_53,VGND,li1,30.5900,179.5200,0.000000
FILLER_62_50,VGND,li1,29.2100,179.5200,0.000000
FILLER_62_47,VGND,li1,27.8300,179.5200,0.000000
FILLER_62_44,VGND,li1,26.4500,179.5200,0.000000
FILLER_62_41,VGND,li1,25.0700,179.5200,0.000000
FILLER_62_38,VGND,li1,23.6900,179.5200,0.000000
FILLER_62_35,VGND,li1,22.3100,179.5200,0.000000
FILLER_62_32,VGND,li1,20.9300,179.5200,0.000000
FILLER_62_29,VGND,li1,19.5500,179.5200,0.000000
FILLER_62_27,VGND,li1,18.1700,179.5200,0.000000
FILLER_62_24,VGND,li1,17.2500,179.5200,0.000000
FILLER_62_21,VGND,li1,15.8700,179.5200,0.000000
FILLER_62_18,VGND,li1,14.4900,179.5200,0.000000
FILLER_62_15,VGND,li1,13.1100,179.5200,0.000000
FILLER_62_12,VGND,li1,11.7300,179.5200,0.000000
FILLER_62_9,VGND,li1,10.3500,179.5200,0.000000
FILLER_62_6,VGND,li1,8.9700,179.5200,0.000000
FILLER_62_3,VGND,li1,7.5900,179.5200,0.000000
FILLER_61_367,VGND,li1,175.0300,179.5200,0.000000
FILLER_61_364,VGND,li1,173.6500,179.5200,0.000000
FILLER_61_361,VGND,li1,172.2700,179.5200,0.000000
FILLER_61_358,VGND,li1,170.8900,179.5200,0.000000
FILLER_61_355,VGND,li1,169.5100,179.5200,0.000000
FILLER_61_352,VGND,li1,168.1300,179.5200,0.000000
FILLER_61_349,VGND,li1,166.7500,179.5200,0.000000
FILLER_61_346,VGND,li1,165.3700,179.5200,0.000000
FILLER_61_343,VGND,li1,163.9900,179.5200,0.000000
FILLER_61_340,VGND,li1,162.6100,179.5200,0.000000
FILLER_61_337,VGND,li1,161.2300,179.5200,0.000000
FILLER_61_335,VGND,li1,159.8500,179.5200,0.000000
FILLER_61_332,VGND,li1,158.9300,179.5200,0.000000
FILLER_61_329,VGND,li1,157.5500,179.5200,0.000000
FILLER_61_326,VGND,li1,156.1700,179.5200,0.000000
FILLER_61_323,VGND,li1,154.7900,179.5200,0.000000
FILLER_61_320,VGND,li1,153.4100,179.5200,0.000000
FILLER_61_317,VGND,li1,152.0300,179.5200,0.000000
FILLER_61_314,VGND,li1,150.6500,179.5200,0.000000
FILLER_61_311,VGND,li1,149.2700,179.5200,0.000000
FILLER_61_308,VGND,li1,147.8900,179.5200,0.000000
FILLER_61_305,VGND,li1,146.5100,179.5200,0.000000
FILLER_61_302,VGND,li1,145.1300,179.5200,0.000000
FILLER_61_299,VGND,li1,143.7500,179.5200,0.000000
FILLER_61_296,VGND,li1,142.3700,179.5200,0.000000
FILLER_61_293,VGND,li1,140.9900,179.5200,0.000000
FILLER_61_290,VGND,li1,139.6100,179.5200,0.000000
FILLER_61_287,VGND,li1,138.2300,179.5200,0.000000
FILLER_61_284,VGND,li1,136.8500,179.5200,0.000000
FILLER_61_281,VGND,li1,135.4700,179.5200,0.000000
FILLER_61_277,VGND,li1,133.6300,179.5200,0.000000
FILLER_61_274,VGND,li1,132.2500,179.5200,0.000000
FILLER_61_271,VGND,li1,130.8700,179.5200,0.000000
FILLER_61_268,VGND,li1,129.4900,179.5200,0.000000
FILLER_61_265,VGND,li1,128.1100,179.5200,0.000000
FILLER_61_262,VGND,li1,126.7300,179.5200,0.000000
FILLER_61_259,VGND,li1,125.3500,179.5200,0.000000
FILLER_61_256,VGND,li1,123.9700,179.5200,0.000000
FILLER_61_253,VGND,li1,122.5900,179.5200,0.000000
FILLER_61_250,VGND,li1,121.2100,179.5200,0.000000
FILLER_61_247,VGND,li1,119.8300,179.5200,0.000000
FILLER_61_244,VGND,li1,118.4500,179.5200,0.000000
FILLER_61_241,VGND,li1,117.0700,179.5200,0.000000
FILLER_61_238,VGND,li1,115.6900,179.5200,0.000000
FILLER_61_235,VGND,li1,114.3100,179.5200,0.000000
FILLER_61_222,VGND,li1,108.1000,179.5200,0.000000
FILLER_61_219,VGND,li1,106.9500,179.5200,0.000000
FILLER_61_204,VGND,li1,99.5900,179.5200,0.000000
FILLER_61_201,VGND,li1,98.6700,179.5200,0.000000
FILLER_61_198,VGND,li1,97.2900,179.5200,0.000000
FILLER_61_195,VGND,li1,95.9100,179.5200,0.000000
FILLER_61_187,VGND,li1,91.7700,179.5200,0.000000
FILLER_61_179,VGND,li1,88.0900,179.5200,0.000000
FILLER_61_166,VGND,li1,82.3400,179.5200,0.000000
FILLER_61_163,VGND,li1,81.1900,179.5200,0.000000
FILLER_61_160,VGND,li1,79.8100,179.5200,0.000000
FILLER_61_157,VGND,li1,78.4300,179.5200,0.000000
FILLER_61_146,VGND,li1,72.9100,179.5200,0.000000
FILLER_61_143,VGND,li1,71.9900,179.5200,0.000000
FILLER_61_140,VGND,li1,70.6100,179.5200,0.000000
FILLER_61_127,VGND,li1,64.6300,179.5200,0.000000
FILLER_61_119,VGND,li1,60.4900,179.5200,0.000000
FILLER_61_116,VGND,li1,59.5700,179.5200,0.000000
FILLER_61_113,VGND,li1,58.1900,179.5200,0.000000
FILLER_61_110,VGND,li1,56.5800,179.5200,0.000000
FILLER_61_102,VGND,li1,53.1300,179.5200,0.000000
FILLER_61_99,VGND,li1,51.7500,179.5200,0.000000
FILLER_61_81,VGND,li1,43.0100,179.5200,0.000000
FILLER_61_57,VGND,li1,31.9700,179.5200,0.000000
FILLER_61_54,VGND,li1,30.8200,179.5200,0.000000
FILLER_61_51,VGND,li1,29.6700,179.5200,0.000000
FILLER_61_42,VGND,li1,25.3000,179.5200,0.000000
FILLER_61_33,VGND,li1,21.1600,179.5200,0.000000
FILLER_61_30,VGND,li1,20.0100,179.5200,0.000000
FILLER_61_27,VGND,li1,18.6300,179.5200,0.000000
FILLER_61_24,VGND,li1,17.2500,179.5200,0.000000
FILLER_61_21,VGND,li1,15.8700,179.5200,0.000000
FILLER_61_18,VGND,li1,14.4900,179.5200,0.000000
FILLER_61_15,VGND,li1,13.1100,179.5200,0.000000
FILLER_61_12,VGND,li1,11.7300,179.5200,0.000000
FILLER_61_9,VGND,li1,10.3500,179.5200,0.000000
FILLER_61_6,VGND,li1,8.9700,179.5200,0.000000
FILLER_61_3,VGND,li1,7.5900,179.5200,0.000000
FILLER_60_368,VGND,li1,175.2600,174.0800,0.000000
FILLER_60_365,VGND,li1,174.1100,174.0800,0.000000
FILLER_60_363,VGND,li1,172.7300,174.0800,0.000000
FILLER_60_360,VGND,li1,171.8100,174.0800,0.000000
FILLER_60_357,VGND,li1,170.4300,174.0800,0.000000
FILLER_60_354,VGND,li1,169.0500,174.0800,0.000000
FILLER_60_351,VGND,li1,167.6700,174.0800,0.000000
FILLER_60_348,VGND,li1,166.2900,174.0800,0.000000
FILLER_60_345,VGND,li1,164.9100,174.0800,0.000000
FILLER_60_342,VGND,li1,163.5300,174.0800,0.000000
FILLER_60_339,VGND,li1,162.1500,174.0800,0.000000
FILLER_60_336,VGND,li1,160.7700,174.0800,0.000000
FILLER_60_333,VGND,li1,159.3900,174.0800,0.000000
FILLER_60_330,VGND,li1,158.0100,174.0800,0.000000
FILLER_60_327,VGND,li1,156.6300,174.0800,0.000000
FILLER_60_324,VGND,li1,155.2500,174.0800,0.000000
FILLER_60_321,VGND,li1,153.8700,174.0800,0.000000
FILLER_60_318,VGND,li1,152.4900,174.0800,0.000000
FILLER_60_315,VGND,li1,151.1100,174.0800,0.000000
FILLER_60_312,VGND,li1,149.7300,174.0800,0.000000
FILLER_60_309,VGND,li1,148.3500,174.0800,0.000000
FILLER_60_307,VGND,li1,146.9700,174.0800,0.000000
FILLER_60_304,VGND,li1,146.0500,174.0800,0.000000
FILLER_60_301,VGND,li1,144.6700,174.0800,0.000000
FILLER_60_298,VGND,li1,143.2900,174.0800,0.000000
FILLER_60_295,VGND,li1,141.9100,174.0800,0.000000
FILLER_60_292,VGND,li1,140.5300,174.0800,0.000000
FILLER_60_289,VGND,li1,139.1500,174.0800,0.000000
FILLER_60_286,VGND,li1,137.7700,174.0800,0.000000
FILLER_60_283,VGND,li1,136.3900,174.0800,0.000000
FILLER_60_280,VGND,li1,135.0100,174.0800,0.000000
FILLER_60_277,VGND,li1,133.6300,174.0800,0.000000
FILLER_60_274,VGND,li1,132.2500,174.0800,0.000000
FILLER_60_271,VGND,li1,130.8700,174.0800,0.000000
FILLER_60_268,VGND,li1,129.4900,174.0800,0.000000
FILLER_60_265,VGND,li1,128.1100,174.0800,0.000000
FILLER_60_262,VGND,li1,126.7300,174.0800,0.000000
FILLER_60_259,VGND,li1,125.3500,174.0800,0.000000
FILLER_60_256,VGND,li1,123.9700,174.0800,0.000000
FILLER_60_253,VGND,li1,122.5900,174.0800,0.000000
FILLER_60_251,VGND,li1,121.2100,174.0800,0.000000
FILLER_60_248,VGND,li1,120.2900,174.0800,0.000000
FILLER_60_223,VGND,li1,108.3300,174.0800,0.000000
FILLER_60_220,VGND,li1,107.4100,174.0800,0.000000
FILLER_60_212,VGND,li1,103.5000,174.0800,0.000000
FILLER_60_203,VGND,li1,99.3600,174.0800,0.000000
FILLER_60_197,VGND,li1,96.8300,174.0800,0.000000
FILLER_60_195,VGND,li1,95.4500,174.0800,0.000000
FILLER_60_192,VGND,li1,94.5300,174.0800,0.000000
FILLER_60_183,VGND,li1,89.9300,174.0800,0.000000
FILLER_60_180,VGND,li1,89.0100,174.0800,0.000000
FILLER_60_177,VGND,li1,87.6300,174.0800,0.000000
FILLER_60_159,VGND,li1,78.8900,174.0800,0.000000
FILLER_60_156,VGND,li1,77.9700,174.0800,0.000000
FILLER_60_141,VGND,li1,71.0700,174.0800,0.000000
FILLER_60_137,VGND,li1,69.2300,174.0800,0.000000
FILLER_60_134,VGND,li1,67.8500,174.0800,0.000000
FILLER_60_124,VGND,li1,62.7900,174.0800,0.000000
FILLER_60_121,VGND,li1,61.8700,174.0800,0.000000
FILLER_60_118,VGND,li1,60.4900,174.0800,0.000000
FILLER_60_90,VGND,li1,47.1500,174.0800,0.000000
FILLER_60_79,VGND,li1,42.0900,174.0800,0.000000
FILLER_60_64,VGND,li1,35.1900,174.0800,0.000000
FILLER_60_61,VGND,li1,34.2700,174.0800,0.000000
FILLER_60_58,VGND,li1,32.8900,174.0800,0.000000
FILLER_60_55,VGND,li1,31.5100,174.0800,0.000000
FILLER_60_52,VGND,li1,30.1300,174.0800,0.000000
FILLER_60_48,VGND,li1,27.8300,174.0800,0.000000
FILLER_60_45,VGND,li1,26.9100,174.0800,0.000000
FILLER_60_21,VGND,li1,15.6400,174.0800,0.000000
FILLER_60_18,VGND,li1,14.4900,174.0800,0.000000
FILLER_60_15,VGND,li1,13.1100,174.0800,0.000000
FILLER_60_12,VGND,li1,11.7300,174.0800,0.000000
FILLER_60_9,VGND,li1,10.3500,174.0800,0.000000
FILLER_60_6,VGND,li1,8.9700,174.0800,0.000000
FILLER_60_3,VGND,li1,7.5900,174.0800,0.000000
FILLER_59_367,VGND,li1,175.0300,174.0800,0.000000
FILLER_59_364,VGND,li1,173.6500,174.0800,0.000000
FILLER_59_361,VGND,li1,172.2700,174.0800,0.000000
FILLER_59_358,VGND,li1,170.8900,174.0800,0.000000
FILLER_59_355,VGND,li1,169.5100,174.0800,0.000000
FILLER_59_352,VGND,li1,168.1300,174.0800,0.000000
FILLER_59_349,VGND,li1,166.7500,174.0800,0.000000
FILLER_59_346,VGND,li1,165.3700,174.0800,0.000000
FILLER_59_343,VGND,li1,163.9900,174.0800,0.000000
FILLER_59_340,VGND,li1,162.6100,174.0800,0.000000
FILLER_59_337,VGND,li1,161.2300,174.0800,0.000000
FILLER_59_335,VGND,li1,159.8500,174.0800,0.000000
FILLER_59_332,VGND,li1,158.9300,174.0800,0.000000
FILLER_59_329,VGND,li1,157.5500,174.0800,0.000000
FILLER_59_326,VGND,li1,156.1700,174.0800,0.000000
FILLER_59_323,VGND,li1,154.7900,174.0800,0.000000
FILLER_59_320,VGND,li1,153.4100,174.0800,0.000000
FILLER_59_317,VGND,li1,152.0300,174.0800,0.000000
FILLER_59_314,VGND,li1,150.6500,174.0800,0.000000
FILLER_59_311,VGND,li1,149.2700,174.0800,0.000000
FILLER_59_308,VGND,li1,147.8900,174.0800,0.000000
FILLER_59_305,VGND,li1,146.5100,174.0800,0.000000
FILLER_59_302,VGND,li1,145.1300,174.0800,0.000000
FILLER_59_299,VGND,li1,143.7500,174.0800,0.000000
FILLER_59_296,VGND,li1,142.3700,174.0800,0.000000
FILLER_59_293,VGND,li1,140.9900,174.0800,0.000000
FILLER_59_290,VGND,li1,139.6100,174.0800,0.000000
FILLER_59_287,VGND,li1,138.2300,174.0800,0.000000
FILLER_59_284,VGND,li1,136.8500,174.0800,0.000000
FILLER_59_281,VGND,li1,135.4700,174.0800,0.000000
FILLER_59_278,VGND,li1,133.8600,174.0800,0.000000
FILLER_59_275,VGND,li1,132.7100,174.0800,0.000000
FILLER_59_272,VGND,li1,131.3300,174.0800,0.000000
FILLER_59_269,VGND,li1,129.9500,174.0800,0.000000
FILLER_59_266,VGND,li1,128.5700,174.0800,0.000000
FILLER_59_263,VGND,li1,127.1900,174.0800,0.000000
FILLER_59_260,VGND,li1,125.8100,174.0800,0.000000
FILLER_59_257,VGND,li1,124.4300,174.0800,0.000000
FILLER_59_254,VGND,li1,123.0500,174.0800,0.000000
FILLER_59_251,VGND,li1,121.6700,174.0800,0.000000
FILLER_59_248,VGND,li1,120.2900,174.0800,0.000000
FILLER_59_245,VGND,li1,118.9100,174.0800,0.000000
FILLER_59_242,VGND,li1,117.5300,174.0800,0.000000
FILLER_59_236,VGND,li1,114.7700,174.0800,0.000000
FILLER_59_233,VGND,li1,113.3900,174.0800,0.000000
FILLER_59_230,VGND,li1,112.0100,174.0800,0.000000
FILLER_59_225,VGND,li1,109.4800,174.0800,0.000000
FILLER_59_221,VGND,li1,107.8700,174.0800,0.000000
FILLER_59_218,VGND,li1,106.4900,174.0800,0.000000
FILLER_59_215,VGND,li1,105.1100,174.0800,0.000000
FILLER_59_212,VGND,li1,103.7300,174.0800,0.000000
FILLER_59_209,VGND,li1,102.3500,174.0800,0.000000
FILLER_59_199,VGND,li1,97.7500,174.0800,0.000000
FILLER_59_196,VGND,li1,96.3700,174.0800,0.000000
FILLER_59_193,VGND,li1,94.9900,174.0800,0.000000
FILLER_59_190,VGND,li1,93.6100,174.0800,0.000000
FILLER_59_187,VGND,li1,92.2300,174.0800,0.000000
FILLER_59_184,VGND,li1,90.8500,174.0800,0.000000
FILLER_59_181,VGND,li1,89.4700,174.0800,0.000000
FILLER_59_178,VGND,li1,88.0900,174.0800,0.000000
FILLER_59_175,VGND,li1,86.7100,174.0800,0.000000
FILLER_59_172,VGND,li1,85.3300,174.0800,0.000000
FILLER_59_169,VGND,li1,83.9500,174.0800,0.000000
FILLER_59_166,VGND,li1,82.3400,174.0800,0.000000
FILLER_59_163,VGND,li1,81.1900,174.0800,0.000000
FILLER_59_160,VGND,li1,79.8100,174.0800,0.000000
FILLER_59_157,VGND,li1,78.4300,174.0800,0.000000
FILLER_59_154,VGND,li1,77.0500,174.0800,0.000000
FILLER_59_151,VGND,li1,75.6700,174.0800,0.000000
FILLER_59_143,VGND,li1,71.9900,174.0800,0.000000
FILLER_59_140,VGND,li1,70.6100,174.0800,0.000000
FILLER_59_137,VGND,li1,69.2300,174.0800,0.000000
FILLER_59_126,VGND,li1,63.7100,174.0800,0.000000
FILLER_59_123,VGND,li1,62.7900,174.0800,0.000000
FILLER_59_120,VGND,li1,61.4100,174.0800,0.000000
FILLER_59_100,VGND,li1,51.9800,174.0800,0.000000
FILLER_59_97,VGND,li1,50.8300,174.0800,0.000000
FILLER_59_87,VGND,li1,46.0000,174.0800,0.000000
FILLER_59_84,VGND,li1,44.8500,174.0800,0.000000
FILLER_59_81,VGND,li1,43.4700,174.0800,0.000000
FILLER_59_78,VGND,li1,42.0900,174.0800,0.000000
FILLER_59_75,VGND,li1,40.7100,174.0800,0.000000
FILLER_59_69,VGND,li1,37.4900,174.0800,0.000000
FILLER_59_66,VGND,li1,36.5700,174.0800,0.000000
FILLER_59_63,VGND,li1,35.1900,174.0800,0.000000
FILLER_59_60,VGND,li1,33.8100,174.0800,0.000000
FILLER_59_57,VGND,li1,32.4300,174.0800,0.000000
FILLER_59_53,VGND,li1,30.5900,174.0800,0.000000
FILLER_59_47,VGND,li1,27.6000,174.0800,0.000000
FILLER_59_44,VGND,li1,26.4500,174.0800,0.000000
FILLER_59_41,VGND,li1,25.0700,174.0800,0.000000
FILLER_59_38,VGND,li1,23.6900,174.0800,0.000000
FILLER_59_30,VGND,li1,19.7800,174.0800,0.000000
FILLER_59_27,VGND,li1,18.6300,174.0800,0.000000
FILLER_59_24,VGND,li1,17.2500,174.0800,0.000000
FILLER_59_21,VGND,li1,15.8700,174.0800,0.000000
FILLER_59_18,VGND,li1,14.4900,174.0800,0.000000
FILLER_59_15,VGND,li1,13.1100,174.0800,0.000000
FILLER_59_12,VGND,li1,11.7300,174.0800,0.000000
FILLER_59_9,VGND,li1,10.3500,174.0800,0.000000
FILLER_59_6,VGND,li1,8.9700,174.0800,0.000000
FILLER_59_3,VGND,li1,7.5900,174.0800,0.000000
FILLER_58_368,VGND,li1,175.2600,168.6400,0.000000
FILLER_58_365,VGND,li1,174.1100,168.6400,0.000000
FILLER_58_363,VGND,li1,172.7300,168.6400,0.000000
FILLER_58_360,VGND,li1,171.8100,168.6400,0.000000
FILLER_58_357,VGND,li1,170.4300,168.6400,0.000000
FILLER_58_354,VGND,li1,169.0500,168.6400,0.000000
FILLER_58_351,VGND,li1,167.6700,168.6400,0.000000
FILLER_58_348,VGND,li1,166.2900,168.6400,0.000000
FILLER_58_345,VGND,li1,164.9100,168.6400,0.000000
FILLER_58_342,VGND,li1,163.5300,168.6400,0.000000
FILLER_58_339,VGND,li1,162.1500,168.6400,0.000000
FILLER_58_336,VGND,li1,160.7700,168.6400,0.000000
FILLER_58_333,VGND,li1,159.3900,168.6400,0.000000
FILLER_58_330,VGND,li1,158.0100,168.6400,0.000000
FILLER_58_327,VGND,li1,156.6300,168.6400,0.000000
FILLER_58_324,VGND,li1,155.2500,168.6400,0.000000
FILLER_58_321,VGND,li1,153.8700,168.6400,0.000000
FILLER_58_318,VGND,li1,152.4900,168.6400,0.000000
FILLER_58_315,VGND,li1,151.1100,168.6400,0.000000
FILLER_58_312,VGND,li1,149.7300,168.6400,0.000000
FILLER_58_309,VGND,li1,148.3500,168.6400,0.000000
FILLER_58_307,VGND,li1,146.9700,168.6400,0.000000
FILLER_58_304,VGND,li1,146.0500,168.6400,0.000000
FILLER_58_301,VGND,li1,144.6700,168.6400,0.000000
FILLER_58_298,VGND,li1,143.2900,168.6400,0.000000
FILLER_58_295,VGND,li1,141.9100,168.6400,0.000000
FILLER_58_292,VGND,li1,140.5300,168.6400,0.000000
FILLER_58_289,VGND,li1,139.1500,168.6400,0.000000
FILLER_58_286,VGND,li1,137.7700,168.6400,0.000000
FILLER_58_283,VGND,li1,136.3900,168.6400,0.000000
FILLER_58_280,VGND,li1,135.0100,168.6400,0.000000
FILLER_58_277,VGND,li1,133.6300,168.6400,0.000000
FILLER_58_274,VGND,li1,132.2500,168.6400,0.000000
FILLER_58_271,VGND,li1,130.8700,168.6400,0.000000
FILLER_58_268,VGND,li1,129.4900,168.6400,0.000000
FILLER_58_265,VGND,li1,128.1100,168.6400,0.000000
FILLER_58_262,VGND,li1,126.7300,168.6400,0.000000
FILLER_58_259,VGND,li1,125.3500,168.6400,0.000000
FILLER_58_256,VGND,li1,123.9700,168.6400,0.000000
FILLER_58_253,VGND,li1,122.5900,168.6400,0.000000
FILLER_58_250,VGND,li1,120.9800,168.6400,0.000000
FILLER_58_247,VGND,li1,119.8300,168.6400,0.000000
FILLER_58_244,VGND,li1,118.4500,168.6400,0.000000
FILLER_58_241,VGND,li1,117.0700,168.6400,0.000000
FILLER_58_238,VGND,li1,115.6900,168.6400,0.000000
FILLER_58_234,VGND,li1,113.3900,168.6400,0.000000
FILLER_58_231,VGND,li1,112.4700,168.6400,0.000000
FILLER_58_223,VGND,li1,108.5600,168.6400,0.000000
FILLER_58_220,VGND,li1,107.4100,168.6400,0.000000
FILLER_58_217,VGND,li1,106.0300,168.6400,0.000000
FILLER_58_214,VGND,li1,104.6500,168.6400,0.000000
FILLER_58_211,VGND,li1,103.2700,168.6400,0.000000
FILLER_58_208,VGND,li1,101.8900,168.6400,0.000000
FILLER_58_203,VGND,li1,99.3600,168.6400,0.000000
FILLER_58_200,VGND,li1,98.2100,168.6400,0.000000
FILLER_58_197,VGND,li1,96.8300,168.6400,0.000000
FILLER_58_195,VGND,li1,95.4500,168.6400,0.000000
FILLER_58_192,VGND,li1,94.5300,168.6400,0.000000
FILLER_58_189,VGND,li1,93.1500,168.6400,0.000000
FILLER_58_183,VGND,li1,90.3900,168.6400,0.000000
FILLER_58_180,VGND,li1,89.0100,168.6400,0.000000
FILLER_58_177,VGND,li1,87.6300,168.6400,0.000000
FILLER_58_174,VGND,li1,86.2500,168.6400,0.000000
FILLER_58_171,VGND,li1,84.8700,168.6400,0.000000
FILLER_58_168,VGND,li1,83.4900,168.6400,0.000000
FILLER_58_165,VGND,li1,82.1100,168.6400,0.000000
FILLER_58_162,VGND,li1,80.7300,168.6400,0.000000
FILLER_58_159,VGND,li1,79.3500,168.6400,0.000000
FILLER_58_156,VGND,li1,77.9700,168.6400,0.000000
FILLER_58_147,VGND,li1,73.6000,168.6400,0.000000
FILLER_58_144,VGND,li1,72.4500,168.6400,0.000000
FILLER_58_141,VGND,li1,71.0700,168.6400,0.000000
FILLER_58_138,VGND,li1,69.4600,168.6400,0.000000
FILLER_58_135,VGND,li1,68.3100,168.6400,0.000000
FILLER_58_132,VGND,li1,66.9300,168.6400,0.000000
FILLER_58_129,VGND,li1,65.5500,168.6400,0.000000
FILLER_58_126,VGND,li1,64.1700,168.6400,0.000000
FILLER_58_123,VGND,li1,62.7900,168.6400,0.000000
FILLER_58_120,VGND,li1,61.4100,168.6400,0.000000
FILLER_58_117,VGND,li1,60.0300,168.6400,0.000000
FILLER_58_114,VGND,li1,58.6500,168.6400,0.000000
FILLER_58_111,VGND,li1,57.2700,168.6400,0.000000
FILLER_58_106,VGND,li1,54.7400,168.6400,0.000000
FILLER_58_103,VGND,li1,53.5900,168.6400,0.000000
FILLER_58_100,VGND,li1,52.2100,168.6400,0.000000
FILLER_58_97,VGND,li1,50.8300,168.6400,0.000000
FILLER_58_94,VGND,li1,49.4500,168.6400,0.000000
FILLER_58_91,VGND,li1,48.0700,168.6400,0.000000
FILLER_58_88,VGND,li1,46.6900,168.6400,0.000000
FILLER_58_85,VGND,li1,45.3100,168.6400,0.000000
FILLER_58_81,VGND,li1,43.4700,168.6400,0.000000
FILLER_58_78,VGND,li1,42.0900,168.6400,0.000000
FILLER_58_66,VGND,li1,36.3400,168.6400,0.000000
FILLER_58_63,VGND,li1,35.1900,168.6400,0.000000
FILLER_58_60,VGND,li1,33.8100,168.6400,0.000000
FILLER_58_57,VGND,li1,32.4300,168.6400,0.000000
FILLER_58_48,VGND,li1,28.0600,168.6400,0.000000
FILLER_58_38,VGND,li1,23.6900,168.6400,0.000000
FILLER_58_35,VGND,li1,22.3100,168.6400,0.000000
FILLER_58_32,VGND,li1,20.9300,168.6400,0.000000
FILLER_58_29,VGND,li1,19.5500,168.6400,0.000000
FILLER_58_27,VGND,li1,18.1700,168.6400,0.000000
FILLER_58_24,VGND,li1,17.2500,168.6400,0.000000
FILLER_58_18,VGND,li1,14.2600,168.6400,0.000000
FILLER_58_15,VGND,li1,13.1100,168.6400,0.000000
FILLER_58_12,VGND,li1,11.7300,168.6400,0.000000
FILLER_58_9,VGND,li1,10.3500,168.6400,0.000000
FILLER_58_6,VGND,li1,8.9700,168.6400,0.000000
FILLER_58_3,VGND,li1,7.5900,168.6400,0.000000
FILLER_57_367,VGND,li1,175.0300,168.6400,0.000000
FILLER_57_364,VGND,li1,173.6500,168.6400,0.000000
FILLER_57_361,VGND,li1,172.2700,168.6400,0.000000
FILLER_57_358,VGND,li1,170.8900,168.6400,0.000000
FILLER_57_355,VGND,li1,169.5100,168.6400,0.000000
FILLER_57_352,VGND,li1,168.1300,168.6400,0.000000
FILLER_57_349,VGND,li1,166.7500,168.6400,0.000000
FILLER_57_346,VGND,li1,165.3700,168.6400,0.000000
FILLER_57_343,VGND,li1,163.9900,168.6400,0.000000
FILLER_57_340,VGND,li1,162.6100,168.6400,0.000000
FILLER_57_337,VGND,li1,161.2300,168.6400,0.000000
FILLER_57_335,VGND,li1,159.8500,168.6400,0.000000
FILLER_57_332,VGND,li1,158.9300,168.6400,0.000000
FILLER_57_329,VGND,li1,157.5500,168.6400,0.000000
FILLER_57_326,VGND,li1,156.1700,168.6400,0.000000
FILLER_57_323,VGND,li1,154.7900,168.6400,0.000000
FILLER_57_320,VGND,li1,153.4100,168.6400,0.000000
FILLER_57_311,VGND,li1,149.2700,168.6400,0.000000
FILLER_57_308,VGND,li1,147.8900,168.6400,0.000000
FILLER_57_305,VGND,li1,146.5100,168.6400,0.000000
FILLER_57_302,VGND,li1,145.1300,168.6400,0.000000
FILLER_57_299,VGND,li1,143.7500,168.6400,0.000000
FILLER_57_296,VGND,li1,142.3700,168.6400,0.000000
FILLER_57_281,VGND,li1,135.0100,168.6400,0.000000
FILLER_57_279,VGND,li1,134.0900,168.6400,0.000000
FILLER_57_276,VGND,li1,133.1700,168.6400,0.000000
FILLER_57_273,VGND,li1,131.7900,168.6400,0.000000
FILLER_57_270,VGND,li1,130.4100,168.6400,0.000000
FILLER_57_267,VGND,li1,129.0300,168.6400,0.000000
FILLER_57_264,VGND,li1,127.6500,168.6400,0.000000
FILLER_57_255,VGND,li1,123.0500,168.6400,0.000000
FILLER_57_252,VGND,li1,122.1300,168.6400,0.000000
FILLER_57_249,VGND,li1,120.7500,168.6400,0.000000
FILLER_57_225,VGND,li1,109.7100,168.6400,0.000000
FILLER_57_223,VGND,li1,108.3300,168.6400,0.000000
FILLER_57_220,VGND,li1,107.4100,168.6400,0.000000
FILLER_57_217,VGND,li1,106.0300,168.6400,0.000000
FILLER_57_199,VGND,li1,97.2900,168.6400,0.000000
FILLER_57_196,VGND,li1,96.3700,168.6400,0.000000
FILLER_57_182,VGND,li1,89.4700,168.6400,0.000000
FILLER_57_179,VGND,li1,88.5500,168.6400,0.000000
FILLER_57_169,VGND,li1,83.9500,168.6400,0.000000
FILLER_57_167,VGND,li1,82.5700,168.6400,0.000000
FILLER_57_147,VGND,li1,73.6000,168.6400,0.000000
FILLER_57_144,VGND,li1,72.4500,168.6400,0.000000
FILLER_57_141,VGND,li1,71.0700,168.6400,0.000000
FILLER_57_132,VGND,li1,66.4700,168.6400,0.000000
FILLER_57_119,VGND,li1,60.9500,168.6400,0.000000
FILLER_57_116,VGND,li1,59.5700,168.6400,0.000000
FILLER_57_113,VGND,li1,58.1900,168.6400,0.000000
FILLER_57_109,VGND,li1,56.3500,168.6400,0.000000
FILLER_57_106,VGND,li1,54.9700,168.6400,0.000000
FILLER_57_103,VGND,li1,53.5900,168.6400,0.000000
FILLER_57_100,VGND,li1,52.2100,168.6400,0.000000
FILLER_57_97,VGND,li1,50.8300,168.6400,0.000000
FILLER_57_94,VGND,li1,49.4500,168.6400,0.000000
FILLER_57_91,VGND,li1,48.0700,168.6400,0.000000
FILLER_57_88,VGND,li1,46.6900,168.6400,0.000000
FILLER_57_75,VGND,li1,40.7100,168.6400,0.000000
FILLER_57_69,VGND,li1,37.9500,168.6400,0.000000
FILLER_57_66,VGND,li1,36.5700,168.6400,0.000000
FILLER_57_63,VGND,li1,35.1900,168.6400,0.000000
FILLER_57_60,VGND,li1,33.8100,168.6400,0.000000
FILLER_57_57,VGND,li1,32.4300,168.6400,0.000000
FILLER_57_53,VGND,li1,30.5900,168.6400,0.000000
FILLER_57_35,VGND,li1,22.0800,168.6400,0.000000
FILLER_57_32,VGND,li1,20.9300,168.6400,0.000000
FILLER_57_12,VGND,li1,11.5000,168.6400,0.000000
FILLER_57_9,VGND,li1,10.3500,168.6400,0.000000
FILLER_57_6,VGND,li1,8.9700,168.6400,0.000000
FILLER_57_3,VGND,li1,7.5900,168.6400,0.000000
FILLER_56_368,VGND,li1,175.2600,163.2000,0.000068
FILLER_56_365,VGND,li1,174.1100,163.2000,0.000068
FILLER_56_362,VGND,li1,172.5000,163.2000,0.000068
FILLER_56_359,VGND,li1,171.3500,163.2000,0.000068
FILLER_56_356,VGND,li1,169.9700,163.2000,0.000068
FILLER_56_353,VGND,li1,168.5900,163.2000,0.000068
FILLER_56_350,VGND,li1,167.2100,163.2000,0.000068
FILLER_56_347,VGND,li1,165.8300,163.2000,0.000068
FILLER_56_331,VGND,li1,158.0100,163.2000,0.000068
FILLER_56_312,VGND,li1,149.2700,163.2000,0.000068
FILLER_56_309,VGND,li1,148.3500,163.2000,0.000068
FILLER_56_307,VGND,li1,146.9700,163.2000,0.000068
FILLER_56_304,VGND,li1,146.0500,163.2000,0.000068
FILLER_56_249,VGND,li1,120.7500,163.2000,0.000063
FILLER_56_246,VGND,li1,119.3700,163.2000,0.000061
FILLER_56_243,VGND,li1,117.9900,163.2000,0.000061
FILLER_56_240,VGND,li1,116.6100,163.2000,0.000059
FILLER_56_233,VGND,li1,113.1600,163.2000,0.000058
FILLER_56_214,VGND,li1,104.6500,163.2000,0.000052
FILLER_56_211,VGND,li1,103.2700,163.2000,0.000052
FILLER_56_203,VGND,li1,99.5900,163.2000,0.000050
FILLER_56_200,VGND,li1,98.2100,163.2000,0.000049
FILLER_56_197,VGND,li1,96.8300,163.2000,0.000049
FILLER_56_194,VGND,li1,95.2200,163.2000,0.000048
FILLER_56_185,VGND,li1,91.0800,163.2000,0.000045
FILLER_56_182,VGND,li1,89.9300,163.2000,0.000044
FILLER_56_179,VGND,li1,88.5500,163.2000,0.000044
FILLER_56_176,VGND,li1,87.1700,163.2000,0.000043
FILLER_56_169,VGND,li1,83.7200,163.2000,0.000040
FILLER_56_157,VGND,li1,78.4300,163.2000,0.000037
FILLER_56_154,VGND,li1,77.0500,163.2000,0.000037
FILLER_56_151,VGND,li1,75.6700,163.2000,0.000035
FILLER_56_148,VGND,li1,74.2900,163.2000,0.000035
FILLER_56_126,VGND,li1,63.9400,163.2000,0.000029
FILLER_56_123,VGND,li1,62.7900,163.2000,0.000029
FILLER_56_120,VGND,li1,61.4100,163.2000,0.000027
FILLER_56_117,VGND,li1,60.0300,163.2000,0.000027
FILLER_56_114,VGND,li1,58.6500,163.2000,0.000025
FILLER_56_111,VGND,li1,57.2700,163.2000,0.000025
FILLER_56_108,VGND,li1,55.8900,163.2000,0.000024
FILLER_56_88,VGND,li1,46.4600,163.2000,0.000019
FILLER_56_85,VGND,li1,45.3100,163.2000,0.000018
FILLER_56_83,VGND,li1,43.9300,163.2000,0.000018
FILLER_56_80,VGND,li1,43.0100,163.2000,0.000016
FILLER_56_77,VGND,li1,41.6300,163.2000,0.000016
FILLER_56_67,VGND,li1,37.0300,163.2000,0.000013
FILLER_56_64,VGND,li1,35.6500,163.2000,0.000013
FILLER_56_61,VGND,li1,34.2700,163.2000,0.000012
FILLER_56_58,VGND,li1,32.8900,163.2000,0.000011
FILLER_56_55,VGND,li1,31.5100,163.2000,0.000010
FILLER_56_52,VGND,li1,30.1300,163.2000,0.000010
FILLER_56_49,VGND,li1,28.7500,163.2000,0.000008
FILLER_56_43,VGND,li1,25.7600,163.2000,0.000007
FILLER_56_40,VGND,li1,24.6100,163.2000,0.000006
FILLER_56_37,VGND,li1,23.2300,163.2000,0.000006
FILLER_56_34,VGND,li1,21.8500,163.2000,0.000006
FILLER_56_19,VGND,li1,14.4900,163.2000,0.000006
FILLER_56_15,VGND,li1,12.6500,163.2000,0.000006
FILLER_56_9,VGND,li1,10.3500,163.2000,0.000006
FILLER_56_6,VGND,li1,8.9700,163.2000,0.000006
FILLER_56_3,VGND,li1,7.5900,163.2000,0.000006
FILLER_55_369,VGND,li1,175.4900,163.2000,0.000068
FILLER_55_366,VGND,li1,174.5700,163.2000,0.000068
FILLER_55_356,VGND,li1,169.7400,163.2000,0.000068
FILLER_55_353,VGND,li1,168.5900,163.2000,0.000068
FILLER_55_335,VGND,li1,159.8500,163.2000,0.000068
FILLER_55_295,VGND,li1,141.4500,163.2000,0.000068
FILLER_55_264,VGND,li1,127.4200,163.2000,0.000066
FILLER_55_252,VGND,li1,122.1300,163.2000,0.000063
FILLER_55_249,VGND,li1,120.7500,163.2000,0.000063
FILLER_55_246,VGND,li1,119.3700,163.2000,0.000061
FILLER_55_243,VGND,li1,117.9900,163.2000,0.000061
FILLER_55_240,VGND,li1,116.6100,163.2000,0.000059
FILLER_55_237,VGND,li1,115.2300,163.2000,0.000059
FILLER_55_234,VGND,li1,113.8500,163.2000,0.000058
FILLER_55_231,VGND,li1,112.4700,163.2000,0.000057
FILLER_55_228,VGND,li1,111.0900,163.2000,0.000057
FILLER_55_225,VGND,li1,109.7100,163.2000,0.000056
FILLER_55_221,VGND,li1,107.8700,163.2000,0.000055
FILLER_55_218,VGND,li1,106.4900,163.2000,0.000053
FILLER_55_215,VGND,li1,105.1100,163.2000,0.000053
FILLER_55_212,VGND,li1,103.7300,163.2000,0.000052
FILLER_55_209,VGND,li1,102.3500,163.2000,0.000051
FILLER_55_206,VGND,li1,100.9700,163.2000,0.000050
FILLER_55_203,VGND,li1,99.5900,163.2000,0.000050
FILLER_55_200,VGND,li1,98.2100,163.2000,0.000049
FILLER_55_190,VGND,li1,93.3800,163.2000,0.000046
FILLER_55_187,VGND,li1,92.2300,163.2000,0.000045
FILLER_55_184,VGND,li1,90.8500,163.2000,0.000045
FILLER_55_181,VGND,li1,89.4700,163.2000,0.000044
FILLER_55_178,VGND,li1,88.0900,163.2000,0.000043
FILLER_55_175,VGND,li1,86.7100,163.2000,0.000043
FILLER_55_166,VGND,li1,82.3400,163.2000,0.000040
FILLER_55_163,VGND,li1,81.1900,163.2000,0.000039
FILLER_55_160,VGND,li1,79.8100,163.2000,0.000039
FILLER_55_157,VGND,li1,78.4300,163.2000,0.000037
FILLER_55_154,VGND,li1,77.0500,163.2000,0.000037
FILLER_55_151,VGND,li1,75.6700,163.2000,0.000035
FILLER_55_148,VGND,li1,74.2900,163.2000,0.000035
FILLER_55_145,VGND,li1,72.9100,163.2000,0.000034
FILLER_55_142,VGND,li1,71.5300,163.2000,0.000034
FILLER_55_134,VGND,li1,67.8500,163.2000,0.000032
FILLER_55_131,VGND,li1,66.4700,163.2000,0.000030
FILLER_55_121,VGND,li1,61.4100,163.2000,0.000027
FILLER_55_118,VGND,li1,60.4900,163.2000,0.000027
FILLER_55_91,VGND,li1,48.0700,163.2000,0.000019
FILLER_55_88,VGND,li1,46.6900,163.2000,0.000019
FILLER_55_85,VGND,li1,45.3100,163.2000,0.000018
FILLER_55_82,VGND,li1,43.9300,163.2000,0.000018
FILLER_55_57,VGND,li1,31.9700,163.2000,0.000011
FILLER_55_53,VGND,li1,30.5900,163.2000,0.000010
FILLER_55_50,VGND,li1,29.2100,163.2000,0.000008
FILLER_55_47,VGND,li1,27.8300,163.2000,0.000008
FILLER_55_44,VGND,li1,26.4500,163.2000,0.000007
FILLER_55_41,VGND,li1,25.0700,163.2000,0.000006
FILLER_55_38,VGND,li1,23.6900,163.2000,0.000006
FILLER_55_35,VGND,li1,22.3100,163.2000,0.000006
FILLER_55_27,VGND,li1,18.1700,163.2000,0.000006
FILLER_55_24,VGND,li1,17.2500,163.2000,0.000006
FILLER_55_21,VGND,li1,15.8700,163.2000,0.000006
FILLER_55_18,VGND,li1,14.4900,163.2000,0.000006
FILLER_55_15,VGND,li1,13.1100,163.2000,0.000006
FILLER_55_12,VGND,li1,11.7300,163.2000,0.000006
FILLER_55_9,VGND,li1,10.3500,163.2000,0.000006
FILLER_55_6,VGND,li1,8.9700,163.2000,0.000006
FILLER_55_3,VGND,li1,7.5900,163.2000,0.000006
FILLER_54_368,VGND,li1,175.2600,157.7600,0.000081
FILLER_54_339,VGND,li1,161.9200,157.7600,0.000078
FILLER_54_336,VGND,li1,160.7700,157.7600,0.000078
FILLER_54_326,VGND,li1,155.9400,157.7600,0.000077
FILLER_54_312,VGND,li1,149.7300,157.7600,0.000075
FILLER_54_307,VGND,li1,146.9700,157.7600,0.000074
FILLER_54_285,VGND,li1,137.0800,157.7600,0.000071
FILLER_54_282,VGND,li1,135.9300,157.7600,0.000071
FILLER_54_279,VGND,li1,134.5500,157.7600,0.000071
FILLER_54_273,VGND,li1,131.7900,157.7600,0.000070
FILLER_54_270,VGND,li1,130.4100,157.7600,0.000069
FILLER_54_267,VGND,li1,129.0300,157.7600,0.000069
FILLER_54_262,VGND,li1,126.5000,157.7600,0.000068
FILLER_54_259,VGND,li1,125.3500,157.7600,0.000067
FILLER_54_256,VGND,li1,123.9700,157.7600,0.000067
FILLER_54_253,VGND,li1,122.5900,157.7600,0.000065
FILLER_54_250,VGND,li1,120.9800,157.7600,0.000065
FILLER_54_247,VGND,li1,119.8300,157.7600,0.000063
FILLER_54_244,VGND,li1,118.4500,157.7600,0.000063
FILLER_54_241,VGND,li1,117.0700,157.7600,0.000062
FILLER_54_229,VGND,li1,111.0900,157.7600,0.000058
FILLER_54_223,VGND,li1,108.7900,157.7600,0.000057
FILLER_54_220,VGND,li1,107.4100,157.7600,0.000056
FILLER_54_217,VGND,li1,106.0300,157.7600,0.000056
FILLER_54_203,VGND,li1,99.3600,157.7600,0.000051
FILLER_54_200,VGND,li1,98.2100,157.7600,0.000051
FILLER_54_197,VGND,li1,96.8300,157.7600,0.000050
FILLER_54_194,VGND,li1,95.2200,157.7600,0.000049
FILLER_54_191,VGND,li1,94.0700,157.7600,0.000049
FILLER_54_187,VGND,li1,91.7700,157.7600,0.000047
FILLER_54_184,VGND,li1,90.8500,157.7600,0.000046
FILLER_54_181,VGND,li1,89.4700,157.7600,0.000046
FILLER_54_171,VGND,li1,84.4100,157.7600,0.000043
FILLER_54_156,VGND,li1,77.5100,157.7600,0.000038
FILLER_54_153,VGND,li1,76.5900,157.7600,0.000037
FILLER_54_150,VGND,li1,75.2100,157.7600,0.000037
FILLER_54_147,VGND,li1,73.8300,157.7600,0.000035
FILLER_54_144,VGND,li1,72.4500,157.7600,0.000035
FILLER_54_141,VGND,li1,71.0700,157.7600,0.000034
FILLER_54_139,VGND,li1,69.6900,157.7600,0.000034
FILLER_54_126,VGND,li1,63.7100,157.7600,0.000029
FILLER_54_118,VGND,li1,60.0300,157.7600,0.000028
FILLER_54_115,VGND,li1,59.1100,157.7600,0.000027
FILLER_54_112,VGND,li1,57.7300,157.7600,0.000026
FILLER_54_109,VGND,li1,56.3500,157.7600,0.000026
FILLER_54_103,VGND,li1,53.1300,157.7600,0.000023
FILLER_54_100,VGND,li1,52.2100,157.7600,0.000023
FILLER_54_97,VGND,li1,50.8300,157.7600,0.000022
FILLER_54_94,VGND,li1,49.4500,157.7600,0.000020
FILLER_54_91,VGND,li1,48.0700,157.7600,0.000020
FILLER_54_88,VGND,li1,46.6900,157.7600,0.000019
FILLER_54_85,VGND,li1,45.3100,157.7600,0.000019
FILLER_54_81,VGND,li1,43.4700,157.7600,0.000018
FILLER_54_78,VGND,li1,42.0900,157.7600,0.000016
FILLER_54_75,VGND,li1,40.7100,157.7600,0.000016
FILLER_54_69,VGND,li1,37.4900,157.7600,0.000014
FILLER_54_66,VGND,li1,36.5700,157.7600,0.000013
FILLER_54_63,VGND,li1,35.1900,157.7600,0.000013
FILLER_54_60,VGND,li1,33.8100,157.7600,0.000011
FILLER_54_57,VGND,li1,32.4300,157.7600,0.000010
FILLER_54_45,VGND,li1,26.6800,157.7600,0.000007
FILLER_54_34,VGND,li1,21.3900,157.7600,0.000006
FILLER_54_29,VGND,li1,19.0900,157.7600,0.000006
FILLER_54_27,VGND,li1,18.1700,157.7600,0.000006
FILLER_54_24,VGND,li1,17.2500,157.7600,0.000006
FILLER_54_21,VGND,li1,15.8700,157.7600,0.000006
FILLER_54_18,VGND,li1,14.4900,157.7600,0.000006
FILLER_54_15,VGND,li1,13.1100,157.7600,0.000006
FILLER_54_12,VGND,li1,11.7300,157.7600,0.000006
FILLER_54_9,VGND,li1,10.3500,157.7600,0.000006
FILLER_54_6,VGND,li1,8.9700,157.7600,0.000006
FILLER_54_3,VGND,li1,7.5900,157.7600,0.000006
FILLER_53_367,VGND,li1,175.0300,157.7600,0.000081
FILLER_53_358,VGND,li1,170.4300,157.7600,0.000081
FILLER_53_346,VGND,li1,165.3700,157.7600,0.000080
FILLER_53_343,VGND,li1,163.9900,157.7600,0.000079
FILLER_53_340,VGND,li1,162.6100,157.7600,0.000079
FILLER_53_337,VGND,li1,161.2300,157.7600,0.000078
FILLER_53_333,VGND,li1,159.3900,157.7600,0.000078
FILLER_53_330,VGND,li1,158.0100,157.7600,0.000078
FILLER_53_324,VGND,li1,155.2500,157.7600,0.000076
FILLER_53_321,VGND,li1,153.8700,157.7600,0.000076
FILLER_53_318,VGND,li1,152.4900,157.7600,0.000076
FILLER_53_315,VGND,li1,151.1100,157.7600,0.000076
FILLER_53_312,VGND,li1,149.7300,157.7600,0.000075
FILLER_53_309,VGND,li1,148.3500,157.7600,0.000075
FILLER_53_250,VGND,li1,120.9800,157.7600,0.000065
FILLER_53_247,VGND,li1,119.8300,157.7600,0.000063
FILLER_53_244,VGND,li1,118.4500,157.7600,0.000063
FILLER_53_235,VGND,li1,114.0800,157.7600,0.000061
FILLER_53_220,VGND,li1,106.9500,157.7600,0.000056
FILLER_53_217,VGND,li1,106.0300,157.7600,0.000056
FILLER_53_214,VGND,li1,104.6500,157.7600,0.000054
FILLER_53_211,VGND,li1,103.2700,157.7600,0.000054
FILLER_53_208,VGND,li1,101.8900,157.7600,0.000052
FILLER_53_205,VGND,li1,100.5100,157.7600,0.000052
FILLER_53_193,VGND,li1,94.5300,157.7600,0.000049
FILLER_53_182,VGND,li1,89.9300,157.7600,0.000046
FILLER_53_179,VGND,li1,88.5500,157.7600,0.000044
FILLER_53_176,VGND,li1,87.1700,157.7600,0.000044
FILLER_53_172,VGND,li1,84.8700,157.7600,0.000043
FILLER_53_169,VGND,li1,83.9500,157.7600,0.000041
FILLER_53_166,VGND,li1,82.3400,157.7600,0.000041
FILLER_53_163,VGND,li1,81.1900,157.7600,0.000040
FILLER_53_160,VGND,li1,79.8100,157.7600,0.000040
FILLER_53_157,VGND,li1,78.4300,157.7600,0.000038
FILLER_53_154,VGND,li1,77.0500,157.7600,0.000038
FILLER_53_140,VGND,li1,70.3800,157.7600,0.000034
FILLER_53_137,VGND,li1,69.2300,157.7600,0.000033
FILLER_53_134,VGND,li1,67.8500,157.7600,0.000033
FILLER_53_131,VGND,li1,66.4700,157.7600,0.000031
FILLER_53_128,VGND,li1,65.0900,157.7600,0.000031
FILLER_53_125,VGND,li1,63.7100,157.7600,0.000029
FILLER_53_122,VGND,li1,62.3300,157.7600,0.000029
FILLER_53_119,VGND,li1,60.9500,157.7600,0.000028
FILLER_53_116,VGND,li1,59.5700,157.7600,0.000027
FILLER_53_113,VGND,li1,58.1900,157.7600,0.000027
FILLER_53_111,VGND,li1,56.8100,157.7600,0.000026
FILLER_53_108,VGND,li1,55.8900,157.7600,0.000024
FILLER_53_105,VGND,li1,54.5100,157.7600,0.000024
FILLER_53_91,VGND,li1,47.8400,157.7600,0.000020
FILLER_53_88,VGND,li1,46.6900,157.7600,0.000019
FILLER_53_73,VGND,li1,39.5600,157.7600,0.000015
FILLER_53_70,VGND,li1,38.4100,157.7600,0.000014
FILLER_53_67,VGND,li1,37.0300,157.7600,0.000014
FILLER_53_64,VGND,li1,35.6500,157.7600,0.000013
FILLER_53_49,VGND,li1,28.5200,157.7600,0.000008
FILLER_53_46,VGND,li1,27.3700,157.7600,0.000007
FILLER_53_43,VGND,li1,25.9900,157.7600,0.000006
FILLER_53_40,VGND,li1,24.6100,157.7600,0.000006
FILLER_53_25,VGND,li1,17.2500,157.7600,0.000006
FILLER_53_22,VGND,li1,16.3300,157.7600,0.000006
FILLER_53_12,VGND,li1,11.5000,157.7600,0.000006
FILLER_53_9,VGND,li1,10.3500,157.7600,0.000006
FILLER_53_6,VGND,li1,8.9700,157.7600,0.000006
FILLER_53_3,VGND,li1,7.5900,157.7600,0.000006
FILLER_52_368,VGND,li1,175.2600,152.3200,0.000123
FILLER_52_342,VGND,li1,163.0700,152.3200,0.000121
FILLER_52_339,VGND,li1,162.1500,152.3200,0.000121
FILLER_52_320,VGND,li1,153.4100,152.3200,0.000118
FILLER_52_276,VGND,li1,132.7100,152.3200,0.000107
FILLER_52_266,VGND,li1,128.3400,152.3200,0.000103
FILLER_52_256,VGND,li1,123.7400,152.3200,0.000099
FILLER_52_253,VGND,li1,122.5900,152.3200,0.000097
FILLER_52_250,VGND,li1,120.9800,152.3200,0.000096
FILLER_52_247,VGND,li1,119.8300,152.3200,0.000096
FILLER_52_244,VGND,li1,118.4500,152.3200,0.000093
FILLER_52_241,VGND,li1,117.0700,152.3200,0.000093
FILLER_52_232,VGND,li1,112.7000,152.3200,0.000089
FILLER_52_223,VGND,li1,108.7900,152.3200,0.000084
FILLER_52_220,VGND,li1,107.4100,152.3200,0.000084
FILLER_52_217,VGND,li1,106.0300,152.3200,0.000082
FILLER_52_214,VGND,li1,104.6500,152.3200,0.000082
FILLER_52_211,VGND,li1,103.2700,152.3200,0.000080
FILLER_52_203,VGND,li1,99.1300,152.3200,0.000075
FILLER_52_200,VGND,li1,98.2100,152.3200,0.000075
FILLER_52_197,VGND,li1,96.8300,152.3200,0.000073
FILLER_52_195,VGND,li1,95.4500,152.3200,0.000073
FILLER_52_192,VGND,li1,94.5300,152.3200,0.000072
FILLER_52_184,VGND,li1,90.3900,152.3200,0.000068
FILLER_52_181,VGND,li1,89.4700,152.3200,0.000068
FILLER_52_167,VGND,li1,83.0300,152.3200,0.000061
FILLER_52_164,VGND,li1,81.6500,152.3200,0.000061
FILLER_52_161,VGND,li1,80.2700,152.3200,0.000059
FILLER_52_144,VGND,li1,72.2200,152.3200,0.000052
FILLER_52_141,VGND,li1,71.0700,152.3200,0.000050
FILLER_52_137,VGND,li1,69.2300,152.3200,0.000048
FILLER_52_134,VGND,li1,67.8500,152.3200,0.000048
FILLER_52_131,VGND,li1,66.4700,152.3200,0.000046
FILLER_52_128,VGND,li1,65.0900,152.3200,0.000044
FILLER_52_125,VGND,li1,63.7100,152.3200,0.000044
FILLER_52_117,VGND,li1,59.5700,152.3200,0.000040
FILLER_52_114,VGND,li1,58.6500,152.3200,0.000040
FILLER_52_102,VGND,li1,52.9000,152.3200,0.000033
FILLER_52_99,VGND,li1,51.7500,152.3200,0.000033
FILLER_52_96,VGND,li1,50.3700,152.3200,0.000032
FILLER_52_93,VGND,li1,48.9900,152.3200,0.000030
FILLER_52_90,VGND,li1,47.6100,152.3200,0.000030
FILLER_52_81,VGND,li1,43.4700,152.3200,0.000025
FILLER_52_71,VGND,li1,38.4100,152.3200,0.000021
FILLER_52_68,VGND,li1,37.4900,152.3200,0.000020
FILLER_52_65,VGND,li1,36.1100,152.3200,0.000018
FILLER_52_62,VGND,li1,34.7300,152.3200,0.000018
FILLER_52_50,VGND,li1,28.9800,152.3200,0.000011
FILLER_52_47,VGND,li1,27.8300,152.3200,0.000011
FILLER_52_29,VGND,li1,19.3200,152.3200,0.000009
FILLER_52_26,VGND,li1,17.9400,152.3200,0.000009
FILLER_52_23,VGND,li1,16.7900,152.3200,0.000009
FILLER_52_20,VGND,li1,15.4100,152.3200,0.000009
FILLER_52_17,VGND,li1,14.0300,152.3200,0.000009
FILLER_52_11,VGND,li1,11.2700,152.3200,0.000009
FILLER_52_3,VGND,li1,7.1300,152.3200,0.000009
FILLER_51_359,VGND,li1,171.3500,152.3200,0.000123
FILLER_51_341,VGND,li1,162.6100,152.3200,0.000121
FILLER_51_279,VGND,li1,134.0900,152.3200,0.000107
FILLER_51_276,VGND,li1,133.1700,152.3200,0.000107
FILLER_51_265,VGND,li1,128.1100,152.3200,0.000103
FILLER_51_260,VGND,li1,125.5800,152.3200,0.000101
FILLER_51_240,VGND,li1,116.1500,152.3200,0.000091
FILLER_51_237,VGND,li1,115.2300,152.3200,0.000091
FILLER_51_234,VGND,li1,113.8500,152.3200,0.000089
FILLER_51_231,VGND,li1,112.4700,152.3200,0.000089
FILLER_51_228,VGND,li1,111.0900,152.3200,0.000086
FILLER_51_225,VGND,li1,109.7100,152.3200,0.000086
FILLER_51_223,VGND,li1,108.3300,152.3200,0.000084
FILLER_51_213,VGND,li1,103.7300,152.3200,0.000080
FILLER_51_199,VGND,li1,97.5200,152.3200,0.000075
FILLER_51_196,VGND,li1,96.3700,152.3200,0.000073
FILLER_51_193,VGND,li1,94.9900,152.3200,0.000072
FILLER_51_190,VGND,li1,93.6100,152.3200,0.000072
FILLER_51_187,VGND,li1,92.2300,152.3200,0.000070
FILLER_51_184,VGND,li1,90.8500,152.3200,0.000068
FILLER_51_181,VGND,li1,89.4700,152.3200,0.000068
FILLER_51_178,VGND,li1,88.0900,152.3200,0.000065
FILLER_51_175,VGND,li1,86.7100,152.3200,0.000065
FILLER_51_172,VGND,li1,85.3300,152.3200,0.000063
FILLER_51_169,VGND,li1,83.9500,152.3200,0.000063
FILLER_51_167,VGND,li1,82.5700,152.3200,0.000061
FILLER_51_160,VGND,li1,79.3500,152.3200,0.000059
FILLER_51_157,VGND,li1,78.4300,152.3200,0.000057
FILLER_51_154,VGND,li1,77.0500,152.3200,0.000057
FILLER_51_151,VGND,li1,75.6700,152.3200,0.000054
FILLER_51_148,VGND,li1,74.2900,152.3200,0.000054
FILLER_51_145,VGND,li1,72.9100,152.3200,0.000052
FILLER_51_142,VGND,li1,71.5300,152.3200,0.000050
FILLER_51_131,VGND,li1,66.0100,152.3200,0.000046
FILLER_51_116,VGND,li1,59.5700,152.3200,0.000040
FILLER_51_113,VGND,li1,58.1900,152.3200,0.000038
FILLER_51_110,VGND,li1,56.5800,152.3200,0.000038
FILLER_51_96,VGND,li1,49.9100,152.3200,0.000032
FILLER_51_93,VGND,li1,48.9900,152.3200,0.000030
FILLER_51_90,VGND,li1,47.6100,152.3200,0.000030
FILLER_51_87,VGND,li1,46.2300,152.3200,0.000027
FILLER_51_78,VGND,li1,41.6300,152.3200,0.000023
FILLER_51_75,VGND,li1,40.7100,152.3200,0.000023
FILLER_51_72,VGND,li1,39.3300,152.3200,0.000021
FILLER_51_69,VGND,li1,37.9500,152.3200,0.000020
FILLER_51_66,VGND,li1,36.5700,152.3200,0.000020
FILLER_51_63,VGND,li1,35.1900,152.3200,0.000018
FILLER_51_57,VGND,li1,32.4300,152.3200,0.000016
FILLER_51_55,VGND,li1,31.0500,152.3200,0.000014
FILLER_51_52,VGND,li1,30.1300,152.3200,0.000014
FILLER_51_49,VGND,li1,28.7500,152.3200,0.000011
FILLER_51_46,VGND,li1,27.3700,152.3200,0.000011
FILLER_51_43,VGND,li1,25.9900,152.3200,0.000009
FILLER_51_40,VGND,li1,24.6100,152.3200,0.000009
FILLER_51_36,VGND,li1,22.3100,152.3200,0.000009
FILLER_51_33,VGND,li1,21.3900,152.3200,0.000009
FILLER_51_30,VGND,li1,20.0100,152.3200,0.000009
FILLER_51_27,VGND,li1,18.6300,152.3200,0.000009
FILLER_51_24,VGND,li1,17.2500,152.3200,0.000009
FILLER_51_21,VGND,li1,15.8700,152.3200,0.000009
FILLER_51_15,VGND,li1,12.8800,152.3200,0.000009
FILLER_51_3,VGND,li1,7.3600,152.3200,0.000009
FILLER_50_368,VGND,li1,175.2600,146.8800,0.000084
FILLER_50_365,VGND,li1,174.1100,146.8800,0.000084
FILLER_50_363,VGND,li1,172.7300,146.8800,0.000084
FILLER_50_360,VGND,li1,171.8100,146.8800,0.000084
FILLER_50_337,VGND,li1,160.7700,146.8800,0.000081
FILLER_50_329,VGND,li1,157.5500,146.8800,0.000081
FILLER_50_326,VGND,li1,156.1700,146.8800,0.000080
FILLER_50_323,VGND,li1,154.7900,146.8800,0.000080
FILLER_50_320,VGND,li1,153.4100,146.8800,0.000080
FILLER_50_317,VGND,li1,152.0300,146.8800,0.000079
FILLER_50_314,VGND,li1,150.6500,146.8800,0.000079
FILLER_50_309,VGND,li1,148.1200,146.8800,0.000078
FILLER_50_307,VGND,li1,146.9700,146.8800,0.000078
FILLER_50_304,VGND,li1,146.0500,146.8800,0.000078
FILLER_50_301,VGND,li1,144.6700,146.8800,0.000077
FILLER_50_298,VGND,li1,143.2900,146.8800,0.000077
FILLER_50_253,VGND,li1,122.3600,146.8800,0.000065
FILLER_50_251,VGND,li1,121.2100,146.8800,0.000064
FILLER_50_248,VGND,li1,120.2900,146.8800,0.000064
FILLER_50_242,VGND,li1,117.0700,146.8800,0.000062
FILLER_50_239,VGND,li1,116.1500,146.8800,0.000062
FILLER_50_236,VGND,li1,114.7700,146.8800,0.000060
FILLER_50_233,VGND,li1,113.3900,146.8800,0.000060
FILLER_50_217,VGND,li1,105.5700,146.8800,0.000055
FILLER_50_209,VGND,li1,102.1200,146.8800,0.000052
FILLER_50_197,VGND,li1,96.8300,146.8800,0.000049
FILLER_50_194,VGND,li1,95.2200,146.8800,0.000049
FILLER_50_191,VGND,li1,94.0700,146.8800,0.000048
FILLER_50_188,VGND,li1,92.6900,146.8800,0.000047
FILLER_50_185,VGND,li1,91.3100,146.8800,0.000047
FILLER_50_182,VGND,li1,89.9300,146.8800,0.000045
FILLER_50_179,VGND,li1,88.5500,146.8800,0.000044
FILLER_50_176,VGND,li1,87.1700,146.8800,0.000044
FILLER_50_173,VGND,li1,85.7900,146.8800,0.000042
FILLER_50_170,VGND,li1,84.4100,146.8800,0.000042
FILLER_50_167,VGND,li1,83.0300,146.8800,0.000041
FILLER_50_164,VGND,li1,81.6500,146.8800,0.000040
FILLER_50_161,VGND,li1,80.2700,146.8800,0.000040
FILLER_50_154,VGND,li1,77.0500,146.8800,0.000038
FILLER_50_151,VGND,li1,75.6700,146.8800,0.000036
FILLER_50_144,VGND,li1,72.2200,146.8800,0.000035
FILLER_50_141,VGND,li1,71.0700,146.8800,0.000034
FILLER_50_138,VGND,li1,69.4600,146.8800,0.000032
FILLER_50_135,VGND,li1,68.3100,146.8800,0.000032
FILLER_50_132,VGND,li1,66.9300,146.8800,0.000031
FILLER_50_129,VGND,li1,65.5500,146.8800,0.000031
FILLER_50_126,VGND,li1,64.1700,146.8800,0.000030
FILLER_50_123,VGND,li1,62.7900,146.8800,0.000029
FILLER_50_120,VGND,li1,61.4100,146.8800,0.000029
FILLER_50_117,VGND,li1,60.0300,146.8800,0.000027
FILLER_50_107,VGND,li1,55.4300,146.8800,0.000025
FILLER_50_100,VGND,li1,51.7500,146.8800,0.000023
FILLER_50_97,VGND,li1,50.8300,146.8800,0.000021
FILLER_50_94,VGND,li1,49.4500,146.8800,0.000021
FILLER_50_82,VGND,li1,43.7000,146.8800,0.000017
FILLER_50_79,VGND,li1,42.5500,146.8800,0.000017
FILLER_50_76,VGND,li1,41.1700,146.8800,0.000016
FILLER_50_73,VGND,li1,39.7900,146.8800,0.000015
FILLER_50_70,VGND,li1,38.4100,146.8800,0.000015
FILLER_50_60,VGND,li1,33.5800,146.8800,0.000012
FILLER_50_57,VGND,li1,32.4300,146.8800,0.000010
FILLER_50_52,VGND,li1,29.9000,146.8800,0.000009
FILLER_50_49,VGND,li1,28.7500,146.8800,0.000009
FILLER_50_41,VGND,li1,25.0700,146.8800,0.000006
FILLER_50_38,VGND,li1,23.6900,146.8800,0.000006
FILLER_50_35,VGND,li1,22.3100,146.8800,0.000006
FILLER_50_32,VGND,li1,20.9300,146.8800,0.000006
FILLER_50_29,VGND,li1,19.5500,146.8800,0.000006
FILLER_50_9,VGND,li1,9.8900,146.8800,0.000006
FILLER_50_6,VGND,li1,8.9700,146.8800,0.000006
FILLER_50_3,VGND,li1,7.5900,146.8800,0.000006
FILLER_49_346,VGND,li1,165.3700,146.8800,0.000083
FILLER_49_343,VGND,li1,163.9900,146.8800,0.000083
FILLER_49_340,VGND,li1,162.6100,146.8800,0.000082
FILLER_49_337,VGND,li1,161.2300,146.8800,0.000082
FILLER_49_333,VGND,li1,159.3900,146.8800,0.000081
FILLER_49_324,VGND,li1,155.2500,146.8800,0.000080
FILLER_49_321,VGND,li1,153.8700,146.8800,0.000080
FILLER_49_312,VGND,li1,149.7300,146.8800,0.000078
FILLER_49_307,VGND,li1,147.2000,146.8800,0.000078
FILLER_49_304,VGND,li1,146.0500,146.8800,0.000078
FILLER_49_301,VGND,li1,144.6700,146.8800,0.000077
FILLER_49_270,VGND,li1,130.1800,146.8800,0.000069
FILLER_49_262,VGND,li1,126.7300,146.8800,0.000068
FILLER_49_259,VGND,li1,125.3500,146.8800,0.000067
FILLER_49_234,VGND,li1,113.8500,146.8800,0.000060
FILLER_49_231,VGND,li1,112.4700,146.8800,0.000058
FILLER_49_228,VGND,li1,111.0900,146.8800,0.000058
FILLER_49_225,VGND,li1,109.7100,146.8800,0.000057
FILLER_49_215,VGND,li1,104.6500,146.8800,0.000055
FILLER_49_206,VGND,li1,100.7400,146.8800,0.000052
FILLER_49_190,VGND,li1,93.3800,146.8800,0.000048
FILLER_49_177,VGND,li1,87.1700,146.8800,0.000044
FILLER_49_169,VGND,li1,83.7200,146.8800,0.000041
FILLER_49_165,VGND,li1,82.1100,146.8800,0.000041
FILLER_49_151,VGND,li1,75.2100,146.8800,0.000036
FILLER_49_148,VGND,li1,74.2900,146.8800,0.000036
FILLER_49_140,VGND,li1,70.6100,146.8800,0.000034
FILLER_49_137,VGND,li1,69.2300,146.8800,0.000032
FILLER_49_134,VGND,li1,67.8500,146.8800,0.000032
FILLER_49_125,VGND,li1,63.4800,146.8800,0.000030
FILLER_49_122,VGND,li1,62.3300,146.8800,0.000029
FILLER_49_119,VGND,li1,60.9500,146.8800,0.000027
FILLER_49_116,VGND,li1,59.5700,146.8800,0.000027
FILLER_49_113,VGND,li1,58.1900,146.8800,0.000026
FILLER_49_109,VGND,li1,56.3500,146.8800,0.000025
FILLER_49_106,VGND,li1,54.9700,146.8800,0.000024
FILLER_49_103,VGND,li1,53.5900,146.8800,0.000024
FILLER_49_100,VGND,li1,52.2100,146.8800,0.000023
FILLER_49_92,VGND,li1,48.0700,146.8800,0.000020
FILLER_49_89,VGND,li1,47.1500,146.8800,0.000020
FILLER_49_86,VGND,li1,45.7700,146.8800,0.000018
FILLER_49_83,VGND,li1,44.3900,146.8800,0.000018
FILLER_49_75,VGND,li1,40.2500,146.8800,0.000016
FILLER_49_63,VGND,li1,35.1900,146.8800,0.000012
FILLER_49_60,VGND,li1,33.8100,146.8800,0.000012
FILLER_49_57,VGND,li1,32.4300,146.8800,0.000010
FILLER_49_54,VGND,li1,30.8200,146.8800,0.000010
FILLER_49_51,VGND,li1,29.6700,146.8800,0.000009
FILLER_49_48,VGND,li1,28.2900,146.8800,0.000009
FILLER_49_42,VGND,li1,25.0700,146.8800,0.000006
FILLER_49_38,VGND,li1,23.2300,146.8800,0.000006
FILLER_49_35,VGND,li1,22.3100,146.8800,0.000006
FILLER_49_32,VGND,li1,20.9300,146.8800,0.000006
FILLER_49_29,VGND,li1,19.5500,146.8800,0.000006
FILLER_49_26,VGND,li1,18.1700,146.8800,0.000006
FILLER_49_23,VGND,li1,16.7900,146.8800,0.000006
FILLER_49_9,VGND,li1,10.3500,146.8800,0.000006
FILLER_49_6,VGND,li1,8.9700,146.8800,0.000006
FILLER_49_3,VGND,li1,7.5900,146.8800,0.000006
FILLER_48_368,VGND,li1,175.2600,141.4400,0.000041
FILLER_48_361,VGND,li1,172.2700,141.4400,0.000041
FILLER_48_349,VGND,li1,166.7500,141.4400,0.000041
FILLER_48_346,VGND,li1,165.3700,141.4400,0.000041
FILLER_48_343,VGND,li1,163.9900,141.4400,0.000041
FILLER_48_323,VGND,li1,154.5600,141.4400,0.000041
FILLER_48_307,VGND,li1,146.9700,141.4400,0.000040
FILLER_48_287,VGND,li1,138.2300,141.4400,0.000038
FILLER_48_284,VGND,li1,136.8500,141.4400,0.000038
FILLER_48_281,VGND,li1,135.4700,141.4400,0.000038
FILLER_48_261,VGND,li1,126.0400,141.4400,0.000034
FILLER_48_258,VGND,li1,124.8900,141.4400,0.000034
FILLER_48_251,VGND,li1,121.2100,141.4400,0.000033
FILLER_48_243,VGND,li1,117.9900,141.4400,0.000032
FILLER_48_235,VGND,li1,114.3100,141.4400,0.000031
FILLER_48_232,VGND,li1,112.9300,141.4400,0.000030
FILLER_48_229,VGND,li1,111.5500,141.4400,0.000030
FILLER_48_226,VGND,li1,110.1700,141.4400,0.000030
FILLER_48_223,VGND,li1,108.7900,141.4400,0.000029
FILLER_48_220,VGND,li1,107.4100,141.4400,0.000029
FILLER_48_211,VGND,li1,103.0400,141.4400,0.000028
FILLER_48_208,VGND,li1,101.8900,141.4400,0.000027
FILLER_48_205,VGND,li1,100.5100,141.4400,0.000026
FILLER_48_202,VGND,li1,99.1300,141.4400,0.000026
FILLER_48_195,VGND,li1,95.4500,141.4400,0.000025
FILLER_48_188,VGND,li1,92.4600,141.4400,0.000024
FILLER_48_158,VGND,li1,78.8900,141.4400,0.000020
FILLER_48_151,VGND,li1,75.4400,141.4400,0.000019
FILLER_48_144,VGND,li1,71.9900,141.4400,0.000018
FILLER_48_141,VGND,li1,71.0700,141.4400,0.000017
FILLER_48_139,VGND,li1,69.6900,141.4400,0.000017
FILLER_48_127,VGND,li1,64.6300,141.4400,0.000016
FILLER_48_85,VGND,li1,45.0800,141.4400,0.000009
FILLER_48_81,VGND,li1,43.4700,141.4400,0.000009
FILLER_48_78,VGND,li1,42.0900,141.4400,0.000008
FILLER_48_60,VGND,li1,33.5800,141.4400,0.000006
FILLER_48_50,VGND,li1,29.2100,141.4400,0.000004
FILLER_48_41,VGND,li1,24.6100,141.4400,0.000003
FILLER_48_29,VGND,li1,19.5500,141.4400,0.000003
FILLER_48_18,VGND,li1,14.0300,141.4400,0.000003
FILLER_48_15,VGND,li1,13.1100,141.4400,0.000003
FILLER_48_12,VGND,li1,11.7300,141.4400,0.000003
FILLER_48_9,VGND,li1,10.3500,141.4400,0.000003
FILLER_48_6,VGND,li1,8.9700,141.4400,0.000003
FILLER_48_3,VGND,li1,7.5900,141.4400,0.000003
FILLER_47_361,VGND,li1,171.8100,141.4400,0.000041
FILLER_47_352,VGND,li1,167.6700,141.4400,0.000041
FILLER_47_328,VGND,li1,156.8600,141.4400,0.000041
FILLER_47_325,VGND,li1,155.7100,141.4400,0.000041
FILLER_47_322,VGND,li1,154.3300,141.4400,0.000041
FILLER_47_319,VGND,li1,152.9500,141.4400,0.000041
FILLER_47_316,VGND,li1,151.5700,141.4400,0.000041
FILLER_47_293,VGND,li1,140.9900,141.4400,0.000039
FILLER_47_290,VGND,li1,139.6100,141.4400,0.000038
FILLER_47_287,VGND,li1,138.2300,141.4400,0.000038
FILLER_47_284,VGND,li1,136.8500,141.4400,0.000038
FILLER_47_281,VGND,li1,135.4700,141.4400,0.000038
FILLER_47_279,VGND,li1,134.0900,141.4400,0.000037
FILLER_47_276,VGND,li1,133.1700,141.4400,0.000037
FILLER_47_246,VGND,li1,119.3700,141.4400,0.000032
FILLER_47_225,VGND,li1,109.7100,141.4400,0.000030
FILLER_47_209,VGND,li1,102.3500,141.4400,0.000027
FILLER_47_206,VGND,li1,100.9700,141.4400,0.000027
FILLER_47_203,VGND,li1,99.5900,141.4400,0.000026
FILLER_47_200,VGND,li1,98.2100,141.4400,0.000026
FILLER_47_197,VGND,li1,96.8300,141.4400,0.000025
FILLER_47_194,VGND,li1,95.4500,141.4400,0.000025
FILLER_47_191,VGND,li1,94.0700,141.4400,0.000024
FILLER_47_188,VGND,li1,92.6900,141.4400,0.000024
FILLER_47_185,VGND,li1,91.3100,141.4400,0.000024
FILLER_47_182,VGND,li1,89.9300,141.4400,0.000024
FILLER_47_179,VGND,li1,88.5500,141.4400,0.000023
FILLER_47_166,VGND,li1,82.3400,141.4400,0.000021
FILLER_47_163,VGND,li1,81.1900,141.4400,0.000021
FILLER_47_156,VGND,li1,77.5100,141.4400,0.000020
FILLER_47_141,VGND,li1,71.0700,141.4400,0.000017
FILLER_47_116,VGND,li1,59.5700,141.4400,0.000014
FILLER_47_109,VGND,li1,56.3500,141.4400,0.000013
FILLER_47_106,VGND,li1,54.9700,141.4400,0.000012
FILLER_47_103,VGND,li1,53.5900,141.4400,0.000012
FILLER_47_100,VGND,li1,52.2100,141.4400,0.000011
FILLER_47_97,VGND,li1,50.8300,141.4400,0.000011
FILLER_47_94,VGND,li1,49.4500,141.4400,0.000010
FILLER_47_91,VGND,li1,48.0700,141.4400,0.000010
FILLER_47_87,VGND,li1,45.7700,141.4400,0.000010
FILLER_47_79,VGND,li1,42.3200,141.4400,0.000008
FILLER_47_76,VGND,li1,41.1700,141.4400,0.000008
FILLER_47_73,VGND,li1,39.7900,141.4400,0.000007
FILLER_47_70,VGND,li1,38.4100,141.4400,0.000007
FILLER_47_67,VGND,li1,37.0300,141.4400,0.000007
FILLER_47_63,VGND,li1,34.7300,141.4400,0.000006
FILLER_47_60,VGND,li1,33.8100,141.4400,0.000006
FILLER_47_55,VGND,li1,31.0500,141.4400,0.000005
FILLER_47_37,VGND,li1,23.2300,141.4400,0.000003
FILLER_47_34,VGND,li1,21.8500,141.4400,0.000003
FILLER_47_31,VGND,li1,20.4700,141.4400,0.000003
FILLER_47_28,VGND,li1,19.0900,141.4400,0.000003
FILLER_47_6,VGND,li1,8.5100,141.4400,0.000003
FILLER_47_3,VGND,li1,7.5900,141.4400,0.000003
FILLER_46_368,VGND,li1,175.2600,136.0000,0.000144
FILLER_46_361,VGND,li1,172.2700,136.0000,0.000143
FILLER_46_349,VGND,li1,166.7500,136.0000,0.000142
FILLER_46_346,VGND,li1,165.3700,136.0000,0.000142
FILLER_46_343,VGND,li1,163.9900,136.0000,0.000142
FILLER_46_340,VGND,li1,162.6100,136.0000,0.000141
FILLER_46_335,VGND,li1,160.0800,136.0000,0.000140
FILLER_46_332,VGND,li1,158.9300,136.0000,0.000140
FILLER_46_329,VGND,li1,157.5500,136.0000,0.000140
FILLER_46_326,VGND,li1,156.1700,136.0000,0.000139
FILLER_46_323,VGND,li1,154.7900,136.0000,0.000139
FILLER_46_317,VGND,li1,151.8000,136.0000,0.000138
FILLER_46_305,VGND,li1,146.5100,136.0000,0.000136
FILLER_46_274,VGND,li1,132.2500,136.0000,0.000124
FILLER_46_266,VGND,li1,128.3400,136.0000,0.000122
FILLER_46_263,VGND,li1,127.1900,136.0000,0.000120
FILLER_46_250,VGND,li1,120.9800,136.0000,0.000115
FILLER_46_247,VGND,li1,119.8300,136.0000,0.000114
FILLER_46_244,VGND,li1,118.4500,136.0000,0.000112
FILLER_46_241,VGND,li1,117.0700,136.0000,0.000112
FILLER_46_235,VGND,li1,113.8500,136.0000,0.000109
FILLER_46_223,VGND,li1,108.7900,136.0000,0.000104
FILLER_46_205,VGND,li1,100.2800,136.0000,0.000095
FILLER_46_197,VGND,li1,96.8300,136.0000,0.000093
FILLER_46_187,VGND,li1,92.0000,136.0000,0.000089
FILLER_46_184,VGND,li1,90.8500,136.0000,0.000087
FILLER_46_181,VGND,li1,89.4700,136.0000,0.000087
FILLER_46_178,VGND,li1,88.0900,136.0000,0.000085
FILLER_46_171,VGND,li1,84.6400,136.0000,0.000082
FILLER_46_165,VGND,li1,81.6500,136.0000,0.000079
FILLER_46_162,VGND,li1,80.7300,136.0000,0.000079
FILLER_46_155,VGND,li1,77.2800,136.0000,0.000076
FILLER_46_146,VGND,li1,73.1400,136.0000,0.000072
FILLER_46_138,VGND,li1,69.4600,136.0000,0.000068
FILLER_46_135,VGND,li1,68.3100,136.0000,0.000068
FILLER_46_128,VGND,li1,64.8600,136.0000,0.000064
FILLER_46_125,VGND,li1,63.7100,136.0000,0.000064
FILLER_46_122,VGND,li1,62.3300,136.0000,0.000063
FILLER_46_90,VGND,li1,47.1500,136.0000,0.000047
FILLER_46_85,VGND,li1,45.0800,136.0000,0.000044
FILLER_46_81,VGND,li1,43.4700,136.0000,0.000040
FILLER_46_78,VGND,li1,42.0900,136.0000,0.000040
FILLER_46_75,VGND,li1,40.7100,136.0000,0.000036
FILLER_46_72,VGND,li1,39.3300,136.0000,0.000036
FILLER_46_69,VGND,li1,37.9500,136.0000,0.000032
FILLER_46_66,VGND,li1,36.5700,136.0000,0.000032
FILLER_46_63,VGND,li1,35.1900,136.0000,0.000028
FILLER_46_60,VGND,li1,33.8100,136.0000,0.000028
FILLER_46_57,VGND,li1,32.4300,136.0000,0.000024
FILLER_46_54,VGND,li1,31.0500,136.0000,0.000024
FILLER_46_51,VGND,li1,29.6700,136.0000,0.000021
FILLER_46_48,VGND,li1,28.2900,136.0000,0.000018
FILLER_46_43,VGND,li1,25.7600,136.0000,0.000015
FILLER_46_40,VGND,li1,24.6100,136.0000,0.000015
FILLER_46_37,VGND,li1,23.2300,136.0000,0.000015
FILLER_46_29,VGND,li1,19.0900,136.0000,0.000015
FILLER_46_27,VGND,li1,18.1700,136.0000,0.000015
FILLER_46_24,VGND,li1,17.2500,136.0000,0.000015
FILLER_46_21,VGND,li1,15.8700,136.0000,0.000015
FILLER_46_15,VGND,li1,12.6500,136.0000,0.000015
FILLER_46_12,VGND,li1,11.7300,136.0000,0.000015
FILLER_46_9,VGND,li1,10.3500,136.0000,0.000015
FILLER_46_6,VGND,li1,8.9700,136.0000,0.000015
FILLER_46_3,VGND,li1,7.5900,136.0000,0.000015
FILLER_45_347,VGND,li1,165.8300,136.0000,0.000142
FILLER_45_344,VGND,li1,164.4500,136.0000,0.000142
FILLER_45_329,VGND,li1,157.0900,136.0000,0.000140
FILLER_45_292,VGND,li1,140.0700,136.0000,0.000132
FILLER_45_289,VGND,li1,139.1500,136.0000,0.000132
FILLER_45_263,VGND,li1,127.1900,136.0000,0.000120
FILLER_45_260,VGND,li1,125.8100,136.0000,0.000120
FILLER_45_257,VGND,li1,124.4300,136.0000,0.000117
FILLER_45_254,VGND,li1,123.0500,136.0000,0.000117
FILLER_45_251,VGND,li1,121.6700,136.0000,0.000115
FILLER_45_248,VGND,li1,120.2900,136.0000,0.000114
FILLER_45_245,VGND,li1,118.9100,136.0000,0.000114
FILLER_45_242,VGND,li1,117.5300,136.0000,0.000112
FILLER_45_236,VGND,li1,114.3100,136.0000,0.000109
FILLER_45_233,VGND,li1,113.3900,136.0000,0.000109
FILLER_45_222,VGND,li1,108.1000,136.0000,0.000104
FILLER_45_214,VGND,li1,104.4200,136.0000,0.000100
FILLER_45_211,VGND,li1,103.2700,136.0000,0.000100
FILLER_45_188,VGND,li1,92.6900,136.0000,0.000089
FILLER_45_172,VGND,li1,85.3300,136.0000,0.000084
FILLER_45_169,VGND,li1,83.9500,136.0000,0.000082
FILLER_45_166,VGND,li1,82.3400,136.0000,0.000079
FILLER_45_163,VGND,li1,81.1900,136.0000,0.000079
FILLER_45_160,VGND,li1,79.8100,136.0000,0.000078
FILLER_45_157,VGND,li1,78.4300,136.0000,0.000076
FILLER_45_154,VGND,li1,77.0500,136.0000,0.000076
FILLER_45_151,VGND,li1,75.6700,136.0000,0.000075
FILLER_45_148,VGND,li1,74.2900,136.0000,0.000072
FILLER_45_145,VGND,li1,72.9100,136.0000,0.000072
FILLER_45_130,VGND,li1,66.0100,136.0000,0.000066
FILLER_45_127,VGND,li1,64.6300,136.0000,0.000064
FILLER_45_124,VGND,li1,63.2500,136.0000,0.000063
FILLER_45_111,VGND,li1,56.8100,136.0000,0.000057
FILLER_45_75,VGND,li1,40.4800,136.0000,0.000036
FILLER_45_63,VGND,li1,34.7300,136.0000,0.000028
FILLER_45_60,VGND,li1,33.8100,136.0000,0.000028
FILLER_45_57,VGND,li1,32.4300,136.0000,0.000024
FILLER_45_53,VGND,li1,30.5900,136.0000,0.000021
FILLER_45_50,VGND,li1,29.2100,136.0000,0.000021
FILLER_45_38,VGND,li1,23.2300,136.0000,0.000015
FILLER_45_35,VGND,li1,22.3100,136.0000,0.000015
FILLER_45_32,VGND,li1,20.9300,136.0000,0.000015
FILLER_45_29,VGND,li1,19.5500,136.0000,0.000015
FILLER_45_20,VGND,li1,14.9500,136.0000,0.000015
FILLER_45_6,VGND,li1,8.9700,136.0000,0.000015
FILLER_45_3,VGND,li1,7.5900,136.0000,0.000015
FILLER_44_368,VGND,li1,175.2600,130.5600,0.000035
FILLER_44_365,VGND,li1,174.1100,130.5600,0.000035
FILLER_44_355,VGND,li1,169.0500,130.5600,0.000035
FILLER_44_352,VGND,li1,168.1300,130.5600,0.000035
FILLER_44_343,VGND,li1,163.7600,130.5600,0.000035
FILLER_44_340,VGND,li1,162.6100,130.5600,0.000035
FILLER_44_333,VGND,li1,158.9300,130.5600,0.000035
FILLER_44_330,VGND,li1,158.0100,130.5600,0.000035
FILLER_44_318,VGND,li1,152.4900,130.5600,0.000035
FILLER_44_315,VGND,li1,151.1100,130.5600,0.000035
FILLER_44_312,VGND,li1,149.7300,130.5600,0.000035
FILLER_44_307,VGND,li1,146.9700,130.5600,0.000035
FILLER_44_291,VGND,li1,139.8400,130.5600,0.000035
FILLER_44_288,VGND,li1,138.6900,130.5600,0.000035
FILLER_44_285,VGND,li1,137.3100,130.5600,0.000035
FILLER_44_282,VGND,li1,135.9300,130.5600,0.000035
FILLER_44_279,VGND,li1,134.5500,130.5600,0.000035
FILLER_44_276,VGND,li1,133.1700,130.5600,0.000035
FILLER_44_266,VGND,li1,128.1100,130.5600,0.000035
FILLER_44_263,VGND,li1,127.1900,130.5600,0.000035
FILLER_44_260,VGND,li1,125.8100,130.5600,0.000035
FILLER_44_251,VGND,li1,121.2100,130.5600,0.000035
FILLER_44_248,VGND,li1,120.2900,130.5600,0.000035
FILLER_44_224,VGND,li1,109.0200,130.5600,0.000034
FILLER_44_221,VGND,li1,107.8700,130.5600,0.000034
FILLER_44_215,VGND,li1,105.1100,130.5600,0.000034
FILLER_44_212,VGND,li1,103.7300,130.5600,0.000034
FILLER_44_209,VGND,li1,102.3500,130.5600,0.000034
FILLER_44_206,VGND,li1,100.9700,130.5600,0.000034
FILLER_44_203,VGND,li1,99.5900,130.5600,0.000034
FILLER_44_200,VGND,li1,98.2100,130.5600,0.000034
FILLER_44_197,VGND,li1,96.8300,130.5600,0.000034
FILLER_44_195,VGND,li1,95.4500,130.5600,0.000034
FILLER_44_192,VGND,li1,94.5300,130.5600,0.000034
FILLER_44_183,VGND,li1,90.3900,130.5600,0.000034
FILLER_44_180,VGND,li1,89.0100,130.5600,0.000034
FILLER_44_177,VGND,li1,87.6300,130.5600,0.000034
FILLER_44_158,VGND,li1,78.6600,130.5600,0.000034
FILLER_44_155,VGND,li1,77.5100,130.5600,0.000034
FILLER_44_146,VGND,li1,72.9100,130.5600,0.000034
FILLER_44_139,VGND,li1,69.6900,130.5600,0.000034
FILLER_44_130,VGND,li1,65.5500,130.5600,0.000034
FILLER_44_97,VGND,li1,50.3700,130.5600,0.000031
FILLER_44_94,VGND,li1,49.4500,130.5600,0.000030
FILLER_44_81,VGND,li1,43.4700,130.5600,0.000028
FILLER_44_32,VGND,li1,20.9300,130.5600,0.000017
FILLER_44_29,VGND,li1,19.5500,130.5600,0.000017
FILLER_44_3,VGND,li1,7.3600,130.5600,0.000019
FILLER_43_349,VGND,li1,166.2900,130.5600,0.000035
FILLER_43_346,VGND,li1,165.3700,130.5600,0.000035
FILLER_43_324,VGND,li1,155.2500,130.5600,0.000035
FILLER_43_321,VGND,li1,153.8700,130.5600,0.000035
FILLER_43_309,VGND,li1,147.8900,130.5600,0.000035
FILLER_43_294,VGND,li1,140.9900,130.5600,0.000035
FILLER_43_290,VGND,li1,139.1500,130.5600,0.000035
FILLER_43_287,VGND,li1,138.2300,130.5600,0.000035
FILLER_43_284,VGND,li1,136.8500,130.5600,0.000035
FILLER_43_260,VGND,li1,125.5800,130.5600,0.000035
FILLER_43_257,VGND,li1,124.4300,130.5600,0.000035
FILLER_43_254,VGND,li1,123.0500,130.5600,0.000035
FILLER_43_236,VGND,li1,114.3100,130.5600,0.000034
FILLER_43_233,VGND,li1,113.3900,130.5600,0.000034
FILLER_43_230,VGND,li1,112.0100,130.5600,0.000034
FILLER_43_222,VGND,li1,108.1000,130.5600,0.000034
FILLER_43_219,VGND,li1,106.9500,130.5600,0.000034
FILLER_43_216,VGND,li1,105.5700,130.5600,0.000034
FILLER_43_213,VGND,li1,104.1900,130.5600,0.000034
FILLER_43_210,VGND,li1,102.8100,130.5600,0.000034
FILLER_43_207,VGND,li1,101.4300,130.5600,0.000034
FILLER_43_204,VGND,li1,100.0500,130.5600,0.000034
FILLER_43_201,VGND,li1,98.6700,130.5600,0.000034
FILLER_43_195,VGND,li1,95.9100,130.5600,0.000034
FILLER_43_192,VGND,li1,94.5300,130.5600,0.000034
FILLER_43_189,VGND,li1,93.1500,130.5600,0.000034
FILLER_43_186,VGND,li1,91.7700,130.5600,0.000034
FILLER_43_179,VGND,li1,88.0900,130.5600,0.000034
FILLER_43_176,VGND,li1,87.1700,130.5600,0.000034
FILLER_43_166,VGND,li1,82.3400,130.5600,0.000034
FILLER_43_154,VGND,li1,76.8200,130.5600,0.000034
FILLER_43_142,VGND,li1,71.3000,130.5600,0.000034
FILLER_43_131,VGND,li1,66.0100,130.5600,0.000034
FILLER_43_122,VGND,li1,61.8700,130.5600,0.000034
FILLER_43_110,VGND,li1,56.5800,130.5600,0.000032
FILLER_43_107,VGND,li1,55.4300,130.5600,0.000032
FILLER_43_104,VGND,li1,54.0500,130.5600,0.000031
FILLER_43_92,VGND,li1,48.5300,130.5600,0.000030
FILLER_43_84,VGND,li1,44.3900,130.5600,0.000029
FILLER_43_65,VGND,li1,35.8800,130.5600,0.000025
FILLER_43_51,VGND,li1,29.4400,130.5600,0.000021
FILLER_43_27,VGND,li1,18.1700,130.5600,0.000018
FILLER_43_24,VGND,li1,17.2500,130.5600,0.000018
FILLER_43_12,VGND,li1,11.7300,130.5600,0.000019
FILLER_43_9,VGND,li1,10.3500,130.5600,0.000019
FILLER_43_6,VGND,li1,8.9700,130.5600,0.000019
FILLER_43_3,VGND,li1,7.5900,130.5600,0.000019
FILLER_42_368,VGND,li1,175.2600,125.1200,0.000084
FILLER_42_363,VGND,li1,172.7300,125.1200,0.000084
FILLER_42_352,VGND,li1,167.9000,125.1200,0.000084
FILLER_42_349,VGND,li1,166.7500,125.1200,0.000084
FILLER_42_332,VGND,li1,158.4700,125.1200,0.000084
FILLER_42_329,VGND,li1,157.5500,125.1200,0.000084
FILLER_42_306,VGND,li1,146.7400,125.1200,0.000084
FILLER_42_282,VGND,li1,135.4700,125.1200,0.000084
FILLER_42_272,VGND,li1,131.1000,125.1200,0.000084
FILLER_42_262,VGND,li1,126.5000,125.1200,0.000084
FILLER_42_250,VGND,li1,120.9800,125.1200,0.000084
FILLER_42_247,VGND,li1,119.8300,125.1200,0.000084
FILLER_42_244,VGND,li1,118.4500,125.1200,0.000083
FILLER_42_241,VGND,li1,117.0700,125.1200,0.000083
FILLER_42_235,VGND,li1,113.8500,125.1200,0.000083
FILLER_42_227,VGND,li1,110.6300,125.1200,0.000083
FILLER_42_224,VGND,li1,109.2500,125.1200,0.000083
FILLER_42_221,VGND,li1,107.8700,125.1200,0.000083
FILLER_42_218,VGND,li1,106.4900,125.1200,0.000083
FILLER_42_215,VGND,li1,105.1100,125.1200,0.000083
FILLER_42_197,VGND,li1,96.6000,125.1200,0.000083
FILLER_42_194,VGND,li1,95.2200,125.1200,0.000083
FILLER_42_191,VGND,li1,94.0700,125.1200,0.000083
FILLER_42_174,VGND,li1,86.0200,125.1200,0.000083
FILLER_42_171,VGND,li1,84.8700,125.1200,0.000083
FILLER_42_168,VGND,li1,83.4900,125.1200,0.000083
FILLER_42_165,VGND,li1,82.1100,125.1200,0.000083
FILLER_42_160,VGND,li1,79.5800,125.1200,0.000082
FILLER_42_157,VGND,li1,78.4300,125.1200,0.000082
FILLER_42_154,VGND,li1,77.0500,125.1200,0.000082
FILLER_42_150,VGND,li1,74.7500,125.1200,0.000082
FILLER_42_147,VGND,li1,73.8300,125.1200,0.000082
FILLER_42_144,VGND,li1,72.4500,125.1200,0.000082
FILLER_42_141,VGND,li1,71.0700,125.1200,0.000082
FILLER_42_139,VGND,li1,69.6900,125.1200,0.000082
FILLER_42_104,VGND,li1,54.0500,125.1200,0.000076
FILLER_42_82,VGND,li1,43.7000,125.1200,0.000063
FILLER_42_63,VGND,li1,35.1900,125.1200,0.000046
FILLER_42_42,VGND,li1,25.0700,125.1200,0.000026
FILLER_42_32,VGND,li1,20.4700,125.1200,0.000029
FILLER_42_29,VGND,li1,19.5500,125.1200,0.000029
FILLER_42_26,VGND,li1,17.9400,125.1200,0.000030
FILLER_41_359,VGND,li1,171.3500,125.1200,0.000084
FILLER_41_356,VGND,li1,169.9700,125.1200,0.000084
FILLER_41_353,VGND,li1,168.5900,125.1200,0.000084
FILLER_41_350,VGND,li1,167.2100,125.1200,0.000084
FILLER_41_347,VGND,li1,165.8300,125.1200,0.000084
FILLER_41_344,VGND,li1,164.4500,125.1200,0.000084
FILLER_41_333,VGND,li1,159.3900,125.1200,0.000084
FILLER_41_326,VGND,li1,155.7100,125.1200,0.000084
FILLER_41_323,VGND,li1,154.7900,125.1200,0.000084
FILLER_41_320,VGND,li1,153.4100,125.1200,0.000084
FILLER_41_278,VGND,li1,133.8600,125.1200,0.000084
FILLER_41_275,VGND,li1,132.7100,125.1200,0.000084
FILLER_41_272,VGND,li1,131.3300,125.1200,0.000084
FILLER_41_266,VGND,li1,128.1100,125.1200,0.000084
FILLER_41_247,VGND,li1,119.3700,125.1200,0.000084
FILLER_41_244,VGND,li1,118.4500,125.1200,0.000083
FILLER_41_241,VGND,li1,117.0700,125.1200,0.000083
FILLER_41_238,VGND,li1,115.6900,125.1200,0.000083
FILLER_41_235,VGND,li1,114.3100,125.1200,0.000083
FILLER_41_221,VGND,li1,107.8700,125.1200,0.000083
FILLER_41_192,VGND,li1,94.5300,125.1200,0.000083
FILLER_41_189,VGND,li1,93.1500,125.1200,0.000083
FILLER_41_181,VGND,li1,89.2400,125.1200,0.000083
FILLER_41_178,VGND,li1,88.0900,125.1200,0.000083
FILLER_41_175,VGND,li1,86.7100,125.1200,0.000083
FILLER_41_165,VGND,li1,82.1100,125.1200,0.000083
FILLER_41_158,VGND,li1,78.4300,125.1200,0.000082
FILLER_41_155,VGND,li1,77.5100,125.1200,0.000082
FILLER_41_152,VGND,li1,76.1300,125.1200,0.000082
FILLER_41_145,VGND,li1,72.4500,125.1200,0.000082
FILLER_41_142,VGND,li1,71.5300,125.1200,0.000082
FILLER_41_139,VGND,li1,70.1500,125.1200,0.000082
FILLER_41_95,VGND,li1,49.4500,125.1200,0.000071
FILLER_41_74,VGND,li1,39.7900,125.1200,0.000055
FILLER_41_23,VGND,li1,16.5600,125.1200,0.000030
FILLER_41_12,VGND,li1,11.5000,125.1200,0.000032
FILLER_41_9,VGND,li1,10.3500,125.1200,0.000032
FILLER_41_6,VGND,li1,8.9700,125.1200,0.000032
FILLER_41_3,VGND,li1,7.5900,125.1200,0.000032
FILLER_40_368,VGND,li1,175.2600,119.6800,0.000747
FILLER_40_365,VGND,li1,174.1100,119.6800,0.000747
FILLER_40_362,VGND,li1,172.5000,119.6800,0.000747
FILLER_40_351,VGND,li1,167.4400,119.6800,0.000746
FILLER_40_324,VGND,li1,155.0200,119.6800,0.000742
FILLER_40_321,VGND,li1,153.8700,119.6800,0.000741
FILLER_40_318,VGND,li1,152.4900,119.6800,0.000741
FILLER_40_315,VGND,li1,151.1100,119.6800,0.000741
FILLER_40_312,VGND,li1,149.7300,119.6800,0.000741
FILLER_40_309,VGND,li1,148.3500,119.6800,0.000740
FILLER_40_307,VGND,li1,146.9700,119.6800,0.000740
FILLER_40_304,VGND,li1,146.0500,119.6800,0.000739
FILLER_40_301,VGND,li1,144.6700,119.6800,0.000739
FILLER_40_276,VGND,li1,133.1700,119.6800,0.000702
FILLER_40_253,VGND,li1,122.3600,119.6800,0.000643
FILLER_40_251,VGND,li1,121.2100,119.6800,0.000643
FILLER_40_248,VGND,li1,120.2900,119.6800,0.000631
FILLER_40_245,VGND,li1,118.9100,119.6800,0.000631
FILLER_40_232,VGND,li1,112.7000,119.6800,0.000591
FILLER_40_229,VGND,li1,111.5500,119.6800,0.000591
FILLER_40_221,VGND,li1,107.8700,119.6800,0.000567
FILLER_40_200,VGND,li1,97.9800,119.6800,0.000519
FILLER_40_197,VGND,li1,96.8300,119.6800,0.000510
FILLER_40_195,VGND,li1,95.4500,119.6800,0.000510
FILLER_40_170,VGND,li1,84.4100,119.6800,0.000452
FILLER_40_167,VGND,li1,83.0300,119.6800,0.000438
FILLER_40_164,VGND,li1,81.6500,119.6800,0.000438
FILLER_40_129,VGND,li1,65.3200,119.6800,0.000349
FILLER_40_111,VGND,li1,57.0400,119.6800,0.000302
FILLER_40_43,VGND,li1,25.7600,119.6800,0.000079
FILLER_40_26,VGND,li1,17.9400,119.6800,0.000081
FILLER_39_348,VGND,li1,166.0600,119.6800,0.000745
FILLER_39_345,VGND,li1,164.9100,119.6800,0.000745
FILLER_39_337,VGND,li1,160.7700,119.6800,0.000744
FILLER_39_334,VGND,li1,159.6200,119.6800,0.000743
FILLER_39_256,VGND,li1,123.9700,119.6800,0.000658
FILLER_39_231,VGND,li1,112.4700,119.6800,0.000591
FILLER_39_228,VGND,li1,111.0900,119.6800,0.000591
FILLER_39_222,VGND,li1,108.1000,119.6800,0.000567
FILLER_39_215,VGND,li1,104.6500,119.6800,0.000557
FILLER_39_212,VGND,li1,103.7300,119.6800,0.000545
FILLER_39_207,VGND,li1,101.2000,119.6800,0.000532
FILLER_39_204,VGND,li1,100.0500,119.6800,0.000532
FILLER_39_201,VGND,li1,98.6700,119.6800,0.000519
FILLER_39_198,VGND,li1,97.2900,119.6800,0.000519
FILLER_39_195,VGND,li1,95.9100,119.6800,0.000510
FILLER_39_192,VGND,li1,94.5300,119.6800,0.000498
FILLER_39_180,VGND,li1,88.7800,119.6800,0.000472
FILLER_39_177,VGND,li1,87.6300,119.6800,0.000462
FILLER_39_174,VGND,li1,86.2500,119.6800,0.000462
FILLER_39_147,VGND,li1,73.6000,119.6800,0.000390
FILLER_39_142,VGND,li1,71.3000,119.6800,0.000377
FILLER_39_139,VGND,li1,70.1500,119.6800,0.000377
FILLER_39_128,VGND,li1,65.0900,119.6800,0.000349
FILLER_39_109,VGND,li1,56.3500,119.6800,0.000290
FILLER_39_88,VGND,li1,46.6900,119.6800,0.000238
FILLER_39_85,VGND,li1,45.3100,119.6800,0.000223
FILLER_39_47,VGND,li1,27.3700,119.6800,0.000103
FILLER_39_29,VGND,li1,19.0900,119.6800,0.000080
FILLER_39_9,VGND,li1,10.3500,119.6800,0.000082
FILLER_39_6,VGND,li1,8.9700,119.6800,0.000082
FILLER_39_3,VGND,li1,7.5900,119.6800,0.000082
FILLER_38_368,VGND,li1,175.2600,114.2400,0.000458
FILLER_38_363,VGND,li1,172.7300,114.2400,0.000458
FILLER_38_360,VGND,li1,171.8100,114.2400,0.000458
FILLER_38_357,VGND,li1,170.4300,114.2400,0.000458
FILLER_38_346,VGND,li1,165.3700,114.2400,0.000457
FILLER_38_343,VGND,li1,163.9900,114.2400,0.000456
FILLER_38_340,VGND,li1,162.6100,114.2400,0.000456
FILLER_38_277,VGND,li1,133.4000,114.2400,0.000442
FILLER_38_261,VGND,li1,126.2700,114.2400,0.000419
FILLER_38_258,VGND,li1,124.8900,114.2400,0.000419
FILLER_38_249,VGND,li1,120.7500,114.2400,0.000406
FILLER_38_232,VGND,li1,112.9300,114.2400,0.000381
FILLER_38_229,VGND,li1,111.5500,114.2400,0.000375
FILLER_38_223,VGND,li1,108.7900,114.2400,0.000368
FILLER_38_216,VGND,li1,105.1100,114.2400,0.000353
FILLER_38_213,VGND,li1,104.1900,114.2400,0.000353
FILLER_38_210,VGND,li1,102.8100,114.2400,0.000345
FILLER_38_207,VGND,li1,101.4300,114.2400,0.000345
FILLER_38_204,VGND,li1,100.0500,114.2400,0.000339
FILLER_38_194,VGND,li1,95.2200,114.2400,0.000320
FILLER_38_191,VGND,li1,94.0700,114.2400,0.000320
FILLER_38_188,VGND,li1,92.6900,114.2400,0.000312
FILLER_38_185,VGND,li1,91.3100,114.2400,0.000312
FILLER_38_171,VGND,li1,84.8700,114.2400,0.000292
FILLER_38_168,VGND,li1,83.4900,114.2400,0.000283
FILLER_38_165,VGND,li1,82.1100,114.2400,0.000283
FILLER_38_162,VGND,li1,80.7300,114.2400,0.000277
FILLER_38_156,VGND,li1,77.9700,114.2400,0.000270
FILLER_38_153,VGND,li1,76.5900,114.2400,0.000263
FILLER_38_150,VGND,li1,75.2100,114.2400,0.000257
FILLER_38_147,VGND,li1,73.8300,114.2400,0.000257
FILLER_38_144,VGND,li1,72.4500,114.2400,0.000249
FILLER_38_141,VGND,li1,71.0700,114.2400,0.000243
FILLER_38_138,VGND,li1,69.4600,114.2400,0.000243
FILLER_38_112,VGND,li1,57.7300,114.2400,0.000199
FILLER_38_109,VGND,li1,56.3500,114.2400,0.000191
FILLER_38_106,VGND,li1,54.9700,114.2400,0.000191
FILLER_38_103,VGND,li1,53.5900,114.2400,0.000181
FILLER_38_85,VGND,li1,45.3100,114.2400,0.000148
FILLER_38_65,VGND,li1,35.8800,114.2400,0.000109
FILLER_38_56,VGND,li1,31.7400,114.2400,0.000081
FILLER_38_32,VGND,li1,20.4700,114.2400,0.000057
FILLER_38_29,VGND,li1,19.5500,114.2400,0.000057
FILLER_38_27,VGND,li1,18.1700,114.2400,0.000058
FILLER_38_3,VGND,li1,7.1300,114.2400,0.000059
FILLER_37_369,VGND,li1,175.4900,114.2400,0.000458
FILLER_37_347,VGND,li1,165.6000,114.2400,0.000457
FILLER_37_340,VGND,li1,162.6100,114.2400,0.000456
FILLER_37_266,VGND,li1,128.5700,114.2400,0.000430
FILLER_37_255,VGND,li1,123.2800,114.2400,0.000414
FILLER_37_252,VGND,li1,122.1300,114.2400,0.000406
FILLER_37_249,VGND,li1,120.7500,114.2400,0.000406
FILLER_37_246,VGND,li1,119.3700,114.2400,0.000397
FILLER_37_243,VGND,li1,117.9900,114.2400,0.000397
FILLER_37_231,VGND,li1,112.2400,114.2400,0.000375
FILLER_37_228,VGND,li1,111.0900,114.2400,0.000375
FILLER_37_225,VGND,li1,109.7100,114.2400,0.000368
FILLER_37_221,VGND,li1,107.8700,114.2400,0.000361
FILLER_37_218,VGND,li1,106.4900,114.2400,0.000361
FILLER_37_206,VGND,li1,100.9700,114.2400,0.000339
FILLER_37_203,VGND,li1,99.5900,114.2400,0.000339
FILLER_37_200,VGND,li1,98.2100,114.2400,0.000333
FILLER_37_190,VGND,li1,93.6100,114.2400,0.000320
FILLER_37_187,VGND,li1,92.2300,114.2400,0.000312
FILLER_37_184,VGND,li1,90.8500,114.2400,0.000307
FILLER_37_181,VGND,li1,89.4700,114.2400,0.000307
FILLER_37_169,VGND,li1,83.7200,114.2400,0.000283
FILLER_37_167,VGND,li1,82.5700,114.2400,0.000283
FILLER_37_164,VGND,li1,81.6500,114.2400,0.000277
FILLER_37_161,VGND,li1,80.2700,114.2400,0.000277
FILLER_37_151,VGND,li1,75.6700,114.2400,0.000263
FILLER_37_148,VGND,li1,74.2900,114.2400,0.000257
FILLER_37_145,VGND,li1,72.9100,114.2400,0.000249
FILLER_37_142,VGND,li1,71.5300,114.2400,0.000249
FILLER_37_139,VGND,li1,70.1500,114.2400,0.000243
FILLER_37_136,VGND,li1,68.7700,114.2400,0.000236
FILLER_37_133,VGND,li1,67.3900,114.2400,0.000236
FILLER_37_130,VGND,li1,66.0100,114.2400,0.000227
FILLER_37_127,VGND,li1,64.6300,114.2400,0.000227
FILLER_37_124,VGND,li1,63.2500,114.2400,0.000219
FILLER_37_113,VGND,li1,57.7300,114.2400,0.000199
FILLER_37_111,VGND,li1,56.8100,114.2400,0.000199
FILLER_37_55,VGND,li1,31.0500,114.2400,0.000081
FILLER_37_52,VGND,li1,30.1300,114.2400,0.000081
FILLER_37_49,VGND,li1,28.7500,114.2400,0.000067
FILLER_37_44,VGND,li1,26.2200,114.2400,0.000056
FILLER_37_41,VGND,li1,25.0700,114.2400,0.000056
FILLER_37_35,VGND,li1,22.3100,114.2400,0.000056
FILLER_37_32,VGND,li1,20.9300,114.2400,0.000057
FILLER_37_9,VGND,li1,10.3500,114.2400,0.000059
FILLER_37_6,VGND,li1,8.9700,114.2400,0.000059
FILLER_37_3,VGND,li1,7.5900,114.2400,0.000059
FILLER_36_368,VGND,li1,175.2600,108.8000,0.000207
FILLER_36_354,VGND,li1,168.8200,108.8000,0.000207
FILLER_36_337,VGND,li1,161.2300,108.8000,0.000207
FILLER_36_324,VGND,li1,155.0200,108.8000,0.000207
FILLER_36_309,VGND,li1,147.8900,108.8000,0.000207
FILLER_36_285,VGND,li1,137.0800,108.8000,0.000204
FILLER_36_260,VGND,li1,125.3500,108.8000,0.000194
FILLER_36_250,VGND,li1,120.9800,108.8000,0.000189
FILLER_36_242,VGND,li1,117.0700,108.8000,0.000185
FILLER_36_237,VGND,li1,115.0000,108.8000,0.000182
FILLER_36_234,VGND,li1,113.8500,108.8000,0.000182
FILLER_36_231,VGND,li1,112.4700,108.8000,0.000180
FILLER_36_228,VGND,li1,111.0900,108.8000,0.000180
FILLER_36_225,VGND,li1,109.7100,108.8000,0.000177
FILLER_36_222,VGND,li1,108.3300,108.8000,0.000177
FILLER_36_203,VGND,li1,99.3600,108.8000,0.000167
FILLER_36_200,VGND,li1,98.2100,108.8000,0.000167
FILLER_36_197,VGND,li1,96.8300,108.8000,0.000164
FILLER_36_195,VGND,li1,95.4500,108.8000,0.000164
FILLER_36_192,VGND,li1,94.5300,108.8000,0.000162
FILLER_36_189,VGND,li1,93.1500,108.8000,0.000162
FILLER_36_171,VGND,li1,84.4100,108.8000,0.000152
FILLER_36_144,VGND,li1,72.2200,108.8000,0.000140
FILLER_36_141,VGND,li1,71.0700,108.8000,0.000140
FILLER_36_139,VGND,li1,69.6900,108.8000,0.000137
FILLER_36_136,VGND,li1,68.7700,108.8000,0.000137
FILLER_36_93,VGND,li1,48.5300,108.8000,0.000105
FILLER_36_75,VGND,li1,40.2500,108.8000,0.000081
FILLER_36_27,VGND,li1,18.1700,108.8000,0.000038
FILLER_36_24,VGND,li1,17.2500,108.8000,0.000038
FILLER_36_21,VGND,li1,15.8700,108.8000,0.000038
FILLER_36_18,VGND,li1,14.4900,108.8000,0.000038
FILLER_36_15,VGND,li1,13.1100,108.8000,0.000038
FILLER_36_12,VGND,li1,11.7300,108.8000,0.000038
FILLER_36_9,VGND,li1,10.3500,108.8000,0.000038
FILLER_36_6,VGND,li1,8.9700,108.8000,0.000038
FILLER_36_3,VGND,li1,7.5900,108.8000,0.000038
FILLER_35_359,VGND,li1,171.3500,108.8000,0.000207
FILLER_35_356,VGND,li1,169.9700,108.8000,0.000207
FILLER_35_353,VGND,li1,168.5900,108.8000,0.000207
FILLER_35_350,VGND,li1,167.2100,108.8000,0.000207
FILLER_35_347,VGND,li1,165.8300,108.8000,0.000207
FILLER_35_333,VGND,li1,159.3900,108.8000,0.000207
FILLER_35_330,VGND,li1,158.0100,108.8000,0.000207
FILLER_35_327,VGND,li1,156.6300,108.8000,0.000207
FILLER_35_324,VGND,li1,155.2500,108.8000,0.000207
FILLER_35_321,VGND,li1,153.8700,108.8000,0.000207
FILLER_35_318,VGND,li1,152.4900,108.8000,0.000207
FILLER_35_312,VGND,li1,149.7300,108.8000,0.000207
FILLER_35_278,VGND,li1,133.8600,108.8000,0.000202
FILLER_35_255,VGND,li1,123.0500,108.8000,0.000192
FILLER_35_252,VGND,li1,122.1300,108.8000,0.000189
FILLER_35_249,VGND,li1,120.7500,108.8000,0.000189
FILLER_35_234,VGND,li1,113.6200,108.8000,0.000182
FILLER_35_231,VGND,li1,112.4700,108.8000,0.000180
FILLER_35_228,VGND,li1,111.0900,108.8000,0.000180
FILLER_35_225,VGND,li1,109.7100,108.8000,0.000177
FILLER_35_223,VGND,li1,108.3300,108.8000,0.000177
FILLER_35_213,VGND,li1,104.1900,108.8000,0.000171
FILLER_35_210,VGND,li1,102.8100,108.8000,0.000171
FILLER_35_207,VGND,li1,101.4300,108.8000,0.000169
FILLER_35_204,VGND,li1,100.0500,108.8000,0.000169
FILLER_35_187,VGND,li1,91.7700,108.8000,0.000159
FILLER_35_184,VGND,li1,90.8500,108.8000,0.000159
FILLER_35_181,VGND,li1,89.4700,108.8000,0.000157
FILLER_35_178,VGND,li1,88.0900,108.8000,0.000157
FILLER_35_175,VGND,li1,86.7100,108.8000,0.000154
FILLER_35_172,VGND,li1,85.3300,108.8000,0.000154
FILLER_35_169,VGND,li1,83.9500,108.8000,0.000152
FILLER_35_166,VGND,li1,82.3400,108.8000,0.000150
FILLER_35_163,VGND,li1,81.1900,108.8000,0.000150
FILLER_35_124,VGND,li1,62.7900,108.8000,0.000129
FILLER_35_121,VGND,li1,61.8700,108.8000,0.000129
FILLER_35_111,VGND,li1,56.8100,108.8000,0.000119
FILLER_35_85,VGND,li1,44.8500,108.8000,0.000093
FILLER_35_73,VGND,li1,39.5600,108.8000,0.000081
FILLER_35_54,VGND,li1,30.8200,108.8000,0.000056
FILLER_35_22,VGND,li1,15.8700,108.8000,0.000038
FILLER_35_9,VGND,li1,9.8900,108.8000,0.000038
FILLER_35_6,VGND,li1,8.9700,108.8000,0.000038
FILLER_35_3,VGND,li1,7.5900,108.8000,0.000038
FILLER_34_368,VGND,li1,175.2600,103.3600,0.000642
FILLER_34_341,VGND,li1,163.0700,103.3600,0.000642
FILLER_34_338,VGND,li1,161.6900,103.3600,0.000642
FILLER_34_335,VGND,li1,160.3100,103.3600,0.000642
FILLER_34_332,VGND,li1,158.9300,103.3600,0.000642
FILLER_34_306,VGND,li1,146.7400,103.3600,0.000640
FILLER_34_280,VGND,li1,134.7800,103.3600,0.000613
FILLER_34_265,VGND,li1,127.6500,103.3600,0.000588
FILLER_34_262,VGND,li1,126.7300,103.3600,0.000588
FILLER_34_259,VGND,li1,125.3500,103.3600,0.000578
FILLER_34_256,VGND,li1,123.9700,103.3600,0.000578
FILLER_34_253,VGND,li1,122.5900,103.3600,0.000570
FILLER_34_249,VGND,li1,120.7500,103.3600,0.000562
FILLER_34_246,VGND,li1,119.3700,103.3600,0.000562
FILLER_34_232,VGND,li1,112.7000,103.3600,0.000533
FILLER_34_229,VGND,li1,111.5500,103.3600,0.000533
FILLER_34_200,VGND,li1,97.7500,103.3600,0.000485
FILLER_34_197,VGND,li1,96.8300,103.3600,0.000478
FILLER_34_195,VGND,li1,95.4500,103.3600,0.000478
FILLER_34_192,VGND,li1,94.5300,103.3600,0.000471
FILLER_34_173,VGND,li1,85.5600,103.3600,0.000439
FILLER_34_170,VGND,li1,84.4100,103.3600,0.000439
FILLER_34_167,VGND,li1,83.0300,103.3600,0.000432
FILLER_34_164,VGND,li1,81.6500,103.3600,0.000424
FILLER_34_161,VGND,li1,80.2700,103.3600,0.000424
FILLER_34_156,VGND,li1,77.7400,103.3600,0.000415
FILLER_34_153,VGND,li1,76.5900,103.3600,0.000408
FILLER_34_150,VGND,li1,75.2100,103.3600,0.000401
FILLER_34_147,VGND,li1,73.8300,103.3600,0.000401
FILLER_34_144,VGND,li1,72.4500,103.3600,0.000392
FILLER_34_141,VGND,li1,71.0700,103.3600,0.000392
FILLER_34_139,VGND,li1,69.6900,103.3600,0.000383
FILLER_34_125,VGND,li1,63.7100,103.3600,0.000365
FILLER_34_116,VGND,li1,59.1100,103.3600,0.000347
FILLER_34_113,VGND,li1,58.1900,103.3600,0.000338
FILLER_34_65,VGND,li1,35.8800,103.3600,0.000198
FILLER_34_32,VGND,li1,20.7000,103.3600,0.000105
FILLER_34_27,VGND,li1,18.1700,103.3600,0.000107
FILLER_34_24,VGND,li1,17.2500,103.3600,0.000107
FILLER_33_367,VGND,li1,175.0300,103.3600,0.000642
FILLER_33_358,VGND,li1,170.4300,103.3600,0.000642
FILLER_33_334,VGND,li1,159.6200,103.3600,0.000642
FILLER_33_330,VGND,li1,157.5500,103.3600,0.000642
FILLER_33_327,VGND,li1,156.6300,103.3600,0.000642
FILLER_33_324,VGND,li1,155.2500,103.3600,0.000642
FILLER_33_319,VGND,li1,152.7200,103.3600,0.000642
FILLER_33_315,VGND,li1,150.6500,103.3600,0.000641
FILLER_33_304,VGND,li1,145.8200,103.3600,0.000640
FILLER_33_249,VGND,li1,120.2900,103.3600,0.000562
FILLER_33_246,VGND,li1,119.3700,103.3600,0.000562
FILLER_33_243,VGND,li1,117.9900,103.3600,0.000552
FILLER_33_240,VGND,li1,116.6100,103.3600,0.000552
FILLER_33_237,VGND,li1,115.2300,103.3600,0.000542
FILLER_33_234,VGND,li1,113.8500,103.3600,0.000542
FILLER_33_231,VGND,li1,112.4700,103.3600,0.000533
FILLER_33_228,VGND,li1,111.0900,103.3600,0.000533
FILLER_33_225,VGND,li1,109.7100,103.3600,0.000524
FILLER_33_221,VGND,li1,107.8700,103.3600,0.000518
FILLER_33_218,VGND,li1,106.4900,103.3600,0.000512
FILLER_33_215,VGND,li1,105.1100,103.3600,0.000512
FILLER_33_212,VGND,li1,103.7300,103.3600,0.000502
FILLER_33_209,VGND,li1,102.3500,103.3600,0.000502
FILLER_33_206,VGND,li1,100.9700,103.3600,0.000493
FILLER_33_199,VGND,li1,97.5200,103.3600,0.000485
FILLER_33_196,VGND,li1,96.3700,103.3600,0.000478
FILLER_33_193,VGND,li1,94.9900,103.3600,0.000471
FILLER_33_190,VGND,li1,93.6100,103.3600,0.000471
FILLER_33_167,VGND,li1,82.5700,103.3600,0.000432
FILLER_33_164,VGND,li1,81.6500,103.3600,0.000424
FILLER_33_154,VGND,li1,76.8200,103.3600,0.000408
FILLER_33_151,VGND,li1,75.6700,103.3600,0.000408
FILLER_33_123,VGND,li1,62.7900,103.3600,0.000355
FILLER_33_113,VGND,li1,57.9600,103.3600,0.000338
FILLER_33_111,VGND,li1,56.8100,103.3600,0.000338
FILLER_33_97,VGND,li1,50.8300,103.3600,0.000307
FILLER_33_48,VGND,li1,28.0600,103.3600,0.000127
FILLER_33_9,VGND,li1,9.8900,103.3600,0.000109
FILLER_33_6,VGND,li1,8.9700,103.3600,0.000109
FILLER_33_3,VGND,li1,7.5900,103.3600,0.000109
FILLER_32_368,VGND,li1,175.2600,97.9200,0.000258
FILLER_32_363,VGND,li1,172.7300,97.9200,0.000258
FILLER_32_347,VGND,li1,165.3700,97.9200,0.000258
FILLER_32_344,VGND,li1,164.4500,97.9200,0.000258
FILLER_32_309,VGND,li1,147.8900,97.9200,0.000256
FILLER_32_307,VGND,li1,146.9700,97.9200,0.000255
FILLER_32_276,VGND,li1,133.1700,97.9200,0.000247
FILLER_32_273,VGND,li1,131.7900,97.9200,0.000247
FILLER_32_259,VGND,li1,124.8900,97.9200,0.000242
FILLER_32_235,VGND,li1,114.0800,97.9200,0.000233
FILLER_32_232,VGND,li1,112.9300,97.9200,0.000233
FILLER_32_217,VGND,li1,105.8000,97.9200,0.000227
FILLER_32_214,VGND,li1,104.6500,97.9200,0.000225
FILLER_32_211,VGND,li1,103.2700,97.9200,0.000225
FILLER_32_208,VGND,li1,101.8900,97.9200,0.000223
FILLER_32_205,VGND,li1,100.5100,97.9200,0.000221
FILLER_32_202,VGND,li1,99.1300,97.9200,0.000221
FILLER_32_195,VGND,li1,95.4500,97.9200,0.000218
FILLER_32_177,VGND,li1,87.4000,97.9200,0.000210
FILLER_32_138,VGND,li1,69.4600,97.9200,0.000194
FILLER_32_129,VGND,li1,65.0900,97.9200,0.000189
FILLER_32_88,VGND,li1,46.2300,97.9200,0.000157
FILLER_32_85,VGND,li1,45.3100,97.9200,0.000153
FILLER_32_38,VGND,li1,23.4600,97.9200,0.000063
FILLER_32_26,VGND,li1,17.9400,97.9200,0.000068
FILLER_32_23,VGND,li1,16.7900,97.9200,0.000070
FILLER_31_369,VGND,li1,175.4900,97.9200,0.000258
FILLER_31_366,VGND,li1,174.5700,97.9200,0.000258
FILLER_31_363,VGND,li1,173.1900,97.9200,0.000258
FILLER_31_346,VGND,li1,165.3700,97.9200,0.000258
FILLER_31_343,VGND,li1,163.9900,97.9200,0.000258
FILLER_31_333,VGND,li1,159.3900,97.9200,0.000258
FILLER_31_281,VGND,li1,135.0100,97.9200,0.000248
FILLER_31_268,VGND,li1,129.0300,97.9200,0.000245
FILLER_31_236,VGND,li1,114.7700,97.9200,0.000235
FILLER_31_223,VGND,li1,108.3300,97.9200,0.000229
FILLER_31_204,VGND,li1,99.5900,97.9200,0.000221
FILLER_31_201,VGND,li1,98.6700,97.9200,0.000219
FILLER_31_180,VGND,li1,89.0100,97.9200,0.000210
FILLER_31_177,VGND,li1,87.6300,97.9200,0.000210
FILLER_31_165,VGND,li1,82.1100,97.9200,0.000204
FILLER_31_153,VGND,li1,76.3600,97.9200,0.000200
FILLER_31_150,VGND,li1,75.2100,97.9200,0.000200
FILLER_31_124,VGND,li1,63.2500,97.9200,0.000185
FILLER_31_101,VGND,li1,52.6700,97.9200,0.000168
FILLER_31_98,VGND,li1,51.2900,97.9200,0.000168
FILLER_31_73,VGND,li1,39.5600,97.9200,0.000138
FILLER_31_57,VGND,li1,32.4300,97.9200,0.000099
FILLER_31_6,VGND,li1,8.7400,97.9200,0.000072
FILLER_31_3,VGND,li1,7.5900,97.9200,0.000072
FILLER_30_368,VGND,li1,175.2600,92.4800,0.000515
FILLER_30_365,VGND,li1,174.1100,92.4800,0.000515
FILLER_30_363,VGND,li1,172.7300,92.4800,0.000515
FILLER_30_343,VGND,li1,163.7600,92.4800,0.000515
FILLER_30_325,VGND,li1,155.2500,92.4800,0.000515
FILLER_30_307,VGND,li1,146.9700,92.4800,0.000514
FILLER_30_286,VGND,li1,137.3100,92.4800,0.000511
FILLER_30_283,VGND,li1,136.3900,92.4800,0.000511
FILLER_30_261,VGND,li1,126.0400,92.4800,0.000506
FILLER_30_235,VGND,li1,113.8500,92.4800,0.000497
FILLER_30_228,VGND,li1,110.8600,92.4800,0.000494
FILLER_30_225,VGND,li1,109.7100,92.4800,0.000492
FILLER_30_222,VGND,li1,108.3300,92.4800,0.000490
FILLER_30_219,VGND,li1,106.9500,92.4800,0.000490
FILLER_30_216,VGND,li1,105.5700,92.4800,0.000488
FILLER_30_213,VGND,li1,104.1900,92.4800,0.000487
FILLER_30_209,VGND,li1,101.8900,92.4800,0.000485
FILLER_30_206,VGND,li1,100.9700,92.4800,0.000485
FILLER_30_203,VGND,li1,99.5900,92.4800,0.000482
FILLER_30_200,VGND,li1,98.2100,92.4800,0.000482
FILLER_30_197,VGND,li1,96.8300,92.4800,0.000480
FILLER_30_194,VGND,li1,95.2200,92.4800,0.000480
FILLER_30_188,VGND,li1,92.6900,92.4800,0.000477
FILLER_30_184,VGND,li1,90.3900,92.4800,0.000475
FILLER_30_181,VGND,li1,89.4700,92.4800,0.000464
FILLER_30_178,VGND,li1,88.0900,92.4800,0.000464
FILLER_30_175,VGND,li1,86.7100,92.4800,0.000450
FILLER_30_172,VGND,li1,85.3300,92.4800,0.000450
FILLER_30_156,VGND,li1,77.7400,92.4800,0.000412
FILLER_30_149,VGND,li1,74.5200,92.4800,0.000396
FILLER_30_137,VGND,li1,69.2300,92.4800,0.000369
FILLER_30_128,VGND,li1,65.0900,92.4800,0.000348
FILLER_30_125,VGND,li1,63.7100,92.4800,0.000337
FILLER_30_122,VGND,li1,62.3300,92.4800,0.000326
FILLER_30_119,VGND,li1,60.9500,92.4800,0.000326
FILLER_30_116,VGND,li1,59.5700,92.4800,0.000316
FILLER_30_113,VGND,li1,58.1900,92.4800,0.000306
FILLER_30_110,VGND,li1,56.8100,92.4800,0.000296
FILLER_30_97,VGND,li1,50.6000,92.4800,0.000268
FILLER_30_88,VGND,li1,46.2300,92.4800,0.000245
FILLER_30_83,VGND,li1,43.9300,92.4800,0.000232
FILLER_30_42,VGND,li1,25.5300,92.4800,0.000091
FILLER_30_39,VGND,li1,24.1500,92.4800,0.000091
FILLER_30_29,VGND,li1,19.0900,92.4800,0.000097
FILLER_30_26,VGND,li1,17.9400,92.4800,0.000098
FILLER_30_23,VGND,li1,16.7900,92.4800,0.000098
FILLER_29_367,VGND,li1,175.0300,92.4800,0.000515
FILLER_29_364,VGND,li1,173.6500,92.4800,0.000515
FILLER_29_361,VGND,li1,172.2700,92.4800,0.000515
FILLER_29_345,VGND,li1,164.6800,92.4800,0.000515
FILLER_29_335,VGND,li1,159.8500,92.4800,0.000515
FILLER_29_296,VGND,li1,142.3700,92.4800,0.000513
FILLER_29_293,VGND,li1,140.9900,92.4800,0.000512
FILLER_29_290,VGND,li1,139.6100,92.4800,0.000512
FILLER_29_279,VGND,li1,134.0900,92.4800,0.000510
FILLER_29_267,VGND,li1,129.0300,92.4800,0.000508
FILLER_29_222,VGND,li1,108.1000,92.4800,0.000490
FILLER_29_219,VGND,li1,106.9500,92.4800,0.000490
FILLER_29_197,VGND,li1,96.8300,92.4800,0.000480
FILLER_29_175,VGND,li1,86.4800,92.4800,0.000450
FILLER_29_124,VGND,li1,63.0200,92.4800,0.000337
FILLER_29_120,VGND,li1,60.9500,92.4800,0.000326
FILLER_29_110,VGND,li1,56.5800,92.4800,0.000296
FILLER_29_83,VGND,li1,43.9300,92.4800,0.000232
FILLER_29_74,VGND,li1,39.7900,92.4800,0.000203
FILLER_29_47,VGND,li1,27.3700,92.4800,0.000110
FILLER_29_44,VGND,li1,26.4500,92.4800,0.000110
FILLER_29_41,VGND,li1,25.0700,92.4800,0.000091
FILLER_29_3,VGND,li1,7.5900,92.4800,0.000101
FILLER_28_368,VGND,li1,175.2600,87.0400,0.000202
FILLER_28_365,VGND,li1,174.1100,87.0400,0.000202
FILLER_28_357,VGND,li1,170.2000,87.0400,0.000202
FILLER_28_354,VGND,li1,169.0500,87.0400,0.000202
FILLER_28_346,VGND,li1,165.3700,87.0400,0.000202
FILLER_28_343,VGND,li1,163.9900,87.0400,0.000202
FILLER_28_307,VGND,li1,146.9700,87.0400,0.000201
FILLER_28_296,VGND,li1,142.1400,87.0400,0.000199
FILLER_28_293,VGND,li1,140.9900,87.0400,0.000199
FILLER_28_261,VGND,li1,125.8100,87.0400,0.000187
FILLER_28_250,VGND,li1,120.9800,87.0400,0.000183
FILLER_28_241,VGND,li1,116.6100,87.0400,0.000178
FILLER_28_233,VGND,li1,112.9300,87.0400,0.000173
FILLER_28_230,VGND,li1,112.0100,87.0400,0.000171
FILLER_28_227,VGND,li1,110.6300,87.0400,0.000171
FILLER_28_224,VGND,li1,109.2500,87.0400,0.000167
FILLER_28_221,VGND,li1,107.8700,87.0400,0.000167
FILLER_28_200,VGND,li1,97.9800,87.0400,0.000154
FILLER_28_197,VGND,li1,96.8300,87.0400,0.000154
FILLER_28_195,VGND,li1,95.4500,87.0400,0.000151
FILLER_28_174,VGND,li1,86.0200,87.0400,0.000140
FILLER_28_171,VGND,li1,84.8700,87.0400,0.000140
FILLER_28_168,VGND,li1,83.4900,87.0400,0.000138
FILLER_28_165,VGND,li1,82.1100,87.0400,0.000135
FILLER_28_162,VGND,li1,80.7300,87.0400,0.000135
FILLER_28_139,VGND,li1,69.6900,87.0400,0.000121
FILLER_28_134,VGND,li1,67.6200,87.0400,0.000119
FILLER_28_109,VGND,li1,56.1200,87.0400,0.000105
FILLER_28_41,VGND,li1,24.6100,87.0400,0.000039
FILLER_28_9,VGND,li1,10.3500,87.0400,0.000050
FILLER_28_6,VGND,li1,8.9700,87.0400,0.000050
FILLER_28_3,VGND,li1,7.5900,87.0400,0.000050
FILLER_27_369,VGND,li1,175.4900,87.0400,0.000202
FILLER_27_366,VGND,li1,174.5700,87.0400,0.000202
FILLER_27_363,VGND,li1,173.1900,87.0400,0.000202
FILLER_27_349,VGND,li1,166.7500,87.0400,0.000202
FILLER_27_346,VGND,li1,165.3700,87.0400,0.000202
FILLER_27_343,VGND,li1,163.9900,87.0400,0.000202
FILLER_27_340,VGND,li1,162.6100,87.0400,0.000202
FILLER_27_337,VGND,li1,161.2300,87.0400,0.000202
FILLER_27_335,VGND,li1,159.8500,87.0400,0.000202
FILLER_27_332,VGND,li1,158.9300,87.0400,0.000202
FILLER_27_329,VGND,li1,157.5500,87.0400,0.000202
FILLER_27_316,VGND,li1,151.1100,87.0400,0.000202
FILLER_27_284,VGND,li1,136.8500,87.0400,0.000196
FILLER_27_279,VGND,li1,134.0900,87.0400,0.000195
FILLER_27_276,VGND,li1,133.1700,87.0400,0.000193
FILLER_27_273,VGND,li1,131.7900,87.0400,0.000193
FILLER_27_263,VGND,li1,126.7300,87.0400,0.000187
FILLER_27_241,VGND,li1,116.8400,87.0400,0.000178
FILLER_27_232,VGND,li1,112.4700,87.0400,0.000173
FILLER_27_225,VGND,li1,109.2500,87.0400,0.000167
FILLER_27_221,VGND,li1,107.8700,87.0400,0.000167
FILLER_27_199,VGND,li1,97.2900,87.0400,0.000154
FILLER_27_196,VGND,li1,96.3700,87.0400,0.000154
FILLER_27_181,VGND,li1,89.0100,87.0400,0.000145
FILLER_27_172,VGND,li1,84.8700,87.0400,0.000140
FILLER_27_169,VGND,li1,83.9500,87.0400,0.000138
FILLER_27_153,VGND,li1,76.5900,87.0400,0.000130
FILLER_27_150,VGND,li1,75.2100,87.0400,0.000127
FILLER_27_147,VGND,li1,73.8300,87.0400,0.000127
FILLER_27_144,VGND,li1,72.4500,87.0400,0.000124
FILLER_27_141,VGND,li1,71.0700,87.0400,0.000124
FILLER_27_133,VGND,li1,66.9300,87.0400,0.000119
FILLER_27_124,VGND,li1,62.7900,87.0400,0.000113
FILLER_27_121,VGND,li1,61.8700,87.0400,0.000113
FILLER_27_111,VGND,li1,56.8100,87.0400,0.000105
FILLER_27_108,VGND,li1,55.8900,87.0400,0.000105
FILLER_27_98,VGND,li1,51.0600,87.0400,0.000098
FILLER_27_26,VGND,li1,17.7100,87.0400,0.000046
FILLER_27_23,VGND,li1,16.7900,87.0400,0.000046
FILLER_26_362,VGND,li1,172.5000,81.6000,0.000138
FILLER_26_350,VGND,li1,167.2100,81.6000,0.000138
FILLER_26_339,VGND,li1,161.9200,81.6000,0.000138
FILLER_26_329,VGND,li1,157.3200,81.6000,0.000138
FILLER_26_285,VGND,li1,137.3100,81.6000,0.000138
FILLER_26_257,VGND,li1,124.4300,81.6000,0.000137
FILLER_26_253,VGND,li1,122.1300,81.6000,0.000137
FILLER_26_250,VGND,li1,120.9800,81.6000,0.000136
FILLER_26_247,VGND,li1,119.8300,81.6000,0.000136
FILLER_26_216,VGND,li1,105.5700,81.6000,0.000129
FILLER_26_213,VGND,li1,104.1900,81.6000,0.000128
FILLER_26_206,VGND,li1,100.5100,81.6000,0.000125
FILLER_26_203,VGND,li1,99.5900,81.6000,0.000125
FILLER_26_200,VGND,li1,98.2100,81.6000,0.000124
FILLER_26_197,VGND,li1,96.8300,81.6000,0.000124
FILLER_26_193,VGND,li1,94.9900,81.6000,0.000123
FILLER_26_190,VGND,li1,93.6100,81.6000,0.000121
FILLER_26_187,VGND,li1,92.2300,81.6000,0.000121
FILLER_26_184,VGND,li1,90.8500,81.6000,0.000120
FILLER_26_176,VGND,li1,86.7100,81.6000,0.000117
FILLER_26_173,VGND,li1,85.7900,81.6000,0.000117
FILLER_26_152,VGND,li1,76.1300,81.6000,0.000111
FILLER_26_141,VGND,li1,70.6100,81.6000,0.000107
FILLER_26_108,VGND,li1,55.6600,81.6000,0.000092
FILLER_26_105,VGND,li1,54.5100,81.6000,0.000089
FILLER_26_50,VGND,li1,29.2100,81.6000,0.000044
FILLER_26_38,VGND,li1,23.6900,81.6000,0.000032
FILLER_26_26,VGND,li1,17.9400,81.6000,0.000035
FILLER_26_23,VGND,li1,16.7900,81.6000,0.000035
FILLER_26_9,VGND,li1,10.1200,81.6000,0.000036
FILLER_26_6,VGND,li1,8.9700,81.6000,0.000036
FILLER_25_368,VGND,li1,175.2600,81.6000,0.000138
FILLER_25_350,VGND,li1,167.2100,81.6000,0.000138
FILLER_25_340,VGND,li1,162.6100,81.6000,0.000138
FILLER_25_337,VGND,li1,161.2300,81.6000,0.000138
FILLER_25_335,VGND,li1,159.8500,81.6000,0.000138
FILLER_25_321,VGND,li1,153.6400,81.6000,0.000138
FILLER_25_279,VGND,li1,134.0900,81.6000,0.000138
FILLER_25_225,VGND,li1,109.4800,81.6000,0.000132
FILLER_25_222,VGND,li1,108.1000,81.6000,0.000130
FILLER_25_219,VGND,li1,106.9500,81.6000,0.000129
FILLER_25_216,VGND,li1,105.5700,81.6000,0.000129
FILLER_25_207,VGND,li1,101.4300,81.6000,0.000127
FILLER_25_202,VGND,li1,98.9000,81.6000,0.000125
FILLER_25_199,VGND,li1,97.7500,81.6000,0.000124
FILLER_25_196,VGND,li1,96.3700,81.6000,0.000123
FILLER_25_193,VGND,li1,94.9900,81.6000,0.000123
FILLER_25_178,VGND,li1,87.8600,81.6000,0.000118
FILLER_25_175,VGND,li1,86.7100,81.6000,0.000117
FILLER_25_172,VGND,li1,85.3300,81.6000,0.000117
FILLER_25_169,VGND,li1,83.9500,81.6000,0.000115
FILLER_25_166,VGND,li1,82.3400,81.6000,0.000114
FILLER_25_163,VGND,li1,81.1900,81.6000,0.000114
FILLER_25_117,VGND,li1,59.8000,81.6000,0.000097
FILLER_25_113,VGND,li1,57.7300,81.6000,0.000094
FILLER_25_104,VGND,li1,53.5900,81.6000,0.000089
FILLER_25_101,VGND,li1,52.6700,81.6000,0.000086
FILLER_25_98,VGND,li1,51.2900,81.6000,0.000086
FILLER_25_93,VGND,li1,48.7600,81.6000,0.000083
FILLER_25_90,VGND,li1,47.6100,81.6000,0.000078
FILLER_25_87,VGND,li1,46.2300,81.6000,0.000078
FILLER_25_84,VGND,li1,44.8500,81.6000,0.000074
FILLER_25_76,VGND,li1,40.7100,81.6000,0.000068
FILLER_25_73,VGND,li1,39.7900,81.6000,0.000063
FILLER_25_70,VGND,li1,38.4100,81.6000,0.000063
FILLER_25_57,VGND,li1,31.9700,81.6000,0.000049
FILLER_25_54,VGND,li1,30.8200,81.6000,0.000044
FILLER_25_51,VGND,li1,29.6700,81.6000,0.000044
FILLER_25_40,VGND,li1,24.6100,81.6000,0.000032
FILLER_25_19,VGND,li1,14.4900,81.6000,0.000036
FILLER_25_16,VGND,li1,13.5700,81.6000,0.000036
FILLER_25_13,VGND,li1,12.1900,81.6000,0.000036
FILLER_25_3,VGND,li1,7.3600,81.6000,0.000036
FILLER_24_368,VGND,li1,175.2600,76.1600,0.000191
FILLER_24_365,VGND,li1,174.1100,76.1600,0.000191
FILLER_24_361,VGND,li1,172.2700,76.1600,0.000191
FILLER_24_358,VGND,li1,170.8900,76.1600,0.000191
FILLER_24_353,VGND,li1,168.3600,76.1600,0.000191
FILLER_24_348,VGND,li1,165.8300,76.1600,0.000191
FILLER_24_299,VGND,li1,143.2900,76.1600,0.000191
FILLER_24_256,VGND,li1,123.9700,76.1600,0.000183
FILLER_24_250,VGND,li1,120.9800,76.1600,0.000181
FILLER_24_247,VGND,li1,119.8300,76.1600,0.000179
FILLER_24_244,VGND,li1,118.4500,76.1600,0.000179
FILLER_24_241,VGND,li1,117.0700,76.1600,0.000176
FILLER_24_237,VGND,li1,114.7700,76.1600,0.000174
FILLER_24_234,VGND,li1,113.8500,76.1600,0.000174
FILLER_24_231,VGND,li1,112.4700,76.1600,0.000172
FILLER_24_228,VGND,li1,111.0900,76.1600,0.000172
FILLER_24_225,VGND,li1,109.7100,76.1600,0.000170
FILLER_24_222,VGND,li1,108.3300,76.1600,0.000169
FILLER_24_219,VGND,li1,106.9500,76.1600,0.000169
FILLER_24_207,VGND,li1,100.9700,76.1600,0.000163
FILLER_24_197,VGND,li1,96.3700,76.1600,0.000159
FILLER_24_195,VGND,li1,95.4500,76.1600,0.000157
FILLER_24_192,VGND,li1,94.5300,76.1600,0.000157
FILLER_24_183,VGND,li1,89.9300,76.1600,0.000153
FILLER_24_167,VGND,li1,83.0300,76.1600,0.000147
FILLER_24_164,VGND,li1,81.6500,76.1600,0.000145
FILLER_24_161,VGND,li1,80.2700,76.1600,0.000145
FILLER_24_138,VGND,li1,69.4600,76.1600,0.000135
FILLER_24_101,VGND,li1,52.4400,76.1600,0.000111
FILLER_24_98,VGND,li1,51.2900,76.1600,0.000106
FILLER_24_85,VGND,li1,45.0800,76.1600,0.000092
FILLER_24_81,VGND,li1,43.4700,76.1600,0.000092
FILLER_24_78,VGND,li1,42.0900,76.1600,0.000088
FILLER_24_68,VGND,li1,37.2600,76.1600,0.000078
FILLER_24_56,VGND,li1,31.9700,76.1600,0.000061
FILLER_24_29,VGND,li1,19.0900,76.1600,0.000049
FILLER_24_26,VGND,li1,17.9400,76.1600,0.000050
FILLER_24_23,VGND,li1,16.7900,76.1600,0.000050
FILLER_23_368,VGND,li1,175.2600,76.1600,0.000191
FILLER_23_365,VGND,li1,174.1100,76.1600,0.000191
FILLER_23_362,VGND,li1,172.7300,76.1600,0.000191
FILLER_23_359,VGND,li1,171.3500,76.1600,0.000191
FILLER_23_356,VGND,li1,169.9700,76.1600,0.000191
FILLER_23_350,VGND,li1,167.2100,76.1600,0.000191
FILLER_23_344,VGND,li1,164.4500,76.1600,0.000191
FILLER_23_337,VGND,li1,160.7700,76.1600,0.000191
FILLER_23_333,VGND,li1,159.3900,76.1600,0.000191
FILLER_23_319,VGND,li1,152.7200,76.1600,0.000191
FILLER_23_300,VGND,li1,143.7500,76.1600,0.000191
FILLER_23_281,VGND,li1,135.2400,76.1600,0.000190
FILLER_23_254,VGND,li1,122.8200,76.1600,0.000183
FILLER_23_251,VGND,li1,121.6700,76.1600,0.000181
FILLER_23_223,VGND,li1,108.3300,76.1600,0.000169
FILLER_23_220,VGND,li1,107.4100,76.1600,0.000169
FILLER_23_217,VGND,li1,106.0300,76.1600,0.000167
FILLER_23_214,VGND,li1,104.6500,76.1600,0.000167
FILLER_23_200,VGND,li1,98.2100,76.1600,0.000161
FILLER_23_192,VGND,li1,94.3000,76.1600,0.000157
FILLER_23_177,VGND,li1,87.4000,76.1600,0.000150
FILLER_23_158,VGND,li1,78.4300,76.1600,0.000143
FILLER_23_141,VGND,li1,70.8400,76.1600,0.000135
FILLER_23_111,VGND,li1,56.8100,76.1600,0.000120
FILLER_23_80,VGND,li1,42.7800,76.1600,0.000088
FILLER_23_53,VGND,li1,30.5900,76.1600,0.000061
FILLER_23_25,VGND,li1,17.7100,76.1600,0.000050
FILLER_23_3,VGND,li1,7.3600,76.1600,0.000053
FILLER_22_368,VGND,li1,175.2600,70.7200,0.000270
FILLER_22_365,VGND,li1,174.1100,70.7200,0.000270
FILLER_22_349,VGND,li1,166.5200,70.7200,0.000270
FILLER_22_342,VGND,li1,163.0700,70.7200,0.000270
FILLER_22_339,VGND,li1,162.1500,70.7200,0.000270
FILLER_22_336,VGND,li1,160.7700,70.7200,0.000270
FILLER_22_333,VGND,li1,159.3900,70.7200,0.000270
FILLER_22_330,VGND,li1,158.0100,70.7200,0.000270
FILLER_22_323,VGND,li1,154.5600,70.7200,0.000270
FILLER_22_306,VGND,li1,146.7400,70.7200,0.000270
FILLER_22_264,VGND,li1,127.1900,70.7200,0.000266
FILLER_22_230,VGND,li1,111.7800,70.7200,0.000255
FILLER_22_207,VGND,li1,101.4300,70.7200,0.000242
FILLER_22_204,VGND,li1,100.0500,70.7200,0.000239
FILLER_22_161,VGND,li1,80.0400,70.7200,0.000204
FILLER_22_151,VGND,li1,75.4400,70.7200,0.000195
FILLER_22_141,VGND,li1,70.8400,70.7200,0.000185
FILLER_22_131,VGND,li1,66.0100,70.7200,0.000177
FILLER_22_106,VGND,li1,54.7400,70.7200,0.000144
FILLER_22_85,VGND,li1,44.8500,70.7200,0.000116
FILLER_22_82,VGND,li1,43.7000,70.7200,0.000116
FILLER_22_50,VGND,li1,29.2100,70.7200,0.000067
FILLER_22_29,VGND,li1,19.0900,70.7200,0.000055
FILLER_22_3,VGND,li1,7.3600,70.7200,0.000060
FILLER_21_369,VGND,li1,175.4900,70.7200,0.000270
FILLER_21_366,VGND,li1,174.5700,70.7200,0.000270
FILLER_21_363,VGND,li1,173.1900,70.7200,0.000270
FILLER_21_348,VGND,li1,166.2900,70.7200,0.000270
FILLER_21_249,VGND,li1,120.7500,70.7200,0.000262
FILLER_21_225,VGND,li1,109.2500,70.7200,0.000251
FILLER_21_213,VGND,li1,103.7300,70.7200,0.000245
FILLER_21_204,VGND,li1,99.5900,70.7200,0.000239
FILLER_21_178,VGND,li1,88.0900,70.7200,0.000219
FILLER_21_103,VGND,li1,53.1300,70.7200,0.000144
FILLER_21_87,VGND,li1,45.7700,70.7200,0.000122
FILLER_21_84,VGND,li1,44.8500,70.7200,0.000116
FILLER_21_69,VGND,li1,37.4900,70.7200,0.000094
FILLER_21_44,VGND,li1,25.9900,70.7200,0.000059
FILLER_21_34,VGND,li1,21.3900,70.7200,0.000053
FILLER_20_361,VGND,li1,172.2700,65.2800,0.000692
FILLER_20_343,VGND,li1,163.5300,65.2800,0.000692
FILLER_20_333,VGND,li1,159.1600,65.2800,0.000692
FILLER_20_319,VGND,li1,152.7200,65.2800,0.000692
FILLER_20_307,VGND,li1,146.9700,65.2800,0.000692
FILLER_20_290,VGND,li1,139.1500,65.2800,0.000692
FILLER_20_287,VGND,li1,138.2300,65.2800,0.000692
FILLER_20_238,VGND,li1,115.6900,65.2800,0.000683
FILLER_20_228,VGND,li1,110.8600,65.2800,0.000672
FILLER_20_197,VGND,li1,96.3700,65.2800,0.000630
FILLER_20_177,VGND,li1,87.1700,65.2800,0.000578
FILLER_20_174,VGND,li1,86.2500,65.2800,0.000565
FILLER_20_171,VGND,li1,84.8700,65.2800,0.000553
FILLER_20_168,VGND,li1,83.4900,65.2800,0.000553
FILLER_20_144,VGND,li1,71.9900,65.2800,0.000473
FILLER_20_128,VGND,li1,65.0900,65.2800,0.000420
FILLER_20_72,VGND,li1,39.1000,65.2800,0.000203
FILLER_20_69,VGND,li1,37.9500,65.2800,0.000203
FILLER_20_60,VGND,li1,33.3500,65.2800,0.000166
FILLER_20_51,VGND,li1,29.2100,65.2800,0.000131
FILLER_20_48,VGND,li1,28.2900,65.2800,0.000111
FILLER_20_35,VGND,li1,22.0800,65.2800,0.000091
FILLER_20_32,VGND,li1,20.9300,65.2800,0.000091
FILLER_20_29,VGND,li1,19.5500,65.2800,0.000092
FILLER_20_25,VGND,li1,17.7100,65.2800,0.000092
FILLER_20_22,VGND,li1,16.3300,65.2800,0.000092
FILLER_20_16,VGND,li1,13.5700,65.2800,0.000093
FILLER_20_13,VGND,li1,12.1900,65.2800,0.000093
FILLER_20_3,VGND,li1,7.3600,65.2800,0.000093
FILLER_19_369,VGND,li1,175.4900,65.2800,0.000692
FILLER_19_343,VGND,li1,163.5300,65.2800,0.000692
FILLER_19_334,VGND,li1,159.6200,65.2800,0.000692
FILLER_19_328,VGND,li1,156.6300,65.2800,0.000692
FILLER_19_325,VGND,li1,155.7100,65.2800,0.000692
FILLER_19_322,VGND,li1,154.3300,65.2800,0.000692
FILLER_19_312,VGND,li1,149.5000,65.2800,0.000692
FILLER_19_297,VGND,li1,142.3700,65.2800,0.000692
FILLER_19_294,VGND,li1,141.4500,65.2800,0.000692
FILLER_19_277,VGND,li1,133.6300,65.2800,0.000692
FILLER_19_260,VGND,li1,125.3500,65.2800,0.000691
FILLER_19_257,VGND,li1,124.4300,65.2800,0.000691
FILLER_19_235,VGND,li1,113.8500,65.2800,0.000677
FILLER_19_221,VGND,li1,107.8700,65.2800,0.000662
FILLER_19_178,VGND,li1,87.6300,65.2800,0.000578
FILLER_19_175,VGND,li1,86.7100,65.2800,0.000565
FILLER_19_169,VGND,li1,83.9500,65.2800,0.000553
FILLER_19_167,VGND,li1,82.5700,65.2800,0.000540
FILLER_19_164,VGND,li1,81.6500,65.2800,0.000540
FILLER_19_161,VGND,li1,80.2700,65.2800,0.000522
FILLER_19_156,VGND,li1,77.7400,65.2800,0.000506
FILLER_19_153,VGND,li1,76.5900,65.2800,0.000506
FILLER_19_111,VGND,li1,56.8100,65.2800,0.000361
FILLER_19_74,VGND,li1,39.7900,65.2800,0.000220
FILLER_19_47,VGND,li1,27.3700,65.2800,0.000111
FILLER_19_6,VGND,li1,8.9700,65.2800,0.000093
FILLER_19_3,VGND,li1,7.5900,65.2800,0.000093
FILLER_18_357,VGND,li1,169.9700,59.8400,0.000381
FILLER_18_351,VGND,li1,167.2100,59.8400,0.000381
FILLER_18_348,VGND,li1,166.2900,59.8400,0.000381
FILLER_18_345,VGND,li1,164.9100,59.8400,0.000381
FILLER_18_342,VGND,li1,163.5300,59.8400,0.000381
FILLER_18_339,VGND,li1,162.1500,59.8400,0.000381
FILLER_18_336,VGND,li1,160.7700,59.8400,0.000381
FILLER_18_328,VGND,li1,156.8600,59.8400,0.000381
FILLER_18_325,VGND,li1,155.7100,59.8400,0.000381
FILLER_18_290,VGND,li1,139.1500,59.8400,0.000381
FILLER_18_287,VGND,li1,138.2300,59.8400,0.000381
FILLER_18_279,VGND,li1,134.0900,59.8400,0.000381
FILLER_18_276,VGND,li1,133.1700,59.8400,0.000381
FILLER_18_273,VGND,li1,131.7900,59.8400,0.000381
FILLER_18_264,VGND,li1,127.4200,59.8400,0.000381
FILLER_18_243,VGND,li1,117.7600,59.8400,0.000381
FILLER_18_212,VGND,li1,103.2700,59.8400,0.000378
FILLER_18_197,VGND,li1,96.6000,59.8400,0.000374
FILLER_18_194,VGND,li1,95.2200,59.8400,0.000372
FILLER_18_183,VGND,li1,89.9300,59.8400,0.000368
FILLER_18_164,VGND,li1,81.6500,59.8400,0.000360
FILLER_18_161,VGND,li1,80.2700,59.8400,0.000358
FILLER_18_158,VGND,li1,78.8900,59.8400,0.000358
FILLER_18_155,VGND,li1,77.5100,59.8400,0.000356
FILLER_18_116,VGND,li1,59.5700,59.8400,0.000309
FILLER_18_113,VGND,li1,58.1900,59.8400,0.000301
FILLER_18_110,VGND,li1,56.8100,59.8400,0.000301
FILLER_18_107,VGND,li1,55.4300,59.8400,0.000292
FILLER_18_104,VGND,li1,54.0500,59.8400,0.000292
FILLER_18_98,VGND,li1,51.2900,59.8400,0.000282
FILLER_18_40,VGND,li1,24.1500,59.8400,0.000095
FILLER_18_29,VGND,li1,19.3200,59.8400,0.000098
FILLER_18_27,VGND,li1,18.1700,59.8400,0.000098
FILLER_18_24,VGND,li1,17.2500,59.8400,0.000098
FILLER_17_368,VGND,li1,175.2600,59.8400,0.000381
FILLER_17_351,VGND,li1,167.4400,59.8400,0.000381
FILLER_17_317,VGND,li1,151.5700,59.8400,0.000381
FILLER_17_314,VGND,li1,150.6500,59.8400,0.000381
FILLER_17_311,VGND,li1,149.2700,59.8400,0.000381
FILLER_17_307,VGND,li1,146.9700,59.8400,0.000381
FILLER_17_300,VGND,li1,143.9800,59.8400,0.000381
FILLER_17_297,VGND,li1,142.8300,59.8400,0.000381
FILLER_17_284,VGND,li1,136.8500,59.8400,0.000381
FILLER_17_281,VGND,li1,135.4700,59.8400,0.000381
FILLER_17_278,VGND,li1,133.8600,59.8400,0.000381
FILLER_17_275,VGND,li1,132.7100,59.8400,0.000381
FILLER_17_272,VGND,li1,131.3300,59.8400,0.000381
FILLER_17_192,VGND,li1,94.0700,59.8400,0.000372
FILLER_17_163,VGND,li1,80.9600,59.8400,0.000360
FILLER_17_116,VGND,li1,59.1100,59.8400,0.000309
FILLER_17_113,VGND,li1,58.1900,59.8400,0.000301
FILLER_17_90,VGND,li1,47.3800,59.8400,0.000268
FILLER_17_55,VGND,li1,31.0500,59.8400,0.000157
FILLER_17_47,VGND,li1,27.3700,59.8400,0.000124
FILLER_17_24,VGND,li1,17.2500,59.8400,0.000098
FILLER_17_21,VGND,li1,15.8700,59.8400,0.000099
FILLER_17_6,VGND,li1,8.9700,59.8400,0.000100
FILLER_17_3,VGND,li1,7.5900,59.8400,0.000100
FILLER_16_368,VGND,li1,175.2600,54.4000,0.000489
FILLER_16_365,VGND,li1,174.1100,54.4000,0.000489
FILLER_16_363,VGND,li1,172.7300,54.4000,0.000489
FILLER_16_360,VGND,li1,171.8100,54.4000,0.000489
FILLER_16_357,VGND,li1,170.4300,54.4000,0.000489
FILLER_16_352,VGND,li1,167.6700,54.4000,0.000489
FILLER_16_349,VGND,li1,166.7500,54.4000,0.000489
FILLER_16_346,VGND,li1,165.3700,54.4000,0.000489
FILLER_16_324,VGND,li1,154.7900,54.4000,0.000489
FILLER_16_321,VGND,li1,153.8700,54.4000,0.000489
FILLER_16_318,VGND,li1,152.4900,54.4000,0.000489
FILLER_16_315,VGND,li1,151.1100,54.4000,0.000489
FILLER_16_312,VGND,li1,149.7300,54.4000,0.000489
FILLER_16_309,VGND,li1,148.3500,54.4000,0.000489
FILLER_16_307,VGND,li1,146.9700,54.4000,0.000489
FILLER_16_304,VGND,li1,146.0500,54.4000,0.000489
FILLER_16_301,VGND,li1,144.6700,54.4000,0.000489
FILLER_16_298,VGND,li1,143.2900,54.4000,0.000489
FILLER_16_295,VGND,li1,141.9100,54.4000,0.000489
FILLER_16_292,VGND,li1,140.5300,54.4000,0.000489
FILLER_16_278,VGND,li1,134.0900,54.4000,0.000489
FILLER_16_253,VGND,li1,122.3600,54.4000,0.000489
FILLER_16_250,VGND,li1,120.9800,54.4000,0.000489
FILLER_16_231,VGND,li1,112.4700,54.4000,0.000478
FILLER_16_228,VGND,li1,111.0900,54.4000,0.000478
FILLER_16_197,VGND,li1,96.3700,54.4000,0.000442
FILLER_16_190,VGND,li1,93.6100,54.4000,0.000436
FILLER_16_154,VGND,li1,76.5900,54.4000,0.000386
FILLER_16_139,VGND,li1,69.6900,54.4000,0.000364
FILLER_16_113,VGND,li1,57.9600,54.4000,0.000296
FILLER_16_110,VGND,li1,56.8100,54.4000,0.000284
FILLER_16_83,VGND,li1,43.9300,54.4000,0.000203
FILLER_16_80,VGND,li1,43.0100,54.4000,0.000203
FILLER_16_12,VGND,li1,11.7300,54.4000,0.000075
FILLER_16_9,VGND,li1,10.3500,54.4000,0.000075
FILLER_16_6,VGND,li1,8.9700,54.4000,0.000075
FILLER_16_3,VGND,li1,7.5900,54.4000,0.000075
FILLER_15_369,VGND,li1,175.4900,54.4000,0.000489
FILLER_15_348,VGND,li1,166.2900,54.4000,0.000489
FILLER_15_345,VGND,li1,164.9100,54.4000,0.000489
FILLER_15_340,VGND,li1,162.3800,54.4000,0.000489
FILLER_15_337,VGND,li1,161.2300,54.4000,0.000489
FILLER_15_333,VGND,li1,159.3900,54.4000,0.000489
FILLER_15_330,VGND,li1,158.0100,54.4000,0.000489
FILLER_15_327,VGND,li1,156.6300,54.4000,0.000489
FILLER_15_324,VGND,li1,155.2500,54.4000,0.000489
FILLER_15_321,VGND,li1,153.8700,54.4000,0.000489
FILLER_15_318,VGND,li1,152.4900,54.4000,0.000489
FILLER_15_315,VGND,li1,151.1100,54.4000,0.000489
FILLER_15_312,VGND,li1,149.7300,54.4000,0.000489
FILLER_15_309,VGND,li1,148.3500,54.4000,0.000489
FILLER_15_306,VGND,li1,146.9700,54.4000,0.000489
FILLER_15_303,VGND,li1,145.5900,54.4000,0.000489
FILLER_15_300,VGND,li1,144.2100,54.4000,0.000489
FILLER_15_297,VGND,li1,142.8300,54.4000,0.000489
FILLER_15_277,VGND,li1,133.6300,54.4000,0.000489
FILLER_15_274,VGND,li1,132.2500,54.4000,0.000489
FILLER_15_269,VGND,li1,129.4900,54.4000,0.000489
FILLER_15_260,VGND,li1,125.3500,54.4000,0.000489
FILLER_15_257,VGND,li1,124.4300,54.4000,0.000489
FILLER_15_225,VGND,li1,109.2500,54.4000,0.000473
FILLER_15_215,VGND,li1,104.8800,54.4000,0.000461
FILLER_15_212,VGND,li1,103.7300,54.4000,0.000461
FILLER_15_209,VGND,li1,102.3500,54.4000,0.000454
FILLER_15_172,VGND,li1,85.1000,54.4000,0.000409
FILLER_15_169,VGND,li1,83.9500,54.4000,0.000409
FILLER_15_167,VGND,li1,82.5700,54.4000,0.000402
FILLER_15_164,VGND,li1,81.6500,54.4000,0.000402
FILLER_15_161,VGND,li1,80.2700,54.4000,0.000394
FILLER_15_158,VGND,li1,78.8900,54.4000,0.000394
FILLER_15_90,VGND,li1,47.3800,54.4000,0.000228
FILLER_15_57,VGND,li1,31.9700,54.4000,0.000126
FILLER_15_22,VGND,li1,16.1000,54.4000,0.000075
FILLER_15_19,VGND,li1,14.9500,54.4000,0.000075
FILLER_15_9,VGND,li1,9.8900,54.4000,0.000075
FILLER_15_6,VGND,li1,8.9700,54.4000,0.000075
FILLER_15_3,VGND,li1,7.5900,54.4000,0.000075
FILLER_14_368,VGND,li1,175.2600,48.9600,0.000094
FILLER_14_365,VGND,li1,174.1100,48.9600,0.000094
FILLER_14_363,VGND,li1,172.7300,48.9600,0.000094
FILLER_14_360,VGND,li1,171.8100,48.9600,0.000094
FILLER_14_348,VGND,li1,166.0600,48.9600,0.000094
FILLER_14_337,VGND,li1,160.7700,48.9600,0.000094
FILLER_14_334,VGND,li1,159.8500,48.9600,0.000094
FILLER_14_331,VGND,li1,158.4700,48.9600,0.000094
FILLER_14_328,VGND,li1,157.0900,48.9600,0.000094
FILLER_14_312,VGND,li1,149.2700,48.9600,0.000094
FILLER_14_309,VGND,li1,148.3500,48.9600,0.000094
FILLER_14_306,VGND,li1,146.7400,48.9600,0.000094
FILLER_14_303,VGND,li1,145.5900,48.9600,0.000094
FILLER_14_300,VGND,li1,144.2100,48.9600,0.000094
FILLER_14_297,VGND,li1,142.8300,48.9600,0.000094
FILLER_14_294,VGND,li1,141.4500,48.9600,0.000094
FILLER_14_283,VGND,li1,135.9300,48.9600,0.000094
FILLER_14_280,VGND,li1,135.0100,48.9600,0.000094
FILLER_14_269,VGND,li1,129.9500,48.9600,0.000094
FILLER_14_261,VGND,li1,126.0400,48.9600,0.000094
FILLER_14_248,VGND,li1,119.8300,48.9600,0.000094
FILLER_14_245,VGND,li1,118.9100,48.9600,0.000094
FILLER_14_234,VGND,li1,113.3900,48.9600,0.000093
FILLER_14_229,VGND,li1,111.3200,48.9600,0.000092
FILLER_14_211,VGND,li1,103.0400,48.9600,0.000090
FILLER_14_200,VGND,li1,98.2100,48.9600,0.000087
FILLER_14_197,VGND,li1,96.8300,48.9600,0.000086
FILLER_14_195,VGND,li1,95.4500,48.9600,0.000086
FILLER_14_192,VGND,li1,94.5300,48.9600,0.000084
FILLER_14_189,VGND,li1,93.1500,48.9600,0.000084
FILLER_14_179,VGND,li1,88.3200,48.9600,0.000081
FILLER_14_138,VGND,li1,69.4600,48.9600,0.000067
FILLER_14_135,VGND,li1,68.3100,48.9600,0.000067
FILLER_14_110,VGND,li1,56.5800,48.9600,0.000055
FILLER_14_85,VGND,li1,45.0800,48.9600,0.000044
FILLER_14_73,VGND,li1,39.3300,48.9600,0.000037
FILLER_14_38,VGND,li1,23.2300,48.9600,0.000020
FILLER_14_26,VGND,li1,17.9400,48.9600,0.000023
FILLER_13_369,VGND,li1,175.4900,48.9600,0.000094
FILLER_13_366,VGND,li1,174.5700,48.9600,0.000094
FILLER_13_337,VGND,li1,160.7700,48.9600,0.000094
FILLER_13_303,VGND,li1,145.5900,48.9600,0.000094
FILLER_13_292,VGND,li1,140.0700,48.9600,0.000094
FILLER_13_289,VGND,li1,139.1500,48.9600,0.000094
FILLER_13_286,VGND,li1,137.7700,48.9600,0.000094
FILLER_13_228,VGND,li1,110.6300,48.9600,0.000092
FILLER_13_225,VGND,li1,109.7100,48.9600,0.000092
FILLER_13_196,VGND,li1,96.1400,48.9600,0.000086
FILLER_13_169,VGND,li1,83.7200,48.9600,0.000078
FILLER_13_166,VGND,li1,82.3400,48.9600,0.000078
FILLER_13_158,VGND,li1,78.4300,48.9600,0.000075
FILLER_13_141,VGND,li1,70.8400,48.9600,0.000069
FILLER_13_110,VGND,li1,56.5800,48.9600,0.000055
FILLER_13_81,VGND,li1,43.0100,48.9600,0.000042
FILLER_13_37,VGND,li1,23.0000,48.9600,0.000020
FILLER_13_31,VGND,li1,20.4700,48.9600,0.000021
FILLER_13_28,VGND,li1,19.0900,48.9600,0.000022
FILLER_12_368,VGND,li1,175.2600,43.5200,0.000154
FILLER_12_365,VGND,li1,174.1100,43.5200,0.000154
FILLER_12_361,VGND,li1,172.2700,43.5200,0.000154
FILLER_12_352,VGND,li1,168.1300,43.5200,0.000154
FILLER_12_309,VGND,li1,148.1200,43.5200,0.000154
FILLER_12_302,VGND,li1,144.6700,43.5200,0.000154
FILLER_12_299,VGND,li1,143.7500,43.5200,0.000154
FILLER_12_293,VGND,li1,140.5300,43.5200,0.000154
FILLER_12_290,VGND,li1,139.6100,43.5200,0.000154
FILLER_12_287,VGND,li1,138.2300,43.5200,0.000154
FILLER_12_284,VGND,li1,136.8500,43.5200,0.000154
FILLER_12_281,VGND,li1,135.4700,43.5200,0.000154
FILLER_12_278,VGND,li1,134.0900,43.5200,0.000154
FILLER_12_265,VGND,li1,127.8800,43.5200,0.000154
FILLER_12_250,VGND,li1,120.9800,43.5200,0.000154
FILLER_12_228,VGND,li1,110.8600,43.5200,0.000152
FILLER_12_206,VGND,li1,100.7400,43.5200,0.000148
FILLER_12_197,VGND,li1,96.3700,43.5200,0.000145
FILLER_12_190,VGND,li1,93.6100,43.5200,0.000143
FILLER_12_187,VGND,li1,92.2300,43.5200,0.000143
FILLER_12_156,VGND,li1,77.9700,43.5200,0.000128
FILLER_12_118,VGND,li1,60.0300,43.5200,0.000103
FILLER_12_113,VGND,li1,57.9600,43.5200,0.000099
FILLER_12_109,VGND,li1,55.8900,43.5200,0.000096
FILLER_12_85,VGND,li1,45.3100,43.5200,0.000079
FILLER_12_74,VGND,li1,40.0200,43.5200,0.000071
FILLER_12_50,VGND,li1,28.7500,43.5200,0.000046
FILLER_12_29,VGND,li1,19.0900,43.5200,0.000039
FILLER_12_26,VGND,li1,17.9400,43.5200,0.000039
FILLER_11_367,VGND,li1,175.0300,43.5200,0.000154
FILLER_11_349,VGND,li1,166.5200,43.5200,0.000154
FILLER_11_346,VGND,li1,165.3700,43.5200,0.000154
FILLER_11_343,VGND,li1,163.9900,43.5200,0.000154
FILLER_11_340,VGND,li1,162.6100,43.5200,0.000154
FILLER_11_337,VGND,li1,161.2300,43.5200,0.000154
FILLER_11_334,VGND,li1,159.6200,43.5200,0.000154
FILLER_11_331,VGND,li1,158.4700,43.5200,0.000154
FILLER_11_328,VGND,li1,157.0900,43.5200,0.000154
FILLER_11_325,VGND,li1,155.7100,43.5200,0.000154
FILLER_11_322,VGND,li1,154.3300,43.5200,0.000154
FILLER_11_316,VGND,li1,151.5700,43.5200,0.000154
FILLER_11_311,VGND,li1,149.0400,43.5200,0.000154
FILLER_11_308,VGND,li1,147.8900,43.5200,0.000154
FILLER_11_305,VGND,li1,146.5100,43.5200,0.000154
FILLER_11_302,VGND,li1,145.1300,43.5200,0.000154
FILLER_11_299,VGND,li1,143.7500,43.5200,0.000154
FILLER_11_284,VGND,li1,136.3900,43.5200,0.000154
FILLER_11_281,VGND,li1,135.4700,43.5200,0.000154
FILLER_11_279,VGND,li1,134.0900,43.5200,0.000154
FILLER_11_276,VGND,li1,133.1700,43.5200,0.000154
FILLER_11_273,VGND,li1,131.7900,43.5200,0.000154
FILLER_11_270,VGND,li1,130.4100,43.5200,0.000154
FILLER_11_259,VGND,li1,125.1200,43.5200,0.000154
FILLER_11_256,VGND,li1,123.9700,43.5200,0.000154
FILLER_11_253,VGND,li1,122.5900,43.5200,0.000154
FILLER_11_250,VGND,li1,121.2100,43.5200,0.000154
FILLER_11_247,VGND,li1,119.8300,43.5200,0.000154
FILLER_11_244,VGND,li1,118.4500,43.5200,0.000154
FILLER_11_241,VGND,li1,117.0700,43.5200,0.000154
FILLER_11_238,VGND,li1,115.6900,43.5200,0.000154
FILLER_11_235,VGND,li1,114.3100,43.5200,0.000153
FILLER_11_232,VGND,li1,112.9300,43.5200,0.000153
FILLER_11_214,VGND,li1,104.4200,43.5200,0.000150
FILLER_11_211,VGND,li1,103.2700,43.5200,0.000150
FILLER_11_208,VGND,li1,101.8900,43.5200,0.000148
FILLER_11_205,VGND,li1,100.5100,43.5200,0.000148
FILLER_11_202,VGND,li1,99.1300,43.5200,0.000147
FILLER_11_180,VGND,li1,88.7800,43.5200,0.000139
FILLER_11_152,VGND,li1,75.6700,43.5200,0.000126
FILLER_11_111,VGND,li1,56.8100,43.5200,0.000099
FILLER_11_66,VGND,li1,36.3400,43.5200,0.000063
FILLER_11_54,VGND,li1,30.8200,43.5200,0.000051
FILLER_11_50,VGND,li1,28.7500,43.5200,0.000046
FILLER_11_47,VGND,li1,27.8300,43.5200,0.000040
FILLER_11_12,VGND,li1,11.2700,43.5200,0.000041
FILLER_11_9,VGND,li1,10.3500,43.5200,0.000041
FILLER_11_6,VGND,li1,8.9700,43.5200,0.000041
FILLER_11_3,VGND,li1,7.5900,43.5200,0.000041
FILLER_10_368,VGND,li1,175.2600,38.0800,0.000157
FILLER_10_365,VGND,li1,174.1100,38.0800,0.000157
FILLER_10_362,VGND,li1,172.5000,38.0800,0.000157
FILLER_10_352,VGND,li1,168.1300,38.0800,0.000157
FILLER_10_349,VGND,li1,166.7500,38.0800,0.000157
FILLER_10_346,VGND,li1,165.3700,38.0800,0.000157
FILLER_10_341,VGND,li1,162.8400,38.0800,0.000157
FILLER_10_338,VGND,li1,161.6900,38.0800,0.000157
FILLER_10_335,VGND,li1,160.3100,38.0800,0.000157
FILLER_10_332,VGND,li1,158.9300,38.0800,0.000157
FILLER_10_329,VGND,li1,157.5500,38.0800,0.000157
FILLER_10_326,VGND,li1,156.1700,38.0800,0.000157
FILLER_10_323,VGND,li1,154.7900,38.0800,0.000157
FILLER_10_320,VGND,li1,153.4100,38.0800,0.000157
FILLER_10_317,VGND,li1,152.0300,38.0800,0.000157
FILLER_10_314,VGND,li1,150.6500,38.0800,0.000157
FILLER_10_309,VGND,li1,148.1200,38.0800,0.000157
FILLER_10_307,VGND,li1,146.9700,38.0800,0.000157
FILLER_10_304,VGND,li1,146.0500,38.0800,0.000157
FILLER_10_301,VGND,li1,144.6700,38.0800,0.000157
FILLER_10_285,VGND,li1,137.3100,38.0800,0.000157
FILLER_10_282,VGND,li1,135.9300,38.0800,0.000157
FILLER_10_279,VGND,li1,134.5500,38.0800,0.000157
FILLER_10_276,VGND,li1,133.1700,38.0800,0.000157
FILLER_10_273,VGND,li1,131.7900,38.0800,0.000157
FILLER_10_264,VGND,li1,127.1900,38.0800,0.000157
FILLER_10_256,VGND,li1,123.9700,38.0800,0.000157
FILLER_10_253,VGND,li1,122.5900,38.0800,0.000157
FILLER_10_250,VGND,li1,120.9800,38.0800,0.000157
FILLER_10_247,VGND,li1,119.8300,38.0800,0.000157
FILLER_10_235,VGND,li1,113.8500,38.0800,0.000157
FILLER_10_224,VGND,li1,109.2500,38.0800,0.000155
FILLER_10_203,VGND,li1,99.1300,38.0800,0.000151
FILLER_10_200,VGND,li1,98.2100,38.0800,0.000149
FILLER_10_197,VGND,li1,96.8300,38.0800,0.000149
FILLER_10_193,VGND,li1,94.9900,38.0800,0.000148
FILLER_10_184,VGND,li1,90.3900,38.0800,0.000144
FILLER_10_159,VGND,li1,79.1200,38.0800,0.000132
FILLER_10_148,VGND,li1,73.8300,38.0800,0.000126
FILLER_10_104,VGND,li1,54.0500,38.0800,0.000095
FILLER_10_101,VGND,li1,52.6700,38.0800,0.000090
FILLER_10_97,VGND,li1,50.3700,38.0800,0.000086
FILLER_10_85,VGND,li1,44.8500,38.0800,0.000078
FILLER_10_83,VGND,li1,43.9300,38.0800,0.000074
FILLER_10_69,VGND,li1,37.9500,38.0800,0.000064
FILLER_10_49,VGND,li1,28.5200,38.0800,0.000044
FILLER_10_46,VGND,li1,27.3700,38.0800,0.000038
FILLER_10_43,VGND,li1,25.9900,38.0800,0.000038
FILLER_10_18,VGND,li1,14.2600,38.0800,0.000042
FILLER_10_15,VGND,li1,13.1100,38.0800,0.000043
FILLER_10_12,VGND,li1,11.7300,38.0800,0.000043
FILLER_10_9,VGND,li1,10.3500,38.0800,0.000043
FILLER_10_6,VGND,li1,8.9700,38.0800,0.000043
FILLER_10_3,VGND,li1,7.5900,38.0800,0.000043
FILLER_9_369,VGND,li1,175.4900,38.0800,0.000157
FILLER_9_335,VGND,li1,159.8500,38.0800,0.000157
FILLER_9_332,VGND,li1,158.9300,38.0800,0.000157
FILLER_9_325,VGND,li1,155.4800,38.0800,0.000157
FILLER_9_322,VGND,li1,154.3300,38.0800,0.000157
FILLER_9_319,VGND,li1,152.9500,38.0800,0.000157
FILLER_9_313,VGND,li1,149.7300,38.0800,0.000157
FILLER_9_310,VGND,li1,148.8100,38.0800,0.000157
FILLER_9_307,VGND,li1,147.4300,38.0800,0.000157
FILLER_9_298,VGND,li1,143.2900,38.0800,0.000157
FILLER_9_295,VGND,li1,141.9100,38.0800,0.000157
FILLER_9_290,VGND,li1,139.3800,38.0800,0.000157
FILLER_9_287,VGND,li1,138.2300,38.0800,0.000157
FILLER_9_284,VGND,li1,136.8500,38.0800,0.000157
FILLER_9_281,VGND,li1,135.4700,38.0800,0.000157
FILLER_9_278,VGND,li1,133.8600,38.0800,0.000157
FILLER_9_266,VGND,li1,128.5700,38.0800,0.000157
FILLER_9_229,VGND,li1,111.3200,38.0800,0.000156
FILLER_9_223,VGND,li1,108.3300,38.0800,0.000155
FILLER_9_172,VGND,li1,85.3300,38.0800,0.000140
FILLER_9_169,VGND,li1,83.9500,38.0800,0.000137
FILLER_9_167,VGND,li1,82.5700,38.0800,0.000137
FILLER_9_94,VGND,li1,49.2200,38.0800,0.000086
FILLER_9_60,VGND,li1,33.5800,38.0800,0.000052
FILLER_9_29,VGND,li1,19.3200,38.0800,0.000039
FILLER_9_26,VGND,li1,18.1700,38.0800,0.000041
FILLER_9_23,VGND,li1,16.7900,38.0800,0.000041
FILLER_8_368,VGND,li1,175.2600,32.6400,0.000099
FILLER_8_365,VGND,li1,174.1100,32.6400,0.000099
FILLER_8_361,VGND,li1,172.2700,32.6400,0.000099
FILLER_8_352,VGND,li1,167.9000,32.6400,0.000099
FILLER_8_322,VGND,li1,153.8700,32.6400,0.000099
FILLER_8_302,VGND,li1,144.6700,32.6400,0.000099
FILLER_8_291,VGND,li1,140.0700,32.6400,0.000099
FILLER_8_284,VGND,li1,136.6200,32.6400,0.000099
FILLER_8_281,VGND,li1,135.4700,32.6400,0.000099
FILLER_8_278,VGND,li1,134.0900,32.6400,0.000099
FILLER_8_275,VGND,li1,132.7100,32.6400,0.000099
FILLER_8_272,VGND,li1,131.3300,32.6400,0.000099
FILLER_8_269,VGND,li1,129.9500,32.6400,0.000099
FILLER_8_259,VGND,li1,125.3500,32.6400,0.000099
FILLER_8_256,VGND,li1,123.9700,32.6400,0.000099
FILLER_8_253,VGND,li1,122.5900,32.6400,0.000099
FILLER_8_249,VGND,li1,120.7500,32.6400,0.000099
FILLER_8_236,VGND,li1,114.3100,32.6400,0.000099
FILLER_8_215,VGND,li1,104.6500,32.6400,0.000099
FILLER_8_212,VGND,li1,103.7300,32.6400,0.000099
FILLER_8_209,VGND,li1,102.3500,32.6400,0.000099
FILLER_8_194,VGND,li1,95.2200,32.6400,0.000099
FILLER_8_191,VGND,li1,94.0700,32.6400,0.000099
FILLER_8_158,VGND,li1,78.6600,32.6400,0.000096
FILLER_8_149,VGND,li1,74.2900,32.6400,0.000094
FILLER_8_97,VGND,li1,50.8300,32.6400,0.000073
FILLER_8_85,VGND,li1,44.8500,32.6400,0.000064
FILLER_8_80,VGND,li1,42.5500,32.6400,0.000061
FILLER_8_77,VGND,li1,41.6300,32.6400,0.000061
FILLER_8_72,VGND,li1,39.1000,32.6400,0.000057
FILLER_8_49,VGND,li1,28.5200,32.6400,0.000034
FILLER_8_32,VGND,li1,20.9300,32.6400,0.000027
FILLER_8_29,VGND,li1,19.5500,32.6400,0.000028
FILLER_8_17,VGND,li1,14.0300,32.6400,0.000029
FILLER_8_14,VGND,li1,12.6500,32.6400,0.000029
FILLER_8_9,VGND,li1,10.1200,32.6400,0.000029
FILLER_8_6,VGND,li1,8.9700,32.6400,0.000029
FILLER_8_3,VGND,li1,7.5900,32.6400,0.000029
FILLER_7_368,VGND,li1,175.2600,32.6400,0.000099
FILLER_7_365,VGND,li1,174.1100,32.6400,0.000099
FILLER_7_362,VGND,li1,172.7300,32.6400,0.000099
FILLER_7_359,VGND,li1,171.3500,32.6400,0.000099
FILLER_7_343,VGND,li1,163.9900,32.6400,0.000099
FILLER_7_340,VGND,li1,162.6100,32.6400,0.000099
FILLER_7_337,VGND,li1,161.2300,32.6400,0.000099
FILLER_7_333,VGND,li1,159.3900,32.6400,0.000099
FILLER_7_324,VGND,li1,154.7900,32.6400,0.000099
FILLER_7_321,VGND,li1,153.8700,32.6400,0.000099
FILLER_7_275,VGND,li1,132.2500,32.6400,0.000099
FILLER_7_272,VGND,li1,131.3300,32.6400,0.000099
FILLER_7_257,VGND,li1,124.2000,32.6400,0.000099
FILLER_7_231,VGND,li1,112.0100,32.6400,0.000099
FILLER_7_214,VGND,li1,104.1900,32.6400,0.000099
FILLER_7_200,VGND,li1,97.7500,32.6400,0.000099
FILLER_7_197,VGND,li1,96.8300,32.6400,0.000099
FILLER_7_194,VGND,li1,95.4500,32.6400,0.000099
FILLER_7_147,VGND,li1,73.3700,32.6400,0.000093
FILLER_7_111,VGND,li1,56.8100,32.6400,0.000080
FILLER_7_108,VGND,li1,55.8900,32.6400,0.000080
FILLER_7_105,VGND,li1,54.5100,32.6400,0.000077
FILLER_7_102,VGND,li1,53.1300,32.6400,0.000077
FILLER_7_81,VGND,li1,43.0100,32.6400,0.000061
FILLER_7_60,VGND,li1,33.3500,32.6400,0.000044
FILLER_7_54,VGND,li1,30.8200,32.6400,0.000039
FILLER_7_47,VGND,li1,27.3700,32.6400,0.000034
FILLER_7_13,VGND,li1,11.9600,32.6400,0.000029
FILLER_7_9,VGND,li1,9.8900,32.6400,0.000029
FILLER_7_6,VGND,li1,8.9700,32.6400,0.000029
FILLER_6_368,VGND,li1,175.2600,27.2000,0.000166
FILLER_6_365,VGND,li1,174.1100,27.2000,0.000166
FILLER_6_362,VGND,li1,172.5000,27.2000,0.000166
FILLER_6_349,VGND,li1,166.2900,27.2000,0.000166
FILLER_6_346,VGND,li1,165.3700,27.2000,0.000166
FILLER_6_343,VGND,li1,163.9900,27.2000,0.000166
FILLER_6_340,VGND,li1,162.6100,27.2000,0.000166
FILLER_6_337,VGND,li1,161.2300,27.2000,0.000166
FILLER_6_334,VGND,li1,159.8500,27.2000,0.000166
FILLER_6_331,VGND,li1,158.4700,27.2000,0.000166
FILLER_6_324,VGND,li1,154.7900,27.2000,0.000166
FILLER_6_321,VGND,li1,153.8700,27.2000,0.000166
FILLER_6_318,VGND,li1,152.4900,27.2000,0.000166
FILLER_6_315,VGND,li1,151.1100,27.2000,0.000166
FILLER_6_312,VGND,li1,149.7300,27.2000,0.000166
FILLER_6_309,VGND,li1,148.3500,27.2000,0.000166
FILLER_6_307,VGND,li1,146.9700,27.2000,0.000166
FILLER_6_283,VGND,li1,135.9300,27.2000,0.000166
FILLER_6_256,VGND,li1,123.5100,27.2000,0.000166
FILLER_6_231,VGND,li1,112.0100,27.2000,0.000159
FILLER_6_192,VGND,li1,94.0700,27.2000,0.000142
FILLER_6_153,VGND,li1,76.1300,27.2000,0.000118
FILLER_6_150,VGND,li1,75.2100,27.2000,0.000114
FILLER_6_138,VGND,li1,69.4600,27.2000,0.000109
FILLER_6_117,VGND,li1,59.8000,27.2000,0.000093
FILLER_6_114,VGND,li1,58.6500,27.2000,0.000093
FILLER_6_85,VGND,li1,44.8500,27.2000,0.000070
FILLER_6_68,VGND,li1,37.4900,27.2000,0.000053
FILLER_6_65,VGND,li1,36.1100,27.2000,0.000053
FILLER_6_52,VGND,li1,29.9000,27.2000,0.000038
FILLER_6_49,VGND,li1,28.7500,27.2000,0.000038
FILLER_6_24,VGND,li1,16.7900,27.2000,0.000036
FILLER_5_367,VGND,li1,175.0300,27.2000,0.000166
FILLER_5_343,VGND,li1,163.7600,27.2000,0.000166
FILLER_5_340,VGND,li1,162.6100,27.2000,0.000166
FILLER_5_337,VGND,li1,161.2300,27.2000,0.000166
FILLER_5_335,VGND,li1,159.8500,27.2000,0.000166
FILLER_5_332,VGND,li1,158.9300,27.2000,0.000166
FILLER_5_329,VGND,li1,157.5500,27.2000,0.000166
FILLER_5_326,VGND,li1,156.1700,27.2000,0.000166
FILLER_5_323,VGND,li1,154.7900,27.2000,0.000166
FILLER_5_313,VGND,li1,149.7300,27.2000,0.000166
FILLER_5_310,VGND,li1,148.8100,27.2000,0.000166
FILLER_5_296,VGND,li1,141.9100,27.2000,0.000166
FILLER_5_293,VGND,li1,140.9900,27.2000,0.000166
FILLER_5_287,VGND,li1,138.0000,27.2000,0.000166
FILLER_5_262,VGND,li1,126.2700,27.2000,0.000166
FILLER_5_240,VGND,li1,116.3800,27.2000,0.000163
FILLER_5_225,VGND,li1,109.2500,27.2000,0.000157
FILLER_5_216,VGND,li1,105.5700,27.2000,0.000154
FILLER_5_213,VGND,li1,104.1900,27.2000,0.000152
FILLER_5_199,VGND,li1,97.5200,27.2000,0.000145
FILLER_5_188,VGND,li1,92.6900,27.2000,0.000139
FILLER_5_185,VGND,li1,91.3100,27.2000,0.000139
FILLER_5_175,VGND,li1,86.4800,27.2000,0.000133
FILLER_5_172,VGND,li1,85.3300,27.2000,0.000129
FILLER_5_169,VGND,li1,83.9500,27.2000,0.000129
FILLER_5_167,VGND,li1,82.5700,27.2000,0.000126
FILLER_5_164,VGND,li1,81.6500,27.2000,0.000126
FILLER_5_155,VGND,li1,77.5100,27.2000,0.000118
FILLER_5_143,VGND,li1,71.7600,27.2000,0.000112
FILLER_5_111,VGND,li1,56.8100,27.2000,0.000089
FILLER_5_91,VGND,li1,47.6100,27.2000,0.000074
FILLER_5_68,VGND,li1,37.4900,27.2000,0.000053
FILLER_5_36,VGND,li1,22.3100,27.2000,0.000033
FILLER_5_3,VGND,li1,7.3600,27.2000,0.000040
FILLER_4_368,VGND,li1,175.2600,21.7600,0.000011
FILLER_4_365,VGND,li1,174.1100,21.7600,0.000011
FILLER_4_361,VGND,li1,172.2700,21.7600,0.000011
FILLER_4_358,VGND,li1,170.8900,21.7600,0.000011
FILLER_4_355,VGND,li1,169.5100,21.7600,0.000011
FILLER_4_352,VGND,li1,168.1300,21.7600,0.000011
FILLER_4_349,VGND,li1,166.7500,21.7600,0.000011
FILLER_4_322,VGND,li1,154.1000,21.7600,0.000011
FILLER_4_307,VGND,li1,146.9700,21.7600,0.000011
FILLER_4_304,VGND,li1,146.0500,21.7600,0.000011
FILLER_4_301,VGND,li1,144.6700,21.7600,0.000011
FILLER_4_298,VGND,li1,143.2900,21.7600,0.000011
FILLER_4_295,VGND,li1,141.9100,21.7600,0.000011
FILLER_4_292,VGND,li1,140.5300,21.7600,0.000011
FILLER_4_289,VGND,li1,139.1500,21.7600,0.000011
FILLER_4_286,VGND,li1,137.7700,21.7600,0.000011
FILLER_4_283,VGND,li1,136.3900,21.7600,0.000011
FILLER_4_280,VGND,li1,135.0100,21.7600,0.000011
FILLER_4_277,VGND,li1,133.6300,21.7600,0.000011
FILLER_4_274,VGND,li1,132.2500,21.7600,0.000011
FILLER_4_271,VGND,li1,130.8700,21.7600,0.000011
FILLER_4_267,VGND,li1,128.5700,21.7600,0.000011
FILLER_4_249,VGND,li1,120.7500,21.7600,0.000011
FILLER_4_246,VGND,li1,119.3700,21.7600,0.000011
FILLER_4_243,VGND,li1,117.9900,21.7600,0.000011
FILLER_4_237,VGND,li1,115.2300,21.7600,0.000011
FILLER_4_234,VGND,li1,113.8500,21.7600,0.000011
FILLER_4_231,VGND,li1,112.4700,21.7600,0.000011
FILLER_4_228,VGND,li1,111.0900,21.7600,0.000011
FILLER_4_223,VGND,li1,108.3300,21.7600,0.000011
FILLER_4_220,VGND,li1,107.4100,21.7600,0.000011
FILLER_4_217,VGND,li1,106.0300,21.7600,0.000011
FILLER_4_214,VGND,li1,104.6500,21.7600,0.000011
FILLER_4_211,VGND,li1,103.2700,21.7600,0.000011
FILLER_4_208,VGND,li1,101.8900,21.7600,0.000011
FILLER_4_205,VGND,li1,100.5100,21.7600,0.000011
FILLER_4_202,VGND,li1,99.1300,21.7600,0.000011
FILLER_4_197,VGND,li1,96.6000,21.7600,0.000011
FILLER_4_193,VGND,li1,94.9900,21.7600,0.000011
FILLER_4_139,VGND,li1,69.6900,21.7600,0.000011
FILLER_4_136,VGND,li1,68.7700,21.7600,0.000011
FILLER_4_119,VGND,li1,60.7200,21.7600,0.000011
FILLER_4_116,VGND,li1,59.5700,21.7600,0.000011
FILLER_4_113,VGND,li1,58.1900,21.7600,0.000011
FILLER_4_96,VGND,li1,49.9100,21.7600,0.000011
FILLER_4_74,VGND,li1,40.0200,21.7600,0.000011
FILLER_4_71,VGND,li1,38.8700,21.7600,0.000011
FILLER_4_36,VGND,li1,22.5400,21.7600,0.000010
FILLER_4_12,VGND,li1,11.2700,21.7600,0.000015
FILLER_4_9,VGND,li1,10.3500,21.7600,0.000015
FILLER_4_6,VGND,li1,8.9700,21.7600,0.000015
FILLER_4_3,VGND,li1,7.5900,21.7600,0.000015
FILLER_3_368,VGND,li1,175.2600,21.7600,0.000011
FILLER_3_335,VGND,li1,159.8500,21.7600,0.000011
FILLER_3_332,VGND,li1,158.9300,21.7600,0.000011
FILLER_3_329,VGND,li1,157.5500,21.7600,0.000011
FILLER_3_326,VGND,li1,156.1700,21.7600,0.000011
FILLER_3_323,VGND,li1,154.7900,21.7600,0.000011
FILLER_3_320,VGND,li1,153.4100,21.7600,0.000011
FILLER_3_317,VGND,li1,152.0300,21.7600,0.000011
FILLER_3_304,VGND,li1,145.5900,21.7600,0.000011
FILLER_3_301,VGND,li1,144.6700,21.7600,0.000011
FILLER_3_284,VGND,li1,136.8500,21.7600,0.000011
FILLER_3_281,VGND,li1,135.4700,21.7600,0.000011
FILLER_3_277,VGND,li1,133.6300,21.7600,0.000011
FILLER_3_252,VGND,li1,121.6700,21.7600,0.000011
FILLER_3_218,VGND,li1,106.4900,21.7600,0.000011
FILLER_3_215,VGND,li1,105.1100,21.7600,0.000011
FILLER_3_212,VGND,li1,103.7300,21.7600,0.000011
FILLER_3_192,VGND,li1,94.0700,21.7600,0.000011
FILLER_3_184,VGND,li1,90.3900,21.7600,0.000011
FILLER_3_176,VGND,li1,86.9400,21.7600,0.000011
FILLER_3_173,VGND,li1,85.7900,21.7600,0.000011
FILLER_3_167,VGND,li1,82.5700,21.7600,0.000011
FILLER_3_159,VGND,li1,79.1200,21.7600,0.000011
FILLER_3_156,VGND,li1,77.9700,21.7600,0.000011
FILLER_3_153,VGND,li1,76.5900,21.7600,0.000011
FILLER_3_140,VGND,li1,70.1500,21.7600,0.000011
FILLER_3_121,VGND,li1,61.6400,21.7600,0.000011
FILLER_3_111,VGND,li1,56.8100,21.7600,0.000011
FILLER_3_108,VGND,li1,55.8900,21.7600,0.000011
FILLER_3_105,VGND,li1,54.5100,21.7600,0.000011
FILLER_3_96,VGND,li1,49.9100,21.7600,0.000011
FILLER_3_81,VGND,li1,43.0100,21.7600,0.000011
FILLER_3_60,VGND,li1,33.3500,21.7600,0.000011
FILLER_3_57,VGND,li1,32.4300,21.7600,0.000011
FILLER_3_54,VGND,li1,30.8200,21.7600,0.000010
FILLER_3_51,VGND,li1,29.6700,21.7600,0.000010
FILLER_3_48,VGND,li1,28.2900,21.7600,0.000009
FILLER_2_368,VGND,li1,175.2600,16.3200,0.000282
FILLER_2_334,VGND,li1,159.6200,16.3200,0.000274
FILLER_2_307,VGND,li1,146.9700,16.3200,0.000263
FILLER_2_304,VGND,li1,146.0500,16.3200,0.000263
FILLER_2_287,VGND,li1,138.2300,16.3200,0.000256
FILLER_2_284,VGND,li1,136.8500,16.3200,0.000253
FILLER_2_281,VGND,li1,135.4700,16.3200,0.000253
FILLER_2_267,VGND,li1,128.5700,16.3200,0.000247
FILLER_2_209,VGND,li1,102.3500,16.3200,0.000213
FILLER_2_185,VGND,li1,91.3100,16.3200,0.000193
FILLER_2_169,VGND,li1,83.4900,16.3200,0.000177
FILLER_2_166,VGND,li1,82.5700,16.3200,0.000177
FILLER_2_163,VGND,li1,81.1900,16.3200,0.000172
FILLER_2_160,VGND,li1,79.8100,16.3200,0.000172
FILLER_2_90,VGND,li1,47.1500,16.3200,0.000108
FILLER_2_83,VGND,li1,43.9300,16.3200,0.000095
FILLER_2_9,VGND,li1,10.3500,16.3200,0.000043
FILLER_2_6,VGND,li1,8.9700,16.3200,0.000043
FILLER_2_3,VGND,li1,7.5900,16.3200,0.000043
FILLER_1_368,VGND,li1,175.2600,16.3200,0.000282
FILLER_1_365,VGND,li1,174.1100,16.3200,0.000282
FILLER_1_362,VGND,li1,172.7300,16.3200,0.000282
FILLER_1_359,VGND,li1,171.3500,16.3200,0.000282
FILLER_1_356,VGND,li1,169.9700,16.3200,0.000282
FILLER_1_353,VGND,li1,168.5900,16.3200,0.000282
FILLER_1_305,VGND,li1,146.2800,16.3200,0.000263
FILLER_1_302,VGND,li1,145.1300,16.3200,0.000261
FILLER_1_299,VGND,li1,143.7500,16.3200,0.000261
FILLER_1_296,VGND,li1,142.3700,16.3200,0.000258
FILLER_1_293,VGND,li1,140.9900,16.3200,0.000258
FILLER_1_290,VGND,li1,139.6100,16.3200,0.000256
FILLER_1_287,VGND,li1,138.2300,16.3200,0.000256
FILLER_1_284,VGND,li1,136.8500,16.3200,0.000253
FILLER_1_281,VGND,li1,135.4700,16.3200,0.000253
FILLER_1_234,VGND,li1,113.8500,16.3200,0.000231
FILLER_1_223,VGND,li1,108.3300,16.3200,0.000223
FILLER_1_213,VGND,li1,103.9600,16.3200,0.000213
FILLER_1_210,VGND,li1,102.8100,16.3200,0.000213
FILLER_1_180,VGND,li1,88.7800,16.3200,0.000186
FILLER_1_166,VGND,li1,82.3400,16.3200,0.000177
FILLER_1_163,VGND,li1,81.1900,16.3200,0.000172
FILLER_1_151,VGND,li1,75.2100,16.3200,0.000163
FILLER_1_127,VGND,li1,64.4000,16.3200,0.000143
FILLER_1_124,VGND,li1,63.2500,16.3200,0.000143
FILLER_1_105,VGND,li1,54.0500,16.3200,0.000124
FILLER_1_27,VGND,li1,18.1700,16.3200,0.000041
FILLER_1_6,VGND,li1,8.5100,16.3200,0.000043
FILLER_1_3,VGND,li1,7.5900,16.3200,0.000043
FILLER_0_368,VGND,li1,175.2600,10.8800,0.000036
FILLER_0_365,VGND,li1,174.1100,10.8800,0.000036
FILLER_0_361,VGND,li1,172.2700,10.8800,0.000036
FILLER_0_358,VGND,li1,170.8900,10.8800,0.000036
FILLER_0_355,VGND,li1,169.5100,10.8800,0.000036
FILLER_0_352,VGND,li1,168.1300,10.8800,0.000036
FILLER_0_349,VGND,li1,166.7500,10.8800,0.000036
FILLER_0_346,VGND,li1,165.3700,10.8800,0.000036
FILLER_0_343,VGND,li1,163.9900,10.8800,0.000036
FILLER_0_340,VGND,li1,162.6100,10.8800,0.000036
FILLER_0_337,VGND,li1,161.2300,10.8800,0.000036
FILLER_0_333,VGND,li1,159.3900,10.8800,0.000036
FILLER_0_330,VGND,li1,158.0100,10.8800,0.000036
FILLER_0_327,VGND,li1,156.6300,10.8800,0.000036
FILLER_0_324,VGND,li1,155.2500,10.8800,0.000036
FILLER_0_321,VGND,li1,153.8700,10.8800,0.000036
FILLER_0_318,VGND,li1,152.4900,10.8800,0.000036
FILLER_0_315,VGND,li1,151.1100,10.8800,0.000036
FILLER_0_312,VGND,li1,149.7300,10.8800,0.000036
FILLER_0_309,VGND,li1,148.3500,10.8800,0.000036
FILLER_0_305,VGND,li1,146.5100,10.8800,0.000036
FILLER_0_302,VGND,li1,145.1300,10.8800,0.000036
FILLER_0_299,VGND,li1,143.7500,10.8800,0.000036
FILLER_0_296,VGND,li1,142.3700,10.8800,0.000036
FILLER_0_293,VGND,li1,140.9900,10.8800,0.000036
FILLER_0_290,VGND,li1,139.6100,10.8800,0.000036
FILLER_0_287,VGND,li1,138.2300,10.8800,0.000036
FILLER_0_284,VGND,li1,136.8500,10.8800,0.000036
FILLER_0_281,VGND,li1,135.4700,10.8800,0.000036
FILLER_0_278,VGND,li1,133.8600,10.8800,0.000036
FILLER_0_275,VGND,li1,132.7100,10.8800,0.000036
FILLER_0_272,VGND,li1,131.3300,10.8800,0.000036
FILLER_0_269,VGND,li1,129.9500,10.8800,0.000036
FILLER_0_266,VGND,li1,128.5700,10.8800,0.000036
FILLER_0_263,VGND,li1,127.1900,10.8800,0.000036
FILLER_0_259,VGND,li1,124.8900,10.8800,0.000036
FILLER_0_256,VGND,li1,123.9700,10.8800,0.000036
FILLER_0_253,VGND,li1,122.5900,10.8800,0.000036
FILLER_0_249,VGND,li1,120.7500,10.8800,0.000036
FILLER_0_246,VGND,li1,119.3700,10.8800,0.000036
FILLER_0_243,VGND,li1,117.9900,10.8800,0.000036
FILLER_0_240,VGND,li1,116.6100,10.8800,0.000036
FILLER_0_237,VGND,li1,115.2300,10.8800,0.000036
FILLER_0_234,VGND,li1,113.8500,10.8800,0.000036
FILLER_0_231,VGND,li1,112.4700,10.8800,0.000036
FILLER_0_228,VGND,li1,111.0900,10.8800,0.000036
FILLER_0_225,VGND,li1,109.7100,10.8800,0.000036
FILLER_0_220,VGND,li1,106.9500,10.8800,0.000036
FILLER_0_211,VGND,li1,102.8100,10.8800,0.000036
FILLER_0_208,VGND,li1,101.8900,10.8800,0.000036
FILLER_0_200,VGND,li1,97.9800,10.8800,0.000036
FILLER_0_187,VGND,li1,92.2300,10.8800,0.000036
FILLER_0_184,VGND,li1,90.8500,10.8800,0.000036
FILLER_0_181,VGND,li1,89.4700,10.8800,0.000036
FILLER_0_178,VGND,li1,88.0900,10.8800,0.000036
FILLER_0_175,VGND,li1,86.7100,10.8800,0.000036
FILLER_0_172,VGND,li1,85.3300,10.8800,0.000036
FILLER_0_169,VGND,li1,83.9500,10.8800,0.000036
FILLER_0_147,VGND,li1,73.3700,10.8800,0.000034
FILLER_0_144,VGND,li1,72.4500,10.8800,0.000034
FILLER_0_141,VGND,li1,71.0700,10.8800,0.000033
FILLER_0_137,VGND,li1,69.2300,10.8800,0.000032
FILLER_0_134,VGND,li1,67.8500,10.8800,0.000032
FILLER_0_131,VGND,li1,66.4700,10.8800,0.000031
FILLER_0_128,VGND,li1,65.0900,10.8800,0.000031
FILLER_0_125,VGND,li1,63.7100,10.8800,0.000031
FILLER_0_122,VGND,li1,62.3300,10.8800,0.000031
FILLER_0_119,VGND,li1,60.9500,10.8800,0.000030
FILLER_0_116,VGND,li1,59.5700,10.8800,0.000030
FILLER_0_113,VGND,li1,58.1900,10.8800,0.000029
FILLER_0_109,VGND,li1,56.3500,10.8800,0.000028
FILLER_0_85,VGND,li1,44.8500,10.8800,0.000022
FILLER_0_73,VGND,li1,39.7900,10.8800,0.000018
FILLER_0_70,VGND,li1,38.4100,10.8800,0.000018
FILLER_0_66,VGND,li1,36.1100,10.8800,0.000017
FILLER_0_63,VGND,li1,35.1900,10.8800,0.000015
FILLER_0_60,VGND,li1,33.8100,10.8800,0.000015
FILLER_0_57,VGND,li1,32.4300,10.8800,0.000013
FILLER_0_53,VGND,li1,30.5900,10.8800,0.000012
FILLER_0_29,VGND,li1,19.0900,10.8800,0.000009
FILLER_0_19,VGND,li1,14.9500,10.8800,0.000009
FILLER_0_15,VGND,li1,12.6500,10.8800,0.000009
FILLER_0_12,VGND,li1,11.7300,10.8800,0.000009
FILLER_0_9,VGND,li1,10.3500,10.8800,0.000009
FILLER_0_6,VGND,li1,8.9700,10.8800,0.000009
FILLER_0_3,VGND,li1,7.5900,10.8800,0.000009
ANTENNA_6,VGND,li1,87.4000,21.7600,0.000011
ANTENNA_5,VGND,li1,113.1600,76.1600,0.000174
ANTENNA_4,VGND,li1,89.2400,136.0000,0.000087
ANTENNA_3,VGND,li1,100.7400,54.4000,0.000454
ANTENNA_2,VGND,li1,114.0800,48.9600,0.000093
ANTENNA_1,VGND,li1,91.5400,48.9600,0.000083
hold313,VGND,li1,9.6600,81.6000,0.000036
hold312,VGND,li1,173.8800,108.8000,0.000207
hold311,VGND,li1,51.5200,43.5200,0.000090
hold310,VGND,li1,25.3000,32.6400,0.000029
hold309,VGND,li1,49.6800,27.2000,0.000079
hold308,VGND,li1,36.8000,136.0000,0.000032
hold307,VGND,li1,42.3200,130.5600,0.000028
hold306,VGND,li1,33.5800,114.2400,0.000098
hold305,VGND,li1,53.3600,136.0000,0.000054
hold304,VGND,li1,59.8000,136.0000,0.000060
hold303,VGND,li1,59.3400,136.0000,0.000060
hold302,VGND,li1,63.9400,130.5600,0.000034
hold301,VGND,li1,75.9000,119.6800,0.000407
hold300,VGND,li1,147.2000,108.8000,0.000207
hold299,VGND,li1,66.2400,103.3600,0.000374
hold298,VGND,li1,75.4400,108.8000,0.000143
hold297,VGND,li1,64.8600,87.0400,0.000116
hold296,VGND,li1,91.5400,32.6400,0.000099
hold295,VGND,li1,78.2000,27.2000,0.000121
hold294,VGND,li1,67.6200,38.0800,0.000116
hold293,VGND,li1,71.3000,38.0800,0.000120
hold292,VGND,li1,72.2200,32.6400,0.000093
hold291,VGND,li1,68.0800,59.8400,0.000339
hold290,VGND,li1,73.1400,70.7200,0.000191
hold289,VGND,li1,67.1600,97.9200,0.000192
hold288,VGND,li1,172.0400,163.2000,0.000068
hold287,VGND,li1,48.3000,92.4800,0.000257
hold286,VGND,li1,47.8400,43.5200,0.000085
hold285,VGND,li1,88.7800,27.2000,0.000136
hold284,VGND,li1,95.2200,27.2000,0.000142
hold283,VGND,li1,123.7400,21.7600,0.000011
hold282,VGND,li1,62.1000,27.2000,0.000098
hold281,VGND,li1,63.9400,32.6400,0.000088
hold280,VGND,li1,67.1600,27.2000,0.000105
hold279,VGND,li1,39.1000,38.0800,0.000064
hold278,VGND,li1,20.2400,27.2000,0.000035
hold277,VGND,li1,117.3000,81.6000,0.000135
hold276,VGND,li1,37.2600,48.9600,0.000035
hold275,VGND,li1,48.7600,48.9600,0.000049
hold274,VGND,li1,35.4200,65.2800,0.000183
hold273,VGND,li1,20.7000,16.3200,0.000040
hold272,VGND,li1,167.9000,114.2400,0.000458
hold271,VGND,li1,171.1200,108.8000,0.000207
hold270,VGND,li1,169.2800,146.8800,0.000084
hold269,VGND,li1,173.8800,152.3200,0.000123
hold268,VGND,li1,146.2800,114.2400,0.000451
hold267,VGND,li1,67.1600,76.1600,0.000133
hold266,VGND,li1,75.4400,81.6000,0.000109
hold265,VGND,li1,72.2200,92.4800,0.000384
hold264,VGND,li1,75.9000,92.4800,0.000396
hold263,VGND,li1,171.1200,130.5600,0.000035
hold262,VGND,li1,41.8600,92.4800,0.000220
hold261,VGND,li1,42.3200,87.0400,0.000082
hold260,VGND,li1,169.7400,141.4400,0.000041
hold259,VGND,li1,173.8800,141.4400,0.000041
hold258,VGND,li1,126.9600,97.9200,0.000244
hold257,VGND,li1,79.1200,103.3600,0.000415
hold256,VGND,li1,118.6800,87.0400,0.000180
hold255,VGND,li1,123.7400,87.0400,0.000185
hold254,VGND,li1,68.0800,70.7200,0.000181
hold253,VGND,li1,73.1400,76.1600,0.000137
hold252,VGND,li1,143.0600,157.7600,0.000073
hold251,VGND,li1,173.8800,125.1200,0.000084
hold250,VGND,li1,24.8400,108.8000,0.000037
hold249,VGND,li1,37.2600,48.9600,0.000035
hold248,VGND,li1,119.6000,97.9200,0.000239
hold247,VGND,li1,85.1000,97.9200,0.000208
hold246,VGND,li1,17.0200,119.6800,0.000081
hold245,VGND,li1,113.6200,81.6000,0.000134
hold244,VGND,li1,76.3600,87.0400,0.000130
hold243,VGND,li1,47.3800,76.1600,0.000101
hold242,VGND,li1,54.7400,76.1600,0.000116
hold241,VGND,li1,63.9400,21.7600,0.000011
hold240,VGND,li1,72.2200,16.3200,0.000159
hold239,VGND,li1,164.6800,152.3200,0.000122
hold238,VGND,li1,172.5000,157.7600,0.000081
hold237,VGND,li1,24.3800,54.4000,0.000073
hold236,VGND,li1,28.0600,54.4000,0.000094
hold235,VGND,li1,8.7400,48.9600,0.000024
hold234,VGND,li1,16.5600,48.9600,0.000023
hold233,VGND,li1,125.1200,168.6400,0.000000
hold232,VGND,li1,129.7200,163.2000,0.000066
hold231,VGND,li1,25.3000,65.2800,0.000090
hold230,VGND,li1,20.7000,54.4000,0.000075
hold229,VGND,li1,20.2400,16.3200,0.000041
hold228,VGND,li1,16.5600,16.3200,0.000041
hold227,VGND,li1,40.9400,54.4000,0.000186
hold226,VGND,li1,29.4400,65.2800,0.000131
hold225,VGND,li1,115.9200,38.0800,0.000157
hold224,VGND,li1,122.8200,38.0800,0.000157
hold223,VGND,li1,36.8000,32.6400,0.000053
hold222,VGND,li1,32.2000,27.2000,0.000044
hold221,VGND,li1,46.9200,10.8800,0.000024
hold220,VGND,li1,59.3400,16.3200,0.000135
hold219,VGND,li1,40.4800,54.4000,0.000186
hold218,VGND,li1,33.5800,54.4000,0.000126
hold217,VGND,li1,62.5600,119.6800,0.000335
hold216,VGND,li1,67.6200,119.6800,0.000363
hold215,VGND,li1,55.6600,21.7600,0.000011
hold214,VGND,li1,59.3400,21.7600,0.000011
hold213,VGND,li1,149.9600,114.2400,0.000452
hold212,VGND,li1,149.9600,108.8000,0.000207
hold211,VGND,li1,140.3000,125.1200,0.000084
hold210,VGND,li1,106.7200,43.5200,0.000151
hold209,VGND,li1,111.7800,38.0800,0.000156
hold208,VGND,li1,149.5000,136.0000,0.000137
hold207,VGND,li1,136.1600,152.3200,0.000109
hold206,VGND,li1,139.3800,157.7600,0.000072
hold205,VGND,li1,137.0800,146.8800,0.000074
hold204,VGND,li1,140.7600,146.8800,0.000075
hold203,VGND,li1,126.0400,152.3200,0.000101
hold202,VGND,li1,132.4800,157.7600,0.000070
hold201,VGND,li1,143.0600,130.5600,0.000035
hold200,VGND,li1,46.9200,32.6400,0.000070
hold199,VGND,li1,51.5200,38.0800,0.000090
hold198,VGND,li1,45.0800,48.9600,0.000044
hold197,VGND,li1,33.1200,32.6400,0.000044
hold196,VGND,li1,77.2800,16.3200,0.000168
hold195,VGND,li1,85.1000,16.3200,0.000182
hold194,VGND,li1,168.3600,103.3600,0.000642
hold193,VGND,li1,172.5000,103.3600,0.000642
hold192,VGND,li1,76.3600,32.6400,0.000095
hold191,VGND,li1,80.9600,32.6400,0.000097
hold190,VGND,li1,110.8600,21.7600,0.000011
hold189,VGND,li1,106.2600,16.3200,0.000220
hold188,VGND,li1,105.3400,59.8400,0.000379
hold187,VGND,li1,123.7400,70.7200,0.000265
hold186,VGND,li1,115.9200,65.2800,0.000683
hold185,VGND,li1,17.0200,114.2400,0.000058
hold184,VGND,li1,23.0000,10.8800,0.000009
hold183,VGND,li1,26.6800,10.8800,0.000009
hold182,VGND,li1,26.2200,16.3200,0.000048
hold181,VGND,li1,23.4600,32.6400,0.000026
hold180,VGND,li1,27.6000,38.0800,0.000038
hold179,VGND,li1,32.2000,38.0800,0.000052
hold178,VGND,li1,40.9400,48.9600,0.000037
hold177,VGND,li1,42.3200,43.5200,0.000075
hold176,VGND,li1,141.2200,65.2800,0.000692
hold175,VGND,li1,33.5800,130.5600,0.000024
hold174,VGND,li1,112.2400,59.8400,0.000381
hold173,VGND,li1,65.7800,48.9600,0.000065
hold172,VGND,li1,77.7400,70.7200,0.000200
hold171,VGND,li1,82.3400,70.7200,0.000208
hold170,VGND,li1,132.4800,97.9200,0.000247
hold169,VGND,li1,139.3800,92.4800,0.000512
hold168,VGND,li1,33.5800,48.9600,0.000030
hold167,VGND,li1,12.8800,136.0000,0.000015
hold166,VGND,li1,17.0200,136.0000,0.000015
hold165,VGND,li1,103.9600,65.2800,0.000656
hold164,VGND,li1,101.6600,70.7200,0.000242
hold163,VGND,li1,46.9200,27.2000,0.000074
hold162,VGND,li1,28.0600,125.1200,0.000032
hold161,VGND,li1,60.7200,43.5200,0.000103
hold160,VGND,li1,64.4000,43.5200,0.000111
hold159,VGND,li1,80.9600,43.5200,0.000132
hold158,VGND,li1,89.7000,43.5200,0.000141
hold157,VGND,li1,119.1400,76.1600,0.000179
hold156,VGND,li1,113.1600,65.2800,0.000677
hold155,VGND,li1,61.1800,59.8400,0.000316
hold154,VGND,li1,64.8600,59.8400,0.000328
hold153,VGND,li1,37.7200,125.1200,0.000051
hold152,VGND,li1,125.5800,48.9600,0.000094
hold151,VGND,li1,39.5600,76.1600,0.000083
hold150,VGND,li1,144.9000,130.5600,0.000035
hold149,VGND,li1,152.7200,136.0000,0.000138
hold148,VGND,li1,26.6800,136.0000,0.000015
hold147,VGND,li1,32.6600,125.1200,0.000041
hold146,VGND,li1,91.0800,54.4000,0.000429
hold145,VGND,li1,87.8600,59.8400,0.000367
hold144,VGND,li1,115.4600,76.1600,0.000176
hold143,VGND,li1,134.7800,81.6000,0.000138
hold142,VGND,li1,25.7600,27.2000,0.000030
hold141,VGND,li1,33.5800,27.2000,0.000048
hold140,VGND,li1,36.8000,21.7600,0.000011
hold139,VGND,li1,42.3200,21.7600,0.000011
hold138,VGND,li1,149.5000,114.2400,0.000452
hold137,VGND,li1,155.0200,119.6800,0.000742
hold136,VGND,li1,149.5000,125.1200,0.000084
hold135,VGND,li1,149.9600,130.5600,0.000035
hold134,VGND,li1,99.8200,32.6400,0.000099
hold133,VGND,li1,107.1800,27.2000,0.000154
hold132,VGND,li1,87.8600,32.6400,0.000099
hold131,VGND,li1,92.4600,38.0800,0.000146
hold130,VGND,li1,136.6200,163.2000,0.000068
hold129,VGND,li1,137.0800,168.6400,0.000000
hold128,VGND,li1,110.8600,76.1600,0.000172
hold127,VGND,li1,145.8200,152.3200,0.000116
hold126,VGND,li1,149.5000,152.3200,0.000117
hold125,VGND,li1,144.9000,141.4400,0.000040
hold124,VGND,li1,149.5000,141.4400,0.000041
hold123,VGND,li1,129.2600,70.7200,0.000267
hold122,VGND,li1,153.1800,92.4800,0.000514
hold121,VGND,li1,84.1800,59.8400,0.000362
hold120,VGND,li1,90.6200,48.9600,0.000082
hold119,VGND,li1,131.1000,81.6000,0.000138
hold118,VGND,li1,78.6600,81.6000,0.000112
hold117,VGND,li1,21.1600,119.6800,0.000080
hold116,VGND,li1,29.4400,119.6800,0.000119
hold115,VGND,li1,127.4200,65.2800,0.000691
hold114,VGND,li1,132.9400,70.7200,0.000268
hold113,VGND,li1,141.6800,76.1600,0.000191
hold112,VGND,li1,140.3000,81.6000,0.000138
hold111,VGND,li1,81.4200,48.9600,0.000076
hold110,VGND,li1,85.1000,43.5200,0.000137
hold109,VGND,li1,156.8600,97.9200,0.000258
hold108,VGND,li1,143.5200,97.9200,0.000254
hold107,VGND,li1,20.2400,76.1600,0.000049
hold106,VGND,li1,139.8400,97.9200,0.000251
hold105,VGND,li1,87.8600,103.3600,0.000451
hold104,VGND,li1,29.9000,16.3200,0.000059
hold103,VGND,li1,42.7800,16.3200,0.000095
hold102,VGND,li1,155.4800,92.4800,0.000515
hold101,VGND,li1,149.5000,92.4800,0.000514
hold100,VGND,li1,19.7800,87.0400,0.000044
hold99,VGND,li1,136.6200,81.6000,0.000138
hold98,VGND,li1,127.8800,87.0400,0.000189
hold97,VGND,li1,55.2000,38.0800,0.000095
hold96,VGND,li1,65.7800,38.0800,0.000114
hold95,VGND,li1,41.4000,70.7200,0.000109
hold94,VGND,li1,123.7400,92.4800,0.000505
hold93,VGND,li1,119.6000,92.4800,0.000502
hold92,VGND,li1,29.4400,92.4800,0.000125
hold91,VGND,li1,28.0600,70.7200,0.000067
hold90,VGND,li1,28.0600,76.1600,0.000055
hold89,VGND,li1,101.2000,38.0800,0.000152
hold88,VGND,li1,104.8800,38.0800,0.000154
hold87,VGND,li1,16.1000,97.9200,0.000070
hold86,VGND,li1,12.8800,87.0400,0.000050
hold85,VGND,li1,75.4400,43.5200,0.000126
hold84,VGND,li1,73.1400,48.9600,0.000072
hold83,VGND,li1,24.3800,65.2800,0.000090
hold82,VGND,li1,23.9200,43.5200,0.000034
hold81,VGND,li1,33.5800,87.0400,0.000063
hold80,VGND,li1,27.1400,81.6000,0.000038
hold79,VGND,li1,12.4200,97.9200,0.000072
hold78,VGND,li1,16.5600,87.0400,0.000046
hold77,VGND,li1,41.8600,92.4800,0.000220
hold76,VGND,li1,27.1400,97.9200,0.000081
hold75,VGND,li1,114.0800,32.6400,0.000099
hold74,VGND,li1,121.9000,32.6400,0.000099
hold73,VGND,li1,111.3200,54.4000,0.000478
hold72,VGND,li1,61.6400,81.6000,0.000100
hold71,VGND,li1,62.1000,81.6000,0.000100
hold70,VGND,li1,93.8400,16.3200,0.000197
hold69,VGND,li1,100.2800,16.3200,0.000209
hold68,VGND,li1,145.3600,81.6000,0.000138
hold67,VGND,li1,149.0400,87.0400,0.000201
hold66,VGND,li1,123.7400,16.3200,0.000243
hold65,VGND,li1,123.7400,21.7600,0.000011
hold64,VGND,li1,33.5800,103.3600,0.000177
hold63,VGND,li1,28.5200,108.8000,0.000049
hold62,VGND,li1,49.6800,103.3600,0.000291
hold61,VGND,li1,55.2000,97.9200,0.000176
hold60,VGND,li1,68.5400,76.1600,0.000133
hold59,VGND,li1,63.9400,70.7200,0.000169
hold58,VGND,li1,49.6800,114.2400,0.000171
hold57,VGND,li1,54.7400,114.2400,0.000191
hold56,VGND,li1,42.3200,108.8000,0.000087
hold55,VGND,li1,47.8400,114.2400,0.000157
hold54,VGND,li1,53.3600,87.0400,0.000102
hold53,VGND,li1,59.3400,87.0400,0.000110
hold52,VGND,li1,46.4600,87.0400,0.000090
hold51,VGND,li1,53.8200,87.0400,0.000102
hold50,VGND,li1,46.4600,125.1200,0.000067
hold49,VGND,li1,50.1400,125.1200,0.000071
hold48,VGND,li1,98.4400,43.5200,0.000147
hold47,VGND,li1,63.4800,108.8000,0.000129
hold46,VGND,li1,59.3400,108.8000,0.000125
hold45,VGND,li1,59.8000,125.1200,0.000080
hold44,VGND,li1,64.8600,125.1200,0.000082
hold43,VGND,li1,121.9000,48.9600,0.000094
hold42,VGND,li1,51.5200,125.1200,0.000073
hold41,VGND,li1,55.2000,125.1200,0.000076
hold40,VGND,li1,38.6400,119.6800,0.000185
hold39,VGND,li1,42.7800,119.6800,0.000210
hold38,VGND,li1,60.2600,103.3600,0.000347
hold37,VGND,li1,65.3200,103.3600,0.000365
hold36,VGND,li1,51.0600,70.7200,0.000138
hold35,VGND,li1,53.3600,65.2800,0.000323
hold34,VGND,li1,55.2000,70.7200,0.000150
hold33,VGND,li1,62.5600,70.7200,0.000169
hold32,VGND,li1,109.0200,48.9600,0.000091
hold31,VGND,li1,62.1000,48.9600,0.000061
hold30,VGND,li1,68.5400,48.9600,0.000067
hold29,VGND,li1,105.3400,59.8400,0.000379
hold28,VGND,li1,99.8200,54.4000,0.000448
hold27,VGND,li1,11.0400,76.1600,0.000053
hold26,VGND,li1,17.9400,70.7200,0.000055
hold25,VGND,li1,16.5600,38.0800,0.000041
hold24,VGND,li1,16.5600,32.6400,0.000028
hold23,VGND,li1,9.6600,65.2800,0.000093
hold22,VGND,li1,48.3000,38.0800,0.000081
rebuffer21,VGND,li1,158.0100,81.6000,0.000138
rebuffer20,VGND,li1,153.8700,81.6000,0.000138
rebuffer19,VGND,li1,148.8100,70.7200,0.000270
rebuffer18,VGND,li1,149.2700,81.6000,0.000138
rebuffer17,VGND,li1,153.4100,70.7200,0.000270
rebuffer16,VGND,li1,151.3400,76.1600,0.000191
split15,VGND,li1,158.4700,103.3600,0.000642
rebuffer14,VGND,li1,147.4300,65.2800,0.000692
rebuffer13,VGND,li1,145.3600,76.1600,0.000191
rebuffer12,VGND,li1,149.9600,76.1600,0.000191
rebuffer11,VGND,li1,150.1900,81.6000,0.000138
rebuffer10,VGND,li1,132.7100,70.7200,0.000268
rebuffer9,VGND,li1,139.6100,70.7200,0.000270
rebuffer8,VGND,li1,146.0500,65.2800,0.000692
rebuffer7,VGND,li1,146.9700,81.6000,0.000138
rebuffer6,VGND,li1,136.3900,70.7200,0.000269
rebuffer5,VGND,li1,143.7500,81.6000,0.000138
rebuffer4,VGND,li1,132.4800,48.9600,0.000094
split3,VGND,li1,159.6200,97.9200,0.000258
rebuffer2,VGND,li1,174.3400,38.0800,0.000157
rebuffer1,VGND,li1,163.5300,54.4000,0.000489
clkload14,VGND,li1,142.8300,114.2400,0.000450
clkload13,VGND,li1,138.2300,103.3600,0.000625
clkload12,VGND,li1,136.8500,114.2400,0.000446
clkload11,VGND,li1,132.9400,108.8000,0.000202
clkload10,VGND,li1,124.8900,65.2800,0.000691
clkload9,VGND,li1,116.1500,54.4000,0.000489
clkload8,VGND,li1,95.6800,70.7200,0.000232
clkload7,VGND,li1,100.0500,59.8400,0.000377
clkload6,VGND,li1,41.6300,108.8000,0.000087
clkload5,VGND,li1,54.5100,103.3600,0.000327
clkload4,VGND,li1,36.1100,97.9200,0.000123
clkload3,VGND,li1,36.1100,97.9200,0.000123
clkload2,VGND,li1,73.3700,54.4000,0.000377
clkload1,VGND,li1,64.6300,59.8400,0.000328
clkload0,VGND,li1,46.6900,54.4000,0.000228
clkbuf_4_15_0_clk,VGND,li1,141.4500,119.6800,0.000737
clkbuf_4_14_0_clk,VGND,li1,143.7500,103.3600,0.000639
clkbuf_4_13_0_clk,VGND,li1,136.3900,119.6800,0.000722
clkbuf_4_12_0_clk,VGND,li1,131.7900,114.2400,0.000439
clkbuf_4_11_0_clk,VGND,li1,118.9100,65.2800,0.000690
clkbuf_4_10_0_clk,VGND,li1,115.6900,54.4000,0.000489
clkbuf_4_9_0_clk,VGND,li1,93.1500,65.2800,0.000618
clkbuf_4_8_0_clk,VGND,li1,99.5900,65.2800,0.000646
clkbuf_4_7_0_clk,VGND,li1,41.6300,103.3600,0.000248
clkbuf_4_6_0_clk,VGND,li1,54.0500,103.3600,0.000327
clkbuf_4_5_0_clk,VGND,li1,41.6300,97.9200,0.000147
clkbuf_4_4_0_clk,VGND,li1,35.6500,92.4800,0.000181
clkbuf_4_3_0_clk,VGND,li1,72.9100,59.8400,0.000352
clkbuf_4_2_0_clk,VGND,li1,67.3900,54.4000,0.000356
clkbuf_4_1_0_clk,VGND,li1,39.3300,59.8400,0.000220
clkbuf_4_0_0_clk,VGND,li1,44.3900,59.8400,0.000253
clkbuf_0_clk,VGND,li1,91.5400,92.4800,0.000475
load_slew5,VGND,li1,121.4400,27.2000,0.000166
output4,VGND,li1,51.5200,10.8800,0.000027
input3,VGND,li1,7.5900,32.6400,0.000029
input2,VGND,li1,168.3600,16.3200,0.000282
input1,VGND,li1,7.5900,81.6000,0.000036
TAP_TAPCELL_ROW_62_547,VGND,li1,173.1900,179.8110,0.000000
TAP_TAPCELL_ROW_62_546,VGND,li1,160.3100,179.8110,0.000000
TAP_TAPCELL_ROW_62_545,VGND,li1,147.4300,179.8110,0.000000
TAP_TAPCELL_ROW_62_544,VGND,li1,134.5500,179.8110,0.000000
TAP_TAPCELL_ROW_62_543,VGND,li1,121.6700,179.8110,0.000000
TAP_TAPCELL_ROW_62_542,VGND,li1,108.7900,179.8110,0.000000
TAP_TAPCELL_ROW_62_541,VGND,li1,95.9100,179.8110,0.000000
TAP_TAPCELL_ROW_62_540,VGND,li1,83.0300,179.8110,0.000000
TAP_TAPCELL_ROW_62_539,VGND,li1,70.1500,179.8110,0.000000
TAP_TAPCELL_ROW_62_538,VGND,li1,57.2700,179.8110,0.000000
TAP_TAPCELL_ROW_62_537,VGND,li1,44.3900,179.8110,0.000000
TAP_TAPCELL_ROW_62_536,VGND,li1,31.5100,179.8110,0.000000
TAP_TAPCELL_ROW_62_535,VGND,li1,18.6300,179.8110,0.000000
TAP_TAPCELL_ROW_61_534,VGND,li1,160.3100,179.2280,0.000000
TAP_TAPCELL_ROW_61_533,VGND,li1,134.5500,179.2280,0.000000
TAP_TAPCELL_ROW_61_532,VGND,li1,108.7900,179.2280,0.000000
TAP_TAPCELL_ROW_61_531,VGND,li1,83.0300,179.2280,0.000000
TAP_TAPCELL_ROW_61_530,VGND,li1,57.2700,179.2280,0.000000
TAP_TAPCELL_ROW_61_529,VGND,li1,31.5100,179.2280,0.000000
TAP_TAPCELL_ROW_60_528,VGND,li1,173.1900,174.3710,0.000000
TAP_TAPCELL_ROW_60_527,VGND,li1,147.4300,174.3710,0.000000
TAP_TAPCELL_ROW_60_526,VGND,li1,121.6700,174.3710,0.000000
TAP_TAPCELL_ROW_60_525,VGND,li1,95.9100,174.3710,0.000000
TAP_TAPCELL_ROW_60_524,VGND,li1,70.1500,174.3710,0.000000
TAP_TAPCELL_ROW_60_523,VGND,li1,44.3900,174.3710,0.000000
TAP_TAPCELL_ROW_60_522,VGND,li1,18.6300,174.3710,0.000000
TAP_TAPCELL_ROW_59_521,VGND,li1,160.3100,173.7880,0.000000
TAP_TAPCELL_ROW_59_520,VGND,li1,134.5500,173.7880,0.000000
TAP_TAPCELL_ROW_59_519,VGND,li1,108.7900,173.7880,0.000000
TAP_TAPCELL_ROW_59_518,VGND,li1,83.0300,173.7880,0.000000
TAP_TAPCELL_ROW_59_517,VGND,li1,57.2700,173.7880,0.000000
TAP_TAPCELL_ROW_59_516,VGND,li1,31.5100,173.7880,0.000000
TAP_TAPCELL_ROW_58_515,VGND,li1,173.1900,168.9310,0.000000
TAP_TAPCELL_ROW_58_514,VGND,li1,147.4300,168.9310,0.000000
TAP_TAPCELL_ROW_58_513,VGND,li1,121.6700,168.9310,0.000000
TAP_TAPCELL_ROW_58_512,VGND,li1,95.9100,168.9310,0.000000
TAP_TAPCELL_ROW_58_511,VGND,li1,70.1500,168.9310,0.000000
TAP_TAPCELL_ROW_58_510,VGND,li1,44.3900,168.9310,0.000000
TAP_TAPCELL_ROW_58_509,VGND,li1,18.6300,168.9310,0.000000
TAP_TAPCELL_ROW_57_508,VGND,li1,160.3100,168.3480,0.000000
TAP_TAPCELL_ROW_57_507,VGND,li1,134.5500,168.3480,0.000000
TAP_TAPCELL_ROW_57_506,VGND,li1,108.7900,168.3480,0.000000
TAP_TAPCELL_ROW_57_505,VGND,li1,83.0300,168.3480,0.000000
TAP_TAPCELL_ROW_57_504,VGND,li1,57.2700,168.3480,0.000000
TAP_TAPCELL_ROW_57_503,VGND,li1,31.5100,168.3480,0.000000
TAP_TAPCELL_ROW_56_502,VGND,li1,173.1900,163.4910,0.000068
TAP_TAPCELL_ROW_56_501,VGND,li1,147.4300,163.4910,0.000068
TAP_TAPCELL_ROW_56_500,VGND,li1,121.6700,163.4910,0.000063
TAP_TAPCELL_ROW_56_499,VGND,li1,95.9100,163.4910,0.000048
TAP_TAPCELL_ROW_56_498,VGND,li1,70.1500,163.4910,0.000033
TAP_TAPCELL_ROW_56_497,VGND,li1,44.3900,163.4910,0.000018
TAP_TAPCELL_ROW_56_496,VGND,li1,18.6300,163.4910,0.000006
TAP_TAPCELL_ROW_55_495,VGND,li1,160.3100,162.9080,0.000068
TAP_TAPCELL_ROW_55_494,VGND,li1,134.5500,162.9080,0.000067
TAP_TAPCELL_ROW_55_493,VGND,li1,108.7900,162.9080,0.000056
TAP_TAPCELL_ROW_55_492,VGND,li1,83.0300,162.9080,0.000040
TAP_TAPCELL_ROW_55_491,VGND,li1,57.2700,162.9080,0.000025
TAP_TAPCELL_ROW_55_490,VGND,li1,31.5100,162.9080,0.000010
TAP_TAPCELL_ROW_54_489,VGND,li1,173.1900,158.0510,0.000081
TAP_TAPCELL_ROW_54_488,VGND,li1,147.4300,158.0510,0.000074
TAP_TAPCELL_ROW_54_487,VGND,li1,121.6700,158.0510,0.000065
TAP_TAPCELL_ROW_54_486,VGND,li1,95.9100,158.0510,0.000050
TAP_TAPCELL_ROW_54_485,VGND,li1,70.1500,158.0510,0.000034
TAP_TAPCELL_ROW_54_484,VGND,li1,44.3900,158.0510,0.000018
TAP_TAPCELL_ROW_54_483,VGND,li1,18.6300,158.0510,0.000006
TAP_TAPCELL_ROW_53_482,VGND,li1,160.3100,157.4680,0.000078
TAP_TAPCELL_ROW_53_481,VGND,li1,134.5500,157.4680,0.000071
TAP_TAPCELL_ROW_53_480,VGND,li1,108.7900,157.4680,0.000057
TAP_TAPCELL_ROW_53_479,VGND,li1,83.0300,157.4680,0.000041
TAP_TAPCELL_ROW_53_478,VGND,li1,57.2700,157.4680,0.000026
TAP_TAPCELL_ROW_53_477,VGND,li1,31.5100,157.4680,0.000010
TAP_TAPCELL_ROW_52_476,VGND,li1,173.1900,152.6110,0.000123
TAP_TAPCELL_ROW_52_475,VGND,li1,147.4300,152.6110,0.000116
TAP_TAPCELL_ROW_52_474,VGND,li1,121.6700,152.6110,0.000097
TAP_TAPCELL_ROW_52_473,VGND,li1,95.9100,152.6110,0.000073
TAP_TAPCELL_ROW_52_472,VGND,li1,70.1500,152.6110,0.000050
TAP_TAPCELL_ROW_52_471,VGND,li1,44.3900,152.6110,0.000025
TAP_TAPCELL_ROW_52_470,VGND,li1,18.6300,152.6110,0.000009
TAP_TAPCELL_ROW_51_469,VGND,li1,160.3100,152.0280,0.000120
TAP_TAPCELL_ROW_51_468,VGND,li1,134.5500,152.0280,0.000109
TAP_TAPCELL_ROW_51_467,VGND,li1,108.7900,152.0280,0.000084
TAP_TAPCELL_ROW_51_466,VGND,li1,83.0300,152.0280,0.000061
TAP_TAPCELL_ROW_51_465,VGND,li1,57.2700,152.0280,0.000038
TAP_TAPCELL_ROW_51_464,VGND,li1,31.5100,152.0280,0.000014
TAP_TAPCELL_ROW_50_463,VGND,li1,173.1900,147.1710,0.000084
TAP_TAPCELL_ROW_50_462,VGND,li1,147.4300,147.1710,0.000078
TAP_TAPCELL_ROW_50_461,VGND,li1,121.6700,147.1710,0.000064
TAP_TAPCELL_ROW_50_460,VGND,li1,95.9100,147.1710,0.000049
TAP_TAPCELL_ROW_50_459,VGND,li1,70.1500,147.1710,0.000034
TAP_TAPCELL_ROW_50_458,VGND,li1,44.3900,147.1710,0.000018
TAP_TAPCELL_ROW_50_457,VGND,li1,18.6300,147.1710,0.000006
TAP_TAPCELL_ROW_49_456,VGND,li1,160.3100,146.5880,0.000081
TAP_TAPCELL_ROW_49_455,VGND,li1,134.5500,146.5880,0.000073
TAP_TAPCELL_ROW_49_454,VGND,li1,108.7900,146.5880,0.000057
TAP_TAPCELL_ROW_49_453,VGND,li1,83.0300,146.5880,0.000041
TAP_TAPCELL_ROW_49_452,VGND,li1,57.2700,146.5880,0.000026
TAP_TAPCELL_ROW_49_451,VGND,li1,31.5100,146.5880,0.000010
TAP_TAPCELL_ROW_48_450,VGND,li1,173.1900,141.7310,0.000041
TAP_TAPCELL_ROW_48_449,VGND,li1,147.4300,141.7310,0.000040
TAP_TAPCELL_ROW_48_448,VGND,li1,121.6700,141.7310,0.000033
TAP_TAPCELL_ROW_48_447,VGND,li1,95.9100,141.7310,0.000025
TAP_TAPCELL_ROW_48_446,VGND,li1,70.1500,141.7310,0.000017
TAP_TAPCELL_ROW_48_445,VGND,li1,44.3900,141.7310,0.000009
TAP_TAPCELL_ROW_48_444,VGND,li1,18.6300,141.7310,0.000003
TAP_TAPCELL_ROW_47_443,VGND,li1,160.3100,141.1480,0.000041
TAP_TAPCELL_ROW_47_442,VGND,li1,134.5500,141.1480,0.000037
TAP_TAPCELL_ROW_47_441,VGND,li1,108.7900,141.1480,0.000029
TAP_TAPCELL_ROW_47_440,VGND,li1,83.0300,141.1480,0.000021
TAP_TAPCELL_ROW_47_439,VGND,li1,57.2700,141.1480,0.000013
TAP_TAPCELL_ROW_47_438,VGND,li1,31.5100,141.1480,0.000005
TAP_TAPCELL_ROW_46_437,VGND,li1,173.1900,136.2910,0.000143
TAP_TAPCELL_ROW_46_436,VGND,li1,147.4300,136.2910,0.000136
TAP_TAPCELL_ROW_46_435,VGND,li1,121.6700,136.2910,0.000115
TAP_TAPCELL_ROW_46_434,VGND,li1,95.9100,136.2910,0.000093
TAP_TAPCELL_ROW_46_433,VGND,li1,70.1500,136.2910,0.000070
TAP_TAPCELL_ROW_46_432,VGND,li1,44.3900,136.2910,0.000044
TAP_TAPCELL_ROW_46_431,VGND,li1,18.6300,136.2910,0.000015
TAP_TAPCELL_ROW_45_430,VGND,li1,160.3100,135.7080,0.000140
TAP_TAPCELL_ROW_45_429,VGND,li1,134.5500,135.7080,0.000126
TAP_TAPCELL_ROW_45_428,VGND,li1,108.7900,135.7080,0.000104
TAP_TAPCELL_ROW_45_427,VGND,li1,83.0300,135.7080,0.000082
TAP_TAPCELL_ROW_45_426,VGND,li1,57.2700,135.7080,0.000057
TAP_TAPCELL_ROW_45_425,VGND,li1,31.5100,135.7080,0.000024
TAP_TAPCELL_ROW_44_424,VGND,li1,173.1900,130.8510,0.000035
TAP_TAPCELL_ROW_44_423,VGND,li1,147.4300,130.8510,0.000035
TAP_TAPCELL_ROW_44_422,VGND,li1,121.6700,130.8510,0.000035
TAP_TAPCELL_ROW_44_421,VGND,li1,95.9100,130.8510,0.000034
TAP_TAPCELL_ROW_44_420,VGND,li1,70.1500,130.8510,0.000034
TAP_TAPCELL_ROW_44_419,VGND,li1,44.3900,130.8510,0.000029
TAP_TAPCELL_ROW_44_418,VGND,li1,18.6300,130.8510,0.000018
TAP_TAPCELL_ROW_43_417,VGND,li1,160.3100,130.2680,0.000035
TAP_TAPCELL_ROW_43_416,VGND,li1,134.5500,130.2680,0.000035
TAP_TAPCELL_ROW_43_415,VGND,li1,108.7900,130.2680,0.000034
TAP_TAPCELL_ROW_43_414,VGND,li1,83.0300,130.2680,0.000034
TAP_TAPCELL_ROW_43_413,VGND,li1,57.2700,130.2680,0.000033
TAP_TAPCELL_ROW_43_412,VGND,li1,31.5100,130.2680,0.000022
TAP_TAPCELL_ROW_42_411,VGND,li1,173.1900,125.4110,0.000084
TAP_TAPCELL_ROW_42_410,VGND,li1,147.4300,125.4110,0.000084
TAP_TAPCELL_ROW_42_409,VGND,li1,121.6700,125.4110,0.000084
TAP_TAPCELL_ROW_42_408,VGND,li1,95.9100,125.4110,0.000083
TAP_TAPCELL_ROW_42_407,VGND,li1,70.1500,125.4110,0.000082
TAP_TAPCELL_ROW_42_406,VGND,li1,44.3900,125.4110,0.000063
TAP_TAPCELL_ROW_42_405,VGND,li1,18.6300,125.4110,0.000029
TAP_TAPCELL_ROW_41_404,VGND,li1,160.3100,124.8280,0.000084
TAP_TAPCELL_ROW_41_403,VGND,li1,134.5500,124.8280,0.000084
TAP_TAPCELL_ROW_41_402,VGND,li1,108.7900,124.8280,0.000083
TAP_TAPCELL_ROW_41_401,VGND,li1,83.0300,124.8280,0.000083
TAP_TAPCELL_ROW_41_400,VGND,li1,57.2700,124.8280,0.000077
TAP_TAPCELL_ROW_41_399,VGND,li1,31.5100,124.8280,0.000037
TAP_TAPCELL_ROW_40_398,VGND,li1,173.1900,119.9710,0.000747
TAP_TAPCELL_ROW_40_397,VGND,li1,147.4300,119.9710,0.000740
TAP_TAPCELL_ROW_40_396,VGND,li1,121.6700,119.9710,0.000643
TAP_TAPCELL_ROW_40_395,VGND,li1,95.9100,119.9710,0.000510
TAP_TAPCELL_ROW_40_394,VGND,li1,70.1500,119.9710,0.000377
TAP_TAPCELL_ROW_40_393,VGND,li1,44.3900,119.9710,0.000223
TAP_TAPCELL_ROW_40_392,VGND,li1,18.6300,119.9710,0.000080
TAP_TAPCELL_ROW_39_391,VGND,li1,160.3100,119.3880,0.000744
TAP_TAPCELL_ROW_39_390,VGND,li1,134.5500,119.3880,0.000712
TAP_TAPCELL_ROW_39_389,VGND,li1,108.7900,119.3880,0.000579
TAP_TAPCELL_ROW_39_388,VGND,li1,83.0300,119.3880,0.000438
TAP_TAPCELL_ROW_39_387,VGND,li1,57.2700,119.3880,0.000302
TAP_TAPCELL_ROW_39_386,VGND,li1,31.5100,119.3880,0.000134
TAP_TAPCELL_ROW_38_385,VGND,li1,173.1900,114.5310,0.000458
TAP_TAPCELL_ROW_38_384,VGND,li1,147.4300,114.5310,0.000451
TAP_TAPCELL_ROW_38_383,VGND,li1,121.6700,114.5310,0.000406
TAP_TAPCELL_ROW_38_382,VGND,li1,95.9100,114.5310,0.000327
TAP_TAPCELL_ROW_38_381,VGND,li1,70.1500,114.5310,0.000243
TAP_TAPCELL_ROW_38_380,VGND,li1,44.3900,114.5310,0.000148
TAP_TAPCELL_ROW_38_379,VGND,li1,18.6300,114.5310,0.000058
TAP_TAPCELL_ROW_37_378,VGND,li1,160.3100,113.9480,0.000455
TAP_TAPCELL_ROW_37_377,VGND,li1,134.5500,113.9480,0.000442
TAP_TAPCELL_ROW_37_376,VGND,li1,108.7900,113.9480,0.000368
TAP_TAPCELL_ROW_37_375,VGND,li1,83.0300,113.9480,0.000283
TAP_TAPCELL_ROW_37_374,VGND,li1,57.2700,113.9480,0.000199
TAP_TAPCELL_ROW_37_373,VGND,li1,31.5100,113.9480,0.000081
TAP_TAPCELL_ROW_36_372,VGND,li1,173.1900,109.0910,0.000207
TAP_TAPCELL_ROW_36_371,VGND,li1,147.4300,109.0910,0.000207
TAP_TAPCELL_ROW_36_370,VGND,li1,121.6700,109.0910,0.000189
TAP_TAPCELL_ROW_36_369,VGND,li1,95.9100,109.0910,0.000164
TAP_TAPCELL_ROW_36_368,VGND,li1,70.1500,109.0910,0.000137
TAP_TAPCELL_ROW_36_367,VGND,li1,44.3900,109.0910,0.000093
TAP_TAPCELL_ROW_36_366,VGND,li1,18.6300,109.0910,0.000038
TAP_TAPCELL_ROW_35_365,VGND,li1,160.3100,108.5080,0.000207
TAP_TAPCELL_ROW_35_364,VGND,li1,134.5500,108.5080,0.000202
TAP_TAPCELL_ROW_35_363,VGND,li1,108.7900,108.5080,0.000177
TAP_TAPCELL_ROW_35_362,VGND,li1,83.0300,108.5080,0.000152
TAP_TAPCELL_ROW_35_361,VGND,li1,57.2700,108.5080,0.000122
TAP_TAPCELL_ROW_35_360,VGND,li1,31.5100,108.5080,0.000056
TAP_TAPCELL_ROW_34_359,VGND,li1,173.1900,103.6510,0.000642
TAP_TAPCELL_ROW_34_358,VGND,li1,147.4300,103.6510,0.000640
TAP_TAPCELL_ROW_34_357,VGND,li1,121.6700,103.6510,0.000570
TAP_TAPCELL_ROW_34_356,VGND,li1,95.9100,103.6510,0.000478
TAP_TAPCELL_ROW_34_355,VGND,li1,70.1500,103.6510,0.000383
TAP_TAPCELL_ROW_34_354,VGND,li1,44.3900,103.6510,0.000266
TAP_TAPCELL_ROW_34_353,VGND,li1,18.6300,103.6510,0.000107
TAP_TAPCELL_ROW_33_352,VGND,li1,160.3100,103.0680,0.000642
TAP_TAPCELL_ROW_33_351,VGND,li1,134.5500,103.0680,0.000613
TAP_TAPCELL_ROW_33_350,VGND,li1,108.7900,103.0680,0.000524
TAP_TAPCELL_ROW_33_349,VGND,li1,83.0300,103.0680,0.000432
TAP_TAPCELL_ROW_33_348,VGND,li1,57.2700,103.0680,0.000338
TAP_TAPCELL_ROW_33_347,VGND,li1,31.5100,103.0680,0.000150
TAP_TAPCELL_ROW_32_346,VGND,li1,173.1900,98.2110,0.000258
TAP_TAPCELL_ROW_32_345,VGND,li1,147.4300,98.2110,0.000255
TAP_TAPCELL_ROW_32_344,VGND,li1,121.6700,98.2110,0.000241
TAP_TAPCELL_ROW_32_343,VGND,li1,95.9100,98.2110,0.000218
TAP_TAPCELL_ROW_32_342,VGND,li1,70.1500,98.2110,0.000194
TAP_TAPCELL_ROW_32_341,VGND,li1,44.3900,98.2110,0.000153
TAP_TAPCELL_ROW_32_340,VGND,li1,18.6300,98.2110,0.000068
TAP_TAPCELL_ROW_31_339,VGND,li1,160.3100,97.6280,0.000258
TAP_TAPCELL_ROW_31_338,VGND,li1,134.5500,97.6280,0.000248
TAP_TAPCELL_ROW_31_337,VGND,li1,108.7900,97.6280,0.000229
TAP_TAPCELL_ROW_31_336,VGND,li1,83.0300,97.6280,0.000207
TAP_TAPCELL_ROW_31_335,VGND,li1,57.2700,97.6280,0.000179
TAP_TAPCELL_ROW_31_334,VGND,li1,31.5100,97.6280,0.000099
TAP_TAPCELL_ROW_30_333,VGND,li1,173.1900,92.7710,0.000515
TAP_TAPCELL_ROW_30_332,VGND,li1,147.4300,92.7710,0.000514
TAP_TAPCELL_ROW_30_331,VGND,li1,121.6700,92.7710,0.000504
TAP_TAPCELL_ROW_30_330,VGND,li1,95.9100,92.7710,0.000480
TAP_TAPCELL_ROW_30_329,VGND,li1,70.1500,92.7710,0.000369
TAP_TAPCELL_ROW_30_328,VGND,li1,44.3900,92.7710,0.000232
TAP_TAPCELL_ROW_30_327,VGND,li1,18.6300,92.7710,0.000097
TAP_TAPCELL_ROW_29_326,VGND,li1,160.3100,92.1880,0.000515
TAP_TAPCELL_ROW_29_325,VGND,li1,134.5500,92.1880,0.000510
TAP_TAPCELL_ROW_29_324,VGND,li1,108.7900,92.1880,0.000492
TAP_TAPCELL_ROW_29_323,VGND,li1,83.0300,92.1880,0.000438
TAP_TAPCELL_ROW_29_322,VGND,li1,57.2700,92.1880,0.000306
TAP_TAPCELL_ROW_29_321,VGND,li1,31.5100,92.1880,0.000151
TAP_TAPCELL_ROW_28_320,VGND,li1,173.1900,87.3310,0.000202
TAP_TAPCELL_ROW_28_319,VGND,li1,147.4300,87.3310,0.000201
TAP_TAPCELL_ROW_28_318,VGND,li1,121.6700,87.3310,0.000183
TAP_TAPCELL_ROW_28_317,VGND,li1,95.9100,87.3310,0.000151
TAP_TAPCELL_ROW_28_316,VGND,li1,70.1500,87.3310,0.000121
TAP_TAPCELL_ROW_28_315,VGND,li1,44.3900,87.3310,0.000086
TAP_TAPCELL_ROW_28_314,VGND,li1,18.6300,87.3310,0.000044
TAP_TAPCELL_ROW_27_313,VGND,li1,160.3100,86.7480,0.000202
TAP_TAPCELL_ROW_27_312,VGND,li1,134.5500,86.7480,0.000195
TAP_TAPCELL_ROW_27_311,VGND,li1,108.7900,86.7480,0.000167
TAP_TAPCELL_ROW_27_310,VGND,li1,83.0300,86.7480,0.000138
TAP_TAPCELL_ROW_27_309,VGND,li1,57.2700,86.7480,0.000105
TAP_TAPCELL_ROW_27_308,VGND,li1,31.5100,86.7480,0.000058
TAP_TAPCELL_ROW_26_307,VGND,li1,173.1900,81.8910,0.000138
TAP_TAPCELL_ROW_26_306,VGND,li1,147.4300,81.8910,0.000138
TAP_TAPCELL_ROW_26_305,VGND,li1,121.6700,81.8910,0.000137
TAP_TAPCELL_ROW_26_304,VGND,li1,95.9100,81.8910,0.000123
TAP_TAPCELL_ROW_26_303,VGND,li1,70.1500,81.8910,0.000106
TAP_TAPCELL_ROW_26_302,VGND,li1,44.3900,81.8910,0.000074
TAP_TAPCELL_ROW_26_301,VGND,li1,18.6300,81.8910,0.000035
TAP_TAPCELL_ROW_25_300,VGND,li1,160.3100,81.3080,0.000138
TAP_TAPCELL_ROW_25_299,VGND,li1,134.5500,81.3080,0.000138
TAP_TAPCELL_ROW_25_298,VGND,li1,108.7900,81.3080,0.000130
TAP_TAPCELL_ROW_25_297,VGND,li1,83.0300,81.3080,0.000115
TAP_TAPCELL_ROW_25_296,VGND,li1,57.2700,81.3080,0.000094
TAP_TAPCELL_ROW_25_295,VGND,li1,31.5100,81.3080,0.000049
TAP_TAPCELL_ROW_24_294,VGND,li1,173.1900,76.4510,0.000191
TAP_TAPCELL_ROW_24_293,VGND,li1,147.4300,76.4510,0.000191
TAP_TAPCELL_ROW_24_292,VGND,li1,121.6700,76.4510,0.000181
TAP_TAPCELL_ROW_24_291,VGND,li1,95.9100,76.4510,0.000157
TAP_TAPCELL_ROW_24_290,VGND,li1,70.1500,76.4510,0.000135
TAP_TAPCELL_ROW_24_289,VGND,li1,44.3900,76.4510,0.000092
TAP_TAPCELL_ROW_24_288,VGND,li1,18.6300,76.4510,0.000049
TAP_TAPCELL_ROW_23_287,VGND,li1,160.3100,75.8680,0.000191
TAP_TAPCELL_ROW_23_286,VGND,li1,134.5500,75.8680,0.000190
TAP_TAPCELL_ROW_23_285,VGND,li1,108.7900,75.8680,0.000170
TAP_TAPCELL_ROW_23_284,VGND,li1,83.0300,75.8680,0.000147
TAP_TAPCELL_ROW_23_283,VGND,li1,57.2700,75.8680,0.000120
TAP_TAPCELL_ROW_23_282,VGND,li1,31.5100,75.8680,0.000061
TAP_TAPCELL_ROW_22_281,VGND,li1,173.1900,71.0110,0.000270
TAP_TAPCELL_ROW_22_280,VGND,li1,147.4300,71.0110,0.000270
TAP_TAPCELL_ROW_22_279,VGND,li1,121.6700,71.0110,0.000264
TAP_TAPCELL_ROW_22_278,VGND,li1,95.9100,71.0110,0.000232
TAP_TAPCELL_ROW_22_277,VGND,li1,70.1500,71.0110,0.000185
TAP_TAPCELL_ROW_22_276,VGND,li1,44.3900,71.0110,0.000116
TAP_TAPCELL_ROW_22_275,VGND,li1,18.6300,71.0110,0.000055
TAP_TAPCELL_ROW_21_274,VGND,li1,160.3100,70.4280,0.000270
TAP_TAPCELL_ROW_21_273,VGND,li1,134.5500,70.4280,0.000269
TAP_TAPCELL_ROW_21_272,VGND,li1,108.7900,70.4280,0.000251
TAP_TAPCELL_ROW_21_271,VGND,li1,83.0300,70.4280,0.000208
TAP_TAPCELL_ROW_21_270,VGND,li1,57.2700,70.4280,0.000156
TAP_TAPCELL_ROW_21_269,VGND,li1,31.5100,70.4280,0.000075
TAP_TAPCELL_ROW_20_268,VGND,li1,173.1900,65.5710,0.000692
TAP_TAPCELL_ROW_20_267,VGND,li1,147.4300,65.5710,0.000692
TAP_TAPCELL_ROW_20_266,VGND,li1,121.6700,65.5710,0.000691
TAP_TAPCELL_ROW_20_265,VGND,li1,95.9100,65.5710,0.000630
TAP_TAPCELL_ROW_20_264,VGND,li1,70.1500,65.5710,0.000460
TAP_TAPCELL_ROW_20_263,VGND,li1,44.3900,65.5710,0.000253
TAP_TAPCELL_ROW_20_262,VGND,li1,18.6300,65.5710,0.000092
TAP_TAPCELL_ROW_19_261,VGND,li1,160.3100,64.9880,0.000692
TAP_TAPCELL_ROW_19_260,VGND,li1,134.5500,64.9880,0.000692
TAP_TAPCELL_ROW_19_259,VGND,li1,108.7900,64.9880,0.000667
TAP_TAPCELL_ROW_19_258,VGND,li1,83.0300,64.9880,0.000540
TAP_TAPCELL_ROW_19_257,VGND,li1,57.2700,64.9880,0.000361
TAP_TAPCELL_ROW_19_256,VGND,li1,31.5100,64.9880,0.000150
TAP_TAPCELL_ROW_18_255,VGND,li1,173.1900,60.1310,0.000381
TAP_TAPCELL_ROW_18_254,VGND,li1,147.4300,60.1310,0.000381
TAP_TAPCELL_ROW_18_253,VGND,li1,121.6700,60.1310,0.000381
TAP_TAPCELL_ROW_18_252,VGND,li1,95.9100,60.1310,0.000374
TAP_TAPCELL_ROW_18_251,VGND,li1,70.1500,60.1310,0.000346
TAP_TAPCELL_ROW_18_250,VGND,li1,44.3900,60.1310,0.000252
TAP_TAPCELL_ROW_18_249,VGND,li1,18.6300,60.1310,0.000098
TAP_TAPCELL_ROW_17_248,VGND,li1,160.3100,59.5480,0.000381
TAP_TAPCELL_ROW_17_247,VGND,li1,134.5500,59.5480,0.000381
TAP_TAPCELL_ROW_17_246,VGND,li1,108.7900,59.5480,0.000379
TAP_TAPCELL_ROW_17_245,VGND,li1,83.0300,59.5480,0.000362
TAP_TAPCELL_ROW_17_244,VGND,li1,57.2700,59.5480,0.000301
TAP_TAPCELL_ROW_17_243,VGND,li1,31.5100,59.5480,0.000157
TAP_TAPCELL_ROW_16_242,VGND,li1,173.1900,54.6910,0.000489
TAP_TAPCELL_ROW_16_241,VGND,li1,147.4300,54.6910,0.000489
TAP_TAPCELL_ROW_16_240,VGND,li1,121.6700,54.6910,0.000489
TAP_TAPCELL_ROW_16_239,VGND,li1,95.9100,54.6910,0.000442
TAP_TAPCELL_ROW_16_238,VGND,li1,70.1500,54.6910,0.000364
TAP_TAPCELL_ROW_16_237,VGND,li1,44.3900,54.6910,0.000203
TAP_TAPCELL_ROW_16_236,VGND,li1,18.6300,54.6910,0.000075
TAP_TAPCELL_ROW_15_235,VGND,li1,160.3100,54.1080,0.000489
TAP_TAPCELL_ROW_15_234,VGND,li1,134.5500,54.1080,0.000489
TAP_TAPCELL_ROW_15_233,VGND,li1,108.7900,54.1080,0.000473
TAP_TAPCELL_ROW_15_232,VGND,li1,83.0300,54.1080,0.000402
TAP_TAPCELL_ROW_15_231,VGND,li1,57.2700,54.1080,0.000296
TAP_TAPCELL_ROW_15_230,VGND,li1,31.5100,54.1080,0.000113
TAP_TAPCELL_ROW_14_229,VGND,li1,173.1900,49.2510,0.000094
TAP_TAPCELL_ROW_14_228,VGND,li1,147.4300,49.2510,0.000094
TAP_TAPCELL_ROW_14_227,VGND,li1,121.6700,49.2510,0.000094
TAP_TAPCELL_ROW_14_226,VGND,li1,95.9100,49.2510,0.000086
TAP_TAPCELL_ROW_14_225,VGND,li1,70.1500,49.2510,0.000069
TAP_TAPCELL_ROW_14_224,VGND,li1,44.3900,49.2510,0.000042
TAP_TAPCELL_ROW_14_223,VGND,li1,18.6300,49.2510,0.000022
TAP_TAPCELL_ROW_13_222,VGND,li1,160.3100,48.6680,0.000094
TAP_TAPCELL_ROW_13_221,VGND,li1,134.5500,48.6680,0.000094
TAP_TAPCELL_ROW_13_220,VGND,li1,108.7900,48.6680,0.000091
TAP_TAPCELL_ROW_13_219,VGND,li1,83.0300,48.6680,0.000078
TAP_TAPCELL_ROW_13_218,VGND,li1,57.2700,48.6680,0.000057
TAP_TAPCELL_ROW_13_217,VGND,li1,31.5100,48.6680,0.000028
TAP_TAPCELL_ROW_12_216,VGND,li1,173.1900,43.8110,0.000154
TAP_TAPCELL_ROW_12_215,VGND,li1,147.4300,43.8110,0.000154
TAP_TAPCELL_ROW_12_214,VGND,li1,121.6700,43.8110,0.000154
TAP_TAPCELL_ROW_12_213,VGND,li1,95.9100,43.8110,0.000145
TAP_TAPCELL_ROW_12_212,VGND,li1,70.1500,43.8110,0.000119
TAP_TAPCELL_ROW_12_211,VGND,li1,44.3900,43.8110,0.000079
TAP_TAPCELL_ROW_12_210,VGND,li1,18.6300,43.8110,0.000039
TAP_TAPCELL_ROW_11_209,VGND,li1,160.3100,43.2280,0.000154
TAP_TAPCELL_ROW_11_208,VGND,li1,134.5500,43.2280,0.000154
TAP_TAPCELL_ROW_11_207,VGND,li1,108.7900,43.2280,0.000152
TAP_TAPCELL_ROW_11_206,VGND,li1,83.0300,43.2280,0.000135
TAP_TAPCELL_ROW_11_205,VGND,li1,57.2700,43.2280,0.000099
TAP_TAPCELL_ROW_11_204,VGND,li1,31.5100,43.2280,0.000051
TAP_TAPCELL_ROW_10_203,VGND,li1,173.1900,38.3710,0.000157
TAP_TAPCELL_ROW_10_202,VGND,li1,147.4300,38.3710,0.000157
TAP_TAPCELL_ROW_10_201,VGND,li1,121.6700,38.3710,0.000157
TAP_TAPCELL_ROW_10_200,VGND,li1,95.9100,38.3710,0.000148
TAP_TAPCELL_ROW_10_199,VGND,li1,70.1500,38.3710,0.000120
TAP_TAPCELL_ROW_10_198,VGND,li1,44.3900,38.3710,0.000074
TAP_TAPCELL_ROW_10_197,VGND,li1,18.6300,38.3710,0.000039
TAP_TAPCELL_ROW_9_196,VGND,li1,160.3100,37.7880,0.000157
TAP_TAPCELL_ROW_9_195,VGND,li1,134.5500,37.7880,0.000157
TAP_TAPCELL_ROW_9_194,VGND,li1,108.7900,37.7880,0.000155
TAP_TAPCELL_ROW_9_193,VGND,li1,83.0300,37.7880,0.000137
TAP_TAPCELL_ROW_9_192,VGND,li1,57.2700,37.7880,0.000100
TAP_TAPCELL_ROW_9_191,VGND,li1,31.5100,37.7880,0.000048
TAP_TAPCELL_ROW_8_190,VGND,li1,173.1900,32.9310,0.000099
TAP_TAPCELL_ROW_8_189,VGND,li1,147.4300,32.9310,0.000099
TAP_TAPCELL_ROW_8_188,VGND,li1,121.6700,32.9310,0.000099
TAP_TAPCELL_ROW_8_187,VGND,li1,95.9100,32.9310,0.000099
TAP_TAPCELL_ROW_8_186,VGND,li1,70.1500,32.9310,0.000091
TAP_TAPCELL_ROW_8_185,VGND,li1,44.3900,32.9310,0.000064
TAP_TAPCELL_ROW_8_184,VGND,li1,18.6300,32.9310,0.000028
TAP_TAPCELL_ROW_7_183,VGND,li1,160.3100,32.3480,0.000099
TAP_TAPCELL_ROW_7_182,VGND,li1,134.5500,32.3480,0.000099
TAP_TAPCELL_ROW_7_181,VGND,li1,108.7900,32.3480,0.000099
TAP_TAPCELL_ROW_7_180,VGND,li1,83.0300,32.3480,0.000098
TAP_TAPCELL_ROW_7_179,VGND,li1,57.2700,32.3480,0.000080
TAP_TAPCELL_ROW_7_178,VGND,li1,31.5100,32.3480,0.000039
TAP_TAPCELL_ROW_6_177,VGND,li1,173.1900,27.4910,0.000166
TAP_TAPCELL_ROW_6_176,VGND,li1,147.4300,27.4910,0.000166
TAP_TAPCELL_ROW_6_175,VGND,li1,121.6700,27.4910,0.000166
TAP_TAPCELL_ROW_6_174,VGND,li1,95.9100,27.4910,0.000145
TAP_TAPCELL_ROW_6_173,VGND,li1,70.1500,27.4910,0.000109
TAP_TAPCELL_ROW_6_172,VGND,li1,44.3900,27.4910,0.000070
TAP_TAPCELL_ROW_6_171,VGND,li1,18.6300,27.4910,0.000035
TAP_TAPCELL_ROW_5_170,VGND,li1,160.3100,26.9080,0.000166
TAP_TAPCELL_ROW_5_169,VGND,li1,134.5500,26.9080,0.000166
TAP_TAPCELL_ROW_5_168,VGND,li1,108.7900,26.9080,0.000156
TAP_TAPCELL_ROW_5_167,VGND,li1,83.0300,26.9080,0.000126
TAP_TAPCELL_ROW_5_166,VGND,li1,57.2700,26.9080,0.000089
TAP_TAPCELL_ROW_5_165,VGND,li1,31.5100,26.9080,0.000044
TAP_TAPCELL_ROW_4_164,VGND,li1,173.1900,22.0510,0.000011
TAP_TAPCELL_ROW_4_163,VGND,li1,147.4300,22.0510,0.000011
TAP_TAPCELL_ROW_4_162,VGND,li1,121.6700,22.0510,0.000011
TAP_TAPCELL_ROW_4_161,VGND,li1,95.9100,22.0510,0.000011
TAP_TAPCELL_ROW_4_160,VGND,li1,70.1500,22.0510,0.000011
TAP_TAPCELL_ROW_4_159,VGND,li1,44.3900,22.0510,0.000011
TAP_TAPCELL_ROW_4_158,VGND,li1,18.6300,22.0510,0.000013
TAP_TAPCELL_ROW_3_157,VGND,li1,160.3100,21.4680,0.000011
TAP_TAPCELL_ROW_3_156,VGND,li1,134.5500,21.4680,0.000011
TAP_TAPCELL_ROW_3_155,VGND,li1,108.7900,21.4680,0.000011
TAP_TAPCELL_ROW_3_154,VGND,li1,83.0300,21.4680,0.000011
TAP_TAPCELL_ROW_3_153,VGND,li1,57.2700,21.4680,0.000011
TAP_TAPCELL_ROW_3_152,VGND,li1,31.5100,21.4680,0.000011
TAP_TAPCELL_ROW_2_151,VGND,li1,173.1900,16.6110,0.000282
TAP_TAPCELL_ROW_2_150,VGND,li1,147.4300,16.6110,0.000263
TAP_TAPCELL_ROW_2_149,VGND,li1,121.6700,16.6110,0.000240
TAP_TAPCELL_ROW_2_148,VGND,li1,95.9100,16.6110,0.000201
TAP_TAPCELL_ROW_2_147,VGND,li1,70.1500,16.6110,0.000155
TAP_TAPCELL_ROW_2_146,VGND,li1,44.3900,16.6110,0.000100
TAP_TAPCELL_ROW_2_145,VGND,li1,18.6300,16.6110,0.000041
TAP_TAPCELL_ROW_1_144,VGND,li1,160.3100,16.0280,0.000276
TAP_TAPCELL_ROW_1_143,VGND,li1,134.5500,16.0280,0.000252
TAP_TAPCELL_ROW_1_142,VGND,li1,108.7900,16.0280,0.000223
TAP_TAPCELL_ROW_1_141,VGND,li1,83.0300,16.0280,0.000177
TAP_TAPCELL_ROW_1_140,VGND,li1,57.2700,16.0280,0.000129
TAP_TAPCELL_ROW_1_139,VGND,li1,31.5100,16.0280,0.000059
TAP_TAPCELL_ROW_0_138,VGND,li1,173.1900,11.1710,0.000036
TAP_TAPCELL_ROW_0_137,VGND,li1,160.3100,11.1710,0.000036
TAP_TAPCELL_ROW_0_136,VGND,li1,147.4300,11.1710,0.000036
TAP_TAPCELL_ROW_0_135,VGND,li1,134.5500,11.1710,0.000036
TAP_TAPCELL_ROW_0_134,VGND,li1,121.6700,11.1710,0.000036
TAP_TAPCELL_ROW_0_133,VGND,li1,108.7900,11.1710,0.000036
TAP_TAPCELL_ROW_0_132,VGND,li1,95.9100,11.1710,0.000036
TAP_TAPCELL_ROW_0_131,VGND,li1,83.0300,11.1710,0.000036
TAP_TAPCELL_ROW_0_130,VGND,li1,70.1500,11.1710,0.000033
TAP_TAPCELL_ROW_0_129,VGND,li1,57.2700,11.1710,0.000029
TAP_TAPCELL_ROW_0_128,VGND,li1,44.3900,11.1710,0.000022
TAP_TAPCELL_ROW_0_127,VGND,li1,31.5100,11.1710,0.000013
TAP_TAPCELL_ROW_0_126,VGND,li1,18.6300,11.1710,0.000009
PHY_EDGE_ROW_62_Left_125,VGND,li1,6.2100,179.5200,0.000000
PHY_EDGE_ROW_61_Left_124,VGND,li1,6.2100,179.5200,0.000000
PHY_EDGE_ROW_60_Left_123,VGND,li1,6.2100,174.0800,0.000000
PHY_EDGE_ROW_59_Left_122,VGND,li1,6.2100,174.0800,0.000000
PHY_EDGE_ROW_58_Left_121,VGND,li1,6.2100,168.6400,0.000000
PHY_EDGE_ROW_57_Left_120,VGND,li1,6.2100,168.6400,0.000000
PHY_EDGE_ROW_56_Left_119,VGND,li1,6.2100,163.2000,0.000006
PHY_EDGE_ROW_55_Left_118,VGND,li1,6.2100,163.2000,0.000006
PHY_EDGE_ROW_54_Left_117,VGND,li1,6.2100,157.7600,0.000006
PHY_EDGE_ROW_53_Left_116,VGND,li1,6.2100,157.7600,0.000006
PHY_EDGE_ROW_52_Left_115,VGND,li1,6.2100,152.3200,0.000009
PHY_EDGE_ROW_51_Left_114,VGND,li1,6.2100,152.3200,0.000009
PHY_EDGE_ROW_50_Left_113,VGND,li1,6.2100,146.8800,0.000006
PHY_EDGE_ROW_49_Left_112,VGND,li1,6.2100,146.8800,0.000006
PHY_EDGE_ROW_48_Left_111,VGND,li1,6.2100,141.4400,0.000003
PHY_EDGE_ROW_47_Left_110,VGND,li1,6.2100,141.4400,0.000003
PHY_EDGE_ROW_46_Left_109,VGND,li1,6.2100,136.0000,0.000015
PHY_EDGE_ROW_45_Left_108,VGND,li1,6.2100,136.0000,0.000015
PHY_EDGE_ROW_44_Left_107,VGND,li1,6.2100,130.5600,0.000019
PHY_EDGE_ROW_43_Left_106,VGND,li1,6.2100,130.5600,0.000019
PHY_EDGE_ROW_42_Left_105,VGND,li1,6.2100,125.1200,0.000032
PHY_EDGE_ROW_41_Left_104,VGND,li1,6.2100,125.1200,0.000032
PHY_EDGE_ROW_40_Left_103,VGND,li1,6.2100,119.6800,0.000082
PHY_EDGE_ROW_39_Left_102,VGND,li1,6.2100,119.6800,0.000082
PHY_EDGE_ROW_38_Left_101,VGND,li1,6.2100,114.2400,0.000059
PHY_EDGE_ROW_37_Left_100,VGND,li1,6.2100,114.2400,0.000059
PHY_EDGE_ROW_36_Left_99,VGND,li1,6.2100,108.8000,0.000038
PHY_EDGE_ROW_35_Left_98,VGND,li1,6.2100,108.8000,0.000038
PHY_EDGE_ROW_34_Left_97,VGND,li1,6.2100,103.3600,0.000109
PHY_EDGE_ROW_33_Left_96,VGND,li1,6.2100,103.3600,0.000109
PHY_EDGE_ROW_32_Left_95,VGND,li1,6.2100,97.9200,0.000072
PHY_EDGE_ROW_31_Left_94,VGND,li1,6.2100,97.9200,0.000072
PHY_EDGE_ROW_30_Left_93,VGND,li1,6.2100,92.4800,0.000101
PHY_EDGE_ROW_29_Left_92,VGND,li1,6.2100,92.4800,0.000101
PHY_EDGE_ROW_28_Left_91,VGND,li1,6.2100,87.0400,0.000050
PHY_EDGE_ROW_27_Left_90,VGND,li1,6.2100,87.0400,0.000050
PHY_EDGE_ROW_26_Left_89,VGND,li1,6.2100,81.6000,0.000036
PHY_EDGE_ROW_25_Left_88,VGND,li1,6.2100,81.6000,0.000036
PHY_EDGE_ROW_24_Left_87,VGND,li1,6.2100,76.1600,0.000053
PHY_EDGE_ROW_23_Left_86,VGND,li1,6.2100,76.1600,0.000053
PHY_EDGE_ROW_22_Left_85,VGND,li1,6.2100,70.7200,0.000060
PHY_EDGE_ROW_21_Left_84,VGND,li1,6.2100,70.7200,0.000060
PHY_EDGE_ROW_20_Left_83,VGND,li1,6.2100,65.2800,0.000093
PHY_EDGE_ROW_19_Left_82,VGND,li1,6.2100,65.2800,0.000093
PHY_EDGE_ROW_18_Left_81,VGND,li1,6.2100,59.8400,0.000100
PHY_EDGE_ROW_17_Left_80,VGND,li1,6.2100,59.8400,0.000100
PHY_EDGE_ROW_16_Left_79,VGND,li1,6.2100,54.4000,0.000075
PHY_EDGE_ROW_15_Left_78,VGND,li1,6.2100,54.4000,0.000075
PHY_EDGE_ROW_14_Left_77,VGND,li1,6.2100,48.9600,0.000024
PHY_EDGE_ROW_13_Left_76,VGND,li1,6.2100,48.9600,0.000024
PHY_EDGE_ROW_12_Left_75,VGND,li1,6.2100,43.5200,0.000041
PHY_EDGE_ROW_11_Left_74,VGND,li1,6.2100,43.5200,0.000041
PHY_EDGE_ROW_10_Left_73,VGND,li1,6.2100,38.0800,0.000043
PHY_EDGE_ROW_9_Left_72,VGND,li1,6.2100,38.0800,0.000043
PHY_EDGE_ROW_8_Left_71,VGND,li1,6.2100,32.6400,0.000029
PHY_EDGE_ROW_7_Left_70,VGND,li1,6.2100,32.6400,0.000029
PHY_EDGE_ROW_6_Left_69,VGND,li1,6.2100,27.2000,0.000040
PHY_EDGE_ROW_5_Left_68,VGND,li1,6.2100,27.2000,0.000040
PHY_EDGE_ROW_4_Left_67,VGND,li1,6.2100,21.7600,0.000015
PHY_EDGE_ROW_3_Left_66,VGND,li1,6.2100,21.7600,0.000015
PHY_EDGE_ROW_2_Left_65,VGND,li1,6.2100,16.3200,0.000043
PHY_EDGE_ROW_1_Left_64,VGND,li1,6.2100,16.3200,0.000043
PHY_EDGE_ROW_0_Left_63,VGND,li1,6.2100,10.8800,0.000009
PHY_EDGE_ROW_62_Right_62,VGND,li1,176.4100,179.5200,0.000000
PHY_EDGE_ROW_61_Right_61,VGND,li1,176.4100,179.5200,0.000000
PHY_EDGE_ROW_60_Right_60,VGND,li1,176.4100,174.0800,0.000000
PHY_EDGE_ROW_59_Right_59,VGND,li1,176.4100,174.0800,0.000000
PHY_EDGE_ROW_58_Right_58,VGND,li1,176.4100,168.6400,0.000000
PHY_EDGE_ROW_57_Right_57,VGND,li1,176.4100,168.6400,0.000000
PHY_EDGE_ROW_56_Right_56,VGND,li1,176.4100,163.2000,0.000068
PHY_EDGE_ROW_55_Right_55,VGND,li1,176.4100,163.2000,0.000068
PHY_EDGE_ROW_54_Right_54,VGND,li1,176.4100,157.7600,0.000081
PHY_EDGE_ROW_53_Right_53,VGND,li1,176.4100,157.7600,0.000081
PHY_EDGE_ROW_52_Right_52,VGND,li1,176.4100,152.3200,0.000123
PHY_EDGE_ROW_51_Right_51,VGND,li1,176.4100,152.3200,0.000123
PHY_EDGE_ROW_50_Right_50,VGND,li1,176.4100,146.8800,0.000084
PHY_EDGE_ROW_49_Right_49,VGND,li1,176.4100,146.8800,0.000084
PHY_EDGE_ROW_48_Right_48,VGND,li1,176.4100,141.4400,0.000041
PHY_EDGE_ROW_47_Right_47,VGND,li1,176.4100,141.4400,0.000041
PHY_EDGE_ROW_46_Right_46,VGND,li1,176.4100,136.0000,0.000144
PHY_EDGE_ROW_45_Right_45,VGND,li1,176.4100,136.0000,0.000144
PHY_EDGE_ROW_44_Right_44,VGND,li1,176.4100,130.5600,0.000035
PHY_EDGE_ROW_43_Right_43,VGND,li1,176.4100,130.5600,0.000035
PHY_EDGE_ROW_42_Right_42,VGND,li1,176.4100,125.1200,0.000084
PHY_EDGE_ROW_41_Right_41,VGND,li1,176.4100,125.1200,0.000084
PHY_EDGE_ROW_40_Right_40,VGND,li1,176.4100,119.6800,0.000747
PHY_EDGE_ROW_39_Right_39,VGND,li1,176.4100,119.6800,0.000747
PHY_EDGE_ROW_38_Right_38,VGND,li1,176.4100,114.2400,0.000458
PHY_EDGE_ROW_37_Right_37,VGND,li1,176.4100,114.2400,0.000458
PHY_EDGE_ROW_36_Right_36,VGND,li1,176.4100,108.8000,0.000207
PHY_EDGE_ROW_35_Right_35,VGND,li1,176.4100,108.8000,0.000207
PHY_EDGE_ROW_34_Right_34,VGND,li1,176.4100,103.3600,0.000642
PHY_EDGE_ROW_33_Right_33,VGND,li1,176.4100,103.3600,0.000642
PHY_EDGE_ROW_32_Right_32,VGND,li1,176.4100,97.9200,0.000258
PHY_EDGE_ROW_31_Right_31,VGND,li1,176.4100,97.9200,0.000258
PHY_EDGE_ROW_30_Right_30,VGND,li1,176.4100,92.4800,0.000515
PHY_EDGE_ROW_29_Right_29,VGND,li1,176.4100,92.4800,0.000515
PHY_EDGE_ROW_28_Right_28,VGND,li1,176.4100,87.0400,0.000202
PHY_EDGE_ROW_27_Right_27,VGND,li1,176.4100,87.0400,0.000202
PHY_EDGE_ROW_26_Right_26,VGND,li1,176.4100,81.6000,0.000138
PHY_EDGE_ROW_25_Right_25,VGND,li1,176.4100,81.6000,0.000138
PHY_EDGE_ROW_24_Right_24,VGND,li1,176.4100,76.1600,0.000191
PHY_EDGE_ROW_23_Right_23,VGND,li1,176.4100,76.1600,0.000191
PHY_EDGE_ROW_22_Right_22,VGND,li1,176.4100,70.7200,0.000270
PHY_EDGE_ROW_21_Right_21,VGND,li1,176.4100,70.7200,0.000270
PHY_EDGE_ROW_20_Right_20,VGND,li1,176.4100,65.2800,0.000692
PHY_EDGE_ROW_19_Right_19,VGND,li1,176.4100,65.2800,0.000692
PHY_EDGE_ROW_18_Right_18,VGND,li1,176.4100,59.8400,0.000381
PHY_EDGE_ROW_17_Right_17,VGND,li1,176.4100,59.8400,0.000381
PHY_EDGE_ROW_16_Right_16,VGND,li1,176.4100,54.4000,0.000489
PHY_EDGE_ROW_15_Right_15,VGND,li1,176.4100,54.4000,0.000489
PHY_EDGE_ROW_14_Right_14,VGND,li1,176.4100,48.9600,0.000094
PHY_EDGE_ROW_13_Right_13,VGND,li1,176.4100,48.9600,0.000094
PHY_EDGE_ROW_12_Right_12,VGND,li1,176.4100,43.5200,0.000154
PHY_EDGE_ROW_11_Right_11,VGND,li1,176.4100,43.5200,0.000154
PHY_EDGE_ROW_10_Right_10,VGND,li1,176.4100,38.0800,0.000157
PHY_EDGE_ROW_9_Right_9,VGND,li1,176.4100,38.0800,0.000157
PHY_EDGE_ROW_8_Right_8,VGND,li1,176.4100,32.6400,0.000099
PHY_EDGE_ROW_7_Right_7,VGND,li1,176.4100,32.6400,0.000099
PHY_EDGE_ROW_6_Right_6,VGND,li1,176.4100,27.2000,0.000166
PHY_EDGE_ROW_5_Right_5,VGND,li1,176.4100,27.2000,0.000166
PHY_EDGE_ROW_4_Right_4,VGND,li1,176.4100,21.7600,0.000011
PHY_EDGE_ROW_3_Right_3,VGND,li1,176.4100,21.7600,0.000011
PHY_EDGE_ROW_2_Right_2,VGND,li1,176.4100,16.3200,0.000282
PHY_EDGE_ROW_1_Right_1,VGND,li1,176.4100,16.3200,0.000282
PHY_EDGE_ROW_0_Right_0,VGND,li1,176.4100,10.8800,0.000036
_3173_,VGND,li1,53.3600,27.2000,0.000085
_3172_,VGND,li1,50.6000,43.5200,0.000090
_3171_,VGND,li1,52.4400,59.8400,0.000282
_3170_,VGND,li1,11.5000,70.7200,0.000060
_3169_,VGND,li1,11.5000,76.1600,0.000053
_3168_,VGND,li1,17.9400,32.6400,0.000028
_3167_,VGND,li1,11.7300,27.2000,0.000040
_3166_,VGND,li1,17.4800,43.5200,0.000039
_3165_,VGND,li1,11.5000,38.0800,0.000043
_3164_,VGND,li1,42.7800,27.2000,0.000066
_3163_,VGND,li1,41.4000,43.5200,0.000071
_3162_,VGND,li1,52.4400,54.4000,0.000266
_3161_,VGND,li1,152.9500,87.0400,0.000202
_3160_,VGND,li1,71.9900,59.8400,0.000352
_3159_,VGND,li1,152.9500,103.3600,0.000642
_3158_,VGND,li1,63.2500,54.4000,0.000332
_3157_,VGND,li1,23.9200,43.5200,0.000034
_3156_,VGND,li1,50.8300,48.9600,0.000051
_3155_,VGND,li1,23.4600,27.2000,0.000033
_3154_,VGND,li1,38.1800,32.6400,0.000053
_3153_,VGND,li1,34.9600,43.5200,0.000058
_3152_,VGND,li1,28.2900,48.9600,0.000024
_3151_,VGND,li1,29.2100,59.8400,0.000141
_3150_,VGND,li1,21.3900,54.4000,0.000075
_3149_,VGND,li1,22.5400,59.8400,0.000097
_3148_,VGND,li1,14.4900,65.2800,0.000093
_3147_,VGND,li1,32.2000,21.7600,0.000011
_3146_,VGND,li1,12.4200,27.2000,0.000040
_3145_,VGND,li1,13.3400,16.3200,0.000043
_3144_,VGND,li1,26.6800,16.3200,0.000048
_3143_,VGND,li1,11.5000,21.7600,0.000015
_3142_,VGND,li1,51.9800,65.2800,0.000323
_3141_,VGND,li1,59.8000,65.2800,0.000380
_3140_,VGND,li1,62.1000,76.1600,0.000128
_3139_,VGND,li1,57.5000,76.1600,0.000120
_3138_,VGND,li1,49.2200,81.6000,0.000083
_3137_,VGND,li1,50.1400,92.4800,0.000268
_3136_,VGND,li1,51.0600,97.9200,0.000168
_3135_,VGND,li1,60.2600,97.9200,0.000182
_3134_,VGND,li1,57.0400,108.8000,0.000119
_3133_,VGND,li1,49.6800,108.8000,0.000105
_3132_,VGND,li1,40.0200,114.2400,0.000122
_3131_,VGND,li1,36.3400,119.6800,0.000169
_3130_,VGND,li1,44.6200,125.1200,0.000063
_3129_,VGND,li1,51.9800,119.6800,0.000272
_3128_,VGND,li1,62.1000,125.1200,0.000082
_3127_,VGND,li1,63.0200,114.2400,0.000219
_3126_,VGND,li1,13.8000,70.7200,0.000059
_3125_,VGND,li1,23.9200,70.7200,0.000051
_3124_,VGND,li1,25.3000,76.1600,0.000044
_3123_,VGND,li1,19.3200,81.6000,0.000035
_3122_,VGND,li1,11.5000,87.0400,0.000050
_3121_,VGND,li1,11.5000,92.4800,0.000101
_3120_,VGND,li1,22.5400,97.9200,0.000066
_3119_,VGND,li1,18.8600,103.3600,0.000107
_3118_,VGND,li1,11.5000,97.9200,0.000072
_3117_,VGND,li1,11.5000,48.9600,0.000024
_3116_,VGND,li1,11.7300,59.8400,0.000100
_3115_,VGND,li1,11.7300,103.3600,0.000109
_3114_,VGND,li1,11.5000,119.6800,0.000082
_3113_,VGND,li1,11.5000,125.1200,0.000032
_3112_,VGND,li1,21.6200,125.1200,0.000029
_3111_,VGND,li1,25.3000,114.2400,0.000056
_3110_,VGND,li1,36.3400,76.1600,0.000072
_3109_,VGND,li1,34.7300,70.7200,0.000086
_3108_,VGND,li1,36.1100,81.6000,0.000059
_3107_,VGND,li1,26.4500,87.0400,0.000046
_3106_,VGND,li1,19.0900,92.4800,0.000097
_3105_,VGND,li1,29.6700,87.0400,0.000054
_3104_,VGND,li1,35.1900,92.4800,0.000181
_3103_,VGND,li1,26.4500,103.3600,0.000101
_3102_,VGND,li1,37.0300,103.3600,0.000198
_3101_,VGND,li1,12.1900,43.5200,0.000041
_3100_,VGND,li1,21.3900,108.8000,0.000038
_3099_,VGND,li1,12.6500,114.2400,0.000059
_3098_,VGND,li1,13.1100,130.5600,0.000019
_3097_,VGND,li1,23.6900,130.5600,0.000016
_3096_,VGND,li1,26.9100,130.5600,0.000019
_3095_,VGND,li1,31.5100,119.6800,0.000134
_3094_,VGND,li1,48.0700,76.1600,0.000101
_3093_,VGND,li1,70.6100,65.2800,0.000460
_3092_,VGND,li1,69.2300,70.7200,0.000181
_3091_,VGND,li1,68.7700,81.6000,0.000106
_3090_,VGND,li1,61.8700,87.0400,0.000113
_3089_,VGND,li1,42.5500,87.0400,0.000082
_3088_,VGND,li1,45.3100,97.9200,0.000153
_3087_,VGND,li1,69.2300,97.9200,0.000194
_3086_,VGND,li1,68.3100,108.8000,0.000135
_3085_,VGND,li1,52.6700,136.0000,0.000054
_3084_,VGND,li1,31.9700,108.8000,0.000056
_3083_,VGND,li1,37.4900,130.5600,0.000025
_3082_,VGND,li1,46.2300,136.0000,0.000047
_3081_,VGND,li1,56.3500,141.4400,0.000013
_3080_,VGND,li1,60.0300,130.5600,0.000033
_3079_,VGND,li1,75.6700,119.6800,0.000407
_3078_,VGND,li1,47.8400,32.6400,0.000070
_3077_,VGND,li1,139.3800,70.7200,0.000270
_3076_,VGND,li1,126.2700,70.7200,0.000266
_3075_,VGND,li1,138.4600,76.1600,0.000191
_3074_,VGND,li1,142.3700,87.0400,0.000199
_3073_,VGND,li1,129.4900,76.1600,0.000189
_3072_,VGND,li1,129.2600,76.1600,0.000189
_3071_,VGND,li1,150.1900,97.9200,0.000257
_3070_,VGND,li1,148.3500,92.4800,0.000514
_3069_,VGND,li1,131.1000,92.4800,0.000510
_3068_,VGND,li1,153.4100,97.9200,0.000258
_3067_,VGND,li1,167.6700,157.7600,0.000081
_3066_,VGND,li1,168.1300,152.3200,0.000123
_3065_,VGND,li1,170.8900,146.8800,0.000084
_3064_,VGND,li1,171.1200,136.0000,0.000143
_3063_,VGND,li1,171.1200,130.5600,0.000035
_3062_,VGND,li1,171.1200,119.6800,0.000747
_3061_,VGND,li1,170.6600,114.2400,0.000458
_3060_,VGND,li1,168.3600,103.3600,0.000642
_3059_,VGND,li1,140.0700,108.8000,0.000206
_3058_,VGND,li1,135.0100,87.0400,0.000195
_3057_,VGND,li1,68.7700,92.4800,0.000359
_3056_,VGND,li1,135.7000,163.2000,0.000068
_3055_,VGND,li1,126.5000,163.2000,0.000065
_3054_,VGND,li1,142.6000,152.3200,0.000115
_3053_,VGND,li1,146.2800,141.4400,0.000040
_3052_,VGND,li1,146.2800,136.0000,0.000136
_3051_,VGND,li1,146.7400,125.1200,0.000084
_3050_,VGND,li1,148.5800,119.6800,0.000740
_3049_,VGND,li1,142.3700,108.8000,0.000207
_3048_,VGND,li1,126.0400,157.7600,0.000068
_3047_,VGND,li1,139.3800,157.7600,0.000072
_3046_,VGND,li1,139.3800,152.3200,0.000113
_3045_,VGND,li1,139.3800,146.8800,0.000075
_3044_,VGND,li1,141.2200,136.0000,0.000133
_3043_,VGND,li1,140.3000,125.1200,0.000084
_3042_,VGND,li1,139.3800,119.6800,0.000731
_3041_,VGND,li1,139.6100,114.2400,0.000448
_3040_,VGND,li1,78.2000,65.2800,0.000506
_3039_,VGND,li1,123.7400,81.6000,0.000137
_3038_,VGND,li1,114.5400,81.6000,0.000134
_3037_,VGND,li1,121.9000,87.0400,0.000183
_3036_,VGND,li1,122.3600,92.4800,0.000504
_3035_,VGND,li1,120.0600,97.9200,0.000239
_3034_,VGND,li1,128.3400,103.3600,0.000588
_3033_,VGND,li1,139.3800,103.3600,0.000625
_3032_,VGND,li1,106.7200,70.7200,0.000248
_3031_,VGND,li1,81.4200,54.4000,0.000402
_3030_,VGND,li1,116.8400,70.7200,0.000261
_3029_,VGND,li1,114.0800,70.7200,0.000258
_3028_,VGND,li1,87.8600,59.8400,0.000367
_3027_,VGND,li1,113.6200,59.8400,0.000381
_3026_,VGND,li1,101.2000,65.2800,0.000646
_3025_,VGND,li1,92.4600,65.2800,0.000606
_3024_,VGND,li1,105.8000,54.4000,0.000467
_3023_,VGND,li1,115.9200,43.5200,0.000154
_3022_,VGND,li1,93.8400,43.5200,0.000143
_3021_,VGND,li1,105.8000,43.5200,0.000151
_3020_,VGND,li1,101.2000,48.9600,0.000089
_3019_,VGND,li1,93.3800,54.4000,0.000436
_3018_,VGND,li1,115.4600,48.9600,0.000094
_3017_,VGND,li1,98.9000,59.8400,0.000377
_3016_,VGND,li1,62.1000,48.9600,0.000061
_3015_,VGND,li1,59.3400,38.0800,0.000104
_3014_,VGND,li1,70.8400,43.5200,0.000119
_3013_,VGND,li1,74.9800,48.9600,0.000073
_3012_,VGND,li1,83.2600,43.5200,0.000135
_3011_,VGND,li1,84.1800,38.0800,0.000137
_3010_,VGND,li1,77.7400,38.0800,0.000132
_3009_,VGND,li1,61.4100,16.3200,0.000139
_3008_,VGND,li1,62.1000,27.2000,0.000098
_3007_,VGND,li1,78.2000,32.6400,0.000096
_3006_,VGND,li1,78.2000,10.8800,0.000036
_3005_,VGND,li1,89.2400,27.2000,0.000136
_3004_,VGND,li1,107.6400,16.3200,0.000220
_3003_,VGND,li1,116.8400,16.3200,0.000235
_3002_,VGND,li1,100.7400,27.2000,0.000149
_3001_,VGND,li1,103.9600,38.0800,0.000154
_3000_,VGND,li1,36.3400,16.3200,0.000078
_2999_,VGND,li1,36.3400,16.3200,0.000078
_2998_,VGND,li1,51.9800,16.3200,0.000120
_2997_,VGND,li1,49.2200,16.3200,0.000113
_2996_,VGND,li1,56.1200,32.6400,0.000080
_2995_,VGND,li1,65.3200,32.6400,0.000088
_2994_,VGND,li1,88.7800,32.6400,0.000099
_2993_,VGND,li1,94.7600,38.0800,0.000148
_2992_,VGND,li1,93.8400,16.3200,0.000197
_2991_,VGND,li1,120.5200,16.3200,0.000240
_2990_,VGND,li1,116.8400,27.2000,0.000163
_2989_,VGND,li1,116.3800,38.0800,0.000157
_2988_,VGND,li1,55.8900,27.2000,0.000089
_2987_,VGND,li1,55.8900,43.5200,0.000096
_2986_,VGND,li1,55.4300,54.4000,0.000284
_2985_,VGND,li1,8.5100,70.7200,0.000060
_2984_,VGND,li1,8.5100,76.1600,0.000053
_2983_,VGND,li1,17.7100,27.2000,0.000036
_2982_,VGND,li1,10.8100,32.6400,0.000029
_2981_,VGND,li1,19.5500,38.0800,0.000039
_2980_,VGND,li1,11.2700,32.6400,0.000029
_2979_,VGND,li1,40.2500,27.2000,0.000059
_2978_,VGND,li1,45.7700,38.0800,0.000078
_2977_,VGND,li1,56.8100,43.5200,0.000099
_2976_,VGND,li1,154.7900,87.0400,0.000202
_2975_,VGND,li1,77.5100,54.4000,0.000386
_2974_,VGND,li1,151.5700,103.3600,0.000641
_2973_,VGND,li1,68.7700,54.4000,0.000356
_2972_,VGND,li1,26.4500,43.5200,0.000040
_2971_,VGND,li1,51.2900,38.0800,0.000090
_2970_,VGND,li1,32.4300,32.6400,0.000044
_2969_,VGND,li1,38.8700,27.2000,0.000059
_2968_,VGND,li1,29.6700,43.5200,0.000046
_2967_,VGND,li1,24.1500,48.9600,0.000020
_2966_,VGND,li1,32.4300,65.2800,0.000150
_2965_,VGND,li1,21.8500,48.9600,0.000021
_2964_,VGND,li1,26.9100,65.2800,0.000111
_2963_,VGND,li1,14.9500,65.2800,0.000093
_2962_,VGND,li1,37.4900,21.7600,0.000011
_2961_,VGND,li1,12.1900,21.7600,0.000015
_2960_,VGND,li1,13.5700,10.8800,0.000009
_2959_,VGND,li1,29.2100,10.8800,0.000012
_2958_,VGND,li1,11.7300,16.3200,0.000043
_2957_,VGND,li1,52.6700,59.8400,0.000282
_2956_,VGND,li1,63.2500,65.2800,0.000399
_2955_,VGND,li1,61.8700,65.2800,0.000399
_2954_,VGND,li1,58.6500,81.6000,0.000094
_2953_,VGND,li1,49.9100,81.6000,0.000083
_2952_,VGND,li1,55.4300,92.4800,0.000296
_2951_,VGND,li1,55.4300,92.4800,0.000296
_2950_,VGND,li1,61.8700,97.9200,0.000185
_2949_,VGND,li1,61.8700,114.2400,0.000219
_2948_,VGND,li1,52.2100,114.2400,0.000181
_2947_,VGND,li1,43.9300,108.8000,0.000093
_2946_,VGND,li1,36.5700,125.1200,0.000046
_2945_,VGND,li1,52.6700,125.1200,0.000073
_2944_,VGND,li1,54.9700,119.6800,0.000290
_2943_,VGND,li1,62.3300,125.1200,0.000082
_2942_,VGND,li1,68.3100,114.2400,0.000236
_2941_,VGND,li1,20.4700,70.7200,0.000053
_2940_,VGND,li1,30.5900,70.7200,0.000075
_2939_,VGND,li1,30.5900,76.1600,0.000061
_2938_,VGND,li1,20.0100,76.1600,0.000049
_2937_,VGND,li1,11.2700,81.6000,0.000036
_2936_,VGND,li1,8.9700,92.4800,0.000101
_2935_,VGND,li1,24.6100,97.9200,0.000063
_2934_,VGND,li1,19.5500,103.3600,0.000105
_2933_,VGND,li1,9.8900,97.9200,0.000072
_2932_,VGND,li1,16.7900,48.9600,0.000023
_2931_,VGND,li1,14.4900,59.8400,0.000099
_2930_,VGND,li1,14.9500,108.8000,0.000038
_2929_,VGND,li1,16.7900,119.6800,0.000081
_2928_,VGND,li1,16.7900,125.1200,0.000030
_2927_,VGND,li1,25.9900,125.1200,0.000026
_2926_,VGND,li1,30.5900,114.2400,0.000081
_2925_,VGND,li1,41.6300,76.1600,0.000088
_2924_,VGND,li1,36.5700,70.7200,0.000094
_2923_,VGND,li1,37.0300,81.6000,0.000059
_2922_,VGND,li1,30.5900,81.6000,0.000044
_2921_,VGND,li1,23.6900,87.0400,0.000039
_2920_,VGND,li1,32.4300,92.4800,0.000151
_2919_,VGND,li1,38.8700,92.4800,0.000203
_2918_,VGND,li1,27.3700,114.2400,0.000067
_2917_,VGND,li1,29.2100,103.3600,0.000127
_2916_,VGND,li1,12.1900,43.5200,0.000041
_2915_,VGND,li1,23.6900,114.2400,0.000056
_2914_,VGND,li1,19.5500,114.2400,0.000057
_2913_,VGND,li1,10.3500,136.0000,0.000015
_2912_,VGND,li1,24.1500,136.0000,0.000015
_2911_,VGND,li1,30.5900,130.5600,0.000021
_2910_,VGND,li1,30.5900,125.1200,0.000037
_2909_,VGND,li1,49.9100,76.1600,0.000106
_2908_,VGND,li1,76.1300,59.8400,0.000356
_2907_,VGND,li1,71.0700,65.2800,0.000460
_2906_,VGND,li1,74.2900,76.1600,0.000140
_2905_,VGND,li1,61.8700,92.4800,0.000326
_2904_,VGND,li1,44.8500,92.4800,0.000232
_2903_,VGND,li1,45.3100,92.4800,0.000232
_2902_,VGND,li1,74.2900,103.3600,0.000401
_2901_,VGND,li1,68.7700,103.3600,0.000383
_2900_,VGND,li1,55.8900,136.0000,0.000057
_2899_,VGND,li1,30.5900,103.3600,0.000150
_2898_,VGND,li1,39.3300,136.0000,0.000036
_2897_,VGND,li1,46.2300,136.0000,0.000047
_2896_,VGND,li1,58.1900,141.4400,0.000014
_2895_,VGND,li1,61.8700,136.0000,0.000063
_2894_,VGND,li1,72.4500,119.6800,0.000390
_2893_,VGND,li1,49.4500,32.6400,0.000073
_2892_,VGND,li1,141.9100,70.7200,0.000270
_2891_,VGND,li1,123.9700,76.1600,0.000183
_2890_,VGND,li1,138.6900,81.6000,0.000138
_2889_,VGND,li1,151.5700,81.6000,0.000138
_2888_,VGND,li1,132.7100,65.2800,0.000692
_2887_,VGND,li1,133.1700,81.6000,0.000138
_2886_,VGND,li1,141.9100,92.4800,0.000513
_2885_,VGND,li1,162.6100,92.4800,0.000515
_2884_,VGND,li1,129.9500,97.9200,0.000245
_2883_,VGND,li1,153.8700,103.3600,0.000642
_2882_,VGND,li1,174.1100,157.7600,0.000081
_2881_,VGND,li1,174.1100,152.3200,0.000123
_2880_,VGND,li1,174.1100,141.4400,0.000041
_2879_,VGND,li1,174.1100,136.0000,0.000144
_2878_,VGND,li1,174.1100,125.1200,0.000084
_2877_,VGND,li1,174.1100,114.2400,0.000458
_2876_,VGND,li1,174.1100,108.8000,0.000207
_2875_,VGND,li1,174.1100,103.3600,0.000642
_2874_,VGND,li1,146.0500,97.9200,0.000255
_2873_,VGND,li1,135.4700,87.0400,0.000195
_2872_,VGND,li1,68.7700,87.0400,0.000121
_2871_,VGND,li1,133.1700,157.7600,0.000070
_2870_,VGND,li1,127.6500,157.7600,0.000068
_2869_,VGND,li1,152.0300,152.3200,0.000118
_2868_,VGND,li1,148.3500,146.8800,0.000078
_2867_,VGND,li1,148.3500,130.5600,0.000035
_2866_,VGND,li1,152.0300,125.1200,0.000084
_2865_,VGND,li1,154.7900,114.2400,0.000454
_2864_,VGND,li1,151.1100,108.8000,0.000207
_2863_,VGND,li1,126.7300,152.3200,0.000101
_2862_,VGND,li1,133.6300,152.3200,0.000107
_2861_,VGND,li1,134.5500,146.8800,0.000073
_2860_,VGND,li1,139.6100,141.4400,0.000038
_2859_,VGND,li1,140.9900,136.0000,0.000133
_2858_,VGND,li1,145.5900,125.1200,0.000084
_2857_,VGND,li1,140.0700,130.5600,0.000035
_2856_,VGND,li1,146.5100,114.2400,0.000451
_2855_,VGND,li1,78.8900,65.2800,0.000522
_2854_,VGND,li1,122.5900,76.1600,0.000181
_2853_,VGND,li1,115.6900,76.1600,0.000176
_2852_,VGND,li1,123.0500,81.6000,0.000137
_2851_,VGND,li1,127.6500,92.4800,0.000506
_2850_,VGND,li1,128.1100,97.9200,0.000244
_2849_,VGND,li1,133.6300,103.3600,0.000606
_2848_,VGND,li1,144.6700,103.3600,0.000639
_2847_,VGND,li1,107.8700,70.7200,0.000251
_2846_,VGND,li1,82.1100,59.8400,0.000360
_2845_,VGND,li1,126.2700,70.7200,0.000266
_2844_,VGND,li1,119.3700,70.7200,0.000262
_2843_,VGND,li1,85.3300,65.2800,0.000565
_2842_,VGND,li1,109.7100,65.2800,0.000667
_2841_,VGND,li1,109.7100,65.2800,0.000667
_2840_,VGND,li1,94.0700,59.8400,0.000372
_2839_,VGND,li1,107.8700,59.8400,0.000379
_2838_,VGND,li1,122.5900,43.5200,0.000154
_2837_,VGND,li1,94.9900,43.5200,0.000145
_2836_,VGND,li1,107.8700,48.9600,0.000091
_2835_,VGND,li1,106.4900,48.9600,0.000090
_2834_,VGND,li1,94.9900,54.4000,0.000436
_2833_,VGND,li1,120.7500,48.9600,0.000094
_2832_,VGND,li1,106.4900,65.2800,0.000662
_2831_,VGND,li1,59.1100,43.5200,0.000103
_2830_,VGND,li1,58.1900,43.5200,0.000099
_2829_,VGND,li1,77.9700,38.0800,0.000132
_2828_,VGND,li1,76.1300,54.4000,0.000386
_2827_,VGND,li1,87.1700,48.9600,0.000081
_2826_,VGND,li1,87.6300,43.5200,0.000139
_2825_,VGND,li1,83.4900,32.6400,0.000098
_2824_,VGND,li1,61.8700,16.3200,0.000139
_2823_,VGND,li1,67.3900,21.7600,0.000011
_2822_,VGND,li1,83.9500,27.2000,0.000129
_2821_,VGND,li1,79.8100,16.3200,0.000172
_2820_,VGND,li1,94.0700,32.6400,0.000099
_2819_,VGND,li1,107.8700,10.8800,0.000036
_2818_,VGND,li1,115.2300,16.3200,0.000231
_2817_,VGND,li1,102.8100,27.2000,0.000152
_2816_,VGND,li1,107.4100,38.0800,0.000155
_2815_,VGND,li1,34.2700,21.7600,0.000011
_2814_,VGND,li1,37.0300,10.8800,0.000017
_2813_,VGND,li1,56.3500,16.3200,0.000129
_2812_,VGND,li1,54.9700,16.3200,0.000124
_2811_,VGND,li1,58.1900,32.6400,0.000083
_2810_,VGND,li1,64.6300,27.2000,0.000102
_2809_,VGND,li1,89.4700,38.0800,0.000142
_2808_,VGND,li1,100.9700,32.6400,0.000099
_2807_,VGND,li1,96.8300,10.8800,0.000036
_2806_,VGND,li1,125.8100,10.8800,0.000036
_2805_,VGND,li1,122.5900,27.2000,0.000166
_2804_,VGND,li1,41.1700,48.9600,0.000040
_2803_,VGND,li1,42.0900,38.0800,0.000069
_2802_,VGND,li1,54.5100,43.5200,0.000096
_2801_,VGND,li1,61.6400,59.8400,0.000316
_2800_,VGND,li1,29.2100,59.8400,0.000141
_2799_,VGND,li1,25.9900,32.6400,0.000029
_2798_,VGND,li1,30.3600,38.0800,0.000048
_2797_,VGND,li1,52.2100,48.9600,0.000051
_2796_,VGND,li1,26.4500,48.9600,0.000019
_2795_,VGND,li1,30.1300,54.4000,0.000113
_2794_,VGND,li1,30.5900,54.4000,0.000113
_2793_,VGND,li1,16.7900,54.4000,0.000075
_2792_,VGND,li1,13.8000,54.4000,0.000075
_2791_,VGND,li1,37.2600,54.4000,0.000162
_2790_,VGND,li1,29.6700,48.9600,0.000024
_2789_,VGND,li1,37.0300,54.4000,0.000162
_2788_,VGND,li1,43.4700,48.9600,0.000042
_2787_,VGND,li1,74.2900,54.4000,0.000377
_2786_,VGND,li1,30.1300,32.6400,0.000039
_2785_,VGND,li1,116.6100,32.6400,0.000099
_2784_,VGND,li1,117.9900,32.6400,0.000099
_2783_,VGND,li1,119.3700,21.7600,0.000011
_2782_,VGND,li1,98.2100,16.3200,0.000205
_2781_,VGND,li1,98.2100,32.6400,0.000099
_2780_,VGND,li1,88.0900,38.0800,0.000142
_2779_,VGND,li1,67.3900,32.6400,0.000090
_2778_,VGND,li1,72.4500,32.6400,0.000093
_2777_,VGND,li1,59.5700,38.0800,0.000104
_2776_,VGND,li1,47.6100,21.7600,0.000011
_2775_,VGND,li1,51.9800,21.7600,0.000011
_2774_,VGND,li1,51.9800,21.7600,0.000011
_2773_,VGND,li1,42.3200,16.3200,0.000095
_2772_,VGND,li1,40.7100,21.7600,0.000011
_2771_,VGND,li1,42.3200,10.8800,0.000021
_2770_,VGND,li1,48.9900,21.7600,0.000011
_2769_,VGND,li1,45.7700,16.3200,0.000100
_2768_,VGND,li1,54.9700,10.8800,0.000028
_2767_,VGND,li1,44.3900,21.7600,0.000011
_2766_,VGND,li1,110.6300,43.5200,0.000152
_2765_,VGND,li1,100.0500,27.2000,0.000149
_2764_,VGND,li1,106.7200,32.6400,0.000099
_2763_,VGND,li1,110.1700,32.6400,0.000099
_2762_,VGND,li1,109.9400,38.0800,0.000155
_2761_,VGND,li1,111.0900,27.2000,0.000159
_2760_,VGND,li1,114.3100,27.2000,0.000161
_2759_,VGND,li1,109.4800,21.7600,0.000011
_2758_,VGND,li1,107.4100,27.2000,0.000156
_2757_,VGND,li1,107.4100,32.6400,0.000099
_2756_,VGND,li1,104.8800,10.8800,0.000036
_2755_,VGND,li1,102.8100,32.6400,0.000099
_2754_,VGND,li1,111.0900,16.3200,0.000227
_2753_,VGND,li1,107.8700,21.7600,0.000011
_2752_,VGND,li1,116.3800,21.7600,0.000011
_2751_,VGND,li1,89.4700,21.7600,0.000011
_2750_,VGND,li1,92.6900,21.7600,0.000011
_2749_,VGND,li1,96.3700,21.7600,0.000011
_2748_,VGND,li1,97.7500,21.7600,0.000011
_2747_,VGND,li1,102.1200,21.7600,0.000011
_2746_,VGND,li1,77.2800,16.3200,0.000168
_2745_,VGND,li1,68.7700,38.0800,0.000116
_2744_,VGND,li1,85.7900,16.3200,0.000182
_2743_,VGND,li1,87.6300,16.3200,0.000186
_2742_,VGND,li1,91.5400,21.7600,0.000011
_2741_,VGND,li1,84.6400,32.6400,0.000098
_2740_,VGND,li1,81.6500,27.2000,0.000126
_2739_,VGND,li1,80.7300,21.7600,0.000011
_2738_,VGND,li1,83.4900,21.7600,0.000011
_2737_,VGND,li1,84.1800,21.7600,0.000011
_2736_,VGND,li1,70.3800,32.6400,0.000091
_2735_,VGND,li1,60.4900,32.6400,0.000085
_2734_,VGND,li1,72.4500,27.2000,0.000112
_2733_,VGND,li1,73.8300,21.7600,0.000011
_2732_,VGND,li1,75.9000,27.2000,0.000118
_2731_,VGND,li1,68.0800,16.3200,0.000151
_2730_,VGND,li1,74.7500,21.7600,0.000011
_2729_,VGND,li1,74.7500,16.3200,0.000163
_2728_,VGND,li1,71.9900,21.7600,0.000011
_2727_,VGND,li1,75.6700,38.0800,0.000128
_2726_,VGND,li1,69.9200,16.3200,0.000155
_2725_,VGND,li1,67.1600,21.7600,0.000011
_2724_,VGND,li1,69.2300,21.7600,0.000011
_2723_,VGND,li1,62.5600,21.7600,0.000011
_2722_,VGND,li1,71.7600,21.7600,0.000011
_2721_,VGND,li1,73.6000,27.2000,0.000114
_2720_,VGND,li1,80.9600,21.7600,0.000011
_2719_,VGND,li1,89.2400,16.3200,0.000186
_2718_,VGND,li1,99.8200,21.7600,0.000011
_2717_,VGND,li1,114.0800,21.7600,0.000011
_2716_,VGND,li1,105.3400,32.6400,0.000099
_2715_,VGND,li1,112.9300,32.6400,0.000099
_2714_,VGND,li1,110.4000,27.2000,0.000157
_2713_,VGND,li1,110.4000,32.6400,0.000099
_2712_,VGND,li1,116.6100,21.7600,0.000011
_2711_,VGND,li1,126.9600,16.3200,0.000245
_2710_,VGND,li1,126.5000,16.3200,0.000245
_2709_,VGND,li1,100.9700,16.3200,0.000209
_2708_,VGND,li1,99.8200,10.8800,0.000036
_2707_,VGND,li1,94.3000,10.8800,0.000036
_2706_,VGND,li1,93.1500,21.7600,0.000011
_2705_,VGND,li1,88.7800,21.7600,0.000011
_2704_,VGND,li1,85.5600,21.7600,0.000011
_2703_,VGND,li1,75.2100,21.7600,0.000011
_2702_,VGND,li1,79.5800,27.2000,0.000121
_2701_,VGND,li1,77.2800,21.7600,0.000011
_2700_,VGND,li1,68.3100,27.2000,0.000105
_2699_,VGND,li1,65.3200,21.7600,0.000011
_2698_,VGND,li1,77.5100,43.5200,0.000128
_2697_,VGND,li1,80.2700,48.9600,0.000076
_2696_,VGND,li1,71.9900,43.5200,0.000121
_2695_,VGND,li1,68.3100,43.5200,0.000117
_2694_,VGND,li1,71.9900,38.0800,0.000123
_2693_,VGND,li1,58.6500,48.9600,0.000057
_2692_,VGND,li1,94.9900,27.2000,0.000142
_2691_,VGND,li1,63.7100,38.0800,0.000111
_2690_,VGND,li1,53.3600,27.2000,0.000085
_2689_,VGND,li1,42.5500,27.2000,0.000066
_2688_,VGND,li1,98.4400,54.4000,0.000448
_2687_,VGND,li1,167.2100,97.9200,0.000258
_2686_,VGND,li1,116.3800,48.9600,0.000094
_2685_,VGND,li1,172.2700,81.6000,0.000138
_2684_,VGND,li1,93.8400,48.9600,0.000084
_2683_,VGND,li1,168.8200,87.0400,0.000202
_2682_,VGND,li1,171.3500,87.0400,0.000202
_2681_,VGND,li1,100.7400,48.9600,0.000089
_2680_,VGND,li1,142.8300,48.9600,0.000094
_2679_,VGND,li1,105.3400,48.9600,0.000090
_2678_,VGND,li1,150.8800,48.9600,0.000094
_2677_,VGND,li1,153.4100,48.9600,0.000094
_2676_,VGND,li1,89.2400,48.9600,0.000082
_2675_,VGND,li1,147.8900,48.9600,0.000094
_2674_,VGND,li1,151.3400,48.9600,0.000094
_2673_,VGND,li1,123.7400,48.9600,0.000094
_2672_,VGND,li1,141.2200,48.9600,0.000094
_2671_,VGND,li1,120.2900,54.4000,0.000489
_2670_,VGND,li1,121.6700,65.2800,0.000691
_2669_,VGND,li1,119.6000,59.8400,0.000381
_2668_,VGND,li1,108.7900,59.8400,0.000379
_2667_,VGND,li1,91.7700,59.8400,0.000370
_2666_,VGND,li1,107.4100,65.2800,0.000662
_2665_,VGND,li1,115.6900,59.8400,0.000381
_2664_,VGND,li1,87.1700,54.4000,0.000418
_2663_,VGND,li1,112.0100,65.2800,0.000672
_2662_,VGND,li1,119.3700,65.2800,0.000690
_2661_,VGND,li1,87.6300,54.4000,0.000418
_2660_,VGND,li1,105.5700,70.7200,0.000248
_2659_,VGND,li1,123.9700,59.8400,0.000381
_2658_,VGND,li1,127.8800,48.9600,0.000094
_2657_,VGND,li1,139.3800,27.2000,0.000166
_2656_,VGND,li1,156.8600,32.6400,0.000099
_2655_,VGND,li1,169.7400,59.8400,0.000381
_2654_,VGND,li1,159.6200,81.6000,0.000138
_2653_,VGND,li1,170.2000,43.5200,0.000154
_2652_,VGND,li1,151.1100,38.0800,0.000157
_2651_,VGND,li1,132.4800,43.5200,0.000154
_2650_,VGND,li1,144.2100,48.9600,0.000094
_2649_,VGND,li1,169.9700,81.6000,0.000138
_2648_,VGND,li1,170.4300,97.9200,0.000258
_2647_,VGND,li1,170.4300,92.4800,0.000515
_2646_,VGND,li1,169.5100,81.6000,0.000138
_2645_,VGND,li1,119.8300,59.8400,0.000381
_2644_,VGND,li1,123.7400,59.8400,0.000381
_2643_,VGND,li1,126.2700,59.8400,0.000381
_2642_,VGND,li1,131.7900,54.4000,0.000489
_2641_,VGND,li1,128.5700,54.4000,0.000489
_2640_,VGND,li1,125.8100,38.0800,0.000157
_2639_,VGND,li1,126.9600,21.7600,0.000011
_2638_,VGND,li1,129.4900,59.8400,0.000381
_2637_,VGND,li1,131.1000,65.2800,0.000691
_2636_,VGND,li1,135.7000,54.4000,0.000489
_2635_,VGND,li1,119.8300,54.4000,0.000489
_2634_,VGND,li1,128.3400,54.4000,0.000489
_2633_,VGND,li1,130.6400,54.4000,0.000489
_2632_,VGND,li1,128.5700,38.0800,0.000157
_2631_,VGND,li1,125.8100,27.2000,0.000166
_2630_,VGND,li1,112.4700,48.9600,0.000093
_2629_,VGND,li1,139.8400,59.8400,0.000381
_2628_,VGND,li1,138.9200,54.4000,0.000489
_2627_,VGND,li1,123.0500,54.4000,0.000489
_2626_,VGND,li1,124.6600,54.4000,0.000489
_2625_,VGND,li1,126.0400,43.5200,0.000154
_2624_,VGND,li1,123.9700,43.5200,0.000154
_2623_,VGND,li1,93.1500,59.8400,0.000370
_2622_,VGND,li1,136.6200,65.2800,0.000692
_2621_,VGND,li1,138.2300,54.4000,0.000489
_2620_,VGND,li1,137.7700,48.9600,0.000094
_2619_,VGND,li1,123.0500,65.2800,0.000691
_2618_,VGND,li1,128.8000,59.8400,0.000381
_2617_,VGND,li1,126.9600,43.5200,0.000154
_2616_,VGND,li1,126.7300,54.4000,0.000489
_2615_,VGND,li1,129.2600,48.9600,0.000094
_2614_,VGND,li1,129.9500,43.5200,0.000154
_2613_,VGND,li1,135.9300,59.8400,0.000381
_2612_,VGND,li1,136.3900,54.4000,0.000489
_2611_,VGND,li1,139.6100,65.2800,0.000692
_2610_,VGND,li1,144.2100,65.2800,0.000692
_2609_,VGND,li1,167.2100,92.4800,0.000515
_2608_,VGND,li1,135.9300,48.9600,0.000094
_2607_,VGND,li1,140.9900,54.4000,0.000489
_2606_,VGND,li1,132.7100,48.9600,0.000094
_2605_,VGND,li1,141.9100,43.5200,0.000154
_2604_,VGND,li1,150.1900,43.5200,0.000154
_2603_,VGND,li1,155.4800,48.9600,0.000094
_2602_,VGND,li1,153.1800,43.5200,0.000154
_2601_,VGND,li1,160.0800,92.4800,0.000515
_2600_,VGND,li1,158.4700,92.4800,0.000515
_2599_,VGND,li1,161.9200,97.9200,0.000258
_2598_,VGND,li1,159.3900,48.9600,0.000094
_2597_,VGND,li1,154.7900,48.9600,0.000094
_2596_,VGND,li1,155.2500,43.5200,0.000154
_2595_,VGND,li1,164.4500,81.6000,0.000138
_2594_,VGND,li1,170.4300,92.4800,0.000515
_2593_,VGND,li1,167.2100,97.9200,0.000258
_2592_,VGND,li1,164.9100,81.6000,0.000138
_2591_,VGND,li1,131.3300,38.0800,0.000157
_2590_,VGND,li1,129.0300,43.5200,0.000154
_2589_,VGND,li1,130.4100,38.0800,0.000157
_2588_,VGND,li1,132.2500,21.7600,0.000011
_2587_,VGND,li1,129.0300,16.3200,0.000247
_2586_,VGND,li1,127.6500,32.6400,0.000099
_2585_,VGND,li1,127.6500,32.6400,0.000099
_2584_,VGND,li1,126.2700,38.0800,0.000157
_2583_,VGND,li1,130.4100,27.2000,0.000166
_2582_,VGND,li1,131.7900,27.2000,0.000166
_2581_,VGND,li1,139.1500,43.5200,0.000154
_2580_,VGND,li1,142.6000,32.6400,0.000099
_2579_,VGND,li1,140.0700,48.9600,0.000094
_2578_,VGND,li1,142.6000,32.6400,0.000099
_2577_,VGND,li1,142.3700,43.5200,0.000154
_2576_,VGND,li1,139.1500,38.0800,0.000157
_2575_,VGND,li1,143.0600,38.0800,0.000157
_2574_,VGND,li1,145.3600,38.0800,0.000157
_2573_,VGND,li1,152.4900,32.6400,0.000099
_2572_,VGND,li1,133.4000,32.6400,0.000099
_2571_,VGND,li1,137.7700,27.2000,0.000166
_2570_,VGND,li1,141.2200,38.0800,0.000157
_2569_,VGND,li1,146.2800,32.6400,0.000099
_2568_,VGND,li1,137.5400,32.6400,0.000099
_2567_,VGND,li1,138.2300,32.6400,0.000099
_2566_,VGND,li1,136.1600,27.2000,0.000166
_2565_,VGND,li1,128.5700,21.7600,0.000011
_2564_,VGND,li1,129.4900,21.7600,0.000011
_2563_,VGND,li1,131.7900,16.3200,0.000249
_2562_,VGND,li1,140.7600,16.3200,0.000258
_2561_,VGND,li1,143.9800,16.3200,0.000261
_2560_,VGND,li1,130.8700,16.3200,0.000249
_2559_,VGND,li1,132.2500,16.3200,0.000249
_2558_,VGND,li1,161.9200,16.3200,0.000276
_2557_,VGND,li1,133.6300,16.3200,0.000252
_2556_,VGND,li1,149.2700,38.0800,0.000157
_2555_,VGND,li1,146.0500,43.5200,0.000154
_2554_,VGND,li1,150.1900,43.5200,0.000154
_2553_,VGND,li1,166.2900,92.4800,0.000515
_2552_,VGND,li1,167.2100,87.0400,0.000202
_2551_,VGND,li1,141.9100,27.2000,0.000166
_2550_,VGND,li1,149.5000,32.6400,0.000099
_2549_,VGND,li1,146.0500,32.6400,0.000099
_2548_,VGND,li1,151.1100,32.6400,0.000099
_2547_,VGND,li1,140.5300,38.0800,0.000157
_2546_,VGND,li1,145.5900,27.2000,0.000166
_2545_,VGND,li1,142.3700,21.7600,0.000011
_2544_,VGND,li1,139.1500,21.7600,0.000011
_2543_,VGND,li1,145.1300,27.2000,0.000166
_2542_,VGND,li1,147.8900,21.7600,0.000011
_2541_,VGND,li1,149.2700,16.3200,0.000265
_2540_,VGND,li1,148.3500,16.3200,0.000265
_2539_,VGND,li1,149.0400,32.6400,0.000099
_2538_,VGND,li1,155.9400,32.6400,0.000099
_2537_,VGND,li1,152.4900,32.6400,0.000099
_2536_,VGND,li1,157.0900,38.0800,0.000157
_2535_,VGND,li1,162.3800,38.0800,0.000157
_2534_,VGND,li1,159.1600,32.6400,0.000099
_2533_,VGND,li1,165.8300,38.0800,0.000157
_2532_,VGND,li1,152.0300,16.3200,0.000268
_2531_,VGND,li1,150.6500,21.7600,0.000011
_2530_,VGND,li1,150.6500,21.7600,0.000011
_2529_,VGND,li1,159.3900,43.5200,0.000154
_2528_,VGND,li1,152.9500,43.5200,0.000154
_2527_,VGND,li1,163.3000,103.3600,0.000642
_2526_,VGND,li1,162.1500,97.9200,0.000258
_2525_,VGND,li1,174.1100,97.9200,0.000258
_2524_,VGND,li1,169.9700,97.9200,0.000258
_2523_,VGND,li1,155.2500,16.3200,0.000271
_2522_,VGND,li1,155.4800,16.3200,0.000271
_2521_,VGND,li1,158.7000,16.3200,0.000274
_2520_,VGND,li1,163.5300,21.7600,0.000011
_2519_,VGND,li1,165.1400,16.3200,0.000280
_2518_,VGND,li1,167.2100,16.3200,0.000282
_2517_,VGND,li1,173.1900,21.7600,0.000011
_2516_,VGND,li1,162.1500,16.3200,0.000277
_2515_,VGND,li1,151.5700,16.3200,0.000268
_2514_,VGND,li1,158.4700,16.3200,0.000274
_2513_,VGND,li1,153.1800,27.2000,0.000166
_2512_,VGND,li1,156.4000,27.2000,0.000166
_2511_,VGND,li1,169.9700,32.6400,0.000099
_2510_,VGND,li1,151.1100,27.2000,0.000166
_2509_,VGND,li1,156.6300,21.7600,0.000011
_2508_,VGND,li1,160.5400,21.7600,0.000011
_2507_,VGND,li1,169.9700,21.7600,0.000011
_2506_,VGND,li1,164.4500,21.7600,0.000011
_2505_,VGND,li1,163.9900,32.6400,0.000099
_2504_,VGND,li1,169.0500,38.0800,0.000157
_2503_,VGND,li1,168.5900,27.2000,0.000166
_2502_,VGND,li1,166.2900,27.2000,0.000166
_2501_,VGND,li1,157.5500,48.9600,0.000094
_2500_,VGND,li1,157.0900,43.5200,0.000154
_2499_,VGND,li1,162.3800,92.4800,0.000515
_2498_,VGND,li1,156.1700,87.0400,0.000202
_2497_,VGND,li1,156.8600,92.4800,0.000515
_2496_,VGND,li1,164.9100,27.2000,0.000166
_2495_,VGND,li1,168.5900,27.2000,0.000166
_2494_,VGND,li1,167.6700,32.6400,0.000099
_2493_,VGND,li1,172.0400,38.0800,0.000157
_2492_,VGND,li1,169.0500,43.5200,0.000154
_2491_,VGND,li1,165.3700,21.7600,0.000011
_2490_,VGND,li1,174.1100,16.3200,0.000282
_2489_,VGND,li1,171.5800,27.2000,0.000166
_2488_,VGND,li1,172.7300,43.5200,0.000154
_2487_,VGND,li1,161.9200,43.5200,0.000154
_2486_,VGND,li1,165.3700,43.5200,0.000154
_2485_,VGND,li1,158.7000,59.8400,0.000381
_2484_,VGND,li1,163.9900,38.0800,0.000157
_2483_,VGND,li1,168.1300,48.9600,0.000094
_2482_,VGND,li1,172.9600,48.9600,0.000094
_2481_,VGND,li1,162.1500,48.9600,0.000094
_2480_,VGND,li1,159.6200,54.4000,0.000489
_2479_,VGND,li1,156.6300,54.4000,0.000489
_2478_,VGND,li1,158.0100,59.8400,0.000381
_2477_,VGND,li1,168.1300,48.9600,0.000094
_2476_,VGND,li1,170.4300,48.9600,0.000094
_2475_,VGND,li1,162.8400,54.4000,0.000489
_2474_,VGND,li1,155.7100,59.8400,0.000381
_2473_,VGND,li1,161.4600,65.2800,0.000692
_2472_,VGND,li1,164.4500,48.9600,0.000094
_2471_,VGND,li1,174.5700,81.6000,0.000138
_2470_,VGND,li1,174.1100,81.6000,0.000138
_2469_,VGND,li1,170.6600,48.9600,0.000094
_2468_,VGND,li1,170.4300,38.0800,0.000157
_2467_,VGND,li1,171.3500,27.2000,0.000166
_2466_,VGND,li1,174.5700,59.8400,0.000381
_2465_,VGND,li1,171.8100,65.2800,0.000692
_2464_,VGND,li1,173.6500,27.2000,0.000166
_2463_,VGND,li1,172.2700,54.4000,0.000489
_2462_,VGND,li1,171.5800,59.8400,0.000381
_2461_,VGND,li1,169.5100,76.1600,0.000191
_2460_,VGND,li1,168.1300,54.4000,0.000489
_2459_,VGND,li1,168.8200,54.4000,0.000489
_2458_,VGND,li1,173.1900,59.8400,0.000381
_2457_,VGND,li1,165.8300,59.8400,0.000381
_2456_,VGND,li1,154.7900,65.2800,0.000692
_2455_,VGND,li1,169.9700,70.7200,0.000270
_2454_,VGND,li1,168.5900,76.1600,0.000191
_2453_,VGND,li1,163.9900,48.9600,0.000094
_2452_,VGND,li1,162.6100,59.8400,0.000381
_2451_,VGND,li1,161.9200,65.2800,0.000692
_2450_,VGND,li1,158.0100,65.2800,0.000692
_2449_,VGND,li1,167.6700,65.2800,0.000692
_2448_,VGND,li1,174.5700,65.2800,0.000692
_2447_,VGND,li1,164.4500,65.2800,0.000692
_2446_,VGND,li1,174.5700,65.2800,0.000692
_2445_,VGND,li1,169.7400,70.7200,0.000270
_2444_,VGND,li1,171.8100,87.0400,0.000202
_2443_,VGND,li1,162.6100,87.0400,0.000202
_2442_,VGND,li1,161.2300,87.0400,0.000202
_2441_,VGND,li1,168.5900,59.8400,0.000381
_2440_,VGND,li1,167.4400,65.2800,0.000692
_2439_,VGND,li1,166.9800,76.1600,0.000191
_2438_,VGND,li1,163.0700,76.1600,0.000191
_2437_,VGND,li1,164.6800,70.7200,0.000270
_2436_,VGND,li1,165.8300,76.1600,0.000191
_2435_,VGND,li1,152.7200,87.0400,0.000202
_2434_,VGND,li1,161.6900,76.1600,0.000191
_2433_,VGND,li1,163.0700,76.1600,0.000191
_2432_,VGND,li1,164.9100,76.1600,0.000191
_2431_,VGND,li1,159.3900,87.0400,0.000202
_2430_,VGND,li1,161.2300,103.3600,0.000642
_2429_,VGND,li1,163.0700,70.7200,0.000270
_2428_,VGND,li1,160.3100,76.1600,0.000191
_2427_,VGND,li1,155.2500,81.6000,0.000138
_2426_,VGND,li1,158.0100,70.7200,0.000270
_2425_,VGND,li1,156.1700,70.7200,0.000270
_2424_,VGND,li1,152.0300,70.7200,0.000270
_2423_,VGND,li1,152.9500,59.8400,0.000381
_2422_,VGND,li1,145.5900,59.8400,0.000381
_2421_,VGND,li1,151.3400,59.8400,0.000381
_2420_,VGND,li1,159.3900,59.8400,0.000381
_2419_,VGND,li1,147.8900,59.8400,0.000381
_2418_,VGND,li1,141.6800,59.8400,0.000381
_2417_,VGND,li1,151.1100,65.2800,0.000692
_2416_,VGND,li1,152.9500,65.2800,0.000692
_2415_,VGND,li1,144.2100,65.2800,0.000692
_2414_,VGND,li1,145.5900,59.8400,0.000381
_2413_,VGND,li1,158.0100,76.1600,0.000191
_2412_,VGND,li1,156.6300,76.1600,0.000191
_2411_,VGND,li1,157.0900,76.1600,0.000191
_2410_,VGND,li1,154.5600,76.1600,0.000191
_2409_,VGND,li1,157.5500,65.2800,0.000692
_2408_,VGND,li1,148.3500,76.1600,0.000191
_2407_,VGND,li1,149.2700,70.7200,0.000270
_2406_,VGND,li1,151.8000,70.7200,0.000270
_2405_,VGND,li1,154.7900,70.7200,0.000270
_2404_,VGND,li1,151.1100,65.2800,0.000692
_2403_,VGND,li1,144.4400,70.7200,0.000270
_2402_,VGND,li1,153.8700,76.1600,0.000191
_2401_,VGND,li1,145.1300,76.1600,0.000191
_2400_,VGND,li1,145.5900,70.7200,0.000270
_2399_,VGND,li1,148.8100,65.2800,0.000692
_2398_,VGND,li1,156.1700,81.6000,0.000138
_2397_,VGND,li1,132.4800,103.3600,0.000606
_2396_,VGND,li1,129.9500,97.9200,0.000245
_2395_,VGND,li1,126.0400,97.9200,0.000242
_2394_,VGND,li1,122.1300,103.3600,0.000570
_2393_,VGND,li1,123.2800,97.9200,0.000241
_2392_,VGND,li1,116.1500,97.9200,0.000235
_2391_,VGND,li1,115.9200,92.4800,0.000499
_2390_,VGND,li1,112.4700,92.4800,0.000494
_2389_,VGND,li1,116.3800,92.4800,0.000499
_2388_,VGND,li1,114.7700,87.0400,0.000175
_2387_,VGND,li1,110.8600,87.0400,0.000171
_2386_,VGND,li1,110.1700,81.6000,0.000132
_2385_,VGND,li1,114.5400,87.0400,0.000175
_2384_,VGND,li1,107.4100,81.6000,0.000130
_2383_,VGND,li1,78.4300,70.7200,0.000200
_2382_,VGND,li1,127.4200,108.8000,0.000196
_2381_,VGND,li1,128.1100,114.2400,0.000430
_2380_,VGND,li1,132.4800,119.6800,0.000702
_2379_,VGND,li1,125.8100,119.6800,0.000667
_2378_,VGND,li1,136.6200,125.1200,0.000084
_2377_,VGND,li1,129.4900,125.1200,0.000084
_2376_,VGND,li1,134.7800,136.0000,0.000126
_2375_,VGND,li1,133.1700,136.0000,0.000126
_2374_,VGND,li1,132.4800,146.8800,0.000071
_2373_,VGND,li1,118.4500,146.8800,0.000063
_2372_,VGND,li1,130.6400,152.3200,0.000105
_2371_,VGND,li1,120.7500,152.3200,0.000096
_2370_,VGND,li1,130.6400,152.3200,0.000105
_2369_,VGND,li1,128.5700,146.8800,0.000069
_2368_,VGND,li1,133.6300,141.4400,0.000037
_2367_,VGND,li1,99.8200,103.3600,0.000493
_2366_,VGND,li1,123.5100,152.3200,0.000099
_2365_,VGND,li1,153.1800,108.8000,0.000207
_2364_,VGND,li1,131.1000,114.2400,0.000439
_2363_,VGND,li1,132.2500,130.5600,0.000035
_2362_,VGND,li1,128.8000,125.1200,0.000084
_2361_,VGND,li1,127.6500,119.6800,0.000677
_2360_,VGND,li1,109.7100,119.6800,0.000579
_2359_,VGND,li1,117.0700,119.6800,0.000622
_2358_,VGND,li1,152.7200,114.2400,0.000453
_2357_,VGND,li1,128.8000,119.6800,0.000677
_2356_,VGND,li1,128.1100,130.5600,0.000035
_2355_,VGND,li1,123.5100,130.5600,0.000035
_2354_,VGND,li1,121.2100,130.5600,0.000035
_2353_,VGND,li1,123.9700,125.1200,0.000084
_2352_,VGND,li1,125.8100,125.1200,0.000084
_2351_,VGND,li1,115.2300,125.1200,0.000083
_2350_,VGND,li1,110.1700,125.1200,0.000083
_2349_,VGND,li1,146.2800,130.5600,0.000035
_2348_,VGND,li1,133.4000,125.1200,0.000084
_2347_,VGND,li1,135.4700,130.5600,0.000035
_2346_,VGND,li1,130.4100,130.5600,0.000035
_2345_,VGND,li1,129.9500,136.0000,0.000122
_2344_,VGND,li1,115.2300,130.5600,0.000034
_2343_,VGND,li1,117.9900,130.5600,0.000035
_2342_,VGND,li1,121.6700,125.1200,0.000084
_2341_,VGND,li1,112.4700,125.1200,0.000083
_2340_,VGND,li1,112.4700,125.1200,0.000083
_2339_,VGND,li1,141.6800,130.5600,0.000035
_2338_,VGND,li1,136.6200,136.0000,0.000129
_2337_,VGND,li1,126.2700,141.4400,0.000034
_2336_,VGND,li1,122.1300,141.4400,0.000033
_2335_,VGND,li1,113.8500,130.5600,0.000034
_2334_,VGND,li1,110.8600,130.5600,0.000034
_2333_,VGND,li1,117.5300,130.5600,0.000035
_2332_,VGND,li1,115.6900,136.0000,0.000110
_2331_,VGND,li1,101.4300,136.0000,0.000098
_2330_,VGND,li1,141.6800,141.4400,0.000039
_2329_,VGND,li1,130.6400,141.4400,0.000036
_2328_,VGND,li1,130.4100,141.4400,0.000036
_2327_,VGND,li1,129.4900,136.0000,0.000122
_2326_,VGND,li1,111.5500,136.0000,0.000106
_2325_,VGND,li1,110.8600,136.0000,0.000106
_2324_,VGND,li1,106.2600,136.0000,0.000102
_2323_,VGND,li1,98.6700,136.0000,0.000095
_2322_,VGND,li1,149.0400,152.3200,0.000117
_2321_,VGND,li1,132.0200,146.8800,0.000071
_2320_,VGND,li1,123.5100,136.0000,0.000117
_2319_,VGND,li1,123.0500,141.4400,0.000033
_2318_,VGND,li1,112.4700,141.4400,0.000030
_2317_,VGND,li1,102.5800,136.0000,0.000098
_2316_,VGND,li1,90.8500,136.0000,0.000087
_2315_,VGND,li1,107.1800,141.4400,0.000029
_2314_,VGND,li1,124.8900,163.2000,0.000065
_2313_,VGND,li1,124.6600,146.8800,0.000067
_2312_,VGND,li1,130.8700,136.0000,0.000124
_2311_,VGND,li1,116.6100,141.4400,0.000032
_2310_,VGND,li1,106.2600,136.0000,0.000102
_2309_,VGND,li1,104.4200,141.4400,0.000028
_2308_,VGND,li1,80.9600,152.3200,0.000059
_2307_,VGND,li1,125.8100,136.0000,0.000120
_2306_,VGND,li1,119.6000,146.8800,0.000063
_2305_,VGND,li1,116.1500,141.4400,0.000032
_2304_,VGND,li1,132.9400,163.2000,0.000067
_2303_,VGND,li1,128.3400,146.8800,0.000068
_2302_,VGND,li1,119.8300,141.4400,0.000033
_2301_,VGND,li1,115.2300,136.0000,0.000110
_2300_,VGND,li1,44.3900,103.3600,0.000266
_2299_,VGND,li1,103.5000,103.3600,0.000502
_2298_,VGND,li1,99.1300,103.3600,0.000485
_2297_,VGND,li1,97.2900,97.9200,0.000219
_2296_,VGND,li1,127.6500,141.4400,0.000035
_2295_,VGND,li1,125.8100,114.2400,0.000419
_2294_,VGND,li1,123.5100,108.8000,0.000192
_2293_,VGND,li1,109.7100,103.3600,0.000524
_2292_,VGND,li1,106.4900,108.8000,0.000174
_2291_,VGND,li1,117.3000,108.8000,0.000185
_2290_,VGND,li1,115.2300,114.2400,0.000389
_2289_,VGND,li1,100.2800,76.1600,0.000163
_2288_,VGND,li1,101.2000,87.0400,0.000159
_2287_,VGND,li1,101.4300,92.4800,0.000485
_2286_,VGND,li1,98.6700,87.0400,0.000156
_2285_,VGND,li1,72.4500,87.0400,0.000124
_2284_,VGND,li1,136.8500,92.4800,0.000511
_2283_,VGND,li1,42.5500,81.6000,0.000071
_2282_,VGND,li1,129.2600,103.3600,0.000596
_2281_,VGND,li1,110.1700,130.5600,0.000034
_2280_,VGND,li1,129.0300,87.0400,0.000189
_2279_,VGND,li1,106.4900,130.5600,0.000034
_2278_,VGND,li1,86.7100,76.1600,0.000150
_2277_,VGND,li1,97.9800,76.1600,0.000161
_2276_,VGND,li1,100.0500,81.6000,0.000125
_2275_,VGND,li1,103.7300,87.0400,0.000162
_2274_,VGND,li1,165.6000,103.3600,0.000642
_2273_,VGND,li1,171.8100,97.9200,0.000258
_2272_,VGND,li1,166.5200,108.8000,0.000207
_2271_,VGND,li1,157.0900,108.8000,0.000207
_2270_,VGND,li1,159.6200,108.8000,0.000207
_2269_,VGND,li1,163.3000,108.8000,0.000207
_2268_,VGND,li1,164.2200,114.2400,0.000456
_2267_,VGND,li1,164.4500,108.8000,0.000207
_2266_,VGND,li1,162.1500,108.8000,0.000207
_2265_,VGND,li1,158.7000,114.2400,0.000454
_2264_,VGND,li1,169.9700,119.6800,0.000747
_2263_,VGND,li1,165.3700,119.6800,0.000745
_2262_,VGND,li1,160.0800,119.6800,0.000744
_2261_,VGND,li1,162.3800,119.6800,0.000744
_2260_,VGND,li1,161.9200,119.6800,0.000744
_2259_,VGND,li1,170.4300,125.1200,0.000084
_2258_,VGND,li1,165.8300,130.5600,0.000035
_2257_,VGND,li1,158.0100,130.5600,0.000035
_2256_,VGND,li1,162.6100,130.5600,0.000035
_2255_,VGND,li1,162.1500,125.1200,0.000084
_2254_,VGND,li1,169.5100,136.0000,0.000143
_2253_,VGND,li1,165.8300,141.4400,0.000041
_2252_,VGND,li1,162.3800,141.4400,0.000041
_2251_,VGND,li1,158.7000,141.4400,0.000041
_2250_,VGND,li1,161.2300,136.0000,0.000141
_2249_,VGND,li1,169.5100,141.4400,0.000041
_2248_,VGND,li1,164.4500,146.8800,0.000083
_2247_,VGND,li1,161.9200,146.8800,0.000082
_2246_,VGND,li1,159.3900,152.3200,0.000120
_2245_,VGND,li1,161.4600,152.3200,0.000121
_2244_,VGND,li1,166.7500,146.8800,0.000084
_2243_,VGND,li1,168.5900,152.3200,0.000123
_2242_,VGND,li1,166.2900,163.2000,0.000068
_2241_,VGND,li1,162.6100,163.2000,0.000068
_2240_,VGND,li1,160.0800,163.2000,0.000068
_2239_,VGND,li1,168.1300,157.7600,0.000081
_2238_,VGND,li1,163.5300,163.2000,0.000068
_2237_,VGND,li1,152.0300,157.7600,0.000076
_2236_,VGND,li1,154.1000,163.2000,0.000068
_2235_,VGND,li1,158.0100,152.3200,0.000120
_2234_,VGND,li1,158.0100,152.3200,0.000120
_2233_,VGND,li1,159.3900,146.8800,0.000081
_2232_,VGND,li1,150.6500,163.2000,0.000068
_2231_,VGND,li1,150.8800,163.2000,0.000068
_2230_,VGND,li1,148.3500,103.3600,0.000641
_2229_,VGND,li1,146.7400,163.2000,0.000068
_2228_,VGND,li1,145.8200,157.7600,0.000074
_2227_,VGND,li1,139.8400,163.2000,0.000068
_2226_,VGND,li1,154.5600,157.7600,0.000076
_2225_,VGND,li1,155.4800,152.3200,0.000119
_2224_,VGND,li1,156.4000,141.4400,0.000041
_2223_,VGND,li1,153.1800,136.0000,0.000138
_2222_,VGND,li1,156.4000,130.5600,0.000035
_2221_,VGND,li1,157.3200,125.1200,0.000084
_2220_,VGND,li1,159.6200,114.2400,0.000455
_2219_,VGND,li1,161.2300,114.2400,0.000455
_2218_,VGND,li1,153.8700,114.2400,0.000453
_2217_,VGND,li1,152.4900,130.5600,0.000035
_2216_,VGND,li1,161.2300,130.5600,0.000035
_2215_,VGND,li1,158.4700,141.4400,0.000041
_2214_,VGND,li1,149.2700,146.8800,0.000078
_2213_,VGND,li1,155.7100,163.2000,0.000068
_2212_,VGND,li1,143.7500,163.2000,0.000068
_2211_,VGND,li1,140.3000,97.9200,0.000251
_2210_,VGND,li1,158.2400,157.7600,0.000078
_2209_,VGND,li1,157.0900,163.2000,0.000068
_2208_,VGND,li1,156.6300,157.7600,0.000077
_2207_,VGND,li1,148.3500,157.7600,0.000075
_2206_,VGND,li1,144.2100,163.2000,0.000068
_2205_,VGND,li1,160.5400,141.4400,0.000041
_2204_,VGND,li1,162.1500,136.0000,0.000141
_2203_,VGND,li1,158.4700,119.6800,0.000743
_2202_,VGND,li1,157.0900,114.2400,0.000454
_2201_,VGND,li1,165.3700,125.1200,0.000084
_2200_,VGND,li1,163.5300,125.1200,0.000084
_2199_,VGND,li1,162.6100,141.4400,0.000041
_2198_,VGND,li1,145.8200,157.7600,0.000074
_2197_,VGND,li1,157.7800,163.2000,0.000068
_2196_,VGND,li1,160.3100,152.3200,0.000120
_2195_,VGND,li1,156.6300,152.3200,0.000120
_2194_,VGND,li1,157.3200,146.8800,0.000081
_2193_,VGND,li1,158.7000,136.0000,0.000140
_2192_,VGND,li1,160.5400,125.1200,0.000084
_2191_,VGND,li1,163.5300,119.6800,0.000744
_2190_,VGND,li1,155.9400,114.2400,0.000454
_2189_,VGND,li1,152.4900,114.2400,0.000453
_2188_,VGND,li1,158.0100,119.6800,0.000743
_2187_,VGND,li1,156.6300,119.6800,0.000742
_2186_,VGND,li1,152.7200,125.1200,0.000084
_2185_,VGND,li1,155.4800,125.1200,0.000084
_2184_,VGND,li1,159.8500,130.5600,0.000035
_2183_,VGND,li1,154.3300,130.5600,0.000035
_2182_,VGND,li1,155.7100,136.0000,0.000139
_2181_,VGND,li1,151.8000,146.8800,0.000079
_2180_,VGND,li1,152.7200,141.4400,0.000041
_2179_,VGND,li1,151.8000,152.3200,0.000118
_2178_,VGND,li1,154.5600,152.3200,0.000119
_2177_,VGND,li1,153.6400,163.2000,0.000068
_2176_,VGND,li1,151.3400,168.6400,0.000000
_2175_,VGND,li1,141.6800,163.2000,0.000068
_2174_,VGND,li1,140.3000,168.6400,0.000000
_2173_,VGND,li1,131.7900,92.4800,0.000510
_2172_,VGND,li1,135.9300,97.9200,0.000248
_2171_,VGND,li1,144.6700,87.0400,0.000200
_2170_,VGND,li1,144.6700,92.4800,0.000514
_2169_,VGND,li1,127.1900,81.6000,0.000138
_2168_,VGND,li1,130.4100,81.6000,0.000138
_2167_,VGND,li1,141.4500,81.6000,0.000138
_2166_,VGND,li1,137.7700,76.1600,0.000191
_2165_,VGND,li1,129.9500,65.2800,0.000691
_2164_,VGND,li1,135.4700,65.2800,0.000692
_2163_,VGND,li1,46.9200,38.0800,0.000081
_2162_,VGND,li1,44.1600,38.0800,0.000074
_2161_,VGND,li1,67.8500,119.6800,0.000363
_2160_,VGND,li1,59.5700,130.5600,0.000033
_2159_,VGND,li1,52.6700,130.5600,0.000031
_2158_,VGND,li1,46.6900,130.5600,0.000029
_2157_,VGND,li1,38.4100,130.5600,0.000026
_2156_,VGND,li1,38.4100,114.2400,0.000122
_2155_,VGND,li1,51.2900,130.5600,0.000031
_2154_,VGND,li1,68.7700,103.3600,0.000383
_2153_,VGND,li1,71.9900,97.9200,0.000197
_2152_,VGND,li1,38.8700,87.0400,0.000075
_2151_,VGND,li1,42.5500,81.6000,0.000071
_2150_,VGND,li1,59.1100,92.4800,0.000316
_2149_,VGND,li1,71.9900,76.1600,0.000137
_2148_,VGND,li1,76.5900,76.1600,0.000142
_2147_,VGND,li1,35.1900,108.8000,0.000069
_2146_,VGND,li1,33.8100,114.2400,0.000098
_2145_,VGND,li1,67.8500,65.2800,0.000443
_2144_,VGND,li1,48.5300,70.7200,0.000128
_2143_,VGND,li1,43.7000,65.2800,0.000253
_2142_,VGND,li1,41.8600,65.2800,0.000237
_2141_,VGND,li1,43.4700,59.8400,0.000252
_2140_,VGND,li1,24.1500,119.6800,0.000079
_2139_,VGND,li1,33.8100,125.1200,0.000041
_2138_,VGND,li1,28.7500,125.1200,0.000032
_2137_,VGND,li1,22.7700,125.1200,0.000027
_2136_,VGND,li1,14.4900,130.5600,0.000018
_2135_,VGND,li1,13.1100,114.2400,0.000059
_2134_,VGND,li1,20.9300,108.8000,0.000038
_2133_,VGND,li1,12.6500,48.9600,0.000024
_2132_,VGND,li1,31.0500,97.9200,0.000099
_2131_,VGND,li1,25.5300,103.3600,0.000101
_2130_,VGND,li1,29.2100,97.9200,0.000091
_2129_,VGND,li1,28.2900,92.4800,0.000125
_2128_,VGND,li1,20.9300,87.0400,0.000041
_2127_,VGND,li1,26.4500,81.6000,0.000038
_2126_,VGND,li1,34.2700,81.6000,0.000055
_2125_,VGND,li1,33.8100,70.7200,0.000086
_2124_,VGND,li1,34.7300,76.1600,0.000072
_2123_,VGND,li1,29.6700,43.5200,0.000046
_2122_,VGND,li1,33.8100,43.5200,0.000058
_2121_,VGND,li1,32.4300,38.0800,0.000052
_2120_,VGND,li1,25.0700,119.6800,0.000079
_2119_,VGND,li1,20.9300,119.6800,0.000080
_2118_,VGND,li1,14.0300,125.1200,0.000031
_2117_,VGND,li1,13.1100,119.6800,0.000082
_2116_,VGND,li1,12.1900,108.8000,0.000038
_2115_,VGND,li1,11.7300,59.8400,0.000100
_2114_,VGND,li1,12.1900,54.4000,0.000075
_2113_,VGND,li1,12.1900,103.3600,0.000109
_2112_,VGND,li1,20.9300,97.9200,0.000066
_2111_,VGND,li1,21.3900,92.4800,0.000094
_2110_,VGND,li1,11.7300,92.4800,0.000101
_2109_,VGND,li1,14.0300,81.6000,0.000036
_2108_,VGND,li1,20.9300,81.6000,0.000034
_2107_,VGND,li1,24.1500,76.1600,0.000044
_2106_,VGND,li1,23.6900,70.7200,0.000051
_2105_,VGND,li1,14.9500,76.1600,0.000051
_2104_,VGND,li1,22.7700,38.0800,0.000038
_2103_,VGND,li1,59.1100,119.6800,0.000315
_2102_,VGND,li1,63.0200,119.6800,0.000335
_2101_,VGND,li1,79.1200,119.6800,0.000425
_2100_,VGND,li1,78.8900,59.8400,0.000358
_2099_,VGND,li1,77.9700,130.5600,0.000034
_2098_,VGND,li1,84.8700,141.4400,0.000022
_2097_,VGND,li1,56.3500,125.1200,0.000077
_2096_,VGND,li1,59.3400,119.6800,0.000315
_2095_,VGND,li1,84.6400,125.1200,0.000083
_2094_,VGND,li1,85.7900,48.9600,0.000079
_2093_,VGND,li1,84.8700,130.5600,0.000034
_2092_,VGND,li1,83.4900,130.5600,0.000034
_2091_,VGND,li1,52.6700,119.6800,0.000272
_2090_,VGND,li1,49.2200,119.6800,0.000254
_2089_,VGND,li1,80.0400,125.1200,0.000082
_2088_,VGND,li1,84.8700,48.9600,0.000079
_2087_,VGND,li1,80.2700,130.5600,0.000034
_2086_,VGND,li1,80.7300,125.1200,0.000082
_2085_,VGND,li1,46.2300,130.5600,0.000029
_2084_,VGND,li1,42.3200,119.6800,0.000210
_2083_,VGND,li1,74.0600,125.1200,0.000082
_2082_,VGND,li1,76.5900,48.9600,0.000073
_2081_,VGND,li1,74.7500,130.5600,0.000034
_2080_,VGND,li1,72.4500,130.5600,0.000034
_2079_,VGND,li1,38.8700,125.1200,0.000051
_2078_,VGND,li1,42.3200,114.2400,0.000139
_2077_,VGND,li1,68.0800,125.1200,0.000082
_2076_,VGND,li1,71.5300,54.4000,0.000371
_2075_,VGND,li1,67.8500,130.5600,0.000034
_2074_,VGND,li1,70.1500,130.5600,0.000034
_2073_,VGND,li1,46.2300,114.2400,0.000157
_2072_,VGND,li1,46.4600,108.8000,0.000100
_2071_,VGND,li1,66.7000,108.8000,0.000135
_2070_,VGND,li1,65.0900,43.5200,0.000111
_2069_,VGND,li1,69.9200,136.0000,0.000070
_2068_,VGND,li1,71.5300,130.5600,0.000034
_2067_,VGND,li1,51.2900,114.2400,0.000171
_2066_,VGND,li1,50.6000,108.8000,0.000109
_2065_,VGND,li1,68.0800,125.1200,0.000082
_2064_,VGND,li1,61.8700,43.5200,0.000107
_2063_,VGND,li1,67.6200,130.5600,0.000034
_2062_,VGND,li1,76.1300,130.5600,0.000034
_2061_,VGND,li1,67.8500,136.0000,0.000068
_2060_,VGND,li1,74.2900,130.5600,0.000034
_2059_,VGND,li1,80.7300,130.5600,0.000034
_2058_,VGND,li1,85.7900,130.5600,0.000034
_2057_,VGND,li1,75.6700,125.1200,0.000082
_2056_,VGND,li1,59.5700,114.2400,0.000210
_2055_,VGND,li1,61.1800,103.3600,0.000355
_2054_,VGND,li1,91.7700,103.3600,0.000463
_2053_,VGND,li1,95.4500,108.8000,0.000164
_2052_,VGND,li1,103.5000,97.9200,0.000225
_2051_,VGND,li1,89.7000,130.5600,0.000034
_2050_,VGND,li1,71.9900,103.3600,0.000392
_2049_,VGND,li1,59.3400,97.9200,0.000182
_2048_,VGND,li1,89.7000,97.9200,0.000212
_2047_,VGND,li1,90.8500,119.6800,0.000486
_2046_,VGND,li1,97.7500,114.2400,0.000333
_2045_,VGND,li1,92.4600,130.5600,0.000034
_2044_,VGND,li1,95.2200,136.0000,0.000091
_2043_,VGND,li1,46.2300,103.3600,0.000278
_2042_,VGND,li1,52.9000,92.4800,0.000283
_2041_,VGND,li1,93.3800,97.9200,0.000215
_2040_,VGND,li1,91.3100,119.6800,0.000486
_2039_,VGND,li1,95.9100,114.2400,0.000327
_2038_,VGND,li1,118.9100,108.8000,0.000188
_2037_,VGND,li1,85.7900,119.6800,0.000452
_2036_,VGND,li1,48.9900,87.0400,0.000095
_2035_,VGND,li1,50.1400,87.0400,0.000095
_2034_,VGND,li1,91.0800,87.0400,0.000147
_2033_,VGND,li1,91.0800,108.8000,0.000159
_2032_,VGND,li1,92.9200,108.8000,0.000162
_2031_,VGND,li1,106.9500,103.3600,0.000518
_2030_,VGND,li1,94.0700,119.6800,0.000498
_2029_,VGND,li1,55.4300,81.6000,0.000092
_2028_,VGND,li1,57.9600,81.6000,0.000094
_2027_,VGND,li1,86.9400,87.0400,0.000143
_2026_,VGND,li1,91.3100,103.3600,0.000463
_2025_,VGND,li1,92.6900,97.9200,0.000215
_2024_,VGND,li1,94.0700,92.4800,0.000477
_2023_,VGND,li1,97.2900,97.9200,0.000219
_2022_,VGND,li1,86.9400,114.2400,0.000299
_2021_,VGND,li1,63.7100,76.1600,0.000128
_2020_,VGND,li1,65.3200,81.6000,0.000103
_2019_,VGND,li1,90.1600,81.6000,0.000120
_2018_,VGND,li1,87.8600,103.3600,0.000451
_2017_,VGND,li1,90.3900,97.9200,0.000212
_2016_,VGND,li1,88.0900,87.0400,0.000143
_2015_,VGND,li1,85.7900,108.8000,0.000154
_2014_,VGND,li1,88.3200,108.8000,0.000157
_2013_,VGND,li1,85.7900,114.2400,0.000292
_2012_,VGND,li1,56.8100,70.7200,0.000150
_2011_,VGND,li1,60.2600,70.7200,0.000161
_2010_,VGND,li1,80.7300,76.1600,0.000145
_2009_,VGND,li1,89.4700,76.1600,0.000153
_2008_,VGND,li1,88.5500,81.6000,0.000118
_2007_,VGND,li1,84.6400,103.3600,0.000439
_2006_,VGND,li1,78.4300,97.9200,0.000202
_2005_,VGND,li1,59.1100,70.7200,0.000161
_2004_,VGND,li1,59.3400,65.2800,0.000380
_2003_,VGND,li1,85.3300,70.7200,0.000214
_2002_,VGND,li1,97.7500,70.7200,0.000236
_2001_,VGND,li1,94.9900,70.7200,0.000232
_2000_,VGND,li1,90.3900,70.7200,0.000224
_1999_,VGND,li1,98.2100,108.8000,0.000167
_1998_,VGND,li1,89.2400,70.7200,0.000219
_1997_,VGND,li1,89.0100,65.2800,0.000590
_1996_,VGND,li1,94.3000,87.0400,0.000151
_1995_,VGND,li1,92.0000,76.1600,0.000155
_1994_,VGND,li1,94.3000,87.0400,0.000151
_1993_,VGND,li1,95.4500,97.9200,0.000218
_1992_,VGND,li1,101.2000,87.0400,0.000159
_1991_,VGND,li1,104.6500,92.4800,0.000488
_1990_,VGND,li1,100.9700,97.9200,0.000223
_1989_,VGND,li1,105.8000,108.8000,0.000174
_1988_,VGND,li1,118.2200,119.6800,0.000622
_1987_,VGND,li1,110.8600,97.9200,0.000231
_1986_,VGND,li1,106.4900,97.9200,0.000227
_1985_,VGND,li1,102.8100,92.4800,0.000487
_1984_,VGND,li1,98.6700,92.4800,0.000482
_1983_,VGND,li1,91.5400,87.0400,0.000147
_1982_,VGND,li1,105.5700,87.0400,0.000165
_1981_,VGND,li1,105.3400,76.1600,0.000167
_1980_,VGND,li1,102.8100,76.1600,0.000165
_1979_,VGND,li1,100.0500,76.1600,0.000163
_1978_,VGND,li1,102.8100,76.1600,0.000165
_1977_,VGND,li1,119.1400,108.8000,0.000188
_1976_,VGND,li1,116.3800,114.2400,0.000389
_1975_,VGND,li1,114.5400,119.6800,0.000609
_1974_,VGND,li1,84.4100,76.1600,0.000147
_1973_,VGND,li1,85.1000,97.9200,0.000208
_1972_,VGND,li1,78.4300,97.9200,0.000202
_1971_,VGND,li1,91.0800,125.1200,0.000083
_1970_,VGND,li1,75.2100,136.0000,0.000075
_1969_,VGND,li1,73.1400,141.4400,0.000018
_1968_,VGND,li1,72.4500,146.8800,0.000035
_1967_,VGND,li1,89.4700,114.2400,0.000307
_1966_,VGND,li1,88.0900,114.2400,0.000299
_1965_,VGND,li1,82.5700,108.8000,0.000150
_1964_,VGND,li1,90.6200,125.1200,0.000083
_1963_,VGND,li1,86.2500,136.0000,0.000084
_1962_,VGND,li1,78.8900,136.0000,0.000078
_1961_,VGND,li1,83.0300,136.0000,0.000082
_1960_,VGND,li1,87.1700,125.1200,0.000083
_1959_,VGND,li1,48.3000,103.3600,0.000291
_1958_,VGND,li1,55.4300,108.8000,0.000119
_1957_,VGND,li1,37.7200,103.3600,0.000214
_1956_,VGND,li1,46.0000,119.6800,0.000223
_1955_,VGND,li1,68.7700,87.0400,0.000121
_1954_,VGND,li1,68.5400,81.6000,0.000106
_1953_,VGND,li1,67.1600,92.4800,0.000359
_1952_,VGND,li1,32.8900,108.8000,0.000062
_1951_,VGND,li1,35.8800,87.0400,0.000068
_1950_,VGND,li1,41.8600,125.1200,0.000059
_1949_,VGND,li1,37.7200,108.8000,0.000076
_1948_,VGND,li1,36.5700,87.0400,0.000068
_1947_,VGND,li1,38.6400,108.8000,0.000076
_1946_,VGND,li1,78.8900,103.3600,0.000415
_1945_,VGND,li1,88.0900,119.6800,0.000472
_1944_,VGND,li1,87.4000,136.0000,0.000085
_1943_,VGND,li1,79.1200,141.4400,0.000020
_1942_,VGND,li1,75.9000,141.4400,0.000019
_1941_,VGND,li1,77.0500,141.4400,0.000019
_1940_,VGND,li1,77.0500,146.8800,0.000038
_1939_,VGND,li1,73.6000,141.4400,0.000018
_1938_,VGND,li1,71.5300,136.0000,0.000070
_1937_,VGND,li1,71.5300,136.0000,0.000070
_1936_,VGND,li1,66.4700,136.0000,0.000066
_1935_,VGND,li1,49.4500,141.4400,0.000010
_1934_,VGND,li1,61.8700,141.4400,0.000015
_1933_,VGND,li1,69.0000,141.4400,0.000017
_1932_,VGND,li1,62.7900,141.4400,0.000015
_1931_,VGND,li1,65.5500,141.4400,0.000016
_1930_,VGND,li1,39.7900,141.4400,0.000007
_1929_,VGND,li1,42.0900,146.8800,0.000017
_1928_,VGND,li1,80.0400,146.8800,0.000040
_1927_,VGND,li1,83.0300,141.4400,0.000021
_1926_,VGND,li1,73.8300,146.8800,0.000035
_1925_,VGND,li1,64.8600,146.8800,0.000030
_1924_,VGND,li1,67.8500,152.3200,0.000048
_1923_,VGND,li1,67.3900,141.4400,0.000017
_1922_,VGND,li1,66.4700,146.8800,0.000031
_1921_,VGND,li1,57.7300,146.8800,0.000026
_1920_,VGND,li1,49.9100,146.8800,0.000021
_1919_,VGND,li1,91.0800,141.4400,0.000024
_1918_,VGND,li1,88.3200,141.4400,0.000023
_1917_,VGND,li1,80.7300,141.4400,0.000021
_1916_,VGND,li1,85.5600,146.8800,0.000042
_1915_,VGND,li1,78.6600,146.8800,0.000038
_1914_,VGND,li1,85.3300,141.4400,0.000022
_1913_,VGND,li1,77.9700,152.3200,0.000057
_1912_,VGND,li1,87.1700,141.4400,0.000023
_1911_,VGND,li1,98.6700,146.8800,0.000051
_1910_,VGND,li1,96.3700,157.7600,0.000050
_1909_,VGND,li1,95.4500,146.8800,0.000049
_1908_,VGND,li1,100.7400,146.8800,0.000052
_1907_,VGND,li1,89.4700,146.8800,0.000045
_1906_,VGND,li1,92.2300,146.8800,0.000047
_1905_,VGND,li1,85.3300,152.3200,0.000063
_1904_,VGND,li1,92.2300,152.3200,0.000070
_1903_,VGND,li1,94.0700,136.0000,0.000091
_1902_,VGND,li1,100.0500,125.1200,0.000083
_1901_,VGND,li1,97.2900,130.5600,0.000034
_1900_,VGND,li1,96.8300,125.1200,0.000083
_1899_,VGND,li1,104.1900,125.1200,0.000083
_1898_,VGND,li1,106.2600,125.1200,0.000083
_1897_,VGND,li1,98.2100,125.1200,0.000083
_1896_,VGND,li1,101.8900,125.1200,0.000083
_1895_,VGND,li1,103.7300,125.1200,0.000083
_1894_,VGND,li1,93.1500,119.6800,0.000498
_1893_,VGND,li1,84.4100,119.6800,0.000452
_1892_,VGND,li1,81.6500,119.6800,0.000438
_1891_,VGND,li1,81.6500,97.9200,0.000204
_1890_,VGND,li1,75.2100,97.9200,0.000200
_1889_,VGND,li1,80.7300,97.9200,0.000204
_1888_,VGND,li1,74.2900,108.8000,0.000143
_1887_,VGND,li1,78.8900,108.8000,0.000147
_1886_,VGND,li1,76.5900,108.8000,0.000145
_1885_,VGND,li1,77.9700,114.2400,0.000270
_1884_,VGND,li1,79.1200,108.8000,0.000147
_1883_,VGND,li1,100.7400,125.1200,0.000083
_1882_,VGND,li1,98.6700,136.0000,0.000095
_1881_,VGND,li1,106.2600,119.6800,0.000557
_1880_,VGND,li1,109.7100,119.6800,0.000579
_1879_,VGND,li1,97.2900,141.4400,0.000026
_1878_,VGND,li1,94.0700,141.4400,0.000024
_1877_,VGND,li1,46.6900,141.4400,0.000010
_1876_,VGND,li1,36.1100,141.4400,0.000007
_1875_,VGND,li1,35.6500,141.4400,0.000007
_1874_,VGND,li1,31.5100,141.4400,0.000005
_1873_,VGND,li1,29.4400,141.4400,0.000004
_1872_,VGND,li1,38.6400,146.8800,0.000015
_1871_,VGND,li1,36.5700,146.8800,0.000014
_1870_,VGND,li1,35.1900,146.8800,0.000012
_1869_,VGND,li1,46.0000,146.8800,0.000018
_1868_,VGND,li1,53.3600,146.8800,0.000023
_1867_,VGND,li1,64.4000,152.3200,0.000044
_1866_,VGND,li1,74.5200,152.3200,0.000054
_1865_,VGND,li1,72.4500,157.7600,0.000035
_1864_,VGND,li1,87.8600,152.3200,0.000065
_1863_,VGND,li1,92.4600,157.7600,0.000047
_1862_,VGND,li1,98.9000,157.7600,0.000051
_1861_,VGND,li1,99.5900,152.3200,0.000077
_1860_,VGND,li1,98.6700,146.8800,0.000051
_1859_,VGND,li1,100.9700,152.3200,0.000077
_1858_,VGND,li1,103.9600,146.8800,0.000053
_1857_,VGND,li1,107.4100,146.8800,0.000056
_1856_,VGND,li1,110.1700,146.8800,0.000057
_1855_,VGND,li1,107.4100,152.3200,0.000084
_1854_,VGND,li1,102.3500,152.3200,0.000080
_1853_,VGND,li1,105.3400,152.3200,0.000082
_1852_,VGND,li1,106.7200,146.8800,0.000056
_1851_,VGND,li1,105.1100,141.4400,0.000028
_1850_,VGND,li1,102.8100,146.8800,0.000053
_1849_,VGND,li1,109.7100,157.7600,0.000058
_1848_,VGND,li1,110.1700,157.7600,0.000058
_1847_,VGND,li1,116.1500,157.7600,0.000062
_1846_,VGND,li1,101.4300,157.7600,0.000052
_1845_,VGND,li1,104.1900,157.7600,0.000054
_1844_,VGND,li1,112.7000,157.7600,0.000060
_1843_,VGND,li1,114.7700,152.3200,0.000091
_1842_,VGND,li1,115.2300,157.7600,0.000061
_1841_,VGND,li1,112.0100,163.2000,0.000057
_1840_,VGND,li1,109.9400,163.2000,0.000056
_1839_,VGND,li1,107.8700,157.7600,0.000057
_1838_,VGND,li1,112.0100,157.7600,0.000060
_1837_,VGND,li1,110.8600,152.3200,0.000086
_1836_,VGND,li1,113.3900,174.0800,0.000000
_1835_,VGND,li1,112.0100,168.6400,0.000000
_1834_,VGND,li1,92.6900,157.7600,0.000047
_1833_,VGND,li1,94.9900,163.2000,0.000048
_1832_,VGND,li1,96.8300,163.2000,0.000049
_1831_,VGND,li1,110.4000,168.6400,0.000000
_1830_,VGND,li1,110.1700,174.0800,0.000000
_1829_,VGND,li1,118.4500,168.6400,0.000000
_1828_,VGND,li1,110.6300,174.0800,0.000000
_1827_,VGND,li1,118.9100,174.0800,0.000000
_1826_,VGND,li1,110.6300,179.5200,0.000000
_1825_,VGND,li1,116.6100,174.0800,0.000000
_1824_,VGND,li1,116.1500,174.0800,0.000000
_1823_,VGND,li1,115.2300,168.6400,0.000000
_1822_,VGND,li1,114.7700,163.2000,0.000058
_1821_,VGND,li1,114.3100,168.6400,0.000000
_1820_,VGND,li1,106.9500,163.2000,0.000055
_1819_,VGND,li1,112.0100,146.8800,0.000058
_1818_,VGND,li1,101.4300,174.0800,0.000000
_1817_,VGND,li1,93.1500,163.2000,0.000046
_1816_,VGND,li1,85.7900,157.7600,0.000043
_1815_,VGND,li1,87.8600,157.7600,0.000044
_1814_,VGND,li1,85.7900,157.7600,0.000043
_1813_,VGND,li1,94.3000,168.6400,0.000000
_1812_,VGND,li1,91.3100,168.6400,0.000000
_1811_,VGND,li1,100.5100,168.6400,0.000000
_1810_,VGND,li1,91.7700,168.6400,0.000000
_1809_,VGND,li1,98.2100,174.0800,0.000000
_1808_,VGND,li1,93.6100,179.5200,0.000000
_1807_,VGND,li1,100.0500,174.0800,0.000000
_1806_,VGND,li1,100.5100,168.6400,0.000000
_1805_,VGND,li1,103.7300,168.6400,0.000000
_1804_,VGND,li1,101.4300,163.2000,0.000051
_1803_,VGND,li1,98.2100,168.6400,0.000000
_1802_,VGND,li1,103.2700,179.5200,0.000000
_1801_,VGND,li1,105.3400,174.0800,0.000000
_1800_,VGND,li1,101.4300,179.5200,0.000000
_1799_,VGND,li1,112.9300,179.5200,0.000000
_1798_,VGND,li1,104.6500,179.5200,0.000000
_1797_,VGND,li1,86.2500,168.6400,0.000000
_1796_,VGND,li1,78.6600,157.7600,0.000038
_1795_,VGND,li1,75.2100,157.7600,0.000037
_1794_,VGND,li1,80.7300,157.7600,0.000040
_1793_,VGND,li1,83.0300,157.7600,0.000041
_1792_,VGND,li1,76.5900,168.6400,0.000000
_1791_,VGND,li1,82.3400,163.2000,0.000040
_1790_,VGND,li1,84.6400,163.2000,0.000041
_1789_,VGND,li1,85.3300,163.2000,0.000041
_1788_,VGND,li1,79.3500,168.6400,0.000000
_1787_,VGND,li1,75.6700,168.6400,0.000000
_1786_,VGND,li1,80.2700,163.2000,0.000039
_1785_,VGND,li1,74.7500,168.6400,0.000000
_1784_,VGND,li1,83.9500,174.0800,0.000000
_1783_,VGND,li1,81.6500,168.6400,0.000000
_1782_,VGND,li1,80.7300,174.0800,0.000000
_1781_,VGND,li1,86.2500,174.0800,0.000000
_1780_,VGND,li1,91.3100,174.0800,0.000000
_1779_,VGND,li1,89.9300,179.5200,0.000000
_1778_,VGND,li1,90.3900,179.5200,0.000000
_1777_,VGND,li1,87.1700,179.5200,0.000000
_1776_,VGND,li1,84.8700,179.5200,0.000000
_1775_,VGND,li1,85.5600,179.5200,0.000000
_1774_,VGND,li1,74.7500,179.5200,0.000000
_1773_,VGND,li1,71.9900,163.2000,0.000034
_1772_,VGND,li1,65.5500,157.7600,0.000031
_1771_,VGND,li1,70.1500,152.3200,0.000050
_1770_,VGND,li1,61.4100,152.3200,0.000042
_1769_,VGND,li1,61.6400,152.3200,0.000042
_1768_,VGND,li1,62.5600,157.7600,0.000029
_1767_,VGND,li1,66.0100,163.2000,0.000030
_1766_,VGND,li1,68.3100,157.7600,0.000033
_1765_,VGND,li1,60.9500,157.7600,0.000028
_1764_,VGND,li1,62.7900,163.2000,0.000029
_1763_,VGND,li1,64.8600,163.2000,0.000030
_1762_,VGND,li1,68.7700,163.2000,0.000032
_1761_,VGND,li1,69.6900,163.2000,0.000033
_1760_,VGND,li1,67.8500,168.6400,0.000000
_1759_,VGND,li1,69.6900,168.6400,0.000000
_1758_,VGND,li1,64.6300,168.6400,0.000000
_1757_,VGND,li1,62.3300,168.6400,0.000000
_1756_,VGND,li1,64.4000,179.5200,0.000000
_1755_,VGND,li1,65.5500,174.0800,0.000000
_1754_,VGND,li1,67.8500,174.0800,0.000000
_1753_,VGND,li1,76.1300,174.0800,0.000000
_1752_,VGND,li1,77.0500,179.5200,0.000000
_1751_,VGND,li1,73.3700,174.0800,0.000000
_1750_,VGND,li1,66.9300,179.5200,0.000000
_1749_,VGND,li1,66.4700,174.0800,0.000000
_1748_,VGND,li1,69.2300,179.5200,0.000000
_1747_,VGND,li1,62.3300,179.5200,0.000000
_1746_,VGND,li1,64.4000,174.0800,0.000000
_1745_,VGND,li1,59.1100,174.0800,0.000000
_1744_,VGND,li1,55.4300,163.2000,0.000024
_1743_,VGND,li1,54.9700,152.3200,0.000035
_1742_,VGND,li1,55.4300,152.3200,0.000035
_1741_,VGND,li1,53.8200,152.3200,0.000035
_1740_,VGND,li1,51.5200,152.3200,0.000032
_1739_,VGND,li1,57.2700,152.3200,0.000038
_1738_,VGND,li1,49.9100,157.7600,0.000022
_1737_,VGND,li1,52.6700,157.7600,0.000023
_1736_,VGND,li1,51.9800,163.2000,0.000022
_1735_,VGND,li1,58.6500,163.2000,0.000025
_1734_,VGND,li1,54.5100,157.7600,0.000024
_1733_,VGND,li1,54.2800,163.2000,0.000024
_1732_,VGND,li1,48.5300,163.2000,0.000020
_1731_,VGND,li1,49.4500,163.2000,0.000020
_1730_,VGND,li1,50.1400,179.5200,0.000000
_1729_,VGND,li1,53.5900,174.0800,0.000000
_1728_,VGND,li1,49.2200,174.0800,0.000000
_1727_,VGND,li1,48.3000,174.0800,0.000000
_1726_,VGND,li1,55.8900,168.6400,0.000000
_1725_,VGND,li1,56.8100,174.0800,0.000000
_1724_,VGND,li1,58.8800,174.0800,0.000000
_1723_,VGND,li1,55.8900,174.0800,0.000000
_1722_,VGND,li1,54.9700,179.5200,0.000000
_1721_,VGND,li1,51.7500,163.2000,0.000022
_1720_,VGND,li1,54.0500,174.0800,0.000000
_1719_,VGND,li1,73.8300,174.0800,0.000000
_1718_,VGND,li1,93.1500,174.0800,0.000000
_1717_,VGND,li1,43.0100,168.6400,0.000000
_1716_,VGND,li1,41.6300,157.7600,0.000016
_1715_,VGND,li1,45.7700,152.3200,0.000027
_1714_,VGND,li1,41.6300,152.3200,0.000023
_1713_,VGND,li1,48.0700,146.8800,0.000020
_1712_,VGND,li1,43.0100,152.3200,0.000025
_1711_,VGND,li1,44.8500,152.3200,0.000027
_1710_,VGND,li1,39.5600,152.3200,0.000021
_1709_,VGND,li1,44.6200,157.7600,0.000018
_1708_,VGND,li1,39.3300,168.6400,0.000000
_1707_,VGND,li1,40.4800,168.6400,0.000000
_1706_,VGND,li1,38.6400,163.2000,0.000015
_1705_,VGND,li1,38.1800,168.6400,0.000000
_1704_,VGND,li1,45.3100,168.6400,0.000000
_1703_,VGND,li1,39.3300,163.2000,0.000015
_1702_,VGND,li1,36.1100,163.2000,0.000013
_1701_,VGND,li1,38.8700,157.7600,0.000015
_1700_,VGND,li1,33.8100,163.2000,0.000012
_1699_,VGND,li1,41.8600,163.2000,0.000016
_1698_,VGND,li1,38.8700,174.0800,0.000000
_1697_,VGND,li1,37.2600,174.0800,0.000000
_1696_,VGND,li1,40.4800,174.0800,0.000000
_1695_,VGND,li1,44.8500,179.5200,0.000000
_1694_,VGND,li1,51.7500,174.0800,0.000000
_1693_,VGND,li1,43.2400,174.0800,0.000000
_1692_,VGND,li1,45.7700,174.0800,0.000000
_1691_,VGND,li1,47.8400,179.5200,0.000000
_1690_,VGND,li1,40.9400,179.5200,0.000000
_1689_,VGND,li1,30.1300,168.6400,0.000000
_1688_,VGND,li1,33.3500,157.7600,0.000011
_1687_,VGND,li1,33.8100,152.3200,0.000016
_1686_,VGND,li1,33.1200,152.3200,0.000016
_1685_,VGND,li1,37.0300,146.8800,0.000014
_1684_,VGND,li1,31.0500,146.8800,0.000010
_1683_,VGND,li1,26.9100,146.8800,0.000007
_1682_,VGND,li1,30.8200,152.3200,0.000014
_1681_,VGND,li1,30.1300,157.7600,0.000008
_1680_,VGND,li1,28.7500,157.7600,0.000008
_1679_,VGND,li1,27.1400,163.2000,0.000007
_1678_,VGND,li1,31.0500,157.7600,0.000010
_1677_,VGND,li1,28.9800,174.0800,0.000000
_1676_,VGND,li1,27.3700,179.5200,0.000000
_1675_,VGND,li1,25.9900,168.6400,0.000000
_1674_,VGND,li1,23.2300,168.6400,0.000000
_1673_,VGND,li1,25.5300,168.6400,0.000000
_1672_,VGND,li1,28.5200,168.6400,0.000000
_1671_,VGND,li1,28.7500,174.0800,0.000000
_1670_,VGND,li1,33.3500,179.5200,0.000000
_1669_,VGND,li1,36.8000,179.5200,0.000000
_1668_,VGND,li1,40.0200,179.5200,0.000000
_1667_,VGND,li1,37.9500,179.5200,0.000000
_1666_,VGND,li1,23.2300,179.5200,0.000000
_1665_,VGND,li1,22.7700,157.7600,0.000006
_1664_,VGND,li1,20.2400,157.7600,0.000006
_1663_,VGND,li1,23.2300,152.3200,0.000009
_1662_,VGND,li1,26.4500,146.8800,0.000007
_1661_,VGND,li1,20.7000,152.3200,0.000009
_1660_,VGND,li1,23.2300,152.3200,0.000009
_1659_,VGND,li1,25.9900,152.3200,0.000009
_1658_,VGND,li1,20.4700,157.7600,0.000006
_1657_,VGND,li1,18.4000,157.7600,0.000006
_1656_,VGND,li1,25.0700,157.7600,0.000006
_1655_,VGND,li1,20.9300,163.2000,0.000006
_1654_,VGND,li1,20.0100,163.2000,0.000006
_1653_,VGND,li1,19.3200,163.2000,0.000006
_1652_,VGND,li1,22.7700,157.7600,0.000006
_1651_,VGND,li1,17.7100,163.2000,0.000006
_1650_,VGND,li1,20.4700,174.0800,0.000000
_1649_,VGND,li1,21.6200,174.0800,0.000000
_1648_,VGND,li1,23.4600,174.0800,0.000000
_1647_,VGND,li1,25.5300,174.0800,0.000000
_1646_,VGND,li1,17.2500,174.0800,0.000000
_1645_,VGND,li1,13.5700,163.2000,0.000006
_1644_,VGND,li1,18.4000,168.6400,0.000000
_1643_,VGND,li1,14.9500,157.7600,0.000006
_1642_,VGND,li1,13.1100,157.7600,0.000006
_1641_,VGND,li1,24.1500,146.8800,0.000006
_1640_,VGND,li1,23.4600,141.4400,0.000003
_1639_,VGND,li1,46.6900,141.4400,0.000010
_1638_,VGND,li1,26.6800,141.4400,0.000003
_1637_,VGND,li1,21.3900,141.4400,0.000003
_1636_,VGND,li1,15.4100,146.8800,0.000006
_1635_,VGND,li1,10.8100,152.3200,0.000009
_1634_,VGND,li1,12.6500,152.3200,0.000009
_1633_,VGND,li1,8.9700,152.3200,0.000009
_1632_,VGND,li1,11.7300,163.2000,0.000006
_1631_,VGND,li1,14.2600,168.6400,0.000000
_1630_,VGND,li1,15.6400,168.6400,0.000000
_1629_,VGND,li1,15.8700,163.2000,0.000006
_1628_,VGND,li1,8.5100,152.3200,0.000009
_1627_,VGND,li1,12.8800,146.8800,0.000006
_1626_,VGND,li1,15.1800,141.4400,0.000003
_1625_,VGND,li1,32.4300,141.4400,0.000005
_1624_,VGND,li1,26.9100,136.0000,0.000018
_1623_,VGND,li1,27.1400,141.4400,0.000004
_1622_,VGND,li1,16.7900,141.4400,0.000003
_1621_,VGND,li1,17.2500,141.4400,0.000003
_1620_,VGND,li1,9.6600,141.4400,0.000003
_1619_,VGND,li1,14.0300,136.0000,0.000015
_1618_,VGND,li1,13.8000,141.4400,0.000003
_1617_,VGND,li1,11.5000,141.4400,0.000003
_1616_,VGND,li1,10.8100,146.8800,0.000006
_1615_,VGND,li1,13.8000,146.8800,0.000006
_1614_,VGND,li1,14.2600,152.3200,0.000009
_1613_,VGND,li1,17.2500,146.8800,0.000006
_1612_,VGND,li1,44.1600,141.4400,0.000009
_1611_,VGND,li1,25.0700,141.4400,0.000003
_1610_,VGND,li1,20.9300,136.0000,0.000015
_1609_,VGND,li1,128.3400,108.8000,0.000196
_1608_,VGND,li1,81.6500,81.6000,0.000114
_1607_,VGND,li1,78.6600,87.0400,0.000133
_1606_,VGND,li1,78.8900,81.6000,0.000112
_1605_,VGND,li1,76.5900,76.1600,0.000142
_1604_,VGND,li1,78.8900,76.1600,0.000143
_1603_,VGND,li1,81.6500,70.7200,0.000204
_1602_,VGND,li1,72.9100,65.2800,0.000473
_1601_,VGND,li1,75.2100,70.7200,0.000195
_1600_,VGND,li1,83.9500,81.6000,0.000115
_1599_,VGND,li1,81.4200,87.0400,0.000135
_1598_,VGND,li1,79.1200,92.4800,0.000412
_1597_,VGND,li1,79.3500,114.2400,0.000270
_1596_,VGND,li1,81.1900,92.4800,0.000429
_1595_,VGND,li1,79.1200,92.4800,0.000412
_1594_,VGND,li1,83.4900,92.4800,0.000438
_1593_,VGND,li1,112.0100,92.4800,0.000494
_1592_,VGND,li1,99.8200,119.6800,0.000532
_1591_,VGND,li1,104.6500,119.6800,0.000557
_1590_,VGND,li1,102.3500,119.6800,0.000545
_1589_,VGND,li1,104.8800,114.2400,0.000353
_1588_,VGND,li1,102.8100,114.2400,0.000345
_1587_,VGND,li1,115.2300,108.8000,0.000182
_1586_,VGND,li1,116.1500,108.8000,0.000185
_1585_,VGND,li1,114.5400,103.3600,0.000542
_1584_,VGND,li1,117.3000,103.3600,0.000552
_1583_,VGND,li1,106.7200,114.2400,0.000361
_1582_,VGND,li1,118.4500,114.2400,0.000397
_1581_,VGND,li1,123.0500,114.2400,0.000414
_1580_,VGND,li1,114.0800,114.2400,0.000381
_1579_,VGND,li1,102.3500,119.6800,0.000545
_1578_,VGND,li1,102.8100,108.8000,0.000171
_1577_,VGND,li1,106.4900,119.6800,0.000567
_1576_,VGND,li1,100.7400,108.8000,0.000169
_1575_,VGND,li1,107.8700,97.9200,0.000229
_1574_,VGND,li1,112.9300,97.9200,0.000233
_1573_,VGND,li1,110.4000,97.9200,0.000231
_1572_,VGND,li1,81.6500,92.4800,0.000429
_1571_,VGND,li1,76.1300,92.4800,0.000396
_1570_,VGND,li1,84.6400,92.4800,0.000438
_1569_,VGND,li1,79.1200,87.0400,0.000133
_1568_,VGND,li1,106.0300,87.0400,0.000165
_1567_,VGND,li1,102.1200,81.6000,0.000127
_1566_,VGND,li1,103.5000,81.6000,0.000128
_1565_,VGND,li1,73.8300,81.6000,0.000109
_1564_,VGND,li1,71.5300,81.6000,0.000107
_1563_,VGND,li1,93.1500,81.6000,0.000121
_1562_,VGND,li1,92.4600,76.1600,0.000155
_1561_,VGND,li1,96.1400,76.1600,0.000159
_1560_,VGND,li1,50.1400,65.2800,0.000307
_1559_,VGND,li1,47.6100,70.7200,0.000128
_1558_,VGND,li1,52.4400,70.7200,0.000138
_1557_,VGND,li1,45.7700,70.7200,0.000122
_1556_,VGND,li1,42.5500,70.7200,0.000109
_1555_,VGND,li1,44.8500,54.4000,0.000216
_1554_,VGND,li1,47.6100,59.8400,0.000268
_1553_,VGND,li1,40.4800,38.0800,0.000069
_1552_,VGND,li1,61.1800,54.4000,0.000320
_1551_,VGND,li1,43.4700,32.6400,0.000064
_1550_,VGND,li1,50.3700,54.4000,0.000252
_1549_,VGND,li1,54.9700,48.9600,0.000055
_1548_,VGND,li1,46.4600,21.7600,0.000011
_1547_,VGND,li1,34.2700,48.9600,0.000030
_1546_,VGND,li1,46.6900,65.2800,0.000278
_1545_,VGND,li1,39.3300,70.7200,0.000103
_1544_,VGND,li1,37.7200,65.2800,0.000203
_1543_,VGND,li1,38.4100,59.8400,0.000220
_1542_,VGND,li1,53.3600,54.4000,0.000266
_1541_,VGND,li1,33.8100,54.4000,0.000139
_1540_,VGND,li1,27.3700,54.4000,0.000094
_1539_,VGND,li1,34.2700,59.8400,0.000184
_1538_,VGND,li1,21.3900,21.7600,0.000011
_1537_,VGND,li1,20.2400,10.8800,0.000009
_1536_,VGND,li1,24.8400,21.7600,0.000009
_1535_,VGND,li1,23.4600,16.3200,0.000039
_1534_,VGND,li1,17.0200,10.8800,0.000009
_1533_,VGND,li1,17.7100,21.7600,0.000013
_1532_,VGND,li1,20.4700,21.7600,0.000011
_1531_,VGND,li1,13.5700,21.7600,0.000014
_1530_,VGND,li1,17.0200,21.7600,0.000013
_1529_,VGND,li1,25.9900,21.7600,0.000009
_1528_,VGND,li1,29.4400,27.2000,0.000038
_1527_,VGND,li1,34.7300,27.2000,0.000048
_1526_,VGND,li1,36.1100,27.2000,0.000053
_1525_,VGND,li1,17.7100,27.2000,0.000036
_1524_,VGND,li1,13.5700,16.3200,0.000043
_1523_,VGND,li1,26.9100,21.7600,0.000009
_1522_,VGND,li1,23.2300,27.2000,0.000033
_1521_,VGND,li1,28.9800,32.6400,0.000034
_1520_,VGND,li1,23.6900,21.7600,0.000010
_1519_,VGND,li1,24.1500,38.0800,0.000034
_1518_,VGND,li1,35.6500,38.0800,0.000059
_1517_,VGND,li1,29.6700,38.0800,0.000044
_1516_,VGND,li1,43.0100,38.0800,0.000074
_1515_,VGND,li1,21.1600,38.0800,0.000038
_1514_,VGND,li1,35.6500,38.0800,0.000059
_1513_,VGND,li1,27.3700,32.6400,0.000034
_1512_,VGND,li1,21.3900,65.2800,0.000091
_1511_,VGND,li1,21.8500,59.8400,0.000097
_1510_,VGND,li1,20.9300,48.9600,0.000021
_1509_,VGND,li1,33.8100,65.2800,0.000166
_1508_,VGND,li1,30.5900,65.2800,0.000131
_1507_,VGND,li1,118.4500,38.0800,0.000157
_1506_,VGND,li1,64.6300,65.2800,0.000420
_1505_,VGND,li1,40.2500,32.6400,0.000057
_1504_,VGND,li1,70.6100,27.2000,0.000109
_1503_,VGND,li1,119.3700,32.6400,0.000099
_1502_,VGND,li1,106.9500,54.4000,0.000467
_1501_,VGND,li1,161.2300,114.2400,0.000455
_1500_,VGND,li1,117.9900,152.3200,0.000093
_1499_,VGND,li1,148.3500,163.2000,0.000068
_1498_,VGND,li1,152.4900,81.6000,0.000138
_1497_,VGND,li1,110.1700,114.2400,0.000368
_1496_,VGND,li1,91.3100,92.4800,0.000475
_1495_,VGND,li1,86.2500,76.1600,0.000150
_1494_,VGND,li1,14.9500,21.7600,0.000014
