Instance,Terminal,Layer,X location,Y location,Voltage
FILLER_62_368,VPWR,li1,175.2600,182.2400,1.800000
FILLER_62_365,VPWR,li1,174.1100,182.2400,1.800000
FILLER_62_361,VPWR,li1,172.2700,182.2400,1.800000
FILLER_62_358,VPWR,li1,170.8900,182.2400,1.800000
FILLER_62_355,VPWR,li1,169.5100,182.2400,1.800000
FILLER_62_352,VPWR,li1,168.1300,182.2400,1.800000
FILLER_62_349,VPWR,li1,166.7500,182.2400,1.800000
FILLER_62_346,VPWR,li1,165.3700,182.2400,1.800000
FILLER_62_343,VPWR,li1,163.9900,182.2400,1.800000
FILLER_62_340,VPWR,li1,162.6100,182.2400,1.800000
FILLER_62_337,VPWR,li1,161.2300,182.2400,1.800000
FILLER_62_333,VPWR,li1,159.3900,182.2400,1.800000
FILLER_62_330,VPWR,li1,158.0100,182.2400,1.800000
FILLER_62_327,VPWR,li1,156.6300,182.2400,1.800000
FILLER_62_324,VPWR,li1,155.2500,182.2400,1.800000
FILLER_62_321,VPWR,li1,153.8700,182.2400,1.800000
FILLER_62_318,VPWR,li1,152.4900,182.2400,1.800000
FILLER_62_315,VPWR,li1,151.1100,182.2400,1.800000
FILLER_62_312,VPWR,li1,149.7300,182.2400,1.800000
FILLER_62_309,VPWR,li1,148.3500,182.2400,1.800000
FILLER_62_305,VPWR,li1,146.5100,182.2400,1.800000
FILLER_62_302,VPWR,li1,145.1300,182.2400,1.800000
FILLER_62_299,VPWR,li1,143.7500,182.2400,1.800000
FILLER_62_296,VPWR,li1,142.3700,182.2400,1.800000
FILLER_62_293,VPWR,li1,140.9900,182.2400,1.800000
FILLER_62_290,VPWR,li1,139.6100,182.2400,1.800000
FILLER_62_287,VPWR,li1,138.2300,182.2400,1.800000
FILLER_62_284,VPWR,li1,136.8500,182.2400,1.800000
FILLER_62_281,VPWR,li1,135.4700,182.2400,1.800000
FILLER_62_277,VPWR,li1,133.6300,182.2400,1.800000
FILLER_62_274,VPWR,li1,132.2500,182.2400,1.800000
FILLER_62_271,VPWR,li1,130.8700,182.2400,1.800000
FILLER_62_268,VPWR,li1,129.4900,182.2400,1.800000
FILLER_62_265,VPWR,li1,128.1100,182.2400,1.800000
FILLER_62_262,VPWR,li1,126.7300,182.2400,1.800000
FILLER_62_259,VPWR,li1,125.3500,182.2400,1.800000
FILLER_62_256,VPWR,li1,123.9700,182.2400,1.800000
FILLER_62_253,VPWR,li1,122.5900,182.2400,1.800000
FILLER_62_249,VPWR,li1,120.7500,182.2400,1.800000
FILLER_62_246,VPWR,li1,119.3700,182.2400,1.800000
FILLER_62_243,VPWR,li1,117.9900,182.2400,1.800000
FILLER_62_240,VPWR,li1,116.6100,182.2400,1.800000
FILLER_62_237,VPWR,li1,115.2300,182.2400,1.800000
FILLER_62_234,VPWR,li1,113.8500,182.2400,1.800000
FILLER_62_231,VPWR,li1,112.4700,182.2400,1.800000
FILLER_62_228,VPWR,li1,111.0900,182.2400,1.800000
FILLER_62_225,VPWR,li1,109.7100,182.2400,1.800000
FILLER_62_222,VPWR,li1,108.1000,182.2400,1.800000
FILLER_62_219,VPWR,li1,106.9500,182.2400,1.800000
FILLER_62_216,VPWR,li1,105.5700,182.2400,1.800000
FILLER_62_206,VPWR,li1,100.9700,182.2400,1.800000
FILLER_62_203,VPWR,li1,99.5900,182.2400,1.800000
FILLER_62_200,VPWR,li1,98.2100,182.2400,1.800000
FILLER_62_197,VPWR,li1,96.8300,182.2400,1.800000
FILLER_62_195,VPWR,li1,95.4500,182.2400,1.800000
FILLER_62_192,VPWR,li1,94.5300,182.2400,1.800000
FILLER_62_189,VPWR,li1,93.1500,182.2400,1.800000
FILLER_62_186,VPWR,li1,91.7700,182.2400,1.800000
FILLER_62_180,VPWR,li1,89.0100,182.2400,1.800000
FILLER_62_177,VPWR,li1,87.6300,182.2400,1.800000
FILLER_62_169,VPWR,li1,83.7200,182.2400,1.800000
FILLER_62_165,VPWR,li1,82.1100,182.2400,1.800000
FILLER_62_162,VPWR,li1,80.7300,182.2400,1.800000
FILLER_62_159,VPWR,li1,79.3500,182.2400,1.800000
FILLER_62_156,VPWR,li1,77.9700,182.2400,1.800000
FILLER_62_153,VPWR,li1,76.5900,182.2400,1.800000
FILLER_62_150,VPWR,li1,75.2100,182.2400,1.800000
FILLER_62_147,VPWR,li1,73.8300,182.2400,1.800000
FILLER_62_144,VPWR,li1,72.4500,182.2400,1.800000
FILLER_62_141,VPWR,li1,71.0700,182.2400,1.800000
FILLER_62_137,VPWR,li1,69.2300,182.2400,1.800000
FILLER_62_134,VPWR,li1,67.8500,182.2400,1.800000
FILLER_62_131,VPWR,li1,66.4700,182.2400,1.800000
FILLER_62_122,VPWR,li1,62.3300,182.2400,1.800000
FILLER_62_119,VPWR,li1,60.9500,182.2400,1.800000
FILLER_62_116,VPWR,li1,59.5700,182.2400,1.800000
FILLER_62_113,VPWR,li1,58.1900,182.2400,1.800000
FILLER_62_109,VPWR,li1,56.3500,182.2400,1.800000
FILLER_62_106,VPWR,li1,54.9700,182.2400,1.800000
FILLER_62_103,VPWR,li1,53.5900,182.2400,1.800000
FILLER_62_100,VPWR,li1,52.2100,182.2400,1.800000
FILLER_62_97,VPWR,li1,50.8300,182.2400,1.800000
FILLER_62_94,VPWR,li1,49.4500,182.2400,1.800000
FILLER_62_91,VPWR,li1,48.0700,182.2400,1.800000
FILLER_62_88,VPWR,li1,46.6900,182.2400,1.800000
FILLER_62_85,VPWR,li1,45.3100,182.2400,1.800000
FILLER_62_83,VPWR,li1,43.9300,182.2400,1.800000
FILLER_62_80,VPWR,li1,43.0100,182.2400,1.800000
FILLER_62_77,VPWR,li1,41.6300,182.2400,1.800000
FILLER_62_66,VPWR,li1,36.3400,182.2400,1.800000
FILLER_62_63,VPWR,li1,35.1900,182.2400,1.800000
FILLER_62_60,VPWR,li1,33.8100,182.2400,1.800000
FILLER_62_57,VPWR,li1,32.4300,182.2400,1.800000
FILLER_62_53,VPWR,li1,30.5900,182.2400,1.800000
FILLER_62_50,VPWR,li1,29.2100,182.2400,1.800000
FILLER_62_47,VPWR,li1,27.8300,182.2400,1.800000
FILLER_62_44,VPWR,li1,26.4500,182.2400,1.800000
FILLER_62_41,VPWR,li1,25.0700,182.2400,1.800000
FILLER_62_38,VPWR,li1,23.6900,182.2400,1.800000
FILLER_62_35,VPWR,li1,22.3100,182.2400,1.800000
FILLER_62_32,VPWR,li1,20.9300,182.2400,1.800000
FILLER_62_29,VPWR,li1,19.5500,182.2400,1.800000
FILLER_62_27,VPWR,li1,18.1700,182.2400,1.800000
FILLER_62_24,VPWR,li1,17.2500,182.2400,1.800000
FILLER_62_21,VPWR,li1,15.8700,182.2400,1.800000
FILLER_62_18,VPWR,li1,14.4900,182.2400,1.800000
FILLER_62_15,VPWR,li1,13.1100,182.2400,1.800000
FILLER_62_12,VPWR,li1,11.7300,182.2400,1.800000
FILLER_62_9,VPWR,li1,10.3500,182.2400,1.800000
FILLER_62_6,VPWR,li1,8.9700,182.2400,1.800000
FILLER_62_3,VPWR,li1,7.5900,182.2400,1.800000
FILLER_61_367,VPWR,li1,175.0300,176.8000,1.800000
FILLER_61_364,VPWR,li1,173.6500,176.8000,1.800000
FILLER_61_361,VPWR,li1,172.2700,176.8000,1.800000
FILLER_61_358,VPWR,li1,170.8900,176.8000,1.800000
FILLER_61_355,VPWR,li1,169.5100,176.8000,1.800000
FILLER_61_352,VPWR,li1,168.1300,176.8000,1.800000
FILLER_61_349,VPWR,li1,166.7500,176.8000,1.800000
FILLER_61_346,VPWR,li1,165.3700,176.8000,1.800000
FILLER_61_343,VPWR,li1,163.9900,176.8000,1.800000
FILLER_61_340,VPWR,li1,162.6100,176.8000,1.800000
FILLER_61_337,VPWR,li1,161.2300,176.8000,1.800000
FILLER_61_335,VPWR,li1,159.8500,176.8000,1.800000
FILLER_61_332,VPWR,li1,158.9300,176.8000,1.800000
FILLER_61_329,VPWR,li1,157.5500,176.8000,1.800000
FILLER_61_326,VPWR,li1,156.1700,176.8000,1.800000
FILLER_61_323,VPWR,li1,154.7900,176.8000,1.800000
FILLER_61_320,VPWR,li1,153.4100,176.8000,1.800000
FILLER_61_317,VPWR,li1,152.0300,176.8000,1.800000
FILLER_61_314,VPWR,li1,150.6500,176.8000,1.800000
FILLER_61_311,VPWR,li1,149.2700,176.8000,1.800000
FILLER_61_308,VPWR,li1,147.8900,176.8000,1.800000
FILLER_61_305,VPWR,li1,146.5100,176.8000,1.800000
FILLER_61_302,VPWR,li1,145.1300,176.8000,1.800000
FILLER_61_299,VPWR,li1,143.7500,176.8000,1.800000
FILLER_61_296,VPWR,li1,142.3700,176.8000,1.800000
FILLER_61_293,VPWR,li1,140.9900,176.8000,1.800000
FILLER_61_290,VPWR,li1,139.6100,176.8000,1.800000
FILLER_61_287,VPWR,li1,138.2300,176.8000,1.800000
FILLER_61_284,VPWR,li1,136.8500,176.8000,1.800000
FILLER_61_281,VPWR,li1,135.4700,176.8000,1.800000
FILLER_61_277,VPWR,li1,133.6300,176.8000,1.800000
FILLER_61_274,VPWR,li1,132.2500,176.8000,1.800000
FILLER_61_271,VPWR,li1,130.8700,176.8000,1.800000
FILLER_61_268,VPWR,li1,129.4900,176.8000,1.800000
FILLER_61_265,VPWR,li1,128.1100,176.8000,1.800000
FILLER_61_262,VPWR,li1,126.7300,176.8000,1.800000
FILLER_61_259,VPWR,li1,125.3500,176.8000,1.800000
FILLER_61_256,VPWR,li1,123.9700,176.8000,1.800000
FILLER_61_253,VPWR,li1,122.5900,176.8000,1.800000
FILLER_61_250,VPWR,li1,121.2100,176.8000,1.800000
FILLER_61_247,VPWR,li1,119.8300,176.8000,1.800000
FILLER_61_244,VPWR,li1,118.4500,176.8000,1.800000
FILLER_61_241,VPWR,li1,117.0700,176.8000,1.800000
FILLER_61_238,VPWR,li1,115.6900,176.8000,1.800000
FILLER_61_235,VPWR,li1,114.3100,176.8000,1.800000
FILLER_61_222,VPWR,li1,108.1000,176.8000,1.800000
FILLER_61_219,VPWR,li1,106.9500,176.8000,1.800000
FILLER_61_204,VPWR,li1,99.5900,176.8000,1.800000
FILLER_61_201,VPWR,li1,98.6700,176.8000,1.800000
FILLER_61_198,VPWR,li1,97.2900,176.8000,1.800000
FILLER_61_195,VPWR,li1,95.9100,176.8000,1.800000
FILLER_61_187,VPWR,li1,91.7700,176.8000,1.800000
FILLER_61_179,VPWR,li1,88.0900,176.8000,1.800000
FILLER_61_166,VPWR,li1,82.3400,176.8000,1.800000
FILLER_61_163,VPWR,li1,81.1900,176.8000,1.800000
FILLER_61_160,VPWR,li1,79.8100,176.8000,1.800000
FILLER_61_157,VPWR,li1,78.4300,176.8000,1.800000
FILLER_61_146,VPWR,li1,72.9100,176.8000,1.800000
FILLER_61_143,VPWR,li1,71.9900,176.8000,1.800000
FILLER_61_140,VPWR,li1,70.6100,176.8000,1.800000
FILLER_61_127,VPWR,li1,64.6300,176.8000,1.800000
FILLER_61_119,VPWR,li1,60.4900,176.8000,1.800000
FILLER_61_116,VPWR,li1,59.5700,176.8000,1.800000
FILLER_61_113,VPWR,li1,58.1900,176.8000,1.800000
FILLER_61_110,VPWR,li1,56.5800,176.8000,1.800000
FILLER_61_102,VPWR,li1,53.1300,176.8000,1.800000
FILLER_61_99,VPWR,li1,51.7500,176.8000,1.800000
FILLER_61_81,VPWR,li1,43.0100,176.8000,1.800000
FILLER_61_57,VPWR,li1,31.9700,176.8000,1.800000
FILLER_61_54,VPWR,li1,30.8200,176.8000,1.800000
FILLER_61_51,VPWR,li1,29.6700,176.8000,1.800000
FILLER_61_42,VPWR,li1,25.3000,176.8000,1.800000
FILLER_61_33,VPWR,li1,21.1600,176.8000,1.800000
FILLER_61_30,VPWR,li1,20.0100,176.8000,1.800000
FILLER_61_27,VPWR,li1,18.6300,176.8000,1.800000
FILLER_61_24,VPWR,li1,17.2500,176.8000,1.800000
FILLER_61_21,VPWR,li1,15.8700,176.8000,1.800000
FILLER_61_18,VPWR,li1,14.4900,176.8000,1.800000
FILLER_61_15,VPWR,li1,13.1100,176.8000,1.800000
FILLER_61_12,VPWR,li1,11.7300,176.8000,1.800000
FILLER_61_9,VPWR,li1,10.3500,176.8000,1.800000
FILLER_61_6,VPWR,li1,8.9700,176.8000,1.800000
FILLER_61_3,VPWR,li1,7.5900,176.8000,1.800000
FILLER_60_368,VPWR,li1,175.2600,176.8000,1.800000
FILLER_60_365,VPWR,li1,174.1100,176.8000,1.800000
FILLER_60_363,VPWR,li1,172.7300,176.8000,1.800000
FILLER_60_360,VPWR,li1,171.8100,176.8000,1.800000
FILLER_60_357,VPWR,li1,170.4300,176.8000,1.800000
FILLER_60_354,VPWR,li1,169.0500,176.8000,1.800000
FILLER_60_351,VPWR,li1,167.6700,176.8000,1.800000
FILLER_60_348,VPWR,li1,166.2900,176.8000,1.800000
FILLER_60_345,VPWR,li1,164.9100,176.8000,1.800000
FILLER_60_342,VPWR,li1,163.5300,176.8000,1.800000
FILLER_60_339,VPWR,li1,162.1500,176.8000,1.800000
FILLER_60_336,VPWR,li1,160.7700,176.8000,1.800000
FILLER_60_333,VPWR,li1,159.3900,176.8000,1.800000
FILLER_60_330,VPWR,li1,158.0100,176.8000,1.800000
FILLER_60_327,VPWR,li1,156.6300,176.8000,1.800000
FILLER_60_324,VPWR,li1,155.2500,176.8000,1.800000
FILLER_60_321,VPWR,li1,153.8700,176.8000,1.800000
FILLER_60_318,VPWR,li1,152.4900,176.8000,1.800000
FILLER_60_315,VPWR,li1,151.1100,176.8000,1.800000
FILLER_60_312,VPWR,li1,149.7300,176.8000,1.800000
FILLER_60_309,VPWR,li1,148.3500,176.8000,1.800000
FILLER_60_307,VPWR,li1,146.9700,176.8000,1.800000
FILLER_60_304,VPWR,li1,146.0500,176.8000,1.800000
FILLER_60_301,VPWR,li1,144.6700,176.8000,1.800000
FILLER_60_298,VPWR,li1,143.2900,176.8000,1.800000
FILLER_60_295,VPWR,li1,141.9100,176.8000,1.800000
FILLER_60_292,VPWR,li1,140.5300,176.8000,1.800000
FILLER_60_289,VPWR,li1,139.1500,176.8000,1.800000
FILLER_60_286,VPWR,li1,137.7700,176.8000,1.800000
FILLER_60_283,VPWR,li1,136.3900,176.8000,1.800000
FILLER_60_280,VPWR,li1,135.0100,176.8000,1.800000
FILLER_60_277,VPWR,li1,133.6300,176.8000,1.800000
FILLER_60_274,VPWR,li1,132.2500,176.8000,1.800000
FILLER_60_271,VPWR,li1,130.8700,176.8000,1.800000
FILLER_60_268,VPWR,li1,129.4900,176.8000,1.800000
FILLER_60_265,VPWR,li1,128.1100,176.8000,1.800000
FILLER_60_262,VPWR,li1,126.7300,176.8000,1.800000
FILLER_60_259,VPWR,li1,125.3500,176.8000,1.800000
FILLER_60_256,VPWR,li1,123.9700,176.8000,1.800000
FILLER_60_253,VPWR,li1,122.5900,176.8000,1.800000
FILLER_60_251,VPWR,li1,121.2100,176.8000,1.800000
FILLER_60_248,VPWR,li1,120.2900,176.8000,1.800000
FILLER_60_223,VPWR,li1,108.3300,176.8000,1.800000
FILLER_60_220,VPWR,li1,107.4100,176.8000,1.800000
FILLER_60_212,VPWR,li1,103.5000,176.8000,1.800000
FILLER_60_203,VPWR,li1,99.3600,176.8000,1.800000
FILLER_60_197,VPWR,li1,96.8300,176.8000,1.800000
FILLER_60_195,VPWR,li1,95.4500,176.8000,1.800000
FILLER_60_192,VPWR,li1,94.5300,176.8000,1.800000
FILLER_60_183,VPWR,li1,89.9300,176.8000,1.800000
FILLER_60_180,VPWR,li1,89.0100,176.8000,1.800000
FILLER_60_177,VPWR,li1,87.6300,176.8000,1.800000
FILLER_60_159,VPWR,li1,78.8900,176.8000,1.800000
FILLER_60_156,VPWR,li1,77.9700,176.8000,1.800000
FILLER_60_141,VPWR,li1,71.0700,176.8000,1.800000
FILLER_60_137,VPWR,li1,69.2300,176.8000,1.800000
FILLER_60_134,VPWR,li1,67.8500,176.8000,1.800000
FILLER_60_124,VPWR,li1,62.7900,176.8000,1.800000
FILLER_60_121,VPWR,li1,61.8700,176.8000,1.800000
FILLER_60_118,VPWR,li1,60.4900,176.8000,1.800000
FILLER_60_90,VPWR,li1,47.1500,176.8000,1.800000
FILLER_60_79,VPWR,li1,42.0900,176.8000,1.800000
FILLER_60_64,VPWR,li1,35.1900,176.8000,1.800000
FILLER_60_61,VPWR,li1,34.2700,176.8000,1.800000
FILLER_60_58,VPWR,li1,32.8900,176.8000,1.800000
FILLER_60_55,VPWR,li1,31.5100,176.8000,1.800000
FILLER_60_52,VPWR,li1,30.1300,176.8000,1.800000
FILLER_60_48,VPWR,li1,27.8300,176.8000,1.800000
FILLER_60_45,VPWR,li1,26.9100,176.8000,1.800000
FILLER_60_21,VPWR,li1,15.6400,176.8000,1.800000
FILLER_60_18,VPWR,li1,14.4900,176.8000,1.800000
FILLER_60_15,VPWR,li1,13.1100,176.8000,1.800000
FILLER_60_12,VPWR,li1,11.7300,176.8000,1.800000
FILLER_60_9,VPWR,li1,10.3500,176.8000,1.800000
FILLER_60_6,VPWR,li1,8.9700,176.8000,1.800000
FILLER_60_3,VPWR,li1,7.5900,176.8000,1.800000
FILLER_59_367,VPWR,li1,175.0300,171.3600,1.800000
FILLER_59_364,VPWR,li1,173.6500,171.3600,1.800000
FILLER_59_361,VPWR,li1,172.2700,171.3600,1.800000
FILLER_59_358,VPWR,li1,170.8900,171.3600,1.800000
FILLER_59_355,VPWR,li1,169.5100,171.3600,1.800000
FILLER_59_352,VPWR,li1,168.1300,171.3600,1.800000
FILLER_59_349,VPWR,li1,166.7500,171.3600,1.800000
FILLER_59_346,VPWR,li1,165.3700,171.3600,1.800000
FILLER_59_343,VPWR,li1,163.9900,171.3600,1.800000
FILLER_59_340,VPWR,li1,162.6100,171.3600,1.800000
FILLER_59_337,VPWR,li1,161.2300,171.3600,1.800000
FILLER_59_335,VPWR,li1,159.8500,171.3600,1.800000
FILLER_59_332,VPWR,li1,158.9300,171.3600,1.800000
FILLER_59_329,VPWR,li1,157.5500,171.3600,1.800000
FILLER_59_326,VPWR,li1,156.1700,171.3600,1.800000
FILLER_59_323,VPWR,li1,154.7900,171.3600,1.800000
FILLER_59_320,VPWR,li1,153.4100,171.3600,1.800000
FILLER_59_317,VPWR,li1,152.0300,171.3600,1.800000
FILLER_59_314,VPWR,li1,150.6500,171.3600,1.800000
FILLER_59_311,VPWR,li1,149.2700,171.3600,1.800000
FILLER_59_308,VPWR,li1,147.8900,171.3600,1.800000
FILLER_59_305,VPWR,li1,146.5100,171.3600,1.800000
FILLER_59_302,VPWR,li1,145.1300,171.3600,1.800000
FILLER_59_299,VPWR,li1,143.7500,171.3600,1.800000
FILLER_59_296,VPWR,li1,142.3700,171.3600,1.800000
FILLER_59_293,VPWR,li1,140.9900,171.3600,1.800000
FILLER_59_290,VPWR,li1,139.6100,171.3600,1.800000
FILLER_59_287,VPWR,li1,138.2300,171.3600,1.800000
FILLER_59_284,VPWR,li1,136.8500,171.3600,1.800000
FILLER_59_281,VPWR,li1,135.4700,171.3600,1.800000
FILLER_59_278,VPWR,li1,133.8600,171.3600,1.800000
FILLER_59_275,VPWR,li1,132.7100,171.3600,1.800000
FILLER_59_272,VPWR,li1,131.3300,171.3600,1.800000
FILLER_59_269,VPWR,li1,129.9500,171.3600,1.800000
FILLER_59_266,VPWR,li1,128.5700,171.3600,1.800000
FILLER_59_263,VPWR,li1,127.1900,171.3600,1.800000
FILLER_59_260,VPWR,li1,125.8100,171.3600,1.800000
FILLER_59_257,VPWR,li1,124.4300,171.3600,1.800000
FILLER_59_254,VPWR,li1,123.0500,171.3600,1.800000
FILLER_59_251,VPWR,li1,121.6700,171.3600,1.800000
FILLER_59_248,VPWR,li1,120.2900,171.3600,1.800000
FILLER_59_245,VPWR,li1,118.9100,171.3600,1.800000
FILLER_59_242,VPWR,li1,117.5300,171.3600,1.800000
FILLER_59_236,VPWR,li1,114.7700,171.3600,1.800000
FILLER_59_233,VPWR,li1,113.3900,171.3600,1.800000
FILLER_59_230,VPWR,li1,112.0100,171.3600,1.800000
FILLER_59_225,VPWR,li1,109.4800,171.3600,1.800000
FILLER_59_221,VPWR,li1,107.8700,171.3600,1.800000
FILLER_59_218,VPWR,li1,106.4900,171.3600,1.800000
FILLER_59_215,VPWR,li1,105.1100,171.3600,1.800000
FILLER_59_212,VPWR,li1,103.7300,171.3600,1.800000
FILLER_59_209,VPWR,li1,102.3500,171.3600,1.800000
FILLER_59_199,VPWR,li1,97.7500,171.3600,1.800000
FILLER_59_196,VPWR,li1,96.3700,171.3600,1.800000
FILLER_59_193,VPWR,li1,94.9900,171.3600,1.800000
FILLER_59_190,VPWR,li1,93.6100,171.3600,1.800000
FILLER_59_187,VPWR,li1,92.2300,171.3600,1.800000
FILLER_59_184,VPWR,li1,90.8500,171.3600,1.800000
FILLER_59_181,VPWR,li1,89.4700,171.3600,1.800000
FILLER_59_178,VPWR,li1,88.0900,171.3600,1.800000
FILLER_59_175,VPWR,li1,86.7100,171.3600,1.800000
FILLER_59_172,VPWR,li1,85.3300,171.3600,1.800000
FILLER_59_169,VPWR,li1,83.9500,171.3600,1.800000
FILLER_59_166,VPWR,li1,82.3400,171.3600,1.800000
FILLER_59_163,VPWR,li1,81.1900,171.3600,1.800000
FILLER_59_160,VPWR,li1,79.8100,171.3600,1.800000
FILLER_59_157,VPWR,li1,78.4300,171.3600,1.800000
FILLER_59_154,VPWR,li1,77.0500,171.3600,1.800000
FILLER_59_151,VPWR,li1,75.6700,171.3600,1.800000
FILLER_59_143,VPWR,li1,71.9900,171.3600,1.800000
FILLER_59_140,VPWR,li1,70.6100,171.3600,1.800000
FILLER_59_137,VPWR,li1,69.2300,171.3600,1.800000
FILLER_59_126,VPWR,li1,63.7100,171.3600,1.800000
FILLER_59_123,VPWR,li1,62.7900,171.3600,1.800000
FILLER_59_120,VPWR,li1,61.4100,171.3600,1.800000
FILLER_59_100,VPWR,li1,51.9800,171.3600,1.800000
FILLER_59_97,VPWR,li1,50.8300,171.3600,1.800000
FILLER_59_87,VPWR,li1,46.0000,171.3600,1.800000
FILLER_59_84,VPWR,li1,44.8500,171.3600,1.800000
FILLER_59_81,VPWR,li1,43.4700,171.3600,1.800000
FILLER_59_78,VPWR,li1,42.0900,171.3600,1.800000
FILLER_59_75,VPWR,li1,40.7100,171.3600,1.800000
FILLER_59_69,VPWR,li1,37.4900,171.3600,1.800000
FILLER_59_66,VPWR,li1,36.5700,171.3600,1.800000
FILLER_59_63,VPWR,li1,35.1900,171.3600,1.800000
FILLER_59_60,VPWR,li1,33.8100,171.3600,1.800000
FILLER_59_57,VPWR,li1,32.4300,171.3600,1.800000
FILLER_59_53,VPWR,li1,30.5900,171.3600,1.800000
FILLER_59_47,VPWR,li1,27.6000,171.3600,1.800000
FILLER_59_44,VPWR,li1,26.4500,171.3600,1.800000
FILLER_59_41,VPWR,li1,25.0700,171.3600,1.800000
FILLER_59_38,VPWR,li1,23.6900,171.3600,1.800000
FILLER_59_30,VPWR,li1,19.7800,171.3600,1.800000
FILLER_59_27,VPWR,li1,18.6300,171.3600,1.800000
FILLER_59_24,VPWR,li1,17.2500,171.3600,1.800000
FILLER_59_21,VPWR,li1,15.8700,171.3600,1.800000
FILLER_59_18,VPWR,li1,14.4900,171.3600,1.800000
FILLER_59_15,VPWR,li1,13.1100,171.3600,1.800000
FILLER_59_12,VPWR,li1,11.7300,171.3600,1.800000
FILLER_59_9,VPWR,li1,10.3500,171.3600,1.800000
FILLER_59_6,VPWR,li1,8.9700,171.3600,1.800000
FILLER_59_3,VPWR,li1,7.5900,171.3600,1.800000
FILLER_58_368,VPWR,li1,175.2600,171.3600,1.800000
FILLER_58_365,VPWR,li1,174.1100,171.3600,1.800000
FILLER_58_363,VPWR,li1,172.7300,171.3600,1.800000
FILLER_58_360,VPWR,li1,171.8100,171.3600,1.800000
FILLER_58_357,VPWR,li1,170.4300,171.3600,1.800000
FILLER_58_354,VPWR,li1,169.0500,171.3600,1.800000
FILLER_58_351,VPWR,li1,167.6700,171.3600,1.800000
FILLER_58_348,VPWR,li1,166.2900,171.3600,1.800000
FILLER_58_345,VPWR,li1,164.9100,171.3600,1.800000
FILLER_58_342,VPWR,li1,163.5300,171.3600,1.800000
FILLER_58_339,VPWR,li1,162.1500,171.3600,1.800000
FILLER_58_336,VPWR,li1,160.7700,171.3600,1.800000
FILLER_58_333,VPWR,li1,159.3900,171.3600,1.800000
FILLER_58_330,VPWR,li1,158.0100,171.3600,1.800000
FILLER_58_327,VPWR,li1,156.6300,171.3600,1.800000
FILLER_58_324,VPWR,li1,155.2500,171.3600,1.800000
FILLER_58_321,VPWR,li1,153.8700,171.3600,1.800000
FILLER_58_318,VPWR,li1,152.4900,171.3600,1.800000
FILLER_58_315,VPWR,li1,151.1100,171.3600,1.800000
FILLER_58_312,VPWR,li1,149.7300,171.3600,1.800000
FILLER_58_309,VPWR,li1,148.3500,171.3600,1.800000
FILLER_58_307,VPWR,li1,146.9700,171.3600,1.800000
FILLER_58_304,VPWR,li1,146.0500,171.3600,1.800000
FILLER_58_301,VPWR,li1,144.6700,171.3600,1.800000
FILLER_58_298,VPWR,li1,143.2900,171.3600,1.800000
FILLER_58_295,VPWR,li1,141.9100,171.3600,1.800000
FILLER_58_292,VPWR,li1,140.5300,171.3600,1.800000
FILLER_58_289,VPWR,li1,139.1500,171.3600,1.800000
FILLER_58_286,VPWR,li1,137.7700,171.3600,1.800000
FILLER_58_283,VPWR,li1,136.3900,171.3600,1.800000
FILLER_58_280,VPWR,li1,135.0100,171.3600,1.800000
FILLER_58_277,VPWR,li1,133.6300,171.3600,1.800000
FILLER_58_274,VPWR,li1,132.2500,171.3600,1.800000
FILLER_58_271,VPWR,li1,130.8700,171.3600,1.800000
FILLER_58_268,VPWR,li1,129.4900,171.3600,1.800000
FILLER_58_265,VPWR,li1,128.1100,171.3600,1.800000
FILLER_58_262,VPWR,li1,126.7300,171.3600,1.800000
FILLER_58_259,VPWR,li1,125.3500,171.3600,1.800000
FILLER_58_256,VPWR,li1,123.9700,171.3600,1.800000
FILLER_58_253,VPWR,li1,122.5900,171.3600,1.800000
FILLER_58_250,VPWR,li1,120.9800,171.3600,1.800000
FILLER_58_247,VPWR,li1,119.8300,171.3600,1.800000
FILLER_58_244,VPWR,li1,118.4500,171.3600,1.800000
FILLER_58_241,VPWR,li1,117.0700,171.3600,1.800000
FILLER_58_238,VPWR,li1,115.6900,171.3600,1.800000
FILLER_58_234,VPWR,li1,113.3900,171.3600,1.800000
FILLER_58_231,VPWR,li1,112.4700,171.3600,1.800000
FILLER_58_223,VPWR,li1,108.5600,171.3600,1.800000
FILLER_58_220,VPWR,li1,107.4100,171.3600,1.800000
FILLER_58_217,VPWR,li1,106.0300,171.3600,1.800000
FILLER_58_214,VPWR,li1,104.6500,171.3600,1.800000
FILLER_58_211,VPWR,li1,103.2700,171.3600,1.800000
FILLER_58_208,VPWR,li1,101.8900,171.3600,1.800000
FILLER_58_203,VPWR,li1,99.3600,171.3600,1.800000
FILLER_58_200,VPWR,li1,98.2100,171.3600,1.800000
FILLER_58_197,VPWR,li1,96.8300,171.3600,1.800000
FILLER_58_195,VPWR,li1,95.4500,171.3600,1.800000
FILLER_58_192,VPWR,li1,94.5300,171.3600,1.800000
FILLER_58_189,VPWR,li1,93.1500,171.3600,1.800000
FILLER_58_183,VPWR,li1,90.3900,171.3600,1.800000
FILLER_58_180,VPWR,li1,89.0100,171.3600,1.800000
FILLER_58_177,VPWR,li1,87.6300,171.3600,1.800000
FILLER_58_174,VPWR,li1,86.2500,171.3600,1.800000
FILLER_58_171,VPWR,li1,84.8700,171.3600,1.800000
FILLER_58_168,VPWR,li1,83.4900,171.3600,1.800000
FILLER_58_165,VPWR,li1,82.1100,171.3600,1.800000
FILLER_58_162,VPWR,li1,80.7300,171.3600,1.800000
FILLER_58_159,VPWR,li1,79.3500,171.3600,1.800000
FILLER_58_156,VPWR,li1,77.9700,171.3600,1.800000
FILLER_58_147,VPWR,li1,73.6000,171.3600,1.800000
FILLER_58_144,VPWR,li1,72.4500,171.3600,1.800000
FILLER_58_141,VPWR,li1,71.0700,171.3600,1.800000
FILLER_58_138,VPWR,li1,69.4600,171.3600,1.800000
FILLER_58_135,VPWR,li1,68.3100,171.3600,1.800000
FILLER_58_132,VPWR,li1,66.9300,171.3600,1.800000
FILLER_58_129,VPWR,li1,65.5500,171.3600,1.800000
FILLER_58_126,VPWR,li1,64.1700,171.3600,1.800000
FILLER_58_123,VPWR,li1,62.7900,171.3600,1.800000
FILLER_58_120,VPWR,li1,61.4100,171.3600,1.800000
FILLER_58_117,VPWR,li1,60.0300,171.3600,1.800000
FILLER_58_114,VPWR,li1,58.6500,171.3600,1.800000
FILLER_58_111,VPWR,li1,57.2700,171.3600,1.800000
FILLER_58_106,VPWR,li1,54.7400,171.3600,1.800000
FILLER_58_103,VPWR,li1,53.5900,171.3600,1.800000
FILLER_58_100,VPWR,li1,52.2100,171.3600,1.800000
FILLER_58_97,VPWR,li1,50.8300,171.3600,1.800000
FILLER_58_94,VPWR,li1,49.4500,171.3600,1.800000
FILLER_58_91,VPWR,li1,48.0700,171.3600,1.800000
FILLER_58_88,VPWR,li1,46.6900,171.3600,1.800000
FILLER_58_85,VPWR,li1,45.3100,171.3600,1.800000
FILLER_58_81,VPWR,li1,43.4700,171.3600,1.800000
FILLER_58_78,VPWR,li1,42.0900,171.3600,1.800000
FILLER_58_66,VPWR,li1,36.3400,171.3600,1.800000
FILLER_58_63,VPWR,li1,35.1900,171.3600,1.800000
FILLER_58_60,VPWR,li1,33.8100,171.3600,1.800000
FILLER_58_57,VPWR,li1,32.4300,171.3600,1.800000
FILLER_58_48,VPWR,li1,28.0600,171.3600,1.800000
FILLER_58_38,VPWR,li1,23.6900,171.3600,1.800000
FILLER_58_35,VPWR,li1,22.3100,171.3600,1.800000
FILLER_58_32,VPWR,li1,20.9300,171.3600,1.800000
FILLER_58_29,VPWR,li1,19.5500,171.3600,1.800000
FILLER_58_27,VPWR,li1,18.1700,171.3600,1.800000
FILLER_58_24,VPWR,li1,17.2500,171.3600,1.800000
FILLER_58_18,VPWR,li1,14.2600,171.3600,1.800000
FILLER_58_15,VPWR,li1,13.1100,171.3600,1.800000
FILLER_58_12,VPWR,li1,11.7300,171.3600,1.800000
FILLER_58_9,VPWR,li1,10.3500,171.3600,1.800000
FILLER_58_6,VPWR,li1,8.9700,171.3600,1.800000
FILLER_58_3,VPWR,li1,7.5900,171.3600,1.800000
FILLER_57_367,VPWR,li1,175.0300,165.9200,1.799996
FILLER_57_364,VPWR,li1,173.6500,165.9200,1.799995
FILLER_57_361,VPWR,li1,172.2700,165.9200,1.799995
FILLER_57_358,VPWR,li1,170.8900,165.9200,1.799994
FILLER_57_355,VPWR,li1,169.5100,165.9200,1.799994
FILLER_57_352,VPWR,li1,168.1300,165.9200,1.799993
FILLER_57_349,VPWR,li1,166.7500,165.9200,1.799992
FILLER_57_346,VPWR,li1,165.3700,165.9200,1.799992
FILLER_57_343,VPWR,li1,163.9900,165.9200,1.799991
FILLER_57_340,VPWR,li1,162.6100,165.9200,1.799991
FILLER_57_337,VPWR,li1,161.2300,165.9200,1.799990
FILLER_57_335,VPWR,li1,159.8500,165.9200,1.799990
FILLER_57_332,VPWR,li1,158.9300,165.9200,1.799989
FILLER_57_329,VPWR,li1,157.5500,165.9200,1.799989
FILLER_57_326,VPWR,li1,156.1700,165.9200,1.799988
FILLER_57_323,VPWR,li1,154.7900,165.9200,1.799987
FILLER_57_320,VPWR,li1,153.4100,165.9200,1.799987
FILLER_57_311,VPWR,li1,149.2700,165.9200,1.799985
FILLER_57_308,VPWR,li1,147.8900,165.9200,1.799985
FILLER_57_305,VPWR,li1,146.5100,165.9200,1.799984
FILLER_57_302,VPWR,li1,145.1300,165.9200,1.799984
FILLER_57_299,VPWR,li1,143.7500,165.9200,1.799983
FILLER_57_296,VPWR,li1,142.3700,165.9200,1.799983
FILLER_57_281,VPWR,li1,135.0100,165.9200,1.799980
FILLER_57_279,VPWR,li1,134.0900,165.9200,1.799980
FILLER_57_276,VPWR,li1,133.1700,165.9200,1.799980
FILLER_57_273,VPWR,li1,131.7900,165.9200,1.799980
FILLER_57_270,VPWR,li1,130.4100,165.9200,1.799980
FILLER_57_267,VPWR,li1,129.0300,165.9200,1.799979
FILLER_57_264,VPWR,li1,127.6500,165.9200,1.799979
FILLER_57_255,VPWR,li1,123.0500,165.9200,1.799979
FILLER_57_252,VPWR,li1,122.1300,165.9200,1.799980
FILLER_57_249,VPWR,li1,120.7500,165.9200,1.799980
FILLER_57_225,VPWR,li1,109.7100,165.9200,1.799982
FILLER_57_223,VPWR,li1,108.3300,165.9200,1.799982
FILLER_57_220,VPWR,li1,107.4100,165.9200,1.799983
FILLER_57_217,VPWR,li1,106.0300,165.9200,1.799983
FILLER_57_199,VPWR,li1,97.2900,165.9200,1.799984
FILLER_57_196,VPWR,li1,96.3700,165.9200,1.799985
FILLER_57_182,VPWR,li1,89.4700,165.9200,1.799986
FILLER_57_179,VPWR,li1,88.5500,165.9200,1.799986
FILLER_57_169,VPWR,li1,83.9500,165.9200,1.799987
FILLER_57_167,VPWR,li1,82.5700,165.9200,1.799987
FILLER_57_147,VPWR,li1,73.6000,165.9200,1.799989
FILLER_57_144,VPWR,li1,72.4500,165.9200,1.799989
FILLER_57_141,VPWR,li1,71.0700,165.9200,1.799989
FILLER_57_132,VPWR,li1,66.4700,165.9200,1.799990
FILLER_57_119,VPWR,li1,60.9500,165.9200,1.799991
FILLER_57_116,VPWR,li1,59.5700,165.9200,1.799991
FILLER_57_113,VPWR,li1,58.1900,165.9200,1.799991
FILLER_57_109,VPWR,li1,56.3500,165.9200,1.799992
FILLER_57_106,VPWR,li1,54.9700,165.9200,1.799992
FILLER_57_103,VPWR,li1,53.5900,165.9200,1.799992
FILLER_57_100,VPWR,li1,52.2100,165.9200,1.799993
FILLER_57_97,VPWR,li1,50.8300,165.9200,1.799993
FILLER_57_94,VPWR,li1,49.4500,165.9200,1.799993
FILLER_57_91,VPWR,li1,48.0700,165.9200,1.799994
FILLER_57_88,VPWR,li1,46.6900,165.9200,1.799994
FILLER_57_75,VPWR,li1,40.7100,165.9200,1.799995
FILLER_57_69,VPWR,li1,37.9500,165.9200,1.799995
FILLER_57_66,VPWR,li1,36.5700,165.9200,1.799995
FILLER_57_63,VPWR,li1,35.1900,165.9200,1.799996
FILLER_57_60,VPWR,li1,33.8100,165.9200,1.799996
FILLER_57_57,VPWR,li1,32.4300,165.9200,1.799996
FILLER_57_53,VPWR,li1,30.5900,165.9200,1.799997
FILLER_57_35,VPWR,li1,22.0800,165.9200,1.799998
FILLER_57_32,VPWR,li1,20.9300,165.9200,1.799998
FILLER_57_12,VPWR,li1,11.5000,165.9200,1.799998
FILLER_57_9,VPWR,li1,10.3500,165.9200,1.799998
FILLER_57_6,VPWR,li1,8.9700,165.9200,1.799998
FILLER_57_3,VPWR,li1,7.5900,165.9200,1.799998
FILLER_56_368,VPWR,li1,175.2600,165.9200,1.799996
FILLER_56_365,VPWR,li1,174.1100,165.9200,1.799995
FILLER_56_362,VPWR,li1,172.5000,165.9200,1.799995
FILLER_56_359,VPWR,li1,171.3500,165.9200,1.799995
FILLER_56_356,VPWR,li1,169.9700,165.9200,1.799994
FILLER_56_353,VPWR,li1,168.5900,165.9200,1.799993
FILLER_56_350,VPWR,li1,167.2100,165.9200,1.799993
FILLER_56_347,VPWR,li1,165.8300,165.9200,1.799992
FILLER_56_331,VPWR,li1,158.0100,165.9200,1.799989
FILLER_56_312,VPWR,li1,149.2700,165.9200,1.799985
FILLER_56_309,VPWR,li1,148.3500,165.9200,1.799985
FILLER_56_307,VPWR,li1,146.9700,165.9200,1.799984
FILLER_56_304,VPWR,li1,146.0500,165.9200,1.799984
FILLER_56_249,VPWR,li1,120.7500,165.9200,1.799980
FILLER_56_246,VPWR,li1,119.3700,165.9200,1.799980
FILLER_56_243,VPWR,li1,117.9900,165.9200,1.799981
FILLER_56_240,VPWR,li1,116.6100,165.9200,1.799981
FILLER_56_233,VPWR,li1,113.1600,165.9200,1.799981
FILLER_56_214,VPWR,li1,104.6500,165.9200,1.799983
FILLER_56_211,VPWR,li1,103.2700,165.9200,1.799983
FILLER_56_203,VPWR,li1,99.5900,165.9200,1.799984
FILLER_56_200,VPWR,li1,98.2100,165.9200,1.799984
FILLER_56_197,VPWR,li1,96.8300,165.9200,1.799985
FILLER_56_194,VPWR,li1,95.2200,165.9200,1.799985
FILLER_56_185,VPWR,li1,91.0800,165.9200,1.799986
FILLER_56_182,VPWR,li1,89.9300,165.9200,1.799986
FILLER_56_179,VPWR,li1,88.5500,165.9200,1.799986
FILLER_56_176,VPWR,li1,87.1700,165.9200,1.799986
FILLER_56_169,VPWR,li1,83.7200,165.9200,1.799987
FILLER_56_157,VPWR,li1,78.4300,165.9200,1.799988
FILLER_56_154,VPWR,li1,77.0500,165.9200,1.799988
FILLER_56_151,VPWR,li1,75.6700,165.9200,1.799988
FILLER_56_148,VPWR,li1,74.2900,165.9200,1.799989
FILLER_56_126,VPWR,li1,63.9400,165.9200,1.799991
FILLER_56_123,VPWR,li1,62.7900,165.9200,1.799991
FILLER_56_120,VPWR,li1,61.4100,165.9200,1.799991
FILLER_56_117,VPWR,li1,60.0300,165.9200,1.799991
FILLER_56_114,VPWR,li1,58.6500,165.9200,1.799991
FILLER_56_111,VPWR,li1,57.2700,165.9200,1.799992
FILLER_56_108,VPWR,li1,55.8900,165.9200,1.799992
FILLER_56_88,VPWR,li1,46.4600,165.9200,1.799994
FILLER_56_85,VPWR,li1,45.3100,165.9200,1.799994
FILLER_56_83,VPWR,li1,43.9300,165.9200,1.799994
FILLER_56_80,VPWR,li1,43.0100,165.9200,1.799994
FILLER_56_77,VPWR,li1,41.6300,165.9200,1.799994
FILLER_56_67,VPWR,li1,37.0300,165.9200,1.799995
FILLER_56_64,VPWR,li1,35.6500,165.9200,1.799996
FILLER_56_61,VPWR,li1,34.2700,165.9200,1.799996
FILLER_56_58,VPWR,li1,32.8900,165.9200,1.799996
FILLER_56_55,VPWR,li1,31.5100,165.9200,1.799997
FILLER_56_52,VPWR,li1,30.1300,165.9200,1.799997
FILLER_56_49,VPWR,li1,28.7500,165.9200,1.799997
FILLER_56_43,VPWR,li1,25.7600,165.9200,1.799998
FILLER_56_40,VPWR,li1,24.6100,165.9200,1.799998
FILLER_56_37,VPWR,li1,23.2300,165.9200,1.799998
FILLER_56_34,VPWR,li1,21.8500,165.9200,1.799998
FILLER_56_19,VPWR,li1,14.4900,165.9200,1.799998
FILLER_56_15,VPWR,li1,12.6500,165.9200,1.799998
FILLER_56_9,VPWR,li1,10.3500,165.9200,1.799998
FILLER_56_6,VPWR,li1,8.9700,165.9200,1.799998
FILLER_56_3,VPWR,li1,7.5900,165.9200,1.799998
FILLER_55_369,VPWR,li1,175.4900,160.4800,1.799997
FILLER_55_366,VPWR,li1,174.5700,160.4800,1.799997
FILLER_55_356,VPWR,li1,169.7400,160.4800,1.799996
FILLER_55_353,VPWR,li1,168.5900,160.4800,1.799996
FILLER_55_335,VPWR,li1,159.8500,160.4800,1.799995
FILLER_55_295,VPWR,li1,141.4500,160.4800,1.799995
FILLER_55_264,VPWR,li1,127.4200,160.4800,1.799996
FILLER_55_252,VPWR,li1,122.1300,160.4800,1.799996
FILLER_55_249,VPWR,li1,120.7500,160.4800,1.799996
FILLER_55_246,VPWR,li1,119.3700,160.4800,1.799996
FILLER_55_243,VPWR,li1,117.9900,160.4800,1.799996
FILLER_55_240,VPWR,li1,116.6100,160.4800,1.799996
FILLER_55_237,VPWR,li1,115.2300,160.4800,1.799996
FILLER_55_234,VPWR,li1,113.8500,160.4800,1.799996
FILLER_55_231,VPWR,li1,112.4700,160.4800,1.799996
FILLER_55_228,VPWR,li1,111.0900,160.4800,1.799996
FILLER_55_225,VPWR,li1,109.7100,160.4800,1.799996
FILLER_55_221,VPWR,li1,107.8700,160.4800,1.799996
FILLER_55_218,VPWR,li1,106.4900,160.4800,1.799997
FILLER_55_215,VPWR,li1,105.1100,160.4800,1.799997
FILLER_55_212,VPWR,li1,103.7300,160.4800,1.799997
FILLER_55_209,VPWR,li1,102.3500,160.4800,1.799997
FILLER_55_206,VPWR,li1,100.9700,160.4800,1.799997
FILLER_55_203,VPWR,li1,99.5900,160.4800,1.799997
FILLER_55_200,VPWR,li1,98.2100,160.4800,1.799997
FILLER_55_190,VPWR,li1,93.3800,160.4800,1.799997
FILLER_55_187,VPWR,li1,92.2300,160.4800,1.799997
FILLER_55_184,VPWR,li1,90.8500,160.4800,1.799997
FILLER_55_181,VPWR,li1,89.4700,160.4800,1.799997
FILLER_55_178,VPWR,li1,88.0900,160.4800,1.799997
FILLER_55_175,VPWR,li1,86.7100,160.4800,1.799997
FILLER_55_166,VPWR,li1,82.3400,160.4800,1.799997
FILLER_55_163,VPWR,li1,81.1900,160.4800,1.799998
FILLER_55_160,VPWR,li1,79.8100,160.4800,1.799998
FILLER_55_157,VPWR,li1,78.4300,160.4800,1.799998
FILLER_55_154,VPWR,li1,77.0500,160.4800,1.799998
FILLER_55_151,VPWR,li1,75.6700,160.4800,1.799998
FILLER_55_148,VPWR,li1,74.2900,160.4800,1.799998
FILLER_55_145,VPWR,li1,72.9100,160.4800,1.799998
FILLER_55_142,VPWR,li1,71.5300,160.4800,1.799998
FILLER_55_134,VPWR,li1,67.8500,160.4800,1.799998
FILLER_55_131,VPWR,li1,66.4700,160.4800,1.799998
FILLER_55_121,VPWR,li1,61.4100,160.4800,1.799998
FILLER_55_118,VPWR,li1,60.4900,160.4800,1.799998
FILLER_55_91,VPWR,li1,48.0700,160.4800,1.799999
FILLER_55_88,VPWR,li1,46.6900,160.4800,1.799999
FILLER_55_85,VPWR,li1,45.3100,160.4800,1.799999
FILLER_55_82,VPWR,li1,43.9300,160.4800,1.799999
FILLER_55_57,VPWR,li1,31.9700,160.4800,1.799999
FILLER_55_53,VPWR,li1,30.5900,160.4800,1.799999
FILLER_55_50,VPWR,li1,29.2100,160.4800,1.799999
FILLER_55_47,VPWR,li1,27.8300,160.4800,1.799999
FILLER_55_44,VPWR,li1,26.4500,160.4800,1.799999
FILLER_55_41,VPWR,li1,25.0700,160.4800,1.799999
FILLER_55_38,VPWR,li1,23.6900,160.4800,1.800000
FILLER_55_35,VPWR,li1,22.3100,160.4800,1.800000
FILLER_55_27,VPWR,li1,18.1700,160.4800,1.800000
FILLER_55_24,VPWR,li1,17.2500,160.4800,1.800000
FILLER_55_21,VPWR,li1,15.8700,160.4800,1.800000
FILLER_55_18,VPWR,li1,14.4900,160.4800,1.800000
FILLER_55_15,VPWR,li1,13.1100,160.4800,1.800000
FILLER_55_12,VPWR,li1,11.7300,160.4800,1.800000
FILLER_55_9,VPWR,li1,10.3500,160.4800,1.800000
FILLER_55_6,VPWR,li1,8.9700,160.4800,1.800000
FILLER_55_3,VPWR,li1,7.5900,160.4800,1.800000
FILLER_54_368,VPWR,li1,175.2600,160.4800,1.799997
FILLER_54_339,VPWR,li1,161.9200,160.4800,1.799995
FILLER_54_336,VPWR,li1,160.7700,160.4800,1.799995
FILLER_54_326,VPWR,li1,155.9400,160.4800,1.799995
FILLER_54_312,VPWR,li1,149.7300,160.4800,1.799995
FILLER_54_307,VPWR,li1,146.9700,160.4800,1.799995
FILLER_54_285,VPWR,li1,137.0800,160.4800,1.799996
FILLER_54_282,VPWR,li1,135.9300,160.4800,1.799996
FILLER_54_279,VPWR,li1,134.5500,160.4800,1.799996
FILLER_54_273,VPWR,li1,131.7900,160.4800,1.799996
FILLER_54_270,VPWR,li1,130.4100,160.4800,1.799996
FILLER_54_267,VPWR,li1,129.0300,160.4800,1.799996
FILLER_54_262,VPWR,li1,126.5000,160.4800,1.799996
FILLER_54_259,VPWR,li1,125.3500,160.4800,1.799996
FILLER_54_256,VPWR,li1,123.9700,160.4800,1.799996
FILLER_54_253,VPWR,li1,122.5900,160.4800,1.799996
FILLER_54_250,VPWR,li1,120.9800,160.4800,1.799996
FILLER_54_247,VPWR,li1,119.8300,160.4800,1.799996
FILLER_54_244,VPWR,li1,118.4500,160.4800,1.799996
FILLER_54_241,VPWR,li1,117.0700,160.4800,1.799996
FILLER_54_229,VPWR,li1,111.0900,160.4800,1.799996
FILLER_54_223,VPWR,li1,108.7900,160.4800,1.799996
FILLER_54_220,VPWR,li1,107.4100,160.4800,1.799997
FILLER_54_217,VPWR,li1,106.0300,160.4800,1.799997
FILLER_54_203,VPWR,li1,99.3600,160.4800,1.799997
FILLER_54_200,VPWR,li1,98.2100,160.4800,1.799997
FILLER_54_197,VPWR,li1,96.8300,160.4800,1.799997
FILLER_54_194,VPWR,li1,95.2200,160.4800,1.799997
FILLER_54_191,VPWR,li1,94.0700,160.4800,1.799997
FILLER_54_187,VPWR,li1,91.7700,160.4800,1.799997
FILLER_54_184,VPWR,li1,90.8500,160.4800,1.799997
FILLER_54_181,VPWR,li1,89.4700,160.4800,1.799997
FILLER_54_171,VPWR,li1,84.4100,160.4800,1.799997
FILLER_54_156,VPWR,li1,77.5100,160.4800,1.799998
FILLER_54_153,VPWR,li1,76.5900,160.4800,1.799998
FILLER_54_150,VPWR,li1,75.2100,160.4800,1.799998
FILLER_54_147,VPWR,li1,73.8300,160.4800,1.799998
FILLER_54_144,VPWR,li1,72.4500,160.4800,1.799998
FILLER_54_141,VPWR,li1,71.0700,160.4800,1.799998
FILLER_54_139,VPWR,li1,69.6900,160.4800,1.799998
FILLER_54_126,VPWR,li1,63.7100,160.4800,1.799998
FILLER_54_118,VPWR,li1,60.0300,160.4800,1.799998
FILLER_54_115,VPWR,li1,59.1100,160.4800,1.799998
FILLER_54_112,VPWR,li1,57.7300,160.4800,1.799998
FILLER_54_109,VPWR,li1,56.3500,160.4800,1.799998
FILLER_54_103,VPWR,li1,53.1300,160.4800,1.799998
FILLER_54_100,VPWR,li1,52.2100,160.4800,1.799999
FILLER_54_97,VPWR,li1,50.8300,160.4800,1.799999
FILLER_54_94,VPWR,li1,49.4500,160.4800,1.799999
FILLER_54_91,VPWR,li1,48.0700,160.4800,1.799999
FILLER_54_88,VPWR,li1,46.6900,160.4800,1.799999
FILLER_54_85,VPWR,li1,45.3100,160.4800,1.799999
FILLER_54_81,VPWR,li1,43.4700,160.4800,1.799999
FILLER_54_78,VPWR,li1,42.0900,160.4800,1.799999
FILLER_54_75,VPWR,li1,40.7100,160.4800,1.799999
FILLER_54_69,VPWR,li1,37.4900,160.4800,1.799999
FILLER_54_66,VPWR,li1,36.5700,160.4800,1.799999
FILLER_54_63,VPWR,li1,35.1900,160.4800,1.799999
FILLER_54_60,VPWR,li1,33.8100,160.4800,1.799999
FILLER_54_57,VPWR,li1,32.4300,160.4800,1.799999
FILLER_54_45,VPWR,li1,26.6800,160.4800,1.799999
FILLER_54_34,VPWR,li1,21.3900,160.4800,1.800000
FILLER_54_29,VPWR,li1,19.0900,160.4800,1.800000
FILLER_54_27,VPWR,li1,18.1700,160.4800,1.800000
FILLER_54_24,VPWR,li1,17.2500,160.4800,1.800000
FILLER_54_21,VPWR,li1,15.8700,160.4800,1.800000
FILLER_54_18,VPWR,li1,14.4900,160.4800,1.800000
FILLER_54_15,VPWR,li1,13.1100,160.4800,1.800000
FILLER_54_12,VPWR,li1,11.7300,160.4800,1.800000
FILLER_54_9,VPWR,li1,10.3500,160.4800,1.800000
FILLER_54_6,VPWR,li1,8.9700,160.4800,1.800000
FILLER_54_3,VPWR,li1,7.5900,160.4800,1.800000
FILLER_53_367,VPWR,li1,175.0300,155.0400,1.799995
FILLER_53_358,VPWR,li1,170.4300,155.0400,1.799993
FILLER_53_346,VPWR,li1,165.3700,155.0400,1.799990
FILLER_53_343,VPWR,li1,163.9900,155.0400,1.799990
FILLER_53_340,VPWR,li1,162.6100,155.0400,1.799990
FILLER_53_337,VPWR,li1,161.2300,155.0400,1.799989
FILLER_53_333,VPWR,li1,159.3900,155.0400,1.799988
FILLER_53_330,VPWR,li1,158.0100,155.0400,1.799988
FILLER_53_324,VPWR,li1,155.2500,155.0400,1.799986
FILLER_53_321,VPWR,li1,153.8700,155.0400,1.799986
FILLER_53_318,VPWR,li1,152.4900,155.0400,1.799985
FILLER_53_315,VPWR,li1,151.1100,155.0400,1.799985
FILLER_53_312,VPWR,li1,149.7300,155.0400,1.799983
FILLER_53_309,VPWR,li1,148.3500,155.0400,1.799983
FILLER_53_250,VPWR,li1,120.9800,155.0400,1.799983
FILLER_53_247,VPWR,li1,119.8300,155.0400,1.799983
FILLER_53_244,VPWR,li1,118.4500,155.0400,1.799983
FILLER_53_235,VPWR,li1,114.0800,155.0400,1.799984
FILLER_53_220,VPWR,li1,106.9500,155.0400,1.799985
FILLER_53_217,VPWR,li1,106.0300,155.0400,1.799985
FILLER_53_214,VPWR,li1,104.6500,155.0400,1.799986
FILLER_53_211,VPWR,li1,103.2700,155.0400,1.799986
FILLER_53_208,VPWR,li1,101.8900,155.0400,1.799986
FILLER_53_205,VPWR,li1,100.5100,155.0400,1.799986
FILLER_53_193,VPWR,li1,94.5300,155.0400,1.799987
FILLER_53_182,VPWR,li1,89.9300,155.0400,1.799988
FILLER_53_179,VPWR,li1,88.5500,155.0400,1.799988
FILLER_53_176,VPWR,li1,87.1700,155.0400,1.799988
FILLER_53_172,VPWR,li1,84.8700,155.0400,1.799989
FILLER_53_169,VPWR,li1,83.9500,155.0400,1.799989
FILLER_53_166,VPWR,li1,82.3400,155.0400,1.799989
FILLER_53_163,VPWR,li1,81.1900,155.0400,1.799989
FILLER_53_160,VPWR,li1,79.8100,155.0400,1.799989
FILLER_53_157,VPWR,li1,78.4300,155.0400,1.799990
FILLER_53_154,VPWR,li1,77.0500,155.0400,1.799990
FILLER_53_140,VPWR,li1,70.3800,155.0400,1.799991
FILLER_53_137,VPWR,li1,69.2300,155.0400,1.799991
FILLER_53_134,VPWR,li1,67.8500,155.0400,1.799991
FILLER_53_131,VPWR,li1,66.4700,155.0400,1.799991
FILLER_53_128,VPWR,li1,65.0900,155.0400,1.799992
FILLER_53_125,VPWR,li1,63.7100,155.0400,1.799992
FILLER_53_122,VPWR,li1,62.3300,155.0400,1.799992
FILLER_53_119,VPWR,li1,60.9500,155.0400,1.799992
FILLER_53_116,VPWR,li1,59.5700,155.0400,1.799993
FILLER_53_113,VPWR,li1,58.1900,155.0400,1.799993
FILLER_53_111,VPWR,li1,56.8100,155.0400,1.799993
FILLER_53_108,VPWR,li1,55.8900,155.0400,1.799993
FILLER_53_105,VPWR,li1,54.5100,155.0400,1.799993
FILLER_53_91,VPWR,li1,47.8400,155.0400,1.799994
FILLER_53_88,VPWR,li1,46.6900,155.0400,1.799995
FILLER_53_73,VPWR,li1,39.5600,155.0400,1.799996
FILLER_53_70,VPWR,li1,38.4100,155.0400,1.799996
FILLER_53_67,VPWR,li1,37.0300,155.0400,1.799996
FILLER_53_64,VPWR,li1,35.6500,155.0400,1.799996
FILLER_53_49,VPWR,li1,28.5200,155.0400,1.799997
FILLER_53_46,VPWR,li1,27.3700,155.0400,1.799997
FILLER_53_43,VPWR,li1,25.9900,155.0400,1.799998
FILLER_53_40,VPWR,li1,24.6100,155.0400,1.799998
FILLER_53_25,VPWR,li1,17.2500,155.0400,1.799998
FILLER_53_22,VPWR,li1,16.3300,155.0400,1.799998
FILLER_53_12,VPWR,li1,11.5000,155.0400,1.799998
FILLER_53_9,VPWR,li1,10.3500,155.0400,1.799998
FILLER_53_6,VPWR,li1,8.9700,155.0400,1.799998
FILLER_53_3,VPWR,li1,7.5900,155.0400,1.799998
FILLER_52_368,VPWR,li1,175.2600,155.0400,1.799995
FILLER_52_342,VPWR,li1,163.0700,155.0400,1.799990
FILLER_52_339,VPWR,li1,162.1500,155.0400,1.799990
FILLER_52_320,VPWR,li1,153.4100,155.0400,1.799986
FILLER_52_276,VPWR,li1,132.7100,155.0400,1.799981
FILLER_52_266,VPWR,li1,128.3400,155.0400,1.799982
FILLER_52_256,VPWR,li1,123.7400,155.0400,1.799983
FILLER_52_253,VPWR,li1,122.5900,155.0400,1.799983
FILLER_52_250,VPWR,li1,120.9800,155.0400,1.799983
FILLER_52_247,VPWR,li1,119.8300,155.0400,1.799983
FILLER_52_244,VPWR,li1,118.4500,155.0400,1.799983
FILLER_52_241,VPWR,li1,117.0700,155.0400,1.799984
FILLER_52_232,VPWR,li1,112.7000,155.0400,1.799984
FILLER_52_223,VPWR,li1,108.7900,155.0400,1.799985
FILLER_52_220,VPWR,li1,107.4100,155.0400,1.799985
FILLER_52_217,VPWR,li1,106.0300,155.0400,1.799985
FILLER_52_214,VPWR,li1,104.6500,155.0400,1.799986
FILLER_52_211,VPWR,li1,103.2700,155.0400,1.799986
FILLER_52_203,VPWR,li1,99.1300,155.0400,1.799987
FILLER_52_200,VPWR,li1,98.2100,155.0400,1.799987
FILLER_52_197,VPWR,li1,96.8300,155.0400,1.799987
FILLER_52_195,VPWR,li1,95.4500,155.0400,1.799987
FILLER_52_192,VPWR,li1,94.5300,155.0400,1.799987
FILLER_52_184,VPWR,li1,90.3900,155.0400,1.799988
FILLER_52_181,VPWR,li1,89.4700,155.0400,1.799988
FILLER_52_167,VPWR,li1,83.0300,155.0400,1.799989
FILLER_52_164,VPWR,li1,81.6500,155.0400,1.799989
FILLER_52_161,VPWR,li1,80.2700,155.0400,1.799989
FILLER_52_144,VPWR,li1,72.2200,155.0400,1.799991
FILLER_52_141,VPWR,li1,71.0700,155.0400,1.799991
FILLER_52_137,VPWR,li1,69.2300,155.0400,1.799991
FILLER_52_134,VPWR,li1,67.8500,155.0400,1.799991
FILLER_52_131,VPWR,li1,66.4700,155.0400,1.799991
FILLER_52_128,VPWR,li1,65.0900,155.0400,1.799992
FILLER_52_125,VPWR,li1,63.7100,155.0400,1.799992
FILLER_52_117,VPWR,li1,59.5700,155.0400,1.799993
FILLER_52_114,VPWR,li1,58.6500,155.0400,1.799993
FILLER_52_102,VPWR,li1,52.9000,155.0400,1.799994
FILLER_52_99,VPWR,li1,51.7500,155.0400,1.799994
FILLER_52_96,VPWR,li1,50.3700,155.0400,1.799994
FILLER_52_93,VPWR,li1,48.9900,155.0400,1.799994
FILLER_52_90,VPWR,li1,47.6100,155.0400,1.799994
FILLER_52_81,VPWR,li1,43.4700,155.0400,1.799995
FILLER_52_71,VPWR,li1,38.4100,155.0400,1.799996
FILLER_52_68,VPWR,li1,37.4900,155.0400,1.799996
FILLER_52_65,VPWR,li1,36.1100,155.0400,1.799996
FILLER_52_62,VPWR,li1,34.7300,155.0400,1.799997
FILLER_52_50,VPWR,li1,28.9800,155.0400,1.799997
FILLER_52_47,VPWR,li1,27.8300,155.0400,1.799997
FILLER_52_29,VPWR,li1,19.3200,155.0400,1.799998
FILLER_52_26,VPWR,li1,17.9400,155.0400,1.799998
FILLER_52_23,VPWR,li1,16.7900,155.0400,1.799998
FILLER_52_20,VPWR,li1,15.4100,155.0400,1.799998
FILLER_52_17,VPWR,li1,14.0300,155.0400,1.799998
FILLER_52_11,VPWR,li1,11.2700,155.0400,1.799998
FILLER_52_3,VPWR,li1,7.1300,155.0400,1.799998
FILLER_51_359,VPWR,li1,171.3500,149.6000,1.799997
FILLER_51_341,VPWR,li1,162.6100,149.6000,1.799995
FILLER_51_279,VPWR,li1,134.0900,149.6000,1.799990
FILLER_51_276,VPWR,li1,133.1700,149.6000,1.799990
FILLER_51_265,VPWR,li1,128.1100,149.6000,1.799990
FILLER_51_260,VPWR,li1,125.5800,149.6000,1.799991
FILLER_51_240,VPWR,li1,116.1500,149.6000,1.799991
FILLER_51_237,VPWR,li1,115.2300,149.6000,1.799991
FILLER_51_234,VPWR,li1,113.8500,149.6000,1.799991
FILLER_51_231,VPWR,li1,112.4700,149.6000,1.799992
FILLER_51_228,VPWR,li1,111.0900,149.6000,1.799992
FILLER_51_225,VPWR,li1,109.7100,149.6000,1.799992
FILLER_51_223,VPWR,li1,108.3300,149.6000,1.799992
FILLER_51_213,VPWR,li1,103.7300,149.6000,1.799992
FILLER_51_199,VPWR,li1,97.5200,149.6000,1.799993
FILLER_51_196,VPWR,li1,96.3700,149.6000,1.799993
FILLER_51_193,VPWR,li1,94.9900,149.6000,1.799993
FILLER_51_190,VPWR,li1,93.6100,149.6000,1.799993
FILLER_51_187,VPWR,li1,92.2300,149.6000,1.799993
FILLER_51_184,VPWR,li1,90.8500,149.6000,1.799993
FILLER_51_181,VPWR,li1,89.4700,149.6000,1.799994
FILLER_51_178,VPWR,li1,88.0900,149.6000,1.799994
FILLER_51_175,VPWR,li1,86.7100,149.6000,1.799994
FILLER_51_172,VPWR,li1,85.3300,149.6000,1.799994
FILLER_51_169,VPWR,li1,83.9500,149.6000,1.799994
FILLER_51_167,VPWR,li1,82.5700,149.6000,1.799994
FILLER_51_160,VPWR,li1,79.3500,149.6000,1.799994
FILLER_51_157,VPWR,li1,78.4300,149.6000,1.799995
FILLER_51_154,VPWR,li1,77.0500,149.6000,1.799995
FILLER_51_151,VPWR,li1,75.6700,149.6000,1.799995
FILLER_51_148,VPWR,li1,74.2900,149.6000,1.799995
FILLER_51_145,VPWR,li1,72.9100,149.6000,1.799995
FILLER_51_142,VPWR,li1,71.5300,149.6000,1.799995
FILLER_51_131,VPWR,li1,66.0100,149.6000,1.799995
FILLER_51_116,VPWR,li1,59.5700,149.6000,1.799996
FILLER_51_113,VPWR,li1,58.1900,149.6000,1.799996
FILLER_51_110,VPWR,li1,56.5800,149.6000,1.799996
FILLER_51_96,VPWR,li1,49.9100,149.6000,1.799997
FILLER_51_93,VPWR,li1,48.9900,149.6000,1.799997
FILLER_51_90,VPWR,li1,47.6100,149.6000,1.799997
FILLER_51_87,VPWR,li1,46.2300,149.6000,1.799997
FILLER_51_78,VPWR,li1,41.6300,149.6000,1.799998
FILLER_51_75,VPWR,li1,40.7100,149.6000,1.799998
FILLER_51_72,VPWR,li1,39.3300,149.6000,1.799998
FILLER_51_69,VPWR,li1,37.9500,149.6000,1.799998
FILLER_51_66,VPWR,li1,36.5700,149.6000,1.799998
FILLER_51_63,VPWR,li1,35.1900,149.6000,1.799998
FILLER_51_57,VPWR,li1,32.4300,149.6000,1.799998
FILLER_51_55,VPWR,li1,31.0500,149.6000,1.799998
FILLER_51_52,VPWR,li1,30.1300,149.6000,1.799999
FILLER_51_49,VPWR,li1,28.7500,149.6000,1.799999
FILLER_51_46,VPWR,li1,27.3700,149.6000,1.799999
FILLER_51_43,VPWR,li1,25.9900,149.6000,1.799999
FILLER_51_40,VPWR,li1,24.6100,149.6000,1.799999
FILLER_51_36,VPWR,li1,22.3100,149.6000,1.799999
FILLER_51_33,VPWR,li1,21.3900,149.6000,1.799999
FILLER_51_30,VPWR,li1,20.0100,149.6000,1.799999
FILLER_51_27,VPWR,li1,18.6300,149.6000,1.799999
FILLER_51_24,VPWR,li1,17.2500,149.6000,1.799999
FILLER_51_21,VPWR,li1,15.8700,149.6000,1.799999
FILLER_51_15,VPWR,li1,12.8800,149.6000,1.799999
FILLER_51_3,VPWR,li1,7.3600,149.6000,1.799999
FILLER_50_368,VPWR,li1,175.2600,149.6000,1.799998
FILLER_50_365,VPWR,li1,174.1100,149.6000,1.799997
FILLER_50_363,VPWR,li1,172.7300,149.6000,1.799997
FILLER_50_360,VPWR,li1,171.8100,149.6000,1.799997
FILLER_50_337,VPWR,li1,160.7700,149.6000,1.799994
FILLER_50_329,VPWR,li1,157.5500,149.6000,1.799993
FILLER_50_326,VPWR,li1,156.1700,149.6000,1.799993
FILLER_50_323,VPWR,li1,154.7900,149.6000,1.799993
FILLER_50_320,VPWR,li1,153.4100,149.6000,1.799993
FILLER_50_317,VPWR,li1,152.0300,149.6000,1.799992
FILLER_50_314,VPWR,li1,150.6500,149.6000,1.799992
FILLER_50_309,VPWR,li1,148.1200,149.6000,1.799992
FILLER_50_307,VPWR,li1,146.9700,149.6000,1.799991
FILLER_50_304,VPWR,li1,146.0500,149.6000,1.799991
FILLER_50_301,VPWR,li1,144.6700,149.6000,1.799990
FILLER_50_298,VPWR,li1,143.2900,149.6000,1.799990
FILLER_50_253,VPWR,li1,122.3600,149.6000,1.799991
FILLER_50_251,VPWR,li1,121.2100,149.6000,1.799991
FILLER_50_248,VPWR,li1,120.2900,149.6000,1.799991
FILLER_50_242,VPWR,li1,117.0700,149.6000,1.799991
FILLER_50_239,VPWR,li1,116.1500,149.6000,1.799991
FILLER_50_236,VPWR,li1,114.7700,149.6000,1.799991
FILLER_50_233,VPWR,li1,113.3900,149.6000,1.799992
FILLER_50_217,VPWR,li1,105.5700,149.6000,1.799992
FILLER_50_209,VPWR,li1,102.1200,149.6000,1.799993
FILLER_50_197,VPWR,li1,96.8300,149.6000,1.799993
FILLER_50_194,VPWR,li1,95.2200,149.6000,1.799993
FILLER_50_191,VPWR,li1,94.0700,149.6000,1.799993
FILLER_50_188,VPWR,li1,92.6900,149.6000,1.799993
FILLER_50_185,VPWR,li1,91.3100,149.6000,1.799993
FILLER_50_182,VPWR,li1,89.9300,149.6000,1.799993
FILLER_50_179,VPWR,li1,88.5500,149.6000,1.799994
FILLER_50_176,VPWR,li1,87.1700,149.6000,1.799994
FILLER_50_173,VPWR,li1,85.7900,149.6000,1.799994
FILLER_50_170,VPWR,li1,84.4100,149.6000,1.799994
FILLER_50_167,VPWR,li1,83.0300,149.6000,1.799994
FILLER_50_164,VPWR,li1,81.6500,149.6000,1.799994
FILLER_50_161,VPWR,li1,80.2700,149.6000,1.799994
FILLER_50_154,VPWR,li1,77.0500,149.6000,1.799995
FILLER_50_151,VPWR,li1,75.6700,149.6000,1.799995
FILLER_50_144,VPWR,li1,72.2200,149.6000,1.799995
FILLER_50_141,VPWR,li1,71.0700,149.6000,1.799995
FILLER_50_138,VPWR,li1,69.4600,149.6000,1.799995
FILLER_50_135,VPWR,li1,68.3100,149.6000,1.799995
FILLER_50_132,VPWR,li1,66.9300,149.6000,1.799995
FILLER_50_129,VPWR,li1,65.5500,149.6000,1.799996
FILLER_50_126,VPWR,li1,64.1700,149.6000,1.799996
FILLER_50_123,VPWR,li1,62.7900,149.6000,1.799996
FILLER_50_120,VPWR,li1,61.4100,149.6000,1.799996
FILLER_50_117,VPWR,li1,60.0300,149.6000,1.799996
FILLER_50_107,VPWR,li1,55.4300,149.6000,1.799996
FILLER_50_100,VPWR,li1,51.7500,149.6000,1.799997
FILLER_50_97,VPWR,li1,50.8300,149.6000,1.799997
FILLER_50_94,VPWR,li1,49.4500,149.6000,1.799997
FILLER_50_82,VPWR,li1,43.7000,149.6000,1.799997
FILLER_50_79,VPWR,li1,42.5500,149.6000,1.799997
FILLER_50_76,VPWR,li1,41.1700,149.6000,1.799998
FILLER_50_73,VPWR,li1,39.7900,149.6000,1.799998
FILLER_50_70,VPWR,li1,38.4100,149.6000,1.799998
FILLER_50_60,VPWR,li1,33.5800,149.6000,1.799998
FILLER_50_57,VPWR,li1,32.4300,149.6000,1.799998
FILLER_50_52,VPWR,li1,29.9000,149.6000,1.799999
FILLER_50_49,VPWR,li1,28.7500,149.6000,1.799999
FILLER_50_41,VPWR,li1,25.0700,149.6000,1.799999
FILLER_50_38,VPWR,li1,23.6900,149.6000,1.799999
FILLER_50_35,VPWR,li1,22.3100,149.6000,1.799999
FILLER_50_32,VPWR,li1,20.9300,149.6000,1.799999
FILLER_50_29,VPWR,li1,19.5500,149.6000,1.799999
FILLER_50_9,VPWR,li1,9.8900,149.6000,1.799999
FILLER_50_6,VPWR,li1,8.9700,149.6000,1.799999
FILLER_50_3,VPWR,li1,7.5900,149.6000,1.799999
FILLER_49_346,VPWR,li1,165.3700,144.1600,1.799992
FILLER_49_343,VPWR,li1,163.9900,144.1600,1.799991
FILLER_49_340,VPWR,li1,162.6100,144.1600,1.799991
FILLER_49_337,VPWR,li1,161.2300,144.1600,1.799991
FILLER_49_333,VPWR,li1,159.3900,144.1600,1.799990
FILLER_49_324,VPWR,li1,155.2500,144.1600,1.799989
FILLER_49_321,VPWR,li1,153.8700,144.1600,1.799989
FILLER_49_312,VPWR,li1,149.7300,144.1600,1.799989
FILLER_49_307,VPWR,li1,147.2000,144.1600,1.799988
FILLER_49_304,VPWR,li1,146.0500,144.1600,1.799988
FILLER_49_301,VPWR,li1,144.6700,144.1600,1.799988
FILLER_49_270,VPWR,li1,130.1800,144.1600,1.799988
FILLER_49_262,VPWR,li1,126.7300,144.1600,1.799988
FILLER_49_259,VPWR,li1,125.3500,144.1600,1.799988
FILLER_49_234,VPWR,li1,113.8500,144.1600,1.799989
FILLER_49_231,VPWR,li1,112.4700,144.1600,1.799990
FILLER_49_228,VPWR,li1,111.0900,144.1600,1.799990
FILLER_49_225,VPWR,li1,109.7100,144.1600,1.799990
FILLER_49_215,VPWR,li1,104.6500,144.1600,1.799990
FILLER_49_206,VPWR,li1,100.7400,144.1600,1.799991
FILLER_49_190,VPWR,li1,93.3800,144.1600,1.799991
FILLER_49_177,VPWR,li1,87.1700,144.1600,1.799992
FILLER_49_169,VPWR,li1,83.7200,144.1600,1.799992
FILLER_49_165,VPWR,li1,82.1100,144.1600,1.799993
FILLER_49_151,VPWR,li1,75.2100,144.1600,1.799993
FILLER_49_148,VPWR,li1,74.2900,144.1600,1.799993
FILLER_49_140,VPWR,li1,70.6100,144.1600,1.799994
FILLER_49_137,VPWR,li1,69.2300,144.1600,1.799994
FILLER_49_134,VPWR,li1,67.8500,144.1600,1.799994
FILLER_49_125,VPWR,li1,63.4800,144.1600,1.799995
FILLER_49_122,VPWR,li1,62.3300,144.1600,1.799995
FILLER_49_119,VPWR,li1,60.9500,144.1600,1.799995
FILLER_49_116,VPWR,li1,59.5700,144.1600,1.799995
FILLER_49_113,VPWR,li1,58.1900,144.1600,1.799995
FILLER_49_109,VPWR,li1,56.3500,144.1600,1.799995
FILLER_49_106,VPWR,li1,54.9700,144.1600,1.799995
FILLER_49_103,VPWR,li1,53.5900,144.1600,1.799996
FILLER_49_100,VPWR,li1,52.2100,144.1600,1.799996
FILLER_49_92,VPWR,li1,48.0700,144.1600,1.799996
FILLER_49_89,VPWR,li1,47.1500,144.1600,1.799996
FILLER_49_86,VPWR,li1,45.7700,144.1600,1.799996
FILLER_49_83,VPWR,li1,44.3900,144.1600,1.799996
FILLER_49_75,VPWR,li1,40.2500,144.1600,1.799997
FILLER_49_63,VPWR,li1,35.1900,144.1600,1.799998
FILLER_49_60,VPWR,li1,33.8100,144.1600,1.799998
FILLER_49_57,VPWR,li1,32.4300,144.1600,1.799998
FILLER_49_54,VPWR,li1,30.8200,144.1600,1.799998
FILLER_49_51,VPWR,li1,29.6700,144.1600,1.799998
FILLER_49_48,VPWR,li1,28.2900,144.1600,1.799998
FILLER_49_42,VPWR,li1,25.0700,144.1600,1.799999
FILLER_49_38,VPWR,li1,23.2300,144.1600,1.799999
FILLER_49_35,VPWR,li1,22.3100,144.1600,1.799999
FILLER_49_32,VPWR,li1,20.9300,144.1600,1.799999
FILLER_49_29,VPWR,li1,19.5500,144.1600,1.799999
FILLER_49_26,VPWR,li1,18.1700,144.1600,1.799999
FILLER_49_23,VPWR,li1,16.7900,144.1600,1.799999
FILLER_49_9,VPWR,li1,10.3500,144.1600,1.799999
FILLER_49_6,VPWR,li1,8.9700,144.1600,1.799999
FILLER_49_3,VPWR,li1,7.5900,144.1600,1.799999
FILLER_48_368,VPWR,li1,175.2600,144.1600,1.799995
FILLER_48_361,VPWR,li1,172.2700,144.1600,1.799994
FILLER_48_349,VPWR,li1,166.7500,144.1600,1.799992
FILLER_48_346,VPWR,li1,165.3700,144.1600,1.799992
FILLER_48_343,VPWR,li1,163.9900,144.1600,1.799991
FILLER_48_323,VPWR,li1,154.5600,144.1600,1.799989
FILLER_48_307,VPWR,li1,146.9700,144.1600,1.799988
FILLER_48_287,VPWR,li1,138.2300,144.1600,1.799987
FILLER_48_284,VPWR,li1,136.8500,144.1600,1.799987
FILLER_48_281,VPWR,li1,135.4700,144.1600,1.799987
FILLER_48_261,VPWR,li1,126.0400,144.1600,1.799988
FILLER_48_258,VPWR,li1,124.8900,144.1600,1.799988
FILLER_48_251,VPWR,li1,121.2100,144.1600,1.799989
FILLER_48_243,VPWR,li1,117.9900,144.1600,1.799989
FILLER_48_235,VPWR,li1,114.3100,144.1600,1.799989
FILLER_48_232,VPWR,li1,112.9300,144.1600,1.799989
FILLER_48_229,VPWR,li1,111.5500,144.1600,1.799990
FILLER_48_226,VPWR,li1,110.1700,144.1600,1.799990
FILLER_48_223,VPWR,li1,108.7900,144.1600,1.799990
FILLER_48_220,VPWR,li1,107.4100,144.1600,1.799990
FILLER_48_211,VPWR,li1,103.0400,144.1600,1.799990
FILLER_48_208,VPWR,li1,101.8900,144.1600,1.799990
FILLER_48_205,VPWR,li1,100.5100,144.1600,1.799991
FILLER_48_202,VPWR,li1,99.1300,144.1600,1.799991
FILLER_48_195,VPWR,li1,95.4500,144.1600,1.799991
FILLER_48_188,VPWR,li1,92.4600,144.1600,1.799992
FILLER_48_158,VPWR,li1,78.8900,144.1600,1.799993
FILLER_48_151,VPWR,li1,75.4400,144.1600,1.799993
FILLER_48_144,VPWR,li1,71.9900,144.1600,1.799994
FILLER_48_141,VPWR,li1,71.0700,144.1600,1.799994
FILLER_48_139,VPWR,li1,69.6900,144.1600,1.799994
FILLER_48_127,VPWR,li1,64.6300,144.1600,1.799994
FILLER_48_85,VPWR,li1,45.0800,144.1600,1.799996
FILLER_48_81,VPWR,li1,43.4700,144.1600,1.799997
FILLER_48_78,VPWR,li1,42.0900,144.1600,1.799997
FILLER_48_60,VPWR,li1,33.5800,144.1600,1.799998
FILLER_48_50,VPWR,li1,29.2100,144.1600,1.799998
FILLER_48_41,VPWR,li1,24.6100,144.1600,1.799999
FILLER_48_29,VPWR,li1,19.5500,144.1600,1.799999
FILLER_48_18,VPWR,li1,14.0300,144.1600,1.799999
FILLER_48_15,VPWR,li1,13.1100,144.1600,1.799999
FILLER_48_12,VPWR,li1,11.7300,144.1600,1.799999
FILLER_48_9,VPWR,li1,10.3500,144.1600,1.799999
FILLER_48_6,VPWR,li1,8.9700,144.1600,1.799999
FILLER_48_3,VPWR,li1,7.5900,144.1600,1.799999
FILLER_47_361,VPWR,li1,171.8100,138.7200,1.799994
FILLER_47_352,VPWR,li1,167.6700,138.7200,1.799991
FILLER_47_328,VPWR,li1,156.8600,138.7200,1.799985
FILLER_47_325,VPWR,li1,155.7100,138.7200,1.799985
FILLER_47_322,VPWR,li1,154.3300,138.7200,1.799985
FILLER_47_319,VPWR,li1,152.9500,138.7200,1.799983
FILLER_47_316,VPWR,li1,151.5700,138.7200,1.799983
FILLER_47_293,VPWR,li1,140.9900,138.7200,1.799979
FILLER_47_290,VPWR,li1,139.6100,138.7200,1.799979
FILLER_47_287,VPWR,li1,138.2300,138.7200,1.799979
FILLER_47_284,VPWR,li1,136.8500,138.7200,1.799979
FILLER_47_281,VPWR,li1,135.4700,138.7200,1.799979
FILLER_47_279,VPWR,li1,134.0900,138.7200,1.799979
FILLER_47_276,VPWR,li1,133.1700,138.7200,1.799979
FILLER_47_246,VPWR,li1,119.3700,138.7200,1.799980
FILLER_47_225,VPWR,li1,109.7100,138.7200,1.799981
FILLER_47_209,VPWR,li1,102.3500,138.7200,1.799981
FILLER_47_206,VPWR,li1,100.9700,138.7200,1.799981
FILLER_47_203,VPWR,li1,99.5900,138.7200,1.799981
FILLER_47_200,VPWR,li1,98.2100,138.7200,1.799981
FILLER_47_197,VPWR,li1,96.8300,138.7200,1.799982
FILLER_47_194,VPWR,li1,95.4500,138.7200,1.799982
FILLER_47_191,VPWR,li1,94.0700,138.7200,1.799982
FILLER_47_188,VPWR,li1,92.6900,138.7200,1.799982
FILLER_47_185,VPWR,li1,91.3100,138.7200,1.799982
FILLER_47_182,VPWR,li1,89.9300,138.7200,1.799982
FILLER_47_179,VPWR,li1,88.5500,138.7200,1.799982
FILLER_47_166,VPWR,li1,82.3400,138.7200,1.799983
FILLER_47_163,VPWR,li1,81.1900,138.7200,1.799983
FILLER_47_156,VPWR,li1,77.5100,138.7200,1.799983
FILLER_47_141,VPWR,li1,71.0700,138.7200,1.799983
FILLER_47_116,VPWR,li1,59.5700,138.7200,1.799984
FILLER_47_109,VPWR,li1,56.3500,138.7200,1.799984
FILLER_47_106,VPWR,li1,54.9700,138.7200,1.799984
FILLER_47_103,VPWR,li1,53.5900,138.7200,1.799984
FILLER_47_100,VPWR,li1,52.2100,138.7200,1.799985
FILLER_47_97,VPWR,li1,50.8300,138.7200,1.799985
FILLER_47_94,VPWR,li1,49.4500,138.7200,1.799986
FILLER_47_91,VPWR,li1,48.0700,138.7200,1.799986
FILLER_47_87,VPWR,li1,45.7700,138.7200,1.799987
FILLER_47_79,VPWR,li1,42.3200,138.7200,1.799988
FILLER_47_76,VPWR,li1,41.1700,138.7200,1.799989
FILLER_47_73,VPWR,li1,39.7900,138.7200,1.799989
FILLER_47_70,VPWR,li1,38.4100,138.7200,1.799990
FILLER_47_67,VPWR,li1,37.0300,138.7200,1.799991
FILLER_47_63,VPWR,li1,34.7300,138.7200,1.799991
FILLER_47_60,VPWR,li1,33.8100,138.7200,1.799991
FILLER_47_55,VPWR,li1,31.0500,138.7200,1.799993
FILLER_47_37,VPWR,li1,23.2300,138.7200,1.799995
FILLER_47_34,VPWR,li1,21.8500,138.7200,1.799996
FILLER_47_31,VPWR,li1,20.4700,138.7200,1.799996
FILLER_47_28,VPWR,li1,19.0900,138.7200,1.799996
FILLER_47_6,VPWR,li1,8.5100,138.7200,1.799996
FILLER_47_3,VPWR,li1,7.5900,138.7200,1.799996
FILLER_46_368,VPWR,li1,175.2600,138.7200,1.799995
FILLER_46_361,VPWR,li1,172.2700,138.7200,1.799994
FILLER_46_349,VPWR,li1,166.7500,138.7200,1.799991
FILLER_46_346,VPWR,li1,165.3700,138.7200,1.799990
FILLER_46_343,VPWR,li1,163.9900,138.7200,1.799990
FILLER_46_340,VPWR,li1,162.6100,138.7200,1.799988
FILLER_46_335,VPWR,li1,160.0800,138.7200,1.799987
FILLER_46_332,VPWR,li1,158.9300,138.7200,1.799987
FILLER_46_329,VPWR,li1,157.5500,138.7200,1.799985
FILLER_46_326,VPWR,li1,156.1700,138.7200,1.799985
FILLER_46_323,VPWR,li1,154.7900,138.7200,1.799985
FILLER_46_317,VPWR,li1,151.8000,138.7200,1.799983
FILLER_46_305,VPWR,li1,146.5100,138.7200,1.799980
FILLER_46_274,VPWR,li1,132.2500,138.7200,1.799979
FILLER_46_266,VPWR,li1,128.3400,138.7200,1.799980
FILLER_46_263,VPWR,li1,127.1900,138.7200,1.799980
FILLER_46_250,VPWR,li1,120.9800,138.7200,1.799980
FILLER_46_247,VPWR,li1,119.8300,138.7200,1.799980
FILLER_46_244,VPWR,li1,118.4500,138.7200,1.799980
FILLER_46_241,VPWR,li1,117.0700,138.7200,1.799980
FILLER_46_235,VPWR,li1,113.8500,138.7200,1.799980
FILLER_46_223,VPWR,li1,108.7900,138.7200,1.799981
FILLER_46_205,VPWR,li1,100.2800,138.7200,1.799981
FILLER_46_197,VPWR,li1,96.8300,138.7200,1.799982
FILLER_46_187,VPWR,li1,92.0000,138.7200,1.799982
FILLER_46_184,VPWR,li1,90.8500,138.7200,1.799982
FILLER_46_181,VPWR,li1,89.4700,138.7200,1.799982
FILLER_46_178,VPWR,li1,88.0900,138.7200,1.799982
FILLER_46_171,VPWR,li1,84.6400,138.7200,1.799982
FILLER_46_165,VPWR,li1,81.6500,138.7200,1.799983
FILLER_46_162,VPWR,li1,80.7300,138.7200,1.799983
FILLER_46_155,VPWR,li1,77.2800,138.7200,1.799983
FILLER_46_146,VPWR,li1,73.1400,138.7200,1.799983
FILLER_46_138,VPWR,li1,69.4600,138.7200,1.799983
FILLER_46_135,VPWR,li1,68.3100,138.7200,1.799983
FILLER_46_128,VPWR,li1,64.8600,138.7200,1.799984
FILLER_46_125,VPWR,li1,63.7100,138.7200,1.799984
FILLER_46_122,VPWR,li1,62.3300,138.7200,1.799984
FILLER_46_90,VPWR,li1,47.1500,138.7200,1.799987
FILLER_46_85,VPWR,li1,45.0800,138.7200,1.799987
FILLER_46_81,VPWR,li1,43.4700,138.7200,1.799988
FILLER_46_78,VPWR,li1,42.0900,138.7200,1.799988
FILLER_46_75,VPWR,li1,40.7100,138.7200,1.799989
FILLER_46_72,VPWR,li1,39.3300,138.7200,1.799990
FILLER_46_69,VPWR,li1,37.9500,138.7200,1.799990
FILLER_46_66,VPWR,li1,36.5700,138.7200,1.799991
FILLER_46_63,VPWR,li1,35.1900,138.7200,1.799991
FILLER_46_60,VPWR,li1,33.8100,138.7200,1.799991
FILLER_46_57,VPWR,li1,32.4300,138.7200,1.799992
FILLER_46_54,VPWR,li1,31.0500,138.7200,1.799993
FILLER_46_51,VPWR,li1,29.6700,138.7200,1.799993
FILLER_46_48,VPWR,li1,28.2900,138.7200,1.799994
FILLER_46_43,VPWR,li1,25.7600,138.7200,1.799995
FILLER_46_40,VPWR,li1,24.6100,138.7200,1.799995
FILLER_46_37,VPWR,li1,23.2300,138.7200,1.799995
FILLER_46_29,VPWR,li1,19.0900,138.7200,1.799996
FILLER_46_27,VPWR,li1,18.1700,138.7200,1.799996
FILLER_46_24,VPWR,li1,17.2500,138.7200,1.799996
FILLER_46_21,VPWR,li1,15.8700,138.7200,1.799996
FILLER_46_15,VPWR,li1,12.6500,138.7200,1.799996
FILLER_46_12,VPWR,li1,11.7300,138.7200,1.799996
FILLER_46_9,VPWR,li1,10.3500,138.7200,1.799996
FILLER_46_6,VPWR,li1,8.9700,138.7200,1.799996
FILLER_46_3,VPWR,li1,7.5900,138.7200,1.799996
FILLER_45_347,VPWR,li1,165.8300,133.2800,1.799991
FILLER_45_344,VPWR,li1,164.4500,133.2800,1.799990
FILLER_45_329,VPWR,li1,157.0900,133.2800,1.799987
FILLER_45_292,VPWR,li1,140.0700,133.2800,1.799980
FILLER_45_289,VPWR,li1,139.1500,133.2800,1.799980
FILLER_45_263,VPWR,li1,127.1900,133.2800,1.799978
FILLER_45_260,VPWR,li1,125.8100,133.2800,1.799978
FILLER_45_257,VPWR,li1,124.4300,133.2800,1.799978
FILLER_45_254,VPWR,li1,123.0500,133.2800,1.799978
FILLER_45_251,VPWR,li1,121.6700,133.2800,1.799977
FILLER_45_248,VPWR,li1,120.2900,133.2800,1.799977
FILLER_45_245,VPWR,li1,118.9100,133.2800,1.799977
FILLER_45_242,VPWR,li1,117.5300,133.2800,1.799977
FILLER_45_236,VPWR,li1,114.3100,133.2800,1.799976
FILLER_45_233,VPWR,li1,113.3900,133.2800,1.799976
FILLER_45_222,VPWR,li1,108.1000,133.2800,1.799975
FILLER_45_214,VPWR,li1,104.4200,133.2800,1.799975
FILLER_45_211,VPWR,li1,103.2700,133.2800,1.799975
FILLER_45_188,VPWR,li1,92.6900,133.2800,1.799973
FILLER_45_172,VPWR,li1,85.3300,133.2800,1.799972
FILLER_45_169,VPWR,li1,83.9500,133.2800,1.799972
FILLER_45_166,VPWR,li1,82.3400,133.2800,1.799971
FILLER_45_163,VPWR,li1,81.1900,133.2800,1.799971
FILLER_45_160,VPWR,li1,79.8100,133.2800,1.799971
FILLER_45_157,VPWR,li1,78.4300,133.2800,1.799971
FILLER_45_154,VPWR,li1,77.0500,133.2800,1.799970
FILLER_45_151,VPWR,li1,75.6700,133.2800,1.799970
FILLER_45_148,VPWR,li1,74.2900,133.2800,1.799970
FILLER_45_145,VPWR,li1,72.9100,133.2800,1.799970
FILLER_45_130,VPWR,li1,66.0100,133.2800,1.799969
FILLER_45_127,VPWR,li1,64.6300,133.2800,1.799969
FILLER_45_124,VPWR,li1,63.2500,133.2800,1.799968
FILLER_45_111,VPWR,li1,56.8100,133.2800,1.799968
FILLER_45_75,VPWR,li1,40.4800,133.2800,1.799973
FILLER_45_63,VPWR,li1,34.7300,133.2800,1.799976
FILLER_45_60,VPWR,li1,33.8100,133.2800,1.799976
FILLER_45_57,VPWR,li1,32.4300,133.2800,1.799978
FILLER_45_53,VPWR,li1,30.5900,133.2800,1.799980
FILLER_45_50,VPWR,li1,29.2100,133.2800,1.799980
FILLER_45_38,VPWR,li1,23.2300,133.2800,1.799987
FILLER_45_35,VPWR,li1,22.3100,133.2800,1.799987
FILLER_45_32,VPWR,li1,20.9300,133.2800,1.799986
FILLER_45_29,VPWR,li1,19.5500,133.2800,1.799986
FILLER_45_20,VPWR,li1,14.9500,133.2800,1.799984
FILLER_45_6,VPWR,li1,8.9700,133.2800,1.799984
FILLER_45_3,VPWR,li1,7.5900,133.2800,1.799984
FILLER_44_368,VPWR,li1,175.2600,133.2800,1.799995
FILLER_44_365,VPWR,li1,174.1100,133.2800,1.799994
FILLER_44_355,VPWR,li1,169.0500,133.2800,1.799992
FILLER_44_352,VPWR,li1,168.1300,133.2800,1.799992
FILLER_44_343,VPWR,li1,163.7600,133.2800,1.799990
FILLER_44_340,VPWR,li1,162.6100,133.2800,1.799989
FILLER_44_333,VPWR,li1,158.9300,133.2800,1.799988
FILLER_44_330,VPWR,li1,158.0100,133.2800,1.799987
FILLER_44_318,VPWR,li1,152.4900,133.2800,1.799985
FILLER_44_315,VPWR,li1,151.1100,133.2800,1.799983
FILLER_44_312,VPWR,li1,149.7300,133.2800,1.799983
FILLER_44_307,VPWR,li1,146.9700,133.2800,1.799982
FILLER_44_291,VPWR,li1,139.8400,133.2800,1.799980
FILLER_44_288,VPWR,li1,138.6900,133.2800,1.799980
FILLER_44_285,VPWR,li1,137.3100,133.2800,1.799980
FILLER_44_282,VPWR,li1,135.9300,133.2800,1.799980
FILLER_44_279,VPWR,li1,134.5500,133.2800,1.799979
FILLER_44_276,VPWR,li1,133.1700,133.2800,1.799979
FILLER_44_266,VPWR,li1,128.1100,133.2800,1.799979
FILLER_44_263,VPWR,li1,127.1900,133.2800,1.799978
FILLER_44_260,VPWR,li1,125.8100,133.2800,1.799978
FILLER_44_251,VPWR,li1,121.2100,133.2800,1.799977
FILLER_44_248,VPWR,li1,120.2900,133.2800,1.799977
FILLER_44_224,VPWR,li1,109.0200,133.2800,1.799975
FILLER_44_221,VPWR,li1,107.8700,133.2800,1.799975
FILLER_44_215,VPWR,li1,105.1100,133.2800,1.799975
FILLER_44_212,VPWR,li1,103.7300,133.2800,1.799975
FILLER_44_209,VPWR,li1,102.3500,133.2800,1.799974
FILLER_44_206,VPWR,li1,100.9700,133.2800,1.799974
FILLER_44_203,VPWR,li1,99.5900,133.2800,1.799974
FILLER_44_200,VPWR,li1,98.2100,133.2800,1.799974
FILLER_44_197,VPWR,li1,96.8300,133.2800,1.799974
FILLER_44_195,VPWR,li1,95.4500,133.2800,1.799973
FILLER_44_192,VPWR,li1,94.5300,133.2800,1.799973
FILLER_44_183,VPWR,li1,90.3900,133.2800,1.799972
FILLER_44_180,VPWR,li1,89.0100,133.2800,1.799972
FILLER_44_177,VPWR,li1,87.6300,133.2800,1.799972
FILLER_44_158,VPWR,li1,78.6600,133.2800,1.799971
FILLER_44_155,VPWR,li1,77.5100,133.2800,1.799970
FILLER_44_146,VPWR,li1,72.9100,133.2800,1.799970
FILLER_44_139,VPWR,li1,69.6900,133.2800,1.799969
FILLER_44_130,VPWR,li1,65.5500,133.2800,1.799969
FILLER_44_97,VPWR,li1,50.3700,133.2800,1.799969
FILLER_44_94,VPWR,li1,49.4500,133.2800,1.799969
FILLER_44_81,VPWR,li1,43.4700,133.2800,1.799971
FILLER_44_32,VPWR,li1,20.9300,133.2800,1.799986
FILLER_44_29,VPWR,li1,19.5500,133.2800,1.799986
FILLER_44_3,VPWR,li1,7.3600,133.2800,1.799984
FILLER_43_349,VPWR,li1,166.2900,127.8400,1.799986
FILLER_43_346,VPWR,li1,165.3700,127.8400,1.799986
FILLER_43_324,VPWR,li1,155.2500,127.8400,1.799982
FILLER_43_321,VPWR,li1,153.8700,127.8400,1.799980
FILLER_43_309,VPWR,li1,147.8900,127.8400,1.799978
FILLER_43_294,VPWR,li1,140.9900,127.8400,1.799975
FILLER_43_290,VPWR,li1,139.1500,127.8400,1.799974
FILLER_43_287,VPWR,li1,138.2300,127.8400,1.799974
FILLER_43_284,VPWR,li1,136.8500,127.8400,1.799974
FILLER_43_260,VPWR,li1,125.5800,127.8400,1.799972
FILLER_43_257,VPWR,li1,124.4300,127.8400,1.799972
FILLER_43_254,VPWR,li1,123.0500,127.8400,1.799972
FILLER_43_236,VPWR,li1,114.3100,127.8400,1.799971
FILLER_43_233,VPWR,li1,113.3900,127.8400,1.799971
FILLER_43_230,VPWR,li1,112.0100,127.8400,1.799971
FILLER_43_222,VPWR,li1,108.1000,127.8400,1.799970
FILLER_43_219,VPWR,li1,106.9500,127.8400,1.799970
FILLER_43_216,VPWR,li1,105.5700,127.8400,1.799970
FILLER_43_213,VPWR,li1,104.1900,127.8400,1.799969
FILLER_43_210,VPWR,li1,102.8100,127.8400,1.799969
FILLER_43_207,VPWR,li1,101.4300,127.8400,1.799969
FILLER_43_204,VPWR,li1,100.0500,127.8400,1.799969
FILLER_43_201,VPWR,li1,98.6700,127.8400,1.799968
FILLER_43_195,VPWR,li1,95.9100,127.8400,1.799968
FILLER_43_192,VPWR,li1,94.5300,127.8400,1.799968
FILLER_43_189,VPWR,li1,93.1500,127.8400,1.799967
FILLER_43_186,VPWR,li1,91.7700,127.8400,1.799967
FILLER_43_179,VPWR,li1,88.0900,127.8400,1.799967
FILLER_43_176,VPWR,li1,87.1700,127.8400,1.799967
FILLER_43_166,VPWR,li1,82.3400,127.8400,1.799966
FILLER_43_154,VPWR,li1,76.8200,127.8400,1.799965
FILLER_43_142,VPWR,li1,71.3000,127.8400,1.799964
FILLER_43_131,VPWR,li1,66.0100,127.8400,1.799964
FILLER_43_122,VPWR,li1,61.8700,127.8400,1.799963
FILLER_43_110,VPWR,li1,56.5800,127.8400,1.799964
FILLER_43_107,VPWR,li1,55.4300,127.8400,1.799965
FILLER_43_104,VPWR,li1,54.0500,127.8400,1.799965
FILLER_43_92,VPWR,li1,48.5300,127.8400,1.799966
FILLER_43_84,VPWR,li1,44.3900,127.8400,1.799969
FILLER_43_65,VPWR,li1,35.8800,127.8400,1.799975
FILLER_43_51,VPWR,li1,29.4400,127.8400,1.799979
FILLER_43_27,VPWR,li1,18.1700,127.8400,1.799985
FILLER_43_24,VPWR,li1,17.2500,127.8400,1.799985
FILLER_43_12,VPWR,li1,11.7300,127.8400,1.799984
FILLER_43_9,VPWR,li1,10.3500,127.8400,1.799984
FILLER_43_6,VPWR,li1,8.9700,127.8400,1.799984
FILLER_43_3,VPWR,li1,7.5900,127.8400,1.799984
FILLER_42_368,VPWR,li1,175.2600,127.8400,1.799992
FILLER_42_363,VPWR,li1,172.7300,127.8400,1.799990
FILLER_42_352,VPWR,li1,167.9000,127.8400,1.799988
FILLER_42_349,VPWR,li1,166.7500,127.8400,1.799986
FILLER_42_332,VPWR,li1,158.4700,127.8400,1.799983
FILLER_42_329,VPWR,li1,157.5500,127.8400,1.799983
FILLER_42_306,VPWR,li1,146.7400,127.8400,1.799977
FILLER_42_282,VPWR,li1,135.4700,127.8400,1.799974
FILLER_42_272,VPWR,li1,131.1000,127.8400,1.799973
FILLER_42_262,VPWR,li1,126.5000,127.8400,1.799973
FILLER_42_250,VPWR,li1,120.9800,127.8400,1.799972
FILLER_42_247,VPWR,li1,119.8300,127.8400,1.799972
FILLER_42_244,VPWR,li1,118.4500,127.8400,1.799971
FILLER_42_241,VPWR,li1,117.0700,127.8400,1.799971
FILLER_42_235,VPWR,li1,113.8500,127.8400,1.799971
FILLER_42_227,VPWR,li1,110.6300,127.8400,1.799970
FILLER_42_224,VPWR,li1,109.2500,127.8400,1.799970
FILLER_42_221,VPWR,li1,107.8700,127.8400,1.799970
FILLER_42_218,VPWR,li1,106.4900,127.8400,1.799970
FILLER_42_215,VPWR,li1,105.1100,127.8400,1.799969
FILLER_42_197,VPWR,li1,96.6000,127.8400,1.799968
FILLER_42_194,VPWR,li1,95.2200,127.8400,1.799968
FILLER_42_191,VPWR,li1,94.0700,127.8400,1.799968
FILLER_42_174,VPWR,li1,86.0200,127.8400,1.799966
FILLER_42_171,VPWR,li1,84.8700,127.8400,1.799966
FILLER_42_168,VPWR,li1,83.4900,127.8400,1.799966
FILLER_42_165,VPWR,li1,82.1100,127.8400,1.799966
FILLER_42_160,VPWR,li1,79.5800,127.8400,1.799966
FILLER_42_157,VPWR,li1,78.4300,127.8400,1.799965
FILLER_42_154,VPWR,li1,77.0500,127.8400,1.799965
FILLER_42_150,VPWR,li1,74.7500,127.8400,1.799965
FILLER_42_147,VPWR,li1,73.8300,127.8400,1.799965
FILLER_42_144,VPWR,li1,72.4500,127.8400,1.799965
FILLER_42_141,VPWR,li1,71.0700,127.8400,1.799964
FILLER_42_139,VPWR,li1,69.6900,127.8400,1.799964
FILLER_42_104,VPWR,li1,54.0500,127.8400,1.799965
FILLER_42_82,VPWR,li1,43.7000,127.8400,1.799969
FILLER_42_63,VPWR,li1,35.1900,127.8400,1.799975
FILLER_42_42,VPWR,li1,25.0700,127.8400,1.799982
FILLER_42_32,VPWR,li1,20.4700,127.8400,1.799986
FILLER_42_29,VPWR,li1,19.5500,127.8400,1.799986
FILLER_42_26,VPWR,li1,17.9400,127.8400,1.799985
FILLER_41_359,VPWR,li1,171.3500,122.4000,1.799939
FILLER_41_356,VPWR,li1,169.9700,122.4000,1.799939
FILLER_41_353,VPWR,li1,168.5900,122.4000,1.799928
FILLER_41_350,VPWR,li1,167.2100,122.4000,1.799928
FILLER_41_347,VPWR,li1,165.8300,122.4000,1.799917
FILLER_41_344,VPWR,li1,164.4500,122.4000,1.799917
FILLER_41_333,VPWR,li1,159.3900,122.4000,1.799894
FILLER_41_326,VPWR,li1,155.7100,122.4000,1.799883
FILLER_41_323,VPWR,li1,154.7900,122.4000,1.799875
FILLER_41_320,VPWR,li1,153.4100,122.4000,1.799868
FILLER_41_278,VPWR,li1,133.8600,122.4000,1.799820
FILLER_41_275,VPWR,li1,132.7100,122.4000,1.799821
FILLER_41_272,VPWR,li1,131.3300,122.4000,1.799821
FILLER_41_266,VPWR,li1,128.1100,122.4000,1.799823
FILLER_41_247,VPWR,li1,119.3700,122.4000,1.799829
FILLER_41_244,VPWR,li1,118.4500,122.4000,1.799830
FILLER_41_241,VPWR,li1,117.0700,122.4000,1.799830
FILLER_41_238,VPWR,li1,115.6900,122.4000,1.799832
FILLER_41_235,VPWR,li1,114.3100,122.4000,1.799832
FILLER_41_221,VPWR,li1,107.8700,122.4000,1.799837
FILLER_41_192,VPWR,li1,94.5300,122.4000,1.799845
FILLER_41_189,VPWR,li1,93.1500,122.4000,1.799845
FILLER_41_181,VPWR,li1,89.2400,122.4000,1.799848
FILLER_41_178,VPWR,li1,88.0900,122.4000,1.799849
FILLER_41_175,VPWR,li1,86.7100,122.4000,1.799849
FILLER_41_165,VPWR,li1,82.1100,122.4000,1.799852
FILLER_41_158,VPWR,li1,78.4300,122.4000,1.799855
FILLER_41_155,VPWR,li1,77.5100,122.4000,1.799855
FILLER_41_152,VPWR,li1,76.1300,122.4000,1.799856
FILLER_41_145,VPWR,li1,72.4500,122.4000,1.799859
FILLER_41_142,VPWR,li1,71.5300,122.4000,1.799861
FILLER_41_139,VPWR,li1,70.1500,122.4000,1.799861
FILLER_41_95,VPWR,li1,49.4500,122.4000,1.799889
FILLER_41_74,VPWR,li1,39.7900,122.4000,1.799912
FILLER_41_23,VPWR,li1,16.5600,122.4000,1.799966
FILLER_41_12,VPWR,li1,11.5000,122.4000,1.799966
FILLER_41_9,VPWR,li1,10.3500,122.4000,1.799966
FILLER_41_6,VPWR,li1,8.9700,122.4000,1.799966
FILLER_41_3,VPWR,li1,7.5900,122.4000,1.799966
FILLER_40_368,VPWR,li1,175.2600,122.4000,1.799960
FILLER_40_365,VPWR,li1,174.1100,122.4000,1.799949
FILLER_40_362,VPWR,li1,172.5000,122.4000,1.799949
FILLER_40_351,VPWR,li1,167.4400,122.4000,1.799928
FILLER_40_324,VPWR,li1,155.0200,122.4000,1.799875
FILLER_40_321,VPWR,li1,153.8700,122.4000,1.799875
FILLER_40_318,VPWR,li1,152.4900,122.4000,1.799868
FILLER_40_315,VPWR,li1,151.1100,122.4000,1.799859
FILLER_40_312,VPWR,li1,149.7300,122.4000,1.799859
FILLER_40_309,VPWR,li1,148.3500,122.4000,1.799847
FILLER_40_307,VPWR,li1,146.9700,122.4000,1.799847
FILLER_40_304,VPWR,li1,146.0500,122.4000,1.799840
FILLER_40_301,VPWR,li1,144.6700,122.4000,1.799840
FILLER_40_276,VPWR,li1,133.1700,122.4000,1.799820
FILLER_40_253,VPWR,li1,122.3600,122.4000,1.799827
FILLER_40_251,VPWR,li1,121.2100,122.4000,1.799827
FILLER_40_248,VPWR,li1,120.2900,122.4000,1.799829
FILLER_40_245,VPWR,li1,118.9100,122.4000,1.799829
FILLER_40_232,VPWR,li1,112.7000,122.4000,1.799833
FILLER_40_229,VPWR,li1,111.5500,122.4000,1.799833
FILLER_40_221,VPWR,li1,107.8700,122.4000,1.799837
FILLER_40_200,VPWR,li1,97.9800,122.4000,1.799842
FILLER_40_197,VPWR,li1,96.8300,122.4000,1.799844
FILLER_40_195,VPWR,li1,95.4500,122.4000,1.799844
FILLER_40_170,VPWR,li1,84.4100,122.4000,1.799851
FILLER_40_167,VPWR,li1,83.0300,122.4000,1.799852
FILLER_40_164,VPWR,li1,81.6500,122.4000,1.799854
FILLER_40_129,VPWR,li1,65.3200,122.4000,1.799866
FILLER_40_111,VPWR,li1,57.0400,122.4000,1.799876
FILLER_40_43,VPWR,li1,25.7600,122.4000,1.799956
FILLER_40_26,VPWR,li1,17.9400,122.4000,1.799966
FILLER_39_348,VPWR,li1,166.0600,116.9600,1.799970
FILLER_39_345,VPWR,li1,164.9100,116.9600,1.799967
FILLER_39_337,VPWR,li1,160.7700,116.9600,1.799961
FILLER_39_334,VPWR,li1,159.6200,116.9600,1.799961
FILLER_39_256,VPWR,li1,123.9700,116.9600,1.799934
FILLER_39_231,VPWR,li1,112.4700,116.9600,1.799932
FILLER_39_228,VPWR,li1,111.0900,116.9600,1.799932
FILLER_39_222,VPWR,li1,108.1000,116.9600,1.799931
FILLER_39_215,VPWR,li1,104.6500,116.9600,1.799930
FILLER_39_212,VPWR,li1,103.7300,116.9600,1.799930
FILLER_39_207,VPWR,li1,101.2000,116.9600,1.799930
FILLER_39_204,VPWR,li1,100.0500,116.9600,1.799930
FILLER_39_201,VPWR,li1,98.6700,116.9600,1.799929
FILLER_39_198,VPWR,li1,97.2900,116.9600,1.799929
FILLER_39_195,VPWR,li1,95.9100,116.9600,1.799929
FILLER_39_192,VPWR,li1,94.5300,116.9600,1.799929
FILLER_39_180,VPWR,li1,88.7800,116.9600,1.799928
FILLER_39_177,VPWR,li1,87.6300,116.9600,1.799927
FILLER_39_174,VPWR,li1,86.2500,116.9600,1.799927
FILLER_39_147,VPWR,li1,73.6000,116.9600,1.799925
FILLER_39_142,VPWR,li1,71.3000,116.9600,1.799924
FILLER_39_139,VPWR,li1,70.1500,116.9600,1.799924
FILLER_39_128,VPWR,li1,65.0900,116.9600,1.799924
FILLER_39_109,VPWR,li1,56.3500,116.9600,1.799928
FILLER_39_88,VPWR,li1,46.6900,116.9600,1.799936
FILLER_39_85,VPWR,li1,45.3100,116.9600,1.799939
FILLER_39_47,VPWR,li1,27.3700,116.9600,1.799965
FILLER_39_29,VPWR,li1,19.0900,116.9600,1.799976
FILLER_39_9,VPWR,li1,10.3500,116.9600,1.799974
FILLER_39_6,VPWR,li1,8.9700,116.9600,1.799974
FILLER_39_3,VPWR,li1,7.5900,116.9600,1.799974
FILLER_38_368,VPWR,li1,175.2600,116.9600,1.799984
FILLER_38_363,VPWR,li1,172.7300,116.9600,1.799979
FILLER_38_360,VPWR,li1,171.8100,116.9600,1.799976
FILLER_38_357,VPWR,li1,170.4300,116.9600,1.799976
FILLER_38_346,VPWR,li1,165.3700,116.9600,1.799967
FILLER_38_343,VPWR,li1,163.9900,116.9600,1.799967
FILLER_38_340,VPWR,li1,162.6100,116.9600,1.799964
FILLER_38_277,VPWR,li1,133.4000,116.9600,1.799936
FILLER_38_261,VPWR,li1,126.2700,116.9600,1.799934
FILLER_38_258,VPWR,li1,124.8900,116.9600,1.799934
FILLER_38_249,VPWR,li1,120.7500,116.9600,1.799933
FILLER_38_232,VPWR,li1,112.9300,116.9600,1.799932
FILLER_38_229,VPWR,li1,111.5500,116.9600,1.799932
FILLER_38_223,VPWR,li1,108.7900,116.9600,1.799931
FILLER_38_216,VPWR,li1,105.1100,116.9600,1.799930
FILLER_38_213,VPWR,li1,104.1900,116.9600,1.799930
FILLER_38_210,VPWR,li1,102.8100,116.9600,1.799930
FILLER_38_207,VPWR,li1,101.4300,116.9600,1.799930
FILLER_38_204,VPWR,li1,100.0500,116.9600,1.799930
FILLER_38_194,VPWR,li1,95.2200,116.9600,1.799929
FILLER_38_191,VPWR,li1,94.0700,116.9600,1.799928
FILLER_38_188,VPWR,li1,92.6900,116.9600,1.799928
FILLER_38_185,VPWR,li1,91.3100,116.9600,1.799928
FILLER_38_171,VPWR,li1,84.8700,116.9600,1.799927
FILLER_38_168,VPWR,li1,83.4900,116.9600,1.799927
FILLER_38_165,VPWR,li1,82.1100,116.9600,1.799926
FILLER_38_162,VPWR,li1,80.7300,116.9600,1.799926
FILLER_38_156,VPWR,li1,77.9700,116.9600,1.799926
FILLER_38_153,VPWR,li1,76.5900,116.9600,1.799925
FILLER_38_150,VPWR,li1,75.2100,116.9600,1.799925
FILLER_38_147,VPWR,li1,73.8300,116.9600,1.799925
FILLER_38_144,VPWR,li1,72.4500,116.9600,1.799924
FILLER_38_141,VPWR,li1,71.0700,116.9600,1.799924
FILLER_38_138,VPWR,li1,69.4600,116.9600,1.799924
FILLER_38_112,VPWR,li1,57.7300,116.9600,1.799928
FILLER_38_109,VPWR,li1,56.3500,116.9600,1.799928
FILLER_38_106,VPWR,li1,54.9700,116.9600,1.799930
FILLER_38_103,VPWR,li1,53.5900,116.9600,1.799930
FILLER_38_85,VPWR,li1,45.3100,116.9600,1.799939
FILLER_38_65,VPWR,li1,35.8800,116.9600,1.799950
FILLER_38_56,VPWR,li1,31.7400,116.9600,1.799957
FILLER_38_32,VPWR,li1,20.4700,116.9600,1.799976
FILLER_38_29,VPWR,li1,19.5500,116.9600,1.799976
FILLER_38_27,VPWR,li1,18.1700,116.9600,1.799975
FILLER_38_3,VPWR,li1,7.1300,116.9600,1.799974
FILLER_37_369,VPWR,li1,175.4900,111.5200,1.799972
FILLER_37_347,VPWR,li1,165.6000,111.5200,1.799947
FILLER_37_340,VPWR,li1,162.6100,111.5200,1.799939
FILLER_37_266,VPWR,li1,128.5700,111.5200,1.799870
FILLER_37_255,VPWR,li1,123.2800,111.5200,1.799872
FILLER_37_252,VPWR,li1,122.1300,111.5200,1.799874
FILLER_37_249,VPWR,li1,120.7500,111.5200,1.799874
FILLER_37_246,VPWR,li1,119.3700,111.5200,1.799875
FILLER_37_243,VPWR,li1,117.9900,111.5200,1.799875
FILLER_37_231,VPWR,li1,112.2400,111.5200,1.799878
FILLER_37_228,VPWR,li1,111.0900,111.5200,1.799879
FILLER_37_225,VPWR,li1,109.7100,111.5200,1.799879
FILLER_37_221,VPWR,li1,107.8700,111.5200,1.799880
FILLER_37_218,VPWR,li1,106.4900,111.5200,1.799882
FILLER_37_206,VPWR,li1,100.9700,111.5200,1.799884
FILLER_37_203,VPWR,li1,99.5900,111.5200,1.799885
FILLER_37_200,VPWR,li1,98.2100,111.5200,1.799885
FILLER_37_190,VPWR,li1,93.6100,111.5200,1.799888
FILLER_37_187,VPWR,li1,92.2300,111.5200,1.799889
FILLER_37_184,VPWR,li1,90.8500,111.5200,1.799889
FILLER_37_181,VPWR,li1,89.4700,111.5200,1.799891
FILLER_37_169,VPWR,li1,83.7200,111.5200,1.799893
FILLER_37_167,VPWR,li1,82.5700,111.5200,1.799893
FILLER_37_164,VPWR,li1,81.6500,111.5200,1.799895
FILLER_37_161,VPWR,li1,80.2700,111.5200,1.799895
FILLER_37_151,VPWR,li1,75.6700,111.5200,1.799897
FILLER_37_148,VPWR,li1,74.2900,111.5200,1.799898
FILLER_37_145,VPWR,li1,72.9100,111.5200,1.799898
FILLER_37_142,VPWR,li1,71.5300,111.5200,1.799899
FILLER_37_139,VPWR,li1,70.1500,111.5200,1.799901
FILLER_37_136,VPWR,li1,68.7700,111.5200,1.799901
FILLER_37_133,VPWR,li1,67.3900,111.5200,1.799902
FILLER_37_130,VPWR,li1,66.0100,111.5200,1.799903
FILLER_37_127,VPWR,li1,64.6300,111.5200,1.799903
FILLER_37_124,VPWR,li1,63.2500,111.5200,1.799904
FILLER_37_113,VPWR,li1,57.7300,111.5200,1.799908
FILLER_37_111,VPWR,li1,56.8100,111.5200,1.799908
FILLER_37_55,VPWR,li1,31.0500,111.5200,1.799952
FILLER_37_52,VPWR,li1,30.1300,111.5200,1.799957
FILLER_37_49,VPWR,li1,28.7500,111.5200,1.799957
FILLER_37_44,VPWR,li1,26.2200,111.5200,1.799964
FILLER_37_41,VPWR,li1,25.0700,111.5200,1.799970
FILLER_37_35,VPWR,li1,22.3100,111.5200,1.799975
FILLER_37_32,VPWR,li1,20.9300,111.5200,1.799975
FILLER_37_9,VPWR,li1,10.3500,111.5200,1.799975
FILLER_37_6,VPWR,li1,8.9700,111.5200,1.799975
FILLER_37_3,VPWR,li1,7.5900,111.5200,1.799975
FILLER_36_368,VPWR,li1,175.2600,111.5200,1.799972
FILLER_36_354,VPWR,li1,168.8200,111.5200,1.799955
FILLER_36_337,VPWR,li1,161.2300,111.5200,1.799932
FILLER_36_324,VPWR,li1,155.0200,111.5200,1.799920
FILLER_36_309,VPWR,li1,147.8900,111.5200,1.799899
FILLER_36_285,VPWR,li1,137.0800,111.5200,1.799878
FILLER_36_260,VPWR,li1,125.3500,111.5200,1.799871
FILLER_36_250,VPWR,li1,120.9800,111.5200,1.799874
FILLER_36_242,VPWR,li1,117.0700,111.5200,1.799876
FILLER_36_237,VPWR,li1,115.0000,111.5200,1.799877
FILLER_36_234,VPWR,li1,113.8500,111.5200,1.799878
FILLER_36_231,VPWR,li1,112.4700,111.5200,1.799878
FILLER_36_228,VPWR,li1,111.0900,111.5200,1.799879
FILLER_36_225,VPWR,li1,109.7100,111.5200,1.799879
FILLER_36_222,VPWR,li1,108.3300,111.5200,1.799880
FILLER_36_203,VPWR,li1,99.3600,111.5200,1.799885
FILLER_36_200,VPWR,li1,98.2100,111.5200,1.799885
FILLER_36_197,VPWR,li1,96.8300,111.5200,1.799887
FILLER_36_195,VPWR,li1,95.4500,111.5200,1.799887
FILLER_36_192,VPWR,li1,94.5300,111.5200,1.799888
FILLER_36_189,VPWR,li1,93.1500,111.5200,1.799888
FILLER_36_171,VPWR,li1,84.4100,111.5200,1.799893
FILLER_36_144,VPWR,li1,72.2200,111.5200,1.799899
FILLER_36_141,VPWR,li1,71.0700,111.5200,1.799899
FILLER_36_139,VPWR,li1,69.6900,111.5200,1.799901
FILLER_36_136,VPWR,li1,68.7700,111.5200,1.799901
FILLER_36_93,VPWR,li1,48.5300,111.5200,1.799919
FILLER_36_75,VPWR,li1,40.2500,111.5200,1.799935
FILLER_36_27,VPWR,li1,18.1700,111.5200,1.799975
FILLER_36_24,VPWR,li1,17.2500,111.5200,1.799975
FILLER_36_21,VPWR,li1,15.8700,111.5200,1.799975
FILLER_36_18,VPWR,li1,14.4900,111.5200,1.799975
FILLER_36_15,VPWR,li1,13.1100,111.5200,1.799975
FILLER_36_12,VPWR,li1,11.7300,111.5200,1.799975
FILLER_36_9,VPWR,li1,10.3500,111.5200,1.799975
FILLER_36_6,VPWR,li1,8.9700,111.5200,1.799975
FILLER_36_3,VPWR,li1,7.5900,111.5200,1.799975
FILLER_35_359,VPWR,li1,171.3500,106.0800,1.799953
FILLER_35_356,VPWR,li1,169.9700,106.0800,1.799953
FILLER_35_353,VPWR,li1,168.5900,106.0800,1.799945
FILLER_35_350,VPWR,li1,167.2100,106.0800,1.799945
FILLER_35_347,VPWR,li1,165.8300,106.0800,1.799937
FILLER_35_333,VPWR,li1,159.3900,106.0800,1.799919
FILLER_35_330,VPWR,li1,158.0100,106.0800,1.799919
FILLER_35_327,VPWR,li1,156.6300,106.0800,1.799911
FILLER_35_324,VPWR,li1,155.2500,106.0800,1.799911
FILLER_35_321,VPWR,li1,153.8700,106.0800,1.799904
FILLER_35_318,VPWR,li1,152.4900,106.0800,1.799904
FILLER_35_312,VPWR,li1,149.7300,106.0800,1.799897
FILLER_35_278,VPWR,li1,133.8600,106.0800,1.799884
FILLER_35_255,VPWR,li1,123.0500,106.0800,1.799888
FILLER_35_252,VPWR,li1,122.1300,106.0800,1.799888
FILLER_35_249,VPWR,li1,120.7500,106.0800,1.799889
FILLER_35_234,VPWR,li1,113.6200,106.0800,1.799892
FILLER_35_231,VPWR,li1,112.4700,106.0800,1.799893
FILLER_35_228,VPWR,li1,111.0900,106.0800,1.799893
FILLER_35_225,VPWR,li1,109.7100,106.0800,1.799894
FILLER_35_223,VPWR,li1,108.3300,106.0800,1.799894
FILLER_35_213,VPWR,li1,104.1900,106.0800,1.799896
FILLER_35_210,VPWR,li1,102.8100,106.0800,1.799896
FILLER_35_207,VPWR,li1,101.4300,106.0800,1.799898
FILLER_35_204,VPWR,li1,100.0500,106.0800,1.799898
FILLER_35_187,VPWR,li1,91.7700,106.0800,1.799901
FILLER_35_184,VPWR,li1,90.8500,106.0800,1.799902
FILLER_35_181,VPWR,li1,89.4700,106.0800,1.799902
FILLER_35_178,VPWR,li1,88.0900,106.0800,1.799903
FILLER_35_175,VPWR,li1,86.7100,106.0800,1.799903
FILLER_35_172,VPWR,li1,85.3300,106.0800,1.799904
FILLER_35_169,VPWR,li1,83.9500,106.0800,1.799905
FILLER_35_166,VPWR,li1,82.3400,106.0800,1.799905
FILLER_35_163,VPWR,li1,81.1900,106.0800,1.799906
FILLER_35_124,VPWR,li1,62.7900,106.0800,1.799916
FILLER_35_121,VPWR,li1,61.8700,106.0800,1.799916
FILLER_35_111,VPWR,li1,56.8100,106.0800,1.799920
FILLER_35_85,VPWR,li1,44.8500,106.0800,1.799935
FILLER_35_73,VPWR,li1,39.5600,106.0800,1.799942
FILLER_35_54,VPWR,li1,30.8200,106.0800,1.799955
FILLER_35_22,VPWR,li1,15.8700,106.0800,1.799971
FILLER_35_9,VPWR,li1,9.8900,106.0800,1.799970
FILLER_35_6,VPWR,li1,8.9700,106.0800,1.799970
FILLER_35_3,VPWR,li1,7.5900,106.0800,1.799970
FILLER_34_368,VPWR,li1,175.2600,106.0800,1.799969
FILLER_34_341,VPWR,li1,163.0700,106.0800,1.799930
FILLER_34_338,VPWR,li1,161.6900,106.0800,1.799925
FILLER_34_335,VPWR,li1,160.3100,106.0800,1.799925
FILLER_34_332,VPWR,li1,158.9300,106.0800,1.799919
FILLER_34_306,VPWR,li1,146.7400,106.0800,1.799889
FILLER_34_280,VPWR,li1,134.7800,106.0800,1.799883
FILLER_34_265,VPWR,li1,127.6500,106.0800,1.799886
FILLER_34_262,VPWR,li1,126.7300,106.0800,1.799886
FILLER_34_259,VPWR,li1,125.3500,106.0800,1.799887
FILLER_34_256,VPWR,li1,123.9700,106.0800,1.799887
FILLER_34_253,VPWR,li1,122.5900,106.0800,1.799888
FILLER_34_249,VPWR,li1,120.7500,106.0800,1.799889
FILLER_34_246,VPWR,li1,119.3700,106.0800,1.799889
FILLER_34_232,VPWR,li1,112.7000,106.0800,1.799893
FILLER_34_229,VPWR,li1,111.5500,106.0800,1.799893
FILLER_34_200,VPWR,li1,97.7500,106.0800,1.799899
FILLER_34_197,VPWR,li1,96.8300,106.0800,1.799899
FILLER_34_195,VPWR,li1,95.4500,106.0800,1.799900
FILLER_34_192,VPWR,li1,94.5300,106.0800,1.799900
FILLER_34_173,VPWR,li1,85.5600,106.0800,1.799904
FILLER_34_170,VPWR,li1,84.4100,106.0800,1.799904
FILLER_34_167,VPWR,li1,83.0300,106.0800,1.799905
FILLER_34_164,VPWR,li1,81.6500,106.0800,1.799906
FILLER_34_161,VPWR,li1,80.2700,106.0800,1.799906
FILLER_34_156,VPWR,li1,77.7400,106.0800,1.799907
FILLER_34_153,VPWR,li1,76.5900,106.0800,1.799908
FILLER_34_150,VPWR,li1,75.2100,106.0800,1.799908
FILLER_34_147,VPWR,li1,73.8300,106.0800,1.799909
FILLER_34_144,VPWR,li1,72.4500,106.0800,1.799909
FILLER_34_141,VPWR,li1,71.0700,106.0800,1.799910
FILLER_34_139,VPWR,li1,69.6900,106.0800,1.799911
FILLER_34_125,VPWR,li1,63.7100,106.0800,1.799914
FILLER_34_116,VPWR,li1,59.1100,106.0800,1.799917
FILLER_34_113,VPWR,li1,58.1900,106.0800,1.799920
FILLER_34_65,VPWR,li1,35.8800,106.0800,1.799949
FILLER_34_32,VPWR,li1,20.7000,106.0800,1.799973
FILLER_34_27,VPWR,li1,18.1700,106.0800,1.799972
FILLER_34_24,VPWR,li1,17.2500,106.0800,1.799972
FILLER_33_367,VPWR,li1,175.0300,100.6400,1.799981
FILLER_33_358,VPWR,li1,170.4300,100.6400,1.799973
FILLER_33_334,VPWR,li1,159.6200,100.6400,1.799953
FILLER_33_330,VPWR,li1,157.5500,100.6400,1.799949
FILLER_33_327,VPWR,li1,156.6300,100.6400,1.799944
FILLER_33_324,VPWR,li1,155.2500,100.6400,1.799944
FILLER_33_319,VPWR,li1,152.7200,100.6400,1.799939
FILLER_33_315,VPWR,li1,150.6500,100.6400,1.799936
FILLER_33_304,VPWR,li1,145.8200,100.6400,1.799928
FILLER_33_249,VPWR,li1,120.2900,100.6400,1.799895
FILLER_33_246,VPWR,li1,119.3700,100.6400,1.799893
FILLER_33_243,VPWR,li1,117.9900,100.6400,1.799893
FILLER_33_240,VPWR,li1,116.6100,100.6400,1.799890
FILLER_33_237,VPWR,li1,115.2300,100.6400,1.799890
FILLER_33_234,VPWR,li1,113.8500,100.6400,1.799887
FILLER_33_231,VPWR,li1,112.4700,100.6400,1.799887
FILLER_33_228,VPWR,li1,111.0900,100.6400,1.799884
FILLER_33_225,VPWR,li1,109.7100,100.6400,1.799884
FILLER_33_221,VPWR,li1,107.8700,100.6400,1.799883
FILLER_33_218,VPWR,li1,106.4900,100.6400,1.799880
FILLER_33_215,VPWR,li1,105.1100,100.6400,1.799880
FILLER_33_212,VPWR,li1,103.7300,100.6400,1.799878
FILLER_33_209,VPWR,li1,102.3500,100.6400,1.799876
FILLER_33_206,VPWR,li1,100.9700,100.6400,1.799876
FILLER_33_199,VPWR,li1,97.5200,100.6400,1.799872
FILLER_33_196,VPWR,li1,96.3700,100.6400,1.799870
FILLER_33_193,VPWR,li1,94.9900,100.6400,1.799868
FILLER_33_190,VPWR,li1,93.6100,100.6400,1.799868
FILLER_33_167,VPWR,li1,82.5700,100.6400,1.799856
FILLER_33_164,VPWR,li1,81.6500,100.6400,1.799856
FILLER_33_154,VPWR,li1,76.8200,100.6400,1.799851
FILLER_33_151,VPWR,li1,75.6700,100.6400,1.799849
FILLER_33_123,VPWR,li1,62.7900,100.6400,1.799838
FILLER_33_113,VPWR,li1,57.9600,100.6400,1.799833
FILLER_33_111,VPWR,li1,56.8100,100.6400,1.799833
FILLER_33_97,VPWR,li1,50.8300,100.6400,1.799836
FILLER_33_48,VPWR,li1,28.0600,100.6400,1.799909
FILLER_33_9,VPWR,li1,9.8900,100.6400,1.799938
FILLER_33_6,VPWR,li1,8.9700,100.6400,1.799938
FILLER_33_3,VPWR,li1,7.5900,100.6400,1.799938
FILLER_32_368,VPWR,li1,175.2600,100.6400,1.799981
FILLER_32_363,VPWR,li1,172.7300,100.6400,1.799976
FILLER_32_347,VPWR,li1,165.3700,100.6400,1.799962
FILLER_32_344,VPWR,li1,164.4500,100.6400,1.799962
FILLER_32_309,VPWR,li1,147.8900,100.6400,1.799932
FILLER_32_307,VPWR,li1,146.9700,100.6400,1.799928
FILLER_32_276,VPWR,li1,133.1700,100.6400,1.799908
FILLER_32_273,VPWR,li1,131.7900,100.6400,1.799908
FILLER_32_259,VPWR,li1,124.8900,100.6400,1.799900
FILLER_32_235,VPWR,li1,114.0800,100.6400,1.799887
FILLER_32_232,VPWR,li1,112.9300,100.6400,1.799887
FILLER_32_217,VPWR,li1,105.8000,100.6400,1.799880
FILLER_32_214,VPWR,li1,104.6500,100.6400,1.799878
FILLER_32_211,VPWR,li1,103.2700,100.6400,1.799878
FILLER_32_208,VPWR,li1,101.8900,100.6400,1.799876
FILLER_32_205,VPWR,li1,100.5100,100.6400,1.799874
FILLER_32_202,VPWR,li1,99.1300,100.6400,1.799874
FILLER_32_195,VPWR,li1,95.4500,100.6400,1.799870
FILLER_32_177,VPWR,li1,87.4000,100.6400,1.799862
FILLER_32_138,VPWR,li1,69.4600,100.6400,1.799844
FILLER_32_129,VPWR,li1,65.0900,100.6400,1.799840
FILLER_32_88,VPWR,li1,46.2300,100.6400,1.799844
FILLER_32_85,VPWR,li1,45.3100,100.6400,1.799847
FILLER_32_38,VPWR,li1,23.4600,100.6400,1.799931
FILLER_32_26,VPWR,li1,17.9400,100.6400,1.799940
FILLER_32_23,VPWR,li1,16.7900,100.6400,1.799940
FILLER_31_369,VPWR,li1,175.4900,95.2000,1.799991
FILLER_31_366,VPWR,li1,174.5700,95.2000,1.799991
FILLER_31_363,VPWR,li1,173.1900,95.2000,1.799989
FILLER_31_346,VPWR,li1,165.3700,95.2000,1.799981
FILLER_31_343,VPWR,li1,163.9900,95.2000,1.799981
FILLER_31_333,VPWR,li1,159.3900,95.2000,1.799976
FILLER_31_281,VPWR,li1,135.0100,95.2000,1.799958
FILLER_31_268,VPWR,li1,129.0300,95.2000,1.799954
FILLER_31_236,VPWR,li1,114.7700,95.2000,1.799952
FILLER_31_223,VPWR,li1,108.3300,95.2000,1.799952
FILLER_31_204,VPWR,li1,99.5900,95.2000,1.799951
FILLER_31_201,VPWR,li1,98.6700,95.2000,1.799951
FILLER_31_180,VPWR,li1,89.0100,95.2000,1.799951
FILLER_31_177,VPWR,li1,87.6300,95.2000,1.799951
FILLER_31_165,VPWR,li1,82.1100,95.2000,1.799951
FILLER_31_153,VPWR,li1,76.3600,95.2000,1.799951
FILLER_31_150,VPWR,li1,75.2100,95.2000,1.799951
FILLER_31_124,VPWR,li1,63.2500,95.2000,1.799951
FILLER_31_101,VPWR,li1,52.6700,95.2000,1.799951
FILLER_31_98,VPWR,li1,51.2900,95.2000,1.799952
FILLER_31_73,VPWR,li1,39.5600,95.2000,1.799956
FILLER_31_57,VPWR,li1,32.4300,95.2000,1.799962
FILLER_31_6,VPWR,li1,8.7400,95.2000,1.799966
FILLER_31_3,VPWR,li1,7.5900,95.2000,1.799966
FILLER_30_368,VPWR,li1,175.2600,95.2000,1.799991
FILLER_30_365,VPWR,li1,174.1100,95.2000,1.799989
FILLER_30_363,VPWR,li1,172.7300,95.2000,1.799989
FILLER_30_343,VPWR,li1,163.7600,95.2000,1.799981
FILLER_30_325,VPWR,li1,155.2500,95.2000,1.799973
FILLER_30_307,VPWR,li1,146.9700,95.2000,1.799966
FILLER_30_286,VPWR,li1,137.3100,95.2000,1.799959
FILLER_30_283,VPWR,li1,136.3900,95.2000,1.799959
FILLER_30_261,VPWR,li1,126.0400,95.2000,1.799954
FILLER_30_235,VPWR,li1,113.8500,95.2000,1.799952
FILLER_30_228,VPWR,li1,110.8600,95.2000,1.799952
FILLER_30_225,VPWR,li1,109.7100,95.2000,1.799952
FILLER_30_222,VPWR,li1,108.3300,95.2000,1.799952
FILLER_30_219,VPWR,li1,106.9500,95.2000,1.799951
FILLER_30_216,VPWR,li1,105.5700,95.2000,1.799951
FILLER_30_213,VPWR,li1,104.1900,95.2000,1.799951
FILLER_30_209,VPWR,li1,101.8900,95.2000,1.799951
FILLER_30_206,VPWR,li1,100.9700,95.2000,1.799951
FILLER_30_203,VPWR,li1,99.5900,95.2000,1.799951
FILLER_30_200,VPWR,li1,98.2100,95.2000,1.799951
FILLER_30_197,VPWR,li1,96.8300,95.2000,1.799951
FILLER_30_194,VPWR,li1,95.2200,95.2000,1.799951
FILLER_30_188,VPWR,li1,92.6900,95.2000,1.799951
FILLER_30_184,VPWR,li1,90.3900,95.2000,1.799951
FILLER_30_181,VPWR,li1,89.4700,95.2000,1.799951
FILLER_30_178,VPWR,li1,88.0900,95.2000,1.799951
FILLER_30_175,VPWR,li1,86.7100,95.2000,1.799951
FILLER_30_172,VPWR,li1,85.3300,95.2000,1.799951
FILLER_30_156,VPWR,li1,77.7400,95.2000,1.799951
FILLER_30_149,VPWR,li1,74.5200,95.2000,1.799951
FILLER_30_137,VPWR,li1,69.2300,95.2000,1.799951
FILLER_30_128,VPWR,li1,65.0900,95.2000,1.799951
FILLER_30_125,VPWR,li1,63.7100,95.2000,1.799951
FILLER_30_122,VPWR,li1,62.3300,95.2000,1.799951
FILLER_30_119,VPWR,li1,60.9500,95.2000,1.799951
FILLER_30_116,VPWR,li1,59.5700,95.2000,1.799951
FILLER_30_113,VPWR,li1,58.1900,95.2000,1.799951
FILLER_30_110,VPWR,li1,56.8100,95.2000,1.799951
FILLER_30_97,VPWR,li1,50.6000,95.2000,1.799952
FILLER_30_88,VPWR,li1,46.2300,95.2000,1.799953
FILLER_30_83,VPWR,li1,43.9300,95.2000,1.799953
FILLER_30_42,VPWR,li1,25.5300,95.2000,1.799971
FILLER_30_39,VPWR,li1,24.1500,95.2000,1.799971
FILLER_30_29,VPWR,li1,19.0900,95.2000,1.799971
FILLER_30_26,VPWR,li1,17.9400,95.2000,1.799971
FILLER_30_23,VPWR,li1,16.7900,95.2000,1.799969
FILLER_29_367,VPWR,li1,175.0300,89.7600,1.799983
FILLER_29_364,VPWR,li1,173.6500,89.7600,1.799983
FILLER_29_361,VPWR,li1,172.2700,89.7600,1.799981
FILLER_29_345,VPWR,li1,164.6800,89.7600,1.799971
FILLER_29_335,VPWR,li1,159.8500,89.7600,1.799962
FILLER_29_296,VPWR,li1,142.3700,89.7600,1.799944
FILLER_29_293,VPWR,li1,140.9900,89.7600,1.799942
FILLER_29_290,VPWR,li1,139.6100,89.7600,1.799942
FILLER_29_279,VPWR,li1,134.0900,89.7600,1.799937
FILLER_29_267,VPWR,li1,129.0300,89.7600,1.799934
FILLER_29_222,VPWR,li1,108.1000,89.7600,1.799927
FILLER_29_219,VPWR,li1,106.9500,89.7600,1.799927
FILLER_29_197,VPWR,li1,96.8300,89.7600,1.799924
FILLER_29_175,VPWR,li1,86.4800,89.7600,1.799922
FILLER_29_124,VPWR,li1,63.0200,89.7600,1.799917
FILLER_29_120,VPWR,li1,60.9500,89.7600,1.799916
FILLER_29_110,VPWR,li1,56.5800,89.7600,1.799917
FILLER_29_83,VPWR,li1,43.9300,89.7600,1.799920
FILLER_29_74,VPWR,li1,39.7900,89.7600,1.799922
FILLER_29_47,VPWR,li1,27.3700,89.7600,1.799947
FILLER_29_44,VPWR,li1,26.4500,89.7600,1.799947
FILLER_29_41,VPWR,li1,25.0700,89.7600,1.799955
FILLER_29_3,VPWR,li1,7.5900,89.7600,1.799957
FILLER_28_368,VPWR,li1,175.2600,89.7600,1.799983
FILLER_28_365,VPWR,li1,174.1100,89.7600,1.799983
FILLER_28_357,VPWR,li1,170.2000,89.7600,1.799977
FILLER_28_354,VPWR,li1,169.0500,89.7600,1.799977
FILLER_28_346,VPWR,li1,165.3700,89.7600,1.799971
FILLER_28_343,VPWR,li1,163.9900,89.7600,1.799968
FILLER_28_307,VPWR,li1,146.9700,89.7600,1.799948
FILLER_28_296,VPWR,li1,142.1400,89.7600,1.799944
FILLER_28_293,VPWR,li1,140.9900,89.7600,1.799942
FILLER_28_261,VPWR,li1,125.8100,89.7600,1.799933
FILLER_28_250,VPWR,li1,120.9800,89.7600,1.799930
FILLER_28_241,VPWR,li1,116.6100,89.7600,1.799929
FILLER_28_233,VPWR,li1,112.9300,89.7600,1.799928
FILLER_28_230,VPWR,li1,112.0100,89.7600,1.799928
FILLER_28_227,VPWR,li1,110.6300,89.7600,1.799928
FILLER_28_224,VPWR,li1,109.2500,89.7600,1.799927
FILLER_28_221,VPWR,li1,107.8700,89.7600,1.799927
FILLER_28_200,VPWR,li1,97.9800,89.7600,1.799924
FILLER_28_197,VPWR,li1,96.8300,89.7600,1.799924
FILLER_28_195,VPWR,li1,95.4500,89.7600,1.799924
FILLER_28_174,VPWR,li1,86.0200,89.7600,1.799922
FILLER_28_171,VPWR,li1,84.8700,89.7600,1.799921
FILLER_28_168,VPWR,li1,83.4900,89.7600,1.799921
FILLER_28_165,VPWR,li1,82.1100,89.7600,1.799921
FILLER_28_162,VPWR,li1,80.7300,89.7600,1.799920
FILLER_28_139,VPWR,li1,69.6900,89.7600,1.799918
FILLER_28_134,VPWR,li1,67.6200,89.7600,1.799918
FILLER_28_109,VPWR,li1,56.1200,89.7600,1.799917
FILLER_28_41,VPWR,li1,24.6100,89.7600,1.799955
FILLER_28_9,VPWR,li1,10.3500,89.7600,1.799957
FILLER_28_6,VPWR,li1,8.9700,89.7600,1.799957
FILLER_28_3,VPWR,li1,7.5900,89.7600,1.799957
FILLER_27_369,VPWR,li1,175.4900,84.3200,1.799992
FILLER_27_366,VPWR,li1,174.5700,84.3200,1.799990
FILLER_27_363,VPWR,li1,173.1900,84.3200,1.799990
FILLER_27_349,VPWR,li1,166.7500,84.3200,1.799985
FILLER_27_346,VPWR,li1,165.3700,84.3200,1.799983
FILLER_27_343,VPWR,li1,163.9900,84.3200,1.799983
FILLER_27_340,VPWR,li1,162.6100,84.3200,1.799981
FILLER_27_337,VPWR,li1,161.2300,84.3200,1.799981
FILLER_27_335,VPWR,li1,159.8500,84.3200,1.799979
FILLER_27_332,VPWR,li1,158.9300,84.3200,1.799979
FILLER_27_329,VPWR,li1,157.5500,84.3200,1.799977
FILLER_27_316,VPWR,li1,151.1100,84.3200,1.799973
FILLER_27_284,VPWR,li1,136.8500,84.3200,1.799963
FILLER_27_279,VPWR,li1,134.0900,84.3200,1.799962
FILLER_27_276,VPWR,li1,133.1700,84.3200,1.799962
FILLER_27_273,VPWR,li1,131.7900,84.3200,1.799961
FILLER_27_263,VPWR,li1,126.7300,84.3200,1.799959
FILLER_27_241,VPWR,li1,116.8400,84.3200,1.799956
FILLER_27_232,VPWR,li1,112.4700,84.3200,1.799955
FILLER_27_225,VPWR,li1,109.2500,84.3200,1.799955
FILLER_27_221,VPWR,li1,107.8700,84.3200,1.799955
FILLER_27_199,VPWR,li1,97.2900,84.3200,1.799953
FILLER_27_196,VPWR,li1,96.3700,84.3200,1.799953
FILLER_27_181,VPWR,li1,89.0100,84.3200,1.799952
FILLER_27_172,VPWR,li1,84.8700,84.3200,1.799951
FILLER_27_169,VPWR,li1,83.9500,84.3200,1.799951
FILLER_27_153,VPWR,li1,76.5900,84.3200,1.799950
FILLER_27_150,VPWR,li1,75.2100,84.3200,1.799950
FILLER_27_147,VPWR,li1,73.8300,84.3200,1.799949
FILLER_27_144,VPWR,li1,72.4500,84.3200,1.799949
FILLER_27_141,VPWR,li1,71.0700,84.3200,1.799949
FILLER_27_133,VPWR,li1,66.9300,84.3200,1.799949
FILLER_27_124,VPWR,li1,62.7900,84.3200,1.799948
FILLER_27_121,VPWR,li1,61.8700,84.3200,1.799948
FILLER_27_111,VPWR,li1,56.8100,84.3200,1.799949
FILLER_27_108,VPWR,li1,55.8900,84.3200,1.799949
FILLER_27_98,VPWR,li1,51.0600,84.3200,1.799950
FILLER_27_26,VPWR,li1,17.7100,84.3200,1.799978
FILLER_27_23,VPWR,li1,16.7900,84.3200,1.799978
FILLER_26_362,VPWR,li1,172.5000,84.3200,1.799989
FILLER_26_350,VPWR,li1,167.2100,84.3200,1.799985
FILLER_26_339,VPWR,li1,161.9200,84.3200,1.799981
FILLER_26_329,VPWR,li1,157.3200,84.3200,1.799977
FILLER_26_285,VPWR,li1,137.3100,84.3200,1.799964
FILLER_26_257,VPWR,li1,124.4300,84.3200,1.799958
FILLER_26_253,VPWR,li1,122.1300,84.3200,1.799957
FILLER_26_250,VPWR,li1,120.9800,84.3200,1.799957
FILLER_26_247,VPWR,li1,119.8300,84.3200,1.799957
FILLER_26_216,VPWR,li1,105.5700,84.3200,1.799954
FILLER_26_213,VPWR,li1,104.1900,84.3200,1.799954
FILLER_26_206,VPWR,li1,100.5100,84.3200,1.799954
FILLER_26_203,VPWR,li1,99.5900,84.3200,1.799953
FILLER_26_200,VPWR,li1,98.2100,84.3200,1.799953
FILLER_26_197,VPWR,li1,96.8300,84.3200,1.799953
FILLER_26_193,VPWR,li1,94.9900,84.3200,1.799953
FILLER_26_190,VPWR,li1,93.6100,84.3200,1.799953
FILLER_26_187,VPWR,li1,92.2300,84.3200,1.799952
FILLER_26_184,VPWR,li1,90.8500,84.3200,1.799952
FILLER_26_176,VPWR,li1,86.7100,84.3200,1.799951
FILLER_26_173,VPWR,li1,85.7900,84.3200,1.799951
FILLER_26_152,VPWR,li1,76.1300,84.3200,1.799950
FILLER_26_141,VPWR,li1,70.6100,84.3200,1.799949
FILLER_26_108,VPWR,li1,55.6600,84.3200,1.799949
FILLER_26_105,VPWR,li1,54.5100,84.3200,1.799949
FILLER_26_50,VPWR,li1,29.2100,84.3200,1.799971
FILLER_26_38,VPWR,li1,23.6900,84.3200,1.799977
FILLER_26_26,VPWR,li1,17.9400,84.3200,1.799978
FILLER_26_23,VPWR,li1,16.7900,84.3200,1.799978
FILLER_26_9,VPWR,li1,10.1200,84.3200,1.799975
FILLER_26_6,VPWR,li1,8.9700,84.3200,1.799975
FILLER_25_368,VPWR,li1,175.2600,78.8800,1.799988
FILLER_25_350,VPWR,li1,167.2100,78.8800,1.799979
FILLER_25_340,VPWR,li1,162.6100,78.8800,1.799974
FILLER_25_337,VPWR,li1,161.2300,78.8800,1.799971
FILLER_25_335,VPWR,li1,159.8500,78.8800,1.799971
FILLER_25_321,VPWR,li1,153.6400,78.8800,1.799962
FILLER_25_279,VPWR,li1,134.0900,78.8800,1.799940
FILLER_25_225,VPWR,li1,109.4800,78.8800,1.799930
FILLER_25_222,VPWR,li1,108.1000,78.8800,1.799930
FILLER_25_219,VPWR,li1,106.9500,78.8800,1.799930
FILLER_25_216,VPWR,li1,105.5700,78.8800,1.799930
FILLER_25_207,VPWR,li1,101.4300,78.8800,1.799930
FILLER_25_202,VPWR,li1,98.9000,78.8800,1.799930
FILLER_25_199,VPWR,li1,97.7500,78.8800,1.799930
FILLER_25_196,VPWR,li1,96.3700,78.8800,1.799930
FILLER_25_193,VPWR,li1,94.9900,78.8800,1.799930
FILLER_25_178,VPWR,li1,87.8600,78.8800,1.799929
FILLER_25_175,VPWR,li1,86.7100,78.8800,1.799929
FILLER_25_172,VPWR,li1,85.3300,78.8800,1.799929
FILLER_25_169,VPWR,li1,83.9500,78.8800,1.799929
FILLER_25_166,VPWR,li1,82.3400,78.8800,1.799929
FILLER_25_163,VPWR,li1,81.1900,78.8800,1.799929
FILLER_25_117,VPWR,li1,59.8000,78.8800,1.799932
FILLER_25_113,VPWR,li1,57.7300,78.8800,1.799933
FILLER_25_104,VPWR,li1,53.5900,78.8800,1.799937
FILLER_25_101,VPWR,li1,52.6700,78.8800,1.799939
FILLER_25_98,VPWR,li1,51.2900,78.8800,1.799939
FILLER_25_93,VPWR,li1,48.7600,78.8800,1.799942
FILLER_25_90,VPWR,li1,47.6100,78.8800,1.799945
FILLER_25_87,VPWR,li1,46.2300,78.8800,1.799945
FILLER_25_84,VPWR,li1,44.8500,78.8800,1.799947
FILLER_25_76,VPWR,li1,40.7100,78.8800,1.799952
FILLER_25_73,VPWR,li1,39.7900,78.8800,1.799952
FILLER_25_70,VPWR,li1,38.4100,78.8800,1.799954
FILLER_25_57,VPWR,li1,31.9700,78.8800,1.799960
FILLER_25_54,VPWR,li1,30.8200,78.8800,1.799962
FILLER_25_51,VPWR,li1,29.6700,78.8800,1.799962
FILLER_25_40,VPWR,li1,24.6100,78.8800,1.799969
FILLER_25_19,VPWR,li1,14.4900,78.8800,1.799969
FILLER_25_16,VPWR,li1,13.5700,78.8800,1.799969
FILLER_25_13,VPWR,li1,12.1900,78.8800,1.799969
FILLER_25_3,VPWR,li1,7.3600,78.8800,1.799969
FILLER_24_368,VPWR,li1,175.2600,78.8800,1.799988
FILLER_24_365,VPWR,li1,174.1100,78.8800,1.799988
FILLER_24_361,VPWR,li1,172.2700,78.8800,1.799986
FILLER_24_358,VPWR,li1,170.8900,78.8800,1.799982
FILLER_24_353,VPWR,li1,168.3600,78.8800,1.799979
FILLER_24_348,VPWR,li1,165.8300,78.8800,1.799977
FILLER_24_299,VPWR,li1,143.2900,78.8800,1.799951
FILLER_24_256,VPWR,li1,123.9700,78.8800,1.799933
FILLER_24_250,VPWR,li1,120.9800,78.8800,1.799932
FILLER_24_247,VPWR,li1,119.8300,78.8800,1.799931
FILLER_24_244,VPWR,li1,118.4500,78.8800,1.799931
FILLER_24_241,VPWR,li1,117.0700,78.8800,1.799930
FILLER_24_237,VPWR,li1,114.7700,78.8800,1.799930
FILLER_24_234,VPWR,li1,113.8500,78.8800,1.799930
FILLER_24_231,VPWR,li1,112.4700,78.8800,1.799930
FILLER_24_228,VPWR,li1,111.0900,78.8800,1.799930
FILLER_24_225,VPWR,li1,109.7100,78.8800,1.799930
FILLER_24_222,VPWR,li1,108.3300,78.8800,1.799930
FILLER_24_219,VPWR,li1,106.9500,78.8800,1.799930
FILLER_24_207,VPWR,li1,100.9700,78.8800,1.799930
FILLER_24_197,VPWR,li1,96.3700,78.8800,1.799930
FILLER_24_195,VPWR,li1,95.4500,78.8800,1.799930
FILLER_24_192,VPWR,li1,94.5300,78.8800,1.799930
FILLER_24_183,VPWR,li1,89.9300,78.8800,1.799929
FILLER_24_167,VPWR,li1,83.0300,78.8800,1.799929
FILLER_24_164,VPWR,li1,81.6500,78.8800,1.799929
FILLER_24_161,VPWR,li1,80.2700,78.8800,1.799929
FILLER_24_138,VPWR,li1,69.4600,78.8800,1.799929
FILLER_24_101,VPWR,li1,52.4400,78.8800,1.799939
FILLER_24_98,VPWR,li1,51.2900,78.8800,1.799939
FILLER_24_85,VPWR,li1,45.0800,78.8800,1.799947
FILLER_24_81,VPWR,li1,43.4700,78.8800,1.799949
FILLER_24_78,VPWR,li1,42.0900,78.8800,1.799949
FILLER_24_68,VPWR,li1,37.2600,78.8800,1.799954
FILLER_24_56,VPWR,li1,31.9700,78.8800,1.799960
FILLER_24_29,VPWR,li1,19.0900,78.8800,1.799971
FILLER_24_26,VPWR,li1,17.9400,78.8800,1.799971
FILLER_24_23,VPWR,li1,16.7900,78.8800,1.799971
FILLER_23_368,VPWR,li1,175.2600,73.4400,1.799989
FILLER_23_365,VPWR,li1,174.1100,73.4400,1.799987
FILLER_23_362,VPWR,li1,172.7300,73.4400,1.799985
FILLER_23_359,VPWR,li1,171.3500,73.4400,1.799985
FILLER_23_356,VPWR,li1,169.9700,73.4400,1.799982
FILLER_23_350,VPWR,li1,167.2100,73.4400,1.799980
FILLER_23_344,VPWR,li1,164.4500,73.4400,1.799978
FILLER_23_337,VPWR,li1,160.7700,73.4400,1.799973
FILLER_23_333,VPWR,li1,159.3900,73.4400,1.799971
FILLER_23_319,VPWR,li1,152.7200,73.4400,1.799964
FILLER_23_300,VPWR,li1,143.7500,73.4400,1.799955
FILLER_23_281,VPWR,li1,135.2400,73.4400,1.799946
FILLER_23_254,VPWR,li1,122.8200,73.4400,1.799934
FILLER_23_251,VPWR,li1,121.6700,73.4400,1.799934
FILLER_23_223,VPWR,li1,108.3300,73.4400,1.799925
FILLER_23_220,VPWR,li1,107.4100,73.4400,1.799925
FILLER_23_217,VPWR,li1,106.0300,73.4400,1.799925
FILLER_23_214,VPWR,li1,104.6500,73.4400,1.799925
FILLER_23_200,VPWR,li1,98.2100,73.4400,1.799924
FILLER_23_192,VPWR,li1,94.3000,73.4400,1.799923
FILLER_23_177,VPWR,li1,87.4000,73.4400,1.799922
FILLER_23_158,VPWR,li1,78.4300,73.4400,1.799921
FILLER_23_141,VPWR,li1,70.8400,73.4400,1.799919
FILLER_23_111,VPWR,li1,56.8100,73.4400,1.799922
FILLER_23_80,VPWR,li1,42.7800,73.4400,1.799933
FILLER_23_53,VPWR,li1,30.5900,73.4400,1.799946
FILLER_23_25,VPWR,li1,17.7100,73.4400,1.799963
FILLER_23_3,VPWR,li1,7.3600,73.4400,1.799959
FILLER_22_368,VPWR,li1,175.2600,73.4400,1.799989
FILLER_22_365,VPWR,li1,174.1100,73.4400,1.799987
FILLER_22_349,VPWR,li1,166.5200,73.4400,1.799980
FILLER_22_342,VPWR,li1,163.0700,73.4400,1.799975
FILLER_22_339,VPWR,li1,162.1500,73.4400,1.799975
FILLER_22_336,VPWR,li1,160.7700,73.4400,1.799973
FILLER_22_333,VPWR,li1,159.3900,73.4400,1.799971
FILLER_22_330,VPWR,li1,158.0100,73.4400,1.799971
FILLER_22_323,VPWR,li1,154.5600,73.4400,1.799966
FILLER_22_306,VPWR,li1,146.7400,73.4400,1.799959
FILLER_22_264,VPWR,li1,127.1900,73.4400,1.799938
FILLER_22_230,VPWR,li1,111.7800,73.4400,1.799927
FILLER_22_207,VPWR,li1,101.4300,73.4400,1.799924
FILLER_22_204,VPWR,li1,100.0500,73.4400,1.799924
FILLER_22_161,VPWR,li1,80.0400,73.4400,1.799921
FILLER_22_151,VPWR,li1,75.4400,73.4400,1.799920
FILLER_22_141,VPWR,li1,70.8400,73.4400,1.799919
FILLER_22_131,VPWR,li1,66.0100,73.4400,1.799919
FILLER_22_106,VPWR,li1,54.7400,73.4400,1.799923
FILLER_22_85,VPWR,li1,44.8500,73.4400,1.799931
FILLER_22_82,VPWR,li1,43.7000,73.4400,1.799931
FILLER_22_50,VPWR,li1,29.2100,73.4400,1.799949
FILLER_22_29,VPWR,li1,19.0900,73.4400,1.799963
FILLER_22_3,VPWR,li1,7.3600,73.4400,1.799959
FILLER_21_369,VPWR,li1,175.4900,68.0000,1.799961
FILLER_21_366,VPWR,li1,174.5700,68.0000,1.799961
FILLER_21_363,VPWR,li1,173.1900,68.0000,1.799952
FILLER_21_348,VPWR,li1,166.2900,68.0000,1.799929
FILLER_21_249,VPWR,li1,120.7500,68.0000,1.799758
FILLER_21_225,VPWR,li1,109.2500,68.0000,1.799744
FILLER_21_213,VPWR,li1,103.7300,68.0000,1.799739
FILLER_21_204,VPWR,li1,99.5900,68.0000,1.799736
FILLER_21_178,VPWR,li1,88.0900,68.0000,1.799746
FILLER_21_103,VPWR,li1,53.1300,68.0000,1.799830
FILLER_21_87,VPWR,li1,45.7700,68.0000,1.799862
FILLER_21_84,VPWR,li1,44.8500,68.0000,1.799862
FILLER_21_69,VPWR,li1,37.4900,68.0000,1.799887
FILLER_21_44,VPWR,li1,25.9900,68.0000,1.799930
FILLER_21_34,VPWR,li1,21.3900,68.0000,1.799953
FILLER_20_361,VPWR,li1,172.2700,68.0000,1.799952
FILLER_20_343,VPWR,li1,163.5300,68.0000,1.799916
FILLER_20_333,VPWR,li1,159.1600,68.0000,1.799895
FILLER_20_319,VPWR,li1,152.7200,68.0000,1.799869
FILLER_20_307,VPWR,li1,146.9700,68.0000,1.799850
FILLER_20_290,VPWR,li1,139.1500,68.0000,1.799819
FILLER_20_287,VPWR,li1,138.2300,68.0000,1.799819
FILLER_20_238,VPWR,li1,115.6900,68.0000,1.799749
FILLER_20_228,VPWR,li1,110.8600,68.0000,1.799744
FILLER_20_197,VPWR,li1,96.3700,68.0000,1.799735
FILLER_20_177,VPWR,li1,87.1700,68.0000,1.799746
FILLER_20_174,VPWR,li1,86.2500,68.0000,1.799750
FILLER_20_171,VPWR,li1,84.8700,68.0000,1.799754
FILLER_20_168,VPWR,li1,83.4900,68.0000,1.799754
FILLER_20_144,VPWR,li1,71.9900,68.0000,1.799778
FILLER_20_128,VPWR,li1,65.0900,68.0000,1.799795
FILLER_20_72,VPWR,li1,39.1000,68.0000,1.799887
FILLER_20_69,VPWR,li1,37.9500,68.0000,1.799887
FILLER_20_60,VPWR,li1,33.3500,68.0000,1.799906
FILLER_20_51,VPWR,li1,29.2100,68.0000,1.799922
FILLER_20_48,VPWR,li1,28.2900,68.0000,1.799922
FILLER_20_35,VPWR,li1,22.0800,68.0000,1.799953
FILLER_20_32,VPWR,li1,20.9300,68.0000,1.799953
FILLER_20_29,VPWR,li1,19.5500,68.0000,1.799953
FILLER_20_25,VPWR,li1,17.7100,68.0000,1.799952
FILLER_20_22,VPWR,li1,16.3300,68.0000,1.799952
FILLER_20_16,VPWR,li1,13.5700,68.0000,1.799951
FILLER_20_13,VPWR,li1,12.1900,68.0000,1.799950
FILLER_20_3,VPWR,li1,7.3600,68.0000,1.799950
FILLER_19_369,VPWR,li1,175.4900,62.5600,1.799976
FILLER_19_343,VPWR,li1,163.5300,62.5600,1.799946
FILLER_19_334,VPWR,li1,159.6200,62.5600,1.799940
FILLER_19_328,VPWR,li1,156.6300,62.5600,1.799934
FILLER_19_325,VPWR,li1,155.7100,62.5600,1.799928
FILLER_19_322,VPWR,li1,154.3300,62.5600,1.799928
FILLER_19_312,VPWR,li1,149.5000,62.5600,1.799917
FILLER_19_297,VPWR,li1,142.3700,62.5600,1.799897
FILLER_19_294,VPWR,li1,141.4500,62.5600,1.799897
FILLER_19_277,VPWR,li1,133.6300,62.5600,1.799879
FILLER_19_260,VPWR,li1,125.3500,62.5600,1.799855
FILLER_19_257,VPWR,li1,124.4300,62.5600,1.799855
FILLER_19_235,VPWR,li1,113.8500,62.5600,1.799832
FILLER_19_221,VPWR,li1,107.8700,62.5600,1.799818
FILLER_19_178,VPWR,li1,87.6300,62.5600,1.799797
FILLER_19_175,VPWR,li1,86.7100,62.5600,1.799797
FILLER_19_169,VPWR,li1,83.9500,62.5600,1.799798
FILLER_19_167,VPWR,li1,82.5700,62.5600,1.799798
FILLER_19_164,VPWR,li1,81.6500,62.5600,1.799798
FILLER_19_161,VPWR,li1,80.2700,62.5600,1.799799
FILLER_19_156,VPWR,li1,77.7400,62.5600,1.799799
FILLER_19_153,VPWR,li1,76.5900,62.5600,1.799799
FILLER_19_111,VPWR,li1,56.8100,62.5600,1.799840
FILLER_19_74,VPWR,li1,39.7900,62.5600,1.799893
FILLER_19_47,VPWR,li1,27.3700,62.5600,1.799936
FILLER_19_6,VPWR,li1,8.9700,62.5600,1.799953
FILLER_19_3,VPWR,li1,7.5900,62.5600,1.799953
FILLER_18_357,VPWR,li1,169.9700,62.5600,1.799962
FILLER_18_351,VPWR,li1,167.2100,62.5600,1.799957
FILLER_18_348,VPWR,li1,166.2900,62.5600,1.799957
FILLER_18_345,VPWR,li1,164.9100,62.5600,1.799952
FILLER_18_342,VPWR,li1,163.5300,62.5600,1.799946
FILLER_18_339,VPWR,li1,162.1500,62.5600,1.799946
FILLER_18_336,VPWR,li1,160.7700,62.5600,1.799940
FILLER_18_328,VPWR,li1,156.8600,62.5600,1.799934
FILLER_18_325,VPWR,li1,155.7100,62.5600,1.799928
FILLER_18_290,VPWR,li1,139.1500,62.5600,1.799890
FILLER_18_287,VPWR,li1,138.2300,62.5600,1.799890
FILLER_18_279,VPWR,li1,134.0900,62.5600,1.799879
FILLER_18_276,VPWR,li1,133.1700,62.5600,1.799874
FILLER_18_273,VPWR,li1,131.7900,62.5600,1.799874
FILLER_18_264,VPWR,li1,127.4200,62.5600,1.799861
FILLER_18_243,VPWR,li1,117.7600,62.5600,1.799841
FILLER_18_212,VPWR,li1,103.2700,62.5600,1.799807
FILLER_18_197,VPWR,li1,96.6000,62.5600,1.799797
FILLER_18_194,VPWR,li1,95.2200,62.5600,1.799797
FILLER_18_183,VPWR,li1,89.9300,62.5600,1.799797
FILLER_18_164,VPWR,li1,81.6500,62.5600,1.799798
FILLER_18_161,VPWR,li1,80.2700,62.5600,1.799799
FILLER_18_158,VPWR,li1,78.8900,62.5600,1.799799
FILLER_18_155,VPWR,li1,77.5100,62.5600,1.799799
FILLER_18_116,VPWR,li1,59.5700,62.5600,1.799834
FILLER_18_113,VPWR,li1,58.1900,62.5600,1.799840
FILLER_18_110,VPWR,li1,56.8100,62.5600,1.799840
FILLER_18_107,VPWR,li1,55.4300,62.5600,1.799848
FILLER_18_104,VPWR,li1,54.0500,62.5600,1.799848
FILLER_18_98,VPWR,li1,51.2900,62.5600,1.799855
FILLER_18_40,VPWR,li1,24.1500,62.5600,1.799947
FILLER_18_29,VPWR,li1,19.3200,62.5600,1.799956
FILLER_18_27,VPWR,li1,18.1700,62.5600,1.799955
FILLER_18_24,VPWR,li1,17.2500,62.5600,1.799955
FILLER_17_368,VPWR,li1,175.2600,57.1200,1.799978
FILLER_17_351,VPWR,li1,167.4400,57.1200,1.799963
FILLER_17_317,VPWR,li1,151.5700,57.1200,1.799928
FILLER_17_314,VPWR,li1,150.6500,57.1200,1.799924
FILLER_17_311,VPWR,li1,149.2700,57.1200,1.799920
FILLER_17_307,VPWR,li1,146.9700,57.1200,1.799916
FILLER_17_300,VPWR,li1,143.9800,57.1200,1.799911
FILLER_17_297,VPWR,li1,142.8300,57.1200,1.799907
FILLER_17_284,VPWR,li1,136.8500,57.1200,1.799894
FILLER_17_281,VPWR,li1,135.4700,57.1200,1.799889
FILLER_17_278,VPWR,li1,133.8600,57.1200,1.799889
FILLER_17_275,VPWR,li1,132.7100,57.1200,1.799883
FILLER_17_272,VPWR,li1,131.3300,57.1200,1.799883
FILLER_17_192,VPWR,li1,94.0700,57.1200,1.799817
FILLER_17_163,VPWR,li1,80.9600,57.1200,1.799807
FILLER_17_116,VPWR,li1,59.1100,57.1200,1.799807
FILLER_17_113,VPWR,li1,58.1900,57.1200,1.799808
FILLER_17_90,VPWR,li1,47.3800,57.1200,1.799815
FILLER_17_55,VPWR,li1,31.0500,57.1200,1.799879
FILLER_17_47,VPWR,li1,27.3700,57.1200,1.799900
FILLER_17_24,VPWR,li1,17.2500,57.1200,1.799939
FILLER_17_21,VPWR,li1,15.8700,57.1200,1.799939
FILLER_17_6,VPWR,li1,8.9700,57.1200,1.799939
FILLER_17_3,VPWR,li1,7.5900,57.1200,1.799939
FILLER_16_368,VPWR,li1,175.2600,57.1200,1.799978
FILLER_16_365,VPWR,li1,174.1100,57.1200,1.799978
FILLER_16_363,VPWR,li1,172.7300,57.1200,1.799973
FILLER_16_360,VPWR,li1,171.8100,57.1200,1.799973
FILLER_16_357,VPWR,li1,170.4300,57.1200,1.799968
FILLER_16_352,VPWR,li1,167.6700,57.1200,1.799963
FILLER_16_349,VPWR,li1,166.7500,57.1200,1.799958
FILLER_16_346,VPWR,li1,165.3700,57.1200,1.799958
FILLER_16_324,VPWR,li1,154.7900,57.1200,1.799933
FILLER_16_321,VPWR,li1,153.8700,57.1200,1.799933
FILLER_16_318,VPWR,li1,152.4900,57.1200,1.799928
FILLER_16_315,VPWR,li1,151.1100,57.1200,1.799924
FILLER_16_312,VPWR,li1,149.7300,57.1200,1.799924
FILLER_16_309,VPWR,li1,148.3500,57.1200,1.799920
FILLER_16_307,VPWR,li1,146.9700,57.1200,1.799916
FILLER_16_304,VPWR,li1,146.0500,57.1200,1.799916
FILLER_16_301,VPWR,li1,144.6700,57.1200,1.799911
FILLER_16_298,VPWR,li1,143.2900,57.1200,1.799907
FILLER_16_295,VPWR,li1,141.9100,57.1200,1.799907
FILLER_16_292,VPWR,li1,140.5300,57.1200,1.799900
FILLER_16_278,VPWR,li1,134.0900,57.1200,1.799889
FILLER_16_253,VPWR,li1,122.3600,57.1200,1.799862
FILLER_16_250,VPWR,li1,120.9800,57.1200,1.799857
FILLER_16_231,VPWR,li1,112.4700,57.1200,1.799841
FILLER_16_228,VPWR,li1,111.0900,57.1200,1.799841
FILLER_16_197,VPWR,li1,96.3700,57.1200,1.799819
FILLER_16_190,VPWR,li1,93.6100,57.1200,1.799817
FILLER_16_154,VPWR,li1,76.5900,57.1200,1.799805
FILLER_16_139,VPWR,li1,69.6900,57.1200,1.799804
FILLER_16_113,VPWR,li1,57.9600,57.1200,1.799808
FILLER_16_110,VPWR,li1,56.8100,57.1200,1.799809
FILLER_16_83,VPWR,li1,43.9300,57.1200,1.799819
FILLER_16_80,VPWR,li1,43.0100,57.1200,1.799819
FILLER_16_12,VPWR,li1,11.7300,57.1200,1.799939
FILLER_16_9,VPWR,li1,10.3500,57.1200,1.799939
FILLER_16_6,VPWR,li1,8.9700,57.1200,1.799939
FILLER_16_3,VPWR,li1,7.5900,57.1200,1.799939
FILLER_15_369,VPWR,li1,175.4900,51.6800,1.799976
FILLER_15_348,VPWR,li1,166.2900,51.6800,1.799956
FILLER_15_345,VPWR,li1,164.9100,51.6800,1.799950
FILLER_15_340,VPWR,li1,162.3800,51.6800,1.799944
FILLER_15_337,VPWR,li1,161.2300,51.6800,1.799944
FILLER_15_333,VPWR,li1,159.3900,51.6800,1.799940
FILLER_15_330,VPWR,li1,158.0100,51.6800,1.799934
FILLER_15_327,VPWR,li1,156.6300,51.6800,1.799930
FILLER_15_324,VPWR,li1,155.2500,51.6800,1.799930
FILLER_15_321,VPWR,li1,153.8700,51.6800,1.799925
FILLER_15_318,VPWR,li1,152.4900,51.6800,1.799920
FILLER_15_315,VPWR,li1,151.1100,51.6800,1.799920
FILLER_15_312,VPWR,li1,149.7300,51.6800,1.799915
FILLER_15_309,VPWR,li1,148.3500,51.6800,1.799911
FILLER_15_306,VPWR,li1,146.9700,51.6800,1.799906
FILLER_15_303,VPWR,li1,145.5900,51.6800,1.799906
FILLER_15_300,VPWR,li1,144.2100,51.6800,1.799899
FILLER_15_297,VPWR,li1,142.8300,51.6800,1.799899
FILLER_15_277,VPWR,li1,133.6300,51.6800,1.799874
FILLER_15_274,VPWR,li1,132.2500,51.6800,1.799874
FILLER_15_269,VPWR,li1,129.4900,51.6800,1.799863
FILLER_15_260,VPWR,li1,125.3500,51.6800,1.799857
FILLER_15_257,VPWR,li1,124.4300,51.6800,1.799851
FILLER_15_225,VPWR,li1,109.2500,51.6800,1.799830
FILLER_15_215,VPWR,li1,104.8800,51.6800,1.799828
FILLER_15_212,VPWR,li1,103.7300,51.6800,1.799827
FILLER_15_209,VPWR,li1,102.3500,51.6800,1.799826
FILLER_15_172,VPWR,li1,85.1000,51.6800,1.799819
FILLER_15_169,VPWR,li1,83.9500,51.6800,1.799819
FILLER_15_167,VPWR,li1,82.5700,51.6800,1.799819
FILLER_15_164,VPWR,li1,81.6500,51.6800,1.799819
FILLER_15_161,VPWR,li1,80.2700,51.6800,1.799818
FILLER_15_158,VPWR,li1,78.8900,51.6800,1.799818
FILLER_15_90,VPWR,li1,47.3800,51.6800,1.799866
FILLER_15_57,VPWR,li1,31.9700,51.6800,1.799922
FILLER_15_22,VPWR,li1,16.1000,51.6800,1.799955
FILLER_15_19,VPWR,li1,14.9500,51.6800,1.799955
FILLER_15_9,VPWR,li1,9.8900,51.6800,1.799953
FILLER_15_6,VPWR,li1,8.9700,51.6800,1.799953
FILLER_15_3,VPWR,li1,7.5900,51.6800,1.799953
FILLER_14_368,VPWR,li1,175.2600,51.6800,1.799976
FILLER_14_365,VPWR,li1,174.1100,51.6800,1.799976
FILLER_14_363,VPWR,li1,172.7300,51.6800,1.799971
FILLER_14_360,VPWR,li1,171.8100,51.6800,1.799967
FILLER_14_348,VPWR,li1,166.0600,51.6800,1.799956
FILLER_14_337,VPWR,li1,160.7700,51.6800,1.799940
FILLER_14_334,VPWR,li1,159.8500,51.6800,1.799940
FILLER_14_331,VPWR,li1,158.4700,51.6800,1.799934
FILLER_14_328,VPWR,li1,157.0900,51.6800,1.799934
FILLER_14_312,VPWR,li1,149.2700,51.6800,1.799915
FILLER_14_309,VPWR,li1,148.3500,51.6800,1.799911
FILLER_14_306,VPWR,li1,146.7400,51.6800,1.799906
FILLER_14_303,VPWR,li1,145.5900,51.6800,1.799906
FILLER_14_300,VPWR,li1,144.2100,51.6800,1.799899
FILLER_14_297,VPWR,li1,142.8300,51.6800,1.799899
FILLER_14_294,VPWR,li1,141.4500,51.6800,1.799893
FILLER_14_283,VPWR,li1,135.9300,51.6800,1.799879
FILLER_14_280,VPWR,li1,135.0100,51.6800,1.799879
FILLER_14_269,VPWR,li1,129.9500,51.6800,1.799868
FILLER_14_261,VPWR,li1,126.0400,51.6800,1.799857
FILLER_14_248,VPWR,li1,119.8300,51.6800,1.799841
FILLER_14_245,VPWR,li1,118.9100,51.6800,1.799841
FILLER_14_234,VPWR,li1,113.3900,51.6800,1.799832
FILLER_14_229,VPWR,li1,111.3200,51.6800,1.799831
FILLER_14_211,VPWR,li1,103.0400,51.6800,1.799827
FILLER_14_200,VPWR,li1,98.2100,51.6800,1.799824
FILLER_14_197,VPWR,li1,96.8300,51.6800,1.799823
FILLER_14_195,VPWR,li1,95.4500,51.6800,1.799823
FILLER_14_192,VPWR,li1,94.5300,51.6800,1.799821
FILLER_14_189,VPWR,li1,93.1500,51.6800,1.799821
FILLER_14_179,VPWR,li1,88.3200,51.6800,1.799820
FILLER_14_138,VPWR,li1,69.4600,51.6800,1.799818
FILLER_14_135,VPWR,li1,68.3100,51.6800,1.799818
FILLER_14_110,VPWR,li1,56.5800,51.6800,1.799841
FILLER_14_85,VPWR,li1,45.0800,51.6800,1.799878
FILLER_14_73,VPWR,li1,39.3300,51.6800,1.799892
FILLER_14_38,VPWR,li1,23.2300,51.6800,1.799948
FILLER_14_26,VPWR,li1,17.9400,51.6800,1.799955
FILLER_13_369,VPWR,li1,175.4900,46.2400,1.799990
FILLER_13_366,VPWR,li1,174.5700,46.2400,1.799990
FILLER_13_337,VPWR,li1,160.7700,46.2400,1.799976
FILLER_13_303,VPWR,li1,145.5900,46.2400,1.799962
FILLER_13_292,VPWR,li1,140.0700,46.2400,1.799956
FILLER_13_289,VPWR,li1,139.1500,46.2400,1.799956
FILLER_13_286,VPWR,li1,137.7700,46.2400,1.799954
FILLER_13_228,VPWR,li1,110.6300,46.2400,1.799931
FILLER_13_225,VPWR,li1,109.7100,46.2400,1.799931
FILLER_13_196,VPWR,li1,96.1400,46.2400,1.799930
FILLER_13_169,VPWR,li1,83.7200,46.2400,1.799933
FILLER_13_166,VPWR,li1,82.3400,46.2400,1.799933
FILLER_13_158,VPWR,li1,78.4300,46.2400,1.799935
FILLER_13_141,VPWR,li1,70.8400,46.2400,1.799939
FILLER_13_110,VPWR,li1,56.5800,46.2400,1.799948
FILLER_13_81,VPWR,li1,43.0100,46.2400,1.799960
FILLER_13_37,VPWR,li1,23.0000,46.2400,1.799979
FILLER_13_31,VPWR,li1,20.4700,46.2400,1.799982
FILLER_13_28,VPWR,li1,19.0900,46.2400,1.799982
FILLER_12_368,VPWR,li1,175.2600,46.2400,1.799990
FILLER_12_365,VPWR,li1,174.1100,46.2400,1.799990
FILLER_12_361,VPWR,li1,172.2700,46.2400,1.799988
FILLER_12_352,VPWR,li1,168.1300,46.2400,1.799984
FILLER_12_309,VPWR,li1,148.1200,46.2400,1.799964
FILLER_12_302,VPWR,li1,144.6700,46.2400,1.799960
FILLER_12_299,VPWR,li1,143.7500,46.2400,1.799960
FILLER_12_293,VPWR,li1,140.5300,46.2400,1.799956
FILLER_12_290,VPWR,li1,139.6100,46.2400,1.799956
FILLER_12_287,VPWR,li1,138.2300,46.2400,1.799954
FILLER_12_284,VPWR,li1,136.8500,46.2400,1.799954
FILLER_12_281,VPWR,li1,135.4700,46.2400,1.799951
FILLER_12_278,VPWR,li1,134.0900,46.2400,1.799949
FILLER_12_265,VPWR,li1,127.8800,46.2400,1.799945
FILLER_12_250,VPWR,li1,120.9800,46.2400,1.799938
FILLER_12_228,VPWR,li1,110.8600,46.2400,1.799931
FILLER_12_206,VPWR,li1,100.7400,46.2400,1.799929
FILLER_12_197,VPWR,li1,96.3700,46.2400,1.799930
FILLER_12_190,VPWR,li1,93.6100,46.2400,1.799930
FILLER_12_187,VPWR,li1,92.2300,46.2400,1.799931
FILLER_12_156,VPWR,li1,77.9700,46.2400,1.799935
FILLER_12_118,VPWR,li1,60.0300,46.2400,1.799946
FILLER_12_113,VPWR,li1,57.9600,46.2400,1.799948
FILLER_12_109,VPWR,li1,55.8900,46.2400,1.799949
FILLER_12_85,VPWR,li1,45.3100,46.2400,1.799958
FILLER_12_74,VPWR,li1,40.0200,46.2400,1.799961
FILLER_12_50,VPWR,li1,28.7500,46.2400,1.799972
FILLER_12_29,VPWR,li1,19.0900,46.2400,1.799982
FILLER_12_26,VPWR,li1,17.9400,46.2400,1.799981
FILLER_11_367,VPWR,li1,175.0300,40.8000,1.799992
FILLER_11_349,VPWR,li1,166.5200,40.8000,1.799985
FILLER_11_346,VPWR,li1,165.3700,40.8000,1.799983
FILLER_11_343,VPWR,li1,163.9900,40.8000,1.799983
FILLER_11_340,VPWR,li1,162.6100,40.8000,1.799981
FILLER_11_337,VPWR,li1,161.2300,40.8000,1.799979
FILLER_11_334,VPWR,li1,159.6200,40.8000,1.799979
FILLER_11_331,VPWR,li1,158.4700,40.8000,1.799977
FILLER_11_328,VPWR,li1,157.0900,40.8000,1.799976
FILLER_11_325,VPWR,li1,155.7100,40.8000,1.799976
FILLER_11_322,VPWR,li1,154.3300,40.8000,1.799974
FILLER_11_316,VPWR,li1,151.5700,40.8000,1.799972
FILLER_11_311,VPWR,li1,149.0400,40.8000,1.799970
FILLER_11_308,VPWR,li1,147.8900,40.8000,1.799968
FILLER_11_305,VPWR,li1,146.5100,40.8000,1.799967
FILLER_11_302,VPWR,li1,145.1300,40.8000,1.799967
FILLER_11_299,VPWR,li1,143.7500,40.8000,1.799965
FILLER_11_284,VPWR,li1,136.3900,40.8000,1.799959
FILLER_11_281,VPWR,li1,135.4700,40.8000,1.799959
FILLER_11_279,VPWR,li1,134.0900,40.8000,1.799957
FILLER_11_276,VPWR,li1,133.1700,40.8000,1.799957
FILLER_11_273,VPWR,li1,131.7900,40.8000,1.799955
FILLER_11_270,VPWR,li1,130.4100,40.8000,1.799955
FILLER_11_259,VPWR,li1,125.1200,40.8000,1.799949
FILLER_11_256,VPWR,li1,123.9700,40.8000,1.799949
FILLER_11_253,VPWR,li1,122.5900,40.8000,1.799947
FILLER_11_250,VPWR,li1,121.2100,40.8000,1.799947
FILLER_11_247,VPWR,li1,119.8300,40.8000,1.799945
FILLER_11_244,VPWR,li1,118.4500,40.8000,1.799945
FILLER_11_241,VPWR,li1,117.0700,40.8000,1.799943
FILLER_11_238,VPWR,li1,115.6900,40.8000,1.799943
FILLER_11_235,VPWR,li1,114.3100,40.8000,1.799940
FILLER_11_232,VPWR,li1,112.9300,40.8000,1.799940
FILLER_11_214,VPWR,li1,104.4200,40.8000,1.799932
FILLER_11_211,VPWR,li1,103.2700,40.8000,1.799932
FILLER_11_208,VPWR,li1,101.8900,40.8000,1.799931
FILLER_11_205,VPWR,li1,100.5100,40.8000,1.799931
FILLER_11_202,VPWR,li1,99.1300,40.8000,1.799930
FILLER_11_180,VPWR,li1,88.7800,40.8000,1.799926
FILLER_11_152,VPWR,li1,75.6700,40.8000,1.799925
FILLER_11_111,VPWR,li1,56.8100,40.8000,1.799932
FILLER_11_66,VPWR,li1,36.3400,40.8000,1.799953
FILLER_11_54,VPWR,li1,30.8200,40.8000,1.799961
FILLER_11_50,VPWR,li1,28.7500,40.8000,1.799964
FILLER_11_47,VPWR,li1,27.8300,40.8000,1.799964
FILLER_11_12,VPWR,li1,11.2700,40.8000,1.799970
FILLER_11_9,VPWR,li1,10.3500,40.8000,1.799970
FILLER_11_6,VPWR,li1,8.9700,40.8000,1.799970
FILLER_11_3,VPWR,li1,7.5900,40.8000,1.799970
FILLER_10_368,VPWR,li1,175.2600,40.8000,1.799992
FILLER_10_365,VPWR,li1,174.1100,40.8000,1.799990
FILLER_10_362,VPWR,li1,172.5000,40.8000,1.799990
FILLER_10_352,VPWR,li1,168.1300,40.8000,1.799985
FILLER_10_349,VPWR,li1,166.7500,40.8000,1.799985
FILLER_10_346,VPWR,li1,165.3700,40.8000,1.799983
FILLER_10_341,VPWR,li1,162.8400,40.8000,1.799981
FILLER_10_338,VPWR,li1,161.6900,40.8000,1.799981
FILLER_10_335,VPWR,li1,160.3100,40.8000,1.799979
FILLER_10_332,VPWR,li1,158.9300,40.8000,1.799977
FILLER_10_329,VPWR,li1,157.5500,40.8000,1.799977
FILLER_10_326,VPWR,li1,156.1700,40.8000,1.799976
FILLER_10_323,VPWR,li1,154.7900,40.8000,1.799974
FILLER_10_320,VPWR,li1,153.4100,40.8000,1.799974
FILLER_10_317,VPWR,li1,152.0300,40.8000,1.799972
FILLER_10_314,VPWR,li1,150.6500,40.8000,1.799970
FILLER_10_309,VPWR,li1,148.1200,40.8000,1.799968
FILLER_10_307,VPWR,li1,146.9700,40.8000,1.799968
FILLER_10_304,VPWR,li1,146.0500,40.8000,1.799967
FILLER_10_301,VPWR,li1,144.6700,40.8000,1.799965
FILLER_10_285,VPWR,li1,137.3100,40.8000,1.799960
FILLER_10_282,VPWR,li1,135.9300,40.8000,1.799959
FILLER_10_279,VPWR,li1,134.5500,40.8000,1.799957
FILLER_10_276,VPWR,li1,133.1700,40.8000,1.799957
FILLER_10_273,VPWR,li1,131.7900,40.8000,1.799955
FILLER_10_264,VPWR,li1,127.1900,40.8000,1.799951
FILLER_10_256,VPWR,li1,123.9700,40.8000,1.799949
FILLER_10_253,VPWR,li1,122.5900,40.8000,1.799947
FILLER_10_250,VPWR,li1,120.9800,40.8000,1.799947
FILLER_10_247,VPWR,li1,119.8300,40.8000,1.799945
FILLER_10_235,VPWR,li1,113.8500,40.8000,1.799940
FILLER_10_224,VPWR,li1,109.2500,40.8000,1.799937
FILLER_10_203,VPWR,li1,99.1300,40.8000,1.799930
FILLER_10_200,VPWR,li1,98.2100,40.8000,1.799930
FILLER_10_197,VPWR,li1,96.8300,40.8000,1.799928
FILLER_10_193,VPWR,li1,94.9900,40.8000,1.799927
FILLER_10_184,VPWR,li1,90.3900,40.8000,1.799926
FILLER_10_159,VPWR,li1,79.1200,40.8000,1.799925
FILLER_10_148,VPWR,li1,73.8300,40.8000,1.799925
FILLER_10_104,VPWR,li1,54.0500,40.8000,1.799934
FILLER_10_101,VPWR,li1,52.6700,40.8000,1.799934
FILLER_10_97,VPWR,li1,50.3700,40.8000,1.799936
FILLER_10_85,VPWR,li1,44.8500,40.8000,1.799941
FILLER_10_83,VPWR,li1,43.9300,40.8000,1.799943
FILLER_10_69,VPWR,li1,37.9500,40.8000,1.799949
FILLER_10_49,VPWR,li1,28.5200,40.8000,1.799964
FILLER_10_46,VPWR,li1,27.3700,40.8000,1.799967
FILLER_10_43,VPWR,li1,25.9900,40.8000,1.799967
FILLER_10_18,VPWR,li1,14.2600,40.8000,1.799970
FILLER_10_15,VPWR,li1,13.1100,40.8000,1.799970
FILLER_10_12,VPWR,li1,11.7300,40.8000,1.799970
FILLER_10_9,VPWR,li1,10.3500,40.8000,1.799970
FILLER_10_6,VPWR,li1,8.9700,40.8000,1.799970
FILLER_10_3,VPWR,li1,7.5900,40.8000,1.799970
FILLER_9_369,VPWR,li1,175.4900,35.3600,1.799991
FILLER_9_335,VPWR,li1,159.8500,35.3600,1.799978
FILLER_9_332,VPWR,li1,158.9300,35.3600,1.799978
FILLER_9_325,VPWR,li1,155.4800,35.3600,1.799974
FILLER_9_322,VPWR,li1,154.3300,35.3600,1.799974
FILLER_9_319,VPWR,li1,152.9500,35.3600,1.799972
FILLER_9_313,VPWR,li1,149.7300,35.3600,1.799970
FILLER_9_310,VPWR,li1,148.8100,35.3600,1.799968
FILLER_9_307,VPWR,li1,147.4300,35.3600,1.799968
FILLER_9_298,VPWR,li1,143.2900,35.3600,1.799963
FILLER_9_295,VPWR,li1,141.9100,35.3600,1.799963
FILLER_9_290,VPWR,li1,139.3800,35.3600,1.799961
FILLER_9_287,VPWR,li1,138.2300,35.3600,1.799959
FILLER_9_284,VPWR,li1,136.8500,35.3600,1.799959
FILLER_9_281,VPWR,li1,135.4700,35.3600,1.799956
FILLER_9_278,VPWR,li1,133.8600,35.3600,1.799956
FILLER_9_266,VPWR,li1,128.5700,35.3600,1.799952
FILLER_9_229,VPWR,li1,111.3200,35.3600,1.799938
FILLER_9_223,VPWR,li1,108.3300,35.3600,1.799935
FILLER_9_172,VPWR,li1,85.3300,35.3600,1.799927
FILLER_9_169,VPWR,li1,83.9500,35.3600,1.799927
FILLER_9_167,VPWR,li1,82.5700,35.3600,1.799927
FILLER_9_94,VPWR,li1,49.2200,35.3600,1.799942
FILLER_9_60,VPWR,li1,33.5800,35.3600,1.799960
FILLER_9_29,VPWR,li1,19.3200,35.3600,1.799975
FILLER_9_26,VPWR,li1,18.1700,35.3600,1.799974
FILLER_9_23,VPWR,li1,16.7900,35.3600,1.799974
FILLER_8_368,VPWR,li1,175.2600,35.3600,1.799991
FILLER_8_365,VPWR,li1,174.1100,35.3600,1.799991
FILLER_8_361,VPWR,li1,172.2700,35.3600,1.799989
FILLER_8_352,VPWR,li1,167.9000,35.3600,1.799986
FILLER_8_322,VPWR,li1,153.8700,35.3600,1.799972
FILLER_8_302,VPWR,li1,144.6700,35.3600,1.799966
FILLER_8_291,VPWR,li1,140.0700,35.3600,1.799961
FILLER_8_284,VPWR,li1,136.6200,35.3600,1.799959
FILLER_8_281,VPWR,li1,135.4700,35.3600,1.799956
FILLER_8_278,VPWR,li1,134.0900,35.3600,1.799956
FILLER_8_275,VPWR,li1,132.7100,35.3600,1.799954
FILLER_8_272,VPWR,li1,131.3300,35.3600,1.799954
FILLER_8_269,VPWR,li1,129.9500,35.3600,1.799952
FILLER_8_259,VPWR,li1,125.3500,35.3600,1.799948
FILLER_8_256,VPWR,li1,123.9700,35.3600,1.799948
FILLER_8_253,VPWR,li1,122.5900,35.3600,1.799946
FILLER_8_249,VPWR,li1,120.7500,35.3600,1.799944
FILLER_8_236,VPWR,li1,114.3100,35.3600,1.799940
FILLER_8_215,VPWR,li1,104.6500,35.3600,1.799934
FILLER_8_212,VPWR,li1,103.7300,35.3600,1.799934
FILLER_8_209,VPWR,li1,102.3500,35.3600,1.799932
FILLER_8_194,VPWR,li1,95.2200,35.3600,1.799928
FILLER_8_191,VPWR,li1,94.0700,35.3600,1.799928
FILLER_8_158,VPWR,li1,78.6600,35.3600,1.799927
FILLER_8_149,VPWR,li1,74.2900,35.3600,1.799928
FILLER_8_97,VPWR,li1,50.8300,35.3600,1.799942
FILLER_8_85,VPWR,li1,44.8500,35.3600,1.799948
FILLER_8_80,VPWR,li1,42.5500,35.3600,1.799950
FILLER_8_77,VPWR,li1,41.6300,35.3600,1.799950
FILLER_8_72,VPWR,li1,39.1000,35.3600,1.799952
FILLER_8_49,VPWR,li1,28.5200,35.3600,1.799966
FILLER_8_32,VPWR,li1,20.9300,35.3600,1.799977
FILLER_8_29,VPWR,li1,19.5500,35.3600,1.799975
FILLER_8_17,VPWR,li1,14.0300,35.3600,1.799973
FILLER_8_14,VPWR,li1,12.6500,35.3600,1.799972
FILLER_8_9,VPWR,li1,10.1200,35.3600,1.799972
FILLER_8_6,VPWR,li1,8.9700,35.3600,1.799972
FILLER_8_3,VPWR,li1,7.5900,35.3600,1.799972
FILLER_7_368,VPWR,li1,175.2600,29.9200,1.799993
FILLER_7_365,VPWR,li1,174.1100,29.9200,1.799991
FILLER_7_362,VPWR,li1,172.7300,29.9200,1.799990
FILLER_7_359,VPWR,li1,171.3500,29.9200,1.799990
FILLER_7_343,VPWR,li1,163.9900,29.9200,1.799985
FILLER_7_340,VPWR,li1,162.6100,29.9200,1.799983
FILLER_7_337,VPWR,li1,161.2300,29.9200,1.799983
FILLER_7_333,VPWR,li1,159.3900,29.9200,1.799981
FILLER_7_324,VPWR,li1,154.7900,29.9200,1.799978
FILLER_7_321,VPWR,li1,153.8700,29.9200,1.799976
FILLER_7_275,VPWR,li1,132.2500,29.9200,1.799961
FILLER_7_272,VPWR,li1,131.3300,29.9200,1.799961
FILLER_7_257,VPWR,li1,124.2000,29.9200,1.799955
FILLER_7_231,VPWR,li1,112.0100,29.9200,1.799948
FILLER_7_214,VPWR,li1,104.1900,29.9200,1.799945
FILLER_7_200,VPWR,li1,97.7500,29.9200,1.799943
FILLER_7_197,VPWR,li1,96.8300,29.9200,1.799943
FILLER_7_194,VPWR,li1,95.4500,29.9200,1.799943
FILLER_7_147,VPWR,li1,73.3700,29.9200,1.799944
FILLER_7_111,VPWR,li1,56.8100,29.9200,1.799947
FILLER_7_108,VPWR,li1,55.8900,29.9200,1.799947
FILLER_7_105,VPWR,li1,54.5100,29.9200,1.799948
FILLER_7_102,VPWR,li1,53.1300,29.9200,1.799948
FILLER_7_81,VPWR,li1,43.0100,29.9200,1.799955
FILLER_7_60,VPWR,li1,33.3500,29.9200,1.799965
FILLER_7_54,VPWR,li1,30.8200,29.9200,1.799968
FILLER_7_47,VPWR,li1,27.3700,29.9200,1.799971
FILLER_7_13,VPWR,li1,11.9600,29.9200,1.799972
FILLER_7_9,VPWR,li1,9.8900,29.9200,1.799972
FILLER_7_6,VPWR,li1,8.9700,29.9200,1.799972
FILLER_6_368,VPWR,li1,175.2600,29.9200,1.799993
FILLER_6_365,VPWR,li1,174.1100,29.9200,1.799991
FILLER_6_362,VPWR,li1,172.5000,29.9200,1.799990
FILLER_6_349,VPWR,li1,166.2900,29.9200,1.799986
FILLER_6_346,VPWR,li1,165.3700,29.9200,1.799985
FILLER_6_343,VPWR,li1,163.9900,29.9200,1.799985
FILLER_6_340,VPWR,li1,162.6100,29.9200,1.799983
FILLER_6_337,VPWR,li1,161.2300,29.9200,1.799983
FILLER_6_334,VPWR,li1,159.8500,29.9200,1.799981
FILLER_6_331,VPWR,li1,158.4700,29.9200,1.799979
FILLER_6_324,VPWR,li1,154.7900,29.9200,1.799978
FILLER_6_321,VPWR,li1,153.8700,29.9200,1.799976
FILLER_6_318,VPWR,li1,152.4900,29.9200,1.799976
FILLER_6_315,VPWR,li1,151.1100,29.9200,1.799974
FILLER_6_312,VPWR,li1,149.7300,29.9200,1.799974
FILLER_6_309,VPWR,li1,148.3500,29.9200,1.799973
FILLER_6_307,VPWR,li1,146.9700,29.9200,1.799971
FILLER_6_283,VPWR,li1,135.9300,29.9200,1.799964
FILLER_6_256,VPWR,li1,123.5100,29.9200,1.799955
FILLER_6_231,VPWR,li1,112.0100,29.9200,1.799948
FILLER_6_192,VPWR,li1,94.0700,29.9200,1.799943
FILLER_6_153,VPWR,li1,76.1300,29.9200,1.799944
FILLER_6_150,VPWR,li1,75.2100,29.9200,1.799944
FILLER_6_138,VPWR,li1,69.4600,29.9200,1.799945
FILLER_6_117,VPWR,li1,59.8000,29.9200,1.799947
FILLER_6_114,VPWR,li1,58.6500,29.9200,1.799947
FILLER_6_85,VPWR,li1,44.8500,29.9200,1.799953
FILLER_6_68,VPWR,li1,37.4900,29.9200,1.799959
FILLER_6_65,VPWR,li1,36.1100,29.9200,1.799962
FILLER_6_52,VPWR,li1,29.9000,29.9200,1.799968
FILLER_6_49,VPWR,li1,28.7500,29.9200,1.799971
FILLER_6_24,VPWR,li1,16.7900,29.9200,1.799974
FILLER_5_367,VPWR,li1,175.0300,24.4800,1.799994
FILLER_5_343,VPWR,li1,163.7600,24.4800,1.799988
FILLER_5_340,VPWR,li1,162.6100,24.4800,1.799987
FILLER_5_337,VPWR,li1,161.2300,24.4800,1.799987
FILLER_5_335,VPWR,li1,159.8500,24.4800,1.799986
FILLER_5_332,VPWR,li1,158.9300,24.4800,1.799986
FILLER_5_329,VPWR,li1,157.5500,24.4800,1.799984
FILLER_5_326,VPWR,li1,156.1700,24.4800,1.799984
FILLER_5_323,VPWR,li1,154.7900,24.4800,1.799982
FILLER_5_313,VPWR,li1,149.7300,24.4800,1.799980
FILLER_5_310,VPWR,li1,148.8100,24.4800,1.799980
FILLER_5_296,VPWR,li1,141.9100,24.4800,1.799976
FILLER_5_293,VPWR,li1,140.9900,24.4800,1.799976
FILLER_5_287,VPWR,li1,138.0000,24.4800,1.799973
FILLER_5_262,VPWR,li1,126.2700,24.4800,1.799967
FILLER_5_240,VPWR,li1,116.3800,24.4800,1.799965
FILLER_5_225,VPWR,li1,109.2500,24.4800,1.799965
FILLER_5_216,VPWR,li1,105.5700,24.4800,1.799965
FILLER_5_213,VPWR,li1,104.1900,24.4800,1.799965
FILLER_5_199,VPWR,li1,97.5200,24.4800,1.799965
FILLER_5_188,VPWR,li1,92.6900,24.4800,1.799965
FILLER_5_185,VPWR,li1,91.3100,24.4800,1.799965
FILLER_5_175,VPWR,li1,86.4800,24.4800,1.799965
FILLER_5_172,VPWR,li1,85.3300,24.4800,1.799965
FILLER_5_169,VPWR,li1,83.9500,24.4800,1.799965
FILLER_5_167,VPWR,li1,82.5700,24.4800,1.799965
FILLER_5_164,VPWR,li1,81.6500,24.4800,1.799965
FILLER_5_155,VPWR,li1,77.5100,24.4800,1.799965
FILLER_5_143,VPWR,li1,71.7600,24.4800,1.799965
FILLER_5_111,VPWR,li1,56.8100,24.4800,1.799966
FILLER_5_91,VPWR,li1,47.6100,24.4800,1.799969
FILLER_5_68,VPWR,li1,37.4900,24.4800,1.799974
FILLER_5_36,VPWR,li1,22.3100,24.4800,1.799985
FILLER_5_3,VPWR,li1,7.3600,24.4800,1.799984
FILLER_4_368,VPWR,li1,175.2600,24.4800,1.799994
FILLER_4_365,VPWR,li1,174.1100,24.4800,1.799993
FILLER_4_361,VPWR,li1,172.2700,24.4800,1.799992
FILLER_4_358,VPWR,li1,170.8900,24.4800,1.799992
FILLER_4_355,VPWR,li1,169.5100,24.4800,1.799991
FILLER_4_352,VPWR,li1,168.1300,24.4800,1.799991
FILLER_4_349,VPWR,li1,166.7500,24.4800,1.799989
FILLER_4_322,VPWR,li1,154.1000,24.4800,1.799982
FILLER_4_307,VPWR,li1,146.9700,24.4800,1.799979
FILLER_4_304,VPWR,li1,146.0500,24.4800,1.799978
FILLER_4_301,VPWR,li1,144.6700,24.4800,1.799977
FILLER_4_298,VPWR,li1,143.2900,24.4800,1.799977
FILLER_4_295,VPWR,li1,141.9100,24.4800,1.799976
FILLER_4_292,VPWR,li1,140.5300,24.4800,1.799975
FILLER_4_289,VPWR,li1,139.1500,24.4800,1.799975
FILLER_4_286,VPWR,li1,137.7700,24.4800,1.799973
FILLER_4_283,VPWR,li1,136.3900,24.4800,1.799973
FILLER_4_280,VPWR,li1,135.0100,24.4800,1.799972
FILLER_4_277,VPWR,li1,133.6300,24.4800,1.799971
FILLER_4_274,VPWR,li1,132.2500,24.4800,1.799971
FILLER_4_271,VPWR,li1,130.8700,24.4800,1.799970
FILLER_4_267,VPWR,li1,128.5700,24.4800,1.799969
FILLER_4_249,VPWR,li1,120.7500,24.4800,1.799965
FILLER_4_246,VPWR,li1,119.3700,24.4800,1.799965
FILLER_4_243,VPWR,li1,117.9900,24.4800,1.799965
FILLER_4_237,VPWR,li1,115.2300,24.4800,1.799965
FILLER_4_234,VPWR,li1,113.8500,24.4800,1.799965
FILLER_4_231,VPWR,li1,112.4700,24.4800,1.799965
FILLER_4_228,VPWR,li1,111.0900,24.4800,1.799965
FILLER_4_223,VPWR,li1,108.3300,24.4800,1.799965
FILLER_4_220,VPWR,li1,107.4100,24.4800,1.799965
FILLER_4_217,VPWR,li1,106.0300,24.4800,1.799965
FILLER_4_214,VPWR,li1,104.6500,24.4800,1.799965
FILLER_4_211,VPWR,li1,103.2700,24.4800,1.799965
FILLER_4_208,VPWR,li1,101.8900,24.4800,1.799965
FILLER_4_205,VPWR,li1,100.5100,24.4800,1.799965
FILLER_4_202,VPWR,li1,99.1300,24.4800,1.799965
FILLER_4_197,VPWR,li1,96.6000,24.4800,1.799965
FILLER_4_193,VPWR,li1,94.9900,24.4800,1.799965
FILLER_4_139,VPWR,li1,69.6900,24.4800,1.799965
FILLER_4_136,VPWR,li1,68.7700,24.4800,1.799965
FILLER_4_119,VPWR,li1,60.7200,24.4800,1.799965
FILLER_4_116,VPWR,li1,59.5700,24.4800,1.799965
FILLER_4_113,VPWR,li1,58.1900,24.4800,1.799965
FILLER_4_96,VPWR,li1,49.9100,24.4800,1.799968
FILLER_4_74,VPWR,li1,40.0200,24.4800,1.799972
FILLER_4_71,VPWR,li1,38.8700,24.4800,1.799972
FILLER_4_36,VPWR,li1,22.5400,24.4800,1.799985
FILLER_4_12,VPWR,li1,11.2700,24.4800,1.799984
FILLER_4_9,VPWR,li1,10.3500,24.4800,1.799984
FILLER_4_6,VPWR,li1,8.9700,24.4800,1.799984
FILLER_4_3,VPWR,li1,7.5900,24.4800,1.799984
FILLER_3_368,VPWR,li1,175.2600,19.0400,1.799987
FILLER_3_335,VPWR,li1,159.8500,19.0400,1.799974
FILLER_3_332,VPWR,li1,158.9300,19.0400,1.799973
FILLER_3_329,VPWR,li1,157.5500,19.0400,1.799973
FILLER_3_326,VPWR,li1,156.1700,19.0400,1.799972
FILLER_3_323,VPWR,li1,154.7900,19.0400,1.799971
FILLER_3_320,VPWR,li1,153.4100,19.0400,1.799971
FILLER_3_317,VPWR,li1,152.0300,19.0400,1.799970
FILLER_3_304,VPWR,li1,145.5900,19.0400,1.799967
FILLER_3_301,VPWR,li1,144.6700,19.0400,1.799967
FILLER_3_284,VPWR,li1,136.8500,19.0400,1.799964
FILLER_3_281,VPWR,li1,135.4700,19.0400,1.799964
FILLER_3_277,VPWR,li1,133.6300,19.0400,1.799963
FILLER_3_252,VPWR,li1,121.6700,19.0400,1.799958
FILLER_3_218,VPWR,li1,106.4900,19.0400,1.799954
FILLER_3_215,VPWR,li1,105.1100,19.0400,1.799955
FILLER_3_212,VPWR,li1,103.7300,19.0400,1.799955
FILLER_3_192,VPWR,li1,94.0700,19.0400,1.799956
FILLER_3_184,VPWR,li1,90.3900,19.0400,1.799957
FILLER_3_176,VPWR,li1,86.9400,19.0400,1.799958
FILLER_3_173,VPWR,li1,85.7900,19.0400,1.799958
FILLER_3_167,VPWR,li1,82.5700,19.0400,1.799958
FILLER_3_159,VPWR,li1,79.1200,19.0400,1.799959
FILLER_3_156,VPWR,li1,77.9700,19.0400,1.799959
FILLER_3_153,VPWR,li1,76.5900,19.0400,1.799959
FILLER_3_140,VPWR,li1,70.1500,19.0400,1.799960
FILLER_3_121,VPWR,li1,61.6400,19.0400,1.799962
FILLER_3_111,VPWR,li1,56.8100,19.0400,1.799964
FILLER_3_108,VPWR,li1,55.8900,19.0400,1.799965
FILLER_3_105,VPWR,li1,54.5100,19.0400,1.799965
FILLER_3_96,VPWR,li1,49.9100,19.0400,1.799967
FILLER_3_81,VPWR,li1,43.0100,19.0400,1.799970
FILLER_3_60,VPWR,li1,33.3500,19.0400,1.799975
FILLER_3_57,VPWR,li1,32.4300,19.0400,1.799977
FILLER_3_54,VPWR,li1,30.8200,19.0400,1.799977
FILLER_3_51,VPWR,li1,29.6700,19.0400,1.799979
FILLER_3_48,VPWR,li1,28.2900,19.0400,1.799979
FILLER_2_368,VPWR,li1,175.2600,19.0400,1.799987
FILLER_2_334,VPWR,li1,159.6200,19.0400,1.799974
FILLER_2_307,VPWR,li1,146.9700,19.0400,1.799968
FILLER_2_304,VPWR,li1,146.0500,19.0400,1.799968
FILLER_2_287,VPWR,li1,138.2300,19.0400,1.799965
FILLER_2_284,VPWR,li1,136.8500,19.0400,1.799964
FILLER_2_281,VPWR,li1,135.4700,19.0400,1.799964
FILLER_2_267,VPWR,li1,128.5700,19.0400,1.799960
FILLER_2_209,VPWR,li1,102.3500,19.0400,1.799955
FILLER_2_185,VPWR,li1,91.3100,19.0400,1.799957
FILLER_2_169,VPWR,li1,83.4900,19.0400,1.799958
FILLER_2_166,VPWR,li1,82.5700,19.0400,1.799958
FILLER_2_163,VPWR,li1,81.1900,19.0400,1.799958
FILLER_2_160,VPWR,li1,79.8100,19.0400,1.799959
FILLER_2_90,VPWR,li1,47.1500,19.0400,1.799969
FILLER_2_83,VPWR,li1,43.9300,19.0400,1.799970
FILLER_2_9,VPWR,li1,10.3500,19.0400,1.799982
FILLER_2_6,VPWR,li1,8.9700,19.0400,1.799982
FILLER_2_3,VPWR,li1,7.5900,19.0400,1.799982
FILLER_1_368,VPWR,li1,175.2600,13.6000,1.799993
FILLER_1_365,VPWR,li1,174.1100,13.6000,1.799991
FILLER_1_362,VPWR,li1,172.7300,13.6000,1.799991
FILLER_1_359,VPWR,li1,171.3500,13.6000,1.799990
FILLER_1_356,VPWR,li1,169.9700,13.6000,1.799989
FILLER_1_353,VPWR,li1,168.5900,13.6000,1.799989
FILLER_1_305,VPWR,li1,146.2800,13.6000,1.799973
FILLER_1_302,VPWR,li1,145.1300,13.6000,1.799973
FILLER_1_299,VPWR,li1,143.7500,13.6000,1.799971
FILLER_1_296,VPWR,li1,142.3700,13.6000,1.799971
FILLER_1_293,VPWR,li1,140.9900,13.6000,1.799969
FILLER_1_290,VPWR,li1,139.6100,13.6000,1.799969
FILLER_1_287,VPWR,li1,138.2300,13.6000,1.799967
FILLER_1_284,VPWR,li1,136.8500,13.6000,1.799967
FILLER_1_281,VPWR,li1,135.4700,13.6000,1.799965
FILLER_1_234,VPWR,li1,113.8500,13.6000,1.799953
FILLER_1_223,VPWR,li1,108.3300,13.6000,1.799951
FILLER_1_213,VPWR,li1,103.9600,13.6000,1.799949
FILLER_1_210,VPWR,li1,102.8100,13.6000,1.799949
FILLER_1_180,VPWR,li1,88.7800,13.6000,1.799945
FILLER_1_166,VPWR,li1,82.3400,13.6000,1.799945
FILLER_1_163,VPWR,li1,81.1900,13.6000,1.799945
FILLER_1_151,VPWR,li1,75.2100,13.6000,1.799945
FILLER_1_127,VPWR,li1,64.4000,13.6000,1.799948
FILLER_1_124,VPWR,li1,63.2500,13.6000,1.799948
FILLER_1_105,VPWR,li1,54.0500,13.6000,1.799950
FILLER_1_27,VPWR,li1,18.1700,13.6000,1.799981
FILLER_1_6,VPWR,li1,8.5100,13.6000,1.799980
FILLER_1_3,VPWR,li1,7.5900,13.6000,1.799980
FILLER_0_368,VPWR,li1,175.2600,13.6000,1.799993
FILLER_0_365,VPWR,li1,174.1100,13.6000,1.799991
FILLER_0_361,VPWR,li1,172.2700,13.6000,1.799990
FILLER_0_358,VPWR,li1,170.8900,13.6000,1.799990
FILLER_0_355,VPWR,li1,169.5100,13.6000,1.799989
FILLER_0_352,VPWR,li1,168.1300,13.6000,1.799987
FILLER_0_349,VPWR,li1,166.7500,13.6000,1.799987
FILLER_0_346,VPWR,li1,165.3700,13.6000,1.799986
FILLER_0_343,VPWR,li1,163.9900,13.6000,1.799986
FILLER_0_340,VPWR,li1,162.6100,13.6000,1.799984
FILLER_0_337,VPWR,li1,161.2300,13.6000,1.799984
FILLER_0_333,VPWR,li1,159.3900,13.6000,1.799982
FILLER_0_330,VPWR,li1,158.0100,13.6000,1.799981
FILLER_0_327,VPWR,li1,156.6300,13.6000,1.799981
FILLER_0_324,VPWR,li1,155.2500,13.6000,1.799979
FILLER_0_321,VPWR,li1,153.8700,13.6000,1.799979
FILLER_0_318,VPWR,li1,152.4900,13.6000,1.799977
FILLER_0_315,VPWR,li1,151.1100,13.6000,1.799976
FILLER_0_312,VPWR,li1,149.7300,13.6000,1.799976
FILLER_0_309,VPWR,li1,148.3500,13.6000,1.799974
FILLER_0_305,VPWR,li1,146.5100,13.6000,1.799973
FILLER_0_302,VPWR,li1,145.1300,13.6000,1.799973
FILLER_0_299,VPWR,li1,143.7500,13.6000,1.799971
FILLER_0_296,VPWR,li1,142.3700,13.6000,1.799971
FILLER_0_293,VPWR,li1,140.9900,13.6000,1.799969
FILLER_0_290,VPWR,li1,139.6100,13.6000,1.799969
FILLER_0_287,VPWR,li1,138.2300,13.6000,1.799967
FILLER_0_284,VPWR,li1,136.8500,13.6000,1.799967
FILLER_0_281,VPWR,li1,135.4700,13.6000,1.799965
FILLER_0_278,VPWR,li1,133.8600,13.6000,1.799964
FILLER_0_275,VPWR,li1,132.7100,13.6000,1.799964
FILLER_0_272,VPWR,li1,131.3300,13.6000,1.799963
FILLER_0_269,VPWR,li1,129.9500,13.6000,1.799961
FILLER_0_266,VPWR,li1,128.5700,13.6000,1.799961
FILLER_0_263,VPWR,li1,127.1900,13.6000,1.799960
FILLER_0_259,VPWR,li1,124.8900,13.6000,1.799958
FILLER_0_256,VPWR,li1,123.9700,13.6000,1.799958
FILLER_0_253,VPWR,li1,122.5900,13.6000,1.799957
FILLER_0_249,VPWR,li1,120.7500,13.6000,1.799955
FILLER_0_246,VPWR,li1,119.3700,13.6000,1.799955
FILLER_0_243,VPWR,li1,117.9900,13.6000,1.799954
FILLER_0_240,VPWR,li1,116.6100,13.6000,1.799954
FILLER_0_237,VPWR,li1,115.2300,13.6000,1.799953
FILLER_0_234,VPWR,li1,113.8500,13.6000,1.799953
FILLER_0_231,VPWR,li1,112.4700,13.6000,1.799952
FILLER_0_228,VPWR,li1,111.0900,13.6000,1.799952
FILLER_0_225,VPWR,li1,109.7100,13.6000,1.799951
FILLER_0_220,VPWR,li1,106.9500,13.6000,1.799950
FILLER_0_211,VPWR,li1,102.8100,13.6000,1.799949
FILLER_0_208,VPWR,li1,101.8900,13.6000,1.799949
FILLER_0_200,VPWR,li1,97.9800,13.6000,1.799947
FILLER_0_187,VPWR,li1,92.2300,13.6000,1.799946
FILLER_0_184,VPWR,li1,90.8500,13.6000,1.799946
FILLER_0_181,VPWR,li1,89.4700,13.6000,1.799946
FILLER_0_178,VPWR,li1,88.0900,13.6000,1.799945
FILLER_0_175,VPWR,li1,86.7100,13.6000,1.799945
FILLER_0_172,VPWR,li1,85.3300,13.6000,1.799945
FILLER_0_169,VPWR,li1,83.9500,13.6000,1.799945
FILLER_0_147,VPWR,li1,73.3700,13.6000,1.799946
FILLER_0_144,VPWR,li1,72.4500,13.6000,1.799946
FILLER_0_141,VPWR,li1,71.0700,13.6000,1.799947
FILLER_0_137,VPWR,li1,69.2300,13.6000,1.799947
FILLER_0_134,VPWR,li1,67.8500,13.6000,1.799947
FILLER_0_131,VPWR,li1,66.4700,13.6000,1.799948
FILLER_0_128,VPWR,li1,65.0900,13.6000,1.799948
FILLER_0_125,VPWR,li1,63.7100,13.6000,1.799948
FILLER_0_122,VPWR,li1,62.3300,13.6000,1.799949
FILLER_0_119,VPWR,li1,60.9500,13.6000,1.799949
FILLER_0_116,VPWR,li1,59.5700,13.6000,1.799949
FILLER_0_113,VPWR,li1,58.1900,13.6000,1.799949
FILLER_0_109,VPWR,li1,56.3500,13.6000,1.799950
FILLER_0_85,VPWR,li1,44.8500,13.6000,1.799957
FILLER_0_73,VPWR,li1,39.7900,13.6000,1.799963
FILLER_0_70,VPWR,li1,38.4100,13.6000,1.799963
FILLER_0_66,VPWR,li1,36.1100,13.6000,1.799965
FILLER_0_63,VPWR,li1,35.1900,13.6000,1.799967
FILLER_0_60,VPWR,li1,33.8100,13.6000,1.799967
FILLER_0_57,VPWR,li1,32.4300,13.6000,1.799970
FILLER_0_53,VPWR,li1,30.5900,13.6000,1.799973
FILLER_0_29,VPWR,li1,19.0900,13.6000,1.799982
FILLER_0_19,VPWR,li1,14.9500,13.6000,1.799980
FILLER_0_15,VPWR,li1,12.6500,13.6000,1.799980
FILLER_0_12,VPWR,li1,11.7300,13.6000,1.799980
FILLER_0_9,VPWR,li1,10.3500,13.6000,1.799980
FILLER_0_6,VPWR,li1,8.9700,13.6000,1.799980
FILLER_0_3,VPWR,li1,7.5900,13.6000,1.799980
ANTENNA_6,VPWR,li1,87.4000,24.4800,1.799965
ANTENNA_5,VPWR,li1,113.1600,73.4400,1.799928
ANTENNA_4,VPWR,li1,89.2400,133.2800,1.799972
ANTENNA_3,VPWR,li1,100.7400,57.1200,1.799825
ANTENNA_2,VPWR,li1,114.0800,51.6800,1.799832
ANTENNA_1,VPWR,li1,91.5400,46.2400,1.799931
hold313,VPWR,li1,9.6600,78.8800,1.799969
hold312,VPWR,li1,173.8800,106.0800,1.799963
hold311,VPWR,li1,51.5200,46.2400,1.799952
hold310,VPWR,li1,25.3000,29.9200,1.799973
hold309,VPWR,li1,49.6800,24.4800,1.799968
hold308,VPWR,li1,36.8000,133.2800,1.799974
hold307,VPWR,li1,42.3200,127.8400,1.799970
hold306,VPWR,li1,33.5800,111.5200,1.799946
hold305,VPWR,li1,53.3600,133.2800,1.799969
hold304,VPWR,li1,59.8000,138.7200,1.799984
hold303,VPWR,li1,59.3400,133.2800,1.799968
hold302,VPWR,li1,63.9400,127.8400,1.799963
hold301,VPWR,li1,75.9000,116.9600,1.799925
hold300,VPWR,li1,147.2000,106.0800,1.799889
hold299,VPWR,li1,66.2400,106.0800,1.799912
hold298,VPWR,li1,75.4400,106.0800,1.799908
hold297,VPWR,li1,64.8600,84.3200,1.799948
hold296,VPWR,li1,91.5400,29.9200,1.799942
hold295,VPWR,li1,78.2000,29.9200,1.799943
hold294,VPWR,li1,67.6200,35.3600,1.799930
hold293,VPWR,li1,71.3000,35.3600,1.799929
hold292,VPWR,li1,72.2200,35.3600,1.799928
hold291,VPWR,li1,68.0800,62.5600,1.799811
hold290,VPWR,li1,73.1400,73.4400,1.799920
hold289,VPWR,li1,67.1600,100.6400,1.799842
hold288,VPWR,li1,172.0400,160.4800,1.799997
hold287,VPWR,li1,48.3000,95.2000,1.799952
hold286,VPWR,li1,47.8400,46.2400,1.799955
hold285,VPWR,li1,88.7800,24.4800,1.799965
hold284,VPWR,li1,95.2200,24.4800,1.799965
hold283,VPWR,li1,123.7400,24.4800,1.799966
hold282,VPWR,li1,62.1000,29.9200,1.799947
hold281,VPWR,li1,63.9400,29.9200,1.799946
hold280,VPWR,li1,67.1600,29.9200,1.799945
hold279,VPWR,li1,39.1000,35.3600,1.799952
hold278,VPWR,li1,20.2400,24.4800,1.799987
hold277,VPWR,li1,117.3000,84.3200,1.799956
hold276,VPWR,li1,37.2600,51.6800,1.799899
hold275,VPWR,li1,48.7600,46.2400,1.799955
hold274,VPWR,li1,35.4200,68.0000,1.799895
hold273,VPWR,li1,20.7000,19.0400,1.799985
hold272,VPWR,li1,167.9000,116.9600,1.799972
hold271,VPWR,li1,171.1200,111.5200,1.799959
hold270,VPWR,li1,169.2800,149.6000,1.799996
hold269,VPWR,li1,173.8800,149.6000,1.799997
hold268,VPWR,li1,146.2800,111.5200,1.799899
hold267,VPWR,li1,67.1600,78.8800,1.799929
hold266,VPWR,li1,75.4400,78.8800,1.799929
hold265,VPWR,li1,72.2200,95.2000,1.799951
hold264,VPWR,li1,75.9000,89.7600,1.799920
hold263,VPWR,li1,171.1200,133.2800,1.799993
hold262,VPWR,li1,41.8600,89.7600,1.799921
hold261,VPWR,li1,42.3200,89.7600,1.799921
hold260,VPWR,li1,169.7400,138.7200,1.799992
hold259,VPWR,li1,173.8800,138.7200,1.799995
hold258,VPWR,li1,126.9600,100.6400,1.799902
hold257,VPWR,li1,79.1200,100.6400,1.799854
hold256,VPWR,li1,118.6800,89.7600,1.799930
hold255,VPWR,li1,123.7400,89.7600,1.799931
hold254,VPWR,li1,68.0800,73.4400,1.799919
hold253,VPWR,li1,73.1400,73.4400,1.799920
hold252,VPWR,li1,143.0600,160.4800,1.799995
hold251,VPWR,li1,173.8800,122.4000,1.799949
hold250,VPWR,li1,24.8400,111.5200,1.799970
hold249,VPWR,li1,37.2600,46.2400,1.799964
hold248,VPWR,li1,119.6000,100.6400,1.799893
hold247,VPWR,li1,85.1000,95.2000,1.799951
hold246,VPWR,li1,17.0200,116.9600,1.799975
hold245,VPWR,li1,113.6200,84.3200,1.799955
hold244,VPWR,li1,76.3600,89.7600,1.799920
hold243,VPWR,li1,47.3800,78.8800,1.799945
hold242,VPWR,li1,54.7400,73.4400,1.799923
hold241,VPWR,li1,63.9400,19.0400,1.799961
hold240,VPWR,li1,72.2200,19.0400,1.799960
hold239,VPWR,li1,164.6800,149.6000,1.799995
hold238,VPWR,li1,172.5000,155.0400,1.799994
hold237,VPWR,li1,24.3800,57.1200,1.799917
hold236,VPWR,li1,28.0600,51.6800,1.799930
hold235,VPWR,li1,8.7400,46.2400,1.799980
hold234,VPWR,li1,16.5600,46.2400,1.799981
hold233,VPWR,li1,125.1200,165.9200,1.799979
hold232,VPWR,li1,129.7200,160.4800,1.799996
hold231,VPWR,li1,25.3000,62.5600,1.799947
hold230,VPWR,li1,20.7000,57.1200,1.799939
hold229,VPWR,li1,20.2400,13.6000,1.799982
hold228,VPWR,li1,16.5600,19.0400,1.799984
hold227,VPWR,li1,40.9400,51.6800,1.799892
hold226,VPWR,li1,29.4400,62.5600,1.799929
hold225,VPWR,li1,115.9200,40.8000,1.799943
hold224,VPWR,li1,122.8200,35.3600,1.799946
hold223,VPWR,li1,36.8000,35.3600,1.799956
hold222,VPWR,li1,32.2000,29.9200,1.799965
hold221,VPWR,li1,46.9200,13.6000,1.799955
hold220,VPWR,li1,59.3400,13.6000,1.799949
hold219,VPWR,li1,40.4800,57.1200,1.799832
hold218,VPWR,li1,33.5800,57.1200,1.799865
hold217,VPWR,li1,62.5600,116.9600,1.799924
hold216,VPWR,li1,67.6200,116.9600,1.799924
hold215,VPWR,li1,55.6600,24.4800,1.799966
hold214,VPWR,li1,59.3400,19.0400,1.799963
hold213,VPWR,li1,149.9600,111.5200,1.799908
hold212,VPWR,li1,149.9600,111.5200,1.799908
hold211,VPWR,li1,140.3000,122.4000,1.799824
hold210,VPWR,li1,106.7200,40.8000,1.799935
hold209,VPWR,li1,111.7800,40.8000,1.799938
hold208,VPWR,li1,149.5000,138.7200,1.799982
hold207,VPWR,li1,136.1600,155.0400,1.799981
hold206,VPWR,li1,139.3800,160.4800,1.799996
hold205,VPWR,li1,137.0800,149.6000,1.799990
hold204,VPWR,li1,140.7600,149.6000,1.799990
hold203,VPWR,li1,126.0400,155.0400,1.799982
hold202,VPWR,li1,132.4800,155.0400,1.799981
hold201,VPWR,li1,143.0600,127.8400,1.799976
hold200,VPWR,li1,46.9200,35.3600,1.799944
hold199,VPWR,li1,51.5200,35.3600,1.799940
hold198,VPWR,li1,45.0800,46.2400,1.799958
hold197,VPWR,li1,33.1200,35.3600,1.799960
hold196,VPWR,li1,77.2800,13.6000,1.799945
hold195,VPWR,li1,85.1000,13.6000,1.799945
hold194,VPWR,li1,168.3600,100.6400,1.799967
hold193,VPWR,li1,172.5000,100.6400,1.799976
hold192,VPWR,li1,76.3600,35.3600,1.799927
hold191,VPWR,li1,80.9600,35.3600,1.799927
hold190,VPWR,li1,110.8600,19.0400,1.799955
hold189,VPWR,li1,106.2600,13.6000,1.799950
hold188,VPWR,li1,105.3400,62.5600,1.799812
hold187,VPWR,li1,123.7400,73.4400,1.799936
hold186,VPWR,li1,115.9200,62.5600,1.799836
hold185,VPWR,li1,17.0200,111.5200,1.799975
hold184,VPWR,li1,23.0000,13.6000,1.799983
hold183,VPWR,li1,26.6800,13.6000,1.799976
hold182,VPWR,li1,26.2200,19.0400,1.799981
hold181,VPWR,li1,23.4600,35.3600,1.799973
hold180,VPWR,li1,27.6000,35.3600,1.799969
hold179,VPWR,li1,32.2000,40.8000,1.799959
hold178,VPWR,li1,40.9400,46.2400,1.799961
hold177,VPWR,li1,42.3200,46.2400,1.799960
hold176,VPWR,li1,141.2200,68.0000,1.799831
hold175,VPWR,li1,33.5800,127.8400,1.799976
hold174,VPWR,li1,112.2400,62.5600,1.799827
hold173,VPWR,li1,65.7800,51.6800,1.799818
hold172,VPWR,li1,77.7400,73.4400,1.799921
hold171,VPWR,li1,82.3400,73.4400,1.799921
hold170,VPWR,li1,132.4800,95.2000,1.799957
hold169,VPWR,li1,139.3800,95.2000,1.799961
hold168,VPWR,li1,33.5800,46.2400,1.799967
hold167,VPWR,li1,12.8800,133.2800,1.799984
hold166,VPWR,li1,17.0200,133.2800,1.799985
hold165,VPWR,li1,103.9600,62.5600,1.799807
hold164,VPWR,li1,101.6600,68.0000,1.799738
hold163,VPWR,li1,46.9200,29.9200,1.799951
hold162,VPWR,li1,28.0600,122.4000,1.799944
hold161,VPWR,li1,60.7200,40.8000,1.799929
hold160,VPWR,li1,64.4000,40.8000,1.799928
hold159,VPWR,li1,80.9600,40.8000,1.799925
hold158,VPWR,li1,89.7000,46.2400,1.799931
hold157,VPWR,li1,119.1400,73.4400,1.799932
hold156,VPWR,li1,113.1600,68.0000,1.799747
hold155,VPWR,li1,61.1800,57.1200,1.799806
hold154,VPWR,li1,64.8600,57.1200,1.799805
hold153,VPWR,li1,37.7200,122.4000,1.799917
hold152,VPWR,li1,125.5800,46.2400,1.799941
hold151,VPWR,li1,39.5600,78.8800,1.799952
hold150,VPWR,li1,144.9000,133.2800,1.799981
hold149,VPWR,li1,152.7200,133.2800,1.799985
hold148,VPWR,li1,26.6800,133.2800,1.799982
hold147,VPWR,li1,32.6600,127.8400,1.799976
hold146,VPWR,li1,91.0800,57.1200,1.799815
hold145,VPWR,li1,87.8600,62.5600,1.799797
hold144,VPWR,li1,115.4600,73.4400,1.799929
hold143,VPWR,li1,134.7800,84.3200,1.799962
hold142,VPWR,li1,25.7600,24.4800,1.799982
hold141,VPWR,li1,33.5800,24.4800,1.799976
hold140,VPWR,li1,36.8000,19.0400,1.799973
hold139,VPWR,li1,42.3200,24.4800,1.799970
hold138,VPWR,li1,149.5000,116.9600,1.799946
hold137,VPWR,li1,155.0200,116.9600,1.799955
hold136,VPWR,li1,149.5000,127.8400,1.799979
hold135,VPWR,li1,149.9600,127.8400,1.799979
hold134,VPWR,li1,99.8200,29.9200,1.799943
hold133,VPWR,li1,107.1800,29.9200,1.799946
hold132,VPWR,li1,87.8600,29.9200,1.799942
hold131,VPWR,li1,92.4600,40.8000,1.799927
hold130,VPWR,li1,136.6200,160.4800,1.799996
hold129,VPWR,li1,137.0800,165.9200,1.799981
hold128,VPWR,li1,110.8600,73.4400,1.799927
hold127,VPWR,li1,145.8200,149.6000,1.799991
hold126,VPWR,li1,149.5000,155.0400,1.799983
hold125,VPWR,li1,144.9000,144.1600,1.799988
hold124,VPWR,li1,149.5000,144.1600,1.799989
hold123,VPWR,li1,129.2600,73.4400,1.799940
hold122,VPWR,li1,153.1800,95.2000,1.799971
hold121,VPWR,li1,84.1800,62.5600,1.799798
hold120,VPWR,li1,90.6200,51.6800,1.799821
hold119,VPWR,li1,131.1000,84.3200,1.799961
hold118,VPWR,li1,78.6600,84.3200,1.799950
hold117,VPWR,li1,21.1600,116.9600,1.799977
hold116,VPWR,li1,29.4400,116.9600,1.799961
hold115,VPWR,li1,127.4200,62.5600,1.799861
hold114,VPWR,li1,132.9400,73.4400,1.799944
hold113,VPWR,li1,141.6800,73.4400,1.799953
hold112,VPWR,li1,140.3000,78.8800,1.799947
hold111,VPWR,li1,81.4200,51.6800,1.799819
hold110,VPWR,li1,85.1000,40.8000,1.799925
hold109,VPWR,li1,156.8600,95.2000,1.799973
hold108,VPWR,li1,143.5200,100.6400,1.799925
hold107,VPWR,li1,20.2400,73.4400,1.799965
hold106,VPWR,li1,139.8400,100.6400,1.799918
hold105,VPWR,li1,87.8600,106.0800,1.799903
hold104,VPWR,li1,29.9000,19.0400,1.799979
hold103,VPWR,li1,42.7800,13.6000,1.799959
hold102,VPWR,li1,155.4800,89.7600,1.799958
hold101,VPWR,li1,149.5000,95.2000,1.799967
hold100,VPWR,li1,19.7800,84.3200,1.799979
hold99,VPWR,li1,136.6200,78.8800,1.799943
hold98,VPWR,li1,127.8800,89.7600,1.799934
hold97,VPWR,li1,55.2000,35.3600,1.799936
hold96,VPWR,li1,65.7800,40.8000,1.799928
hold95,VPWR,li1,41.4000,73.4400,1.799933
hold94,VPWR,li1,123.7400,95.2000,1.799953
hold93,VPWR,li1,119.6000,95.2000,1.799952
hold92,VPWR,li1,29.4400,89.7600,1.799939
hold91,VPWR,li1,28.0600,68.0000,1.799922
hold90,VPWR,li1,28.0600,73.4400,1.799949
hold89,VPWR,li1,101.2000,35.3600,1.799932
hold88,VPWR,li1,104.8800,35.3600,1.799934
hold87,VPWR,li1,16.1000,95.2000,1.799969
hold86,VPWR,li1,12.8800,89.7600,1.799957
hold85,VPWR,li1,75.4400,46.2400,1.799936
hold84,VPWR,li1,73.1400,46.2400,1.799938
hold83,VPWR,li1,24.3800,68.0000,1.799939
hold82,VPWR,li1,23.9200,40.8000,1.799970
hold81,VPWR,li1,33.5800,84.3200,1.799965
hold80,VPWR,li1,27.1400,78.8800,1.799965
hold79,VPWR,li1,12.4200,95.2000,1.799966
hold78,VPWR,li1,16.5600,89.7600,1.799959
hold77,VPWR,li1,41.8600,95.2000,1.799954
hold76,VPWR,li1,27.1400,100.6400,1.799921
hold75,VPWR,li1,114.0800,29.9200,1.799949
hold74,VPWR,li1,121.9000,29.9200,1.799954
hold73,VPWR,li1,111.3200,51.6800,1.799831
hold72,VPWR,li1,61.6400,84.3200,1.799948
hold71,VPWR,li1,62.1000,78.8800,1.799931
hold70,VPWR,li1,93.8400,19.0400,1.799956
hold69,VPWR,li1,100.2800,13.6000,1.799948
hold68,VPWR,li1,145.3600,84.3200,1.799969
hold67,VPWR,li1,149.0400,84.3200,1.799970
hold66,VPWR,li1,123.7400,19.0400,1.799959
hold65,VPWR,li1,123.7400,19.0400,1.799959
hold64,VPWR,li1,33.5800,106.0800,1.799952
hold63,VPWR,li1,28.5200,106.0800,1.799959
hold62,VPWR,li1,49.6800,106.0800,1.799927
hold61,VPWR,li1,55.2000,95.2000,1.799951
hold60,VPWR,li1,68.5400,73.4400,1.799919
hold59,VPWR,li1,63.9400,73.4400,1.799919
hold58,VPWR,li1,49.6800,111.5200,1.799919
hold57,VPWR,li1,54.7400,111.5200,1.799910
hold56,VPWR,li1,42.3200,111.5200,1.799928
hold55,VPWR,li1,47.8400,116.9600,1.799936
hold54,VPWR,li1,53.3600,84.3200,1.799949
hold53,VPWR,li1,59.3400,84.3200,1.799948
hold52,VPWR,li1,46.4600,89.7600,1.799919
hold51,VPWR,li1,53.8200,89.7600,1.799917
hold50,VPWR,li1,46.4600,127.8400,1.799967
hold49,VPWR,li1,50.1400,127.8400,1.799966
hold48,VPWR,li1,98.4400,46.2400,1.799929
hold47,VPWR,li1,63.4800,111.5200,1.799904
hold46,VPWR,li1,59.3400,106.0800,1.799917
hold45,VPWR,li1,59.8000,127.8400,1.799963
hold44,VPWR,li1,64.8600,127.8400,1.799963
hold43,VPWR,li1,121.9000,46.2400,1.799938
hold42,VPWR,li1,51.5200,122.4000,1.799884
hold41,VPWR,li1,55.2000,122.4000,1.799879
hold40,VPWR,li1,38.6400,122.4000,1.799917
hold39,VPWR,li1,42.7800,116.9600,1.799941
hold38,VPWR,li1,60.2600,100.6400,1.799836
hold37,VPWR,li1,65.3200,100.6400,1.799840
hold36,VPWR,li1,51.0600,68.0000,1.799840
hold35,VPWR,li1,53.3600,68.0000,1.799830
hold34,VPWR,li1,55.2000,68.0000,1.799823
hold33,VPWR,li1,62.5600,68.0000,1.799801
hold32,VPWR,li1,109.0200,51.6800,1.799830
hold31,VPWR,li1,62.1000,51.6800,1.799829
hold30,VPWR,li1,68.5400,46.2400,1.799940
hold29,VPWR,li1,105.3400,57.1200,1.799831
hold28,VPWR,li1,99.8200,51.6800,1.799824
hold27,VPWR,li1,11.0400,73.4400,1.799959
hold26,VPWR,li1,17.9400,68.0000,1.799952
hold25,VPWR,li1,16.5600,40.8000,1.799970
hold24,VPWR,li1,16.5600,35.3600,1.799974
hold23,VPWR,li1,9.6600,68.0000,1.799950
hold22,VPWR,li1,48.3000,40.8000,1.799938
rebuffer21,VPWR,li1,158.0100,78.8800,1.799967
rebuffer20,VPWR,li1,153.8700,84.3200,1.799975
rebuffer19,VPWR,li1,148.8100,68.0000,1.799861
rebuffer18,VPWR,li1,149.2700,84.3200,1.799972
rebuffer17,VPWR,li1,153.4100,73.4400,1.799966
rebuffer16,VPWR,li1,151.3400,73.4400,1.799964
split15,VPWR,li1,158.4700,100.6400,1.799949
rebuffer14,VPWR,li1,147.4300,62.5600,1.799912
rebuffer13,VPWR,li1,145.3600,78.8800,1.799953
rebuffer12,VPWR,li1,149.9600,78.8800,1.799959
rebuffer11,VPWR,li1,150.1900,78.8800,1.799959
rebuffer10,VPWR,li1,132.7100,68.0000,1.799799
rebuffer9,VPWR,li1,139.6100,73.4400,1.799951
rebuffer8,VPWR,li1,146.0500,68.0000,1.799850
rebuffer7,VPWR,li1,146.9700,78.8800,1.799953
rebuffer6,VPWR,li1,136.3900,73.4400,1.799946
rebuffer5,VPWR,li1,143.7500,78.8800,1.799951
rebuffer4,VPWR,li1,132.4800,51.6800,1.799874
split3,VPWR,li1,159.6200,100.6400,1.799953
rebuffer2,VPWR,li1,174.3400,35.3600,1.799991
rebuffer1,VPWR,li1,163.5300,51.6800,1.799950
clkload14,VPWR,li1,142.8300,116.9600,1.799940
clkload13,VPWR,li1,138.2300,106.0800,1.799881
clkload12,VPWR,li1,136.8500,116.9600,1.799936
clkload11,VPWR,li1,132.9400,111.5200,1.799868
clkload10,VPWR,li1,124.8900,68.0000,1.799771
clkload9,VPWR,li1,116.1500,57.1200,1.799849
clkload8,VPWR,li1,95.6800,68.0000,1.799735
clkload7,VPWR,li1,100.0500,62.5600,1.799798
clkload6,VPWR,li1,41.6300,106.0800,1.799938
clkload5,VPWR,li1,54.5100,106.0800,1.799922
clkload4,VPWR,li1,36.1100,100.6400,1.799873
clkload3,VPWR,li1,36.1100,95.2000,1.799958
clkload2,VPWR,li1,73.3700,57.1200,1.799803
clkload1,VPWR,li1,64.6300,62.5600,1.799820
clkload0,VPWR,li1,46.6900,57.1200,1.799815
clkbuf_4_15_0_clk,VPWR,li1,141.4500,122.4000,1.799824
clkbuf_4_14_0_clk,VPWR,li1,143.7500,106.0800,1.799882
clkbuf_4_13_0_clk,VPWR,li1,136.3900,122.4000,1.799818
clkbuf_4_12_0_clk,VPWR,li1,131.7900,111.5200,1.799868
clkbuf_4_11_0_clk,VPWR,li1,118.9100,68.0000,1.799753
clkbuf_4_10_0_clk,VPWR,li1,115.6900,51.6800,1.799833
clkbuf_4_9_0_clk,VPWR,li1,93.1500,68.0000,1.799734
clkbuf_4_8_0_clk,VPWR,li1,99.5900,62.5600,1.799798
clkbuf_4_7_0_clk,VPWR,li1,41.6300,106.0800,1.799938
clkbuf_4_6_0_clk,VPWR,li1,54.0500,100.6400,1.799831
clkbuf_4_5_0_clk,VPWR,li1,41.6300,100.6400,1.799852
clkbuf_4_4_0_clk,VPWR,li1,35.6500,89.7600,1.799923
clkbuf_4_3_0_clk,VPWR,li1,72.9100,62.5600,1.799800
clkbuf_4_2_0_clk,VPWR,li1,67.3900,51.6800,1.799818
clkbuf_4_1_0_clk,VPWR,li1,39.3300,57.1200,1.799832
clkbuf_4_0_0_clk,VPWR,li1,44.3900,57.1200,1.799819
clkbuf_0_clk,VPWR,li1,91.5400,89.7600,1.799923
load_slew5,VPWR,li1,121.4400,24.4800,1.799965
output4,VPWR,li1,51.5200,13.6000,1.799951
input3,VPWR,li1,7.5900,29.9200,1.799972
input2,VPWR,li1,168.3600,19.0400,1.799978
input1,VPWR,li1,7.5900,84.3200,1.799975
TAP_TAPCELL_ROW_62_547,VPWR,li1,173.1900,181.9330,1.800000
TAP_TAPCELL_ROW_62_546,VPWR,li1,160.3100,181.9330,1.800000
TAP_TAPCELL_ROW_62_545,VPWR,li1,147.4300,181.9330,1.800000
TAP_TAPCELL_ROW_62_544,VPWR,li1,134.5500,181.9330,1.800000
TAP_TAPCELL_ROW_62_543,VPWR,li1,121.6700,181.9330,1.800000
TAP_TAPCELL_ROW_62_542,VPWR,li1,108.7900,181.9330,1.800000
TAP_TAPCELL_ROW_62_541,VPWR,li1,95.9100,181.9330,1.800000
TAP_TAPCELL_ROW_62_540,VPWR,li1,83.0300,181.9330,1.800000
TAP_TAPCELL_ROW_62_539,VPWR,li1,70.1500,181.9330,1.800000
TAP_TAPCELL_ROW_62_538,VPWR,li1,57.2700,181.9330,1.800000
TAP_TAPCELL_ROW_62_537,VPWR,li1,44.3900,181.9330,1.800000
TAP_TAPCELL_ROW_62_536,VPWR,li1,31.5100,181.9330,1.800000
TAP_TAPCELL_ROW_62_535,VPWR,li1,18.6300,181.9330,1.800000
TAP_TAPCELL_ROW_61_534,VPWR,li1,160.3100,177.1060,1.800000
TAP_TAPCELL_ROW_61_533,VPWR,li1,134.5500,177.1060,1.800000
TAP_TAPCELL_ROW_61_532,VPWR,li1,108.7900,177.1060,1.800000
TAP_TAPCELL_ROW_61_531,VPWR,li1,83.0300,177.1060,1.800000
TAP_TAPCELL_ROW_61_530,VPWR,li1,57.2700,177.1060,1.800000
TAP_TAPCELL_ROW_61_529,VPWR,li1,31.5100,177.1060,1.800000
TAP_TAPCELL_ROW_60_528,VPWR,li1,173.1900,176.4930,1.800000
TAP_TAPCELL_ROW_60_527,VPWR,li1,147.4300,176.4930,1.800000
TAP_TAPCELL_ROW_60_526,VPWR,li1,121.6700,176.4930,1.800000
TAP_TAPCELL_ROW_60_525,VPWR,li1,95.9100,176.4930,1.800000
TAP_TAPCELL_ROW_60_524,VPWR,li1,70.1500,176.4930,1.800000
TAP_TAPCELL_ROW_60_523,VPWR,li1,44.3900,176.4930,1.800000
TAP_TAPCELL_ROW_60_522,VPWR,li1,18.6300,176.4930,1.800000
TAP_TAPCELL_ROW_59_521,VPWR,li1,160.3100,171.6660,1.800000
TAP_TAPCELL_ROW_59_520,VPWR,li1,134.5500,171.6660,1.800000
TAP_TAPCELL_ROW_59_519,VPWR,li1,108.7900,171.6660,1.800000
TAP_TAPCELL_ROW_59_518,VPWR,li1,83.0300,171.6660,1.800000
TAP_TAPCELL_ROW_59_517,VPWR,li1,57.2700,171.6660,1.800000
TAP_TAPCELL_ROW_59_516,VPWR,li1,31.5100,171.6660,1.800000
TAP_TAPCELL_ROW_58_515,VPWR,li1,173.1900,171.0530,1.800000
TAP_TAPCELL_ROW_58_514,VPWR,li1,147.4300,171.0530,1.800000
TAP_TAPCELL_ROW_58_513,VPWR,li1,121.6700,171.0530,1.800000
TAP_TAPCELL_ROW_58_512,VPWR,li1,95.9100,171.0530,1.800000
TAP_TAPCELL_ROW_58_511,VPWR,li1,70.1500,171.0530,1.800000
TAP_TAPCELL_ROW_58_510,VPWR,li1,44.3900,171.0530,1.800000
TAP_TAPCELL_ROW_58_509,VPWR,li1,18.6300,171.0530,1.800000
TAP_TAPCELL_ROW_57_508,VPWR,li1,160.3100,166.2260,1.799990
TAP_TAPCELL_ROW_57_507,VPWR,li1,134.5500,166.2260,1.799980
TAP_TAPCELL_ROW_57_506,VPWR,li1,108.7900,166.2260,1.799982
TAP_TAPCELL_ROW_57_505,VPWR,li1,83.0300,166.2260,1.799987
TAP_TAPCELL_ROW_57_504,VPWR,li1,57.2700,166.2260,1.799992
TAP_TAPCELL_ROW_57_503,VPWR,li1,31.5100,166.2260,1.799997
TAP_TAPCELL_ROW_56_502,VPWR,li1,173.1900,165.6130,1.799995
TAP_TAPCELL_ROW_56_501,VPWR,li1,147.4300,165.6130,1.799984
TAP_TAPCELL_ROW_56_500,VPWR,li1,121.6700,165.6130,1.799980
TAP_TAPCELL_ROW_56_499,VPWR,li1,95.9100,165.6130,1.799985
TAP_TAPCELL_ROW_56_498,VPWR,li1,70.1500,165.6130,1.799989
TAP_TAPCELL_ROW_56_497,VPWR,li1,44.3900,165.6130,1.799994
TAP_TAPCELL_ROW_56_496,VPWR,li1,18.6300,165.6130,1.799998
TAP_TAPCELL_ROW_55_495,VPWR,li1,160.3100,160.7860,1.799995
TAP_TAPCELL_ROW_55_494,VPWR,li1,134.5500,160.7860,1.799996
TAP_TAPCELL_ROW_55_493,VPWR,li1,108.7900,160.7860,1.799996
TAP_TAPCELL_ROW_55_492,VPWR,li1,83.0300,160.7860,1.799997
TAP_TAPCELL_ROW_55_491,VPWR,li1,57.2700,160.7860,1.799998
TAP_TAPCELL_ROW_55_490,VPWR,li1,31.5100,160.7860,1.799999
TAP_TAPCELL_ROW_54_489,VPWR,li1,173.1900,160.1730,1.799997
TAP_TAPCELL_ROW_54_488,VPWR,li1,147.4300,160.1730,1.799995
TAP_TAPCELL_ROW_54_487,VPWR,li1,121.6700,160.1730,1.799996
TAP_TAPCELL_ROW_54_486,VPWR,li1,95.9100,160.1730,1.799997
TAP_TAPCELL_ROW_54_485,VPWR,li1,70.1500,160.1730,1.799998
TAP_TAPCELL_ROW_54_484,VPWR,li1,44.3900,160.1730,1.799999
TAP_TAPCELL_ROW_54_483,VPWR,li1,18.6300,160.1730,1.800000
TAP_TAPCELL_ROW_53_482,VPWR,li1,160.3100,155.3460,1.799989
TAP_TAPCELL_ROW_53_481,VPWR,li1,134.5500,155.3460,1.799981
TAP_TAPCELL_ROW_53_480,VPWR,li1,108.7900,155.3460,1.799985
TAP_TAPCELL_ROW_53_479,VPWR,li1,83.0300,155.3460,1.799989
TAP_TAPCELL_ROW_53_478,VPWR,li1,57.2700,155.3460,1.799993
TAP_TAPCELL_ROW_53_477,VPWR,li1,31.5100,155.3460,1.799997
TAP_TAPCELL_ROW_52_476,VPWR,li1,173.1900,154.7330,1.799994
TAP_TAPCELL_ROW_52_475,VPWR,li1,147.4300,154.7330,1.799982
TAP_TAPCELL_ROW_52_474,VPWR,li1,121.6700,154.7330,1.799983
TAP_TAPCELL_ROW_52_473,VPWR,li1,95.9100,154.7330,1.799987
TAP_TAPCELL_ROW_52_472,VPWR,li1,70.1500,154.7330,1.799991
TAP_TAPCELL_ROW_52_471,VPWR,li1,44.3900,154.7330,1.799995
TAP_TAPCELL_ROW_52_470,VPWR,li1,18.6300,154.7330,1.799998
TAP_TAPCELL_ROW_51_469,VPWR,li1,160.3100,149.9060,1.799994
TAP_TAPCELL_ROW_51_468,VPWR,li1,134.5500,149.9060,1.799990
TAP_TAPCELL_ROW_51_467,VPWR,li1,108.7900,149.9060,1.799992
TAP_TAPCELL_ROW_51_466,VPWR,li1,83.0300,149.9060,1.799994
TAP_TAPCELL_ROW_51_465,VPWR,li1,57.2700,149.9060,1.799996
TAP_TAPCELL_ROW_51_464,VPWR,li1,31.5100,149.9060,1.799998
TAP_TAPCELL_ROW_50_463,VPWR,li1,173.1900,149.2930,1.799997
TAP_TAPCELL_ROW_50_462,VPWR,li1,147.4300,149.2930,1.799991
TAP_TAPCELL_ROW_50_461,VPWR,li1,121.6700,149.2930,1.799991
TAP_TAPCELL_ROW_50_460,VPWR,li1,95.9100,149.2930,1.799993
TAP_TAPCELL_ROW_50_459,VPWR,li1,70.1500,149.2930,1.799995
TAP_TAPCELL_ROW_50_458,VPWR,li1,44.3900,149.2930,1.799997
TAP_TAPCELL_ROW_50_457,VPWR,li1,18.6300,149.2930,1.799999
TAP_TAPCELL_ROW_49_456,VPWR,li1,160.3100,144.4660,1.799991
TAP_TAPCELL_ROW_49_455,VPWR,li1,134.5500,144.4660,1.799987
TAP_TAPCELL_ROW_49_454,VPWR,li1,108.7900,144.4660,1.799990
TAP_TAPCELL_ROW_49_453,VPWR,li1,83.0300,144.4660,1.799992
TAP_TAPCELL_ROW_49_452,VPWR,li1,57.2700,144.4660,1.799995
TAP_TAPCELL_ROW_49_451,VPWR,li1,31.5100,144.4660,1.799998
TAP_TAPCELL_ROW_48_450,VPWR,li1,173.1900,143.8530,1.799994
TAP_TAPCELL_ROW_48_449,VPWR,li1,147.4300,143.8530,1.799988
TAP_TAPCELL_ROW_48_448,VPWR,li1,121.6700,143.8530,1.799988
TAP_TAPCELL_ROW_48_447,VPWR,li1,95.9100,143.8530,1.799991
TAP_TAPCELL_ROW_48_446,VPWR,li1,70.1500,143.8530,1.799994
TAP_TAPCELL_ROW_48_445,VPWR,li1,44.3900,143.8530,1.799996
TAP_TAPCELL_ROW_48_444,VPWR,li1,18.6300,143.8530,1.799999
TAP_TAPCELL_ROW_47_443,VPWR,li1,160.3100,139.0260,1.799987
TAP_TAPCELL_ROW_47_442,VPWR,li1,134.5500,139.0260,1.799979
TAP_TAPCELL_ROW_47_441,VPWR,li1,108.7900,139.0260,1.799981
TAP_TAPCELL_ROW_47_440,VPWR,li1,83.0300,139.0260,1.799982
TAP_TAPCELL_ROW_47_439,VPWR,li1,57.2700,139.0260,1.799984
TAP_TAPCELL_ROW_47_438,VPWR,li1,31.5100,139.0260,1.799992
TAP_TAPCELL_ROW_46_437,VPWR,li1,173.1900,138.4130,1.799994
TAP_TAPCELL_ROW_46_436,VPWR,li1,147.4300,138.4130,1.799980
TAP_TAPCELL_ROW_46_435,VPWR,li1,121.6700,138.4130,1.799980
TAP_TAPCELL_ROW_46_434,VPWR,li1,95.9100,138.4130,1.799982
TAP_TAPCELL_ROW_46_433,VPWR,li1,70.1500,138.4130,1.799983
TAP_TAPCELL_ROW_46_432,VPWR,li1,44.3900,138.4130,1.799987
TAP_TAPCELL_ROW_46_431,VPWR,li1,18.6300,138.4130,1.799996
TAP_TAPCELL_ROW_45_430,VPWR,li1,160.3100,133.5860,1.799988
TAP_TAPCELL_ROW_45_429,VPWR,li1,134.5500,133.5860,1.799979
TAP_TAPCELL_ROW_45_428,VPWR,li1,108.7900,133.5860,1.799975
TAP_TAPCELL_ROW_45_427,VPWR,li1,83.0300,133.5860,1.799972
TAP_TAPCELL_ROW_45_426,VPWR,li1,57.2700,133.5860,1.799968
TAP_TAPCELL_ROW_45_425,VPWR,li1,31.5100,133.5860,1.799978
TAP_TAPCELL_ROW_44_424,VPWR,li1,173.1900,132.9730,1.799994
TAP_TAPCELL_ROW_44_423,VPWR,li1,147.4300,132.9730,1.799982
TAP_TAPCELL_ROW_44_422,VPWR,li1,121.6700,132.9730,1.799977
TAP_TAPCELL_ROW_44_421,VPWR,li1,95.9100,132.9730,1.799973
TAP_TAPCELL_ROW_44_420,VPWR,li1,70.1500,132.9730,1.799969
TAP_TAPCELL_ROW_44_419,VPWR,li1,44.3900,132.9730,1.799971
TAP_TAPCELL_ROW_44_418,VPWR,li1,18.6300,132.9730,1.799985
TAP_TAPCELL_ROW_43_417,VPWR,li1,160.3100,128.1460,1.799984
TAP_TAPCELL_ROW_43_416,VPWR,li1,134.5500,128.1460,1.799974
TAP_TAPCELL_ROW_43_415,VPWR,li1,108.7900,128.1460,1.799970
TAP_TAPCELL_ROW_43_414,VPWR,li1,83.0300,128.1460,1.799966
TAP_TAPCELL_ROW_43_413,VPWR,li1,57.2700,128.1460,1.799964
TAP_TAPCELL_ROW_43_412,VPWR,li1,31.5100,128.1460,1.799978
TAP_TAPCELL_ROW_42_411,VPWR,li1,173.1900,127.5330,1.799990
TAP_TAPCELL_ROW_42_410,VPWR,li1,147.4300,127.5330,1.799978
TAP_TAPCELL_ROW_42_409,VPWR,li1,121.6700,127.5330,1.799972
TAP_TAPCELL_ROW_42_408,VPWR,li1,95.9100,127.5330,1.799968
TAP_TAPCELL_ROW_42_407,VPWR,li1,70.1500,127.5330,1.799964
TAP_TAPCELL_ROW_42_406,VPWR,li1,44.3900,127.5330,1.799969
TAP_TAPCELL_ROW_42_405,VPWR,li1,18.6300,127.5330,1.799986
TAP_TAPCELL_ROW_41_404,VPWR,li1,160.3100,122.7060,1.799901
TAP_TAPCELL_ROW_41_403,VPWR,li1,134.5500,122.7060,1.799820
TAP_TAPCELL_ROW_41_402,VPWR,li1,108.7900,122.7060,1.799835
TAP_TAPCELL_ROW_41_401,VPWR,li1,83.0300,122.7060,1.799852
TAP_TAPCELL_ROW_41_400,VPWR,li1,57.2700,122.7060,1.799876
TAP_TAPCELL_ROW_41_399,VPWR,li1,31.5100,122.7060,1.799937
TAP_TAPCELL_ROW_40_398,VPWR,li1,173.1900,122.0930,1.799949
TAP_TAPCELL_ROW_40_397,VPWR,li1,147.4300,122.0930,1.799847
TAP_TAPCELL_ROW_40_396,VPWR,li1,121.6700,122.0930,1.799827
TAP_TAPCELL_ROW_40_395,VPWR,li1,95.9100,122.0930,1.799844
TAP_TAPCELL_ROW_40_394,VPWR,li1,70.1500,122.0930,1.799861
TAP_TAPCELL_ROW_40_393,VPWR,li1,44.3900,122.0930,1.799900
TAP_TAPCELL_ROW_40_392,VPWR,li1,18.6300,122.0930,1.799966
TAP_TAPCELL_ROW_39_391,VPWR,li1,160.3100,117.2660,1.799961
TAP_TAPCELL_ROW_39_390,VPWR,li1,134.5500,117.2660,1.799936
TAP_TAPCELL_ROW_39_389,VPWR,li1,108.7900,117.2660,1.799931
TAP_TAPCELL_ROW_39_388,VPWR,li1,83.0300,117.2660,1.799927
TAP_TAPCELL_ROW_39_387,VPWR,li1,57.2700,117.2660,1.799928
TAP_TAPCELL_ROW_39_386,VPWR,li1,31.5100,117.2660,1.799957
TAP_TAPCELL_ROW_38_385,VPWR,li1,173.1900,116.6530,1.799979
TAP_TAPCELL_ROW_38_384,VPWR,li1,147.4300,116.6530,1.799944
TAP_TAPCELL_ROW_38_383,VPWR,li1,121.6700,116.6530,1.799933
TAP_TAPCELL_ROW_38_382,VPWR,li1,95.9100,116.6530,1.799929
TAP_TAPCELL_ROW_38_381,VPWR,li1,70.1500,116.6530,1.799924
TAP_TAPCELL_ROW_38_380,VPWR,li1,44.3900,116.6530,1.799939
TAP_TAPCELL_ROW_38_379,VPWR,li1,18.6300,116.6530,1.799975
TAP_TAPCELL_ROW_37_378,VPWR,li1,160.3100,111.8260,1.799932
TAP_TAPCELL_ROW_37_377,VPWR,li1,134.5500,111.8260,1.799873
TAP_TAPCELL_ROW_37_376,VPWR,li1,108.7900,111.8260,1.799880
TAP_TAPCELL_ROW_37_375,VPWR,li1,83.0300,111.8260,1.799893
TAP_TAPCELL_ROW_37_374,VPWR,li1,57.2700,111.8260,1.799908
TAP_TAPCELL_ROW_37_373,VPWR,li1,31.5100,111.8260,1.799952
TAP_TAPCELL_ROW_36_372,VPWR,li1,173.1900,111.2130,1.799966
TAP_TAPCELL_ROW_36_371,VPWR,li1,147.4300,111.2130,1.799899
TAP_TAPCELL_ROW_36_370,VPWR,li1,121.6700,111.2130,1.799874
TAP_TAPCELL_ROW_36_369,VPWR,li1,95.9100,111.2130,1.799887
TAP_TAPCELL_ROW_36_368,VPWR,li1,70.1500,111.2130,1.799901
TAP_TAPCELL_ROW_36_367,VPWR,li1,44.3900,111.2130,1.799925
TAP_TAPCELL_ROW_36_366,VPWR,li1,18.6300,111.2130,1.799975
TAP_TAPCELL_ROW_35_365,VPWR,li1,160.3100,106.3860,1.799925
TAP_TAPCELL_ROW_35_364,VPWR,li1,134.5500,106.3860,1.799883
TAP_TAPCELL_ROW_35_363,VPWR,li1,108.7900,106.3860,1.799894
TAP_TAPCELL_ROW_35_362,VPWR,li1,83.0300,106.3860,1.799905
TAP_TAPCELL_ROW_35_361,VPWR,li1,57.2700,106.3860,1.799920
TAP_TAPCELL_ROW_35_360,VPWR,li1,31.5100,106.3860,1.799955
TAP_TAPCELL_ROW_34_359,VPWR,li1,173.1900,105.7730,1.799963
TAP_TAPCELL_ROW_34_358,VPWR,li1,147.4300,105.7730,1.799889
TAP_TAPCELL_ROW_34_357,VPWR,li1,121.6700,105.7730,1.799888
TAP_TAPCELL_ROW_34_356,VPWR,li1,95.9100,105.7730,1.799900
TAP_TAPCELL_ROW_34_355,VPWR,li1,70.1500,105.7730,1.799910
TAP_TAPCELL_ROW_34_354,VPWR,li1,44.3900,105.7730,1.799935
TAP_TAPCELL_ROW_34_353,VPWR,li1,18.6300,105.7730,1.799972
TAP_TAPCELL_ROW_33_352,VPWR,li1,160.3100,100.9460,1.799953
TAP_TAPCELL_ROW_33_351,VPWR,li1,134.5500,100.9460,1.799910
TAP_TAPCELL_ROW_33_350,VPWR,li1,108.7900,100.9460,1.799883
TAP_TAPCELL_ROW_33_349,VPWR,li1,83.0300,100.9460,1.799856
TAP_TAPCELL_ROW_33_348,VPWR,li1,57.2700,100.9460,1.799833
TAP_TAPCELL_ROW_33_347,VPWR,li1,31.5100,100.9460,1.799898
TAP_TAPCELL_ROW_32_346,VPWR,li1,173.1900,100.3330,1.799976
TAP_TAPCELL_ROW_32_345,VPWR,li1,147.4300,100.3330,1.799928
TAP_TAPCELL_ROW_32_344,VPWR,li1,121.6700,100.3330,1.799895
TAP_TAPCELL_ROW_32_343,VPWR,li1,95.9100,100.3330,1.799870
TAP_TAPCELL_ROW_32_342,VPWR,li1,70.1500,100.3330,1.799844
TAP_TAPCELL_ROW_32_341,VPWR,li1,44.3900,100.3330,1.799847
TAP_TAPCELL_ROW_32_340,VPWR,li1,18.6300,100.3330,1.799941
TAP_TAPCELL_ROW_31_339,VPWR,li1,160.3100,95.5060,1.799976
TAP_TAPCELL_ROW_31_338,VPWR,li1,134.5500,95.5060,1.799958
TAP_TAPCELL_ROW_31_337,VPWR,li1,108.7900,95.5060,1.799952
TAP_TAPCELL_ROW_31_336,VPWR,li1,83.0300,95.5060,1.799951
TAP_TAPCELL_ROW_31_335,VPWR,li1,57.2700,95.5060,1.799951
TAP_TAPCELL_ROW_31_334,VPWR,li1,31.5100,95.5060,1.799962
TAP_TAPCELL_ROW_30_333,VPWR,li1,173.1900,94.8930,1.799989
TAP_TAPCELL_ROW_30_332,VPWR,li1,147.4300,94.8930,1.799966
TAP_TAPCELL_ROW_30_331,VPWR,li1,121.6700,94.8930,1.799952
TAP_TAPCELL_ROW_30_330,VPWR,li1,95.9100,94.8930,1.799951
TAP_TAPCELL_ROW_30_329,VPWR,li1,70.1500,94.8930,1.799951
TAP_TAPCELL_ROW_30_328,VPWR,li1,44.3900,94.8930,1.799953
TAP_TAPCELL_ROW_30_327,VPWR,li1,18.6300,94.8930,1.799971
TAP_TAPCELL_ROW_29_326,VPWR,li1,160.3100,90.0660,1.799965
TAP_TAPCELL_ROW_29_325,VPWR,li1,134.5500,90.0660,1.799937
TAP_TAPCELL_ROW_29_324,VPWR,li1,108.7900,90.0660,1.799927
TAP_TAPCELL_ROW_29_323,VPWR,li1,83.0300,90.0660,1.799921
TAP_TAPCELL_ROW_29_322,VPWR,li1,57.2700,90.0660,1.799917
TAP_TAPCELL_ROW_29_321,VPWR,li1,31.5100,90.0660,1.799934
TAP_TAPCELL_ROW_28_320,VPWR,li1,173.1900,89.4530,1.799981
TAP_TAPCELL_ROW_28_319,VPWR,li1,147.4300,89.4530,1.799948
TAP_TAPCELL_ROW_28_318,VPWR,li1,121.6700,89.4530,1.799930
TAP_TAPCELL_ROW_28_317,VPWR,li1,95.9100,89.4530,1.799924
TAP_TAPCELL_ROW_28_316,VPWR,li1,70.1500,89.4530,1.799918
TAP_TAPCELL_ROW_28_315,VPWR,li1,44.3900,89.4530,1.799920
TAP_TAPCELL_ROW_28_314,VPWR,li1,18.6300,89.4530,1.799960
TAP_TAPCELL_ROW_27_313,VPWR,li1,160.3100,84.6260,1.799979
TAP_TAPCELL_ROW_27_312,VPWR,li1,134.5500,84.6260,1.799962
TAP_TAPCELL_ROW_27_311,VPWR,li1,108.7900,84.6260,1.799955
TAP_TAPCELL_ROW_27_310,VPWR,li1,83.0300,84.6260,1.799951
TAP_TAPCELL_ROW_27_309,VPWR,li1,57.2700,84.6260,1.799949
TAP_TAPCELL_ROW_27_308,VPWR,li1,31.5100,84.6260,1.799968
TAP_TAPCELL_ROW_26_307,VPWR,li1,173.1900,84.0130,1.799990
TAP_TAPCELL_ROW_26_306,VPWR,li1,147.4300,84.0130,1.799970
TAP_TAPCELL_ROW_26_305,VPWR,li1,121.6700,84.0130,1.799957
TAP_TAPCELL_ROW_26_304,VPWR,li1,95.9100,84.0130,1.799953
TAP_TAPCELL_ROW_26_303,VPWR,li1,70.1500,84.0130,1.799949
TAP_TAPCELL_ROW_26_302,VPWR,li1,44.3900,84.0130,1.799955
TAP_TAPCELL_ROW_26_301,VPWR,li1,18.6300,84.0130,1.799979
TAP_TAPCELL_ROW_25_300,VPWR,li1,160.3100,79.1860,1.799971
TAP_TAPCELL_ROW_25_299,VPWR,li1,134.5500,79.1860,1.799940
TAP_TAPCELL_ROW_25_298,VPWR,li1,108.7900,79.1860,1.799930
TAP_TAPCELL_ROW_25_297,VPWR,li1,83.0300,79.1860,1.799929
TAP_TAPCELL_ROW_25_296,VPWR,li1,57.2700,79.1860,1.799933
TAP_TAPCELL_ROW_25_295,VPWR,li1,31.5100,79.1860,1.799960
TAP_TAPCELL_ROW_24_294,VPWR,li1,173.1900,78.5730,1.799986
TAP_TAPCELL_ROW_24_293,VPWR,li1,147.4300,78.5730,1.799956
TAP_TAPCELL_ROW_24_292,VPWR,li1,121.6700,78.5730,1.799932
TAP_TAPCELL_ROW_24_291,VPWR,li1,95.9100,78.5730,1.799930
TAP_TAPCELL_ROW_24_290,VPWR,li1,70.1500,78.5730,1.799929
TAP_TAPCELL_ROW_24_289,VPWR,li1,44.3900,78.5730,1.799947
TAP_TAPCELL_ROW_24_288,VPWR,li1,18.6300,78.5730,1.799971
TAP_TAPCELL_ROW_23_287,VPWR,li1,160.3100,73.7460,1.799973
TAP_TAPCELL_ROW_23_286,VPWR,li1,134.5500,73.7460,1.799944
TAP_TAPCELL_ROW_23_285,VPWR,li1,108.7900,73.7460,1.799926
TAP_TAPCELL_ROW_23_284,VPWR,li1,83.0300,73.7460,1.799921
TAP_TAPCELL_ROW_23_283,VPWR,li1,57.2700,73.7460,1.799922
TAP_TAPCELL_ROW_23_282,VPWR,li1,31.5100,73.7460,1.799946
TAP_TAPCELL_ROW_22_281,VPWR,li1,173.1900,73.1330,1.799987
TAP_TAPCELL_ROW_22_280,VPWR,li1,147.4300,73.1330,1.799959
TAP_TAPCELL_ROW_22_279,VPWR,li1,121.6700,73.1330,1.799934
TAP_TAPCELL_ROW_22_278,VPWR,li1,95.9100,73.1330,1.799923
TAP_TAPCELL_ROW_22_277,VPWR,li1,70.1500,73.1330,1.799919
TAP_TAPCELL_ROW_22_276,VPWR,li1,44.3900,73.1330,1.799931
TAP_TAPCELL_ROW_22_275,VPWR,li1,18.6300,73.1330,1.799963
TAP_TAPCELL_ROW_21_274,VPWR,li1,160.3100,68.3060,1.799905
TAP_TAPCELL_ROW_21_273,VPWR,li1,134.5500,68.3060,1.799806
TAP_TAPCELL_ROW_21_272,VPWR,li1,108.7900,68.3060,1.799742
TAP_TAPCELL_ROW_21_271,VPWR,li1,83.0300,68.3060,1.799757
TAP_TAPCELL_ROW_21_270,VPWR,li1,57.2700,68.3060,1.799816
TAP_TAPCELL_ROW_21_269,VPWR,li1,31.5100,68.3060,1.799913
TAP_TAPCELL_ROW_20_268,VPWR,li1,173.1900,67.6930,1.799952
TAP_TAPCELL_ROW_20_267,VPWR,li1,147.4300,67.6930,1.799850
TAP_TAPCELL_ROW_20_266,VPWR,li1,121.6700,67.6930,1.799758
TAP_TAPCELL_ROW_20_265,VPWR,li1,95.9100,67.6930,1.799735
TAP_TAPCELL_ROW_20_264,VPWR,li1,70.1500,67.6930,1.799782
TAP_TAPCELL_ROW_20_263,VPWR,li1,44.3900,67.6930,1.799862
TAP_TAPCELL_ROW_20_262,VPWR,li1,18.6300,67.6930,1.799953
TAP_TAPCELL_ROW_19_261,VPWR,li1,160.3100,62.8660,1.799940
TAP_TAPCELL_ROW_19_260,VPWR,li1,134.5500,62.8660,1.799879
TAP_TAPCELL_ROW_19_259,VPWR,li1,108.7900,62.8660,1.799818
TAP_TAPCELL_ROW_19_258,VPWR,li1,83.0300,62.8660,1.799798
TAP_TAPCELL_ROW_19_257,VPWR,li1,57.2700,62.8660,1.799840
TAP_TAPCELL_ROW_19_256,VPWR,li1,31.5100,62.8660,1.799921
TAP_TAPCELL_ROW_18_255,VPWR,li1,173.1900,62.2530,1.799969
TAP_TAPCELL_ROW_18_254,VPWR,li1,147.4300,62.2530,1.799912
TAP_TAPCELL_ROW_18_253,VPWR,li1,121.6700,62.2530,1.799850
TAP_TAPCELL_ROW_18_252,VPWR,li1,95.9100,62.2530,1.799797
TAP_TAPCELL_ROW_18_251,VPWR,li1,70.1500,62.2530,1.799806
TAP_TAPCELL_ROW_18_250,VPWR,li1,44.3900,62.2530,1.799881
TAP_TAPCELL_ROW_18_249,VPWR,li1,18.6300,62.2530,1.799955
TAP_TAPCELL_ROW_17_248,VPWR,li1,160.3100,57.4260,1.799944
TAP_TAPCELL_ROW_17_247,VPWR,li1,134.5500,57.4260,1.799889
TAP_TAPCELL_ROW_17_246,VPWR,li1,108.7900,57.4260,1.799835
TAP_TAPCELL_ROW_17_245,VPWR,li1,83.0300,57.4260,1.799808
TAP_TAPCELL_ROW_17_244,VPWR,li1,57.2700,57.4260,1.799808
TAP_TAPCELL_ROW_17_243,VPWR,li1,31.5100,57.4260,1.799879
TAP_TAPCELL_ROW_16_242,VPWR,li1,173.1900,56.8130,1.799973
TAP_TAPCELL_ROW_16_241,VPWR,li1,147.4300,56.8130,1.799916
TAP_TAPCELL_ROW_16_240,VPWR,li1,121.6700,56.8130,1.799862
TAP_TAPCELL_ROW_16_239,VPWR,li1,95.9100,56.8130,1.799819
TAP_TAPCELL_ROW_16_238,VPWR,li1,70.1500,56.8130,1.799804
TAP_TAPCELL_ROW_16_237,VPWR,li1,44.3900,56.8130,1.799819
TAP_TAPCELL_ROW_16_236,VPWR,li1,18.6300,56.8130,1.799939
TAP_TAPCELL_ROW_15_235,VPWR,li1,160.3100,51.9860,1.799940
TAP_TAPCELL_ROW_15_234,VPWR,li1,134.5500,51.9860,1.799879
TAP_TAPCELL_ROW_15_233,VPWR,li1,108.7900,51.9860,1.799830
TAP_TAPCELL_ROW_15_232,VPWR,li1,83.0300,51.9860,1.799819
TAP_TAPCELL_ROW_15_231,VPWR,li1,57.2700,51.9860,1.799841
TAP_TAPCELL_ROW_15_230,VPWR,li1,31.5100,51.9860,1.799922
TAP_TAPCELL_ROW_14_229,VPWR,li1,173.1900,51.3730,1.799971
TAP_TAPCELL_ROW_14_228,VPWR,li1,147.4300,51.3730,1.799911
TAP_TAPCELL_ROW_14_227,VPWR,li1,121.6700,51.3730,1.799846
TAP_TAPCELL_ROW_14_226,VPWR,li1,95.9100,51.3730,1.799823
TAP_TAPCELL_ROW_14_225,VPWR,li1,70.1500,51.3730,1.799817
TAP_TAPCELL_ROW_14_224,VPWR,li1,44.3900,51.3730,1.799878
TAP_TAPCELL_ROW_14_223,VPWR,li1,18.6300,51.3730,1.799956
TAP_TAPCELL_ROW_13_222,VPWR,li1,160.3100,46.5460,1.799976
TAP_TAPCELL_ROW_13_221,VPWR,li1,134.5500,46.5460,1.799951
TAP_TAPCELL_ROW_13_220,VPWR,li1,108.7900,46.5460,1.799930
TAP_TAPCELL_ROW_13_219,VPWR,li1,83.0300,46.5460,1.799933
TAP_TAPCELL_ROW_13_218,VPWR,li1,57.2700,46.5460,1.799948
TAP_TAPCELL_ROW_13_217,VPWR,li1,31.5100,46.5460,1.799969
TAP_TAPCELL_ROW_12_216,VPWR,li1,173.1900,45.9330,1.799988
TAP_TAPCELL_ROW_12_215,VPWR,li1,147.4300,45.9330,1.799964
TAP_TAPCELL_ROW_12_214,VPWR,li1,121.6700,45.9330,1.799938
TAP_TAPCELL_ROW_12_213,VPWR,li1,95.9100,45.9330,1.799930
TAP_TAPCELL_ROW_12_212,VPWR,li1,70.1500,45.9330,1.799939
TAP_TAPCELL_ROW_12_211,VPWR,li1,44.3900,45.9330,1.799958
TAP_TAPCELL_ROW_12_210,VPWR,li1,18.6300,45.9330,1.799982
TAP_TAPCELL_ROW_11_209,VPWR,li1,160.3100,41.1060,1.799979
TAP_TAPCELL_ROW_11_208,VPWR,li1,134.5500,41.1060,1.799957
TAP_TAPCELL_ROW_11_207,VPWR,li1,108.7900,41.1060,1.799937
TAP_TAPCELL_ROW_11_206,VPWR,li1,83.0300,41.1060,1.799925
TAP_TAPCELL_ROW_11_205,VPWR,li1,57.2700,41.1060,1.799932
TAP_TAPCELL_ROW_11_204,VPWR,li1,31.5100,41.1060,1.799959
TAP_TAPCELL_ROW_10_203,VPWR,li1,173.1900,40.4930,1.799990
TAP_TAPCELL_ROW_10_202,VPWR,li1,147.4300,40.4930,1.799968
TAP_TAPCELL_ROW_10_201,VPWR,li1,121.6700,40.4930,1.799947
TAP_TAPCELL_ROW_10_200,VPWR,li1,95.9100,40.4930,1.799928
TAP_TAPCELL_ROW_10_199,VPWR,li1,70.1500,40.4930,1.799926
TAP_TAPCELL_ROW_10_198,VPWR,li1,44.3900,40.4930,1.799943
TAP_TAPCELL_ROW_10_197,VPWR,li1,18.6300,40.4930,1.799972
TAP_TAPCELL_ROW_9_196,VPWR,li1,160.3100,35.6660,1.799978
TAP_TAPCELL_ROW_9_195,VPWR,li1,134.5500,35.6660,1.799956
TAP_TAPCELL_ROW_9_194,VPWR,li1,108.7900,35.6660,1.799937
TAP_TAPCELL_ROW_9_193,VPWR,li1,83.0300,35.6660,1.799927
TAP_TAPCELL_ROW_9_192,VPWR,li1,57.2700,35.6660,1.799935
TAP_TAPCELL_ROW_9_191,VPWR,li1,31.5100,35.6660,1.799963
TAP_TAPCELL_ROW_8_190,VPWR,li1,173.1900,35.0530,1.799989
TAP_TAPCELL_ROW_8_189,VPWR,li1,147.4300,35.0530,1.799968
TAP_TAPCELL_ROW_8_188,VPWR,li1,121.6700,35.0530,1.799946
TAP_TAPCELL_ROW_8_187,VPWR,li1,95.9100,35.0530,1.799929
TAP_TAPCELL_ROW_8_186,VPWR,li1,70.1500,35.0530,1.799929
TAP_TAPCELL_ROW_8_185,VPWR,li1,44.3900,35.0530,1.799948
TAP_TAPCELL_ROW_8_184,VPWR,li1,18.6300,35.0530,1.799975
TAP_TAPCELL_ROW_7_183,VPWR,li1,160.3100,30.2260,1.799981
TAP_TAPCELL_ROW_7_182,VPWR,li1,134.5500,30.2260,1.799963
TAP_TAPCELL_ROW_7_181,VPWR,li1,108.7900,30.2260,1.799946
TAP_TAPCELL_ROW_7_180,VPWR,li1,83.0300,30.2260,1.799943
TAP_TAPCELL_ROW_7_179,VPWR,li1,57.2700,30.2260,1.799947
TAP_TAPCELL_ROW_7_178,VPWR,li1,31.5100,30.2260,1.799968
TAP_TAPCELL_ROW_6_177,VPWR,li1,173.1900,29.6130,1.799991
TAP_TAPCELL_ROW_6_176,VPWR,li1,147.4300,29.6130,1.799973
TAP_TAPCELL_ROW_6_175,VPWR,li1,121.6700,29.6130,1.799954
TAP_TAPCELL_ROW_6_174,VPWR,li1,95.9100,29.6130,1.799943
TAP_TAPCELL_ROW_6_173,VPWR,li1,70.1500,29.6130,1.799945
TAP_TAPCELL_ROW_6_172,VPWR,li1,44.3900,29.6130,1.799953
TAP_TAPCELL_ROW_6_171,VPWR,li1,18.6300,29.6130,1.799975
TAP_TAPCELL_ROW_5_170,VPWR,li1,160.3100,24.7860,1.799986
TAP_TAPCELL_ROW_5_169,VPWR,li1,134.5500,24.7860,1.799972
TAP_TAPCELL_ROW_5_168,VPWR,li1,108.7900,24.7860,1.799965
TAP_TAPCELL_ROW_5_167,VPWR,li1,83.0300,24.7860,1.799965
TAP_TAPCELL_ROW_5_166,VPWR,li1,57.2700,24.7860,1.799966
TAP_TAPCELL_ROW_5_165,VPWR,li1,31.5100,24.7860,1.799977
TAP_TAPCELL_ROW_4_164,VPWR,li1,173.1900,24.1730,1.799993
TAP_TAPCELL_ROW_4_163,VPWR,li1,147.4300,24.1730,1.799979
TAP_TAPCELL_ROW_4_162,VPWR,li1,121.6700,24.1730,1.799965
TAP_TAPCELL_ROW_4_161,VPWR,li1,95.9100,24.1730,1.799965
TAP_TAPCELL_ROW_4_160,VPWR,li1,70.1500,24.1730,1.799965
TAP_TAPCELL_ROW_4_159,VPWR,li1,44.3900,24.1730,1.799970
TAP_TAPCELL_ROW_4_158,VPWR,li1,18.6300,24.1730,1.799986
TAP_TAPCELL_ROW_3_157,VPWR,li1,160.3100,19.3460,1.799974
TAP_TAPCELL_ROW_3_156,VPWR,li1,134.5500,19.3460,1.799963
TAP_TAPCELL_ROW_3_155,VPWR,li1,108.7900,19.3460,1.799955
TAP_TAPCELL_ROW_3_154,VPWR,li1,83.0300,19.3460,1.799958
TAP_TAPCELL_ROW_3_153,VPWR,li1,57.2700,19.3460,1.799964
TAP_TAPCELL_ROW_3_152,VPWR,li1,31.5100,19.3460,1.799977
TAP_TAPCELL_ROW_2_151,VPWR,li1,173.1900,18.7330,1.799984
TAP_TAPCELL_ROW_2_150,VPWR,li1,147.4300,18.7330,1.799968
TAP_TAPCELL_ROW_2_149,VPWR,li1,121.6700,18.7330,1.799958
TAP_TAPCELL_ROW_2_148,VPWR,li1,95.9100,18.7330,1.799956
TAP_TAPCELL_ROW_2_147,VPWR,li1,70.1500,18.7330,1.799960
TAP_TAPCELL_ROW_2_146,VPWR,li1,44.3900,18.7330,1.799970
TAP_TAPCELL_ROW_2_145,VPWR,li1,18.6300,18.7330,1.799985
TAP_TAPCELL_ROW_1_144,VPWR,li1,160.3100,13.9060,1.799982
TAP_TAPCELL_ROW_1_143,VPWR,li1,134.5500,13.9060,1.799965
TAP_TAPCELL_ROW_1_142,VPWR,li1,108.7900,13.9060,1.799951
TAP_TAPCELL_ROW_1_141,VPWR,li1,83.0300,13.9060,1.799945
TAP_TAPCELL_ROW_1_140,VPWR,li1,57.2700,13.9060,1.799950
TAP_TAPCELL_ROW_1_139,VPWR,li1,31.5100,13.9060,1.799970
TAP_TAPCELL_ROW_0_138,VPWR,li1,173.1900,13.2930,1.799991
TAP_TAPCELL_ROW_0_137,VPWR,li1,160.3100,13.2930,1.799982
TAP_TAPCELL_ROW_0_136,VPWR,li1,147.4300,13.2930,1.799974
TAP_TAPCELL_ROW_0_135,VPWR,li1,134.5500,13.2930,1.799965
TAP_TAPCELL_ROW_0_134,VPWR,li1,121.6700,13.2930,1.799957
TAP_TAPCELL_ROW_0_133,VPWR,li1,108.7900,13.2930,1.799951
TAP_TAPCELL_ROW_0_132,VPWR,li1,95.9100,13.2930,1.799947
TAP_TAPCELL_ROW_0_131,VPWR,li1,83.0300,13.2930,1.799945
TAP_TAPCELL_ROW_0_130,VPWR,li1,70.1500,13.2930,1.799947
TAP_TAPCELL_ROW_0_129,VPWR,li1,57.2700,13.2930,1.799950
TAP_TAPCELL_ROW_0_128,VPWR,li1,44.3900,13.2930,1.799957
TAP_TAPCELL_ROW_0_127,VPWR,li1,31.5100,13.2930,1.799970
TAP_TAPCELL_ROW_0_126,VPWR,li1,18.6300,13.2930,1.799981
PHY_EDGE_ROW_62_Left_125,VPWR,li1,6.2100,182.2400,1.800000
PHY_EDGE_ROW_61_Left_124,VPWR,li1,6.2100,176.8000,1.800000
PHY_EDGE_ROW_60_Left_123,VPWR,li1,6.2100,176.8000,1.800000
PHY_EDGE_ROW_59_Left_122,VPWR,li1,6.2100,171.3600,1.800000
PHY_EDGE_ROW_58_Left_121,VPWR,li1,6.2100,171.3600,1.800000
PHY_EDGE_ROW_57_Left_120,VPWR,li1,6.2100,165.9200,1.799998
PHY_EDGE_ROW_56_Left_119,VPWR,li1,6.2100,165.9200,1.799998
PHY_EDGE_ROW_55_Left_118,VPWR,li1,6.2100,160.4800,1.800000
PHY_EDGE_ROW_54_Left_117,VPWR,li1,6.2100,160.4800,1.800000
PHY_EDGE_ROW_53_Left_116,VPWR,li1,6.2100,155.0400,1.799998
PHY_EDGE_ROW_52_Left_115,VPWR,li1,6.2100,155.0400,1.799998
PHY_EDGE_ROW_51_Left_114,VPWR,li1,6.2100,149.6000,1.799999
PHY_EDGE_ROW_50_Left_113,VPWR,li1,6.2100,149.6000,1.799999
PHY_EDGE_ROW_49_Left_112,VPWR,li1,6.2100,144.1600,1.799999
PHY_EDGE_ROW_48_Left_111,VPWR,li1,6.2100,144.1600,1.799999
PHY_EDGE_ROW_47_Left_110,VPWR,li1,6.2100,138.7200,1.799996
PHY_EDGE_ROW_46_Left_109,VPWR,li1,6.2100,138.7200,1.799996
PHY_EDGE_ROW_45_Left_108,VPWR,li1,6.2100,133.2800,1.799984
PHY_EDGE_ROW_44_Left_107,VPWR,li1,6.2100,133.2800,1.799984
PHY_EDGE_ROW_43_Left_106,VPWR,li1,6.2100,127.8400,1.799984
PHY_EDGE_ROW_42_Left_105,VPWR,li1,6.2100,127.8400,1.799984
PHY_EDGE_ROW_41_Left_104,VPWR,li1,6.2100,122.4000,1.799966
PHY_EDGE_ROW_40_Left_103,VPWR,li1,6.2100,122.4000,1.799966
PHY_EDGE_ROW_39_Left_102,VPWR,li1,6.2100,116.9600,1.799974
PHY_EDGE_ROW_38_Left_101,VPWR,li1,6.2100,116.9600,1.799974
PHY_EDGE_ROW_37_Left_100,VPWR,li1,6.2100,111.5200,1.799975
PHY_EDGE_ROW_36_Left_99,VPWR,li1,6.2100,111.5200,1.799975
PHY_EDGE_ROW_35_Left_98,VPWR,li1,6.2100,106.0800,1.799970
PHY_EDGE_ROW_34_Left_97,VPWR,li1,6.2100,106.0800,1.799970
PHY_EDGE_ROW_33_Left_96,VPWR,li1,6.2100,100.6400,1.799938
PHY_EDGE_ROW_32_Left_95,VPWR,li1,6.2100,100.6400,1.799938
PHY_EDGE_ROW_31_Left_94,VPWR,li1,6.2100,95.2000,1.799966
PHY_EDGE_ROW_30_Left_93,VPWR,li1,6.2100,95.2000,1.799966
PHY_EDGE_ROW_29_Left_92,VPWR,li1,6.2100,89.7600,1.799957
PHY_EDGE_ROW_28_Left_91,VPWR,li1,6.2100,89.7600,1.799957
PHY_EDGE_ROW_27_Left_90,VPWR,li1,6.2100,84.3200,1.799975
PHY_EDGE_ROW_26_Left_89,VPWR,li1,6.2100,84.3200,1.799975
PHY_EDGE_ROW_25_Left_88,VPWR,li1,6.2100,78.8800,1.799969
PHY_EDGE_ROW_24_Left_87,VPWR,li1,6.2100,78.8800,1.799969
PHY_EDGE_ROW_23_Left_86,VPWR,li1,6.2100,73.4400,1.799959
PHY_EDGE_ROW_22_Left_85,VPWR,li1,6.2100,73.4400,1.799959
PHY_EDGE_ROW_21_Left_84,VPWR,li1,6.2100,68.0000,1.799950
PHY_EDGE_ROW_20_Left_83,VPWR,li1,6.2100,68.0000,1.799950
PHY_EDGE_ROW_19_Left_82,VPWR,li1,6.2100,62.5600,1.799953
PHY_EDGE_ROW_18_Left_81,VPWR,li1,6.2100,62.5600,1.799953
PHY_EDGE_ROW_17_Left_80,VPWR,li1,6.2100,57.1200,1.799939
PHY_EDGE_ROW_16_Left_79,VPWR,li1,6.2100,57.1200,1.799939
PHY_EDGE_ROW_15_Left_78,VPWR,li1,6.2100,51.6800,1.799953
PHY_EDGE_ROW_14_Left_77,VPWR,li1,6.2100,51.6800,1.799953
PHY_EDGE_ROW_13_Left_76,VPWR,li1,6.2100,46.2400,1.799980
PHY_EDGE_ROW_12_Left_75,VPWR,li1,6.2100,46.2400,1.799980
PHY_EDGE_ROW_11_Left_74,VPWR,li1,6.2100,40.8000,1.799970
PHY_EDGE_ROW_10_Left_73,VPWR,li1,6.2100,40.8000,1.799970
PHY_EDGE_ROW_9_Left_72,VPWR,li1,6.2100,35.3600,1.799972
PHY_EDGE_ROW_8_Left_71,VPWR,li1,6.2100,35.3600,1.799972
PHY_EDGE_ROW_7_Left_70,VPWR,li1,6.2100,29.9200,1.799972
PHY_EDGE_ROW_6_Left_69,VPWR,li1,6.2100,29.9200,1.799972
PHY_EDGE_ROW_5_Left_68,VPWR,li1,6.2100,24.4800,1.799984
PHY_EDGE_ROW_4_Left_67,VPWR,li1,6.2100,24.4800,1.799984
PHY_EDGE_ROW_3_Left_66,VPWR,li1,6.2100,19.0400,1.799982
PHY_EDGE_ROW_2_Left_65,VPWR,li1,6.2100,19.0400,1.799982
PHY_EDGE_ROW_1_Left_64,VPWR,li1,6.2100,13.6000,1.799980
PHY_EDGE_ROW_0_Left_63,VPWR,li1,6.2100,13.6000,1.799980
PHY_EDGE_ROW_62_Right_62,VPWR,li1,176.4100,182.2400,1.800000
PHY_EDGE_ROW_61_Right_61,VPWR,li1,176.4100,176.8000,1.800000
PHY_EDGE_ROW_60_Right_60,VPWR,li1,176.4100,176.8000,1.800000
PHY_EDGE_ROW_59_Right_59,VPWR,li1,176.4100,171.3600,1.800000
PHY_EDGE_ROW_58_Right_58,VPWR,li1,176.4100,171.3600,1.800000
PHY_EDGE_ROW_57_Right_57,VPWR,li1,176.4100,165.9200,1.799996
PHY_EDGE_ROW_56_Right_56,VPWR,li1,176.4100,165.9200,1.799996
PHY_EDGE_ROW_55_Right_55,VPWR,li1,176.4100,160.4800,1.799997
PHY_EDGE_ROW_54_Right_54,VPWR,li1,176.4100,160.4800,1.799997
PHY_EDGE_ROW_53_Right_53,VPWR,li1,176.4100,155.0400,1.799995
PHY_EDGE_ROW_52_Right_52,VPWR,li1,176.4100,155.0400,1.799995
PHY_EDGE_ROW_51_Right_51,VPWR,li1,176.4100,149.6000,1.799998
PHY_EDGE_ROW_50_Right_50,VPWR,li1,176.4100,149.6000,1.799998
PHY_EDGE_ROW_49_Right_49,VPWR,li1,176.4100,144.1600,1.799995
PHY_EDGE_ROW_48_Right_48,VPWR,li1,176.4100,144.1600,1.799995
PHY_EDGE_ROW_47_Right_47,VPWR,li1,176.4100,138.7200,1.799995
PHY_EDGE_ROW_46_Right_46,VPWR,li1,176.4100,138.7200,1.799995
PHY_EDGE_ROW_45_Right_45,VPWR,li1,176.4100,133.2800,1.799995
PHY_EDGE_ROW_44_Right_44,VPWR,li1,176.4100,133.2800,1.799995
PHY_EDGE_ROW_43_Right_43,VPWR,li1,176.4100,127.8400,1.799992
PHY_EDGE_ROW_42_Right_42,VPWR,li1,176.4100,127.8400,1.799992
PHY_EDGE_ROW_41_Right_41,VPWR,li1,176.4100,122.4000,1.799960
PHY_EDGE_ROW_40_Right_40,VPWR,li1,176.4100,122.4000,1.799960
PHY_EDGE_ROW_39_Right_39,VPWR,li1,176.4100,116.9600,1.799984
PHY_EDGE_ROW_38_Right_38,VPWR,li1,176.4100,116.9600,1.799984
PHY_EDGE_ROW_37_Right_37,VPWR,li1,176.4100,111.5200,1.799972
PHY_EDGE_ROW_36_Right_36,VPWR,li1,176.4100,111.5200,1.799972
PHY_EDGE_ROW_35_Right_35,VPWR,li1,176.4100,106.0800,1.799969
PHY_EDGE_ROW_34_Right_34,VPWR,li1,176.4100,106.0800,1.799969
PHY_EDGE_ROW_33_Right_33,VPWR,li1,176.4100,100.6400,1.799981
PHY_EDGE_ROW_32_Right_32,VPWR,li1,176.4100,100.6400,1.799981
PHY_EDGE_ROW_31_Right_31,VPWR,li1,176.4100,95.2000,1.799991
PHY_EDGE_ROW_30_Right_30,VPWR,li1,176.4100,95.2000,1.799991
PHY_EDGE_ROW_29_Right_29,VPWR,li1,176.4100,89.7600,1.799986
PHY_EDGE_ROW_28_Right_28,VPWR,li1,176.4100,89.7600,1.799986
PHY_EDGE_ROW_27_Right_27,VPWR,li1,176.4100,84.3200,1.799992
PHY_EDGE_ROW_26_Right_26,VPWR,li1,176.4100,84.3200,1.799992
PHY_EDGE_ROW_25_Right_25,VPWR,li1,176.4100,78.8800,1.799988
PHY_EDGE_ROW_24_Right_24,VPWR,li1,176.4100,78.8800,1.799988
PHY_EDGE_ROW_23_Right_23,VPWR,li1,176.4100,73.4400,1.799989
PHY_EDGE_ROW_22_Right_22,VPWR,li1,176.4100,73.4400,1.799989
PHY_EDGE_ROW_21_Right_21,VPWR,li1,176.4100,68.0000,1.799961
PHY_EDGE_ROW_20_Right_20,VPWR,li1,176.4100,68.0000,1.799961
PHY_EDGE_ROW_19_Right_19,VPWR,li1,176.4100,62.5600,1.799976
PHY_EDGE_ROW_18_Right_18,VPWR,li1,176.4100,62.5600,1.799976
PHY_EDGE_ROW_17_Right_17,VPWR,li1,176.4100,57.1200,1.799978
PHY_EDGE_ROW_16_Right_16,VPWR,li1,176.4100,57.1200,1.799978
PHY_EDGE_ROW_15_Right_15,VPWR,li1,176.4100,51.6800,1.799976
PHY_EDGE_ROW_14_Right_14,VPWR,li1,176.4100,51.6800,1.799976
PHY_EDGE_ROW_13_Right_13,VPWR,li1,176.4100,46.2400,1.799990
PHY_EDGE_ROW_12_Right_12,VPWR,li1,176.4100,46.2400,1.799990
PHY_EDGE_ROW_11_Right_11,VPWR,li1,176.4100,40.8000,1.799992
PHY_EDGE_ROW_10_Right_10,VPWR,li1,176.4100,40.8000,1.799992
PHY_EDGE_ROW_9_Right_9,VPWR,li1,176.4100,35.3600,1.799991
PHY_EDGE_ROW_8_Right_8,VPWR,li1,176.4100,35.3600,1.799991
PHY_EDGE_ROW_7_Right_7,VPWR,li1,176.4100,29.9200,1.799993
PHY_EDGE_ROW_6_Right_6,VPWR,li1,176.4100,29.9200,1.799993
PHY_EDGE_ROW_5_Right_5,VPWR,li1,176.4100,24.4800,1.799994
PHY_EDGE_ROW_4_Right_4,VPWR,li1,176.4100,24.4800,1.799994
PHY_EDGE_ROW_3_Right_3,VPWR,li1,176.4100,19.0400,1.799987
PHY_EDGE_ROW_2_Right_2,VPWR,li1,176.4100,19.0400,1.799987
PHY_EDGE_ROW_1_Right_1,VPWR,li1,176.4100,13.6000,1.799993
PHY_EDGE_ROW_0_Right_0,VPWR,li1,176.4100,13.6000,1.799993
_3173_,VPWR,li1,53.3600,29.9200,1.799948
_3172_,VPWR,li1,50.6000,40.8000,1.799936
_3171_,VPWR,li1,52.4400,57.1200,1.799811
_3170_,VPWR,li1,11.5000,68.0000,1.799950
_3169_,VPWR,li1,11.5000,78.8800,1.799969
_3168_,VPWR,li1,17.9400,29.9200,1.799974
_3167_,VPWR,li1,11.7300,29.9200,1.799972
_3166_,VPWR,li1,17.4800,40.8000,1.799970
_3165_,VPWR,li1,11.5000,35.3600,1.799972
_3164_,VPWR,li1,42.7800,24.4800,1.799970
_3163_,VPWR,li1,41.4000,40.8000,1.799946
_3162_,VPWR,li1,52.4400,51.6800,1.799855
_3161_,VPWR,li1,152.9500,89.7600,1.799954
_3160_,VPWR,li1,71.9900,57.1200,1.799803
_3159_,VPWR,li1,152.9500,106.0800,1.799904
_3158_,VPWR,li1,63.2500,57.1200,1.799805
_3157_,VPWR,li1,23.9200,46.2400,1.799979
_3156_,VPWR,li1,50.8300,51.6800,1.799855
_3155_,VPWR,li1,23.4600,29.9200,1.799977
_3154_,VPWR,li1,38.1800,29.9200,1.799959
_3153_,VPWR,li1,34.9600,46.2400,1.799967
_3152_,VPWR,li1,28.2900,51.6800,1.799930
_3151_,VPWR,li1,29.2100,62.5600,1.799929
_3150_,VPWR,li1,21.3900,51.6800,1.799957
_3149_,VPWR,li1,22.5400,57.1200,1.799928
_3148_,VPWR,li1,14.4900,62.5600,1.799953
_3147_,VPWR,li1,32.2000,24.4800,1.799977
_3146_,VPWR,li1,12.4200,24.4800,1.799984
_3145_,VPWR,li1,13.3400,13.6000,1.799980
_3144_,VPWR,li1,26.6800,13.6000,1.799976
_3143_,VPWR,li1,11.5000,19.0400,1.799982
_3142_,VPWR,li1,51.9800,62.5600,1.799855
_3141_,VPWR,li1,59.8000,68.0000,1.799811
_3140_,VPWR,li1,62.1000,73.4400,1.799919
_3139_,VPWR,li1,57.5000,78.8800,1.799933
_3138_,VPWR,li1,49.2200,84.3200,1.799951
_3137_,VPWR,li1,50.1400,89.7600,1.799918
_3136_,VPWR,li1,51.0600,100.6400,1.799836
_3135_,VPWR,li1,60.2600,100.6400,1.799836
_3134_,VPWR,li1,57.0400,111.5200,1.799908
_3133_,VPWR,li1,49.6800,106.0800,1.799927
_3132_,VPWR,li1,40.0200,111.5200,1.799935
_3131_,VPWR,li1,36.3400,116.9600,1.799950
_3130_,VPWR,li1,44.6200,122.4000,1.799900
_3129_,VPWR,li1,51.9800,122.4000,1.799884
_3128_,VPWR,li1,62.1000,122.4000,1.799869
_3127_,VPWR,li1,63.0200,116.9600,1.799924
_3126_,VPWR,li1,13.8000,73.4400,1.799960
_3125_,VPWR,li1,23.9200,73.4400,1.799957
_3124_,VPWR,li1,25.3000,78.8800,1.799969
_3123_,VPWR,li1,19.3200,78.8800,1.799971
_3122_,VPWR,li1,11.5000,84.3200,1.799975
_3121_,VPWR,li1,11.5000,95.2000,1.799966
_3120_,VPWR,li1,22.5400,95.2000,1.799974
_3119_,VPWR,li1,18.8600,100.6400,1.799941
_3118_,VPWR,li1,11.5000,100.6400,1.799938
_3117_,VPWR,li1,11.5000,51.6800,1.799953
_3116_,VPWR,li1,11.7300,62.5600,1.799953
_3115_,VPWR,li1,11.7300,106.0800,1.799970
_3114_,VPWR,li1,11.5000,122.4000,1.799966
_3113_,VPWR,li1,11.5000,127.8400,1.799984
_3112_,VPWR,li1,21.6200,122.4000,1.799966
_3111_,VPWR,li1,25.3000,116.9600,1.799969
_3110_,VPWR,li1,36.3400,73.4400,1.799939
_3109_,VPWR,li1,34.7300,73.4400,1.799939
_3108_,VPWR,li1,36.1100,84.3200,1.799962
_3107_,VPWR,li1,26.4500,84.3200,1.799974
_3106_,VPWR,li1,19.0900,89.7600,1.799960
_3105_,VPWR,li1,29.6700,89.7600,1.799939
_3104_,VPWR,li1,35.1900,95.2000,1.799958
_3103_,VPWR,li1,26.4500,106.0800,1.799963
_3102_,VPWR,li1,37.0300,100.6400,1.799873
_3101_,VPWR,li1,12.1900,46.2400,1.799980
_3100_,VPWR,li1,21.3900,106.0800,1.799973
_3099_,VPWR,li1,12.6500,116.9600,1.799974
_3098_,VPWR,li1,13.1100,133.2800,1.799984
_3097_,VPWR,li1,23.6900,127.8400,1.799984
_3096_,VPWR,li1,26.9100,133.2800,1.799982
_3095_,VPWR,li1,31.5100,122.4000,1.799937
_3094_,VPWR,li1,48.0700,73.4400,1.799927
_3093_,VPWR,li1,70.6100,62.5600,1.799806
_3092_,VPWR,li1,69.2300,68.0000,1.799788
_3091_,VPWR,li1,68.7700,78.8800,1.799929
_3090_,VPWR,li1,61.8700,89.7600,1.799916
_3089_,VPWR,li1,42.5500,84.3200,1.799957
_3088_,VPWR,li1,45.3100,95.2000,1.799953
_3087_,VPWR,li1,69.2300,95.2000,1.799951
_3086_,VPWR,li1,68.3100,106.0800,1.799911
_3085_,VPWR,li1,52.6700,138.7200,1.799984
_3084_,VPWR,li1,31.9700,111.5200,1.799952
_3083_,VPWR,li1,37.4900,133.2800,1.799974
_3082_,VPWR,li1,46.2300,133.2800,1.799970
_3081_,VPWR,li1,56.3500,144.1600,1.799995
_3080_,VPWR,li1,60.0300,133.2800,1.799968
_3079_,VPWR,li1,75.6700,122.4000,1.799856
_3078_,VPWR,li1,47.8400,29.9200,1.799951
_3077_,VPWR,li1,139.3800,68.0000,1.799819
_3076_,VPWR,li1,126.2700,68.0000,1.799771
_3075_,VPWR,li1,138.4600,78.8800,1.799945
_3074_,VPWR,li1,142.3700,84.3200,1.799966
_3073_,VPWR,li1,129.4900,73.4400,1.799940
_3072_,VPWR,li1,129.2600,78.8800,1.799936
_3071_,VPWR,li1,150.1900,95.2000,1.799967
_3070_,VPWR,li1,148.3500,89.7600,1.799948
_3069_,VPWR,li1,131.1000,95.2000,1.799955
_3068_,VPWR,li1,153.4100,100.6400,1.799939
_3067_,VPWR,li1,167.6700,160.4800,1.799995
_3066_,VPWR,li1,168.1300,155.0400,1.799992
_3065_,VPWR,li1,170.8900,144.1600,1.799993
_3064_,VPWR,li1,171.1200,133.2800,1.799993
_3063_,VPWR,li1,171.1200,127.8400,1.799989
_3062_,VPWR,li1,171.1200,116.9600,1.799976
_3061_,VPWR,li1,170.6600,111.5200,1.799959
_3060_,VPWR,li1,168.3600,106.0800,1.799945
_3059_,VPWR,li1,140.0700,106.0800,1.799881
_3058_,VPWR,li1,135.0100,89.7600,1.799937
_3057_,VPWR,li1,68.7700,89.7600,1.799918
_3056_,VPWR,li1,135.7000,165.9200,1.799980
_3055_,VPWR,li1,126.5000,165.9200,1.799979
_3054_,VPWR,li1,142.6000,155.0400,1.799981
_3053_,VPWR,li1,146.2800,138.7200,1.799980
_3052_,VPWR,li1,146.2800,133.2800,1.799981
_3051_,VPWR,li1,146.7400,122.4000,1.799847
_3050_,VPWR,li1,148.5800,116.9600,1.799946
_3049_,VPWR,li1,142.3700,111.5200,1.799889
_3048_,VPWR,li1,126.0400,155.0400,1.799982
_3047_,VPWR,li1,139.3800,155.0400,1.799980
_3046_,VPWR,li1,139.3800,149.6000,1.799990
_3045_,VPWR,li1,139.3800,144.1600,1.799987
_3044_,VPWR,li1,141.2200,138.7200,1.799979
_3043_,VPWR,li1,140.3000,127.8400,1.799975
_3042_,VPWR,li1,139.3800,116.9600,1.799938
_3041_,VPWR,li1,139.6100,111.5200,1.799883
_3040_,VPWR,li1,78.2000,68.0000,1.799764
_3039_,VPWR,li1,123.7400,78.8800,1.799933
_3038_,VPWR,li1,114.5400,78.8800,1.799930
_3037_,VPWR,li1,121.9000,84.3200,1.799957
_3036_,VPWR,li1,122.3600,89.7600,1.799930
_3035_,VPWR,li1,120.0600,95.2000,1.799952
_3034_,VPWR,li1,128.3400,100.6400,1.799902
_3033_,VPWR,li1,139.3800,100.6400,1.799918
_3032_,VPWR,li1,106.7200,73.4400,1.799925
_3031_,VPWR,li1,81.4200,57.1200,1.799807
_3030_,VPWR,li1,116.8400,73.4400,1.799929
_3029_,VPWR,li1,114.0800,68.0000,1.799747
_3028_,VPWR,li1,87.8600,57.1200,1.799812
_3027_,VPWR,li1,113.6200,57.1200,1.799845
_3026_,VPWR,li1,101.2000,68.0000,1.799736
_3025_,VPWR,li1,92.4600,62.5600,1.799797
_3024_,VPWR,li1,105.8000,57.1200,1.799831
_3023_,VPWR,li1,115.9200,46.2400,1.799933
_3022_,VPWR,li1,93.8400,40.8000,1.799927
_3021_,VPWR,li1,105.8000,46.2400,1.799929
_3020_,VPWR,li1,101.2000,46.2400,1.799929
_3019_,VPWR,li1,93.3800,51.6800,1.799821
_3018_,VPWR,li1,115.4600,46.2400,1.799933
_3017_,VPWR,li1,98.9000,57.1200,1.799822
_3016_,VPWR,li1,62.1000,46.2400,1.799943
_3015_,VPWR,li1,59.3400,40.8000,1.799930
_3014_,VPWR,li1,70.8400,40.8000,1.799926
_3013_,VPWR,li1,74.9800,51.6800,1.799817
_3012_,VPWR,li1,83.2600,46.2400,1.799933
_3011_,VPWR,li1,84.1800,40.8000,1.799925
_3010_,VPWR,li1,77.7400,35.3600,1.799927
_3009_,VPWR,li1,61.4100,19.0400,1.799962
_3008_,VPWR,li1,62.1000,24.4800,1.799965
_3007_,VPWR,li1,78.2000,29.9200,1.799943
_3006_,VPWR,li1,78.2000,13.6000,1.799945
_3005_,VPWR,li1,89.2400,29.9200,1.799942
_3004_,VPWR,li1,107.6400,19.0400,1.799954
_3003_,VPWR,li1,116.8400,19.0400,1.799956
_3002_,VPWR,li1,100.7400,29.9200,1.799943
_3001_,VPWR,li1,103.9600,40.8000,1.799932
_3000_,VPWR,li1,36.3400,19.0400,1.799973
_2999_,VPWR,li1,36.3400,13.6000,1.799965
_2998_,VPWR,li1,51.9800,19.0400,1.799966
_2997_,VPWR,li1,49.2200,13.6000,1.799953
_2996_,VPWR,li1,56.1200,35.3600,1.799936
_2995_,VPWR,li1,65.3200,35.3600,1.799931
_2994_,VPWR,li1,88.7800,35.3600,1.799927
_2993_,VPWR,li1,94.7600,35.3600,1.799928
_2992_,VPWR,li1,93.8400,13.6000,1.799946
_2991_,VPWR,li1,120.5200,13.6000,1.799955
_2990_,VPWR,li1,116.8400,29.9200,1.799951
_2989_,VPWR,li1,116.3800,35.3600,1.799941
_2988_,VPWR,li1,55.8900,24.4800,1.799966
_2987_,VPWR,li1,55.8900,40.8000,1.799932
_2986_,VPWR,li1,55.4300,57.1200,1.799809
_2985_,VPWR,li1,8.5100,73.4400,1.799959
_2984_,VPWR,li1,8.5100,73.4400,1.799959
_2983_,VPWR,li1,17.7100,29.9200,1.799974
_2982_,VPWR,li1,10.8100,29.9200,1.799972
_2981_,VPWR,li1,19.5500,40.8000,1.799972
_2980_,VPWR,li1,11.2700,35.3600,1.799972
_2979_,VPWR,li1,40.2500,29.9200,1.799956
_2978_,VPWR,li1,45.7700,40.8000,1.799941
_2977_,VPWR,li1,56.8100,46.2400,1.799948
_2976_,VPWR,li1,154.7900,84.3200,1.799975
_2975_,VPWR,li1,77.5100,51.6800,1.799818
_2974_,VPWR,li1,151.5700,100.6400,1.799936
_2973_,VPWR,li1,68.7700,57.1200,1.799804
_2972_,VPWR,li1,26.4500,40.8000,1.799967
_2971_,VPWR,li1,51.2900,40.8000,1.799936
_2970_,VPWR,li1,32.4300,29.9200,1.799965
_2969_,VPWR,li1,38.8700,29.9200,1.799959
_2968_,VPWR,li1,29.6700,46.2400,1.799972
_2967_,VPWR,li1,24.1500,46.2400,1.799979
_2966_,VPWR,li1,32.4300,68.0000,1.799906
_2965_,VPWR,li1,21.8500,46.2400,1.799982
_2964_,VPWR,li1,26.9100,68.0000,1.799930
_2963_,VPWR,li1,14.9500,68.0000,1.799951
_2962_,VPWR,li1,37.4900,24.4800,1.799974
_2961_,VPWR,li1,12.1900,24.4800,1.799984
_2960_,VPWR,li1,13.5700,13.6000,1.799980
_2959_,VPWR,li1,29.2100,13.6000,1.799973
_2958_,VPWR,li1,11.7300,19.0400,1.799982
_2957_,VPWR,li1,52.6700,62.5600,1.799855
_2956_,VPWR,li1,63.2500,62.5600,1.799827
_2955_,VPWR,li1,61.8700,62.5600,1.799827
_2954_,VPWR,li1,58.6500,78.8800,1.799933
_2953_,VPWR,li1,49.9100,78.8800,1.799942
_2952_,VPWR,li1,55.4300,89.7600,1.799917
_2951_,VPWR,li1,55.4300,95.2000,1.799951
_2950_,VPWR,li1,61.8700,95.2000,1.799951
_2949_,VPWR,li1,61.8700,111.5200,1.799904
_2948_,VPWR,li1,52.2100,111.5200,1.799916
_2947_,VPWR,li1,43.9300,106.0800,1.799935
_2946_,VPWR,li1,36.5700,127.8400,1.799975
_2945_,VPWR,li1,52.6700,127.8400,1.799965
_2944_,VPWR,li1,54.9700,116.9600,1.799930
_2943_,VPWR,li1,62.3300,127.8400,1.799963
_2942_,VPWR,li1,68.3100,116.9600,1.799924
_2941_,VPWR,li1,20.4700,68.0000,1.799953
_2940_,VPWR,li1,30.5900,68.0000,1.799913
_2939_,VPWR,li1,30.5900,78.8800,1.799962
_2938_,VPWR,li1,20.0100,78.8800,1.799971
_2937_,VPWR,li1,11.2700,84.3200,1.799975
_2936_,VPWR,li1,8.9700,89.7600,1.799957
_2935_,VPWR,li1,24.6100,100.6400,1.799931
_2934_,VPWR,li1,19.5500,106.0800,1.799973
_2933_,VPWR,li1,9.8900,95.2000,1.799966
_2932_,VPWR,li1,16.7900,51.6800,1.799955
_2931_,VPWR,li1,14.4900,57.1200,1.799939
_2930_,VPWR,li1,14.9500,106.0800,1.799971
_2929_,VPWR,li1,16.7900,122.4000,1.799966
_2928_,VPWR,li1,16.7900,127.8400,1.799985
_2927_,VPWR,li1,25.9900,127.8400,1.799982
_2926_,VPWR,li1,30.5900,116.9600,1.799961
_2925_,VPWR,li1,41.6300,73.4400,1.799933
_2924_,VPWR,li1,36.5700,68.0000,1.799895
_2923_,VPWR,li1,37.0300,78.8800,1.799954
_2922_,VPWR,li1,30.5900,84.3200,1.799971
_2921_,VPWR,li1,23.6900,89.7600,1.799955
_2920_,VPWR,li1,32.4300,89.7600,1.799934
_2919_,VPWR,li1,38.8700,89.7600,1.799922
_2918_,VPWR,li1,27.3700,111.5200,1.799964
_2917_,VPWR,li1,29.2100,100.6400,1.799909
_2916_,VPWR,li1,12.1900,40.8000,1.799970
_2915_,VPWR,li1,23.6900,111.5200,1.799970
_2914_,VPWR,li1,19.5500,111.5200,1.799975
_2913_,VPWR,li1,10.3500,133.2800,1.799984
_2912_,VPWR,li1,24.1500,133.2800,1.799984
_2911_,VPWR,li1,30.5900,127.8400,1.799978
_2910_,VPWR,li1,30.5900,122.4000,1.799937
_2909_,VPWR,li1,49.9100,78.8800,1.799942
_2908_,VPWR,li1,76.1300,62.5600,1.799799
_2907_,VPWR,li1,71.0700,68.0000,1.799782
_2906_,VPWR,li1,74.2900,78.8800,1.799929
_2905_,VPWR,li1,61.8700,89.7600,1.799916
_2904_,VPWR,li1,44.8500,89.7600,1.799920
_2903_,VPWR,li1,45.3100,95.2000,1.799953
_2902_,VPWR,li1,74.2900,100.6400,1.799849
_2901_,VPWR,li1,68.7700,106.0800,1.799911
_2900_,VPWR,li1,55.8900,133.2800,1.799968
_2899_,VPWR,li1,30.5900,100.6400,1.799898
_2898_,VPWR,li1,39.3300,133.2800,1.799973
_2897_,VPWR,li1,46.2300,138.7200,1.799987
_2896_,VPWR,li1,58.1900,138.7200,1.799984
_2895_,VPWR,li1,61.8700,133.2800,1.799968
_2894_,VPWR,li1,72.4500,116.9600,1.799924
_2893_,VPWR,li1,49.4500,35.3600,1.799942
_2892_,VPWR,li1,141.9100,73.4400,1.799953
_2891_,VPWR,li1,123.9700,73.4400,1.799936
_2890_,VPWR,li1,138.6900,84.3200,1.799964
_2889_,VPWR,li1,151.5700,84.3200,1.799973
_2888_,VPWR,li1,132.7100,68.0000,1.799799
_2887_,VPWR,li1,133.1700,78.8800,1.799940
_2886_,VPWR,li1,141.9100,95.2000,1.799962
_2885_,VPWR,li1,162.6100,95.2000,1.799979
_2884_,VPWR,li1,129.9500,95.2000,1.799955
_2883_,VPWR,li1,153.8700,100.6400,1.799939
_2882_,VPWR,li1,174.1100,160.4800,1.799997
_2881_,VPWR,li1,174.1100,155.0400,1.799994
_2880_,VPWR,li1,174.1100,144.1600,1.799995
_2879_,VPWR,li1,174.1100,138.7200,1.799995
_2878_,VPWR,li1,174.1100,127.8400,1.799990
_2877_,VPWR,li1,174.1100,116.9600,1.799979
_2876_,VPWR,li1,174.1100,111.5200,1.799966
_2875_,VPWR,li1,174.1100,106.0800,1.799963
_2874_,VPWR,li1,146.0500,100.6400,1.799928
_2873_,VPWR,li1,135.4700,84.3200,1.799963
_2872_,VPWR,li1,68.7700,89.7600,1.799918
_2871_,VPWR,li1,133.1700,160.4800,1.799996
_2870_,VPWR,li1,127.6500,160.4800,1.799996
_2869_,VPWR,li1,152.0300,155.0400,1.799985
_2868_,VPWR,li1,148.3500,144.1600,1.799988
_2867_,VPWR,li1,148.3500,133.2800,1.799982
_2866_,VPWR,li1,152.0300,122.4000,1.799868
_2865_,VPWR,li1,154.7900,116.9600,1.799955
_2864_,VPWR,li1,151.1100,106.0800,1.799897
_2863_,VPWR,li1,126.7300,149.6000,1.799990
_2862_,VPWR,li1,133.6300,155.0400,1.799981
_2861_,VPWR,li1,134.5500,149.6000,1.799990
_2860_,VPWR,li1,139.6100,144.1600,1.799987
_2859_,VPWR,li1,140.9900,133.2800,1.799981
_2858_,VPWR,li1,145.5900,127.8400,1.799977
_2857_,VPWR,li1,140.0700,127.8400,1.799975
_2856_,VPWR,li1,146.5100,116.9600,1.799944
_2855_,VPWR,li1,78.8900,62.5600,1.799799
_2854_,VPWR,li1,122.5900,78.8800,1.799932
_2853_,VPWR,li1,115.6900,78.8800,1.799930
_2852_,VPWR,li1,123.0500,84.3200,1.799957
_2851_,VPWR,li1,127.6500,89.7600,1.799934
_2850_,VPWR,li1,128.1100,95.2000,1.799954
_2849_,VPWR,li1,133.6300,100.6400,1.799910
_2848_,VPWR,li1,144.6700,100.6400,1.799925
_2847_,VPWR,li1,107.8700,68.0000,1.799742
_2846_,VPWR,li1,82.1100,57.1200,1.799807
_2845_,VPWR,li1,126.2700,73.4400,1.799938
_2844_,VPWR,li1,119.3700,68.0000,1.799753
_2843_,VPWR,li1,85.3300,62.5600,1.799798
_2842_,VPWR,li1,109.7100,62.5600,1.799822
_2841_,VPWR,li1,109.7100,68.0000,1.799744
_2840_,VPWR,li1,94.0700,62.5600,1.799797
_2839_,VPWR,li1,107.8700,57.1200,1.799835
_2838_,VPWR,li1,122.5900,46.2400,1.799938
_2837_,VPWR,li1,94.9900,46.2400,1.799930
_2836_,VPWR,li1,107.8700,46.2400,1.799930
_2835_,VPWR,li1,106.4900,46.2400,1.799929
_2834_,VPWR,li1,94.9900,57.1200,1.799819
_2833_,VPWR,li1,120.7500,51.6800,1.799846
_2832_,VPWR,li1,106.4900,62.5600,1.799812
_2831_,VPWR,li1,59.1100,46.2400,1.799946
_2830_,VPWR,li1,58.1900,40.8000,1.799930
_2829_,VPWR,li1,77.9700,40.8000,1.799925
_2828_,VPWR,li1,76.1300,51.6800,1.799818
_2827_,VPWR,li1,87.1700,51.6800,1.799820
_2826_,VPWR,li1,87.6300,40.8000,1.799926
_2825_,VPWR,li1,83.4900,35.3600,1.799927
_2824_,VPWR,li1,61.8700,13.6000,1.799949
_2823_,VPWR,li1,67.3900,24.4800,1.799965
_2822_,VPWR,li1,83.9500,29.9200,1.799942
_2821_,VPWR,li1,79.8100,13.6000,1.799945
_2820_,VPWR,li1,94.0700,29.9200,1.799943
_2819_,VPWR,li1,107.8700,13.6000,1.799950
_2818_,VPWR,li1,115.2300,13.6000,1.799953
_2817_,VPWR,li1,102.8100,24.4800,1.799965
_2816_,VPWR,li1,107.4100,35.3600,1.799935
_2815_,VPWR,li1,34.2700,19.0400,1.799975
_2814_,VPWR,li1,37.0300,13.6000,1.799965
_2813_,VPWR,li1,56.3500,13.6000,1.799950
_2812_,VPWR,li1,54.9700,13.6000,1.799950
_2811_,VPWR,li1,58.1900,29.9200,1.799947
_2810_,VPWR,li1,64.6300,29.9200,1.799946
_2809_,VPWR,li1,89.4700,40.8000,1.799926
_2808_,VPWR,li1,100.9700,35.3600,1.799932
_2807_,VPWR,li1,96.8300,13.6000,1.799947
_2806_,VPWR,li1,125.8100,13.6000,1.799960
_2805_,VPWR,li1,122.5900,29.9200,1.799954
_2804_,VPWR,li1,41.1700,51.6800,1.799886
_2803_,VPWR,li1,42.0900,35.3600,1.799950
_2802_,VPWR,li1,54.5100,46.2400,1.799949
_2801_,VPWR,li1,61.6400,62.5600,1.799827
_2800_,VPWR,li1,29.2100,57.1200,1.799890
_2799_,VPWR,li1,25.9900,35.3600,1.799969
_2798_,VPWR,li1,30.3600,35.3600,1.799963
_2797_,VPWR,li1,52.2100,46.2400,1.799952
_2796_,VPWR,li1,26.4500,46.2400,1.799975
_2795_,VPWR,li1,30.1300,57.1200,1.799890
_2794_,VPWR,li1,30.5900,51.6800,1.799922
_2793_,VPWR,li1,16.7900,57.1200,1.799939
_2792_,VPWR,li1,13.8000,57.1200,1.799939
_2791_,VPWR,li1,37.2600,51.6800,1.799899
_2790_,VPWR,li1,29.6700,46.2400,1.799972
_2789_,VPWR,li1,37.0300,57.1200,1.799845
_2788_,VPWR,li1,43.4700,51.6800,1.799878
_2787_,VPWR,li1,74.2900,51.6800,1.799817
_2786_,VPWR,li1,30.1300,35.3600,1.799966
_2785_,VPWR,li1,116.6100,35.3600,1.799941
_2784_,VPWR,li1,117.9900,29.9200,1.799951
_2783_,VPWR,li1,119.3700,19.0400,1.799957
_2782_,VPWR,li1,98.2100,19.0400,1.799956
_2781_,VPWR,li1,98.2100,35.3600,1.799931
_2780_,VPWR,li1,88.0900,35.3600,1.799927
_2779_,VPWR,li1,67.3900,29.9200,1.799945
_2778_,VPWR,li1,72.4500,29.9200,1.799944
_2777_,VPWR,li1,59.5700,35.3600,1.799934
_2776_,VPWR,li1,47.6100,19.0400,1.799968
_2775_,VPWR,li1,51.9800,24.4800,1.799967
_2774_,VPWR,li1,51.9800,19.0400,1.799966
_2773_,VPWR,li1,42.3200,19.0400,1.799971
_2772_,VPWR,li1,40.7100,19.0400,1.799971
_2771_,VPWR,li1,42.3200,13.6000,1.799959
_2770_,VPWR,li1,48.9900,24.4800,1.799968
_2769_,VPWR,li1,45.7700,19.0400,1.799969
_2768_,VPWR,li1,54.9700,13.6000,1.799950
_2767_,VPWR,li1,44.3900,19.0400,1.799970
_2766_,VPWR,li1,110.6300,40.8000,1.799938
_2765_,VPWR,li1,100.0500,24.4800,1.799965
_2764_,VPWR,li1,106.7200,35.3600,1.799935
_2763_,VPWR,li1,110.1700,35.3600,1.799937
_2762_,VPWR,li1,109.9400,35.3600,1.799937
_2761_,VPWR,li1,111.0900,24.4800,1.799965
_2760_,VPWR,li1,114.3100,24.4800,1.799965
_2759_,VPWR,li1,109.4800,24.4800,1.799965
_2758_,VPWR,li1,107.4100,24.4800,1.799965
_2757_,VPWR,li1,107.4100,29.9200,1.799946
_2756_,VPWR,li1,104.8800,13.6000,1.799949
_2755_,VPWR,li1,102.8100,29.9200,1.799945
_2754_,VPWR,li1,111.0900,13.6000,1.799952
_2753_,VPWR,li1,107.8700,19.0400,1.799954
_2752_,VPWR,li1,116.3800,19.0400,1.799956
_2751_,VPWR,li1,89.4700,24.4800,1.799965
_2750_,VPWR,li1,92.6900,24.4800,1.799965
_2749_,VPWR,li1,96.3700,19.0400,1.799956
_2748_,VPWR,li1,97.7500,24.4800,1.799965
_2747_,VPWR,li1,102.1200,19.0400,1.799955
_2746_,VPWR,li1,77.2800,19.0400,1.799959
_2745_,VPWR,li1,68.7700,40.8000,1.799926
_2744_,VPWR,li1,85.7900,19.0400,1.799958
_2743_,VPWR,li1,87.6300,13.6000,1.799945
_2742_,VPWR,li1,91.5400,19.0400,1.799957
_2741_,VPWR,li1,84.6400,29.9200,1.799942
_2740_,VPWR,li1,81.6500,29.9200,1.799943
_2739_,VPWR,li1,80.7300,24.4800,1.799965
_2738_,VPWR,li1,83.4900,24.4800,1.799965
_2737_,VPWR,li1,84.1800,19.0400,1.799958
_2736_,VPWR,li1,70.3800,29.9200,1.799945
_2735_,VPWR,li1,60.4900,29.9200,1.799947
_2734_,VPWR,li1,72.4500,29.9200,1.799944
_2733_,VPWR,li1,73.8300,24.4800,1.799965
_2732_,VPWR,li1,75.9000,24.4800,1.799965
_2731_,VPWR,li1,68.0800,19.0400,1.799961
_2730_,VPWR,li1,74.7500,19.0400,1.799959
_2729_,VPWR,li1,74.7500,19.0400,1.799959
_2728_,VPWR,li1,71.9900,19.0400,1.799960
_2727_,VPWR,li1,75.6700,40.8000,1.799925
_2726_,VPWR,li1,69.9200,13.6000,1.799947
_2725_,VPWR,li1,67.1600,19.0400,1.799961
_2724_,VPWR,li1,69.2300,19.0400,1.799960
_2723_,VPWR,li1,62.5600,24.4800,1.799965
_2722_,VPWR,li1,71.7600,24.4800,1.799965
_2721_,VPWR,li1,73.6000,24.4800,1.799965
_2720_,VPWR,li1,80.9600,19.0400,1.799958
_2719_,VPWR,li1,89.2400,19.0400,1.799957
_2718_,VPWR,li1,99.8200,19.0400,1.799956
_2717_,VPWR,li1,114.0800,19.0400,1.799955
_2716_,VPWR,li1,105.3400,29.9200,1.799946
_2715_,VPWR,li1,112.9300,35.3600,1.799938
_2714_,VPWR,li1,110.4000,29.9200,1.799948
_2713_,VPWR,li1,110.4000,29.9200,1.799948
_2712_,VPWR,li1,116.6100,24.4800,1.799965
_2711_,VPWR,li1,126.9600,19.0400,1.799960
_2710_,VPWR,li1,126.5000,13.6000,1.799960
_2709_,VPWR,li1,100.9700,19.0400,1.799955
_2708_,VPWR,li1,99.8200,13.6000,1.799948
_2707_,VPWR,li1,94.3000,13.6000,1.799946
_2706_,VPWR,li1,93.1500,19.0400,1.799956
_2705_,VPWR,li1,88.7800,19.0400,1.799957
_2704_,VPWR,li1,85.5600,24.4800,1.799965
_2703_,VPWR,li1,75.2100,24.4800,1.799965
_2702_,VPWR,li1,79.5800,24.4800,1.799965
_2701_,VPWR,li1,77.2800,24.4800,1.799965
_2700_,VPWR,li1,68.3100,24.4800,1.799965
_2699_,VPWR,li1,65.3200,24.4800,1.799965
_2698_,VPWR,li1,77.5100,40.8000,1.799925
_2697_,VPWR,li1,80.2700,46.2400,1.799934
_2696_,VPWR,li1,71.9900,46.2400,1.799938
_2695_,VPWR,li1,68.3100,46.2400,1.799940
_2694_,VPWR,li1,71.9900,40.8000,1.799926
_2693_,VPWR,li1,58.6500,51.6800,1.799835
_2692_,VPWR,li1,94.9900,29.9200,1.799943
_2691_,VPWR,li1,63.7100,35.3600,1.799931
_2690_,VPWR,li1,53.3600,24.4800,1.799967
_2689_,VPWR,li1,42.5500,29.9200,1.799955
_2688_,VPWR,li1,98.4400,57.1200,1.799822
_2687_,VPWR,li1,167.2100,100.6400,1.799967
_2686_,VPWR,li1,116.3800,51.6800,1.799833
_2685_,VPWR,li1,172.2700,78.8800,1.799986
_2684_,VPWR,li1,93.8400,46.2400,1.799930
_2683_,VPWR,li1,168.8200,84.3200,1.799987
_2682_,VPWR,li1,171.3500,84.3200,1.799989
_2681_,VPWR,li1,100.7400,51.6800,1.799826
_2680_,VPWR,li1,142.8300,46.2400,1.799958
_2679_,VPWR,li1,105.3400,51.6800,1.799828
_2678_,VPWR,li1,150.8800,51.6800,1.799915
_2677_,VPWR,li1,153.4100,51.6800,1.799925
_2676_,VPWR,li1,89.2400,46.2400,1.799931
_2675_,VPWR,li1,147.8900,46.2400,1.799964
_2674_,VPWR,li1,151.3400,46.2400,1.799967
_2673_,VPWR,li1,123.7400,51.6800,1.799851
_2672_,VPWR,li1,141.2200,46.2400,1.799958
_2671_,VPWR,li1,120.2900,51.6800,1.799841
_2670_,VPWR,li1,121.6700,62.5600,1.799850
_2669_,VPWR,li1,119.6000,57.1200,1.799857
_2668_,VPWR,li1,108.7900,62.5600,1.799818
_2667_,VPWR,li1,91.7700,62.5600,1.799797
_2666_,VPWR,li1,107.4100,68.0000,1.799742
_2665_,VPWR,li1,115.6900,62.5600,1.799836
_2664_,VPWR,li1,87.1700,51.6800,1.799820
_2663_,VPWR,li1,112.0100,62.5600,1.799827
_2662_,VPWR,li1,119.3700,62.5600,1.799841
_2661_,VPWR,li1,87.6300,57.1200,1.799812
_2660_,VPWR,li1,105.5700,68.0000,1.799741
_2659_,VPWR,li1,123.9700,57.1200,1.799867
_2658_,VPWR,li1,127.8800,51.6800,1.799863
_2657_,VPWR,li1,139.3800,24.4800,1.799975
_2656_,VPWR,li1,156.8600,29.9200,1.799979
_2655_,VPWR,li1,169.7400,57.1200,1.799968
_2654_,VPWR,li1,159.6200,84.3200,1.799979
_2653_,VPWR,li1,170.2000,46.2400,1.799986
_2652_,VPWR,li1,151.1100,35.3600,1.799970
_2651_,VPWR,li1,132.4800,46.2400,1.799949
_2650_,VPWR,li1,144.2100,46.2400,1.799960
_2649_,VPWR,li1,169.9700,84.3200,1.799987
_2648_,VPWR,li1,170.4300,95.2000,1.799987
_2647_,VPWR,li1,170.4300,89.7600,1.799977
_2646_,VPWR,li1,169.5100,78.8800,1.799982
_2645_,VPWR,li1,119.8300,62.5600,1.799846
_2644_,VPWR,li1,123.7400,62.5600,1.799855
_2643_,VPWR,li1,126.2700,62.5600,1.799861
_2642_,VPWR,li1,131.7900,57.1200,1.799883
_2641_,VPWR,li1,128.5700,51.6800,1.799863
_2640_,VPWR,li1,125.8100,40.8000,1.799951
_2639_,VPWR,li1,126.9600,24.4800,1.799967
_2638_,VPWR,li1,129.4900,62.5600,1.799869
_2637_,VPWR,li1,131.1000,62.5600,1.799869
_2636_,VPWR,li1,135.7000,51.6800,1.799879
_2635_,VPWR,li1,119.8300,57.1200,1.799857
_2634_,VPWR,li1,128.3400,57.1200,1.799876
_2633_,VPWR,li1,130.6400,51.6800,1.799868
_2632_,VPWR,li1,128.5700,40.8000,1.799953
_2631_,VPWR,li1,125.8100,29.9200,1.799957
_2630_,VPWR,li1,112.4700,51.6800,1.799831
_2629_,VPWR,li1,139.8400,57.1200,1.799900
_2628_,VPWR,li1,138.9200,57.1200,1.799900
_2627_,VPWR,li1,123.0500,51.6800,1.799851
_2626_,VPWR,li1,124.6600,57.1200,1.799867
_2625_,VPWR,li1,126.0400,46.2400,1.799943
_2624_,VPWR,li1,123.9700,46.2400,1.799941
_2623_,VPWR,li1,93.1500,57.1200,1.799817
_2622_,VPWR,li1,136.6200,62.5600,1.799884
_2621_,VPWR,li1,138.2300,51.6800,1.799887
_2620_,VPWR,li1,137.7700,51.6800,1.799887
_2619_,VPWR,li1,123.0500,62.5600,1.799850
_2618_,VPWR,li1,128.8000,57.1200,1.799876
_2617_,VPWR,li1,126.9600,40.8000,1.799951
_2616_,VPWR,li1,126.7300,51.6800,1.799857
_2615_,VPWR,li1,129.2600,46.2400,1.799945
_2614_,VPWR,li1,129.9500,46.2400,1.799947
_2613_,VPWR,li1,135.9300,62.5600,1.799884
_2612_,VPWR,li1,136.3900,57.1200,1.799894
_2611_,VPWR,li1,139.6100,62.5600,1.799890
_2610_,VPWR,li1,144.2100,68.0000,1.799843
_2609_,VPWR,li1,167.2100,89.7600,1.799974
_2608_,VPWR,li1,135.9300,46.2400,1.799951
_2607_,VPWR,li1,140.9900,51.6800,1.799893
_2606_,VPWR,li1,132.7100,46.2400,1.799949
_2605_,VPWR,li1,141.9100,46.2400,1.799958
_2604_,VPWR,li1,150.1900,46.2400,1.799967
_2603_,VPWR,li1,155.4800,51.6800,1.799930
_2602_,VPWR,li1,153.1800,46.2400,1.799970
_2601_,VPWR,li1,160.0800,95.2000,1.799976
_2600_,VPWR,li1,158.4700,89.7600,1.799962
_2599_,VPWR,li1,161.9200,95.2000,1.799979
_2598_,VPWR,li1,159.3900,46.2400,1.799976
_2597_,VPWR,li1,154.7900,46.2400,1.799970
_2596_,VPWR,li1,155.2500,46.2400,1.799972
_2595_,VPWR,li1,164.4500,84.3200,1.799983
_2594_,VPWR,li1,170.4300,95.2000,1.799987
_2593_,VPWR,li1,167.2100,95.2000,1.799983
_2592_,VPWR,li1,164.9100,78.8800,1.799977
_2591_,VPWR,li1,131.3300,35.3600,1.799954
_2590_,VPWR,li1,129.0300,40.8000,1.799953
_2589_,VPWR,li1,130.4100,40.8000,1.799955
_2588_,VPWR,li1,132.2500,19.0400,1.799962
_2587_,VPWR,li1,129.0300,13.6000,1.799961
_2586_,VPWR,li1,127.6500,29.9200,1.799958
_2585_,VPWR,li1,127.6500,35.3600,1.799950
_2584_,VPWR,li1,126.2700,35.3600,1.799950
_2583_,VPWR,li1,130.4100,24.4800,1.799970
_2582_,VPWR,li1,131.7900,29.9200,1.799961
_2581_,VPWR,li1,139.1500,40.8000,1.799962
_2580_,VPWR,li1,142.6000,29.9200,1.799969
_2579_,VPWR,li1,140.0700,51.6800,1.799893
_2578_,VPWR,li1,142.6000,35.3600,1.799963
_2577_,VPWR,li1,142.3700,40.8000,1.799964
_2576_,VPWR,li1,139.1500,40.8000,1.799962
_2575_,VPWR,li1,143.0600,40.8000,1.799965
_2574_,VPWR,li1,145.3600,35.3600,1.799966
_2573_,VPWR,li1,152.4900,35.3600,1.799972
_2572_,VPWR,li1,133.4000,29.9200,1.799963
_2571_,VPWR,li1,137.7700,29.9200,1.799966
_2570_,VPWR,li1,141.2200,40.8000,1.799964
_2569_,VPWR,li1,146.2800,29.9200,1.799971
_2568_,VPWR,li1,137.5400,29.9200,1.799964
_2567_,VPWR,li1,138.2300,35.3600,1.799959
_2566_,VPWR,li1,136.1600,24.4800,1.799972
_2565_,VPWR,li1,128.5700,19.0400,1.799960
_2564_,VPWR,li1,129.4900,24.4800,1.799969
_2563_,VPWR,li1,131.7900,19.0400,1.799962
_2562_,VPWR,li1,140.7600,19.0400,1.799966
_2561_,VPWR,li1,143.9800,19.0400,1.799967
_2560_,VPWR,li1,130.8700,13.6000,1.799963
_2559_,VPWR,li1,132.2500,13.6000,1.799963
_2558_,VPWR,li1,161.9200,19.0400,1.799975
_2557_,VPWR,li1,133.6300,13.6000,1.799964
_2556_,VPWR,li1,149.2700,40.8000,1.799970
_2555_,VPWR,li1,146.0500,46.2400,1.799962
_2554_,VPWR,li1,150.1900,40.8000,1.799970
_2553_,VPWR,li1,166.2900,95.2000,1.799983
_2552_,VPWR,li1,167.2100,89.7600,1.799974
_2551_,VPWR,li1,141.9100,29.9200,1.799969
_2550_,VPWR,li1,149.5000,35.3600,1.799970
_2549_,VPWR,li1,146.0500,35.3600,1.799966
_2548_,VPWR,li1,151.1100,29.9200,1.799974
_2547_,VPWR,li1,140.5300,35.3600,1.799961
_2546_,VPWR,li1,145.5900,29.9200,1.799971
_2545_,VPWR,li1,142.3700,19.0400,1.799966
_2544_,VPWR,li1,139.1500,19.0400,1.799965
_2543_,VPWR,li1,145.1300,24.4800,1.799978
_2542_,VPWR,li1,147.8900,19.0400,1.799969
_2541_,VPWR,li1,149.2700,19.0400,1.799969
_2540_,VPWR,li1,148.3500,13.6000,1.799974
_2539_,VPWR,li1,149.0400,29.9200,1.799973
_2538_,VPWR,li1,155.9400,35.3600,1.799974
_2537_,VPWR,li1,152.4900,29.9200,1.799976
_2536_,VPWR,li1,157.0900,35.3600,1.799976
_2535_,VPWR,li1,162.3800,35.3600,1.799981
_2534_,VPWR,li1,159.1600,35.3600,1.799978
_2533_,VPWR,li1,165.8300,35.3600,1.799984
_2532_,VPWR,li1,152.0300,19.0400,1.799970
_2531_,VPWR,li1,150.6500,19.0400,1.799970
_2530_,VPWR,li1,150.6500,24.4800,1.799981
_2529_,VPWR,li1,159.3900,46.2400,1.799976
_2528_,VPWR,li1,152.9500,40.8000,1.799972
_2527_,VPWR,li1,163.3000,100.6400,1.799958
_2526_,VPWR,li1,162.1500,100.6400,1.799958
_2525_,VPWR,li1,174.1100,100.6400,1.799981
_2524_,VPWR,li1,169.9700,100.6400,1.799973
_2523_,VPWR,li1,155.2500,13.6000,1.799979
_2522_,VPWR,li1,155.4800,19.0400,1.799972
_2521_,VPWR,li1,158.7000,13.6000,1.799982
_2520_,VPWR,li1,163.5300,24.4800,1.799988
_2519_,VPWR,li1,165.1400,13.6000,1.799986
_2518_,VPWR,li1,167.2100,13.6000,1.799987
_2517_,VPWR,li1,173.1900,19.0400,1.799984
_2516_,VPWR,li1,162.1500,13.6000,1.799984
_2515_,VPWR,li1,151.5700,13.6000,1.799977
_2514_,VPWR,li1,158.4700,19.0400,1.799973
_2513_,VPWR,li1,153.1800,24.4800,1.799982
_2512_,VPWR,li1,156.4000,29.9200,1.799978
_2511_,VPWR,li1,169.9700,35.3600,1.799988
_2510_,VPWR,li1,151.1100,24.4800,1.799981
_2509_,VPWR,li1,156.6300,24.4800,1.799984
_2508_,VPWR,li1,160.5400,24.4800,1.799986
_2507_,VPWR,li1,169.9700,19.0400,1.799978
_2506_,VPWR,li1,164.4500,19.0400,1.799976
_2505_,VPWR,li1,163.9900,35.3600,1.799981
_2504_,VPWR,li1,169.0500,35.3600,1.799986
_2503_,VPWR,li1,168.5900,29.9200,1.799988
_2502_,VPWR,li1,166.2900,24.4800,1.799989
_2501_,VPWR,li1,157.5500,46.2400,1.799974
_2500_,VPWR,li1,157.0900,46.2400,1.799974
_2499_,VPWR,li1,162.3800,89.7600,1.799968
_2498_,VPWR,li1,156.1700,84.3200,1.799977
_2497_,VPWR,li1,156.8600,95.2000,1.799973
_2496_,VPWR,li1,164.9100,24.4800,1.799988
_2495_,VPWR,li1,168.5900,24.4800,1.799991
_2494_,VPWR,li1,167.6700,29.9200,1.799986
_2493_,VPWR,li1,172.0400,35.3600,1.799989
_2492_,VPWR,li1,169.0500,40.8000,1.799987
_2491_,VPWR,li1,165.3700,24.4800,1.799989
_2490_,VPWR,li1,174.1100,19.0400,1.799984
_2489_,VPWR,li1,171.5800,24.4800,1.799992
_2488_,VPWR,li1,172.7300,40.8000,1.799990
_2487_,VPWR,li1,161.9200,46.2400,1.799978
_2486_,VPWR,li1,165.3700,46.2400,1.799980
_2485_,VPWR,li1,158.7000,57.1200,1.799944
_2484_,VPWR,li1,163.9900,40.8000,1.799983
_2483_,VPWR,li1,168.1300,46.2400,1.799984
_2482_,VPWR,li1,172.9600,46.2400,1.799988
_2481_,VPWR,li1,162.1500,51.6800,1.799944
_2480_,VPWR,li1,159.6200,57.1200,1.799944
_2479_,VPWR,li1,156.6300,57.1200,1.799937
_2478_,VPWR,li1,158.0100,62.5600,1.799934
_2477_,VPWR,li1,168.1300,51.6800,1.799961
_2476_,VPWR,li1,170.4300,51.6800,1.799967
_2475_,VPWR,li1,162.8400,57.1200,1.799952
_2474_,VPWR,li1,155.7100,57.1200,1.799937
_2473_,VPWR,li1,161.4600,68.0000,1.799905
_2472_,VPWR,li1,164.4500,51.6800,1.799950
_2471_,VPWR,li1,174.5700,84.3200,1.799990
_2470_,VPWR,li1,174.1100,78.8800,1.799988
_2469_,VPWR,li1,170.6600,46.2400,1.799986
_2468_,VPWR,li1,170.4300,40.8000,1.799987
_2467_,VPWR,li1,171.3500,29.9200,1.799990
_2466_,VPWR,li1,174.5700,62.5600,1.799976
_2465_,VPWR,li1,171.8100,62.5600,1.799969
_2464_,VPWR,li1,173.6500,24.4800,1.799993
_2463_,VPWR,li1,172.2700,51.6800,1.799971
_2462_,VPWR,li1,171.5800,62.5600,1.799969
_2461_,VPWR,li1,169.5100,78.8800,1.799982
_2460_,VPWR,li1,168.1300,51.6800,1.799961
_2459_,VPWR,li1,168.8200,57.1200,1.799963
_2458_,VPWR,li1,173.1900,57.1200,1.799973
_2457_,VPWR,li1,165.8300,57.1200,1.799958
_2456_,VPWR,li1,154.7900,68.0000,1.799884
_2455_,VPWR,li1,169.9700,73.4400,1.799982
_2454_,VPWR,li1,168.5900,73.4400,1.799982
_2453_,VPWR,li1,163.9900,46.2400,1.799980
_2452_,VPWR,li1,162.6100,57.1200,1.799952
_2451_,VPWR,li1,161.9200,62.5600,1.799946
_2450_,VPWR,li1,158.0100,62.5600,1.799934
_2449_,VPWR,li1,167.6700,68.0000,1.799929
_2448_,VPWR,li1,174.5700,68.0000,1.799961
_2447_,VPWR,li1,164.4500,62.5600,1.799952
_2446_,VPWR,li1,174.5700,62.5600,1.799976
_2445_,VPWR,li1,169.7400,68.0000,1.799942
_2444_,VPWR,li1,171.8100,89.7600,1.799981
_2443_,VPWR,li1,162.6100,89.7600,1.799968
_2442_,VPWR,li1,161.2300,89.7600,1.799965
_2441_,VPWR,li1,168.5900,62.5600,1.799962
_2440_,VPWR,li1,167.4400,62.5600,1.799957
_2439_,VPWR,li1,166.9800,78.8800,1.799979
_2438_,VPWR,li1,163.0700,78.8800,1.799974
_2437_,VPWR,li1,164.6800,73.4400,1.799978
_2436_,VPWR,li1,165.8300,73.4400,1.799978
_2435_,VPWR,li1,152.7200,84.3200,1.799973
_2434_,VPWR,li1,161.6900,73.4400,1.799973
_2433_,VPWR,li1,163.0700,73.4400,1.799975
_2432_,VPWR,li1,164.9100,78.8800,1.799977
_2431_,VPWR,li1,159.3900,89.7600,1.799962
_2430_,VPWR,li1,161.2300,100.6400,1.799953
_2429_,VPWR,li1,163.0700,68.0000,1.799916
_2428_,VPWR,li1,160.3100,78.8800,1.799971
_2427_,VPWR,li1,155.2500,78.8800,1.799965
_2426_,VPWR,li1,158.0100,68.0000,1.799895
_2425_,VPWR,li1,156.1700,73.4400,1.799969
_2424_,VPWR,li1,152.0300,68.0000,1.799869
_2423_,VPWR,li1,152.9500,57.1200,1.799928
_2422_,VPWR,li1,145.5900,62.5600,1.799904
_2421_,VPWR,li1,151.3400,62.5600,1.799921
_2420_,VPWR,li1,159.3900,62.5600,1.799940
_2419_,VPWR,li1,147.8900,57.1200,1.799920
_2418_,VPWR,li1,141.6800,62.5600,1.799897
_2417_,VPWR,li1,151.1100,62.5600,1.799917
_2416_,VPWR,li1,152.9500,62.5600,1.799921
_2415_,VPWR,li1,144.2100,62.5600,1.799904
_2414_,VPWR,li1,145.5900,57.1200,1.799911
_2413_,VPWR,li1,158.0100,73.4400,1.799971
_2412_,VPWR,li1,156.6300,73.4400,1.799969
_2411_,VPWR,li1,157.0900,78.8800,1.799967
_2410_,VPWR,li1,154.5600,73.4400,1.799966
_2409_,VPWR,li1,157.5500,68.0000,1.799895
_2408_,VPWR,li1,148.3500,73.4400,1.799959
_2407_,VPWR,li1,149.2700,73.4400,1.799961
_2406_,VPWR,li1,151.8000,73.4400,1.799964
_2405_,VPWR,li1,154.7900,68.0000,1.799884
_2404_,VPWR,li1,151.1100,68.0000,1.799869
_2403_,VPWR,li1,144.4400,73.4400,1.799955
_2402_,VPWR,li1,153.8700,78.8800,1.799962
_2401_,VPWR,li1,145.1300,73.4400,1.799955
_2400_,VPWR,li1,145.5900,68.0000,1.799843
_2399_,VPWR,li1,148.8100,68.0000,1.799861
_2398_,VPWR,li1,156.1700,84.3200,1.799977
_2397_,VPWR,li1,132.4800,106.0800,1.799884
_2396_,VPWR,li1,129.9500,100.6400,1.799906
_2395_,VPWR,li1,126.0400,95.2000,1.799954
_2394_,VPWR,li1,122.1300,100.6400,1.799897
_2393_,VPWR,li1,123.2800,100.6400,1.799897
_2392_,VPWR,li1,116.1500,100.6400,1.799890
_2391_,VPWR,li1,115.9200,95.2000,1.799952
_2390_,VPWR,li1,112.4700,95.2000,1.799952
_2389_,VPWR,li1,116.3800,89.7600,1.799929
_2388_,VPWR,li1,114.7700,89.7600,1.799929
_2387_,VPWR,li1,110.8600,84.3200,1.799955
_2386_,VPWR,li1,110.1700,84.3200,1.799955
_2385_,VPWR,li1,114.5400,84.3200,1.799956
_2384_,VPWR,li1,107.4100,84.3200,1.799955
_2383_,VPWR,li1,78.4300,68.0000,1.799764
_2382_,VPWR,li1,127.4200,111.5200,1.799870
_2381_,VPWR,li1,128.1100,116.9600,1.799935
_2380_,VPWR,li1,132.4800,116.9600,1.799935
_2379_,VPWR,li1,125.8100,116.9600,1.799934
_2378_,VPWR,li1,136.6200,122.4000,1.799818
_2377_,VPWR,li1,129.4900,122.4000,1.799822
_2376_,VPWR,li1,134.7800,138.7200,1.799979
_2375_,VPWR,li1,133.1700,133.2800,1.799979
_2374_,VPWR,li1,132.4800,144.1600,1.799987
_2373_,VPWR,li1,118.4500,149.6000,1.799991
_2372_,VPWR,li1,130.6400,149.6000,1.799990
_2371_,VPWR,li1,120.7500,149.6000,1.799991
_2370_,VPWR,li1,130.6400,155.0400,1.799982
_2369_,VPWR,li1,128.5700,144.1600,1.799988
_2368_,VPWR,li1,133.6300,144.1600,1.799987
_2367_,VPWR,li1,99.8200,106.0800,1.799898
_2366_,VPWR,li1,123.5100,149.6000,1.799991
_2365_,VPWR,li1,153.1800,111.5200,1.799914
_2364_,VPWR,li1,131.1000,116.9600,1.799935
_2363_,VPWR,li1,132.2500,127.8400,1.799973
_2362_,VPWR,li1,128.8000,127.8400,1.799973
_2361_,VPWR,li1,127.6500,122.4000,1.799823
_2360_,VPWR,li1,109.7100,122.4000,1.799835
_2359_,VPWR,li1,117.0700,122.4000,1.799830
_2358_,VPWR,li1,152.7200,116.9600,1.799952
_2357_,VPWR,li1,128.8000,116.9600,1.799935
_2356_,VPWR,li1,128.1100,127.8400,1.799973
_2355_,VPWR,li1,123.5100,133.2800,1.799978
_2354_,VPWR,li1,121.2100,127.8400,1.799972
_2353_,VPWR,li1,123.9700,127.8400,1.799972
_2352_,VPWR,li1,125.8100,122.4000,1.799824
_2351_,VPWR,li1,115.2300,127.8400,1.799971
_2350_,VPWR,li1,110.1700,122.4000,1.799835
_2349_,VPWR,li1,146.2800,127.8400,1.799977
_2348_,VPWR,li1,133.4000,127.8400,1.799974
_2347_,VPWR,li1,135.4700,127.8400,1.799974
_2346_,VPWR,li1,130.4100,133.2800,1.799979
_2345_,VPWR,li1,129.9500,133.2800,1.799979
_2344_,VPWR,li1,115.2300,127.8400,1.799971
_2343_,VPWR,li1,117.9900,127.8400,1.799971
_2342_,VPWR,li1,121.6700,122.4000,1.799827
_2341_,VPWR,li1,112.4700,127.8400,1.799971
_2340_,VPWR,li1,112.4700,122.4000,1.799833
_2339_,VPWR,li1,141.6800,133.2800,1.799981
_2338_,VPWR,li1,136.6200,133.2800,1.799980
_2337_,VPWR,li1,126.2700,138.7200,1.799980
_2336_,VPWR,li1,122.1300,138.7200,1.799980
_2335_,VPWR,li1,113.8500,133.2800,1.799976
_2334_,VPWR,li1,110.8600,133.2800,1.799976
_2333_,VPWR,li1,117.5300,133.2800,1.799977
_2332_,VPWR,li1,115.6900,133.2800,1.799977
_2331_,VPWR,li1,101.4300,133.2800,1.799974
_2330_,VPWR,li1,141.6800,144.1600,1.799987
_2329_,VPWR,li1,130.6400,144.1600,1.799987
_2328_,VPWR,li1,130.4100,138.7200,1.799979
_2327_,VPWR,li1,129.4900,138.7200,1.799980
_2326_,VPWR,li1,111.5500,138.7200,1.799981
_2325_,VPWR,li1,110.8600,133.2800,1.799976
_2324_,VPWR,li1,106.2600,133.2800,1.799975
_2323_,VPWR,li1,98.6700,138.7200,1.799981
_2322_,VPWR,li1,149.0400,149.6000,1.799992
_2321_,VPWR,li1,132.0200,149.6000,1.799990
_2320_,VPWR,li1,123.5100,138.7200,1.799980
_2319_,VPWR,li1,123.0500,144.1600,1.799988
_2318_,VPWR,li1,112.4700,138.7200,1.799981
_2317_,VPWR,li1,102.5800,138.7200,1.799981
_2316_,VPWR,li1,90.8500,133.2800,1.799972
_2315_,VPWR,li1,107.1800,138.7200,1.799981
_2314_,VPWR,li1,124.8900,160.4800,1.799996
_2313_,VPWR,li1,124.6600,149.6000,1.799991
_2312_,VPWR,li1,130.8700,138.7200,1.799979
_2311_,VPWR,li1,116.6100,138.7200,1.799980
_2310_,VPWR,li1,106.2600,138.7200,1.799981
_2309_,VPWR,li1,104.4200,138.7200,1.799981
_2308_,VPWR,li1,80.9600,149.6000,1.799994
_2307_,VPWR,li1,125.8100,138.7200,1.799980
_2306_,VPWR,li1,119.6000,144.1600,1.799989
_2305_,VPWR,li1,116.1500,144.1600,1.799989
_2304_,VPWR,li1,132.9400,160.4800,1.799996
_2303_,VPWR,li1,128.3400,149.6000,1.799990
_2302_,VPWR,li1,119.8300,144.1600,1.799989
_2301_,VPWR,li1,115.2300,138.7200,1.799980
_2300_,VPWR,li1,44.3900,100.6400,1.799847
_2299_,VPWR,li1,103.5000,106.0800,1.799896
_2298_,VPWR,li1,99.1300,100.6400,1.799874
_2297_,VPWR,li1,97.2900,100.6400,1.799872
_2296_,VPWR,li1,127.6500,144.1600,1.799988
_2295_,VPWR,li1,125.8100,111.5200,1.799871
_2294_,VPWR,li1,123.5100,111.5200,1.799872
_2293_,VPWR,li1,109.7100,106.0800,1.799894
_2292_,VPWR,li1,106.4900,106.0800,1.799895
_2291_,VPWR,li1,117.3000,106.0800,1.799890
_2290_,VPWR,li1,115.2300,116.9600,1.799932
_2289_,VPWR,li1,100.2800,73.4400,1.799924
_2288_,VPWR,li1,101.2000,89.7600,1.799925
_2287_,VPWR,li1,101.4300,89.7600,1.799925
_2286_,VPWR,li1,98.6700,84.3200,1.799953
_2285_,VPWR,li1,72.4500,89.7600,1.799919
_2284_,VPWR,li1,136.8500,89.7600,1.799939
_2283_,VPWR,li1,42.5500,78.8800,1.799949
_2282_,VPWR,li1,129.2600,106.0800,1.799885
_2281_,VPWR,li1,110.1700,127.8400,1.799970
_2280_,VPWR,li1,129.0300,84.3200,1.799960
_2279_,VPWR,li1,106.4900,133.2800,1.799975
_2278_,VPWR,li1,86.7100,78.8800,1.799929
_2277_,VPWR,li1,97.9800,78.8800,1.799930
_2276_,VPWR,li1,100.0500,78.8800,1.799930
_2275_,VPWR,li1,103.7300,84.3200,1.799954
_2274_,VPWR,li1,165.6000,100.6400,1.799962
_2273_,VPWR,li1,171.8100,100.6400,1.799976
_2272_,VPWR,li1,166.5200,111.5200,1.799947
_2271_,VPWR,li1,157.0900,111.5200,1.799926
_2270_,VPWR,li1,159.6200,111.5200,1.799932
_2269_,VPWR,li1,163.3000,111.5200,1.799939
_2268_,VPWR,li1,164.2200,111.5200,1.799939
_2267_,VPWR,li1,164.4500,106.0800,1.799937
_2266_,VPWR,li1,162.1500,106.0800,1.799930
_2265_,VPWR,li1,158.7000,111.5200,1.799926
_2264_,VPWR,li1,169.9700,122.4000,1.799939
_2263_,VPWR,li1,165.3700,122.4000,1.799917
_2262_,VPWR,li1,160.0800,122.4000,1.799894
_2261_,VPWR,li1,162.3800,122.4000,1.799908
_2260_,VPWR,li1,161.9200,116.9600,1.799964
_2259_,VPWR,li1,170.4300,127.8400,1.799989
_2258_,VPWR,li1,165.8300,133.2800,1.799991
_2257_,VPWR,li1,158.0100,127.8400,1.799983
_2256_,VPWR,li1,162.6100,127.8400,1.799985
_2255_,VPWR,li1,162.1500,122.4000,1.799908
_2254_,VPWR,li1,169.5100,138.7200,1.799992
_2253_,VPWR,li1,165.8300,138.7200,1.799991
_2252_,VPWR,li1,162.3800,138.7200,1.799988
_2251_,VPWR,li1,158.7000,138.7200,1.799987
_2250_,VPWR,li1,161.2300,138.7200,1.799988
_2249_,VPWR,li1,169.5100,144.1600,1.799993
_2248_,VPWR,li1,164.4500,149.6000,1.799995
_2247_,VPWR,li1,161.9200,149.6000,1.799994
_2246_,VPWR,li1,159.3900,149.6000,1.799994
_2245_,VPWR,li1,161.4600,149.6000,1.799994
_2244_,VPWR,li1,166.7500,149.6000,1.799996
_2243_,VPWR,li1,168.5900,149.6000,1.799996
_2242_,VPWR,li1,166.2900,160.4800,1.799995
_2241_,VPWR,li1,162.6100,160.4800,1.799995
_2240_,VPWR,li1,160.0800,165.9200,1.799990
_2239_,VPWR,li1,168.1300,155.0400,1.799992
_2238_,VPWR,li1,163.5300,165.9200,1.799991
_2237_,VPWR,li1,152.0300,160.4800,1.799995
_2236_,VPWR,li1,154.1000,160.4800,1.799995
_2235_,VPWR,li1,158.0100,155.0400,1.799988
_2234_,VPWR,li1,158.0100,149.6000,1.799994
_2233_,VPWR,li1,159.3900,149.6000,1.799994
_2232_,VPWR,li1,150.6500,160.4800,1.799995
_2231_,VPWR,li1,150.8800,165.9200,1.799986
_2230_,VPWR,li1,148.3500,100.6400,1.799932
_2229_,VPWR,li1,146.7400,160.4800,1.799995
_2228_,VPWR,li1,145.8200,160.4800,1.799995
_2227_,VPWR,li1,139.8400,160.4800,1.799996
_2226_,VPWR,li1,154.5600,160.4800,1.799995
_2225_,VPWR,li1,155.4800,155.0400,1.799986
_2224_,VPWR,li1,156.4000,144.1600,1.799990
_2223_,VPWR,li1,153.1800,138.7200,1.799983
_2222_,VPWR,li1,156.4000,133.2800,1.799987
_2221_,VPWR,li1,157.3200,122.4000,1.799883
_2220_,VPWR,li1,159.6200,116.9600,1.799961
_2219_,VPWR,li1,161.2300,116.9600,1.799961
_2218_,VPWR,li1,153.8700,111.5200,1.799914
_2217_,VPWR,li1,152.4900,127.8400,1.799980
_2216_,VPWR,li1,161.2300,133.2800,1.799989
_2215_,VPWR,li1,158.4700,144.1600,1.799990
_2214_,VPWR,li1,149.2700,149.6000,1.799992
_2213_,VPWR,li1,155.7100,165.9200,1.799988
_2212_,VPWR,li1,143.7500,160.4800,1.799995
_2211_,VPWR,li1,140.3000,95.2000,1.799961
_2210_,VPWR,li1,158.2400,160.4800,1.799995
_2209_,VPWR,li1,157.0900,165.9200,1.799988
_2208_,VPWR,li1,156.6300,155.0400,1.799986
_2207_,VPWR,li1,148.3500,160.4800,1.799995
_2206_,VPWR,li1,144.2100,165.9200,1.799984
_2205_,VPWR,li1,160.5400,144.1600,1.799991
_2204_,VPWR,li1,162.1500,133.2800,1.799989
_2203_,VPWR,li1,158.4700,122.4000,1.799894
_2202_,VPWR,li1,157.0900,116.9600,1.799958
_2201_,VPWR,li1,165.3700,127.8400,1.799986
_2200_,VPWR,li1,163.5300,127.8400,1.799985
_2199_,VPWR,li1,162.6100,144.1600,1.799991
_2198_,VPWR,li1,145.8200,155.0400,1.799982
_2197_,VPWR,li1,157.7800,160.4800,1.799995
_2196_,VPWR,li1,160.3100,155.0400,1.799989
_2195_,VPWR,li1,156.6300,149.6000,1.799993
_2194_,VPWR,li1,157.3200,144.1600,1.799990
_2193_,VPWR,li1,158.7000,133.2800,1.799988
_2192_,VPWR,li1,160.5400,127.8400,1.799984
_2191_,VPWR,li1,163.5300,116.9600,1.799964
_2190_,VPWR,li1,155.9400,111.5200,1.799920
_2189_,VPWR,li1,152.4900,111.5200,1.799914
_2188_,VPWR,li1,158.0100,116.9600,1.799958
_2187_,VPWR,li1,156.6300,122.4000,1.799883
_2186_,VPWR,li1,152.7200,127.8400,1.799980
_2185_,VPWR,li1,155.4800,127.8400,1.799982
_2184_,VPWR,li1,159.8500,133.2800,1.799988
_2183_,VPWR,li1,154.3300,133.2800,1.799986
_2182_,VPWR,li1,155.7100,133.2800,1.799986
_2181_,VPWR,li1,151.8000,144.1600,1.799989
_2180_,VPWR,li1,152.7200,144.1600,1.799989
_2179_,VPWR,li1,151.8000,149.6000,1.799992
_2178_,VPWR,li1,154.5600,149.6000,1.799993
_2177_,VPWR,li1,153.6400,165.9200,1.799987
_2176_,VPWR,li1,151.3400,165.9200,1.799986
_2175_,VPWR,li1,141.6800,165.9200,1.799982
_2174_,VPWR,li1,140.3000,165.9200,1.799982
_2173_,VPWR,li1,131.7900,89.7600,1.799936
_2172_,VPWR,li1,135.9300,100.6400,1.799913
_2171_,VPWR,li1,144.6700,89.7600,1.799946
_2170_,VPWR,li1,144.6700,95.2000,1.799964
_2169_,VPWR,li1,127.1900,84.3200,1.799959
_2168_,VPWR,li1,130.4100,78.8800,1.799936
_2167_,VPWR,li1,141.4500,84.3200,1.799966
_2166_,VPWR,li1,137.7700,73.4400,1.799949
_2165_,VPWR,li1,129.9500,68.0000,1.799789
_2164_,VPWR,li1,135.4700,68.0000,1.799806
_2163_,VPWR,li1,46.9200,35.3600,1.799944
_2162_,VPWR,li1,44.1600,35.3600,1.799948
_2161_,VPWR,li1,67.8500,122.4000,1.799864
_2160_,VPWR,li1,59.5700,127.8400,1.799963
_2159_,VPWR,li1,52.6700,133.2800,1.799969
_2158_,VPWR,li1,46.6900,133.2800,1.799970
_2157_,VPWR,li1,38.4100,127.8400,1.799972
_2156_,VPWR,li1,38.4100,116.9600,1.799946
_2155_,VPWR,li1,51.2900,127.8400,1.799965
_2154_,VPWR,li1,68.7700,100.6400,1.799842
_2153_,VPWR,li1,71.9900,100.6400,1.799846
_2152_,VPWR,li1,38.8700,89.7600,1.799922
_2151_,VPWR,li1,42.5500,84.3200,1.799957
_2150_,VPWR,li1,59.1100,89.7600,1.799916
_2149_,VPWR,li1,71.9900,78.8800,1.799929
_2148_,VPWR,li1,76.5900,73.4400,1.799920
_2147_,VPWR,li1,35.1900,106.0800,1.799949
_2146_,VPWR,li1,33.8100,116.9600,1.799953
_2145_,VPWR,li1,67.8500,68.0000,1.799788
_2144_,VPWR,li1,48.5300,73.4400,1.799927
_2143_,VPWR,li1,43.7000,62.5600,1.799881
_2142_,VPWR,li1,41.8600,68.0000,1.799871
_2141_,VPWR,li1,43.4700,62.5600,1.799881
_2140_,VPWR,li1,24.1500,122.4000,1.799956
_2139_,VPWR,li1,33.8100,122.4000,1.799928
_2138_,VPWR,li1,28.7500,127.8400,1.799979
_2137_,VPWR,li1,22.7700,127.8400,1.799984
_2136_,VPWR,li1,14.4900,127.8400,1.799985
_2135_,VPWR,li1,13.1100,111.5200,1.799975
_2134_,VPWR,li1,20.9300,111.5200,1.799975
_2133_,VPWR,li1,12.6500,46.2400,1.799980
_2132_,VPWR,li1,31.0500,100.6400,1.799898
_2131_,VPWR,li1,25.5300,100.6400,1.799921
_2130_,VPWR,li1,29.2100,95.2000,1.799966
_2129_,VPWR,li1,28.2900,95.2000,1.799966
_2128_,VPWR,li1,20.9300,89.7600,1.799962
_2127_,VPWR,li1,26.4500,84.3200,1.799974
_2126_,VPWR,li1,34.2700,78.8800,1.799957
_2125_,VPWR,li1,33.8100,68.0000,1.799906
_2124_,VPWR,li1,34.7300,78.8800,1.799957
_2123_,VPWR,li1,29.6700,40.8000,1.799961
_2122_,VPWR,li1,33.8100,40.8000,1.799955
_2121_,VPWR,li1,32.4300,35.3600,1.799960
_2120_,VPWR,li1,25.0700,116.9600,1.799969
_2119_,VPWR,li1,20.9300,122.4000,1.799966
_2118_,VPWR,li1,14.0300,122.4000,1.799966
_2117_,VPWR,li1,13.1100,116.9600,1.799974
_2116_,VPWR,li1,12.1900,106.0800,1.799970
_2115_,VPWR,li1,11.7300,57.1200,1.799939
_2114_,VPWR,li1,12.1900,51.6800,1.799953
_2113_,VPWR,li1,12.1900,100.6400,1.799938
_2112_,VPWR,li1,20.9300,100.6400,1.799943
_2111_,VPWR,li1,21.3900,95.2000,1.799974
_2110_,VPWR,li1,11.7300,89.7600,1.799957
_2109_,VPWR,li1,14.0300,84.3200,1.799977
_2108_,VPWR,li1,20.9300,84.3200,1.799981
_2107_,VPWR,li1,24.1500,73.4400,1.799957
_2106_,VPWR,li1,23.6900,68.0000,1.799939
_2105_,VPWR,li1,14.9500,73.4400,1.799960
_2104_,VPWR,li1,22.7700,40.8000,1.799974
_2103_,VPWR,li1,59.1100,116.9600,1.799926
_2102_,VPWR,li1,63.0200,122.4000,1.799869
_2101_,VPWR,li1,79.1200,116.9600,1.799926
_2100_,VPWR,li1,78.8900,57.1200,1.799806
_2099_,VPWR,li1,77.9700,127.8400,1.799965
_2098_,VPWR,li1,84.8700,138.7200,1.799982
_2097_,VPWR,li1,56.3500,127.8400,1.799964
_2096_,VPWR,li1,59.3400,122.4000,1.799873
_2095_,VPWR,li1,84.6400,122.4000,1.799851
_2094_,VPWR,li1,85.7900,46.2400,1.799932
_2093_,VPWR,li1,84.8700,127.8400,1.799966
_2092_,VPWR,li1,83.4900,133.2800,1.799972
_2091_,VPWR,li1,52.6700,116.9600,1.799932
_2090_,VPWR,li1,49.2200,116.9600,1.799934
_2089_,VPWR,li1,80.0400,122.4000,1.799854
_2088_,VPWR,li1,84.8700,51.6800,1.799819
_2087_,VPWR,li1,80.2700,127.8400,1.799966
_2086_,VPWR,li1,80.7300,127.8400,1.799966
_2085_,VPWR,li1,46.2300,127.8400,1.799967
_2084_,VPWR,li1,42.3200,122.4000,1.799905
_2083_,VPWR,li1,74.0600,122.4000,1.799859
_2082_,VPWR,li1,76.5900,46.2400,1.799936
_2081_,VPWR,li1,74.7500,127.8400,1.799965
_2080_,VPWR,li1,72.4500,127.8400,1.799965
_2079_,VPWR,li1,38.8700,127.8400,1.799972
_2078_,VPWR,li1,42.3200,116.9600,1.799941
_2077_,VPWR,li1,68.0800,122.4000,1.799864
_2076_,VPWR,li1,71.5300,51.6800,1.799817
_2075_,VPWR,li1,67.8500,127.8400,1.799964
_2074_,VPWR,li1,70.1500,127.8400,1.799964
_2073_,VPWR,li1,46.2300,111.5200,1.799922
_2072_,VPWR,li1,46.4600,111.5200,1.799922
_2071_,VPWR,li1,66.7000,111.5200,1.799902
_2070_,VPWR,li1,65.0900,46.2400,1.799942
_2069_,VPWR,li1,69.9200,133.2800,1.799969
_2068_,VPWR,li1,71.5300,133.2800,1.799970
_2067_,VPWR,li1,51.2900,116.9600,1.799932
_2066_,VPWR,li1,50.6000,111.5200,1.799916
_2065_,VPWR,li1,68.0800,127.8400,1.799964
_2064_,VPWR,li1,61.8700,46.2400,1.799943
_2063_,VPWR,li1,67.6200,133.2800,1.799969
_2062_,VPWR,li1,76.1300,133.2800,1.799970
_2061_,VPWR,li1,67.8500,133.2800,1.799969
_2060_,VPWR,li1,74.2900,133.2800,1.799970
_2059_,VPWR,li1,80.7300,133.2800,1.799971
_2058_,VPWR,li1,85.7900,133.2800,1.799972
_2057_,VPWR,li1,75.6700,127.8400,1.799965
_2056_,VPWR,li1,59.5700,111.5200,1.799906
_2055_,VPWR,li1,61.1800,106.0800,1.799916
_2054_,VPWR,li1,91.7700,106.0800,1.799901
_2053_,VPWR,li1,95.4500,106.0800,1.799900
_2052_,VPWR,li1,103.5000,95.2000,1.799951
_2051_,VPWR,li1,89.7000,127.8400,1.799967
_2050_,VPWR,li1,71.9900,100.6400,1.799846
_2049_,VPWR,li1,59.3400,95.2000,1.799951
_2048_,VPWR,li1,89.7000,100.6400,1.799864
_2047_,VPWR,li1,90.8500,116.9600,1.799928
_2046_,VPWR,li1,97.7500,116.9600,1.799929
_2045_,VPWR,li1,92.4600,133.2800,1.799973
_2044_,VPWR,li1,95.2200,133.2800,1.799973
_2043_,VPWR,li1,46.2300,106.0800,1.799932
_2042_,VPWR,li1,52.9000,95.2000,1.799951
_2041_,VPWR,li1,93.3800,100.6400,1.799868
_2040_,VPWR,li1,91.3100,122.4000,1.799847
_2039_,VPWR,li1,95.9100,111.5200,1.799887
_2038_,VPWR,li1,118.9100,111.5200,1.799875
_2037_,VPWR,li1,85.7900,122.4000,1.799851
_2036_,VPWR,li1,48.9900,84.3200,1.799951
_2035_,VPWR,li1,50.1400,89.7600,1.799918
_2034_,VPWR,li1,91.0800,84.3200,1.799952
_2033_,VPWR,li1,91.0800,111.5200,1.799889
_2032_,VPWR,li1,92.9200,106.0800,1.799901
_2031_,VPWR,li1,106.9500,106.0800,1.799895
_2030_,VPWR,li1,94.0700,122.4000,1.799845
_2029_,VPWR,li1,55.4300,78.8800,1.799935
_2028_,VPWR,li1,57.9600,84.3200,1.799948
_2027_,VPWR,li1,86.9400,84.3200,1.799951
_2026_,VPWR,li1,91.3100,100.6400,1.799864
_2025_,VPWR,li1,92.6900,95.2000,1.799951
_2024_,VPWR,li1,94.0700,95.2000,1.799951
_2023_,VPWR,li1,97.2900,95.2000,1.799951
_2022_,VPWR,li1,86.9400,116.9600,1.799927
_2021_,VPWR,li1,63.7100,78.8800,1.799931
_2020_,VPWR,li1,65.3200,84.3200,1.799948
_2019_,VPWR,li1,90.1600,78.8800,1.799929
_2018_,VPWR,li1,87.8600,100.6400,1.799862
_2017_,VPWR,li1,90.3900,95.2000,1.799951
_2016_,VPWR,li1,88.0900,89.7600,1.799922
_2015_,VPWR,li1,85.7900,111.5200,1.799893
_2014_,VPWR,li1,88.3200,111.5200,1.799891
_2013_,VPWR,li1,85.7900,111.5200,1.799893
_2012_,VPWR,li1,56.8100,73.4400,1.799922
_2011_,VPWR,li1,60.2600,73.4400,1.799920
_2010_,VPWR,li1,80.7300,73.4400,1.799921
_2009_,VPWR,li1,89.4700,73.4400,1.799922
_2008_,VPWR,li1,88.5500,84.3200,1.799952
_2007_,VPWR,li1,84.6400,100.6400,1.799859
_2006_,VPWR,li1,78.4300,95.2000,1.799951
_2005_,VPWR,li1,59.1100,68.0000,1.799811
_2004_,VPWR,li1,59.3400,62.5600,1.799834
_2003_,VPWR,li1,85.3300,68.0000,1.799750
_2002_,VPWR,li1,97.7500,73.4400,1.799924
_2001_,VPWR,li1,94.9900,73.4400,1.799923
_2000_,VPWR,li1,90.3900,68.0000,1.799743
_1999_,VPWR,li1,98.2100,106.0800,1.799899
_1998_,VPWR,li1,89.2400,73.4400,1.799922
_1997_,VPWR,li1,89.0100,68.0000,1.799743
_1996_,VPWR,li1,94.3000,89.7600,1.799924
_1995_,VPWR,li1,92.0000,78.8800,1.799929
_1994_,VPWR,li1,94.3000,84.3200,1.799953
_1993_,VPWR,li1,95.4500,95.2000,1.799951
_1992_,VPWR,li1,101.2000,84.3200,1.799954
_1991_,VPWR,li1,104.6500,89.7600,1.799926
_1990_,VPWR,li1,100.9700,95.2000,1.799951
_1989_,VPWR,li1,105.8000,111.5200,1.799882
_1988_,VPWR,li1,118.2200,116.9600,1.799933
_1987_,VPWR,li1,110.8600,100.6400,1.799884
_1986_,VPWR,li1,106.4900,95.2000,1.799951
_1985_,VPWR,li1,102.8100,95.2000,1.799951
_1984_,VPWR,li1,98.6700,89.7600,1.799925
_1983_,VPWR,li1,91.5400,89.7600,1.799923
_1982_,VPWR,li1,105.5700,89.7600,1.799926
_1981_,VPWR,li1,105.3400,78.8800,1.799930
_1980_,VPWR,li1,102.8100,78.8800,1.799930
_1979_,VPWR,li1,100.0500,78.8800,1.799930
_1978_,VPWR,li1,102.8100,73.4400,1.799925
_1977_,VPWR,li1,119.1400,106.0800,1.799889
_1976_,VPWR,li1,116.3800,111.5200,1.799876
_1975_,VPWR,li1,114.5400,122.4000,1.799832
_1974_,VPWR,li1,84.4100,73.4400,1.799922
_1973_,VPWR,li1,85.1000,100.6400,1.799859
_1972_,VPWR,li1,78.4300,100.6400,1.799851
_1971_,VPWR,li1,91.0800,122.4000,1.799847
_1970_,VPWR,li1,75.2100,138.7200,1.799983
_1969_,VPWR,li1,73.1400,138.7200,1.799983
_1968_,VPWR,li1,72.4500,144.1600,1.799994
_1967_,VPWR,li1,89.4700,116.9600,1.799928
_1966_,VPWR,li1,88.0900,111.5200,1.799891
_1965_,VPWR,li1,82.5700,111.5200,1.799893
_1964_,VPWR,li1,90.6200,127.8400,1.799967
_1963_,VPWR,li1,86.2500,138.7200,1.799982
_1962_,VPWR,li1,78.8900,138.7200,1.799983
_1961_,VPWR,li1,83.0300,138.7200,1.799982
_1960_,VPWR,li1,87.1700,127.8400,1.799967
_1959_,VPWR,li1,48.3000,100.6400,1.799840
_1958_,VPWR,li1,55.4300,106.0800,1.799922
_1957_,VPWR,li1,37.7200,106.0800,1.799945
_1956_,VPWR,li1,46.0000,122.4000,1.799900
_1955_,VPWR,li1,68.7700,84.3200,1.799949
_1954_,VPWR,li1,68.5400,84.3200,1.799949
_1953_,VPWR,li1,67.1600,95.2000,1.799951
_1952_,VPWR,li1,32.8900,106.0800,1.799952
_1951_,VPWR,li1,35.8800,89.7600,1.799923
_1950_,VPWR,li1,41.8600,127.8400,1.799970
_1949_,VPWR,li1,37.7200,106.0800,1.799945
_1948_,VPWR,li1,36.5700,84.3200,1.799962
_1947_,VPWR,li1,38.6400,111.5200,1.799935
_1946_,VPWR,li1,78.8900,106.0800,1.799907
_1945_,VPWR,li1,88.0900,122.4000,1.799849
_1944_,VPWR,li1,87.4000,133.2800,1.799972
_1943_,VPWR,li1,79.1200,138.7200,1.799983
_1942_,VPWR,li1,75.9000,138.7200,1.799983
_1941_,VPWR,li1,77.0500,144.1600,1.799993
_1940_,VPWR,li1,77.0500,144.1600,1.799993
_1939_,VPWR,li1,73.6000,144.1600,1.799993
_1938_,VPWR,li1,71.5300,133.2800,1.799970
_1937_,VPWR,li1,71.5300,138.7200,1.799983
_1936_,VPWR,li1,66.4700,138.7200,1.799984
_1935_,VPWR,li1,49.4500,144.1600,1.799996
_1934_,VPWR,li1,61.8700,138.7200,1.799984
_1933_,VPWR,li1,69.0000,138.7200,1.799983
_1932_,VPWR,li1,62.7900,144.1600,1.799995
_1931_,VPWR,li1,65.5500,138.7200,1.799984
_1930_,VPWR,li1,39.7900,144.1600,1.799997
_1929_,VPWR,li1,42.0900,144.1600,1.799997
_1928_,VPWR,li1,80.0400,144.1600,1.799993
_1927_,VPWR,li1,83.0300,144.1600,1.799992
_1926_,VPWR,li1,73.8300,149.6000,1.799995
_1925_,VPWR,li1,64.8600,144.1600,1.799994
_1924_,VPWR,li1,67.8500,149.6000,1.799995
_1923_,VPWR,li1,67.3900,144.1600,1.799994
_1922_,VPWR,li1,66.4700,144.1600,1.799994
_1921_,VPWR,li1,57.7300,149.6000,1.799996
_1920_,VPWR,li1,49.9100,144.1600,1.799996
_1919_,VPWR,li1,91.0800,144.1600,1.799992
_1918_,VPWR,li1,88.3200,144.1600,1.799992
_1917_,VPWR,li1,80.7300,144.1600,1.799993
_1916_,VPWR,li1,85.5600,144.1600,1.799992
_1915_,VPWR,li1,78.6600,149.6000,1.799995
_1914_,VPWR,li1,85.3300,144.1600,1.799992
_1913_,VPWR,li1,77.9700,155.0400,1.799990
_1912_,VPWR,li1,87.1700,138.7200,1.799982
_1911_,VPWR,li1,98.6700,144.1600,1.799991
_1910_,VPWR,li1,96.3700,155.0400,1.799987
_1909_,VPWR,li1,95.4500,144.1600,1.799991
_1908_,VPWR,li1,100.7400,149.6000,1.799993
_1907_,VPWR,li1,89.4700,144.1600,1.799992
_1906_,VPWR,li1,92.2300,144.1600,1.799992
_1905_,VPWR,li1,85.3300,155.0400,1.799989
_1904_,VPWR,li1,92.2300,155.0400,1.799988
_1903_,VPWR,li1,94.0700,138.7200,1.799982
_1902_,VPWR,li1,100.0500,127.8400,1.799969
_1901_,VPWR,li1,97.2900,127.8400,1.799968
_1900_,VPWR,li1,96.8300,122.4000,1.799844
_1899_,VPWR,li1,104.1900,122.4000,1.799838
_1898_,VPWR,li1,106.2600,122.4000,1.799837
_1897_,VPWR,li1,98.2100,127.8400,1.799968
_1896_,VPWR,li1,101.8900,127.8400,1.799969
_1895_,VPWR,li1,103.7300,127.8400,1.799969
_1894_,VPWR,li1,93.1500,116.9600,1.799928
_1893_,VPWR,li1,84.4100,116.9600,1.799927
_1892_,VPWR,li1,81.6500,116.9600,1.799926
_1891_,VPWR,li1,81.6500,100.6400,1.799856
_1890_,VPWR,li1,75.2100,100.6400,1.799849
_1889_,VPWR,li1,80.7300,95.2000,1.799951
_1888_,VPWR,li1,74.2900,111.5200,1.799898
_1887_,VPWR,li1,78.8900,106.0800,1.799907
_1886_,VPWR,li1,76.5900,111.5200,1.799897
_1885_,VPWR,li1,77.9700,111.5200,1.799896
_1884_,VPWR,li1,79.1200,111.5200,1.799896
_1883_,VPWR,li1,100.7400,122.4000,1.799841
_1882_,VPWR,li1,98.6700,133.2800,1.799974
_1881_,VPWR,li1,106.2600,116.9600,1.799931
_1880_,VPWR,li1,109.7100,116.9600,1.799931
_1879_,VPWR,li1,97.2900,144.1600,1.799991
_1878_,VPWR,li1,94.0700,144.1600,1.799991
_1877_,VPWR,li1,46.6900,138.7200,1.799987
_1876_,VPWR,li1,36.1100,144.1600,1.799997
_1875_,VPWR,li1,35.6500,138.7200,1.799991
_1874_,VPWR,li1,31.5100,144.1600,1.799998
_1873_,VPWR,li1,29.4400,138.7200,1.799993
_1872_,VPWR,li1,38.6400,144.1600,1.799997
_1871_,VPWR,li1,36.5700,144.1600,1.799997
_1870_,VPWR,li1,35.1900,149.6000,1.799998
_1869_,VPWR,li1,46.0000,149.6000,1.799997
_1868_,VPWR,li1,53.3600,149.6000,1.799997
_1867_,VPWR,li1,64.4000,149.6000,1.799996
_1866_,VPWR,li1,74.5200,155.0400,1.799990
_1865_,VPWR,li1,72.4500,155.0400,1.799991
_1864_,VPWR,li1,87.8600,155.0400,1.799988
_1863_,VPWR,li1,92.4600,155.0400,1.799988
_1862_,VPWR,li1,98.9000,155.0400,1.799987
_1861_,VPWR,li1,99.5900,149.6000,1.799993
_1860_,VPWR,li1,98.6700,149.6000,1.799993
_1859_,VPWR,li1,100.9700,155.0400,1.799986
_1858_,VPWR,li1,103.9600,149.6000,1.799992
_1857_,VPWR,li1,107.4100,149.6000,1.799992
_1856_,VPWR,li1,110.1700,149.6000,1.799992
_1855_,VPWR,li1,107.4100,149.6000,1.799992
_1854_,VPWR,li1,102.3500,149.6000,1.799993
_1853_,VPWR,li1,105.3400,149.6000,1.799992
_1852_,VPWR,li1,106.7200,144.1600,1.799990
_1851_,VPWR,li1,105.1100,144.1600,1.799990
_1850_,VPWR,li1,102.8100,144.1600,1.799990
_1849_,VPWR,li1,109.7100,155.0400,1.799985
_1848_,VPWR,li1,110.1700,160.4800,1.799996
_1847_,VPWR,li1,116.1500,155.0400,1.799984
_1846_,VPWR,li1,101.4300,160.4800,1.799997
_1845_,VPWR,li1,104.1900,160.4800,1.799997
_1844_,VPWR,li1,112.7000,160.4800,1.799996
_1843_,VPWR,li1,114.7700,155.0400,1.799984
_1842_,VPWR,li1,115.2300,160.4800,1.799996
_1841_,VPWR,li1,112.0100,165.9200,1.799981
_1840_,VPWR,li1,109.9400,165.9200,1.799982
_1839_,VPWR,li1,107.8700,155.0400,1.799985
_1838_,VPWR,li1,112.0100,155.0400,1.799984
_1837_,VPWR,li1,110.8600,155.0400,1.799985
_1836_,VPWR,li1,113.3900,176.8000,1.800000
_1835_,VPWR,li1,112.0100,165.9200,1.799981
_1834_,VPWR,li1,92.6900,160.4800,1.799997
_1833_,VPWR,li1,94.9900,160.4800,1.799997
_1832_,VPWR,li1,96.8300,160.4800,1.799997
_1831_,VPWR,li1,110.4000,171.3600,1.800000
_1830_,VPWR,li1,110.1700,176.8000,1.800000
_1829_,VPWR,li1,118.4500,165.9200,1.799980
_1828_,VPWR,li1,110.6300,171.3600,1.800000
_1827_,VPWR,li1,118.9100,176.8000,1.800000
_1826_,VPWR,li1,110.6300,176.8000,1.800000
_1825_,VPWR,li1,116.6100,176.8000,1.800000
_1824_,VPWR,li1,116.1500,171.3600,1.800000
_1823_,VPWR,li1,115.2300,165.9200,1.799981
_1822_,VPWR,li1,114.7700,165.9200,1.799981
_1821_,VPWR,li1,114.3100,171.3600,1.800000
_1820_,VPWR,li1,106.9500,165.9200,1.799983
_1819_,VPWR,li1,112.0100,149.6000,1.799992
_1818_,VPWR,li1,101.4300,176.8000,1.800000
_1817_,VPWR,li1,93.1500,165.9200,1.799985
_1816_,VPWR,li1,85.7900,155.0400,1.799988
_1815_,VPWR,li1,87.8600,160.4800,1.799997
_1814_,VPWR,li1,85.7900,160.4800,1.799997
_1813_,VPWR,li1,94.3000,165.9200,1.799985
_1812_,VPWR,li1,91.3100,165.9200,1.799985
_1811_,VPWR,li1,100.5100,165.9200,1.799984
_1810_,VPWR,li1,91.7700,171.3600,1.800000
_1809_,VPWR,li1,98.2100,176.8000,1.800000
_1808_,VPWR,li1,93.6100,176.8000,1.800000
_1807_,VPWR,li1,100.0500,171.3600,1.800000
_1806_,VPWR,li1,100.5100,171.3600,1.800000
_1805_,VPWR,li1,103.7300,165.9200,1.799983
_1804_,VPWR,li1,101.4300,165.9200,1.799983
_1803_,VPWR,li1,98.2100,165.9200,1.799984
_1802_,VPWR,li1,103.2700,182.2400,1.800000
_1801_,VPWR,li1,105.3400,176.8000,1.800000
_1800_,VPWR,li1,101.4300,176.8000,1.800000
_1799_,VPWR,li1,112.9300,176.8000,1.800000
_1798_,VPWR,li1,104.6500,176.8000,1.800000
_1797_,VPWR,li1,86.2500,165.9200,1.799986
_1796_,VPWR,li1,78.6600,160.4800,1.799998
_1795_,VPWR,li1,75.2100,155.0400,1.799990
_1794_,VPWR,li1,80.7300,160.4800,1.799998
_1793_,VPWR,li1,83.0300,160.4800,1.799997
_1792_,VPWR,li1,76.5900,165.9200,1.799988
_1791_,VPWR,li1,82.3400,165.9200,1.799987
_1790_,VPWR,li1,84.6400,160.4800,1.799997
_1789_,VPWR,li1,85.3300,165.9200,1.799986
_1788_,VPWR,li1,79.3500,165.9200,1.799988
_1787_,VPWR,li1,75.6700,171.3600,1.800000
_1786_,VPWR,li1,80.2700,165.9200,1.799987
_1785_,VPWR,li1,74.7500,165.9200,1.799989
_1784_,VPWR,li1,83.9500,176.8000,1.800000
_1783_,VPWR,li1,81.6500,165.9200,1.799987
_1782_,VPWR,li1,80.7300,176.8000,1.800000
_1781_,VPWR,li1,86.2500,176.8000,1.800000
_1780_,VPWR,li1,91.3100,176.8000,1.800000
_1779_,VPWR,li1,89.9300,176.8000,1.800000
_1778_,VPWR,li1,90.3900,182.2400,1.800000
_1777_,VPWR,li1,87.1700,176.8000,1.800000
_1776_,VPWR,li1,84.8700,176.8000,1.800000
_1775_,VPWR,li1,85.5600,182.2400,1.800000
_1774_,VPWR,li1,74.7500,176.8000,1.800000
_1773_,VPWR,li1,71.9900,165.9200,1.799989
_1772_,VPWR,li1,65.5500,160.4800,1.799998
_1771_,VPWR,li1,70.1500,149.6000,1.799995
_1770_,VPWR,li1,61.4100,155.0400,1.799992
_1769_,VPWR,li1,61.6400,149.6000,1.799996
_1768_,VPWR,li1,62.5600,160.4800,1.799998
_1767_,VPWR,li1,66.0100,165.9200,1.799990
_1766_,VPWR,li1,68.3100,160.4800,1.799998
_1765_,VPWR,li1,60.9500,160.4800,1.799998
_1764_,VPWR,li1,62.7900,160.4800,1.799998
_1763_,VPWR,li1,64.8600,160.4800,1.799998
_1762_,VPWR,li1,68.7700,165.9200,1.799989
_1761_,VPWR,li1,69.6900,160.4800,1.799998
_1760_,VPWR,li1,67.8500,165.9200,1.799990
_1759_,VPWR,li1,69.6900,165.9200,1.799989
_1758_,VPWR,li1,64.6300,165.9200,1.799990
_1757_,VPWR,li1,62.3300,165.9200,1.799991
_1756_,VPWR,li1,64.4000,182.2400,1.800000
_1755_,VPWR,li1,65.5500,171.3600,1.800000
_1754_,VPWR,li1,67.8500,171.3600,1.800000
_1753_,VPWR,li1,76.1300,176.8000,1.800000
_1752_,VPWR,li1,77.0500,176.8000,1.800000
_1751_,VPWR,li1,73.3700,176.8000,1.800000
_1750_,VPWR,li1,66.9300,176.8000,1.800000
_1749_,VPWR,li1,66.4700,176.8000,1.800000
_1748_,VPWR,li1,69.2300,176.8000,1.800000
_1747_,VPWR,li1,62.3300,176.8000,1.800000
_1746_,VPWR,li1,64.4000,176.8000,1.800000
_1745_,VPWR,li1,59.1100,171.3600,1.800000
_1744_,VPWR,li1,55.4300,160.4800,1.799998
_1743_,VPWR,li1,54.9700,155.0400,1.799993
_1742_,VPWR,li1,55.4300,149.6000,1.799996
_1741_,VPWR,li1,53.8200,149.6000,1.799996
_1740_,VPWR,li1,51.5200,149.6000,1.799997
_1739_,VPWR,li1,57.2700,155.0400,1.799993
_1738_,VPWR,li1,49.9100,155.0400,1.799994
_1737_,VPWR,li1,52.6700,155.0400,1.799994
_1736_,VPWR,li1,51.9800,160.4800,1.799999
_1735_,VPWR,li1,58.6500,160.4800,1.799998
_1734_,VPWR,li1,54.5100,160.4800,1.799998
_1733_,VPWR,li1,54.2800,165.9200,1.799992
_1732_,VPWR,li1,48.5300,165.9200,1.799993
_1731_,VPWR,li1,49.4500,160.4800,1.799999
_1730_,VPWR,li1,50.1400,176.8000,1.800000
_1729_,VPWR,li1,53.5900,171.3600,1.800000
_1728_,VPWR,li1,49.2200,176.8000,1.800000
_1727_,VPWR,li1,48.3000,171.3600,1.800000
_1726_,VPWR,li1,55.8900,171.3600,1.800000
_1725_,VPWR,li1,56.8100,176.8000,1.800000
_1724_,VPWR,li1,58.8800,176.8000,1.800000
_1723_,VPWR,li1,55.8900,171.3600,1.800000
_1722_,VPWR,li1,54.9700,176.8000,1.800000
_1721_,VPWR,li1,51.7500,165.9200,1.799993
_1720_,VPWR,li1,54.0500,176.8000,1.800000
_1719_,VPWR,li1,73.8300,171.3600,1.800000
_1718_,VPWR,li1,93.1500,176.8000,1.800000
_1717_,VPWR,li1,43.0100,165.9200,1.799994
_1716_,VPWR,li1,41.6300,155.0400,1.799995
_1715_,VPWR,li1,45.7700,155.0400,1.799995
_1714_,VPWR,li1,41.6300,155.0400,1.799995
_1713_,VPWR,li1,48.0700,149.6000,1.799997
_1712_,VPWR,li1,43.0100,149.6000,1.799997
_1711_,VPWR,li1,44.8500,149.6000,1.799997
_1710_,VPWR,li1,39.5600,155.0400,1.799996
_1709_,VPWR,li1,44.6200,155.0400,1.799995
_1708_,VPWR,li1,39.3300,165.9200,1.799995
_1707_,VPWR,li1,40.4800,171.3600,1.800000
_1706_,VPWR,li1,38.6400,160.4800,1.799999
_1705_,VPWR,li1,38.1800,171.3600,1.800000
_1704_,VPWR,li1,45.3100,165.9200,1.799994
_1703_,VPWR,li1,39.3300,165.9200,1.799995
_1702_,VPWR,li1,36.1100,160.4800,1.799999
_1701_,VPWR,li1,38.8700,160.4800,1.799999
_1700_,VPWR,li1,33.8100,160.4800,1.799999
_1699_,VPWR,li1,41.8600,160.4800,1.799999
_1698_,VPWR,li1,38.8700,171.3600,1.800000
_1697_,VPWR,li1,37.2600,176.8000,1.800000
_1696_,VPWR,li1,40.4800,176.8000,1.800000
_1695_,VPWR,li1,44.8500,176.8000,1.800000
_1694_,VPWR,li1,51.7500,176.8000,1.800000
_1693_,VPWR,li1,43.2400,176.8000,1.800000
_1692_,VPWR,li1,45.7700,176.8000,1.800000
_1691_,VPWR,li1,47.8400,176.8000,1.800000
_1690_,VPWR,li1,40.9400,176.8000,1.800000
_1689_,VPWR,li1,30.1300,171.3600,1.800000
_1688_,VPWR,li1,33.3500,155.0400,1.799997
_1687_,VPWR,li1,33.8100,149.6000,1.799998
_1686_,VPWR,li1,33.1200,155.0400,1.799997
_1685_,VPWR,li1,37.0300,149.6000,1.799998
_1684_,VPWR,li1,31.0500,149.6000,1.799998
_1683_,VPWR,li1,26.9100,149.6000,1.799999
_1682_,VPWR,li1,30.8200,155.0400,1.799997
_1681_,VPWR,li1,30.1300,155.0400,1.799997
_1680_,VPWR,li1,28.7500,160.4800,1.799999
_1679_,VPWR,li1,27.1400,165.9200,1.799997
_1678_,VPWR,li1,31.0500,160.4800,1.799999
_1677_,VPWR,li1,28.9800,171.3600,1.800000
_1676_,VPWR,li1,27.3700,176.8000,1.800000
_1675_,VPWR,li1,25.9900,171.3600,1.800000
_1674_,VPWR,li1,23.2300,165.9200,1.799998
_1673_,VPWR,li1,25.5300,165.9200,1.799998
_1672_,VPWR,li1,28.5200,165.9200,1.799997
_1671_,VPWR,li1,28.7500,176.8000,1.800000
_1670_,VPWR,li1,33.3500,176.8000,1.800000
_1669_,VPWR,li1,36.8000,176.8000,1.800000
_1668_,VPWR,li1,40.0200,182.2400,1.800000
_1667_,VPWR,li1,37.9500,182.2400,1.800000
_1666_,VPWR,li1,23.2300,176.8000,1.800000
_1665_,VPWR,li1,22.7700,160.4800,1.800000
_1664_,VPWR,li1,20.2400,160.4800,1.800000
_1663_,VPWR,li1,23.2300,155.0400,1.799998
_1662_,VPWR,li1,26.4500,144.1600,1.799999
_1661_,VPWR,li1,20.7000,155.0400,1.799998
_1660_,VPWR,li1,23.2300,149.6000,1.799999
_1659_,VPWR,li1,25.9900,155.0400,1.799998
_1658_,VPWR,li1,20.4700,155.0400,1.799998
_1657_,VPWR,li1,18.4000,155.0400,1.799998
_1656_,VPWR,li1,25.0700,160.4800,1.799999
_1655_,VPWR,li1,20.9300,160.4800,1.800000
_1654_,VPWR,li1,20.0100,165.9200,1.799998
_1653_,VPWR,li1,19.3200,160.4800,1.800000
_1652_,VPWR,li1,22.7700,155.0400,1.799998
_1651_,VPWR,li1,17.7100,165.9200,1.799998
_1650_,VPWR,li1,20.4700,176.8000,1.800000
_1649_,VPWR,li1,21.6200,171.3600,1.800000
_1648_,VPWR,li1,23.4600,176.8000,1.800000
_1647_,VPWR,li1,25.5300,176.8000,1.800000
_1646_,VPWR,li1,17.2500,176.8000,1.800000
_1645_,VPWR,li1,13.5700,165.9200,1.799998
_1644_,VPWR,li1,18.4000,165.9200,1.799998
_1643_,VPWR,li1,14.9500,155.0400,1.799998
_1642_,VPWR,li1,13.1100,155.0400,1.799998
_1641_,VPWR,li1,24.1500,144.1600,1.799999
_1640_,VPWR,li1,23.4600,144.1600,1.799999
_1639_,VPWR,li1,46.6900,144.1600,1.799996
_1638_,VPWR,li1,26.6800,144.1600,1.799999
_1637_,VPWR,li1,21.3900,144.1600,1.799999
_1636_,VPWR,li1,15.4100,144.1600,1.799999
_1635_,VPWR,li1,10.8100,149.6000,1.799999
_1634_,VPWR,li1,12.6500,155.0400,1.799998
_1633_,VPWR,li1,8.9700,155.0400,1.799998
_1632_,VPWR,li1,11.7300,165.9200,1.799998
_1631_,VPWR,li1,14.2600,165.9200,1.799998
_1630_,VPWR,li1,15.6400,171.3600,1.800000
_1629_,VPWR,li1,15.8700,165.9200,1.799998
_1628_,VPWR,li1,8.5100,149.6000,1.799999
_1627_,VPWR,li1,12.8800,144.1600,1.799999
_1626_,VPWR,li1,15.1800,144.1600,1.799999
_1625_,VPWR,li1,32.4300,138.7200,1.799992
_1624_,VPWR,li1,26.9100,138.7200,1.799994
_1623_,VPWR,li1,27.1400,138.7200,1.799994
_1622_,VPWR,li1,16.7900,138.7200,1.799996
_1621_,VPWR,li1,17.2500,144.1600,1.799999
_1620_,VPWR,li1,9.6600,138.7200,1.799996
_1619_,VPWR,li1,14.0300,138.7200,1.799996
_1618_,VPWR,li1,13.8000,138.7200,1.799996
_1617_,VPWR,li1,11.5000,138.7200,1.799996
_1616_,VPWR,li1,10.8100,149.6000,1.799999
_1615_,VPWR,li1,13.8000,149.6000,1.799999
_1614_,VPWR,li1,14.2600,149.6000,1.799999
_1613_,VPWR,li1,17.2500,149.6000,1.799999
_1612_,VPWR,li1,44.1600,138.7200,1.799987
_1611_,VPWR,li1,25.0700,138.7200,1.799995
_1610_,VPWR,li1,20.9300,138.7200,1.799996
_1609_,VPWR,li1,128.3400,106.0800,1.799886
_1608_,VPWR,li1,81.6500,84.3200,1.799951
_1607_,VPWR,li1,78.6600,84.3200,1.799950
_1606_,VPWR,li1,78.8900,78.8800,1.799929
_1605_,VPWR,li1,76.5900,78.8800,1.799929
_1604_,VPWR,li1,78.8900,78.8800,1.799929
_1603_,VPWR,li1,81.6500,68.0000,1.799757
_1602_,VPWR,li1,72.9100,68.0000,1.799778
_1601_,VPWR,li1,75.2100,68.0000,1.799771
_1600_,VPWR,li1,83.9500,84.3200,1.799951
_1599_,VPWR,li1,81.4200,84.3200,1.799951
_1598_,VPWR,li1,79.1200,89.7600,1.799920
_1597_,VPWR,li1,79.3500,116.9600,1.799926
_1596_,VPWR,li1,81.1900,95.2000,1.799951
_1595_,VPWR,li1,79.1200,95.2000,1.799951
_1594_,VPWR,li1,83.4900,95.2000,1.799951
_1593_,VPWR,li1,112.0100,89.7600,1.799928
_1592_,VPWR,li1,99.8200,122.4000,1.799841
_1591_,VPWR,li1,104.6500,122.4000,1.799838
_1590_,VPWR,li1,102.3500,116.9600,1.799930
_1589_,VPWR,li1,104.8800,111.5200,1.799882
_1588_,VPWR,li1,102.8100,111.5200,1.799883
_1587_,VPWR,li1,115.2300,106.0800,1.799892
_1586_,VPWR,li1,116.1500,111.5200,1.799876
_1585_,VPWR,li1,114.5400,106.0800,1.799892
_1584_,VPWR,li1,117.3000,106.0800,1.799890
_1583_,VPWR,li1,106.7200,116.9600,1.799931
_1582_,VPWR,li1,118.4500,116.9600,1.799933
_1581_,VPWR,li1,123.0500,116.9600,1.799934
_1580_,VPWR,li1,114.0800,111.5200,1.799877
_1579_,VPWR,li1,102.3500,122.4000,1.799839
_1578_,VPWR,li1,102.8100,111.5200,1.799883
_1577_,VPWR,li1,106.4900,122.4000,1.799837
_1576_,VPWR,li1,100.7400,111.5200,1.799884
_1575_,VPWR,li1,107.8700,100.6400,1.799883
_1574_,VPWR,li1,112.9300,95.2000,1.799952
_1573_,VPWR,li1,110.4000,95.2000,1.799952
_1572_,VPWR,li1,81.6500,89.7600,1.799921
_1571_,VPWR,li1,76.1300,95.2000,1.799951
_1570_,VPWR,li1,84.6400,89.7600,1.799921
_1569_,VPWR,li1,79.1200,89.7600,1.799920
_1568_,VPWR,li1,106.0300,84.3200,1.799954
_1567_,VPWR,li1,102.1200,84.3200,1.799954
_1566_,VPWR,li1,103.5000,78.8800,1.799930
_1565_,VPWR,li1,73.8300,84.3200,1.799949
_1564_,VPWR,li1,71.5300,84.3200,1.799949
_1563_,VPWR,li1,93.1500,78.8800,1.799929
_1562_,VPWR,li1,92.4600,73.4400,1.799923
_1561_,VPWR,li1,96.1400,73.4400,1.799924
_1560_,VPWR,li1,50.1400,68.0000,1.799840
_1559_,VPWR,li1,47.6100,68.0000,1.799853
_1558_,VPWR,li1,52.4400,73.4400,1.799925
_1557_,VPWR,li1,45.7700,73.4400,1.799929
_1556_,VPWR,li1,42.5500,68.0000,1.799871
_1555_,VPWR,li1,44.8500,51.6800,1.799878
_1554_,VPWR,li1,47.6100,62.5600,1.799867
_1553_,VPWR,li1,40.4800,40.8000,1.799946
_1552_,VPWR,li1,61.1800,51.6800,1.799829
_1551_,VPWR,li1,43.4700,35.3600,1.799948
_1550_,VPWR,li1,50.3700,57.1200,1.799812
_1549_,VPWR,li1,54.9700,46.2400,1.799949
_1548_,VPWR,li1,46.4600,24.4800,1.799969
_1547_,VPWR,li1,34.2700,51.6800,1.799911
_1546_,VPWR,li1,46.6900,68.0000,1.799853
_1545_,VPWR,li1,39.3300,68.0000,1.799880
_1544_,VPWR,li1,37.7200,62.5600,1.799900
_1543_,VPWR,li1,38.4100,62.5600,1.799900
_1542_,VPWR,li1,53.3600,57.1200,1.799811
_1541_,VPWR,li1,33.8100,51.6800,1.799911
_1540_,VPWR,li1,27.3700,57.1200,1.799900
_1539_,VPWR,li1,34.2700,57.1200,1.799865
_1538_,VPWR,li1,21.3900,19.0400,1.799985
_1537_,VPWR,li1,20.2400,13.6000,1.799982
_1536_,VPWR,li1,24.8400,19.0400,1.799983
_1535_,VPWR,li1,23.4600,19.0400,1.799983
_1534_,VPWR,li1,17.0200,13.6000,1.799981
_1533_,VPWR,li1,17.7100,19.0400,1.799984
_1532_,VPWR,li1,20.4700,24.4800,1.799987
_1531_,VPWR,li1,13.5700,24.4800,1.799985
_1530_,VPWR,li1,17.0200,24.4800,1.799986
_1529_,VPWR,li1,25.9900,24.4800,1.799982
_1528_,VPWR,li1,29.4400,24.4800,1.799979
_1527_,VPWR,li1,34.7300,29.9200,1.799962
_1526_,VPWR,li1,36.1100,24.4800,1.799974
_1525_,VPWR,li1,17.7100,24.4800,1.799986
_1524_,VPWR,li1,13.5700,19.0400,1.799983
_1523_,VPWR,li1,26.9100,19.0400,1.799981
_1522_,VPWR,li1,23.2300,24.4800,1.799985
_1521_,VPWR,li1,28.9800,29.9200,1.799971
_1520_,VPWR,li1,23.6900,24.4800,1.799985
_1519_,VPWR,li1,24.1500,35.3600,1.799973
_1518_,VPWR,li1,35.6500,40.8000,1.799953
_1517_,VPWR,li1,29.6700,40.8000,1.799961
_1516_,VPWR,li1,43.0100,40.8000,1.799943
_1515_,VPWR,li1,21.1600,35.3600,1.799977
_1514_,VPWR,li1,35.6500,35.3600,1.799956
_1513_,VPWR,li1,27.3700,35.3600,1.799969
_1512_,VPWR,li1,21.3900,62.5600,1.799957
_1511_,VPWR,li1,21.8500,62.5600,1.799957
_1510_,VPWR,li1,20.9300,51.6800,1.799957
_1509_,VPWR,li1,33.8100,62.5600,1.799913
_1508_,VPWR,li1,30.5900,68.0000,1.799913
_1507_,VPWR,li1,118.4500,40.8000,1.799945
_1506_,VPWR,li1,64.6300,62.5600,1.799820
_1505_,VPWR,li1,40.2500,35.3600,1.799952
_1504_,VPWR,li1,70.6100,24.4800,1.799965
_1503_,VPWR,li1,119.3700,35.3600,1.799944
_1502_,VPWR,li1,106.9500,51.6800,1.799829
_1501_,VPWR,li1,161.2300,111.5200,1.799932
_1500_,VPWR,li1,117.9900,149.6000,1.799991
_1499_,VPWR,li1,148.3500,160.4800,1.799995
_1498_,VPWR,li1,152.4900,78.8800,1.799962
_1497_,VPWR,li1,110.1700,116.9600,1.799932
_1496_,VPWR,li1,91.3100,95.2000,1.799951
_1495_,VPWR,li1,86.2500,73.4400,1.799922
_1494_,VPWR,li1,14.9500,24.4800,1.799985
