
===========================================================================
report_checks -path_delay min (Hold)
============================================================================
======================= max_tt_025C_1v80 Corner ===================================

Startpoint: _3165_ (rising edge-triggered flip-flop clocked by clk)
Endpoint: _3166_ (rising edge-triggered flip-flop clocked by clk)
Path Group: clk
Path Type: min

Fanout         Cap        Slew       Delay        Time   Description
---------------------------------------------------------------------------------------------
                                  0.000000    0.000000   clock clk (rise edge)
                                  0.000000    0.000000   clock source latency
     1    0.027657    0.129514    0.090739    0.090739 ^ clk (in)
                                                         clk (net)
                      0.129618    0.000000    0.090739 ^ clkbuf_0_clk/A (sky130_fd_sc_hd__clkbuf_16)
    16    0.122912    0.136331    0.228671    0.319410 ^ clkbuf_0_clk/X (sky130_fd_sc_hd__clkbuf_16)
                                                         clknet_0_clk (net)
                      0.137286    0.009113    0.328524 ^ clkbuf_4_0_0_clk/A (sky130_fd_sc_hd__clkbuf_8)
    24    0.077983    0.141740    0.232054    0.560578 ^ clkbuf_4_0_0_clk/X (sky130_fd_sc_hd__clkbuf_8)
                                                         clknet_4_0_0_clk (net)
                      0.142715    0.009431    0.570008 ^ _3165_/CLK (sky130_fd_sc_hd__dfrtp_1)
     2    0.004330    0.056660    0.360448    0.930456 ^ _3165_/Q (sky130_fd_sc_hd__dfrtp_1)
                                                         sclk_s0 (net)
                      0.056660    0.000266    0.930723 ^ hold25/A (sky130_fd_sc_hd__dlygate4sd3_1)
     2    0.005025    0.072331    0.556551    1.487274 ^ hold25/X (sky130_fd_sc_hd__dlygate4sd3_1)
                                                         net30 (net)
                      0.072331    0.000286    1.487559 ^ _3166_/D (sky130_fd_sc_hd__dfrtp_1)
                                              1.487559   data arrival time

                                  0.000000    0.000000   clock clk (rise edge)
                                  0.000000    0.000000   clock source latency
     1    0.027657    0.129514    0.090739    0.090739 ^ clk (in)
                                                         clk (net)
                      0.129618    0.000000    0.090739 ^ clkbuf_0_clk/A (sky130_fd_sc_hd__clkbuf_16)
    16    0.122912    0.136331    0.228671    0.319410 ^ clkbuf_0_clk/X (sky130_fd_sc_hd__clkbuf_16)
                                                         clknet_0_clk (net)
                      0.137286    0.009113    0.328524 ^ clkbuf_4_0_0_clk/A (sky130_fd_sc_hd__clkbuf_8)
    24    0.077983    0.141740    0.232054    0.560578 ^ clkbuf_4_0_0_clk/X (sky130_fd_sc_hd__clkbuf_8)
                                                         clknet_4_0_0_clk (net)
                      0.142034    0.005290    0.565867 ^ _3166_/CLK (sky130_fd_sc_hd__dfrtp_1)
                                  0.500000    1.065867   clock uncertainty
                                  0.000000    1.065867   clock reconvergence pessimism
                                 -0.027166    1.038701   library hold time
                                              1.038701   data required time
---------------------------------------------------------------------------------------------
                                              1.038701   data required time
                                             -1.487559   data arrival time
---------------------------------------------------------------------------------------------
                                              0.448858   slack (MET)


Startpoint: _3051_ (rising edge-triggered flip-flop clocked by clk)
Endpoint: _3062_ (rising edge-triggered flip-flop clocked by clk)
Path Group: clk
Path Type: min

Fanout         Cap        Slew       Delay        Time   Description
---------------------------------------------------------------------------------------------
                                  0.000000    0.000000   clock clk (rise edge)
                                  0.000000    0.000000   clock source latency
     1    0.027657    0.129514    0.090739    0.090739 ^ clk (in)
                                                         clk (net)
                      0.129618    0.000000    0.090739 ^ clkbuf_0_clk/A (sky130_fd_sc_hd__clkbuf_16)
    16    0.122912    0.136331    0.228671    0.319410 ^ clkbuf_0_clk/X (sky130_fd_sc_hd__clkbuf_16)
                                                         clknet_0_clk (net)
                      0.137235    0.008873    0.328283 ^ clkbuf_4_13_0_clk/A (sky130_fd_sc_hd__clkbuf_8)
    10    0.065260    0.122759    0.218345    0.546628 ^ clkbuf_4_13_0_clk/X (sky130_fd_sc_hd__clkbuf_8)
                                                         clknet_4_13_0_clk (net)
                      0.122953    0.003419    0.550047 ^ _3051_/CLK (sky130_fd_sc_hd__dfrtp_1)
     4    0.009541    0.096596    0.389196    0.939243 ^ _3051_/Q (sky130_fd_sc_hd__dfrtp_1)
                                                         my_sum_sub.al_mb[2] (net)
                      0.096597    0.000511    0.939754 ^ _2185_/B (sky130_fd_sc_hd__and2b_1)
     2    0.005320    0.061637    0.143491    1.083245 ^ _2185_/X (sky130_fd_sc_hd__and2b_1)
                                                         _0520_ (net)
                      0.061637    0.000192    1.083437 ^ _2200_/A (sky130_fd_sc_hd__or2_1)
     2    0.008888    0.092378    0.134813    1.218250 ^ _2200_/X (sky130_fd_sc_hd__or2_1)
                                                         _0535_ (net)
                      0.092378    0.000322    1.218572 ^ _2201_/A (sky130_fd_sc_hd__inv_2)
     3    0.010907    0.039175    0.054790    1.273361 v _2201_/Y (sky130_fd_sc_hd__inv_2)
                                                         _0536_ (net)
                      0.039186    0.000628    1.273990 v _2263_/A (sky130_fd_sc_hd__xnor2_1)
     1    0.002588    0.047026    0.138336    1.412326 ^ _2263_/Y (sky130_fd_sc_hd__xnor2_1)
                                                         _0592_ (net)
                      0.047026    0.000108    1.412434 ^ _2264_/A1 (sky130_fd_sc_hd__mux2_1)
     1    0.002205    0.037081    0.113095    1.525529 ^ _2264_/X (sky130_fd_sc_hd__mux2_1)
                                                         _0321_ (net)
                      0.037081    0.000161    1.525690 ^ _3062_/D (sky130_fd_sc_hd__dfrtp_1)
                                              1.525690   data arrival time

                                  0.000000    0.000000   clock clk (rise edge)
                                  0.000000    0.000000   clock source latency
     1    0.027657    0.129514    0.090739    0.090739 ^ clk (in)
                                                         clk (net)
                      0.129618    0.000000    0.090739 ^ clkbuf_0_clk/A (sky130_fd_sc_hd__clkbuf_16)
    16    0.122912    0.136331    0.228671    0.319410 ^ clkbuf_0_clk/X (sky130_fd_sc_hd__clkbuf_16)
                                                         clknet_0_clk (net)
                      0.137235    0.008873    0.328283 ^ clkbuf_4_13_0_clk/A (sky130_fd_sc_hd__clkbuf_8)
    10    0.065260    0.122759    0.218345    0.546628 ^ clkbuf_4_13_0_clk/X (sky130_fd_sc_hd__clkbuf_8)
                                                         clknet_4_13_0_clk (net)
                      0.122993    0.003861    0.550489 ^ _3062_/CLK (sky130_fd_sc_hd__dfrtp_1)
                                  0.500000    1.050489   clock uncertainty
                                  0.000000    1.050489   clock reconvergence pessimism
                                 -0.022463    1.028026   library hold time
                                              1.028026   data required time
---------------------------------------------------------------------------------------------
                                              1.028026   data required time
                                             -1.525690   data arrival time
---------------------------------------------------------------------------------------------
                                              0.497664   slack (MET)


Startpoint: _3051_ (rising edge-triggered flip-flop clocked by clk)
Endpoint: _3063_ (rising edge-triggered flip-flop clocked by clk)
Path Group: clk
Path Type: min

Fanout         Cap        Slew       Delay        Time   Description
---------------------------------------------------------------------------------------------
                                  0.000000    0.000000   clock clk (rise edge)
                                  0.000000    0.000000   clock source latency
     1    0.027657    0.129514    0.090739    0.090739 ^ clk (in)
                                                         clk (net)
                      0.129618    0.000000    0.090739 ^ clkbuf_0_clk/A (sky130_fd_sc_hd__clkbuf_16)
    16    0.122912    0.136331    0.228671    0.319410 ^ clkbuf_0_clk/X (sky130_fd_sc_hd__clkbuf_16)
                                                         clknet_0_clk (net)
                      0.137235    0.008873    0.328283 ^ clkbuf_4_13_0_clk/A (sky130_fd_sc_hd__clkbuf_8)
    10    0.065260    0.122759    0.218345    0.546628 ^ clkbuf_4_13_0_clk/X (sky130_fd_sc_hd__clkbuf_8)
                                                         clknet_4_13_0_clk (net)
                      0.122953    0.003419    0.550047 ^ _3051_/CLK (sky130_fd_sc_hd__dfrtp_1)
     4    0.008993    0.067035    0.415749    0.965796 v _3051_/Q (sky130_fd_sc_hd__dfrtp_1)
                                                         my_sum_sub.al_mb[2] (net)
                      0.067109    0.000500    0.966296 v _2217_/A (sky130_fd_sc_hd__nand2_1)
     1    0.003970    0.048945    0.070413    1.036710 ^ _2217_/Y (sky130_fd_sc_hd__nand2_1)
                                                         _0552_ (net)
                      0.048945    0.000254    1.036964 ^ _2221_/B1 (sky130_fd_sc_hd__o21a_1)
     2    0.005519    0.063710    0.126264    1.163228 ^ _2221_/X (sky130_fd_sc_hd__o21a_1)
                                                         _0556_ (net)
                      0.063710    0.000297    1.163525 ^ _2257_/A0 (sky130_fd_sc_hd__mux2_1)
     1    0.005979    0.066212    0.142786    1.306311 ^ _2257_/X (sky130_fd_sc_hd__mux2_1)
                                                         _0587_ (net)
                      0.066213    0.000427    1.306738 ^ _2258_/B (sky130_fd_sc_hd__xnor2_1)
     1    0.003267    0.053591    0.114048    1.420786 ^ _2258_/Y (sky130_fd_sc_hd__xnor2_1)
                                                         _0588_ (net)
                      0.053591    0.000230    1.421016 ^ _2259_/A1 (sky130_fd_sc_hd__mux2_1)
     1    0.002389    0.038390    0.116813    1.537829 ^ _2259_/X (sky130_fd_sc_hd__mux2_1)
                                                         _0322_ (net)
                      0.038390    0.000172    1.538002 ^ _3063_/D (sky130_fd_sc_hd__dfrtp_1)
                                              1.538002   data arrival time

                                  0.000000    0.000000   clock clk (rise edge)
                                  0.000000    0.000000   clock source latency
     1    0.027657    0.129514    0.090739    0.090739 ^ clk (in)
                                                         clk (net)
                      0.129618    0.000000    0.090739 ^ clkbuf_0_clk/A (sky130_fd_sc_hd__clkbuf_16)
    16    0.122912    0.136331    0.228671    0.319410 ^ clkbuf_0_clk/X (sky130_fd_sc_hd__clkbuf_16)
                                                         clknet_0_clk (net)
                      0.137236    0.008877    0.328287 ^ clkbuf_4_15_0_clk/A (sky130_fd_sc_hd__clkbuf_8)
    13    0.066123    0.124153    0.219272    0.547559 ^ clkbuf_4_15_0_clk/X (sky130_fd_sc_hd__clkbuf_8)
                                                         clknet_4_15_0_clk (net)
                      0.124590    0.005582    0.553142 ^ _3063_/CLK (sky130_fd_sc_hd__dfrtp_1)
                                  0.500000    1.053142   clock uncertainty
                                  0.000000    1.053142   clock reconvergence pessimism
                                 -0.022517    1.030625   library hold time
                                              1.030625   data required time
---------------------------------------------------------------------------------------------
                                              1.030625   data required time
                                             -1.538002   data arrival time
---------------------------------------------------------------------------------------------
                                              0.507377   slack (MET)


Startpoint: _3047_ (rising edge-triggered flip-flop clocked by clk)
Endpoint: _3067_ (rising edge-triggered flip-flop clocked by clk)
Path Group: clk
Path Type: min

Fanout         Cap        Slew       Delay        Time   Description
---------------------------------------------------------------------------------------------
                                  0.000000    0.000000   clock clk (rise edge)
                                  0.000000    0.000000   clock source latency
     1    0.027657    0.129514    0.090739    0.090739 ^ clk (in)
                                                         clk (net)
                      0.129618    0.000000    0.090739 ^ clkbuf_0_clk/A (sky130_fd_sc_hd__clkbuf_16)
    16    0.122912    0.136331    0.228671    0.319410 ^ clkbuf_0_clk/X (sky130_fd_sc_hd__clkbuf_16)
                                                         clknet_0_clk (net)
                      0.137236    0.008877    0.328287 ^ clkbuf_4_15_0_clk/A (sky130_fd_sc_hd__clkbuf_8)
    13    0.066123    0.124153    0.219272    0.547559 ^ clkbuf_4_15_0_clk/X (sky130_fd_sc_hd__clkbuf_8)
                                                         clknet_4_15_0_clk (net)
                      0.124390    0.003895    0.551454 ^ _3047_/CLK (sky130_fd_sc_hd__dfrtp_1)
     4    0.010607    0.073367    0.423063    0.974517 v _3047_/Q (sky130_fd_sc_hd__dfrtp_1)
                                                         my_sum_sub.al_ma[6] (net)
                      0.073446    0.001028    0.975545 v _2232_/C_N (sky130_fd_sc_hd__or3b_1)
     1    0.002848    0.038602    0.166626    1.142171 ^ _2232_/X (sky130_fd_sc_hd__or3b_1)
                                                         _0566_ (net)
                      0.038603    0.000205    1.142376 ^ _2237_/A2 (sky130_fd_sc_hd__a31o_1)
     1    0.007115    0.077695    0.157922    1.300298 ^ _2237_/X (sky130_fd_sc_hd__a31o_1)
                                                         _0571_ (net)
                      0.077698    0.000576    1.300874 ^ _2238_/B (sky130_fd_sc_hd__xnor2_1)
     1    0.003500    0.055859    0.119327    1.420201 ^ _2238_/Y (sky130_fd_sc_hd__xnor2_1)
                                                         _0572_ (net)
                      0.055859    0.000215    1.420416 ^ _2239_/A1 (sky130_fd_sc_hd__mux2_1)
     1    0.002551    0.039581    0.118868    1.539284 ^ _2239_/X (sky130_fd_sc_hd__mux2_1)
                                                         _0326_ (net)
                      0.039581    0.000185    1.539469 ^ _3067_/D (sky130_fd_sc_hd__dfrtp_4)
                                              1.539469   data arrival time

                                  0.000000    0.000000   clock clk (rise edge)
                                  0.000000    0.000000   clock source latency
     1    0.027657    0.129514    0.090739    0.090739 ^ clk (in)
                                                         clk (net)
                      0.129618    0.000000    0.090739 ^ clkbuf_0_clk/A (sky130_fd_sc_hd__clkbuf_16)
    16    0.122912    0.136331    0.228671    0.319410 ^ clkbuf_0_clk/X (sky130_fd_sc_hd__clkbuf_16)
                                                         clknet_0_clk (net)
                      0.137236    0.008877    0.328287 ^ clkbuf_4_15_0_clk/A (sky130_fd_sc_hd__clkbuf_8)
    13    0.066123    0.124153    0.219272    0.547559 ^ clkbuf_4_15_0_clk/X (sky130_fd_sc_hd__clkbuf_8)
                                                         clknet_4_15_0_clk (net)
                      0.124574    0.005469    0.553028 ^ _3067_/CLK (sky130_fd_sc_hd__dfrtp_4)
                                  0.500000    1.053028   clock uncertainty
                                  0.000000    1.053028   clock reconvergence pessimism
                                 -0.022766    1.030262   library hold time
                                              1.030262   data required time
---------------------------------------------------------------------------------------------
                                              1.030262   data required time
                                             -1.539469   data arrival time
---------------------------------------------------------------------------------------------
                                              0.509207   slack (MET)


Startpoint: _3126_ (rising edge-triggered flip-flop clocked by clk)
Endpoint: _3126_ (rising edge-triggered flip-flop clocked by clk)
Path Group: clk
Path Type: min

Fanout         Cap        Slew       Delay        Time   Description
---------------------------------------------------------------------------------------------
                                  0.000000    0.000000   clock clk (rise edge)
                                  0.000000    0.000000   clock source latency
     1    0.027657    0.129514    0.090739    0.090739 ^ clk (in)
                                                         clk (net)
                      0.129618    0.000000    0.090739 ^ clkbuf_0_clk/A (sky130_fd_sc_hd__clkbuf_16)
    16    0.122912    0.136331    0.228671    0.319410 ^ clkbuf_0_clk/X (sky130_fd_sc_hd__clkbuf_16)
                                                         clknet_0_clk (net)
                      0.137305    0.009201    0.328612 ^ clkbuf_4_1_0_clk/A (sky130_fd_sc_hd__clkbuf_8)
    16    0.071217    0.132356    0.225099    0.553711 ^ clkbuf_4_1_0_clk/X (sky130_fd_sc_hd__clkbuf_8)
                                                         clknet_4_1_0_clk (net)
                      0.132797    0.005760    0.559471 ^ _3126_/CLK (sky130_fd_sc_hd__dfrtp_1)
     2    0.004621    0.058847    0.359325    0.918796 ^ _3126_/Q (sky130_fd_sc_hd__dfrtp_1)
                                                         shift_in[15] (net)
                      0.058847    0.000310    0.919106 ^ _2105_/A1 (sky130_fd_sc_hd__mux2_1)
     1    0.001891    0.034640    0.114666    1.033772 ^ _2105_/X (sky130_fd_sc_hd__mux2_1)
                                                         _0222_ (net)
                      0.034640    0.000086    1.033859 ^ hold27/A (sky130_fd_sc_hd__dlygate4sd3_1)
     1    0.002430    0.049739    0.527940    1.561798 ^ hold27/X (sky130_fd_sc_hd__dlygate4sd3_1)
                                                         net32 (net)
                      0.049739    0.000179    1.561977 ^ _3126_/D (sky130_fd_sc_hd__dfrtp_1)
                                              1.561977   data arrival time

                                  0.000000    0.000000   clock clk (rise edge)
                                  0.000000    0.000000   clock source latency
     1    0.027657    0.129514    0.090739    0.090739 ^ clk (in)
                                                         clk (net)
                      0.129618    0.000000    0.090739 ^ clkbuf_0_clk/A (sky130_fd_sc_hd__clkbuf_16)
    16    0.122912    0.136331    0.228671    0.319410 ^ clkbuf_0_clk/X (sky130_fd_sc_hd__clkbuf_16)
                                                         clknet_0_clk (net)
                      0.137305    0.009201    0.328612 ^ clkbuf_4_1_0_clk/A (sky130_fd_sc_hd__clkbuf_8)
    16    0.071217    0.132356    0.225099    0.553711 ^ clkbuf_4_1_0_clk/X (sky130_fd_sc_hd__clkbuf_8)
                                                         clknet_4_1_0_clk (net)
                      0.132797    0.005760    0.559471 ^ _3126_/CLK (sky130_fd_sc_hd__dfrtp_1)
                                  0.500000    1.059471   clock uncertainty
                                  0.000000    1.059471   clock reconvergence pessimism
                                 -0.023750    1.035721   library hold time
                                              1.035721   data required time
---------------------------------------------------------------------------------------------
                                              1.035721   data required time
                                             -1.561977   data arrival time
---------------------------------------------------------------------------------------------
                                              0.526256   slack (MET)


Startpoint: _3002_ (rising edge-triggered flip-flop clocked by clk)
Endpoint: _3003_ (rising edge-triggered flip-flop clocked by clk)
Path Group: clk
Path Type: min

Fanout         Cap        Slew       Delay        Time   Description
---------------------------------------------------------------------------------------------
                                  0.000000    0.000000   clock clk (rise edge)
                                  0.000000    0.000000   clock source latency
     1    0.027657    0.129514    0.090739    0.090739 ^ clk (in)
                                                         clk (net)
                      0.129618    0.000000    0.090739 ^ clkbuf_0_clk/A (sky130_fd_sc_hd__clkbuf_16)
    16    0.122912    0.136331    0.228671    0.319410 ^ clkbuf_0_clk/X (sky130_fd_sc_hd__clkbuf_16)
                                                         clknet_0_clk (net)
                      0.136994    0.007632    0.327042 ^ clkbuf_4_8_0_clk/A (sky130_fd_sc_hd__clkbuf_8)
     9    0.053590    0.104030    0.204712    0.531754 ^ clkbuf_4_8_0_clk/X (sky130_fd_sc_hd__clkbuf_8)
                                                         clknet_4_8_0_clk (net)
                      0.104246    0.003389    0.535143 ^ _3002_/CLK (sky130_fd_sc_hd__dfrtp_1)
     2    0.003731    0.043639    0.380708    0.915852 v _3002_/Q (sky130_fd_sc_hd__dfrtp_1)
                                                         my_divider.remainder_reg[1] (net)
                      0.043639    0.000133    0.915984 v _2714_/A_N (sky130_fd_sc_hd__and2b_1)
     1    0.002424    0.038525    0.177840    1.093824 ^ _2714_/X (sky130_fd_sc_hd__and2b_1)
                                                         _0990_ (net)
                      0.038526    0.000159    1.093984 ^ _2715_/B (sky130_fd_sc_hd__or2_1)
     2    0.006187    0.068643    0.107461    1.201445 ^ _2715_/X (sky130_fd_sc_hd__or2_1)
                                                         _0991_ (net)
                      0.068644    0.000429    1.201874 ^ _2716_/B1 (sky130_fd_sc_hd__a21oi_1)
     3    0.010099    0.057559    0.069330    1.271205 v _2716_/Y (sky130_fd_sc_hd__a21oi_1)
                                                         _0992_ (net)
                      0.057570    0.000658    1.271863 v _2759_/A1 (sky130_fd_sc_hd__o21ai_1)
     1    0.003133    0.080908    0.133131    1.404994 ^ _2759_/Y (sky130_fd_sc_hd__o21ai_1)
                                                         _1028_ (net)
                      0.080908    0.000217    1.405210 ^ _2761_/A3 (sky130_fd_sc_hd__a31o_1)
     1    0.003353    0.044623    0.147015    1.552225 ^ _2761_/X (sky130_fd_sc_hd__a31o_1)
                                                         _0262_ (net)
                      0.044623    0.000212    1.552437 ^ _3003_/D (sky130_fd_sc_hd__dfrtp_1)
                                              1.552437   data arrival time

                                  0.000000    0.000000   clock clk (rise edge)
                                  0.000000    0.000000   clock source latency
     1    0.027657    0.129514    0.090739    0.090739 ^ clk (in)
                                                         clk (net)
                      0.129618    0.000000    0.090739 ^ clkbuf_0_clk/A (sky130_fd_sc_hd__clkbuf_16)
    16    0.122912    0.136331    0.228671    0.319410 ^ clkbuf_0_clk/X (sky130_fd_sc_hd__clkbuf_16)
                                                         clknet_0_clk (net)
                      0.137091    0.008157    0.327568 ^ clkbuf_4_10_0_clk/A (sky130_fd_sc_hd__clkbuf_8)
    10    0.054057    0.104280    0.205777    0.533344 ^ clkbuf_4_10_0_clk/X (sky130_fd_sc_hd__clkbuf_8)
                                                         clknet_4_10_0_clk (net)
                      0.104334    0.002226    0.535571 ^ _3003_/CLK (sky130_fd_sc_hd__dfrtp_1)
                                  0.500000    1.035571   clock uncertainty
                                  0.000000    1.035571   clock reconvergence pessimism
                                 -0.026578    1.008993   library hold time
                                              1.008993   data required time
---------------------------------------------------------------------------------------------
                                              1.008993   data required time
                                             -1.552437   data arrival time
---------------------------------------------------------------------------------------------
                                              0.543445   slack (MET)


Startpoint: _3058_ (rising edge-triggered flip-flop clocked by clk)
Endpoint: _3068_ (rising edge-triggered flip-flop clocked by clk)
Path Group: clk
Path Type: min

Fanout         Cap        Slew       Delay        Time   Description
---------------------------------------------------------------------------------------------
                                  0.000000    0.000000   clock clk (rise edge)
                                  0.000000    0.000000   clock source latency
     1    0.027657    0.129514    0.090739    0.090739 ^ clk (in)
                                                         clk (net)
                      0.129618    0.000000    0.090739 ^ clkbuf_0_clk/A (sky130_fd_sc_hd__clkbuf_16)
    16    0.122912    0.136331    0.228671    0.319410 ^ clkbuf_0_clk/X (sky130_fd_sc_hd__clkbuf_16)
                                                         clknet_0_clk (net)
                      0.137077    0.008081    0.327492 ^ clkbuf_4_12_0_clk/A (sky130_fd_sc_hd__clkbuf_8)
     8    0.059104    0.112861    0.211188    0.538679 ^ clkbuf_4_12_0_clk/X (sky130_fd_sc_hd__clkbuf_8)
                                                         clknet_4_12_0_clk (net)
                      0.113085    0.003614    0.542293 ^ _3058_/CLK (sky130_fd_sc_hd__dfrtp_4)
     2    0.021293    0.092587    0.462230    1.004523 ^ _3058_/Q (sky130_fd_sc_hd__dfrtp_4)
                                                         my_sum_sub.al_sb_eff (net)
                      0.092671    0.001703    1.006226 ^ _2211_/A (sky130_fd_sc_hd__xor2_4)
    14    0.055514    0.095247    0.156075    1.162301 v _2211_/X (sky130_fd_sc_hd__xor2_4)
                                                         _0546_ (net)
                      0.096897    0.009968    1.172269 v _2229_/A1 (sky130_fd_sc_hd__a21oi_1)
     1    0.010120    0.222938    0.240980    1.413249 ^ _2229_/Y (sky130_fd_sc_hd__a21oi_1)
                                                         _0564_ (net)
                      0.222943    0.000884    1.414133 ^ _2230_/A1 (sky130_fd_sc_hd__mux2_1)
     1    0.002528    0.039407    0.166057    1.580190 ^ _2230_/X (sky130_fd_sc_hd__mux2_1)
                                                         _0327_ (net)
                      0.039407    0.000176    1.580366 ^ _3068_/D (sky130_fd_sc_hd__dfrtp_4)
                                              1.580366   data arrival time

                                  0.000000    0.000000   clock clk (rise edge)
                                  0.000000    0.000000   clock source latency
     1    0.027657    0.129514    0.090739    0.090739 ^ clk (in)
                                                         clk (net)
                      0.129618    0.000000    0.090739 ^ clkbuf_0_clk/A (sky130_fd_sc_hd__clkbuf_16)
    16    0.122912    0.136331    0.228671    0.319410 ^ clkbuf_0_clk/X (sky130_fd_sc_hd__clkbuf_16)
                                                         clknet_0_clk (net)
                      0.137219    0.008798    0.328209 ^ clkbuf_4_14_0_clk/A (sky130_fd_sc_hd__clkbuf_8)
    11    0.071062    0.131314    0.226348    0.554557 ^ clkbuf_4_14_0_clk/X (sky130_fd_sc_hd__clkbuf_8)
                                                         clknet_4_14_0_clk (net)
                      0.131341    0.001875    0.556432 ^ _3068_/CLK (sky130_fd_sc_hd__dfrtp_4)
                                  0.500000    1.056432   clock uncertainty
                                  0.000000    1.056432   clock reconvergence pessimism
                                 -0.021806    1.034626   library hold time
                                              1.034626   data required time
---------------------------------------------------------------------------------------------
                                              1.034626   data required time
                                             -1.580366   data arrival time
---------------------------------------------------------------------------------------------
                                              0.545740   slack (MET)


Startpoint: _3037_ (rising edge-triggered flip-flop clocked by clk)
Endpoint: _3074_ (rising edge-triggered flip-flop clocked by clk)
Path Group: clk
Path Type: min

Fanout         Cap        Slew       Delay        Time   Description
---------------------------------------------------------------------------------------------
                                  0.000000    0.000000   clock clk (rise edge)
                                  0.000000    0.000000   clock source latency
     1    0.027657    0.129514    0.090739    0.090739 ^ clk (in)
                                                         clk (net)
                      0.129618    0.000000    0.090739 ^ clkbuf_0_clk/A (sky130_fd_sc_hd__clkbuf_16)
    16    0.122912    0.136331    0.228671    0.319410 ^ clkbuf_0_clk/X (sky130_fd_sc_hd__clkbuf_16)
                                                         clknet_0_clk (net)
                      0.137076    0.008079    0.327489 ^ clkbuf_4_11_0_clk/A (sky130_fd_sc_hd__clkbuf_8)
    13    0.059228    0.112479    0.212100    0.539589 ^ clkbuf_4_11_0_clk/X (sky130_fd_sc_hd__clkbuf_8)
                                                         clknet_4_11_0_clk (net)
                      0.112592    0.003175    0.542764 ^ _3037_/CLK (sky130_fd_sc_hd__dfrtp_1)
     2    0.007525    0.081622    0.371987    0.914751 ^ _3037_/Q (sky130_fd_sc_hd__dfrtp_1)
                                                         my_sum_sub.al_exp[4] (net)
                      0.081622    0.000397    0.915149 ^ _2167_/A1 (sky130_fd_sc_hd__mux2_1)
     1    0.002488    0.038935    0.127153    1.042302 ^ _2167_/X (sky130_fd_sc_hd__mux2_1)
                                                         _0333_ (net)
                      0.038935    0.000105    1.042407 ^ hold68/A (sky130_fd_sc_hd__dlygate4sd3_1)
     1    0.003228    0.056607    0.536847    1.579254 ^ hold68/X (sky130_fd_sc_hd__dlygate4sd3_1)
                                                         net73 (net)
                      0.056607    0.000202    1.579455 ^ _3074_/D (sky130_fd_sc_hd__dfrtp_2)
                                              1.579455   data arrival time

                                  0.000000    0.000000   clock clk (rise edge)
                                  0.000000    0.000000   clock source latency
     1    0.027657    0.129514    0.090739    0.090739 ^ clk (in)
                                                         clk (net)
                      0.129618    0.000000    0.090739 ^ clkbuf_0_clk/A (sky130_fd_sc_hd__clkbuf_16)
    16    0.122912    0.136331    0.228671    0.319410 ^ clkbuf_0_clk/X (sky130_fd_sc_hd__clkbuf_16)
                                                         clknet_0_clk (net)
                      0.137219    0.008798    0.328209 ^ clkbuf_4_14_0_clk/A (sky130_fd_sc_hd__clkbuf_8)
    11    0.071062    0.131314    0.226348    0.554557 ^ clkbuf_4_14_0_clk/X (sky130_fd_sc_hd__clkbuf_8)
                                                         clknet_4_14_0_clk (net)
                      0.131383    0.002781    0.557337 ^ _3074_/CLK (sky130_fd_sc_hd__dfrtp_2)
                                  0.500000    1.057337   clock uncertainty
                                  0.000000    1.057337   clock reconvergence pessimism
                                 -0.025252    1.032086   library hold time
                                              1.032086   data required time
---------------------------------------------------------------------------------------------
                                              1.032086   data required time
                                             -1.579455   data arrival time
---------------------------------------------------------------------------------------------
                                              0.547370   slack (MET)


Startpoint: _3010_ (rising edge-triggered flip-flop clocked by clk)
Endpoint: _3011_ (rising edge-triggered flip-flop clocked by clk)
Path Group: clk
Path Type: min

Fanout         Cap        Slew       Delay        Time   Description
---------------------------------------------------------------------------------------------
                                  0.000000    0.000000   clock clk (rise edge)
                                  0.000000    0.000000   clock source latency
     1    0.027657    0.129514    0.090739    0.090739 ^ clk (in)
                                                         clk (net)
                      0.129618    0.000000    0.090739 ^ clkbuf_0_clk/A (sky130_fd_sc_hd__clkbuf_16)
    16    0.122912    0.136331    0.228671    0.319410 ^ clkbuf_0_clk/X (sky130_fd_sc_hd__clkbuf_16)
                                                         clknet_0_clk (net)
                      0.137207    0.008737    0.328148 ^ clkbuf_4_2_0_clk/A (sky130_fd_sc_hd__clkbuf_8)
    18    0.073380    0.135996    0.226742    0.554890 ^ clkbuf_4_2_0_clk/X (sky130_fd_sc_hd__clkbuf_8)
                                                         clknet_4_2_0_clk (net)
                      0.136644    0.007625    0.562515 ^ _3010_/CLK (sky130_fd_sc_hd__dfrtp_1)
     2    0.006555    0.073925    0.373521    0.936036 ^ _3010_/Q (sky130_fd_sc_hd__dfrtp_1)
                                                         div_quotient[0] (net)
                      0.073926    0.000369    0.936405 ^ _2698_/A1 (sky130_fd_sc_hd__a22o_1)
     1    0.001890    0.037332    0.123916    1.060322 ^ _2698_/X (sky130_fd_sc_hd__a22o_1)
                                                         _0270_ (net)
                      0.037332    0.000086    1.060408 ^ hold159/A (sky130_fd_sc_hd__dlygate4sd3_1)
     1    0.002478    0.050145    0.529278    1.589685 ^ hold159/X (sky130_fd_sc_hd__dlygate4sd3_1)
                                                         net164 (net)
                      0.050145    0.000170    1.589856 ^ _3011_/D (sky130_fd_sc_hd__dfrtp_1)
                                              1.589856   data arrival time

                                  0.000000    0.000000   clock clk (rise edge)
                                  0.000000    0.000000   clock source latency
     1    0.027657    0.129514    0.090739    0.090739 ^ clk (in)
                                                         clk (net)
                      0.129618    0.000000    0.090739 ^ clkbuf_0_clk/A (sky130_fd_sc_hd__clkbuf_16)
    16    0.122912    0.136331    0.228671    0.319410 ^ clkbuf_0_clk/X (sky130_fd_sc_hd__clkbuf_16)
                                                         clknet_0_clk (net)
                      0.137207    0.008737    0.328148 ^ clkbuf_4_2_0_clk/A (sky130_fd_sc_hd__clkbuf_8)
    18    0.073380    0.135996    0.226742    0.554890 ^ clkbuf_4_2_0_clk/X (sky130_fd_sc_hd__clkbuf_8)
                                                         clknet_4_2_0_clk (net)
                      0.136641    0.007610    0.562500 ^ _3011_/CLK (sky130_fd_sc_hd__dfrtp_1)
                                  0.500000    1.062499   clock uncertainty
                                  0.000000    1.062499   clock reconvergence pessimism
                                 -0.023308    1.039191   library hold time
                                              1.039191   data required time
---------------------------------------------------------------------------------------------
                                              1.039191   data required time
                                             -1.589856   data arrival time
---------------------------------------------------------------------------------------------
                                              0.550665   slack (MET)


Startpoint: _3154_ (rising edge-triggered flip-flop clocked by clk)
Endpoint: _3087_ (rising edge-triggered flip-flop clocked by clk)
Path Group: clk
Path Type: min

Fanout         Cap        Slew       Delay        Time   Description
---------------------------------------------------------------------------------------------
                                  0.000000    0.000000   clock clk (rise edge)
                                  0.000000    0.000000   clock source latency
     1    0.027657    0.129514    0.090739    0.090739 ^ clk (in)
                                                         clk (net)
                      0.129618    0.000000    0.090739 ^ clkbuf_0_clk/A (sky130_fd_sc_hd__clkbuf_16)
    16    0.122912    0.136331    0.228671    0.319410 ^ clkbuf_0_clk/X (sky130_fd_sc_hd__clkbuf_16)
                                                         clknet_0_clk (net)
                      0.137286    0.009113    0.328524 ^ clkbuf_4_0_0_clk/A (sky130_fd_sc_hd__clkbuf_8)
    24    0.077983    0.141740    0.232054    0.560578 ^ clkbuf_4_0_0_clk/X (sky130_fd_sc_hd__clkbuf_8)
                                                         clknet_4_0_0_clk (net)
                      0.142141    0.006143    0.566720 ^ _3154_/CLK (sky130_fd_sc_hd__dfrtp_1)
     4    0.015985    0.097035    0.449945    1.016665 v _3154_/Q (sky130_fd_sc_hd__dfrtp_1)
                                                         state[2] (net)
                      0.097052    0.001264    1.017929 v _2141_/A (sky130_fd_sc_hd__nor2_1)
     1    0.003651    0.090407    0.126090    1.144019 ^ _2141_/Y (sky130_fd_sc_hd__nor2_1)
                                                         _0502_ (net)
                      0.090407    0.000245    1.144264 ^ _2142_/B1 (sky130_fd_sc_hd__a2111o_2)
     1    0.018246    0.092246    0.162729    1.306993 ^ _2142_/X (sky130_fd_sc_hd__a2111o_2)
                                                         _0503_ (net)
                      0.092269    0.001408    1.308401 ^ _2143_/B (sky130_fd_sc_hd__nor2_8)
    17    0.090750    0.071966    0.081226    1.389627 v _2143_/Y (sky130_fd_sc_hd__nor2_8)
                                                         _0504_ (net)
                      0.072832    0.006318    1.395945 v _2153_/A2 (sky130_fd_sc_hd__o22a_1)
     1    0.002319    0.034396    0.196434    1.592379 v _2153_/X (sky130_fd_sc_hd__o22a_1)
                                                         _0346_ (net)
                      0.034396    0.000167    1.592546 v _3087_/D (sky130_fd_sc_hd__dfrtp_4)
                                              1.592546   data arrival time

                                  0.000000    0.000000   clock clk (rise edge)
                                  0.000000    0.000000   clock source latency
     1    0.027657    0.129514    0.090739    0.090739 ^ clk (in)
                                                         clk (net)
                      0.129618    0.000000    0.090739 ^ clkbuf_0_clk/A (sky130_fd_sc_hd__clkbuf_16)
    16    0.122912    0.136331    0.228671    0.319410 ^ clkbuf_0_clk/X (sky130_fd_sc_hd__clkbuf_16)
                                                         clknet_0_clk (net)
                      0.137219    0.008798    0.328209 ^ clkbuf_4_14_0_clk/A (sky130_fd_sc_hd__clkbuf_8)
    11    0.071062    0.131314    0.226348    0.554557 ^ clkbuf_4_14_0_clk/X (sky130_fd_sc_hd__clkbuf_8)
                                                         clknet_4_14_0_clk (net)
                      0.131529    0.003835    0.558391 ^ _3087_/CLK (sky130_fd_sc_hd__dfrtp_4)
                                  0.500000    1.058391   clock uncertainty
                                  0.000000    1.058391   clock reconvergence pessimism
                                 -0.018017    1.040374   library hold time
                                              1.040374   data required time
---------------------------------------------------------------------------------------------
                                              1.040374   data required time
                                             -1.592546   data arrival time
---------------------------------------------------------------------------------------------
                                              0.552171   slack (MET)


Startpoint: _3125_ (rising edge-triggered flip-flop clocked by clk)
Endpoint: _3124_ (rising edge-triggered flip-flop clocked by clk)
Path Group: clk
Path Type: min

Fanout         Cap        Slew       Delay        Time   Description
---------------------------------------------------------------------------------------------
                                  0.000000    0.000000   clock clk (rise edge)
                                  0.000000    0.000000   clock source latency
     1    0.027657    0.129514    0.090739    0.090739 ^ clk (in)
                                                         clk (net)
                      0.129618    0.000000    0.090739 ^ clkbuf_0_clk/A (sky130_fd_sc_hd__clkbuf_16)
    16    0.122912    0.136331    0.228671    0.319410 ^ clkbuf_0_clk/X (sky130_fd_sc_hd__clkbuf_16)
                                                         clknet_0_clk (net)
                      0.137305    0.009201    0.328612 ^ clkbuf_4_1_0_clk/A (sky130_fd_sc_hd__clkbuf_8)
    16    0.071217    0.132356    0.225099    0.553711 ^ clkbuf_4_1_0_clk/X (sky130_fd_sc_hd__clkbuf_8)
                                                         clknet_4_1_0_clk (net)
                      0.132796    0.005748    0.559460 ^ _3125_/CLK (sky130_fd_sc_hd__dfrtp_1)
     1    0.002324    0.041593    0.342052    0.901511 ^ _3125_/Q (sky130_fd_sc_hd__dfrtp_1)
                                                         shift_in[14] (net)
                      0.041593    0.000154    0.901666 ^ hold91/A (sky130_fd_sc_hd__dlygate4sd3_1)
     3    0.007683    0.095897    0.572205    1.473871 ^ hold91/X (sky130_fd_sc_hd__dlygate4sd3_1)
                                                         net96 (net)
                      0.095897    0.000303    1.474173 ^ _2107_/A0 (sky130_fd_sc_hd__mux2_1)
     1    0.002223    0.037188    0.127261    1.601434 ^ _2107_/X (sky130_fd_sc_hd__mux2_1)
                                                         _0220_ (net)
                      0.037188    0.000161    1.601595 ^ _3124_/D (sky130_fd_sc_hd__dfrtp_1)
                                              1.601595   data arrival time

                                  0.000000    0.000000   clock clk (rise edge)
                                  0.000000    0.000000   clock source latency
     1    0.027657    0.129514    0.090739    0.090739 ^ clk (in)
                                                         clk (net)
                      0.129618    0.000000    0.090739 ^ clkbuf_0_clk/A (sky130_fd_sc_hd__clkbuf_16)
    16    0.122912    0.136331    0.228671    0.319410 ^ clkbuf_0_clk/X (sky130_fd_sc_hd__clkbuf_16)
                                                         clknet_0_clk (net)
                      0.137305    0.009201    0.328612 ^ clkbuf_4_1_0_clk/A (sky130_fd_sc_hd__clkbuf_8)
    16    0.071217    0.132356    0.225099    0.553711 ^ clkbuf_4_1_0_clk/X (sky130_fd_sc_hd__clkbuf_8)
                                                         clknet_4_1_0_clk (net)
                      0.132942    0.006744    0.560455 ^ _3124_/CLK (sky130_fd_sc_hd__dfrtp_1)
                                  0.500000    1.060455   clock uncertainty
                                  0.000000    1.060455   clock reconvergence pessimism
                                 -0.021127    1.039328   library hold time
                                              1.039328   data required time
---------------------------------------------------------------------------------------------
                                              1.039328   data required time
                                             -1.601595   data arrival time
---------------------------------------------------------------------------------------------
                                              0.562267   slack (MET)


Startpoint: _3112_ (rising edge-triggered flip-flop clocked by clk)
Endpoint: _3111_ (rising edge-triggered flip-flop clocked by clk)
Path Group: clk
Path Type: min

Fanout         Cap        Slew       Delay        Time   Description
---------------------------------------------------------------------------------------------
                                  0.000000    0.000000   clock clk (rise edge)
                                  0.000000    0.000000   clock source latency
     1    0.027657    0.129514    0.090739    0.090739 ^ clk (in)
                                                         clk (net)
                      0.129618    0.000000    0.090739 ^ clkbuf_0_clk/A (sky130_fd_sc_hd__clkbuf_16)
    16    0.122912    0.136331    0.228671    0.319410 ^ clkbuf_0_clk/X (sky130_fd_sc_hd__clkbuf_16)
                                                         clknet_0_clk (net)
                      0.136820    0.006591    0.326001 ^ clkbuf_4_5_0_clk/A (sky130_fd_sc_hd__clkbuf_8)
    10    0.064582    0.121004    0.218024    0.544025 ^ clkbuf_4_5_0_clk/X (sky130_fd_sc_hd__clkbuf_8)
                                                         clknet_4_5_0_clk (net)
                      0.121296    0.004366    0.548391 ^ _3112_/CLK (sky130_fd_sc_hd__dfrtp_1)
     3    0.008961    0.092389    0.384866    0.933258 ^ _3112_/Q (sky130_fd_sc_hd__dfrtp_1)
                                                         shift_in[1] (net)
                      0.092390    0.000443    0.933701 ^ _2120_/A0 (sky130_fd_sc_hd__mux2_1)
     1    0.001877    0.034562    0.123318    1.057019 ^ _2120_/X (sky130_fd_sc_hd__mux2_1)
                                                         _0207_ (net)
                      0.034562    0.000087    1.057106 ^ hold117/A (sky130_fd_sc_hd__dlygate4sd3_1)
     1    0.003346    0.057656    0.536520    1.593626 ^ hold117/X (sky130_fd_sc_hd__dlygate4sd3_1)
                                                         net122 (net)
                      0.057656    0.000218    1.593844 ^ _3111_/D (sky130_fd_sc_hd__dfrtp_1)
                                              1.593844   data arrival time

                                  0.000000    0.000000   clock clk (rise edge)
                                  0.000000    0.000000   clock source latency
     1    0.027657    0.129514    0.090739    0.090739 ^ clk (in)
                                                         clk (net)
                      0.129618    0.000000    0.090739 ^ clkbuf_0_clk/A (sky130_fd_sc_hd__clkbuf_16)
    16    0.122912    0.136331    0.228671    0.319410 ^ clkbuf_0_clk/X (sky130_fd_sc_hd__clkbuf_16)
                                                         clknet_0_clk (net)
                      0.136864    0.006872    0.326283 ^ clkbuf_4_7_0_clk/A (sky130_fd_sc_hd__clkbuf_8)
    17    0.070425    0.131162    0.223806    0.550088 ^ clkbuf_4_7_0_clk/X (sky130_fd_sc_hd__clkbuf_8)
                                                         clknet_4_7_0_clk (net)
                      0.131627    0.006353    0.556441 ^ _3111_/CLK (sky130_fd_sc_hd__dfrtp_1)
                                  0.500000    1.056441   clock uncertainty
                                  0.000000    1.056441   clock reconvergence pessimism
                                 -0.025552    1.030889   library hold time
                                              1.030889   data required time
---------------------------------------------------------------------------------------------
                                              1.030889   data required time
                                             -1.593844   data arrival time
---------------------------------------------------------------------------------------------
                                              0.562955   slack (MET)


Startpoint: _3123_ (rising edge-triggered flip-flop clocked by clk)
Endpoint: _3122_ (rising edge-triggered flip-flop clocked by clk)
Path Group: clk
Path Type: min

Fanout         Cap        Slew       Delay        Time   Description
---------------------------------------------------------------------------------------------
                                  0.000000    0.000000   clock clk (rise edge)
                                  0.000000    0.000000   clock source latency
     1    0.027657    0.129514    0.090739    0.090739 ^ clk (in)
                                                         clk (net)
                      0.129618    0.000000    0.090739 ^ clkbuf_0_clk/A (sky130_fd_sc_hd__clkbuf_16)
    16    0.122912    0.136331    0.228671    0.319410 ^ clkbuf_0_clk/X (sky130_fd_sc_hd__clkbuf_16)
                                                         clknet_0_clk (net)
                      0.136872    0.006922    0.326332 ^ clkbuf_4_4_0_clk/A (sky130_fd_sc_hd__clkbuf_8)
    11    0.059675    0.113746    0.211995    0.538327 ^ clkbuf_4_4_0_clk/X (sky130_fd_sc_hd__clkbuf_8)
                                                         clknet_4_4_0_clk (net)
                      0.113952    0.003458    0.541784 ^ _3123_/CLK (sky130_fd_sc_hd__dfrtp_1)
     1    0.002071    0.039498    0.333610    0.875394 ^ _3123_/Q (sky130_fd_sc_hd__dfrtp_1)
                                                         shift_in[12] (net)
                      0.039498    0.000096    0.875490 ^ hold80/A (sky130_fd_sc_hd__dlygate4sd3_1)
     3    0.007871    0.097549    0.572830    1.448320 ^ hold80/X (sky130_fd_sc_hd__dlygate4sd3_1)
                                                         net85 (net)
                      0.097550    0.000531    1.448851 ^ _2109_/A0 (sky130_fd_sc_hd__mux2_1)
     1    0.002652    0.040324    0.131258    1.580109 ^ _2109_/X (sky130_fd_sc_hd__mux2_1)
                                                         _0218_ (net)
                      0.040324    0.000180    1.580288 ^ _3122_/D (sky130_fd_sc_hd__dfrtp_1)
                                              1.580288   data arrival time

                                  0.000000    0.000000   clock clk (rise edge)
                                  0.000000    0.000000   clock source latency
     1    0.027657    0.129514    0.090739    0.090739 ^ clk (in)
                                                         clk (net)
                      0.129618    0.000000    0.090739 ^ clkbuf_0_clk/A (sky130_fd_sc_hd__clkbuf_16)
    16    0.122912    0.136331    0.228671    0.319410 ^ clkbuf_0_clk/X (sky130_fd_sc_hd__clkbuf_16)
                                                         clknet_0_clk (net)
                      0.136872    0.006922    0.326332 ^ clkbuf_4_4_0_clk/A (sky130_fd_sc_hd__clkbuf_8)
    11    0.059675    0.113746    0.211995    0.538327 ^ clkbuf_4_4_0_clk/X (sky130_fd_sc_hd__clkbuf_8)
                                                         clknet_4_4_0_clk (net)
                      0.113944    0.003370    0.541696 ^ _3122_/CLK (sky130_fd_sc_hd__dfrtp_1)
                                  0.500000    1.041696   clock uncertainty
                                  0.000000    1.041696   clock reconvergence pessimism
                                 -0.024372    1.017325   library hold time
                                              1.017325   data required time
---------------------------------------------------------------------------------------------
                                              1.017325   data required time
                                             -1.580288   data arrival time
---------------------------------------------------------------------------------------------
                                              0.562963   slack (MET)


Startpoint: _3125_ (rising edge-triggered flip-flop clocked by clk)
Endpoint: _3109_ (rising edge-triggered flip-flop clocked by clk)
Path Group: clk
Path Type: min

Fanout         Cap        Slew       Delay        Time   Description
---------------------------------------------------------------------------------------------
                                  0.000000    0.000000   clock clk (rise edge)
                                  0.000000    0.000000   clock source latency
     1    0.027657    0.129514    0.090739    0.090739 ^ clk (in)
                                                         clk (net)
                      0.129618    0.000000    0.090739 ^ clkbuf_0_clk/A (sky130_fd_sc_hd__clkbuf_16)
    16    0.122912    0.136331    0.228671    0.319410 ^ clkbuf_0_clk/X (sky130_fd_sc_hd__clkbuf_16)
                                                         clknet_0_clk (net)
                      0.137305    0.009201    0.328612 ^ clkbuf_4_1_0_clk/A (sky130_fd_sc_hd__clkbuf_8)
    16    0.071217    0.132356    0.225099    0.553711 ^ clkbuf_4_1_0_clk/X (sky130_fd_sc_hd__clkbuf_8)
                                                         clknet_4_1_0_clk (net)
                      0.132796    0.005748    0.559460 ^ _3125_/CLK (sky130_fd_sc_hd__dfrtp_1)
     1    0.002324    0.041593    0.342052    0.901511 ^ _3125_/Q (sky130_fd_sc_hd__dfrtp_1)
                                                         shift_in[14] (net)
                      0.041593    0.000154    0.901666 ^ hold91/A (sky130_fd_sc_hd__dlygate4sd3_1)
     3    0.007683    0.095897    0.572205    1.473871 ^ hold91/X (sky130_fd_sc_hd__dlygate4sd3_1)
                                                         net96 (net)
                      0.095897    0.000254    1.474124 ^ _2125_/A0 (sky130_fd_sc_hd__mux2_1)
     1    0.002290    0.037537    0.127799    1.601923 ^ _2125_/X (sky130_fd_sc_hd__mux2_1)
                                                         _0205_ (net)
                      0.037537    0.000167    1.602090 ^ _3109_/D (sky130_fd_sc_hd__dfrtp_2)
                                              1.602090   data arrival time

                                  0.000000    0.000000   clock clk (rise edge)
                                  0.000000    0.000000   clock source latency
     1    0.027657    0.129514    0.090739    0.090739 ^ clk (in)
                                                         clk (net)
                      0.129618    0.000000    0.090739 ^ clkbuf_0_clk/A (sky130_fd_sc_hd__clkbuf_16)
    16    0.122912    0.136331    0.228671    0.319410 ^ clkbuf_0_clk/X (sky130_fd_sc_hd__clkbuf_16)
                                                         clknet_0_clk (net)
                      0.137305    0.009201    0.328612 ^ clkbuf_4_1_0_clk/A (sky130_fd_sc_hd__clkbuf_8)
    16    0.071217    0.132356    0.225099    0.553711 ^ clkbuf_4_1_0_clk/X (sky130_fd_sc_hd__clkbuf_8)
                                                         clknet_4_1_0_clk (net)
                      0.132825    0.005962    0.559673 ^ _3109_/CLK (sky130_fd_sc_hd__dfrtp_2)
                                  0.500000    1.059673   clock uncertainty
                                  0.000000    1.059673   clock reconvergence pessimism
                                 -0.021147    1.038526   library hold time
                                              1.038526   data required time
---------------------------------------------------------------------------------------------
                                              1.038526   data required time
                                             -1.602090   data arrival time
---------------------------------------------------------------------------------------------
                                              0.563564   slack (MET)


Startpoint: _3120_ (rising edge-triggered flip-flop clocked by clk)
Endpoint: _3119_ (rising edge-triggered flip-flop clocked by clk)
Path Group: clk
Path Type: min

Fanout         Cap        Slew       Delay        Time   Description
---------------------------------------------------------------------------------------------
                                  0.000000    0.000000   clock clk (rise edge)
                                  0.000000    0.000000   clock source latency
     1    0.027657    0.129514    0.090739    0.090739 ^ clk (in)
                                                         clk (net)
                      0.129618    0.000000    0.090739 ^ clkbuf_0_clk/A (sky130_fd_sc_hd__clkbuf_16)
    16    0.122912    0.136331    0.228671    0.319410 ^ clkbuf_0_clk/X (sky130_fd_sc_hd__clkbuf_16)
                                                         clknet_0_clk (net)
                      0.136872    0.006922    0.326332 ^ clkbuf_4_4_0_clk/A (sky130_fd_sc_hd__clkbuf_8)
    11    0.059675    0.113746    0.211995    0.538327 ^ clkbuf_4_4_0_clk/X (sky130_fd_sc_hd__clkbuf_8)
                                                         clknet_4_4_0_clk (net)
                      0.113941    0.003342    0.541669 ^ _3120_/CLK (sky130_fd_sc_hd__dfrtp_1)
     1    0.002269    0.041214    0.335222    0.876891 ^ _3120_/Q (sky130_fd_sc_hd__dfrtp_1)
                                                         shift_in[9] (net)
                      0.041214    0.000160    0.877052 ^ hold76/A (sky130_fd_sc_hd__dlygate4sd3_1)
     3    0.008452    0.102099    0.577969    1.455020 ^ hold76/X (sky130_fd_sc_hd__dlygate4sd3_1)
                                                         net81 (net)
                      0.102099    0.000283    1.455303 ^ _2112_/A0 (sky130_fd_sc_hd__mux2_1)
     1    0.002734    0.040944    0.133467    1.588770 ^ _2112_/X (sky130_fd_sc_hd__mux2_1)
                                                         _0215_ (net)
                      0.040944    0.000202    1.588972 ^ _3119_/D (sky130_fd_sc_hd__dfrtp_1)
                                              1.588972   data arrival time

                                  0.000000    0.000000   clock clk (rise edge)
                                  0.000000    0.000000   clock source latency
     1    0.027657    0.129514    0.090739    0.090739 ^ clk (in)
                                                         clk (net)
                      0.129618    0.000000    0.090739 ^ clkbuf_0_clk/A (sky130_fd_sc_hd__clkbuf_16)
    16    0.122912    0.136331    0.228671    0.319410 ^ clkbuf_0_clk/X (sky130_fd_sc_hd__clkbuf_16)
                                                         clknet_0_clk (net)
                      0.136820    0.006591    0.326001 ^ clkbuf_4_5_0_clk/A (sky130_fd_sc_hd__clkbuf_8)
    10    0.064582    0.121004    0.218024    0.544025 ^ clkbuf_4_5_0_clk/X (sky130_fd_sc_hd__clkbuf_8)
                                                         clknet_4_5_0_clk (net)
                      0.121338    0.004725    0.548751 ^ _3119_/CLK (sky130_fd_sc_hd__dfrtp_1)
                                  0.500000    1.048750   clock uncertainty
                                  0.000000    1.048750   clock reconvergence pessimism
                                 -0.023491    1.025260   library hold time
                                              1.025260   data required time
---------------------------------------------------------------------------------------------
                                              1.025260   data required time
                                             -1.588972   data arrival time
---------------------------------------------------------------------------------------------
                                              0.563712   slack (MET)


Startpoint: _3015_ (rising edge-triggered flip-flop clocked by clk)
Endpoint: _3016_ (rising edge-triggered flip-flop clocked by clk)
Path Group: clk
Path Type: min

Fanout         Cap        Slew       Delay        Time   Description
---------------------------------------------------------------------------------------------
                                  0.000000    0.000000   clock clk (rise edge)
                                  0.000000    0.000000   clock source latency
     1    0.027657    0.129514    0.090739    0.090739 ^ clk (in)
                                                         clk (net)
                      0.129618    0.000000    0.090739 ^ clkbuf_0_clk/A (sky130_fd_sc_hd__clkbuf_16)
    16    0.122912    0.136331    0.228671    0.319410 ^ clkbuf_0_clk/X (sky130_fd_sc_hd__clkbuf_16)
                                                         clknet_0_clk (net)
                      0.137207    0.008737    0.328148 ^ clkbuf_4_2_0_clk/A (sky130_fd_sc_hd__clkbuf_8)
    18    0.073380    0.135996    0.226742    0.554890 ^ clkbuf_4_2_0_clk/X (sky130_fd_sc_hd__clkbuf_8)
                                                         clknet_4_2_0_clk (net)
                      0.136369    0.005844    0.560734 ^ _3015_/CLK (sky130_fd_sc_hd__dfrtp_1)
     2    0.006450    0.073110    0.372707    0.933441 ^ _3015_/Q (sky130_fd_sc_hd__dfrtp_1)
                                                         div_quotient[5] (net)
                      0.073110    0.000414    0.933855 ^ _2693_/A1 (sky130_fd_sc_hd__a22o_1)
     1    0.003052    0.046343    0.133080    1.066935 ^ _2693_/X (sky130_fd_sc_hd__a22o_1)
                                                         _0275_ (net)
                      0.046343    0.000126    1.067061 ^ hold31/A (sky130_fd_sc_hd__dlygate4sd3_1)
     1    0.002547    0.050731    0.532852    1.599914 ^ hold31/X (sky130_fd_sc_hd__dlygate4sd3_1)
                                                         net36 (net)
                      0.050731    0.000185    1.600099 ^ _3016_/D (sky130_fd_sc_hd__dfrtp_1)
                                              1.600099   data arrival time

                                  0.000000    0.000000   clock clk (rise edge)
                                  0.000000    0.000000   clock source latency
     1    0.027657    0.129514    0.090739    0.090739 ^ clk (in)
                                                         clk (net)
                      0.129618    0.000000    0.090739 ^ clkbuf_0_clk/A (sky130_fd_sc_hd__clkbuf_16)
    16    0.122912    0.136331    0.228671    0.319410 ^ clkbuf_0_clk/X (sky130_fd_sc_hd__clkbuf_16)
                                                         clknet_0_clk (net)
                      0.137207    0.008737    0.328148 ^ clkbuf_4_2_0_clk/A (sky130_fd_sc_hd__clkbuf_8)
    18    0.073380    0.135996    0.226742    0.554890 ^ clkbuf_4_2_0_clk/X (sky130_fd_sc_hd__clkbuf_8)
                                                         clknet_4_2_0_clk (net)
                      0.136213    0.004505    0.559395 ^ _3016_/CLK (sky130_fd_sc_hd__dfrtp_1)
                                  0.500000    1.059395   clock uncertainty
                                  0.000000    1.059395   clock reconvergence pessimism
                                 -0.023488    1.035907   library hold time
                                              1.035907   data required time
---------------------------------------------------------------------------------------------
                                              1.035907   data required time
                                             -1.600099   data arrival time
---------------------------------------------------------------------------------------------
                                              0.564192   slack (MET)


Startpoint: _3123_ (rising edge-triggered flip-flop clocked by clk)
Endpoint: _3123_ (rising edge-triggered flip-flop clocked by clk)
Path Group: clk
Path Type: min

Fanout         Cap        Slew       Delay        Time   Description
---------------------------------------------------------------------------------------------
                                  0.000000    0.000000   clock clk (rise edge)
                                  0.000000    0.000000   clock source latency
     1    0.027657    0.129514    0.090739    0.090739 ^ clk (in)
                                                         clk (net)
                      0.129618    0.000000    0.090739 ^ clkbuf_0_clk/A (sky130_fd_sc_hd__clkbuf_16)
    16    0.122912    0.136331    0.228671    0.319410 ^ clkbuf_0_clk/X (sky130_fd_sc_hd__clkbuf_16)
                                                         clknet_0_clk (net)
                      0.136872    0.006922    0.326332 ^ clkbuf_4_4_0_clk/A (sky130_fd_sc_hd__clkbuf_8)
    11    0.059675    0.113746    0.211995    0.538327 ^ clkbuf_4_4_0_clk/X (sky130_fd_sc_hd__clkbuf_8)
                                                         clknet_4_4_0_clk (net)
                      0.113952    0.003458    0.541784 ^ _3123_/CLK (sky130_fd_sc_hd__dfrtp_1)
     1    0.002071    0.039498    0.333610    0.875394 ^ _3123_/Q (sky130_fd_sc_hd__dfrtp_1)
                                                         shift_in[12] (net)
                      0.039498    0.000096    0.875490 ^ hold80/A (sky130_fd_sc_hd__dlygate4sd3_1)
     3    0.007871    0.097549    0.572830    1.448320 ^ hold80/X (sky130_fd_sc_hd__dlygate4sd3_1)
                                                         net85 (net)
                      0.097550    0.000499    1.448819 ^ _2108_/A1 (sky130_fd_sc_hd__mux2_1)
     1    0.002885    0.042080    0.135690    1.584510 ^ _2108_/X (sky130_fd_sc_hd__mux2_1)
                                                         _0219_ (net)
                      0.042080    0.000189    1.584698 ^ _3123_/D (sky130_fd_sc_hd__dfrtp_1)
                                              1.584698   data arrival time

                                  0.000000    0.000000   clock clk (rise edge)
                                  0.000000    0.000000   clock source latency
     1    0.027657    0.129514    0.090739    0.090739 ^ clk (in)
                                                         clk (net)
                      0.129618    0.000000    0.090739 ^ clkbuf_0_clk/A (sky130_fd_sc_hd__clkbuf_16)
    16    0.122912    0.136331    0.228671    0.319410 ^ clkbuf_0_clk/X (sky130_fd_sc_hd__clkbuf_16)
                                                         clknet_0_clk (net)
                      0.136872    0.006922    0.326332 ^ clkbuf_4_4_0_clk/A (sky130_fd_sc_hd__clkbuf_8)
    11    0.059675    0.113746    0.211995    0.538327 ^ clkbuf_4_4_0_clk/X (sky130_fd_sc_hd__clkbuf_8)
                                                         clknet_4_4_0_clk (net)
                      0.113952    0.003458    0.541784 ^ _3123_/CLK (sky130_fd_sc_hd__dfrtp_1)
                                  0.500000    1.041784   clock uncertainty
                                  0.000000    1.041784   clock reconvergence pessimism
                                 -0.024735    1.017049   library hold time
                                              1.017049   data required time
---------------------------------------------------------------------------------------------
                                              1.017049   data required time
                                             -1.584698   data arrival time
---------------------------------------------------------------------------------------------
                                              0.567649   slack (MET)


Startpoint: _3125_ (rising edge-triggered flip-flop clocked by clk)
Endpoint: _3125_ (rising edge-triggered flip-flop clocked by clk)
Path Group: clk
Path Type: min

Fanout         Cap        Slew       Delay        Time   Description
---------------------------------------------------------------------------------------------
                                  0.000000    0.000000   clock clk (rise edge)
                                  0.000000    0.000000   clock source latency
     1    0.027657    0.129514    0.090739    0.090739 ^ clk (in)
                                                         clk (net)
                      0.129618    0.000000    0.090739 ^ clkbuf_0_clk/A (sky130_fd_sc_hd__clkbuf_16)
    16    0.122912    0.136331    0.228671    0.319410 ^ clkbuf_0_clk/X (sky130_fd_sc_hd__clkbuf_16)
                                                         clknet_0_clk (net)
                      0.137305    0.009201    0.328612 ^ clkbuf_4_1_0_clk/A (sky130_fd_sc_hd__clkbuf_8)
    16    0.071217    0.132356    0.225099    0.553711 ^ clkbuf_4_1_0_clk/X (sky130_fd_sc_hd__clkbuf_8)
                                                         clknet_4_1_0_clk (net)
                      0.132796    0.005748    0.559460 ^ _3125_/CLK (sky130_fd_sc_hd__dfrtp_1)
     1    0.002324    0.041593    0.342052    0.901511 ^ _3125_/Q (sky130_fd_sc_hd__dfrtp_1)
                                                         shift_in[14] (net)
                      0.041593    0.000154    0.901666 ^ hold91/A (sky130_fd_sc_hd__dlygate4sd3_1)
     3    0.007683    0.095897    0.572205    1.473871 ^ hold91/X (sky130_fd_sc_hd__dlygate4sd3_1)
                                                         net96 (net)
                      0.095897    0.000234    1.474104 ^ _2106_/A1 (sky130_fd_sc_hd__mux2_1)
     1    0.002469    0.038953    0.131822    1.605926 ^ _2106_/X (sky130_fd_sc_hd__mux2_1)
                                                         _0221_ (net)
                      0.038953    0.000170    1.606096 ^ _3125_/D (sky130_fd_sc_hd__dfrtp_1)
                                              1.606096   data arrival time

                                  0.000000    0.000000   clock clk (rise edge)
                                  0.000000    0.000000   clock source latency
     1    0.027657    0.129514    0.090739    0.090739 ^ clk (in)
                                                         clk (net)
                      0.129618    0.000000    0.090739 ^ clkbuf_0_clk/A (sky130_fd_sc_hd__clkbuf_16)
    16    0.122912    0.136331    0.228671    0.319410 ^ clkbuf_0_clk/X (sky130_fd_sc_hd__clkbuf_16)
                                                         clknet_0_clk (net)
                      0.137305    0.009201    0.328612 ^ clkbuf_4_1_0_clk/A (sky130_fd_sc_hd__clkbuf_8)
    16    0.071217    0.132356    0.225099    0.553711 ^ clkbuf_4_1_0_clk/X (sky130_fd_sc_hd__clkbuf_8)
                                                         clknet_4_1_0_clk (net)
                      0.132796    0.005748    0.559460 ^ _3125_/CLK (sky130_fd_sc_hd__dfrtp_1)
                                  0.500000    1.059459   clock uncertainty
                                  0.000000    1.059459   clock reconvergence pessimism
                                 -0.021513    1.037946   library hold time
                                              1.037946   data required time
---------------------------------------------------------------------------------------------
                                              1.037946   data required time
                                             -1.606096   data arrival time
---------------------------------------------------------------------------------------------
                                              0.568150   slack (MET)


Startpoint: _3154_ (rising edge-triggered flip-flop clocked by clk)
Endpoint: _3082_ (rising edge-triggered flip-flop clocked by clk)
Path Group: clk
Path Type: min

Fanout         Cap        Slew       Delay        Time   Description
---------------------------------------------------------------------------------------------
                                  0.000000    0.000000   clock clk (rise edge)
                                  0.000000    0.000000   clock source latency
     1    0.027657    0.129514    0.090739    0.090739 ^ clk (in)
                                                         clk (net)
                      0.129618    0.000000    0.090739 ^ clkbuf_0_clk/A (sky130_fd_sc_hd__clkbuf_16)
    16    0.122912    0.136331    0.228671    0.319410 ^ clkbuf_0_clk/X (sky130_fd_sc_hd__clkbuf_16)
                                                         clknet_0_clk (net)
                      0.137286    0.009113    0.328524 ^ clkbuf_4_0_0_clk/A (sky130_fd_sc_hd__clkbuf_8)
    24    0.077983    0.141740    0.232054    0.560578 ^ clkbuf_4_0_0_clk/X (sky130_fd_sc_hd__clkbuf_8)
                                                         clknet_4_0_0_clk (net)
                      0.142141    0.006143    0.566720 ^ _3154_/CLK (sky130_fd_sc_hd__dfrtp_1)
     4    0.015985    0.097035    0.449945    1.016665 v _3154_/Q (sky130_fd_sc_hd__dfrtp_1)
                                                         state[2] (net)
                      0.097052    0.001264    1.017929 v _2141_/A (sky130_fd_sc_hd__nor2_1)
     1    0.003651    0.090407    0.126090    1.144019 ^ _2141_/Y (sky130_fd_sc_hd__nor2_1)
                                                         _0502_ (net)
                      0.090407    0.000245    1.144264 ^ _2142_/B1 (sky130_fd_sc_hd__a2111o_2)
     1    0.018246    0.092246    0.162729    1.306993 ^ _2142_/X (sky130_fd_sc_hd__a2111o_2)
                                                         _0503_ (net)
                      0.092269    0.001408    1.308401 ^ _2143_/B (sky130_fd_sc_hd__nor2_8)
    17    0.090750    0.071966    0.081226    1.389627 v _2143_/Y (sky130_fd_sc_hd__nor2_8)
                                                         _0504_ (net)
                      0.075963    0.013267    1.402894 v _2158_/S (sky130_fd_sc_hd__mux2_1)
     1    0.002578    0.039610    0.201387    1.604282 ^ _2158_/X (sky130_fd_sc_hd__mux2_1)
                                                         _0341_ (net)
                      0.039610    0.000189    1.604471 ^ _3082_/D (sky130_fd_sc_hd__dfrtp_4)
                                              1.604471   data arrival time

                                  0.000000    0.000000   clock clk (rise edge)
                                  0.000000    0.000000   clock source latency
     1    0.027657    0.129514    0.090739    0.090739 ^ clk (in)
                                                         clk (net)
                      0.129618    0.000000    0.090739 ^ clkbuf_0_clk/A (sky130_fd_sc_hd__clkbuf_16)
    16    0.122912    0.136331    0.228671    0.319410 ^ clkbuf_0_clk/X (sky130_fd_sc_hd__clkbuf_16)
                                                         clknet_0_clk (net)
                      0.136864    0.006872    0.326283 ^ clkbuf_4_7_0_clk/A (sky130_fd_sc_hd__clkbuf_8)
    17    0.070425    0.131162    0.223806    0.550088 ^ clkbuf_4_7_0_clk/X (sky130_fd_sc_hd__clkbuf_8)
                                                         clknet_4_7_0_clk (net)
                      0.131636    0.006414    0.556503 ^ _3082_/CLK (sky130_fd_sc_hd__dfrtp_4)
                                  0.500000    1.056502   clock uncertainty
                                  0.000000    1.056502   clock reconvergence pessimism
                                 -0.021808    1.034695   library hold time
                                              1.034695   data required time
---------------------------------------------------------------------------------------------
                                              1.034695   data required time
                                             -1.604471   data arrival time
---------------------------------------------------------------------------------------------
                                              0.569776   slack (MET)


Startpoint: _3019_ (rising edge-triggered flip-flop clocked by clk)
Endpoint: _3019_ (rising edge-triggered flip-flop clocked by clk)
Path Group: clk
Path Type: min

Fanout         Cap        Slew       Delay        Time   Description
---------------------------------------------------------------------------------------------
                                  0.000000    0.000000   clock clk (rise edge)
                                  0.000000    0.000000   clock source latency
     1    0.027657    0.129514    0.090739    0.090739 ^ clk (in)
                                                         clk (net)
                      0.129618    0.000000    0.090739 ^ clkbuf_0_clk/A (sky130_fd_sc_hd__clkbuf_16)
    16    0.122912    0.136331    0.228671    0.319410 ^ clkbuf_0_clk/X (sky130_fd_sc_hd__clkbuf_16)
                                                         clknet_0_clk (net)
                      0.136994    0.007632    0.327042 ^ clkbuf_4_8_0_clk/A (sky130_fd_sc_hd__clkbuf_8)
     9    0.053590    0.104030    0.204712    0.531754 ^ clkbuf_4_8_0_clk/X (sky130_fd_sc_hd__clkbuf_8)
                                                         clknet_4_8_0_clk (net)
                      0.104265    0.003574    0.535329 ^ _3019_/CLK (sky130_fd_sc_hd__dfrtp_1)
     1    0.002329    0.041646    0.332124    0.867453 ^ _3019_/Q (sky130_fd_sc_hd__dfrtp_1)
                                                         my_sum_sub.result[2] (net)
                      0.041646    0.000108    0.867560 ^ hold28/A (sky130_fd_sc_hd__dlygate4sd3_1)
     2    0.008695    0.103957    0.579856    1.447416 ^ hold28/X (sky130_fd_sc_hd__dlygate4sd3_1)
                                                         net33 (net)
                      0.104055    0.000488    1.447904 ^ _2684_/B1 (sky130_fd_sc_hd__a32o_1)
     1    0.003015    0.050975    0.131015    1.578919 ^ _2684_/X (sky130_fd_sc_hd__a32o_1)
                                                         _0278_ (net)
                      0.050977    0.000195    1.579114 ^ _3019_/D (sky130_fd_sc_hd__dfrtp_1)
                                              1.579114   data arrival time

                                  0.000000    0.000000   clock clk (rise edge)
                                  0.000000    0.000000   clock source latency
     1    0.027657    0.129514    0.090739    0.090739 ^ clk (in)
                                                         clk (net)
                      0.129618    0.000000    0.090739 ^ clkbuf_0_clk/A (sky130_fd_sc_hd__clkbuf_16)
    16    0.122912    0.136331    0.228671    0.319410 ^ clkbuf_0_clk/X (sky130_fd_sc_hd__clkbuf_16)
                                                         clknet_0_clk (net)
                      0.136994    0.007632    0.327042 ^ clkbuf_4_8_0_clk/A (sky130_fd_sc_hd__clkbuf_8)
     9    0.053590    0.104030    0.204712    0.531754 ^ clkbuf_4_8_0_clk/X (sky130_fd_sc_hd__clkbuf_8)
                                                         clknet_4_8_0_clk (net)
                      0.104265    0.003574    0.535329 ^ _3019_/CLK (sky130_fd_sc_hd__dfrtp_1)
                                  0.500000    1.035329   clock uncertainty
                                  0.000000    1.035329   clock reconvergence pessimism
                                 -0.027910    1.007419   library hold time
                                              1.007419   data required time
---------------------------------------------------------------------------------------------
                                              1.007419   data required time
                                             -1.579114   data arrival time
---------------------------------------------------------------------------------------------
                                              0.571695   slack (MET)


Startpoint: _3122_ (rising edge-triggered flip-flop clocked by clk)
Endpoint: _3121_ (rising edge-triggered flip-flop clocked by clk)
Path Group: clk
Path Type: min

Fanout         Cap        Slew       Delay        Time   Description
---------------------------------------------------------------------------------------------
                                  0.000000    0.000000   clock clk (rise edge)
                                  0.000000    0.000000   clock source latency
     1    0.027657    0.129514    0.090739    0.090739 ^ clk (in)
                                                         clk (net)
                      0.129618    0.000000    0.090739 ^ clkbuf_0_clk/A (sky130_fd_sc_hd__clkbuf_16)
    16    0.122912    0.136331    0.228671    0.319410 ^ clkbuf_0_clk/X (sky130_fd_sc_hd__clkbuf_16)
                                                         clknet_0_clk (net)
                      0.136872    0.006922    0.326332 ^ clkbuf_4_4_0_clk/A (sky130_fd_sc_hd__clkbuf_8)
    11    0.059675    0.113746    0.211995    0.538327 ^ clkbuf_4_4_0_clk/X (sky130_fd_sc_hd__clkbuf_8)
                                                         clknet_4_4_0_clk (net)
                      0.113944    0.003370    0.541696 ^ _3122_/CLK (sky130_fd_sc_hd__dfrtp_1)
     1    0.002473    0.042670    0.336905    0.878602 ^ _3122_/Q (sky130_fd_sc_hd__dfrtp_1)
                                                         shift_in[11] (net)
                      0.042670    0.000179    0.878781 ^ hold86/A (sky130_fd_sc_hd__dlygate4sd3_1)
     3    0.008455    0.102157    0.578394    1.457175 ^ hold86/X (sky130_fd_sc_hd__dlygate4sd3_1)
                                                         net91 (net)
                      0.102157    0.000421    1.457595 ^ _2110_/A0 (sky130_fd_sc_hd__mux2_1)
     1    0.002574    0.039738    0.132213    1.589808 ^ _2110_/X (sky130_fd_sc_hd__mux2_1)
                                                         _0217_ (net)
                      0.039738    0.000189    1.589997 ^ _3121_/D (sky130_fd_sc_hd__dfrtp_1)
                                              1.589997   data arrival time

                                  0.000000    0.000000   clock clk (rise edge)
                                  0.000000    0.000000   clock source latency
     1    0.027657    0.129514    0.090739    0.090739 ^ clk (in)
                                                         clk (net)
                      0.129618    0.000000    0.090739 ^ clkbuf_0_clk/A (sky130_fd_sc_hd__clkbuf_16)
    16    0.122912    0.136331    0.228671    0.319410 ^ clkbuf_0_clk/X (sky130_fd_sc_hd__clkbuf_16)
                                                         clknet_0_clk (net)
                      0.136872    0.006922    0.326332 ^ clkbuf_4_4_0_clk/A (sky130_fd_sc_hd__clkbuf_8)
    11    0.059675    0.113746    0.211995    0.538327 ^ clkbuf_4_4_0_clk/X (sky130_fd_sc_hd__clkbuf_8)
                                                         clknet_4_4_0_clk (net)
                      0.113947    0.003403    0.541729 ^ _3121_/CLK (sky130_fd_sc_hd__dfrtp_1)
                                  0.500000    1.041729   clock uncertainty
                                  0.000000    1.041729   clock reconvergence pessimism
                                 -0.024249    1.017480   library hold time
                                              1.017480   data required time
---------------------------------------------------------------------------------------------
                                              1.017480   data required time
                                             -1.589997   data arrival time
---------------------------------------------------------------------------------------------
                                              0.572517   slack (MET)


Startpoint: _3154_ (rising edge-triggered flip-flop clocked by clk)
Endpoint: _3090_ (rising edge-triggered flip-flop clocked by clk)
Path Group: clk
Path Type: min

Fanout         Cap        Slew       Delay        Time   Description
---------------------------------------------------------------------------------------------
                                  0.000000    0.000000   clock clk (rise edge)
                                  0.000000    0.000000   clock source latency
     1    0.027657    0.129514    0.090739    0.090739 ^ clk (in)
                                                         clk (net)
                      0.129618    0.000000    0.090739 ^ clkbuf_0_clk/A (sky130_fd_sc_hd__clkbuf_16)
    16    0.122912    0.136331    0.228671    0.319410 ^ clkbuf_0_clk/X (sky130_fd_sc_hd__clkbuf_16)
                                                         clknet_0_clk (net)
                      0.137286    0.009113    0.328524 ^ clkbuf_4_0_0_clk/A (sky130_fd_sc_hd__clkbuf_8)
    24    0.077983    0.141740    0.232054    0.560578 ^ clkbuf_4_0_0_clk/X (sky130_fd_sc_hd__clkbuf_8)
                                                         clknet_4_0_0_clk (net)
                      0.142141    0.006143    0.566720 ^ _3154_/CLK (sky130_fd_sc_hd__dfrtp_1)
     4    0.015985    0.097035    0.449945    1.016665 v _3154_/Q (sky130_fd_sc_hd__dfrtp_1)
                                                         state[2] (net)
                      0.097052    0.001264    1.017929 v _2141_/A (sky130_fd_sc_hd__nor2_1)
     1    0.003651    0.090407    0.126090    1.144019 ^ _2141_/Y (sky130_fd_sc_hd__nor2_1)
                                                         _0502_ (net)
                      0.090407    0.000245    1.144264 ^ _2142_/B1 (sky130_fd_sc_hd__a2111o_2)
     1    0.018246    0.092246    0.162729    1.306993 ^ _2142_/X (sky130_fd_sc_hd__a2111o_2)
                                                         _0503_ (net)
                      0.092269    0.001408    1.308401 ^ _2143_/B (sky130_fd_sc_hd__nor2_8)
    17    0.090750    0.071966    0.081226    1.389627 v _2143_/Y (sky130_fd_sc_hd__nor2_8)
                                                         _0504_ (net)
                      0.072667    0.005727    1.395355 v _2150_/A2 (sky130_fd_sc_hd__o22a_1)
     1    0.002647    0.035925    0.198627    1.593982 v _2150_/X (sky130_fd_sc_hd__o22a_1)
                                                         _0349_ (net)
                      0.035925    0.000178    1.594159 v _3090_/D (sky130_fd_sc_hd__dfrtp_4)
                                              1.594159   data arrival time

                                  0.000000    0.000000   clock clk (rise edge)
                                  0.000000    0.000000   clock source latency
     1    0.027657    0.129514    0.090739    0.090739 ^ clk (in)
                                                         clk (net)
                      0.129618    0.000000    0.090739 ^ clkbuf_0_clk/A (sky130_fd_sc_hd__clkbuf_16)
    16    0.122912    0.136331    0.228671    0.319410 ^ clkbuf_0_clk/X (sky130_fd_sc_hd__clkbuf_16)
                                                         clknet_0_clk (net)
                      0.136901    0.007097    0.326508 ^ clkbuf_4_9_0_clk/A (sky130_fd_sc_hd__clkbuf_8)
     7    0.060185    0.114583    0.212457    0.538964 ^ clkbuf_4_9_0_clk/X (sky130_fd_sc_hd__clkbuf_8)
                                                         clknet_4_9_0_clk (net)
                      0.114818    0.003743    0.542708 ^ _3090_/CLK (sky130_fd_sc_hd__dfrtp_4)
                                  0.500000    1.042708   clock uncertainty
                                  0.000000    1.042708   clock reconvergence pessimism
                                 -0.022445    1.020262   library hold time
                                              1.020262   data required time
---------------------------------------------------------------------------------------------
                                              1.020262   data required time
                                             -1.594159   data arrival time
---------------------------------------------------------------------------------------------
                                              0.573897   slack (MET)


Startpoint: _3154_ (rising edge-triggered flip-flop clocked by clk)
Endpoint: _3084_ (rising edge-triggered flip-flop clocked by clk)
Path Group: clk
Path Type: min

Fanout         Cap        Slew       Delay        Time   Description
---------------------------------------------------------------------------------------------
                                  0.000000    0.000000   clock clk (rise edge)
                                  0.000000    0.000000   clock source latency
     1    0.027657    0.129514    0.090739    0.090739 ^ clk (in)
                                                         clk (net)
                      0.129618    0.000000    0.090739 ^ clkbuf_0_clk/A (sky130_fd_sc_hd__clkbuf_16)
    16    0.122912    0.136331    0.228671    0.319410 ^ clkbuf_0_clk/X (sky130_fd_sc_hd__clkbuf_16)
                                                         clknet_0_clk (net)
                      0.137286    0.009113    0.328524 ^ clkbuf_4_0_0_clk/A (sky130_fd_sc_hd__clkbuf_8)
    24    0.077983    0.141740    0.232054    0.560578 ^ clkbuf_4_0_0_clk/X (sky130_fd_sc_hd__clkbuf_8)
                                                         clknet_4_0_0_clk (net)
                      0.142141    0.006143    0.566720 ^ _3154_/CLK (sky130_fd_sc_hd__dfrtp_1)
     4    0.015985    0.097035    0.449945    1.016665 v _3154_/Q (sky130_fd_sc_hd__dfrtp_1)
                                                         state[2] (net)
                      0.097052    0.001264    1.017929 v _2141_/A (sky130_fd_sc_hd__nor2_1)
     1    0.003651    0.090407    0.126090    1.144019 ^ _2141_/Y (sky130_fd_sc_hd__nor2_1)
                                                         _0502_ (net)
                      0.090407    0.000245    1.144264 ^ _2142_/B1 (sky130_fd_sc_hd__a2111o_2)
     1    0.018246    0.092246    0.162729    1.306993 ^ _2142_/X (sky130_fd_sc_hd__a2111o_2)
                                                         _0503_ (net)
                      0.092269    0.001408    1.308401 ^ _2143_/B (sky130_fd_sc_hd__nor2_8)
    17    0.090750    0.071966    0.081226    1.389627 v _2143_/Y (sky130_fd_sc_hd__nor2_8)
                                                         _0504_ (net)
                      0.075162    0.011854    1.401481 v _2156_/S (sky130_fd_sc_hd__mux2_1)
     1    0.003007    0.042857    0.204248    1.605729 ^ _2156_/X (sky130_fd_sc_hd__mux2_1)
                                                         _0343_ (net)
                      0.042857    0.000205    1.605934 ^ _3084_/D (sky130_fd_sc_hd__dfrtp_4)
                                              1.605934   data arrival time

                                  0.000000    0.000000   clock clk (rise edge)
                                  0.000000    0.000000   clock source latency
     1    0.027657    0.129514    0.090739    0.090739 ^ clk (in)
                                                         clk (net)
                      0.129618    0.000000    0.090739 ^ clkbuf_0_clk/A (sky130_fd_sc_hd__clkbuf_16)
    16    0.122912    0.136331    0.228671    0.319410 ^ clkbuf_0_clk/X (sky130_fd_sc_hd__clkbuf_16)
                                                         clknet_0_clk (net)
                      0.136864    0.006872    0.326283 ^ clkbuf_4_7_0_clk/A (sky130_fd_sc_hd__clkbuf_8)
    17    0.070425    0.131162    0.223806    0.550088 ^ clkbuf_4_7_0_clk/X (sky130_fd_sc_hd__clkbuf_8)
                                                         clknet_4_7_0_clk (net)
                      0.131342    0.004016    0.554104 ^ _3084_/CLK (sky130_fd_sc_hd__dfrtp_4)
                                  0.500000    1.054104   clock uncertainty
                                  0.000000    1.054104   clock reconvergence pessimism
                                 -0.022522    1.031583   library hold time
                                              1.031583   data required time
---------------------------------------------------------------------------------------------
                                              1.031583   data required time
                                             -1.605934   data arrival time
---------------------------------------------------------------------------------------------
                                              0.574351   slack (MET)


Startpoint: _3122_ (rising edge-triggered flip-flop clocked by clk)
Endpoint: _3106_ (rising edge-triggered flip-flop clocked by clk)
Path Group: clk
Path Type: min

Fanout         Cap        Slew       Delay        Time   Description
---------------------------------------------------------------------------------------------
                                  0.000000    0.000000   clock clk (rise edge)
                                  0.000000    0.000000   clock source latency
     1    0.027657    0.129514    0.090739    0.090739 ^ clk (in)
                                                         clk (net)
                      0.129618    0.000000    0.090739 ^ clkbuf_0_clk/A (sky130_fd_sc_hd__clkbuf_16)
    16    0.122912    0.136331    0.228671    0.319410 ^ clkbuf_0_clk/X (sky130_fd_sc_hd__clkbuf_16)
                                                         clknet_0_clk (net)
                      0.136872    0.006922    0.326332 ^ clkbuf_4_4_0_clk/A (sky130_fd_sc_hd__clkbuf_8)
    11    0.059675    0.113746    0.211995    0.538327 ^ clkbuf_4_4_0_clk/X (sky130_fd_sc_hd__clkbuf_8)
                                                         clknet_4_4_0_clk (net)
                      0.113944    0.003370    0.541696 ^ _3122_/CLK (sky130_fd_sc_hd__dfrtp_1)
     1    0.002473    0.042670    0.336905    0.878602 ^ _3122_/Q (sky130_fd_sc_hd__dfrtp_1)
                                                         shift_in[11] (net)
                      0.042670    0.000179    0.878781 ^ hold86/A (sky130_fd_sc_hd__dlygate4sd3_1)
     3    0.008455    0.102157    0.578394    1.457175 ^ hold86/X (sky130_fd_sc_hd__dlygate4sd3_1)
                                                         net91 (net)
                      0.102157    0.000438    1.457612 ^ _2128_/A0 (sky130_fd_sc_hd__mux2_1)
     1    0.002855    0.041741    0.134446    1.592058 ^ _2128_/X (sky130_fd_sc_hd__mux2_1)
                                                         _0202_ (net)
                      0.041741    0.000210    1.592268 ^ _3106_/D (sky130_fd_sc_hd__dfrtp_4)
                                              1.592268   data arrival time

                                  0.000000    0.000000   clock clk (rise edge)
                                  0.000000    0.000000   clock source latency
     1    0.027657    0.129514    0.090739    0.090739 ^ clk (in)
                                                         clk (net)
                      0.129618    0.000000    0.090739 ^ clkbuf_0_clk/A (sky130_fd_sc_hd__clkbuf_16)
    16    0.122912    0.136331    0.228671    0.319410 ^ clkbuf_0_clk/X (sky130_fd_sc_hd__clkbuf_16)
                                                         clknet_0_clk (net)
                      0.136872    0.006922    0.326332 ^ clkbuf_4_4_0_clk/A (sky130_fd_sc_hd__clkbuf_8)
    11    0.059675    0.113746    0.211995    0.538327 ^ clkbuf_4_4_0_clk/X (sky130_fd_sc_hd__clkbuf_8)
                                                         clknet_4_4_0_clk (net)
                      0.113941    0.003340    0.541667 ^ _3106_/CLK (sky130_fd_sc_hd__dfrtp_4)
                                  0.500000    1.041667   clock uncertainty
                                  0.000000    1.041667   clock reconvergence pessimism
                                 -0.024667    1.017000   library hold time
                                              1.017000   data required time
---------------------------------------------------------------------------------------------
                                              1.017000   data required time
                                             -1.592268   data arrival time
---------------------------------------------------------------------------------------------
                                              0.575267   slack (MET)


Startpoint: _3154_ (rising edge-triggered flip-flop clocked by clk)
Endpoint: _3146_ (rising edge-triggered flip-flop clocked by clk)
Path Group: clk
Path Type: min

Fanout         Cap        Slew       Delay        Time   Description
---------------------------------------------------------------------------------------------
                                  0.000000    0.000000   clock clk (rise edge)
                                  0.000000    0.000000   clock source latency
     1    0.027657    0.129514    0.090739    0.090739 ^ clk (in)
                                                         clk (net)
                      0.129618    0.000000    0.090739 ^ clkbuf_0_clk/A (sky130_fd_sc_hd__clkbuf_16)
    16    0.122912    0.136331    0.228671    0.319410 ^ clkbuf_0_clk/X (sky130_fd_sc_hd__clkbuf_16)
                                                         clknet_0_clk (net)
                      0.137286    0.009113    0.328524 ^ clkbuf_4_0_0_clk/A (sky130_fd_sc_hd__clkbuf_8)
    24    0.077983    0.141740    0.232054    0.560578 ^ clkbuf_4_0_0_clk/X (sky130_fd_sc_hd__clkbuf_8)
                                                         clknet_4_0_0_clk (net)
                      0.142141    0.006143    0.566720 ^ _3154_/CLK (sky130_fd_sc_hd__dfrtp_1)
     4    0.016691    0.155286    0.438091    1.004811 ^ _3154_/Q (sky130_fd_sc_hd__dfrtp_1)
                                                         state[2] (net)
                      0.155290    0.001021    1.005832 ^ _1517_/A (sky130_fd_sc_hd__nor2_1)
     4    0.012875    0.064257    0.111534    1.117367 v _1517_/Y (sky130_fd_sc_hd__nor2_1)
                                                         _1067_ (net)
                      0.064283    0.000581    1.117948 v _1521_/A2 (sky130_fd_sc_hd__o21a_1)
     1    0.005621    0.043059    0.184445    1.302393 v _1521_/X (sky130_fd_sc_hd__o21a_1)
                                                         _1071_ (net)
                      0.043063    0.000437    1.302829 v _1522_/A (sky130_fd_sc_hd__inv_2)
     3    0.010199    0.052458    0.063008    1.365837 ^ _1522_/Y (sky130_fd_sc_hd__inv_2)
                                                         _1072_ (net)
                      0.052468    0.000595    1.366432 ^ _1523_/B (sky130_fd_sc_hd__nor2_1)
     3    0.007942    0.040760    0.055791    1.422223 v _1523_/Y (sky130_fd_sc_hd__nor2_1)
                                                         _1073_ (net)
                      0.040785    0.000515    1.422738 v _1532_/A2 (sky130_fd_sc_hd__a31o_1)
     1    0.003796    0.038565    0.202419    1.625156 v _1532_/X (sky130_fd_sc_hd__a31o_1)
                                                         _0242_ (net)
                      0.038584    0.000285    1.625441 v _3146_/D (sky130_fd_sc_hd__dfrtp_1)
                                              1.625441   data arrival time

                                  0.000000    0.000000   clock clk (rise edge)
                                  0.000000    0.000000   clock source latency
     1    0.027657    0.129514    0.090739    0.090739 ^ clk (in)
                                                         clk (net)
                      0.129618    0.000000    0.090739 ^ clkbuf_0_clk/A (sky130_fd_sc_hd__clkbuf_16)
    16    0.122912    0.136331    0.228671    0.319410 ^ clkbuf_0_clk/X (sky130_fd_sc_hd__clkbuf_16)
                                                         clknet_0_clk (net)
                      0.137286    0.009113    0.328524 ^ clkbuf_4_0_0_clk/A (sky130_fd_sc_hd__clkbuf_8)
    24    0.077983    0.141740    0.232054    0.560578 ^ clkbuf_4_0_0_clk/X (sky130_fd_sc_hd__clkbuf_8)
                                                         clknet_4_0_0_clk (net)
                      0.142700    0.009362    0.569940 ^ _3146_/CLK (sky130_fd_sc_hd__dfrtp_1)
                                  0.500000    1.069940   clock uncertainty
                                  0.000000    1.069940   clock reconvergence pessimism
                                 -0.020880    1.049060   library hold time
                                              1.049060   data required time
---------------------------------------------------------------------------------------------
                                              1.049060   data required time
                                             -1.625441   data arrival time
---------------------------------------------------------------------------------------------
                                              0.576381   slack (MET)


Startpoint: _3017_ (rising edge-triggered flip-flop clocked by clk)
Endpoint: _3017_ (rising edge-triggered flip-flop clocked by clk)
Path Group: clk
Path Type: min

Fanout         Cap        Slew       Delay        Time   Description
---------------------------------------------------------------------------------------------
                                  0.000000    0.000000   clock clk (rise edge)
                                  0.000000    0.000000   clock source latency
     1    0.027657    0.129514    0.090739    0.090739 ^ clk (in)
                                                         clk (net)
                      0.129618    0.000000    0.090739 ^ clkbuf_0_clk/A (sky130_fd_sc_hd__clkbuf_16)
    16    0.122912    0.136331    0.228671    0.319410 ^ clkbuf_0_clk/X (sky130_fd_sc_hd__clkbuf_16)
                                                         clknet_0_clk (net)
                      0.136994    0.007632    0.327042 ^ clkbuf_4_8_0_clk/A (sky130_fd_sc_hd__clkbuf_8)
     9    0.053590    0.104030    0.204712    0.531754 ^ clkbuf_4_8_0_clk/X (sky130_fd_sc_hd__clkbuf_8)
                                                         clknet_4_8_0_clk (net)
                      0.104092    0.002376    0.534130 ^ _3017_/CLK (sky130_fd_sc_hd__dfrtp_1)
     1    0.002181    0.040211    0.330838    0.864969 ^ _3017_/Q (sky130_fd_sc_hd__dfrtp_1)
                                                         my_sum_sub.result[0] (net)
                      0.040211    0.000101    0.865070 ^ hold29/A (sky130_fd_sc_hd__dlygate4sd3_1)
     2    0.010035    0.116188    0.588576    1.453646 ^ hold29/X (sky130_fd_sc_hd__dlygate4sd3_1)
                                                         net34 (net)
                      0.116190    0.000720    1.454366 ^ _2688_/B1 (sky130_fd_sc_hd__a32o_1)
     1    0.002573    0.047349    0.130836    1.585202 ^ _2688_/X (sky130_fd_sc_hd__a32o_1)
                                                         _0276_ (net)
                      0.047349    0.000176    1.585378 ^ _3017_/D (sky130_fd_sc_hd__dfrtp_1)
                                              1.585378   data arrival time

                                  0.000000    0.000000   clock clk (rise edge)
                                  0.000000    0.000000   clock source latency
     1    0.027657    0.129514    0.090739    0.090739 ^ clk (in)
                                                         clk (net)
                      0.129618    0.000000    0.090739 ^ clkbuf_0_clk/A (sky130_fd_sc_hd__clkbuf_16)
    16    0.122912    0.136331    0.228671    0.319410 ^ clkbuf_0_clk/X (sky130_fd_sc_hd__clkbuf_16)
                                                         clknet_0_clk (net)
                      0.136994    0.007632    0.327042 ^ clkbuf_4_8_0_clk/A (sky130_fd_sc_hd__clkbuf_8)
     9    0.053590    0.104030    0.204712    0.531754 ^ clkbuf_4_8_0_clk/X (sky130_fd_sc_hd__clkbuf_8)
                                                         clknet_4_8_0_clk (net)
                      0.104092    0.002376    0.534130 ^ _3017_/CLK (sky130_fd_sc_hd__dfrtp_1)
                                  0.500000    1.034130   clock uncertainty
                                  0.000000    1.034130   clock reconvergence pessimism
                                 -0.027179    1.006952   library hold time
                                              1.006952   data required time
---------------------------------------------------------------------------------------------
                                              1.006952   data required time
                                             -1.585378   data arrival time
---------------------------------------------------------------------------------------------
                                              0.578427   slack (MET)


Startpoint: _3154_ (rising edge-triggered flip-flop clocked by clk)
Endpoint: _3079_ (rising edge-triggered flip-flop clocked by clk)
Path Group: clk
Path Type: min

Fanout         Cap        Slew       Delay        Time   Description
---------------------------------------------------------------------------------------------
                                  0.000000    0.000000   clock clk (rise edge)
                                  0.000000    0.000000   clock source latency
     1    0.027657    0.129514    0.090739    0.090739 ^ clk (in)
                                                         clk (net)
                      0.129618    0.000000    0.090739 ^ clkbuf_0_clk/A (sky130_fd_sc_hd__clkbuf_16)
    16    0.122912    0.136331    0.228671    0.319410 ^ clkbuf_0_clk/X (sky130_fd_sc_hd__clkbuf_16)
                                                         clknet_0_clk (net)
                      0.137286    0.009113    0.328524 ^ clkbuf_4_0_0_clk/A (sky130_fd_sc_hd__clkbuf_8)
    24    0.077983    0.141740    0.232054    0.560578 ^ clkbuf_4_0_0_clk/X (sky130_fd_sc_hd__clkbuf_8)
                                                         clknet_4_0_0_clk (net)
                      0.142141    0.006143    0.566720 ^ _3154_/CLK (sky130_fd_sc_hd__dfrtp_1)
     4    0.015985    0.097035    0.449945    1.016665 v _3154_/Q (sky130_fd_sc_hd__dfrtp_1)
                                                         state[2] (net)
                      0.097052    0.001264    1.017929 v _2141_/A (sky130_fd_sc_hd__nor2_1)
     1    0.003651    0.090407    0.126090    1.144019 ^ _2141_/Y (sky130_fd_sc_hd__nor2_1)
                                                         _0502_ (net)
                      0.090407    0.000245    1.144264 ^ _2142_/B1 (sky130_fd_sc_hd__a2111o_2)
     1    0.018246    0.092246    0.162729    1.306993 ^ _2142_/X (sky130_fd_sc_hd__a2111o_2)
                                                         _0503_ (net)
                      0.092269    0.001408    1.308401 ^ _2143_/B (sky130_fd_sc_hd__nor2_8)
    17    0.090750    0.071966    0.081226    1.389627 v _2143_/Y (sky130_fd_sc_hd__nor2_8)
                                                         _0504_ (net)
                      0.072981    0.006801    1.396428 v _2161_/S (sky130_fd_sc_hd__mux2_1)
     1    0.002421    0.038442    0.198831    1.595259 ^ _2161_/X (sky130_fd_sc_hd__mux2_1)
                                                         _0338_ (net)
                      0.038444    0.000111    1.595370 ^ _3079_/D (sky130_fd_sc_hd__dfrtp_4)
                                              1.595370   data arrival time

                                  0.000000    0.000000   clock clk (rise edge)
                                  0.000000    0.000000   clock source latency
     1    0.027657    0.129514    0.090739    0.090739 ^ clk (in)
                                                         clk (net)
                      0.129618    0.000000    0.090739 ^ clkbuf_0_clk/A (sky130_fd_sc_hd__clkbuf_16)
    16    0.122912    0.136331    0.228671    0.319410 ^ clkbuf_0_clk/X (sky130_fd_sc_hd__clkbuf_16)
                                                         clknet_0_clk (net)
                      0.136766    0.006233    0.325643 ^ clkbuf_4_6_0_clk/A (sky130_fd_sc_hd__clkbuf_8)
    12    0.059333    0.113222    0.211382    0.537026 ^ clkbuf_4_6_0_clk/X (sky130_fd_sc_hd__clkbuf_8)
                                                         clknet_4_6_0_clk (net)
                      0.113458    0.003742    0.540767 ^ _3079_/CLK (sky130_fd_sc_hd__dfrtp_4)
                                  0.500000    1.040767   clock uncertainty
                                  0.000000    1.040767   clock reconvergence pessimism
                                 -0.024047    1.016720   library hold time
                                              1.016720   data required time
---------------------------------------------------------------------------------------------
                                              1.016720   data required time
                                             -1.595370   data arrival time
---------------------------------------------------------------------------------------------
                                              0.578650   slack (MET)


Startpoint: _3121_ (rising edge-triggered flip-flop clocked by clk)
Endpoint: _3105_ (rising edge-triggered flip-flop clocked by clk)
Path Group: clk
Path Type: min

Fanout         Cap        Slew       Delay        Time   Description
---------------------------------------------------------------------------------------------
                                  0.000000    0.000000   clock clk (rise edge)
                                  0.000000    0.000000   clock source latency
     1    0.027657    0.129514    0.090739    0.090739 ^ clk (in)
                                                         clk (net)
                      0.129618    0.000000    0.090739 ^ clkbuf_0_clk/A (sky130_fd_sc_hd__clkbuf_16)
    16    0.122912    0.136331    0.228671    0.319410 ^ clkbuf_0_clk/X (sky130_fd_sc_hd__clkbuf_16)
                                                         clknet_0_clk (net)
                      0.136872    0.006922    0.326332 ^ clkbuf_4_4_0_clk/A (sky130_fd_sc_hd__clkbuf_8)
    11    0.059675    0.113746    0.211995    0.538327 ^ clkbuf_4_4_0_clk/X (sky130_fd_sc_hd__clkbuf_8)
                                                         clknet_4_4_0_clk (net)
                      0.113947    0.003403    0.541729 ^ _3121_/CLK (sky130_fd_sc_hd__dfrtp_1)
     1    0.002460    0.042572    0.336809    0.878538 ^ _3121_/Q (sky130_fd_sc_hd__dfrtp_1)
                                                         shift_in[10] (net)
                      0.042572    0.000159    0.878698 ^ hold78/A (sky130_fd_sc_hd__dlygate4sd3_1)
     3    0.009251    0.108995    0.584146    1.462844 ^ hold78/X (sky130_fd_sc_hd__dlygate4sd3_1)
                                                         net83 (net)
                      0.108995    0.000489    1.463333 ^ _2129_/A0 (sky130_fd_sc_hd__mux2_1)
     1    0.002667    0.040314    0.135314    1.598647 ^ _2129_/X (sky130_fd_sc_hd__mux2_1)
                                                         _0201_ (net)
                      0.040314    0.000178    1.598825 ^ _3105_/D (sky130_fd_sc_hd__dfrtp_2)
                                              1.598825   data arrival time

                                  0.000000    0.000000   clock clk (rise edge)
                                  0.000000    0.000000   clock source latency
     1    0.027657    0.129514    0.090739    0.090739 ^ clk (in)
                                                         clk (net)
                      0.129618    0.000000    0.090739 ^ clkbuf_0_clk/A (sky130_fd_sc_hd__clkbuf_16)
    16    0.122912    0.136331    0.228671    0.319410 ^ clkbuf_0_clk/X (sky130_fd_sc_hd__clkbuf_16)
                                                         clknet_0_clk (net)
                      0.136872    0.006922    0.326332 ^ clkbuf_4_4_0_clk/A (sky130_fd_sc_hd__clkbuf_8)
    11    0.059675    0.113746    0.211995    0.538327 ^ clkbuf_4_4_0_clk/X (sky130_fd_sc_hd__clkbuf_8)
                                                         clknet_4_4_0_clk (net)
                      0.113836    0.002919    0.541245 ^ _3105_/CLK (sky130_fd_sc_hd__dfrtp_2)
                                  0.500000    1.041245   clock uncertainty
                                  0.000000    1.041245   clock reconvergence pessimism
                                 -0.024309    1.016936   library hold time
                                              1.016936   data required time
---------------------------------------------------------------------------------------------
                                              1.016936   data required time
                                             -1.598825   data arrival time
---------------------------------------------------------------------------------------------
                                              0.581888   slack (MET)


Startpoint: _3154_ (rising edge-triggered flip-flop clocked by clk)
Endpoint: _3088_ (rising edge-triggered flip-flop clocked by clk)
Path Group: clk
Path Type: min

Fanout         Cap        Slew       Delay        Time   Description
---------------------------------------------------------------------------------------------
                                  0.000000    0.000000   clock clk (rise edge)
                                  0.000000    0.000000   clock source latency
     1    0.027657    0.129514    0.090739    0.090739 ^ clk (in)
                                                         clk (net)
                      0.129618    0.000000    0.090739 ^ clkbuf_0_clk/A (sky130_fd_sc_hd__clkbuf_16)
    16    0.122912    0.136331    0.228671    0.319410 ^ clkbuf_0_clk/X (sky130_fd_sc_hd__clkbuf_16)
                                                         clknet_0_clk (net)
                      0.137286    0.009113    0.328524 ^ clkbuf_4_0_0_clk/A (sky130_fd_sc_hd__clkbuf_8)
    24    0.077983    0.141740    0.232054    0.560578 ^ clkbuf_4_0_0_clk/X (sky130_fd_sc_hd__clkbuf_8)
                                                         clknet_4_0_0_clk (net)
                      0.142141    0.006143    0.566720 ^ _3154_/CLK (sky130_fd_sc_hd__dfrtp_1)
     4    0.015985    0.097035    0.449945    1.016665 v _3154_/Q (sky130_fd_sc_hd__dfrtp_1)
                                                         state[2] (net)
                      0.097052    0.001264    1.017929 v _2141_/A (sky130_fd_sc_hd__nor2_1)
     1    0.003651    0.090407    0.126090    1.144019 ^ _2141_/Y (sky130_fd_sc_hd__nor2_1)
                                                         _0502_ (net)
                      0.090407    0.000245    1.144264 ^ _2142_/B1 (sky130_fd_sc_hd__a2111o_2)
     1    0.018246    0.092246    0.162729    1.306993 ^ _2142_/X (sky130_fd_sc_hd__a2111o_2)
                                                         _0503_ (net)
                      0.092269    0.001408    1.308401 ^ _2143_/B (sky130_fd_sc_hd__nor2_8)
    17    0.090750    0.071966    0.081226    1.389627 v _2143_/Y (sky130_fd_sc_hd__nor2_8)
                                                         _0504_ (net)
                      0.073445    0.008130    1.397758 v _2152_/A2 (sky130_fd_sc_hd__o22a_1)
     1    0.003925    0.041907    0.206953    1.604711 v _2152_/X (sky130_fd_sc_hd__o22a_1)
                                                         _0347_ (net)
                      0.041907    0.000238    1.604948 v _3088_/D (sky130_fd_sc_hd__dfrtp_4)
                                              1.604948   data arrival time

                                  0.000000    0.000000   clock clk (rise edge)
                                  0.000000    0.000000   clock source latency
     1    0.027657    0.129514    0.090739    0.090739 ^ clk (in)
                                                         clk (net)
                      0.129618    0.000000    0.090739 ^ clkbuf_0_clk/A (sky130_fd_sc_hd__clkbuf_16)
    16    0.122912    0.136331    0.228671    0.319410 ^ clkbuf_0_clk/X (sky130_fd_sc_hd__clkbuf_16)
                                                         clknet_0_clk (net)
                      0.136820    0.006591    0.326001 ^ clkbuf_4_5_0_clk/A (sky130_fd_sc_hd__clkbuf_8)
    10    0.064582    0.121004    0.218024    0.544025 ^ clkbuf_4_5_0_clk/X (sky130_fd_sc_hd__clkbuf_8)
                                                         clknet_4_5_0_clk (net)
                      0.121031    0.001823    0.545848 ^ _3088_/CLK (sky130_fd_sc_hd__dfrtp_4)
                                  0.500000    1.045848   clock uncertainty
                                  0.000000    1.045848   clock reconvergence pessimism
                                 -0.023451    1.022397   library hold time
                                              1.022397   data required time
---------------------------------------------------------------------------------------------
                                              1.022397   data required time
                                             -1.604948   data arrival time
---------------------------------------------------------------------------------------------
                                              0.582551   slack (MET)


Startpoint: _3126_ (rising edge-triggered flip-flop clocked by clk)
Endpoint: _3110_ (rising edge-triggered flip-flop clocked by clk)
Path Group: clk
Path Type: min

Fanout         Cap        Slew       Delay        Time   Description
---------------------------------------------------------------------------------------------
                                  0.000000    0.000000   clock clk (rise edge)
                                  0.000000    0.000000   clock source latency
     1    0.027657    0.129514    0.090739    0.090739 ^ clk (in)
                                                         clk (net)
                      0.129618    0.000000    0.090739 ^ clkbuf_0_clk/A (sky130_fd_sc_hd__clkbuf_16)
    16    0.122912    0.136331    0.228671    0.319410 ^ clkbuf_0_clk/X (sky130_fd_sc_hd__clkbuf_16)
                                                         clknet_0_clk (net)
                      0.137305    0.009201    0.328612 ^ clkbuf_4_1_0_clk/A (sky130_fd_sc_hd__clkbuf_8)
    16    0.071217    0.132356    0.225099    0.553711 ^ clkbuf_4_1_0_clk/X (sky130_fd_sc_hd__clkbuf_8)
                                                         clknet_4_1_0_clk (net)
                      0.132797    0.005760    0.559471 ^ _3126_/CLK (sky130_fd_sc_hd__dfrtp_1)
     2    0.004621    0.058847    0.359325    0.918796 ^ _3126_/Q (sky130_fd_sc_hd__dfrtp_1)
                                                         shift_in[15] (net)
                      0.058847    0.000287    0.919083 ^ hold107/A (sky130_fd_sc_hd__dlygate4sd3_1)
     2    0.007472    0.093939    0.575961    1.495044 ^ hold107/X (sky130_fd_sc_hd__dlygate4sd3_1)
                                                         net112 (net)
                      0.094047    0.000351    1.495395 ^ _2124_/A0 (sky130_fd_sc_hd__mux2_1)
     1    0.002315    0.037714    0.127358    1.622754 ^ _2124_/X (sky130_fd_sc_hd__mux2_1)
                                                         _0206_ (net)
                      0.037714    0.000169    1.622923 ^ _3110_/D (sky130_fd_sc_hd__dfrtp_1)
                                              1.622923   data arrival time

                                  0.000000    0.000000   clock clk (rise edge)
                                  0.000000    0.000000   clock source latency
     1    0.027657    0.129514    0.090739    0.090739 ^ clk (in)
                                                         clk (net)
                      0.129618    0.000000    0.090739 ^ clkbuf_0_clk/A (sky130_fd_sc_hd__clkbuf_16)
    16    0.122912    0.136331    0.228671    0.319410 ^ clkbuf_0_clk/X (sky130_fd_sc_hd__clkbuf_16)
                                                         clknet_0_clk (net)
                      0.137305    0.009201    0.328612 ^ clkbuf_4_1_0_clk/A (sky130_fd_sc_hd__clkbuf_8)
    16    0.071217    0.132356    0.225099    0.553711 ^ clkbuf_4_1_0_clk/X (sky130_fd_sc_hd__clkbuf_8)
                                                         clknet_4_1_0_clk (net)
                      0.132908    0.006524    0.560235 ^ _3110_/CLK (sky130_fd_sc_hd__dfrtp_1)
                                  0.500000    1.060235   clock uncertainty
                                  0.000000    1.060235   clock reconvergence pessimism
                                 -0.021241    1.038993   library hold time
                                              1.038993   data required time
---------------------------------------------------------------------------------------------
                                              1.038993   data required time
                                             -1.622923   data arrival time
---------------------------------------------------------------------------------------------
                                              0.583929   slack (MET)


Startpoint: _3111_ (rising edge-triggered flip-flop clocked by clk)
Endpoint: _3095_ (rising edge-triggered flip-flop clocked by clk)
Path Group: clk
Path Type: min

Fanout         Cap        Slew       Delay        Time   Description
---------------------------------------------------------------------------------------------
                                  0.000000    0.000000   clock clk (rise edge)
                                  0.000000    0.000000   clock source latency
     1    0.027657    0.129514    0.090739    0.090739 ^ clk (in)
                                                         clk (net)
                      0.129618    0.000000    0.090739 ^ clkbuf_0_clk/A (sky130_fd_sc_hd__clkbuf_16)
    16    0.122912    0.136331    0.228671    0.319410 ^ clkbuf_0_clk/X (sky130_fd_sc_hd__clkbuf_16)
                                                         clknet_0_clk (net)
                      0.136864    0.006872    0.326283 ^ clkbuf_4_7_0_clk/A (sky130_fd_sc_hd__clkbuf_8)
    17    0.070425    0.131162    0.223806    0.550088 ^ clkbuf_4_7_0_clk/X (sky130_fd_sc_hd__clkbuf_8)
                                                         clknet_4_7_0_clk (net)
                      0.131627    0.006353    0.556441 ^ _3111_/CLK (sky130_fd_sc_hd__dfrtp_1)
     1    0.002273    0.041235    0.341272    0.897713 ^ _3111_/Q (sky130_fd_sc_hd__dfrtp_1)
                                                         shift_in[0] (net)
                      0.041235    0.000152    0.897865 ^ hold116/A (sky130_fd_sc_hd__dlygate4sd3_1)
     3    0.007957    0.098196    0.574152    1.472017 ^ hold116/X (sky130_fd_sc_hd__dlygate4sd3_1)
                                                         net121 (net)
                      0.098196    0.000400    1.472417 ^ _2139_/A0 (sky130_fd_sc_hd__mux2_1)
     1    0.003105    0.043645    0.135079    1.607496 ^ _2139_/X (sky130_fd_sc_hd__mux2_1)
                                                         _0354_ (net)
                      0.043645    0.000221    1.607717 ^ _3095_/D (sky130_fd_sc_hd__dfrtp_4)
                                              1.607717   data arrival time

                                  0.000000    0.000000   clock clk (rise edge)
                                  0.000000    0.000000   clock source latency
     1    0.027657    0.129514    0.090739    0.090739 ^ clk (in)
                                                         clk (net)
                      0.129618    0.000000    0.090739 ^ clkbuf_0_clk/A (sky130_fd_sc_hd__clkbuf_16)
    16    0.122912    0.136331    0.228671    0.319410 ^ clkbuf_0_clk/X (sky130_fd_sc_hd__clkbuf_16)
                                                         clknet_0_clk (net)
                      0.136820    0.006591    0.326001 ^ clkbuf_4_5_0_clk/A (sky130_fd_sc_hd__clkbuf_8)
    10    0.064582    0.121004    0.218024    0.544025 ^ clkbuf_4_5_0_clk/X (sky130_fd_sc_hd__clkbuf_8)
                                                         clknet_4_5_0_clk (net)
                      0.121225    0.003674    0.547699 ^ _3095_/CLK (sky130_fd_sc_hd__dfrtp_4)
                                  0.500000    1.047699   clock uncertainty
                                  0.000000    1.047699   clock reconvergence pessimism
                                 -0.024067    1.023632   library hold time
                                              1.023632   data required time
---------------------------------------------------------------------------------------------
                                              1.023632   data required time
                                             -1.607717   data arrival time
---------------------------------------------------------------------------------------------
                                              0.584085   slack (MET)


Startpoint: _3077_ (rising edge-triggered flip-flop clocked by clk)
Endpoint: _3077_ (rising edge-triggered flip-flop clocked by clk)
Path Group: clk
Path Type: min

Fanout         Cap        Slew       Delay        Time   Description
---------------------------------------------------------------------------------------------
                                  0.000000    0.000000   clock clk (rise edge)
                                  0.000000    0.000000   clock source latency
     1    0.027657    0.129514    0.090739    0.090739 ^ clk (in)
                                                         clk (net)
                      0.129618    0.000000    0.090739 ^ clkbuf_0_clk/A (sky130_fd_sc_hd__clkbuf_16)
    16    0.122912    0.136331    0.228671    0.319410 ^ clkbuf_0_clk/X (sky130_fd_sc_hd__clkbuf_16)
                                                         clknet_0_clk (net)
                      0.137076    0.008079    0.327489 ^ clkbuf_4_11_0_clk/A (sky130_fd_sc_hd__clkbuf_8)
    13    0.059228    0.112479    0.212100    0.539589 ^ clkbuf_4_11_0_clk/X (sky130_fd_sc_hd__clkbuf_8)
                                                         clknet_4_11_0_clk (net)
                      0.112545    0.002513    0.542103 ^ _3077_/CLK (sky130_fd_sc_hd__dfrtp_1)
     4    0.011480    0.112407    0.397136    0.939239 ^ _3077_/Q (sky130_fd_sc_hd__dfrtp_1)
                                                         my_sum_sub.cm_exp[7] (net)
                      0.112407    0.000478    0.939717 ^ hold176/A (sky130_fd_sc_hd__dlygate4sd3_1)
     1    0.002395    0.049493    0.550769    1.490485 ^ hold176/X (sky130_fd_sc_hd__dlygate4sd3_1)
                                                         net181 (net)
                      0.049493    0.000095    1.490580 ^ _2164_/A0 (sky130_fd_sc_hd__mux2_1)
     1    0.002424    0.038638    0.112899    1.603479 ^ _2164_/X (sky130_fd_sc_hd__mux2_1)
                                                         _0336_ (net)
                      0.038641    0.000169    1.603648 ^ _3077_/D (sky130_fd_sc_hd__dfrtp_1)
                                              1.603648   data arrival time

                                  0.000000    0.000000   clock clk (rise edge)
                                  0.000000    0.000000   clock source latency
     1    0.027657    0.129514    0.090739    0.090739 ^ clk (in)
                                                         clk (net)
                      0.129618    0.000000    0.090739 ^ clkbuf_0_clk/A (sky130_fd_sc_hd__clkbuf_16)
    16    0.122912    0.136331    0.228671    0.319410 ^ clkbuf_0_clk/X (sky130_fd_sc_hd__clkbuf_16)
                                                         clknet_0_clk (net)
                      0.137076    0.008079    0.327489 ^ clkbuf_4_11_0_clk/A (sky130_fd_sc_hd__clkbuf_8)
    13    0.059228    0.112479    0.212100    0.539589 ^ clkbuf_4_11_0_clk/X (sky130_fd_sc_hd__clkbuf_8)
                                                         clknet_4_11_0_clk (net)
                      0.112545    0.002513    0.542103 ^ _3077_/CLK (sky130_fd_sc_hd__dfrtp_1)
                                  0.500000    1.042103   clock uncertainty
                                  0.000000    1.042103   clock reconvergence pessimism
                                 -0.024213    1.017890   library hold time
                                              1.017890   data required time
---------------------------------------------------------------------------------------------
                                              1.017890   data required time
                                             -1.603648   data arrival time
---------------------------------------------------------------------------------------------
                                              0.585758   slack (MET)


Startpoint: _3154_ (rising edge-triggered flip-flop clocked by clk)
Endpoint: _3080_ (rising edge-triggered flip-flop clocked by clk)
Path Group: clk
Path Type: min

Fanout         Cap        Slew       Delay        Time   Description
---------------------------------------------------------------------------------------------
                                  0.000000    0.000000   clock clk (rise edge)
                                  0.000000    0.000000   clock source latency
     1    0.027657    0.129514    0.090739    0.090739 ^ clk (in)
                                                         clk (net)
                      0.129618    0.000000    0.090739 ^ clkbuf_0_clk/A (sky130_fd_sc_hd__clkbuf_16)
    16    0.122912    0.136331    0.228671    0.319410 ^ clkbuf_0_clk/X (sky130_fd_sc_hd__clkbuf_16)
                                                         clknet_0_clk (net)
                      0.137286    0.009113    0.328524 ^ clkbuf_4_0_0_clk/A (sky130_fd_sc_hd__clkbuf_8)
    24    0.077983    0.141740    0.232054    0.560578 ^ clkbuf_4_0_0_clk/X (sky130_fd_sc_hd__clkbuf_8)
                                                         clknet_4_0_0_clk (net)
                      0.142141    0.006143    0.566720 ^ _3154_/CLK (sky130_fd_sc_hd__dfrtp_1)
     4    0.015985    0.097035    0.449945    1.016665 v _3154_/Q (sky130_fd_sc_hd__dfrtp_1)
                                                         state[2] (net)
                      0.097052    0.001264    1.017929 v _2141_/A (sky130_fd_sc_hd__nor2_1)
     1    0.003651    0.090407    0.126090    1.144019 ^ _2141_/Y (sky130_fd_sc_hd__nor2_1)
                                                         _0502_ (net)
                      0.090407    0.000245    1.144264 ^ _2142_/B1 (sky130_fd_sc_hd__a2111o_2)
     1    0.018246    0.092246    0.162729    1.306993 ^ _2142_/X (sky130_fd_sc_hd__a2111o_2)
                                                         _0503_ (net)
                      0.092269    0.001408    1.308401 ^ _2143_/B (sky130_fd_sc_hd__nor2_8)
    17    0.090750    0.071966    0.081226    1.389627 v _2143_/Y (sky130_fd_sc_hd__nor2_8)
                                                         _0504_ (net)
                      0.075881    0.013129    1.402757 v _2160_/S (sky130_fd_sc_hd__mux2_1)
     1    0.002634    0.040030    0.201778    1.604534 ^ _2160_/X (sky130_fd_sc_hd__mux2_1)
                                                         _0339_ (net)
                      0.040030    0.000178    1.604712 ^ _3080_/D (sky130_fd_sc_hd__dfrtp_4)
                                              1.604712   data arrival time

                                  0.000000    0.000000   clock clk (rise edge)
                                  0.000000    0.000000   clock source latency
     1    0.027657    0.129514    0.090739    0.090739 ^ clk (in)
                                                         clk (net)
                      0.129618    0.000000    0.090739 ^ clkbuf_0_clk/A (sky130_fd_sc_hd__clkbuf_16)
    16    0.122912    0.136331    0.228671    0.319410 ^ clkbuf_0_clk/X (sky130_fd_sc_hd__clkbuf_16)
                                                         clknet_0_clk (net)
                      0.136766    0.006233    0.325643 ^ clkbuf_4_6_0_clk/A (sky130_fd_sc_hd__clkbuf_8)
    12    0.059333    0.113222    0.211382    0.537026 ^ clkbuf_4_6_0_clk/X (sky130_fd_sc_hd__clkbuf_8)
                                                         clknet_4_6_0_clk (net)
                      0.113515    0.004257    0.541283 ^ _3080_/CLK (sky130_fd_sc_hd__dfrtp_4)
                                  0.500000    1.041283   clock uncertainty
                                  0.000000    1.041283   clock reconvergence pessimism
                                 -0.024369    1.016914   library hold time
                                              1.016914   data required time
---------------------------------------------------------------------------------------------
                                              1.016914   data required time
                                             -1.604712   data arrival time
---------------------------------------------------------------------------------------------
                                              0.587798   slack (MET)


Startpoint: _3018_ (rising edge-triggered flip-flop clocked by clk)
Endpoint: _3018_ (rising edge-triggered flip-flop clocked by clk)
Path Group: clk
Path Type: min

Fanout         Cap        Slew       Delay        Time   Description
---------------------------------------------------------------------------------------------
                                  0.000000    0.000000   clock clk (rise edge)
                                  0.000000    0.000000   clock source latency
     1    0.027657    0.129514    0.090739    0.090739 ^ clk (in)
                                                         clk (net)
                      0.129618    0.000000    0.090739 ^ clkbuf_0_clk/A (sky130_fd_sc_hd__clkbuf_16)
    16    0.122912    0.136331    0.228671    0.319410 ^ clkbuf_0_clk/X (sky130_fd_sc_hd__clkbuf_16)
                                                         clknet_0_clk (net)
                      0.137091    0.008157    0.327568 ^ clkbuf_4_10_0_clk/A (sky130_fd_sc_hd__clkbuf_8)
    10    0.054057    0.104280    0.205777    0.533344 ^ clkbuf_4_10_0_clk/X (sky130_fd_sc_hd__clkbuf_8)
                                                         clknet_4_10_0_clk (net)
                      0.104313    0.001808    0.535152 ^ _3018_/CLK (sky130_fd_sc_hd__dfrtp_1)
     1    0.002309    0.041502    0.331975    0.867127 ^ _3018_/Q (sky130_fd_sc_hd__dfrtp_1)
                                                         my_sum_sub.result[1] (net)
                      0.041502    0.000107    0.867233 ^ hold43/A (sky130_fd_sc_hd__dlygate4sd3_1)
     2    0.011042    0.125399    0.596095    1.463328 ^ hold43/X (sky130_fd_sc_hd__dlygate4sd3_1)
                                                         net48 (net)
                      0.125399    0.000429    1.463757 ^ _2686_/B1 (sky130_fd_sc_hd__a32o_1)
     1    0.002679    0.048221    0.134331    1.598089 ^ _2686_/X (sky130_fd_sc_hd__a32o_1)
                                                         _0277_ (net)
                      0.048221    0.000193    1.598281 ^ _3018_/D (sky130_fd_sc_hd__dfrtp_1)
                                              1.598281   data arrival time

                                  0.000000    0.000000   clock clk (rise edge)
                                  0.000000    0.000000   clock source latency
     1    0.027657    0.129514    0.090739    0.090739 ^ clk (in)
                                                         clk (net)
                      0.129618    0.000000    0.090739 ^ clkbuf_0_clk/A (sky130_fd_sc_hd__clkbuf_16)
    16    0.122912    0.136331    0.228671    0.319410 ^ clkbuf_0_clk/X (sky130_fd_sc_hd__clkbuf_16)
                                                         clknet_0_clk (net)
                      0.137091    0.008157    0.327568 ^ clkbuf_4_10_0_clk/A (sky130_fd_sc_hd__clkbuf_8)
    10    0.054057    0.104280    0.205777    0.533344 ^ clkbuf_4_10_0_clk/X (sky130_fd_sc_hd__clkbuf_8)
                                                         clknet_4_10_0_clk (net)
                      0.104313    0.001808    0.535152 ^ _3018_/CLK (sky130_fd_sc_hd__dfrtp_1)
                                  0.500000    1.035152   clock uncertainty
                                  0.000000    1.035152   clock reconvergence pessimism
                                 -0.027330    1.007823   library hold time
                                              1.007823   data required time
---------------------------------------------------------------------------------------------
                                              1.007823   data required time
                                             -1.598281   data arrival time
---------------------------------------------------------------------------------------------
                                              0.590459   slack (MET)


Startpoint: _3076_ (rising edge-triggered flip-flop clocked by clk)
Endpoint: _3020_ (rising edge-triggered flip-flop clocked by clk)
Path Group: clk
Path Type: min

Fanout         Cap        Slew       Delay        Time   Description
---------------------------------------------------------------------------------------------
                                  0.000000    0.000000   clock clk (rise edge)
                                  0.000000    0.000000   clock source latency
     1    0.027657    0.129514    0.090739    0.090739 ^ clk (in)
                                                         clk (net)
                      0.129618    0.000000    0.090739 ^ clkbuf_0_clk/A (sky130_fd_sc_hd__clkbuf_16)
    16    0.122912    0.136331    0.228671    0.319410 ^ clkbuf_0_clk/X (sky130_fd_sc_hd__clkbuf_16)
                                                         clknet_0_clk (net)
                      0.137076    0.008079    0.327489 ^ clkbuf_4_11_0_clk/A (sky130_fd_sc_hd__clkbuf_8)
    13    0.059228    0.112479    0.212100    0.539589 ^ clkbuf_4_11_0_clk/X (sky130_fd_sc_hd__clkbuf_8)
                                                         clknet_4_11_0_clk (net)
                      0.112544    0.002495    0.542085 ^ _3076_/CLK (sky130_fd_sc_hd__dfrtp_2)
     6    0.024011    0.088882    0.468854    1.010939 v _3076_/Q (sky130_fd_sc_hd__dfrtp_2)
                                                         my_sum_sub.cm_exp[6] (net)
                      0.088911    0.001542    1.012480 v _2637_/B2 (sky130_fd_sc_hd__o32a_1)
     2    0.006246    0.060100    0.187683    1.200163 v _2637_/X (sky130_fd_sc_hd__o32a_1)
                                                         _0936_ (net)
                      0.060100    0.000231    1.200395 v _2670_/B (sky130_fd_sc_hd__nand2_1)
     1    0.004769    0.056706    0.080074    1.280468 ^ _2670_/Y (sky130_fd_sc_hd__nand2_1)
                                                         _0960_ (net)
                      0.056707    0.000315    1.280783 ^ _2671_/C (sky130_fd_sc_hd__or4_4)
     7    0.025657    0.084670    0.158807    1.439590 ^ _2671_/X (sky130_fd_sc_hd__or4_4)
                                                         _0961_ (net)
                      0.084712    0.001747    1.441337 ^ _2681_/A2 (sky130_fd_sc_hd__a32o_1)
     1    0.002446    0.046310    0.158030    1.599367 ^ _2681_/X (sky130_fd_sc_hd__a32o_1)
                                                         _0279_ (net)
                      0.046311    0.000169    1.599536 ^ _3020_/D (sky130_fd_sc_hd__dfrtp_1)
                                              1.599536   data arrival time

                                  0.000000    0.000000   clock clk (rise edge)
                                  0.000000    0.000000   clock source latency
     1    0.027657    0.129514    0.090739    0.090739 ^ clk (in)
                                                         clk (net)
                      0.129618    0.000000    0.090739 ^ clkbuf_0_clk/A (sky130_fd_sc_hd__clkbuf_16)
    16    0.122912    0.136331    0.228671    0.319410 ^ clkbuf_0_clk/X (sky130_fd_sc_hd__clkbuf_16)
                                                         clknet_0_clk (net)
                      0.136994    0.007632    0.327042 ^ clkbuf_4_8_0_clk/A (sky130_fd_sc_hd__clkbuf_8)
     9    0.053590    0.104030    0.204712    0.531754 ^ clkbuf_4_8_0_clk/X (sky130_fd_sc_hd__clkbuf_8)
                                                         clknet_4_8_0_clk (net)
                      0.104109    0.002627    0.534381 ^ _3020_/CLK (sky130_fd_sc_hd__dfrtp_1)
                                  0.500000    1.034381   clock uncertainty
                                  0.000000    1.034381   clock reconvergence pessimism
                                 -0.026960    1.007421   library hold time
                                              1.007421   data required time
---------------------------------------------------------------------------------------------
                                              1.007421   data required time
                                             -1.599536   data arrival time
---------------------------------------------------------------------------------------------
                                              0.592116   slack (MET)


Startpoint: _3076_ (rising edge-triggered flip-flop clocked by clk)
Endpoint: _3022_ (rising edge-triggered flip-flop clocked by clk)
Path Group: clk
Path Type: min

Fanout         Cap        Slew       Delay        Time   Description
---------------------------------------------------------------------------------------------
                                  0.000000    0.000000   clock clk (rise edge)
                                  0.000000    0.000000   clock source latency
     1    0.027657    0.129514    0.090739    0.090739 ^ clk (in)
                                                         clk (net)
                      0.129618    0.000000    0.090739 ^ clkbuf_0_clk/A (sky130_fd_sc_hd__clkbuf_16)
    16    0.122912    0.136331    0.228671    0.319410 ^ clkbuf_0_clk/X (sky130_fd_sc_hd__clkbuf_16)
                                                         clknet_0_clk (net)
                      0.137076    0.008079    0.327489 ^ clkbuf_4_11_0_clk/A (sky130_fd_sc_hd__clkbuf_8)
    13    0.059228    0.112479    0.212100    0.539589 ^ clkbuf_4_11_0_clk/X (sky130_fd_sc_hd__clkbuf_8)
                                                         clknet_4_11_0_clk (net)
                      0.112544    0.002495    0.542085 ^ _3076_/CLK (sky130_fd_sc_hd__dfrtp_2)
     6    0.024011    0.088882    0.468854    1.010939 v _3076_/Q (sky130_fd_sc_hd__dfrtp_2)
                                                         my_sum_sub.cm_exp[6] (net)
                      0.088911    0.001542    1.012480 v _2637_/B2 (sky130_fd_sc_hd__o32a_1)
     2    0.006246    0.060100    0.187683    1.200163 v _2637_/X (sky130_fd_sc_hd__o32a_1)
                                                         _0936_ (net)
                      0.060100    0.000231    1.200395 v _2670_/B (sky130_fd_sc_hd__nand2_1)
     1    0.004769    0.056706    0.080074    1.280468 ^ _2670_/Y (sky130_fd_sc_hd__nand2_1)
                                                         _0960_ (net)
                      0.056707    0.000315    1.280783 ^ _2671_/C (sky130_fd_sc_hd__or4_4)
     7    0.025657    0.084670    0.158807    1.439590 ^ _2671_/X (sky130_fd_sc_hd__or4_4)
                                                         _0961_ (net)
                      0.084781    0.002009    1.441599 ^ _2676_/A2 (sky130_fd_sc_hd__a32o_1)
     1    0.002642    0.047921    0.159852    1.601451 ^ _2676_/X (sky130_fd_sc_hd__a32o_1)
                                                         _0281_ (net)
                      0.047921    0.000178    1.601629 ^ _3022_/D (sky130_fd_sc_hd__dfrtp_1)
                                              1.601629   data arrival time

                                  0.000000    0.000000   clock clk (rise edge)
                                  0.000000    0.000000   clock source latency
     1    0.027657    0.129514    0.090739    0.090739 ^ clk (in)
                                                         clk (net)
                      0.129618    0.000000    0.090739 ^ clkbuf_0_clk/A (sky130_fd_sc_hd__clkbuf_16)
    16    0.122912    0.136331    0.228671    0.319410 ^ clkbuf_0_clk/X (sky130_fd_sc_hd__clkbuf_16)
                                                         clknet_0_clk (net)
                      0.136994    0.007632    0.327042 ^ clkbuf_4_8_0_clk/A (sky130_fd_sc_hd__clkbuf_8)
     9    0.053590    0.104030    0.204712    0.531754 ^ clkbuf_4_8_0_clk/X (sky130_fd_sc_hd__clkbuf_8)
                                                         clknet_4_8_0_clk (net)
                      0.104250    0.003434    0.535188 ^ _3022_/CLK (sky130_fd_sc_hd__dfrtp_1)
                                  0.500000    1.035188   clock uncertainty
                                  0.000000    1.035188   clock reconvergence pessimism
                                 -0.027276    1.007913   library hold time
                                              1.007913   data required time
---------------------------------------------------------------------------------------------
                                              1.007913   data required time
                                             -1.601629   data arrival time
---------------------------------------------------------------------------------------------
                                              0.593716   slack (MET)


Startpoint: _3155_ (rising edge-triggered flip-flop clocked by clk)
Endpoint: _3143_ (rising edge-triggered flip-flop clocked by clk)
Path Group: clk
Path Type: min

Fanout         Cap        Slew       Delay        Time   Description
---------------------------------------------------------------------------------------------
                                  0.000000    0.000000   clock clk (rise edge)
                                  0.000000    0.000000   clock source latency
     1    0.027657    0.129514    0.090739    0.090739 ^ clk (in)
                                                         clk (net)
                      0.129618    0.000000    0.090739 ^ clkbuf_0_clk/A (sky130_fd_sc_hd__clkbuf_16)
    16    0.122912    0.136331    0.228671    0.319410 ^ clkbuf_0_clk/X (sky130_fd_sc_hd__clkbuf_16)
                                                         clknet_0_clk (net)
                      0.137286    0.009113    0.328524 ^ clkbuf_4_0_0_clk/A (sky130_fd_sc_hd__clkbuf_8)
    24    0.077983    0.141740    0.232054    0.560578 ^ clkbuf_4_0_0_clk/X (sky130_fd_sc_hd__clkbuf_8)
                                                         clknet_4_0_0_clk (net)
                      0.142730    0.009502    0.570080 ^ _3155_/CLK (sky130_fd_sc_hd__dfrtp_1)
     4    0.013002    0.124885    0.416221    0.986301 ^ _3155_/Q (sky130_fd_sc_hd__dfrtp_1)
                                                         state[3] (net)
                      0.124886    0.000633    0.986934 ^ _1513_/A (sky130_fd_sc_hd__nor2_1)
     2    0.006228    0.050416    0.078932    1.065866 v _1513_/Y (sky130_fd_sc_hd__nor2_1)
                                                         _1063_ (net)
                      0.050419    0.000401    1.066267 v _1519_/A2 (sky130_fd_sc_hd__o31a_1)
     5    0.021420    0.111146    0.359860    1.426128 v _1519_/X (sky130_fd_sc_hd__o31a_1)
                                                         _1069_ (net)
                      0.111163    0.001346    1.427474 v _1520_/A (sky130_fd_sc_hd__inv_2)
     3    0.008719    0.055585    0.086744    1.514218 ^ _1520_/Y (sky130_fd_sc_hd__inv_2)
                                                         _1070_ (net)
                      0.055588    0.000477    1.514695 ^ _1538_/A1 (sky130_fd_sc_hd__mux2_1)
     1    0.003681    0.048028    0.127556    1.642251 ^ _1538_/X (sky130_fd_sc_hd__mux2_1)
                                                         _0239_ (net)
                      0.048028    0.000151    1.642401 ^ _3143_/D (sky130_fd_sc_hd__dfrtp_1)
                                              1.642401   data arrival time

                                  0.000000    0.000000   clock clk (rise edge)
                                  0.000000    0.000000   clock source latency
     1    0.027657    0.129514    0.090739    0.090739 ^ clk (in)
                                                         clk (net)
                      0.129618    0.000000    0.090739 ^ clkbuf_0_clk/A (sky130_fd_sc_hd__clkbuf_16)
    16    0.122912    0.136331    0.228671    0.319410 ^ clkbuf_0_clk/X (sky130_fd_sc_hd__clkbuf_16)
                                                         clknet_0_clk (net)
                      0.137286    0.009113    0.328524 ^ clkbuf_4_0_0_clk/A (sky130_fd_sc_hd__clkbuf_8)
    24    0.077983    0.141740    0.232054    0.560578 ^ clkbuf_4_0_0_clk/X (sky130_fd_sc_hd__clkbuf_8)
                                                         clknet_4_0_0_clk (net)
                      0.142683    0.009281    0.569859 ^ _3143_/CLK (sky130_fd_sc_hd__dfrtp_1)
                                  0.500000    1.069859   clock uncertainty
                                  0.000000    1.069859   clock reconvergence pessimism
                                 -0.022044    1.047815   library hold time
                                              1.047815   data required time
---------------------------------------------------------------------------------------------
                                              1.047815   data required time
                                             -1.642401   data arrival time
---------------------------------------------------------------------------------------------
                                              0.594586   slack (MET)


Startpoint: _3154_ (rising edge-triggered flip-flop clocked by clk)
Endpoint: _3085_ (rising edge-triggered flip-flop clocked by clk)
Path Group: clk
Path Type: min

Fanout         Cap        Slew       Delay        Time   Description
---------------------------------------------------------------------------------------------
                                  0.000000    0.000000   clock clk (rise edge)
                                  0.000000    0.000000   clock source latency
     1    0.027657    0.129514    0.090739    0.090739 ^ clk (in)
                                                         clk (net)
                      0.129618    0.000000    0.090739 ^ clkbuf_0_clk/A (sky130_fd_sc_hd__clkbuf_16)
    16    0.122912    0.136331    0.228671    0.319410 ^ clkbuf_0_clk/X (sky130_fd_sc_hd__clkbuf_16)
                                                         clknet_0_clk (net)
                      0.137286    0.009113    0.328524 ^ clkbuf_4_0_0_clk/A (sky130_fd_sc_hd__clkbuf_8)
    24    0.077983    0.141740    0.232054    0.560578 ^ clkbuf_4_0_0_clk/X (sky130_fd_sc_hd__clkbuf_8)
                                                         clknet_4_0_0_clk (net)
                      0.142141    0.006143    0.566720 ^ _3154_/CLK (sky130_fd_sc_hd__dfrtp_1)
     4    0.015985    0.097035    0.449945    1.016665 v _3154_/Q (sky130_fd_sc_hd__dfrtp_1)
                                                         state[2] (net)
                      0.097052    0.001264    1.017929 v _2141_/A (sky130_fd_sc_hd__nor2_1)
     1    0.003651    0.090407    0.126090    1.144019 ^ _2141_/Y (sky130_fd_sc_hd__nor2_1)
                                                         _0502_ (net)
                      0.090407    0.000245    1.144264 ^ _2142_/B1 (sky130_fd_sc_hd__a2111o_2)
     1    0.018246    0.092246    0.162729    1.306993 ^ _2142_/X (sky130_fd_sc_hd__a2111o_2)
                                                         _0503_ (net)
                      0.092269    0.001408    1.308401 ^ _2143_/B (sky130_fd_sc_hd__nor2_8)
    17    0.090750    0.071966    0.081226    1.389627 v _2143_/Y (sky130_fd_sc_hd__nor2_8)
                                                         _0504_ (net)
                      0.075845    0.013069    1.402696 v _2155_/S (sky130_fd_sc_hd__mux2_1)
     1    0.003405    0.045898    0.207588    1.610284 ^ _2155_/X (sky130_fd_sc_hd__mux2_1)
                                                         _0344_ (net)
                      0.045921    0.000211    1.610495 ^ _3085_/D (sky130_fd_sc_hd__dfrtp_4)
                                              1.610495   data arrival time

                                  0.000000    0.000000   clock clk (rise edge)
                                  0.000000    0.000000   clock source latency
     1    0.027657    0.129514    0.090739    0.090739 ^ clk (in)
                                                         clk (net)
                      0.129618    0.000000    0.090739 ^ clkbuf_0_clk/A (sky130_fd_sc_hd__clkbuf_16)
    16    0.122912    0.136331    0.228671    0.319410 ^ clkbuf_0_clk/X (sky130_fd_sc_hd__clkbuf_16)
                                                         clknet_0_clk (net)
                      0.136766    0.006233    0.325643 ^ clkbuf_4_6_0_clk/A (sky130_fd_sc_hd__clkbuf_8)
    12    0.059333    0.113222    0.211382    0.537026 ^ clkbuf_4_6_0_clk/X (sky130_fd_sc_hd__clkbuf_8)
                                                         clknet_4_6_0_clk (net)
                      0.113531    0.004394    0.541419 ^ _3085_/CLK (sky130_fd_sc_hd__dfrtp_4)
                                  0.500000    1.041419   clock uncertainty
                                  0.000000    1.041419   clock reconvergence pessimism
                                 -0.025591    1.015828   library hold time
                                              1.015828   data required time
---------------------------------------------------------------------------------------------
                                              1.015828   data required time
                                             -1.610495   data arrival time
---------------------------------------------------------------------------------------------
                                              0.594667   slack (MET)


Startpoint: _3124_ (rising edge-triggered flip-flop clocked by clk)
Endpoint: _3108_ (rising edge-triggered flip-flop clocked by clk)
Path Group: clk
Path Type: min

Fanout         Cap        Slew       Delay        Time   Description
---------------------------------------------------------------------------------------------
                                  0.000000    0.000000   clock clk (rise edge)
                                  0.000000    0.000000   clock source latency
     1    0.027657    0.129514    0.090739    0.090739 ^ clk (in)
                                                         clk (net)
                      0.129618    0.000000    0.090739 ^ clkbuf_0_clk/A (sky130_fd_sc_hd__clkbuf_16)
    16    0.122912    0.136331    0.228671    0.319410 ^ clkbuf_0_clk/X (sky130_fd_sc_hd__clkbuf_16)
                                                         clknet_0_clk (net)
                      0.137305    0.009201    0.328612 ^ clkbuf_4_1_0_clk/A (sky130_fd_sc_hd__clkbuf_8)
    16    0.071217    0.132356    0.225099    0.553711 ^ clkbuf_4_1_0_clk/X (sky130_fd_sc_hd__clkbuf_8)
                                                         clknet_4_1_0_clk (net)
                      0.132942    0.006744    0.560455 ^ _3124_/CLK (sky130_fd_sc_hd__dfrtp_1)
     1    0.002071    0.039470    0.340005    0.900460 ^ _3124_/Q (sky130_fd_sc_hd__dfrtp_1)
                                                         shift_in[13] (net)
                      0.039470    0.000145    0.900605 ^ hold90/A (sky130_fd_sc_hd__dlygate4sd3_1)
     3    0.008795    0.104827    0.579963    1.480569 ^ hold90/X (sky130_fd_sc_hd__dlygate4sd3_1)
                                                         net95 (net)
                      0.104828    0.000493    1.481062 ^ _2126_/A0 (sky130_fd_sc_hd__mux2_1)
     1    0.002321    0.037759    0.131122    1.612184 ^ _2126_/X (sky130_fd_sc_hd__mux2_1)
                                                         _0204_ (net)
                      0.037759    0.000164    1.612347 ^ _3108_/D (sky130_fd_sc_hd__dfrtp_2)
                                              1.612347   data arrival time

                                  0.000000    0.000000   clock clk (rise edge)
                                  0.000000    0.000000   clock source latency
     1    0.027657    0.129514    0.090739    0.090739 ^ clk (in)
                                                         clk (net)
                      0.129618    0.000000    0.090739 ^ clkbuf_0_clk/A (sky130_fd_sc_hd__clkbuf_16)
    16    0.122912    0.136331    0.228671    0.319410 ^ clkbuf_0_clk/X (sky130_fd_sc_hd__clkbuf_16)
                                                         clknet_0_clk (net)
                      0.136872    0.006922    0.326332 ^ clkbuf_4_4_0_clk/A (sky130_fd_sc_hd__clkbuf_8)
    11    0.059675    0.113746    0.211995    0.538327 ^ clkbuf_4_4_0_clk/X (sky130_fd_sc_hd__clkbuf_8)
                                                         clknet_4_4_0_clk (net)
                      0.113818    0.002656    0.540982 ^ _3108_/CLK (sky130_fd_sc_hd__dfrtp_2)
                                  0.500000    1.040982   clock uncertainty
                                  0.000000    1.040982   clock reconvergence pessimism
                                 -0.023786    1.017196   library hold time
                                              1.017196   data required time
---------------------------------------------------------------------------------------------
                                              1.017196   data required time
                                             -1.612347   data arrival time
---------------------------------------------------------------------------------------------
                                              0.595151   slack (MET)


Startpoint: _3012_ (rising edge-triggered flip-flop clocked by clk)
Endpoint: _3012_ (rising edge-triggered flip-flop clocked by clk)
Path Group: clk
Path Type: min

Fanout         Cap        Slew       Delay        Time   Description
---------------------------------------------------------------------------------------------
                                  0.000000    0.000000   clock clk (rise edge)
                                  0.000000    0.000000   clock source latency
     1    0.027657    0.129514    0.090739    0.090739 ^ clk (in)
                                                         clk (net)
                      0.129618    0.000000    0.090739 ^ clkbuf_0_clk/A (sky130_fd_sc_hd__clkbuf_16)
    16    0.122912    0.136331    0.228671    0.319410 ^ clkbuf_0_clk/X (sky130_fd_sc_hd__clkbuf_16)
                                                         clknet_0_clk (net)
                      0.137207    0.008737    0.328148 ^ clkbuf_4_2_0_clk/A (sky130_fd_sc_hd__clkbuf_8)
    18    0.073380    0.135996    0.226742    0.554890 ^ clkbuf_4_2_0_clk/X (sky130_fd_sc_hd__clkbuf_8)
                                                         clknet_4_2_0_clk (net)
                      0.136657    0.007703    0.562592 ^ _3012_/CLK (sky130_fd_sc_hd__dfrtp_1)
     1    0.002153    0.039998    0.341837    0.904430 ^ _3012_/Q (sky130_fd_sc_hd__dfrtp_1)
                                                         div_quotient[2] (net)
                      0.039998    0.000146    0.904576 ^ hold110/A (sky130_fd_sc_hd__dlygate4sd3_1)
     3    0.011298    0.127762    0.597282    1.501858 ^ hold110/X (sky130_fd_sc_hd__dlygate4sd3_1)
                                                         net115 (net)
                      0.127762    0.000577    1.502435 ^ _2697_/B2 (sky130_fd_sc_hd__a22o_1)
     1    0.002602    0.042915    0.136642    1.639076 ^ _2697_/X (sky130_fd_sc_hd__a22o_1)
                                                         _0271_ (net)
                      0.042915    0.000175    1.639251 ^ _3012_/D (sky130_fd_sc_hd__dfrtp_1)
                                              1.639251   data arrival time

                                  0.000000    0.000000   clock clk (rise edge)
                                  0.000000    0.000000   clock source latency
     1    0.027657    0.129514    0.090739    0.090739 ^ clk (in)
                                                         clk (net)
                      0.129618    0.000000    0.090739 ^ clkbuf_0_clk/A (sky130_fd_sc_hd__clkbuf_16)
    16    0.122912    0.136331    0.228671    0.319410 ^ clkbuf_0_clk/X (sky130_fd_sc_hd__clkbuf_16)
                                                         clknet_0_clk (net)
                      0.137207    0.008737    0.328148 ^ clkbuf_4_2_0_clk/A (sky130_fd_sc_hd__clkbuf_8)
    18    0.073380    0.135996    0.226742    0.554890 ^ clkbuf_4_2_0_clk/X (sky130_fd_sc_hd__clkbuf_8)
                                                         clknet_4_2_0_clk (net)
                      0.136657    0.007703    0.562592 ^ _3012_/CLK (sky130_fd_sc_hd__dfrtp_1)
                                  0.500000    1.062593   clock uncertainty
                                  0.000000    1.062593   clock reconvergence pessimism
                                 -0.021808    1.040785   library hold time
                                              1.040785   data required time
---------------------------------------------------------------------------------------------
                                              1.040785   data required time
                                             -1.639251   data arrival time
---------------------------------------------------------------------------------------------
                                              0.598466   slack (MET)


Startpoint: _3076_ (rising edge-triggered flip-flop clocked by clk)
Endpoint: _3021_ (rising edge-triggered flip-flop clocked by clk)
Path Group: clk
Path Type: min

Fanout         Cap        Slew       Delay        Time   Description
---------------------------------------------------------------------------------------------
                                  0.000000    0.000000   clock clk (rise edge)
                                  0.000000    0.000000   clock source latency
     1    0.027657    0.129514    0.090739    0.090739 ^ clk (in)
                                                         clk (net)
                      0.129618    0.000000    0.090739 ^ clkbuf_0_clk/A (sky130_fd_sc_hd__clkbuf_16)
    16    0.122912    0.136331    0.228671    0.319410 ^ clkbuf_0_clk/X (sky130_fd_sc_hd__clkbuf_16)
                                                         clknet_0_clk (net)
                      0.137076    0.008079    0.327489 ^ clkbuf_4_11_0_clk/A (sky130_fd_sc_hd__clkbuf_8)
    13    0.059228    0.112479    0.212100    0.539589 ^ clkbuf_4_11_0_clk/X (sky130_fd_sc_hd__clkbuf_8)
                                                         clknet_4_11_0_clk (net)
                      0.112544    0.002495    0.542085 ^ _3076_/CLK (sky130_fd_sc_hd__dfrtp_2)
     6    0.024011    0.088882    0.468854    1.010939 v _3076_/Q (sky130_fd_sc_hd__dfrtp_2)
                                                         my_sum_sub.cm_exp[6] (net)
                      0.088911    0.001542    1.012480 v _2637_/B2 (sky130_fd_sc_hd__o32a_1)
     2    0.006246    0.060100    0.187683    1.200163 v _2637_/X (sky130_fd_sc_hd__o32a_1)
                                                         _0936_ (net)
                      0.060100    0.000231    1.200395 v _2670_/B (sky130_fd_sc_hd__nand2_1)
     1    0.004769    0.056706    0.080074    1.280468 ^ _2670_/Y (sky130_fd_sc_hd__nand2_1)
                                                         _0960_ (net)
                      0.056707    0.000315    1.280783 ^ _2671_/C (sky130_fd_sc_hd__or4_4)
     7    0.025657    0.084670    0.158807    1.439590 ^ _2671_/X (sky130_fd_sc_hd__or4_4)
                                                         _0961_ (net)
                      0.084708    0.001678    1.441268 ^ _2679_/A2 (sky130_fd_sc_hd__a32o_1)
     1    0.003098    0.051696    0.164007    1.605276 ^ _2679_/X (sky130_fd_sc_hd__a32o_1)
                                                         _0280_ (net)
                      0.051698    0.000208    1.605484 ^ _3021_/D (sky130_fd_sc_hd__dfrtp_1)
                                              1.605484   data arrival time

                                  0.000000    0.000000   clock clk (rise edge)
                                  0.000000    0.000000   clock source latency
     1    0.027657    0.129514    0.090739    0.090739 ^ clk (in)
                                                         clk (net)
                      0.129618    0.000000    0.090739 ^ clkbuf_0_clk/A (sky130_fd_sc_hd__clkbuf_16)
    16    0.122912    0.136331    0.228671    0.319410 ^ clkbuf_0_clk/X (sky130_fd_sc_hd__clkbuf_16)
                                                         clknet_0_clk (net)
                      0.136994    0.007632    0.327042 ^ clkbuf_4_8_0_clk/A (sky130_fd_sc_hd__clkbuf_8)
     9    0.053590    0.104030    0.204712    0.531754 ^ clkbuf_4_8_0_clk/X (sky130_fd_sc_hd__clkbuf_8)
                                                         clknet_4_8_0_clk (net)
                      0.104208    0.002998    0.534752 ^ _3021_/CLK (sky130_fd_sc_hd__dfrtp_1)
                                  0.500000    1.034752   clock uncertainty
                                  0.000000    1.034752   clock reconvergence pessimism
                                 -0.028068    1.006684   library hold time
                                              1.006684   data required time
---------------------------------------------------------------------------------------------
                                              1.006684   data required time
                                             -1.605484   data arrival time
---------------------------------------------------------------------------------------------
                                              0.598800   slack (MET)


Startpoint: _3154_ (rising edge-triggered flip-flop clocked by clk)
Endpoint: _3081_ (rising edge-triggered flip-flop clocked by clk)
Path Group: clk
Path Type: min

Fanout         Cap        Slew       Delay        Time   Description
---------------------------------------------------------------------------------------------
                                  0.000000    0.000000   clock clk (rise edge)
                                  0.000000    0.000000   clock source latency
     1    0.027657    0.129514    0.090739    0.090739 ^ clk (in)
                                                         clk (net)
                      0.129618    0.000000    0.090739 ^ clkbuf_0_clk/A (sky130_fd_sc_hd__clkbuf_16)
    16    0.122912    0.136331    0.228671    0.319410 ^ clkbuf_0_clk/X (sky130_fd_sc_hd__clkbuf_16)
                                                         clknet_0_clk (net)
                      0.137286    0.009113    0.328524 ^ clkbuf_4_0_0_clk/A (sky130_fd_sc_hd__clkbuf_8)
    24    0.077983    0.141740    0.232054    0.560578 ^ clkbuf_4_0_0_clk/X (sky130_fd_sc_hd__clkbuf_8)
                                                         clknet_4_0_0_clk (net)
                      0.142141    0.006143    0.566720 ^ _3154_/CLK (sky130_fd_sc_hd__dfrtp_1)
     4    0.015985    0.097035    0.449945    1.016665 v _3154_/Q (sky130_fd_sc_hd__dfrtp_1)
                                                         state[2] (net)
                      0.097052    0.001264    1.017929 v _2141_/A (sky130_fd_sc_hd__nor2_1)
     1    0.003651    0.090407    0.126090    1.144019 ^ _2141_/Y (sky130_fd_sc_hd__nor2_1)
                                                         _0502_ (net)
                      0.090407    0.000245    1.144264 ^ _2142_/B1 (sky130_fd_sc_hd__a2111o_2)
     1    0.018246    0.092246    0.162729    1.306993 ^ _2142_/X (sky130_fd_sc_hd__a2111o_2)
                                                         _0503_ (net)
                      0.092269    0.001408    1.308401 ^ _2143_/B (sky130_fd_sc_hd__nor2_8)
    17    0.090750    0.071966    0.081226    1.389627 v _2143_/Y (sky130_fd_sc_hd__nor2_8)
                                                         _0504_ (net)
                      0.075987    0.013309    1.402936 v _2159_/S (sky130_fd_sc_hd__mux2_1)
     1    0.004139    0.051550    0.212471    1.615407 ^ _2159_/X (sky130_fd_sc_hd__mux2_1)
                                                         _0340_ (net)
                      0.051551    0.000323    1.615730 ^ _3081_/D (sky130_fd_sc_hd__dfrtp_4)
                                              1.615730   data arrival time

                                  0.000000    0.000000   clock clk (rise edge)
                                  0.000000    0.000000   clock source latency
     1    0.027657    0.129514    0.090739    0.090739 ^ clk (in)
                                                         clk (net)
                      0.129618    0.000000    0.090739 ^ clkbuf_0_clk/A (sky130_fd_sc_hd__clkbuf_16)
    16    0.122912    0.136331    0.228671    0.319410 ^ clkbuf_0_clk/X (sky130_fd_sc_hd__clkbuf_16)
                                                         clknet_0_clk (net)
                      0.136766    0.006233    0.325643 ^ clkbuf_4_6_0_clk/A (sky130_fd_sc_hd__clkbuf_8)
    12    0.059333    0.113222    0.211382    0.537026 ^ clkbuf_4_6_0_clk/X (sky130_fd_sc_hd__clkbuf_8)
                                                         clknet_4_6_0_clk (net)
                      0.113540    0.004466    0.541492 ^ _3081_/CLK (sky130_fd_sc_hd__dfrtp_4)
                                  0.500000    1.041492   clock uncertainty
                                  0.000000    1.041492   clock reconvergence pessimism
                                 -0.026760    1.014731   library hold time
                                              1.014731   data required time
---------------------------------------------------------------------------------------------
                                              1.014731   data required time
                                             -1.615730   data arrival time
---------------------------------------------------------------------------------------------
                                              0.600999   slack (MET)


Startpoint: _3014_ (rising edge-triggered flip-flop clocked by clk)
Endpoint: _3014_ (rising edge-triggered flip-flop clocked by clk)
Path Group: clk
Path Type: min

Fanout         Cap        Slew       Delay        Time   Description
---------------------------------------------------------------------------------------------
                                  0.000000    0.000000   clock clk (rise edge)
                                  0.000000    0.000000   clock source latency
     1    0.027657    0.129514    0.090739    0.090739 ^ clk (in)
                                                         clk (net)
                      0.129618    0.000000    0.090739 ^ clkbuf_0_clk/A (sky130_fd_sc_hd__clkbuf_16)
    16    0.122912    0.136331    0.228671    0.319410 ^ clkbuf_0_clk/X (sky130_fd_sc_hd__clkbuf_16)
                                                         clknet_0_clk (net)
                      0.137207    0.008737    0.328148 ^ clkbuf_4_2_0_clk/A (sky130_fd_sc_hd__clkbuf_8)
    18    0.073380    0.135996    0.226742    0.554890 ^ clkbuf_4_2_0_clk/X (sky130_fd_sc_hd__clkbuf_8)
                                                         clknet_4_2_0_clk (net)
                      0.136677    0.007811    0.562701 ^ _3014_/CLK (sky130_fd_sc_hd__dfrtp_1)
     3    0.011863    0.115592    0.407287    0.969988 ^ _3014_/Q (sky130_fd_sc_hd__dfrtp_1)
                                                         div_quotient[4] (net)
                      0.115594    0.000738    0.970726 ^ _2695_/B2 (sky130_fd_sc_hd__a22o_1)
     1    0.003285    0.048403    0.139110    1.109836 ^ _2695_/X (sky130_fd_sc_hd__a22o_1)
                                                         _0273_ (net)
                      0.048403    0.000134    1.109970 ^ hold85/A (sky130_fd_sc_hd__dlygate4sd3_1)
     1    0.002307    0.048805    0.531263    1.641233 ^ hold85/X (sky130_fd_sc_hd__dlygate4sd3_1)
                                                         net90 (net)
                      0.048805    0.000165    1.641398 ^ _3014_/D (sky130_fd_sc_hd__dfrtp_1)
                                              1.641398   data arrival time

                                  0.000000    0.000000   clock clk (rise edge)
                                  0.000000    0.000000   clock source latency
     1    0.027657    0.129514    0.090739    0.090739 ^ clk (in)
                                                         clk (net)
                      0.129618    0.000000    0.090739 ^ clkbuf_0_clk/A (sky130_fd_sc_hd__clkbuf_16)
    16    0.122912    0.136331    0.228671    0.319410 ^ clkbuf_0_clk/X (sky130_fd_sc_hd__clkbuf_16)
                                                         clknet_0_clk (net)
                      0.137207    0.008737    0.328148 ^ clkbuf_4_2_0_clk/A (sky130_fd_sc_hd__clkbuf_8)
    18    0.073380    0.135996    0.226742    0.554890 ^ clkbuf_4_2_0_clk/X (sky130_fd_sc_hd__clkbuf_8)
                                                         clknet_4_2_0_clk (net)
                      0.136677    0.007811    0.562701 ^ _3014_/CLK (sky130_fd_sc_hd__dfrtp_1)
                                  0.500000    1.062701   clock uncertainty
                                  0.000000    1.062701   clock reconvergence pessimism
                                 -0.023026    1.039675   library hold time
                                              1.039675   data required time
---------------------------------------------------------------------------------------------
                                              1.039675   data required time
                                             -1.641398   data arrival time
---------------------------------------------------------------------------------------------
                                              0.601723   slack (MET)


Startpoint: _3119_ (rising edge-triggered flip-flop clocked by clk)
Endpoint: _3118_ (rising edge-triggered flip-flop clocked by clk)
Path Group: clk
Path Type: min

Fanout         Cap        Slew       Delay        Time   Description
---------------------------------------------------------------------------------------------
                                  0.000000    0.000000   clock clk (rise edge)
                                  0.000000    0.000000   clock source latency
     1    0.027657    0.129514    0.090739    0.090739 ^ clk (in)
                                                         clk (net)
                      0.129618    0.000000    0.090739 ^ clkbuf_0_clk/A (sky130_fd_sc_hd__clkbuf_16)
    16    0.122912    0.136331    0.228671    0.319410 ^ clkbuf_0_clk/X (sky130_fd_sc_hd__clkbuf_16)
                                                         clknet_0_clk (net)
                      0.136820    0.006591    0.326001 ^ clkbuf_4_5_0_clk/A (sky130_fd_sc_hd__clkbuf_8)
    10    0.064582    0.121004    0.218024    0.544025 ^ clkbuf_4_5_0_clk/X (sky130_fd_sc_hd__clkbuf_8)
                                                         clknet_4_5_0_clk (net)
                      0.121338    0.004725    0.548751 ^ _3119_/CLK (sky130_fd_sc_hd__dfrtp_1)
     1    0.003992    0.054154    0.351531    0.900281 ^ _3119_/Q (sky130_fd_sc_hd__dfrtp_1)
                                                         shift_in[8] (net)
                      0.054154    0.000234    0.900515 ^ hold63/A (sky130_fd_sc_hd__dlygate4sd3_1)
     3    0.009608    0.112353    0.590223    1.490737 ^ hold63/X (sky130_fd_sc_hd__dlygate4sd3_1)
                                                         net68 (net)
                      0.112355    0.000659    1.491396 ^ _2113_/A0 (sky130_fd_sc_hd__mux2_1)
     1    0.002633    0.040176    0.136199    1.627595 ^ _2113_/X (sky130_fd_sc_hd__mux2_1)
                                                         _0214_ (net)
                      0.040176    0.000175    1.627770 ^ _3118_/D (sky130_fd_sc_hd__dfrtp_1)
                                              1.627770   data arrival time

                                  0.000000    0.000000   clock clk (rise edge)
                                  0.000000    0.000000   clock source latency
     1    0.027657    0.129514    0.090739    0.090739 ^ clk (in)
                                                         clk (net)
                      0.129618    0.000000    0.090739 ^ clkbuf_0_clk/A (sky130_fd_sc_hd__clkbuf_16)
    16    0.122912    0.136331    0.228671    0.319410 ^ clkbuf_0_clk/X (sky130_fd_sc_hd__clkbuf_16)
                                                         clknet_0_clk (net)
                      0.136820    0.006591    0.326001 ^ clkbuf_4_5_0_clk/A (sky130_fd_sc_hd__clkbuf_8)
    10    0.064582    0.121004    0.218024    0.544025 ^ clkbuf_4_5_0_clk/X (sky130_fd_sc_hd__clkbuf_8)
                                                         clknet_4_5_0_clk (net)
                      0.121346    0.004789    0.548815 ^ _3118_/CLK (sky130_fd_sc_hd__dfrtp_1)
                                  0.500000    1.048815   clock uncertainty
                                  0.000000    1.048815   clock reconvergence pessimism
                                 -0.023330    1.025484   library hold time
                                              1.025484   data required time
---------------------------------------------------------------------------------------------
                                              1.025484   data required time
                                             -1.627770   data arrival time
---------------------------------------------------------------------------------------------
                                              0.602286   slack (MET)


Startpoint: _3158_ (rising edge-triggered flip-flop clocked by clk)
Endpoint: _3160_ (rising edge-triggered flip-flop clocked by clk)
Path Group: clk
Path Type: min

Fanout         Cap        Slew       Delay        Time   Description
---------------------------------------------------------------------------------------------
                                  0.000000    0.000000   clock clk (rise edge)
                                  0.000000    0.000000   clock source latency
     1    0.027657    0.129514    0.090739    0.090739 ^ clk (in)
                                                         clk (net)
                      0.129618    0.000000    0.090739 ^ clkbuf_0_clk/A (sky130_fd_sc_hd__clkbuf_16)
    16    0.122912    0.136331    0.228671    0.319410 ^ clkbuf_0_clk/X (sky130_fd_sc_hd__clkbuf_16)
                                                         clknet_0_clk (net)
                      0.137109    0.008249    0.327659 ^ clkbuf_4_3_0_clk/A (sky130_fd_sc_hd__clkbuf_8)
    11    0.060066    0.113828    0.212789    0.540448 ^ clkbuf_4_3_0_clk/X (sky130_fd_sc_hd__clkbuf_8)
                                                         clknet_4_3_0_clk (net)
                      0.113909    0.002770    0.543217 ^ _3158_/CLK (sky130_fd_sc_hd__dfstp_1)
     1    0.002118    0.024358    0.368498    0.911715 v _3158_/Q (sky130_fd_sc_hd__dfstp_1)
                                                         my_sum_sub.state[0] (net)
                      0.024358    0.000140    0.911855 v hold154/A (sky130_fd_sc_hd__dlygate4sd3_1)
     2    0.007158    0.074805    0.570018    1.481872 v hold154/X (sky130_fd_sc_hd__dlygate4sd3_1)
                                                         net159 (net)
                      0.074805    0.000348    1.482220 v _2787_/A (sky130_fd_sc_hd__and2_1)
     1    0.002878    0.033947    0.145294    1.627515 v _2787_/X (sky130_fd_sc_hd__and2_1)
                                                         _0003_ (net)
                      0.033947    0.000191    1.627706 v _3160_/D (sky130_fd_sc_hd__dfrtp_4)
                                              1.627706   data arrival time

                                  0.000000    0.000000   clock clk (rise edge)
                                  0.000000    0.000000   clock source latency
     1    0.027657    0.129514    0.090739    0.090739 ^ clk (in)
                                                         clk (net)
                      0.129618    0.000000    0.090739 ^ clkbuf_0_clk/A (sky130_fd_sc_hd__clkbuf_16)
    16    0.122912    0.136331    0.228671    0.319410 ^ clkbuf_0_clk/X (sky130_fd_sc_hd__clkbuf_16)
                                                         clknet_0_clk (net)
                      0.137109    0.008249    0.327659 ^ clkbuf_4_3_0_clk/A (sky130_fd_sc_hd__clkbuf_8)
    11    0.060066    0.113828    0.212789    0.540448 ^ clkbuf_4_3_0_clk/X (sky130_fd_sc_hd__clkbuf_8)
                                                         clknet_4_3_0_clk (net)
                      0.113876    0.002213    0.542661 ^ _3160_/CLK (sky130_fd_sc_hd__dfrtp_4)
                                  0.500000    1.042661   clock uncertainty
                                  0.000000    1.042661   clock reconvergence pessimism
                                 -0.021859    1.020802   library hold time
                                              1.020802   data required time
---------------------------------------------------------------------------------------------
                                              1.020802   data required time
                                             -1.627706   data arrival time
---------------------------------------------------------------------------------------------
                                              0.606904   slack (MET)


Startpoint: _3114_ (rising edge-triggered flip-flop clocked by clk)
Endpoint: _3113_ (rising edge-triggered flip-flop clocked by clk)
Path Group: clk
Path Type: min

Fanout         Cap        Slew       Delay        Time   Description
---------------------------------------------------------------------------------------------
                                  0.000000    0.000000   clock clk (rise edge)
                                  0.000000    0.000000   clock source latency
     1    0.027657    0.129514    0.090739    0.090739 ^ clk (in)
                                                         clk (net)
                      0.129618    0.000000    0.090739 ^ clkbuf_0_clk/A (sky130_fd_sc_hd__clkbuf_16)
    16    0.122912    0.136331    0.228671    0.319410 ^ clkbuf_0_clk/X (sky130_fd_sc_hd__clkbuf_16)
                                                         clknet_0_clk (net)
                      0.136820    0.006591    0.326001 ^ clkbuf_4_5_0_clk/A (sky130_fd_sc_hd__clkbuf_8)
    10    0.064582    0.121004    0.218024    0.544025 ^ clkbuf_4_5_0_clk/X (sky130_fd_sc_hd__clkbuf_8)
                                                         clknet_4_5_0_clk (net)
                      0.121313    0.004517    0.548543 ^ _3114_/CLK (sky130_fd_sc_hd__dfrtp_1)
     2    0.007014    0.077550    0.371815    0.920357 ^ _3114_/Q (sky130_fd_sc_hd__dfrtp_1)
                                                         shift_in[3] (net)
                      0.077550    0.000369    0.920726 ^ hold166/A (sky130_fd_sc_hd__dlygate4sd3_1)
     3    0.008211    0.100130    0.586958    1.507684 ^ hold166/X (sky130_fd_sc_hd__dlygate4sd3_1)
                                                         net171 (net)
                      0.100238    0.000444    1.508128 ^ _2118_/A0 (sky130_fd_sc_hd__mux2_1)
     1    0.003011    0.043039    0.135050    1.643178 ^ _2118_/X (sky130_fd_sc_hd__mux2_1)
                                                         _0209_ (net)
                      0.043039    0.000193    1.643371 ^ _3113_/D (sky130_fd_sc_hd__dfrtp_1)
                                              1.643371   data arrival time

                                  0.000000    0.000000   clock clk (rise edge)
                                  0.000000    0.000000   clock source latency
     1    0.027657    0.129514    0.090739    0.090739 ^ clk (in)
                                                         clk (net)
                      0.129618    0.000000    0.090739 ^ clkbuf_0_clk/A (sky130_fd_sc_hd__clkbuf_16)
    16    0.122912    0.136331    0.228671    0.319410 ^ clkbuf_0_clk/X (sky130_fd_sc_hd__clkbuf_16)
                                                         clknet_0_clk (net)
                      0.136864    0.006872    0.326283 ^ clkbuf_4_7_0_clk/A (sky130_fd_sc_hd__clkbuf_8)
    17    0.070425    0.131162    0.223806    0.550088 ^ clkbuf_4_7_0_clk/X (sky130_fd_sc_hd__clkbuf_8)
                                                         clknet_4_7_0_clk (net)
                      0.131726    0.006972    0.557060 ^ _3113_/CLK (sky130_fd_sc_hd__dfrtp_1)
                                  0.500000    1.057060   clock uncertainty
                                  0.000000    1.057060   clock reconvergence pessimism
                                 -0.022507    1.034553   library hold time
                                              1.034553   data required time
---------------------------------------------------------------------------------------------
                                              1.034553   data required time
                                             -1.643371   data arrival time
---------------------------------------------------------------------------------------------
                                              0.608818   slack (MET)


Startpoint: _3168_ (rising edge-triggered flip-flop clocked by clk)
Endpoint: _3153_ (rising edge-triggered flip-flop clocked by clk)
Path Group: clk
Path Type: min

Fanout         Cap        Slew       Delay        Time   Description
---------------------------------------------------------------------------------------------
                                  0.000000    0.000000   clock clk (rise edge)
                                  0.000000    0.000000   clock source latency
     1    0.027657    0.129514    0.090739    0.090739 ^ clk (in)
                                                         clk (net)
                      0.129618    0.000000    0.090739 ^ clkbuf_0_clk/A (sky130_fd_sc_hd__clkbuf_16)
    16    0.122912    0.136331    0.228671    0.319410 ^ clkbuf_0_clk/X (sky130_fd_sc_hd__clkbuf_16)
                                                         clknet_0_clk (net)
                      0.137286    0.009113    0.328524 ^ clkbuf_4_0_0_clk/A (sky130_fd_sc_hd__clkbuf_8)
    24    0.077983    0.141740    0.232054    0.560578 ^ clkbuf_4_0_0_clk/X (sky130_fd_sc_hd__clkbuf_8)
                                                         clknet_4_0_0_clk (net)
                      0.142715    0.009435    0.570012 ^ _3168_/CLK (sky130_fd_sc_hd__dfstp_4)
    11    0.040408    0.121041    0.705638    1.275650 ^ _3168_/Q (sky130_fd_sc_hd__dfstp_4)
                                                         ss_s1 (net)
                      0.121243    0.003122    1.278772 ^ _2122_/B (sky130_fd_sc_hd__or3b_4)
    17    0.091321    0.300759    0.325565    1.604337 ^ _2122_/X (sky130_fd_sc_hd__or3b_4)
                                                         _0500_ (net)
                      0.300787    0.002463    1.606800 ^ _2123_/A (sky130_fd_sc_hd__inv_2)
     1    0.002852    0.048062    0.045156    1.651957 v _2123_/Y (sky130_fd_sc_hd__inv_2)
                                                         _0004_ (net)
                      0.048062    0.000183    1.652140 v _3153_/D (sky130_fd_sc_hd__dfrtp_1)
                                              1.652140   data arrival time

                                  0.000000    0.000000   clock clk (rise edge)
                                  0.000000    0.000000   clock source latency
     1    0.027657    0.129514    0.090739    0.090739 ^ clk (in)
                                                         clk (net)
                      0.129618    0.000000    0.090739 ^ clkbuf_0_clk/A (sky130_fd_sc_hd__clkbuf_16)
    16    0.122912    0.136331    0.228671    0.319410 ^ clkbuf_0_clk/X (sky130_fd_sc_hd__clkbuf_16)
                                                         clknet_0_clk (net)
                      0.137286    0.009113    0.328524 ^ clkbuf_4_0_0_clk/A (sky130_fd_sc_hd__clkbuf_8)
    24    0.077983    0.141740    0.232054    0.560578 ^ clkbuf_4_0_0_clk/X (sky130_fd_sc_hd__clkbuf_8)
                                                         clknet_4_0_0_clk (net)
                      0.142004    0.005017    0.565595 ^ _3153_/CLK (sky130_fd_sc_hd__dfrtp_1)
                                  0.500000    1.065595   clock uncertainty
                                  0.000000    1.065595   clock reconvergence pessimism
                                 -0.024893    1.040702   library hold time
                                              1.040702   data required time
---------------------------------------------------------------------------------------------
                                              1.040702   data required time
                                             -1.652140   data arrival time
---------------------------------------------------------------------------------------------
                                              0.611438   slack (MET)


Startpoint: _3113_ (rising edge-triggered flip-flop clocked by clk)
Endpoint: _3097_ (rising edge-triggered flip-flop clocked by clk)
Path Group: clk
Path Type: min

Fanout         Cap        Slew       Delay        Time   Description
---------------------------------------------------------------------------------------------
                                  0.000000    0.000000   clock clk (rise edge)
                                  0.000000    0.000000   clock source latency
     1    0.027657    0.129514    0.090739    0.090739 ^ clk (in)
                                                         clk (net)
                      0.129618    0.000000    0.090739 ^ clkbuf_0_clk/A (sky130_fd_sc_hd__clkbuf_16)
    16    0.122912    0.136331    0.228671    0.319410 ^ clkbuf_0_clk/X (sky130_fd_sc_hd__clkbuf_16)
                                                         clknet_0_clk (net)
                      0.136864    0.006872    0.326283 ^ clkbuf_4_7_0_clk/A (sky130_fd_sc_hd__clkbuf_8)
    17    0.070425    0.131162    0.223806    0.550088 ^ clkbuf_4_7_0_clk/X (sky130_fd_sc_hd__clkbuf_8)
                                                         clknet_4_7_0_clk (net)
                      0.131726    0.006972    0.557060 ^ _3113_/CLK (sky130_fd_sc_hd__dfrtp_1)
     2    0.006383    0.072571    0.370837    0.927897 ^ _3113_/Q (sky130_fd_sc_hd__dfrtp_1)
                                                         shift_in[2] (net)
                      0.072572    0.000386    0.928283 ^ hold162/A (sky130_fd_sc_hd__dlygate4sd3_1)
     3    0.008726    0.104202    0.589565    1.517849 ^ hold162/X (sky130_fd_sc_hd__dlygate4sd3_1)
                                                         net167 (net)
                      0.104301    0.000337    1.518186 ^ _2137_/A0 (sky130_fd_sc_hd__mux2_1)
     1    0.002467    0.038813    0.132101    1.650287 ^ _2137_/X (sky130_fd_sc_hd__mux2_1)
                                                         _0356_ (net)
                      0.038813    0.000171    1.650458 ^ _3097_/D (sky130_fd_sc_hd__dfrtp_4)
                                              1.650458   data arrival time

                                  0.000000    0.000000   clock clk (rise edge)
                                  0.000000    0.000000   clock source latency
     1    0.027657    0.129514    0.090739    0.090739 ^ clk (in)
                                                         clk (net)
                      0.129618    0.000000    0.090739 ^ clkbuf_0_clk/A (sky130_fd_sc_hd__clkbuf_16)
    16    0.122912    0.136331    0.228671    0.319410 ^ clkbuf_0_clk/X (sky130_fd_sc_hd__clkbuf_16)
                                                         clknet_0_clk (net)
                      0.136864    0.006872    0.326283 ^ clkbuf_4_7_0_clk/A (sky130_fd_sc_hd__clkbuf_8)
    17    0.070425    0.131162    0.223806    0.550088 ^ clkbuf_4_7_0_clk/X (sky130_fd_sc_hd__clkbuf_8)
                                                         clknet_4_7_0_clk (net)
                      0.131716    0.006909    0.556998 ^ _3097_/CLK (sky130_fd_sc_hd__dfrtp_4)
                                  0.500000    1.056998   clock uncertainty
                                  0.000000    1.056998   clock reconvergence pessimism
                                 -0.021632    1.035366   library hold time
                                              1.035366   data required time
---------------------------------------------------------------------------------------------
                                              1.035366   data required time
                                             -1.650458   data arrival time
---------------------------------------------------------------------------------------------
                                              0.615092   slack (MET)


Startpoint: _3093_ (rising edge-triggered flip-flop clocked by clk)
Endpoint: _3059_ (rising edge-triggered flip-flop clocked by clk)
Path Group: clk
Path Type: min

Fanout         Cap        Slew       Delay        Time   Description
---------------------------------------------------------------------------------------------
                                  0.000000    0.000000   clock clk (rise edge)
                                  0.000000    0.000000   clock source latency
     1    0.027657    0.129514    0.090739    0.090739 ^ clk (in)
                                                         clk (net)
                      0.129618    0.000000    0.090739 ^ clkbuf_0_clk/A (sky130_fd_sc_hd__clkbuf_16)
    16    0.122912    0.136331    0.228671    0.319410 ^ clkbuf_0_clk/X (sky130_fd_sc_hd__clkbuf_16)
                                                         clknet_0_clk (net)
                      0.137109    0.008249    0.327659 ^ clkbuf_4_3_0_clk/A (sky130_fd_sc_hd__clkbuf_8)
    11    0.060066    0.113828    0.212789    0.540448 ^ clkbuf_4_3_0_clk/X (sky130_fd_sc_hd__clkbuf_8)
                                                         clknet_4_3_0_clk (net)
                      0.113886    0.002401    0.542849 ^ _3093_/CLK (sky130_fd_sc_hd__dfrtp_4)
     7    0.032689    0.120878    0.487207    1.030056 ^ _3093_/Q (sky130_fd_sc_hd__dfrtp_4)
                                                         acc_reg[14] (net)
                      0.121008    0.003524    1.033580 ^ _2278_/A2 (sky130_fd_sc_hd__a21oi_4)
    20    0.099055    0.130832    0.192445    1.226025 v _2278_/Y (sky130_fd_sc_hd__a21oi_4)
                                                         _0604_ (net)
                      0.135397    0.019256    1.245281 v _2279_/A (sky130_fd_sc_hd__inv_2)
     4    0.014818    0.080437    0.118149    1.363431 ^ _2279_/Y (sky130_fd_sc_hd__inv_2)
                                                         _0605_ (net)
                      0.080443    0.000787    1.364218 ^ _2281_/B (sky130_fd_sc_hd__nor2_2)
     9    0.038034    0.091411    0.099911    1.464129 v _2281_/Y (sky130_fd_sc_hd__nor2_2)
                                                         _0607_ (net)
                      0.091550    0.002948    1.467077 v _2282_/B1 (sky130_fd_sc_hd__a21o_1)
     1    0.003252    0.033373    0.168188    1.635264 v _2282_/X (sky130_fd_sc_hd__a21o_1)
                                                         _0318_ (net)
                      0.033373    0.000200    1.635465 v _3059_/D (sky130_fd_sc_hd__dfrtp_4)
                                              1.635465   data arrival time

                                  0.000000    0.000000   clock clk (rise edge)
                                  0.000000    0.000000   clock source latency
     1    0.027657    0.129514    0.090739    0.090739 ^ clk (in)
                                                         clk (net)
                      0.129618    0.000000    0.090739 ^ clkbuf_0_clk/A (sky130_fd_sc_hd__clkbuf_16)
    16    0.122912    0.136331    0.228671    0.319410 ^ clkbuf_0_clk/X (sky130_fd_sc_hd__clkbuf_16)
                                                         clknet_0_clk (net)
                      0.137077    0.008081    0.327492 ^ clkbuf_4_12_0_clk/A (sky130_fd_sc_hd__clkbuf_8)
     8    0.059104    0.112861    0.211188    0.538679 ^ clkbuf_4_12_0_clk/X (sky130_fd_sc_hd__clkbuf_8)
                                                         clknet_4_12_0_clk (net)
                      0.113019    0.002858    0.541537 ^ _3059_/CLK (sky130_fd_sc_hd__dfrtp_4)
                                  0.500000    1.041537   clock uncertainty
                                  0.000000    1.041537   clock reconvergence pessimism
                                 -0.021822    1.019715   library hold time
                                              1.019715   data required time
---------------------------------------------------------------------------------------------
                                              1.019715   data required time
                                             -1.635465   data arrival time
---------------------------------------------------------------------------------------------
                                              0.615750   slack (MET)


Startpoint: _3112_ (rising edge-triggered flip-flop clocked by clk)
Endpoint: _3112_ (rising edge-triggered flip-flop clocked by clk)
Path Group: clk
Path Type: min

Fanout         Cap        Slew       Delay        Time   Description
---------------------------------------------------------------------------------------------
                                  0.000000    0.000000   clock clk (rise edge)
                                  0.000000    0.000000   clock source latency
     1    0.027657    0.129514    0.090739    0.090739 ^ clk (in)
                                                         clk (net)
                      0.129618    0.000000    0.090739 ^ clkbuf_0_clk/A (sky130_fd_sc_hd__clkbuf_16)
    16    0.122912    0.136331    0.228671    0.319410 ^ clkbuf_0_clk/X (sky130_fd_sc_hd__clkbuf_16)
                                                         clknet_0_clk (net)
                      0.136820    0.006591    0.326001 ^ clkbuf_4_5_0_clk/A (sky130_fd_sc_hd__clkbuf_8)
    10    0.064582    0.121004    0.218024    0.544025 ^ clkbuf_4_5_0_clk/X (sky130_fd_sc_hd__clkbuf_8)
                                                         clknet_4_5_0_clk (net)
                      0.121296    0.004366    0.548391 ^ _3112_/CLK (sky130_fd_sc_hd__dfrtp_1)
     3    0.008961    0.092389    0.384866    0.933258 ^ _3112_/Q (sky130_fd_sc_hd__dfrtp_1)
                                                         shift_in[1] (net)
                      0.092389    0.000364    0.933621 ^ hold147/A (sky130_fd_sc_hd__dlygate4sd3_1)
     2    0.006349    0.083883    0.577000    1.510621 ^ hold147/X (sky130_fd_sc_hd__dlygate4sd3_1)
                                                         net152 (net)
                      0.083883    0.000368    1.510989 ^ _2119_/A1 (sky130_fd_sc_hd__mux2_1)
     1    0.002707    0.040734    0.129625    1.640614 ^ _2119_/X (sky130_fd_sc_hd__mux2_1)
                                                         _0208_ (net)
                      0.040734    0.000187    1.640801 ^ _3112_/D (sky130_fd_sc_hd__dfrtp_1)
                                              1.640801   data arrival time

                                  0.000000    0.000000   clock clk (rise edge)
                                  0.000000    0.000000   clock source latency
     1    0.027657    0.129514    0.090739    0.090739 ^ clk (in)
                                                         clk (net)
                      0.129618    0.000000    0.090739 ^ clkbuf_0_clk/A (sky130_fd_sc_hd__clkbuf_16)
    16    0.122912    0.136331    0.228671    0.319410 ^ clkbuf_0_clk/X (sky130_fd_sc_hd__clkbuf_16)
                                                         clknet_0_clk (net)
                      0.136820    0.006591    0.326001 ^ clkbuf_4_5_0_clk/A (sky130_fd_sc_hd__clkbuf_8)
    10    0.064582    0.121004    0.218024    0.544025 ^ clkbuf_4_5_0_clk/X (sky130_fd_sc_hd__clkbuf_8)
                                                         clknet_4_5_0_clk (net)
                      0.121296    0.004366    0.548391 ^ _3112_/CLK (sky130_fd_sc_hd__dfrtp_1)
                                  0.500000    1.048391   clock uncertainty
                                  0.000000    1.048391   clock reconvergence pessimism
                                 -0.023453    1.024938   library hold time
                                              1.024938   data required time
---------------------------------------------------------------------------------------------
                                              1.024938   data required time
                                             -1.640801   data arrival time
---------------------------------------------------------------------------------------------
                                              0.615863   slack (MET)


Startpoint: _3114_ (rising edge-triggered flip-flop clocked by clk)
Endpoint: _3114_ (rising edge-triggered flip-flop clocked by clk)
Path Group: clk
Path Type: min

Fanout         Cap        Slew       Delay        Time   Description
---------------------------------------------------------------------------------------------
                                  0.000000    0.000000   clock clk (rise edge)
                                  0.000000    0.000000   clock source latency
     1    0.027657    0.129514    0.090739    0.090739 ^ clk (in)
                                                         clk (net)
                      0.129618    0.000000    0.090739 ^ clkbuf_0_clk/A (sky130_fd_sc_hd__clkbuf_16)
    16    0.122912    0.136331    0.228671    0.319410 ^ clkbuf_0_clk/X (sky130_fd_sc_hd__clkbuf_16)
                                                         clknet_0_clk (net)
                      0.136820    0.006591    0.326001 ^ clkbuf_4_5_0_clk/A (sky130_fd_sc_hd__clkbuf_8)
    10    0.064582    0.121004    0.218024    0.544025 ^ clkbuf_4_5_0_clk/X (sky130_fd_sc_hd__clkbuf_8)
                                                         clknet_4_5_0_clk (net)
                      0.121313    0.004517    0.548543 ^ _3114_/CLK (sky130_fd_sc_hd__dfrtp_1)
     2    0.007014    0.077550    0.371815    0.920357 ^ _3114_/Q (sky130_fd_sc_hd__dfrtp_1)
                                                         shift_in[3] (net)
                      0.077550    0.000369    0.920726 ^ hold166/A (sky130_fd_sc_hd__dlygate4sd3_1)
     3    0.008211    0.100130    0.586958    1.507684 ^ hold166/X (sky130_fd_sc_hd__dlygate4sd3_1)
                                                         net171 (net)
                      0.100239    0.000492    1.508176 ^ _2117_/A1 (sky130_fd_sc_hd__mux2_1)
     1    0.002652    0.040321    0.134755    1.642931 ^ _2117_/X (sky130_fd_sc_hd__mux2_1)
                                                         _0210_ (net)
                      0.040321    0.000175    1.643107 ^ _3114_/D (sky130_fd_sc_hd__dfrtp_1)
                                              1.643107   data arrival time

                                  0.000000    0.000000   clock clk (rise edge)
                                  0.000000    0.000000   clock source latency
     1    0.027657    0.129514    0.090739    0.090739 ^ clk (in)
                                                         clk (net)
                      0.129618    0.000000    0.090739 ^ clkbuf_0_clk/A (sky130_fd_sc_hd__clkbuf_16)
    16    0.122912    0.136331    0.228671    0.319410 ^ clkbuf_0_clk/X (sky130_fd_sc_hd__clkbuf_16)
                                                         clknet_0_clk (net)
                      0.136820    0.006591    0.326001 ^ clkbuf_4_5_0_clk/A (sky130_fd_sc_hd__clkbuf_8)
    10    0.064582    0.121004    0.218024    0.544025 ^ clkbuf_4_5_0_clk/X (sky130_fd_sc_hd__clkbuf_8)
                                                         clknet_4_5_0_clk (net)
                      0.121313    0.004517    0.548543 ^ _3114_/CLK (sky130_fd_sc_hd__dfrtp_1)
                                  0.500000    1.048543   clock uncertainty
                                  0.000000    1.048543   clock reconvergence pessimism
                                 -0.023365    1.025178   library hold time
                                              1.025178   data required time
---------------------------------------------------------------------------------------------
                                              1.025178   data required time
                                             -1.643107   data arrival time
---------------------------------------------------------------------------------------------
                                              0.617929   slack (MET)


Startpoint: _3075_ (rising edge-triggered flip-flop clocked by clk)
Endpoint: _3075_ (rising edge-triggered flip-flop clocked by clk)
Path Group: clk
Path Type: min

Fanout         Cap        Slew       Delay        Time   Description
---------------------------------------------------------------------------------------------
                                  0.000000    0.000000   clock clk (rise edge)
                                  0.000000    0.000000   clock source latency
     1    0.027657    0.129514    0.090739    0.090739 ^ clk (in)
                                                         clk (net)
                      0.129618    0.000000    0.090739 ^ clkbuf_0_clk/A (sky130_fd_sc_hd__clkbuf_16)
    16    0.122912    0.136331    0.228671    0.319410 ^ clkbuf_0_clk/X (sky130_fd_sc_hd__clkbuf_16)
                                                         clknet_0_clk (net)
                      0.137076    0.008079    0.327489 ^ clkbuf_4_11_0_clk/A (sky130_fd_sc_hd__clkbuf_8)
    13    0.059228    0.112479    0.212100    0.539589 ^ clkbuf_4_11_0_clk/X (sky130_fd_sc_hd__clkbuf_8)
                                                         clknet_4_11_0_clk (net)
                      0.112565    0.002817    0.542406 ^ _3075_/CLK (sky130_fd_sc_hd__dfrtp_1)
     4    0.014357    0.136063    0.414311    0.956717 ^ _3075_/Q (sky130_fd_sc_hd__dfrtp_1)
                                                         my_sum_sub.cm_exp[5] (net)
                      0.136063    0.000654    0.957371 ^ _2166_/A0 (sky130_fd_sc_hd__mux2_1)
     1    0.002362    0.038014    0.140839    1.098210 ^ _2166_/X (sky130_fd_sc_hd__mux2_1)
                                                         _0334_ (net)
                      0.038014    0.000113    1.098323 ^ hold113/A (sky130_fd_sc_hd__dlygate4sd3_1)
     1    0.003154    0.055943    0.535826    1.634149 ^ hold113/X (sky130_fd_sc_hd__dlygate4sd3_1)
                                                         net118 (net)
                      0.055943    0.000232    1.634381 ^ _3075_/D (sky130_fd_sc_hd__dfrtp_1)
                                              1.634381   data arrival time

                                  0.000000    0.000000   clock clk (rise edge)
                                  0.000000    0.000000   clock source latency
     1    0.027657    0.129514    0.090739    0.090739 ^ clk (in)
                                                         clk (net)
                      0.129618    0.000000    0.090739 ^ clkbuf_0_clk/A (sky130_fd_sc_hd__clkbuf_16)
    16    0.122912    0.136331    0.228671    0.319410 ^ clkbuf_0_clk/X (sky130_fd_sc_hd__clkbuf_16)
                                                         clknet_0_clk (net)
                      0.137076    0.008079    0.327489 ^ clkbuf_4_11_0_clk/A (sky130_fd_sc_hd__clkbuf_8)
    13    0.059228    0.112479    0.212100    0.539589 ^ clkbuf_4_11_0_clk/X (sky130_fd_sc_hd__clkbuf_8)
                                                         clknet_4_11_0_clk (net)
                      0.112565    0.002817    0.542406 ^ _3075_/CLK (sky130_fd_sc_hd__dfrtp_1)
                                  0.500000    1.042406   clock uncertainty
                                  0.000000    1.042406   clock reconvergence pessimism
                                 -0.027807    1.014599   library hold time
                                              1.014599   data required time
---------------------------------------------------------------------------------------------
                                              1.014599   data required time
                                             -1.634381   data arrival time
---------------------------------------------------------------------------------------------
                                              0.619781   slack (MET)


Startpoint: _3076_ (rising edge-triggered flip-flop clocked by clk)
Endpoint: _3023_ (rising edge-triggered flip-flop clocked by clk)
Path Group: clk
Path Type: min

Fanout         Cap        Slew       Delay        Time   Description
---------------------------------------------------------------------------------------------
                                  0.000000    0.000000   clock clk (rise edge)
                                  0.000000    0.000000   clock source latency
     1    0.027657    0.129514    0.090739    0.090739 ^ clk (in)
                                                         clk (net)
                      0.129618    0.000000    0.090739 ^ clkbuf_0_clk/A (sky130_fd_sc_hd__clkbuf_16)
    16    0.122912    0.136331    0.228671    0.319410 ^ clkbuf_0_clk/X (sky130_fd_sc_hd__clkbuf_16)
                                                         clknet_0_clk (net)
                      0.137076    0.008079    0.327489 ^ clkbuf_4_11_0_clk/A (sky130_fd_sc_hd__clkbuf_8)
    13    0.059228    0.112479    0.212100    0.539589 ^ clkbuf_4_11_0_clk/X (sky130_fd_sc_hd__clkbuf_8)
                                                         clknet_4_11_0_clk (net)
                      0.112544    0.002495    0.542085 ^ _3076_/CLK (sky130_fd_sc_hd__dfrtp_2)
     6    0.024011    0.088882    0.468854    1.010939 v _3076_/Q (sky130_fd_sc_hd__dfrtp_2)
                                                         my_sum_sub.cm_exp[6] (net)
                      0.088911    0.001542    1.012480 v _2637_/B2 (sky130_fd_sc_hd__o32a_1)
     2    0.006246    0.060100    0.187683    1.200163 v _2637_/X (sky130_fd_sc_hd__o32a_1)
                                                         _0936_ (net)
                      0.060100    0.000231    1.200395 v _2670_/B (sky130_fd_sc_hd__nand2_1)
     1    0.004769    0.056706    0.080074    1.280468 ^ _2670_/Y (sky130_fd_sc_hd__nand2_1)
                                                         _0960_ (net)
                      0.056707    0.000315    1.280783 ^ _2671_/C (sky130_fd_sc_hd__or4_4)
     7    0.025657    0.084670    0.158807    1.439590 ^ _2671_/X (sky130_fd_sc_hd__or4_4)
                                                         _0961_ (net)
                      0.084685    0.001146    1.440736 ^ _2673_/A2 (sky130_fd_sc_hd__a32o_1)
     1    0.005441    0.072111    0.182334    1.623070 ^ _2673_/X (sky130_fd_sc_hd__a32o_1)
                                                         _0282_ (net)
                      0.072111    0.000378    1.623448 ^ _3023_/D (sky130_fd_sc_hd__dfrtp_1)
                                              1.623448   data arrival time

                                  0.000000    0.000000   clock clk (rise edge)
                                  0.000000    0.000000   clock source latency
     1    0.027657    0.129514    0.090739    0.090739 ^ clk (in)
                                                         clk (net)
                      0.129618    0.000000    0.090739 ^ clkbuf_0_clk/A (sky130_fd_sc_hd__clkbuf_16)
    16    0.122912    0.136331    0.228671    0.319410 ^ clkbuf_0_clk/X (sky130_fd_sc_hd__clkbuf_16)
                                                         clknet_0_clk (net)
                      0.137091    0.008157    0.327568 ^ clkbuf_4_10_0_clk/A (sky130_fd_sc_hd__clkbuf_8)
    10    0.054057    0.104280    0.205777    0.533344 ^ clkbuf_4_10_0_clk/X (sky130_fd_sc_hd__clkbuf_8)
                                                         clknet_4_10_0_clk (net)
                      0.104316    0.001870    0.535214 ^ _3023_/CLK (sky130_fd_sc_hd__dfrtp_1)
                                  0.500000    1.035214   clock uncertainty
                                  0.000000    1.035214   clock reconvergence pessimism
                                 -0.032301    1.002913   library hold time
                                              1.002913   data required time
---------------------------------------------------------------------------------------------
                                              1.002913   data required time
                                             -1.623448   data arrival time
---------------------------------------------------------------------------------------------
                                              0.620535   slack (MET)


Startpoint: _3043_ (rising edge-triggered flip-flop clocked by clk)
Endpoint: _3043_ (rising edge-triggered flip-flop clocked by clk)
Path Group: clk
Path Type: min

Fanout         Cap        Slew       Delay        Time   Description
---------------------------------------------------------------------------------------------
                                  0.000000    0.000000   clock clk (rise edge)
                                  0.000000    0.000000   clock source latency
     1    0.027657    0.129514    0.090739    0.090739 ^ clk (in)
                                                         clk (net)
                      0.129618    0.000000    0.090739 ^ clkbuf_0_clk/A (sky130_fd_sc_hd__clkbuf_16)
    16    0.122912    0.136331    0.228671    0.319410 ^ clkbuf_0_clk/X (sky130_fd_sc_hd__clkbuf_16)
                                                         clknet_0_clk (net)
                      0.137236    0.008877    0.328287 ^ clkbuf_4_15_0_clk/A (sky130_fd_sc_hd__clkbuf_8)
    13    0.066123    0.124153    0.219272    0.547559 ^ clkbuf_4_15_0_clk/X (sky130_fd_sc_hd__clkbuf_8)
                                                         clknet_4_15_0_clk (net)
                      0.124329    0.003179    0.550738 ^ _3043_/CLK (sky130_fd_sc_hd__dfrtp_1)
     4    0.011513    0.112672    0.401606    0.952345 ^ _3043_/Q (sky130_fd_sc_hd__dfrtp_1)
                                                         my_sum_sub.al_ma[2] (net)
                      0.112672    0.000485    0.952829 ^ hold201/A (sky130_fd_sc_hd__dlygate4sd3_1)
     1    0.003863    0.062491    0.563720    1.516549 ^ hold201/X (sky130_fd_sc_hd__dlygate4sd3_1)
                                                         net206 (net)
                      0.062497    0.000275    1.516824 ^ _2378_/A2 (sky130_fd_sc_hd__a221o_1)
     1    0.002398    0.037926    0.134723    1.651547 ^ _2378_/X (sky130_fd_sc_hd__a221o_1)
                                                         _0302_ (net)
                      0.037927    0.000176    1.651723 ^ _3043_/D (sky130_fd_sc_hd__dfrtp_1)
                                              1.651723   data arrival time

                                  0.000000    0.000000   clock clk (rise edge)
                                  0.000000    0.000000   clock source latency
     1    0.027657    0.129514    0.090739    0.090739 ^ clk (in)
                                                         clk (net)
                      0.129618    0.000000    0.090739 ^ clkbuf_0_clk/A (sky130_fd_sc_hd__clkbuf_16)
    16    0.122912    0.136331    0.228671    0.319410 ^ clkbuf_0_clk/X (sky130_fd_sc_hd__clkbuf_16)
                                                         clknet_0_clk (net)
                      0.137236    0.008877    0.328287 ^ clkbuf_4_15_0_clk/A (sky130_fd_sc_hd__clkbuf_8)
    13    0.066123    0.124153    0.219272    0.547559 ^ clkbuf_4_15_0_clk/X (sky130_fd_sc_hd__clkbuf_8)
                                                         clknet_4_15_0_clk (net)
                      0.124329    0.003179    0.550738 ^ _3043_/CLK (sky130_fd_sc_hd__dfrtp_1)
                                  0.500000    1.050738   clock uncertainty
                                  0.000000    1.050738   clock reconvergence pessimism
                                 -0.022456    1.028282   library hold time
                                              1.028282   data required time
---------------------------------------------------------------------------------------------
                                              1.028282   data required time
                                             -1.651723   data arrival time
---------------------------------------------------------------------------------------------
                                              0.623441   slack (MET)


Startpoint: _3014_ (rising edge-triggered flip-flop clocked by clk)
Endpoint: _3015_ (rising edge-triggered flip-flop clocked by clk)
Path Group: clk
Path Type: min

Fanout         Cap        Slew       Delay        Time   Description
---------------------------------------------------------------------------------------------
                                  0.000000    0.000000   clock clk (rise edge)
                                  0.000000    0.000000   clock source latency
     1    0.027657    0.129514    0.090739    0.090739 ^ clk (in)
                                                         clk (net)
                      0.129618    0.000000    0.090739 ^ clkbuf_0_clk/A (sky130_fd_sc_hd__clkbuf_16)
    16    0.122912    0.136331    0.228671    0.319410 ^ clkbuf_0_clk/X (sky130_fd_sc_hd__clkbuf_16)
                                                         clknet_0_clk (net)
                      0.137207    0.008737    0.328148 ^ clkbuf_4_2_0_clk/A (sky130_fd_sc_hd__clkbuf_8)
    18    0.073380    0.135996    0.226742    0.554890 ^ clkbuf_4_2_0_clk/X (sky130_fd_sc_hd__clkbuf_8)
                                                         clknet_4_2_0_clk (net)
                      0.136677    0.007811    0.562701 ^ _3014_/CLK (sky130_fd_sc_hd__dfrtp_1)
     3    0.011863    0.115592    0.407287    0.969988 ^ _3014_/Q (sky130_fd_sc_hd__dfrtp_1)
                                                         div_quotient[4] (net)
                      0.115597    0.000941    0.970929 ^ _2694_/A1 (sky130_fd_sc_hd__a22o_1)
     1    0.003366    0.048919    0.150617    1.121546 ^ _2694_/X (sky130_fd_sc_hd__a22o_1)
                                                         _0274_ (net)
                      0.048920    0.000254    1.121801 ^ hold161/A (sky130_fd_sc_hd__dlygate4sd3_1)
     1    0.003109    0.055570    0.539003    1.660804 ^ hold161/X (sky130_fd_sc_hd__dlygate4sd3_1)
                                                         net166 (net)
                      0.055570    0.000200    1.661004 ^ _3015_/D (sky130_fd_sc_hd__dfrtp_1)
                                              1.661004   data arrival time

                                  0.000000    0.000000   clock clk (rise edge)
                                  0.000000    0.000000   clock source latency
     1    0.027657    0.129514    0.090739    0.090739 ^ clk (in)
                                                         clk (net)
                      0.129618    0.000000    0.090739 ^ clkbuf_0_clk/A (sky130_fd_sc_hd__clkbuf_16)
    16    0.122912    0.136331    0.228671    0.319410 ^ clkbuf_0_clk/X (sky130_fd_sc_hd__clkbuf_16)
                                                         clknet_0_clk (net)
                      0.137207    0.008737    0.328148 ^ clkbuf_4_2_0_clk/A (sky130_fd_sc_hd__clkbuf_8)
    18    0.073380    0.135996    0.226742    0.554890 ^ clkbuf_4_2_0_clk/X (sky130_fd_sc_hd__clkbuf_8)
                                                         clknet_4_2_0_clk (net)
                      0.136369    0.005844    0.560734 ^ _3015_/CLK (sky130_fd_sc_hd__dfrtp_1)
                                  0.500000    1.060734   clock uncertainty
                                  0.000000    1.060734   clock reconvergence pessimism
                                 -0.024470    1.036264   library hold time
                                              1.036264   data required time
---------------------------------------------------------------------------------------------
                                              1.036264   data required time
                                             -1.661004   data arrival time
---------------------------------------------------------------------------------------------
                                              0.624740   slack (MET)


Startpoint: _3168_ (rising edge-triggered flip-flop clocked by clk)
Endpoint: _3157_ (rising edge-triggered flip-flop clocked by clk)
Path Group: clk
Path Type: min

Fanout         Cap        Slew       Delay        Time   Description
---------------------------------------------------------------------------------------------
                                  0.000000    0.000000   clock clk (rise edge)
                                  0.000000    0.000000   clock source latency
     1    0.027657    0.129514    0.090739    0.090739 ^ clk (in)
                                                         clk (net)
                      0.129618    0.000000    0.090739 ^ clkbuf_0_clk/A (sky130_fd_sc_hd__clkbuf_16)
    16    0.122912    0.136331    0.228671    0.319410 ^ clkbuf_0_clk/X (sky130_fd_sc_hd__clkbuf_16)
                                                         clknet_0_clk (net)
                      0.137286    0.009113    0.328524 ^ clkbuf_4_0_0_clk/A (sky130_fd_sc_hd__clkbuf_8)
    24    0.077983    0.141740    0.232054    0.560578 ^ clkbuf_4_0_0_clk/X (sky130_fd_sc_hd__clkbuf_8)
                                                         clknet_4_0_0_clk (net)
                      0.142715    0.009435    0.570012 ^ _3168_/CLK (sky130_fd_sc_hd__dfstp_4)
    11    0.037618    0.077483    0.536530    1.106543 v _3168_/Q (sky130_fd_sc_hd__dfstp_4)
                                                         ss_s1 (net)
                      0.077764    0.003622    1.110165 v _2788_/A (sky130_fd_sc_hd__nor2_1)
     2    0.008853    0.175015    0.182863    1.293028 ^ _2788_/Y (sky130_fd_sc_hd__nor2_1)
                                                         _1040_ (net)
                      0.175017    0.000534    1.293562 ^ _2791_/A2 (sky130_fd_sc_hd__a21bo_1)
     1    0.004866    0.050567    0.144906    1.438468 ^ _2791_/X (sky130_fd_sc_hd__a21bo_1)
                                                         _1043_ (net)
                      0.050569    0.000341    1.438809 ^ _2795_/A2 (sky130_fd_sc_hd__a22o_1)
     1    0.004170    0.054807    0.138355    1.577164 ^ _2795_/X (sky130_fd_sc_hd__a22o_1)
                                                         _1047_ (net)
                      0.054807    0.000289    1.577453 ^ _2796_/B1 (sky130_fd_sc_hd__a31o_1)
     1    0.003079    0.042470    0.092160    1.669613 ^ _2796_/X (sky130_fd_sc_hd__a31o_1)
                                                         _0010_ (net)
                      0.042471    0.000222    1.669835 ^ _3157_/D (sky130_fd_sc_hd__dfrtp_1)
                                              1.669835   data arrival time

                                  0.000000    0.000000   clock clk (rise edge)
                                  0.000000    0.000000   clock source latency
     1    0.027657    0.129514    0.090739    0.090739 ^ clk (in)
                                                         clk (net)
                      0.129618    0.000000    0.090739 ^ clkbuf_0_clk/A (sky130_fd_sc_hd__clkbuf_16)
    16    0.122912    0.136331    0.228671    0.319410 ^ clkbuf_0_clk/X (sky130_fd_sc_hd__clkbuf_16)
                                                         clknet_0_clk (net)
                      0.137286    0.009113    0.328524 ^ clkbuf_4_0_0_clk/A (sky130_fd_sc_hd__clkbuf_8)
    24    0.077983    0.141740    0.232054    0.560578 ^ clkbuf_4_0_0_clk/X (sky130_fd_sc_hd__clkbuf_8)
                                                         clknet_4_0_0_clk (net)
                      0.142021    0.005170    0.565748 ^ _3157_/CLK (sky130_fd_sc_hd__dfrtp_1)
                                  0.500000    1.065748   clock uncertainty
                                  0.000000    1.065748   clock reconvergence pessimism
                                 -0.020983    1.044765   library hold time
                                              1.044765   data required time
---------------------------------------------------------------------------------------------
                                              1.044765   data required time
                                             -1.669835   data arrival time
---------------------------------------------------------------------------------------------
                                              0.625070   slack (MET)


Startpoint: _3154_ (rising edge-triggered flip-flop clocked by clk)
Endpoint: _3145_ (rising edge-triggered flip-flop clocked by clk)
Path Group: clk
Path Type: min

Fanout         Cap        Slew       Delay        Time   Description
---------------------------------------------------------------------------------------------
                                  0.000000    0.000000   clock clk (rise edge)
                                  0.000000    0.000000   clock source latency
     1    0.027657    0.129514    0.090739    0.090739 ^ clk (in)
                                                         clk (net)
                      0.129618    0.000000    0.090739 ^ clkbuf_0_clk/A (sky130_fd_sc_hd__clkbuf_16)
    16    0.122912    0.136331    0.228671    0.319410 ^ clkbuf_0_clk/X (sky130_fd_sc_hd__clkbuf_16)
                                                         clknet_0_clk (net)
                      0.137286    0.009113    0.328524 ^ clkbuf_4_0_0_clk/A (sky130_fd_sc_hd__clkbuf_8)
    24    0.077983    0.141740    0.232054    0.560578 ^ clkbuf_4_0_0_clk/X (sky130_fd_sc_hd__clkbuf_8)
                                                         clknet_4_0_0_clk (net)
                      0.142141    0.006143    0.566720 ^ _3154_/CLK (sky130_fd_sc_hd__dfrtp_1)
     4    0.016691    0.155286    0.438091    1.004811 ^ _3154_/Q (sky130_fd_sc_hd__dfrtp_1)
                                                         state[2] (net)
                      0.155290    0.001021    1.005832 ^ _1517_/A (sky130_fd_sc_hd__nor2_1)
     4    0.012875    0.064257    0.111534    1.117367 v _1517_/Y (sky130_fd_sc_hd__nor2_1)
                                                         _1067_ (net)
                      0.064283    0.000581    1.117948 v _1521_/A2 (sky130_fd_sc_hd__o21a_1)
     1    0.005621    0.043059    0.184445    1.302393 v _1521_/X (sky130_fd_sc_hd__o21a_1)
                                                         _1071_ (net)
                      0.043063    0.000437    1.302829 v _1522_/A (sky130_fd_sc_hd__inv_2)
     3    0.010199    0.052458    0.063008    1.365837 ^ _1522_/Y (sky130_fd_sc_hd__inv_2)
                                                         _1072_ (net)
                      0.052467    0.000556    1.366393 ^ _1530_/A1 (sky130_fd_sc_hd__o21a_1)
     2    0.005978    0.067166    0.137253    1.503646 ^ _1530_/X (sky130_fd_sc_hd__o21a_1)
                                                         _1079_ (net)
                      0.067166    0.000277    1.503922 ^ _1534_/A_N (sky130_fd_sc_hd__and2b_1)
     1    0.002627    0.032176    0.173291    1.677213 v _1534_/X (sky130_fd_sc_hd__and2b_1)
                                                         _0241_ (net)
                      0.032176    0.000176    1.677389 v _3145_/D (sky130_fd_sc_hd__dfrtp_1)
                                              1.677389   data arrival time

                                  0.000000    0.000000   clock clk (rise edge)
                                  0.000000    0.000000   clock source latency
     1    0.027657    0.129514    0.090739    0.090739 ^ clk (in)
                                                         clk (net)
                      0.129618    0.000000    0.090739 ^ clkbuf_0_clk/A (sky130_fd_sc_hd__clkbuf_16)
    16    0.122912    0.136331    0.228671    0.319410 ^ clkbuf_0_clk/X (sky130_fd_sc_hd__clkbuf_16)
                                                         clknet_0_clk (net)
                      0.137286    0.009113    0.328524 ^ clkbuf_4_0_0_clk/A (sky130_fd_sc_hd__clkbuf_8)
    24    0.077983    0.141740    0.232054    0.560578 ^ clkbuf_4_0_0_clk/X (sky130_fd_sc_hd__clkbuf_8)
                                                         clknet_4_0_0_clk (net)
                      0.142569    0.008720    0.569298 ^ _3145_/CLK (sky130_fd_sc_hd__dfrtp_1)
                                  0.500000    1.069298   clock uncertainty
                                  0.000000    1.069298   clock reconvergence pessimism
                                 -0.018304    1.050993   library hold time
                                              1.050993   data required time
---------------------------------------------------------------------------------------------
                                              1.050993   data required time
                                             -1.677389   data arrival time
---------------------------------------------------------------------------------------------
                                              0.626395   slack (MET)


Startpoint: _3026_ (rising edge-triggered flip-flop clocked by clk)
Endpoint: _3026_ (rising edge-triggered flip-flop clocked by clk)
Path Group: clk
Path Type: min

Fanout         Cap        Slew       Delay        Time   Description
---------------------------------------------------------------------------------------------
                                  0.000000    0.000000   clock clk (rise edge)
                                  0.000000    0.000000   clock source latency
     1    0.027657    0.129514    0.090739    0.090739 ^ clk (in)
                                                         clk (net)
                      0.129618    0.000000    0.090739 ^ clkbuf_0_clk/A (sky130_fd_sc_hd__clkbuf_16)
    16    0.122912    0.136331    0.228671    0.319410 ^ clkbuf_0_clk/X (sky130_fd_sc_hd__clkbuf_16)
                                                         clknet_0_clk (net)
                      0.137076    0.008079    0.327489 ^ clkbuf_4_11_0_clk/A (sky130_fd_sc_hd__clkbuf_8)
    13    0.059228    0.112479    0.212100    0.539589 ^ clkbuf_4_11_0_clk/X (sky130_fd_sc_hd__clkbuf_8)
                                                         clknet_4_11_0_clk (net)
                      0.112572    0.002911    0.542500 ^ _3026_/CLK (sky130_fd_sc_hd__dfrtp_1)
     1    0.002386    0.042044    0.335675    0.878175 ^ _3026_/Q (sky130_fd_sc_hd__dfrtp_1)
                                                         my_sum_sub.result[9] (net)
                      0.042044    0.000174    0.878349 ^ hold164/A (sky130_fd_sc_hd__dlygate4sd3_1)
     2    0.013591    0.148936    0.613647    1.491996 ^ hold164/X (sky130_fd_sc_hd__dlygate4sd3_1)
                                                         net169 (net)
                      0.148936    0.000499    1.492495 ^ _2666_/A2 (sky130_fd_sc_hd__a22o_1)
     1    0.002330    0.039644    0.152686    1.645181 ^ _2666_/X (sky130_fd_sc_hd__a22o_1)
                                                         _0285_ (net)
                      0.039657    0.000108    1.645289 ^ _3026_/D (sky130_fd_sc_hd__dfrtp_1)
                                              1.645289   data arrival time

                                  0.000000    0.000000   clock clk (rise edge)
                                  0.000000    0.000000   clock source latency
     1    0.027657    0.129514    0.090739    0.090739 ^ clk (in)
                                                         clk (net)
                      0.129618    0.000000    0.090739 ^ clkbuf_0_clk/A (sky130_fd_sc_hd__clkbuf_16)
    16    0.122912    0.136331    0.228671    0.319410 ^ clkbuf_0_clk/X (sky130_fd_sc_hd__clkbuf_16)
                                                         clknet_0_clk (net)
                      0.137076    0.008079    0.327489 ^ clkbuf_4_11_0_clk/A (sky130_fd_sc_hd__clkbuf_8)
    13    0.059228    0.112479    0.212100    0.539589 ^ clkbuf_4_11_0_clk/X (sky130_fd_sc_hd__clkbuf_8)
                                                         clknet_4_11_0_clk (net)
                      0.112572    0.002911    0.542500 ^ _3026_/CLK (sky130_fd_sc_hd__dfrtp_1)
                                  0.500000    1.042500   clock uncertainty
                                  0.000000    1.042500   clock reconvergence pessimism
                                 -0.024420    1.018080   library hold time
                                              1.018080   data required time
---------------------------------------------------------------------------------------------
                                              1.018080   data required time
                                             -1.645289   data arrival time
---------------------------------------------------------------------------------------------
                                              0.627209   slack (MET)


Startpoint: _3082_ (rising edge-triggered flip-flop clocked by clk)
Endpoint: _3044_ (rising edge-triggered flip-flop clocked by clk)
Path Group: clk
Path Type: min

Fanout         Cap        Slew       Delay        Time   Description
---------------------------------------------------------------------------------------------
                                  0.000000    0.000000   clock clk (rise edge)
                                  0.000000    0.000000   clock source latency
     1    0.027657    0.129514    0.090739    0.090739 ^ clk (in)
                                                         clk (net)
                      0.129618    0.000000    0.090739 ^ clkbuf_0_clk/A (sky130_fd_sc_hd__clkbuf_16)
    16    0.122912    0.136331    0.228671    0.319410 ^ clkbuf_0_clk/X (sky130_fd_sc_hd__clkbuf_16)
                                                         clknet_0_clk (net)
                      0.136864    0.006872    0.326283 ^ clkbuf_4_7_0_clk/A (sky130_fd_sc_hd__clkbuf_8)
    17    0.070425    0.131162    0.223806    0.550088 ^ clkbuf_4_7_0_clk/X (sky130_fd_sc_hd__clkbuf_8)
                                                         clknet_4_7_0_clk (net)
                      0.131636    0.006414    0.556503 ^ _3082_/CLK (sky130_fd_sc_hd__dfrtp_4)
    22    0.112093    0.322417    0.648331    1.204834 ^ _3082_/Q (sky130_fd_sc_hd__dfrtp_4)
                                                         acc_reg[3] (net)
                      0.323353    0.013057    1.217891 ^ _2332_/A (sky130_fd_sc_hd__and2_1)
     2    0.007944    0.092188    0.214532    1.432422 ^ _2332_/X (sky130_fd_sc_hd__and2_1)
                                                         _0651_ (net)
                      0.092188    0.000377    1.432799 ^ _2375_/B (sky130_fd_sc_hd__and2_1)
     1    0.003005    0.047975    0.129639    1.562439 ^ _2375_/X (sky130_fd_sc_hd__and2_1)
                                                         _0686_ (net)
                      0.047976    0.000211    1.562650 ^ _2376_/C1 (sky130_fd_sc_hd__a221o_1)
     1    0.002370    0.037680    0.093366    1.656015 ^ _2376_/X (sky130_fd_sc_hd__a221o_1)
                                                         _0303_ (net)
                      0.037680    0.000108    1.656124 ^ _3044_/D (sky130_fd_sc_hd__dfrtp_1)
                                              1.656124   data arrival time

                                  0.000000    0.000000   clock clk (rise edge)
                                  0.000000    0.000000   clock source latency
     1    0.027657    0.129514    0.090739    0.090739 ^ clk (in)
                                                         clk (net)
                      0.129618    0.000000    0.090739 ^ clkbuf_0_clk/A (sky130_fd_sc_hd__clkbuf_16)
    16    0.122912    0.136331    0.228671    0.319410 ^ clkbuf_0_clk/X (sky130_fd_sc_hd__clkbuf_16)
                                                         clknet_0_clk (net)
                      0.137236    0.008877    0.328287 ^ clkbuf_4_15_0_clk/A (sky130_fd_sc_hd__clkbuf_8)
    13    0.066123    0.124153    0.219272    0.547559 ^ clkbuf_4_15_0_clk/X (sky130_fd_sc_hd__clkbuf_8)
                                                         clknet_4_15_0_clk (net)
                      0.124361    0.003577    0.551136 ^ _3044_/CLK (sky130_fd_sc_hd__dfrtp_1)
                                  0.500000    1.051136   clock uncertainty
                                  0.000000    1.051136   clock reconvergence pessimism
                                 -0.022400    1.028736   library hold time
                                              1.028736   data required time
---------------------------------------------------------------------------------------------
                                              1.028736   data required time
                                             -1.656124   data arrival time
---------------------------------------------------------------------------------------------
                                              0.627388   slack (MET)


Startpoint: _3085_ (rising edge-triggered flip-flop clocked by clk)
Endpoint: _3047_ (rising edge-triggered flip-flop clocked by clk)
Path Group: clk
Path Type: min

Fanout         Cap        Slew       Delay        Time   Description
---------------------------------------------------------------------------------------------
                                  0.000000    0.000000   clock clk (rise edge)
                                  0.000000    0.000000   clock source latency
     1    0.027657    0.129514    0.090739    0.090739 ^ clk (in)
                                                         clk (net)
                      0.129618    0.000000    0.090739 ^ clkbuf_0_clk/A (sky130_fd_sc_hd__clkbuf_16)
    16    0.122912    0.136331    0.228671    0.319410 ^ clkbuf_0_clk/X (sky130_fd_sc_hd__clkbuf_16)
                                                         clknet_0_clk (net)
                      0.136766    0.006233    0.325643 ^ clkbuf_4_6_0_clk/A (sky130_fd_sc_hd__clkbuf_8)
    12    0.059333    0.113222    0.211382    0.537026 ^ clkbuf_4_6_0_clk/X (sky130_fd_sc_hd__clkbuf_8)
                                                         clknet_4_6_0_clk (net)
                      0.113531    0.004394    0.541419 ^ _3085_/CLK (sky130_fd_sc_hd__dfrtp_4)
    20    0.087669    0.258730    0.597241    1.138661 ^ _3085_/Q (sky130_fd_sc_hd__dfrtp_4)
                                                         acc_reg[6] (net)
                      0.258909    0.006220    1.144881 ^ _2308_/A (sky130_fd_sc_hd__and2_2)
     3    0.041713    0.216609    0.333225    1.478106 ^ _2308_/X (sky130_fd_sc_hd__and2_2)
                                                         _0630_ (net)
                      0.216787    0.003904    1.482010 ^ _2370_/B2 (sky130_fd_sc_hd__a221o_1)
     1    0.003155    0.044203    0.175471    1.657481 ^ _2370_/X (sky130_fd_sc_hd__a221o_1)
                                                         _0306_ (net)
                      0.044204    0.000198    1.657679 ^ _3047_/D (sky130_fd_sc_hd__dfrtp_1)
                                              1.657679   data arrival time

                                  0.000000    0.000000   clock clk (rise edge)
                                  0.000000    0.000000   clock source latency
     1    0.027657    0.129514    0.090739    0.090739 ^ clk (in)
                                                         clk (net)
                      0.129618    0.000000    0.090739 ^ clkbuf_0_clk/A (sky130_fd_sc_hd__clkbuf_16)
    16    0.122912    0.136331    0.228671    0.319410 ^ clkbuf_0_clk/X (sky130_fd_sc_hd__clkbuf_16)
                                                         clknet_0_clk (net)
                      0.137236    0.008877    0.328287 ^ clkbuf_4_15_0_clk/A (sky130_fd_sc_hd__clkbuf_8)
    13    0.066123    0.124153    0.219272    0.547559 ^ clkbuf_4_15_0_clk/X (sky130_fd_sc_hd__clkbuf_8)
                                                         clknet_4_15_0_clk (net)
                      0.124390    0.003895    0.551454 ^ _3047_/CLK (sky130_fd_sc_hd__dfrtp_1)
                                  0.500000    1.051454   clock uncertainty
                                  0.000000    1.051454   clock reconvergence pessimism
                                 -0.023751    1.027703   library hold time
                                              1.027703   data required time
---------------------------------------------------------------------------------------------
                                              1.027703   data required time
                                             -1.657679   data arrival time
---------------------------------------------------------------------------------------------
                                              0.629976   slack (MET)


Startpoint: _3117_ (rising edge-triggered flip-flop clocked by clk)
Endpoint: _3117_ (rising edge-triggered flip-flop clocked by clk)
Path Group: clk
Path Type: min

Fanout         Cap        Slew       Delay        Time   Description
---------------------------------------------------------------------------------------------
                                  0.000000    0.000000   clock clk (rise edge)
                                  0.000000    0.000000   clock source latency
     1    0.027657    0.129514    0.090739    0.090739 ^ clk (in)
                                                         clk (net)
                      0.129618    0.000000    0.090739 ^ clkbuf_0_clk/A (sky130_fd_sc_hd__clkbuf_16)
    16    0.122912    0.136331    0.228671    0.319410 ^ clkbuf_0_clk/X (sky130_fd_sc_hd__clkbuf_16)
                                                         clknet_0_clk (net)
                      0.137286    0.009113    0.328524 ^ clkbuf_4_0_0_clk/A (sky130_fd_sc_hd__clkbuf_8)
    24    0.077983    0.141740    0.232054    0.560578 ^ clkbuf_4_0_0_clk/X (sky130_fd_sc_hd__clkbuf_8)
                                                         clknet_4_0_0_clk (net)
                      0.142039    0.005330    0.565908 ^ _3117_/CLK (sky130_fd_sc_hd__dfrtp_1)
     1    0.002118    0.039771    0.343208    0.909116 ^ _3117_/Q (sky130_fd_sc_hd__dfrtp_1)
                                                         shift_in[6] (net)
                      0.039771    0.000144    0.909260 ^ hold234/A (sky130_fd_sc_hd__dlygate4sd3_1)
     5    0.014138    0.153957    0.616720    1.525980 ^ hold234/X (sky130_fd_sc_hd__dlygate4sd3_1)
                                                         net239 (net)
                      0.153957    0.000655    1.526636 ^ _2114_/A1 (sky130_fd_sc_hd__mux2_1)
     1    0.002550    0.039555    0.149254    1.675890 ^ _2114_/X (sky130_fd_sc_hd__mux2_1)
                                                         _0213_ (net)
                      0.039555    0.000172    1.676062 ^ _3117_/D (sky130_fd_sc_hd__dfrtp_1)
                                              1.676062   data arrival time

                                  0.000000    0.000000   clock clk (rise edge)
                                  0.000000    0.000000   clock source latency
     1    0.027657    0.129514    0.090739    0.090739 ^ clk (in)
                                                         clk (net)
                      0.129618    0.000000    0.090739 ^ clkbuf_0_clk/A (sky130_fd_sc_hd__clkbuf_16)
    16    0.122912    0.136331    0.228671    0.319410 ^ clkbuf_0_clk/X (sky130_fd_sc_hd__clkbuf_16)
                                                         clknet_0_clk (net)
                      0.137286    0.009113    0.328524 ^ clkbuf_4_0_0_clk/A (sky130_fd_sc_hd__clkbuf_8)
    24    0.077983    0.141740    0.232054    0.560578 ^ clkbuf_4_0_0_clk/X (sky130_fd_sc_hd__clkbuf_8)
                                                         clknet_4_0_0_clk (net)
                      0.142039    0.005330    0.565908 ^ _3117_/CLK (sky130_fd_sc_hd__dfrtp_1)
                                  0.500000    1.065908   clock uncertainty
                                  0.000000    1.065908   clock reconvergence pessimism
                                 -0.020377    1.045531   library hold time
                                              1.045531   data required time
---------------------------------------------------------------------------------------------
                                              1.045531   data required time
                                             -1.676062   data arrival time
---------------------------------------------------------------------------------------------
                                              0.630531   slack (MET)


Startpoint: _3069_ (rising edge-triggered flip-flop clocked by clk)
Endpoint: _3069_ (rising edge-triggered flip-flop clocked by clk)
Path Group: clk
Path Type: min

Fanout         Cap        Slew       Delay        Time   Description
---------------------------------------------------------------------------------------------
                                  0.000000    0.000000   clock clk (rise edge)
                                  0.000000    0.000000   clock source latency
     1    0.027657    0.129514    0.090739    0.090739 ^ clk (in)
                                                         clk (net)
                      0.129618    0.000000    0.090739 ^ clkbuf_0_clk/A (sky130_fd_sc_hd__clkbuf_16)
    16    0.122912    0.136331    0.228671    0.319410 ^ clkbuf_0_clk/X (sky130_fd_sc_hd__clkbuf_16)
                                                         clknet_0_clk (net)
                      0.137077    0.008081    0.327492 ^ clkbuf_4_12_0_clk/A (sky130_fd_sc_hd__clkbuf_8)
     8    0.059104    0.112861    0.211188    0.538679 ^ clkbuf_4_12_0_clk/X (sky130_fd_sc_hd__clkbuf_8)
                                                         clknet_4_12_0_clk (net)
                      0.113071    0.003465    0.542145 ^ _3069_/CLK (sky130_fd_sc_hd__dfrtp_1)
     1    0.003347    0.049343    0.343807    0.885952 ^ _3069_/Q (sky130_fd_sc_hd__dfrtp_1)
                                                         my_sum_sub.cm_sign (net)
                      0.049346    0.000213    0.886165 ^ hold143/A (sky130_fd_sc_hd__dlygate4sd3_1)
     2    0.013516    0.148316    0.615406    1.501571 ^ hold143/X (sky130_fd_sc_hd__dlygate4sd3_1)
                                                         net148 (net)
                      0.148317    0.000664    1.502235 ^ _2173_/A0 (sky130_fd_sc_hd__mux2_1)
     1    0.002720    0.040852    0.146693    1.648928 ^ _2173_/X (sky130_fd_sc_hd__mux2_1)
                                                         _0328_ (net)
                      0.040852    0.000182    1.649110 ^ _3069_/D (sky130_fd_sc_hd__dfrtp_1)
                                              1.649110   data arrival time

                                  0.000000    0.000000   clock clk (rise edge)
                                  0.000000    0.000000   clock source latency
     1    0.027657    0.129514    0.090739    0.090739 ^ clk (in)
                                                         clk (net)
                      0.129618    0.000000    0.090739 ^ clkbuf_0_clk/A (sky130_fd_sc_hd__clkbuf_16)
    16    0.122912    0.136331    0.228671    0.319410 ^ clkbuf_0_clk/X (sky130_fd_sc_hd__clkbuf_16)
                                                         clknet_0_clk (net)
                      0.137077    0.008081    0.327492 ^ clkbuf_4_12_0_clk/A (sky130_fd_sc_hd__clkbuf_8)
     8    0.059104    0.112861    0.211188    0.538679 ^ clkbuf_4_12_0_clk/X (sky130_fd_sc_hd__clkbuf_8)
                                                         clknet_4_12_0_clk (net)
                      0.113071    0.003465    0.542145 ^ _3069_/CLK (sky130_fd_sc_hd__dfrtp_1)
                                  0.500000    1.042145   clock uncertainty
                                  0.000000    1.042145   clock reconvergence pessimism
                                 -0.024601    1.017544   library hold time
                                              1.017544   data required time
---------------------------------------------------------------------------------------------
                                              1.017544   data required time
                                             -1.649110   data arrival time
---------------------------------------------------------------------------------------------
                                              0.631566   slack (MET)


Startpoint: _3117_ (rising edge-triggered flip-flop clocked by clk)
Endpoint: _3116_ (rising edge-triggered flip-flop clocked by clk)
Path Group: clk
Path Type: min

Fanout         Cap        Slew       Delay        Time   Description
---------------------------------------------------------------------------------------------
                                  0.000000    0.000000   clock clk (rise edge)
                                  0.000000    0.000000   clock source latency
     1    0.027657    0.129514    0.090739    0.090739 ^ clk (in)
                                                         clk (net)
                      0.129618    0.000000    0.090739 ^ clkbuf_0_clk/A (sky130_fd_sc_hd__clkbuf_16)
    16    0.122912    0.136331    0.228671    0.319410 ^ clkbuf_0_clk/X (sky130_fd_sc_hd__clkbuf_16)
                                                         clknet_0_clk (net)
                      0.137286    0.009113    0.328524 ^ clkbuf_4_0_0_clk/A (sky130_fd_sc_hd__clkbuf_8)
    24    0.077983    0.141740    0.232054    0.560578 ^ clkbuf_4_0_0_clk/X (sky130_fd_sc_hd__clkbuf_8)
                                                         clknet_4_0_0_clk (net)
                      0.142039    0.005330    0.565908 ^ _3117_/CLK (sky130_fd_sc_hd__dfrtp_1)
     1    0.002118    0.039771    0.343208    0.909116 ^ _3117_/Q (sky130_fd_sc_hd__dfrtp_1)
                                                         shift_in[6] (net)
                      0.039771    0.000144    0.909260 ^ hold234/A (sky130_fd_sc_hd__dlygate4sd3_1)
     5    0.014138    0.153957    0.616720    1.525980 ^ hold234/X (sky130_fd_sc_hd__dlygate4sd3_1)
                                                         net239 (net)
                      0.153957    0.000664    1.526645 ^ _2115_/A0 (sky130_fd_sc_hd__mux2_1)
     1    0.002426    0.038637    0.145688    1.672333 ^ _2115_/X (sky130_fd_sc_hd__mux2_1)
                                                         _0212_ (net)
                      0.038642    0.000178    1.672510 ^ _3116_/D (sky130_fd_sc_hd__dfrtp_2)
                                              1.672510   data arrival time

                                  0.000000    0.000000   clock clk (rise edge)
                                  0.000000    0.000000   clock source latency
     1    0.027657    0.129514    0.090739    0.090739 ^ clk (in)
                                                         clk (net)
                      0.129618    0.000000    0.090739 ^ clkbuf_0_clk/A (sky130_fd_sc_hd__clkbuf_16)
    16    0.122912    0.136331    0.228671    0.319410 ^ clkbuf_0_clk/X (sky130_fd_sc_hd__clkbuf_16)
                                                         clknet_0_clk (net)
                      0.137305    0.009201    0.328612 ^ clkbuf_4_1_0_clk/A (sky130_fd_sc_hd__clkbuf_8)
    16    0.071217    0.132356    0.225099    0.553711 ^ clkbuf_4_1_0_clk/X (sky130_fd_sc_hd__clkbuf_8)
                                                         clknet_4_1_0_clk (net)
                      0.132653    0.004560    0.558271 ^ _3116_/CLK (sky130_fd_sc_hd__dfrtp_2)
                                  0.500000    1.058271   clock uncertainty
                                  0.000000    1.058271   clock reconvergence pessimism
                                 -0.021397    1.036874   library hold time
                                              1.036874   data required time
---------------------------------------------------------------------------------------------
                                              1.036874   data required time
                                             -1.672510   data arrival time
---------------------------------------------------------------------------------------------
                                              0.635637   slack (MET)


Startpoint: _3093_ (rising edge-triggered flip-flop clocked by clk)
Endpoint: _3037_ (rising edge-triggered flip-flop clocked by clk)
Path Group: clk
Path Type: min

Fanout         Cap        Slew       Delay        Time   Description
---------------------------------------------------------------------------------------------
                                  0.000000    0.000000   clock clk (rise edge)
                                  0.000000    0.000000   clock source latency
     1    0.027657    0.129514    0.090739    0.090739 ^ clk (in)
                                                         clk (net)
                      0.129618    0.000000    0.090739 ^ clkbuf_0_clk/A (sky130_fd_sc_hd__clkbuf_16)
    16    0.122912    0.136331    0.228671    0.319410 ^ clkbuf_0_clk/X (sky130_fd_sc_hd__clkbuf_16)
                                                         clknet_0_clk (net)
                      0.137109    0.008249    0.327659 ^ clkbuf_4_3_0_clk/A (sky130_fd_sc_hd__clkbuf_8)
    11    0.060066    0.113828    0.212789    0.540448 ^ clkbuf_4_3_0_clk/X (sky130_fd_sc_hd__clkbuf_8)
                                                         clknet_4_3_0_clk (net)
                      0.113886    0.002401    0.542849 ^ _3093_/CLK (sky130_fd_sc_hd__dfrtp_4)
     7    0.032689    0.120878    0.487207    1.030056 ^ _3093_/Q (sky130_fd_sc_hd__dfrtp_4)
                                                         acc_reg[14] (net)
                      0.121008    0.003524    1.033580 ^ _2278_/A2 (sky130_fd_sc_hd__a21oi_4)
    20    0.099055    0.130832    0.192445    1.226025 v _2278_/Y (sky130_fd_sc_hd__a21oi_4)
                                                         _0604_ (net)
                      0.135397    0.019256    1.245281 v _2279_/A (sky130_fd_sc_hd__inv_2)
     4    0.014818    0.080437    0.118149    1.363431 ^ _2279_/Y (sky130_fd_sc_hd__inv_2)
                                                         _0605_ (net)
                      0.080443    0.000787    1.364218 ^ _2281_/B (sky130_fd_sc_hd__nor2_2)
     9    0.038034    0.091411    0.099911    1.464129 v _2281_/Y (sky130_fd_sc_hd__nor2_2)
                                                         _0607_ (net)
                      0.091574    0.003181    1.467310 v _2389_/A2 (sky130_fd_sc_hd__a21o_1)
     1    0.002893    0.031755    0.189629    1.656938 v _2389_/X (sky130_fd_sc_hd__a21o_1)
                                                         _0296_ (net)
                      0.031755    0.000202    1.657141 v _3037_/D (sky130_fd_sc_hd__dfrtp_1)
                                              1.657141   data arrival time

                                  0.000000    0.000000   clock clk (rise edge)
                                  0.000000    0.000000   clock source latency
     1    0.027657    0.129514    0.090739    0.090739 ^ clk (in)
                                                         clk (net)
                      0.129618    0.000000    0.090739 ^ clkbuf_0_clk/A (sky130_fd_sc_hd__clkbuf_16)
    16    0.122912    0.136331    0.228671    0.319410 ^ clkbuf_0_clk/X (sky130_fd_sc_hd__clkbuf_16)
                                                         clknet_0_clk (net)
                      0.137076    0.008079    0.327489 ^ clkbuf_4_11_0_clk/A (sky130_fd_sc_hd__clkbuf_8)
    13    0.059228    0.112479    0.212100    0.539589 ^ clkbuf_4_11_0_clk/X (sky130_fd_sc_hd__clkbuf_8)
                                                         clknet_4_11_0_clk (net)
                      0.112592    0.003175    0.542764 ^ _3037_/CLK (sky130_fd_sc_hd__dfrtp_1)
                                  0.500000    1.042764   clock uncertainty
                                  0.000000    1.042764   clock reconvergence pessimism
                                 -0.024970    1.017794   library hold time
                                              1.017794   data required time
---------------------------------------------------------------------------------------------
                                              1.017794   data required time
                                             -1.657141   data arrival time
---------------------------------------------------------------------------------------------
                                              0.639346   slack (MET)


Startpoint: _3027_ (rising edge-triggered flip-flop clocked by clk)
Endpoint: _3027_ (rising edge-triggered flip-flop clocked by clk)
Path Group: clk
Path Type: min

Fanout         Cap        Slew       Delay        Time   Description
---------------------------------------------------------------------------------------------
                                  0.000000    0.000000   clock clk (rise edge)
                                  0.000000    0.000000   clock source latency
     1    0.027657    0.129514    0.090739    0.090739 ^ clk (in)
                                                         clk (net)
                      0.129618    0.000000    0.090739 ^ clkbuf_0_clk/A (sky130_fd_sc_hd__clkbuf_16)
    16    0.122912    0.136331    0.228671    0.319410 ^ clkbuf_0_clk/X (sky130_fd_sc_hd__clkbuf_16)
                                                         clknet_0_clk (net)
                      0.137091    0.008157    0.327568 ^ clkbuf_4_10_0_clk/A (sky130_fd_sc_hd__clkbuf_8)
    10    0.054057    0.104280    0.205777    0.533344 ^ clkbuf_4_10_0_clk/X (sky130_fd_sc_hd__clkbuf_8)
                                                         clknet_4_10_0_clk (net)
                      0.104320    0.001951    0.535295 ^ _3027_/CLK (sky130_fd_sc_hd__dfrtp_1)
     1    0.002633    0.043872    0.334635    0.869930 ^ _3027_/Q (sky130_fd_sc_hd__dfrtp_1)
                                                         my_sum_sub.result[10] (net)
                      0.043872    0.000181    0.870111 ^ hold174/A (sky130_fd_sc_hd__dlygate4sd3_1)
     2    0.014606    0.158348    0.621144    1.491255 ^ hold174/X (sky130_fd_sc_hd__dlygate4sd3_1)
                                                         net179 (net)
                      0.158348    0.000492    1.491747 ^ _2665_/A2 (sky130_fd_sc_hd__a22o_1)
     1    0.002780    0.043397    0.158386    1.650133 ^ _2665_/X (sky130_fd_sc_hd__a22o_1)
                                                         _0286_ (net)
                      0.043398    0.000196    1.650329 ^ _3027_/D (sky130_fd_sc_hd__dfrtp_1)
                                              1.650329   data arrival time

                                  0.000000    0.000000   clock clk (rise edge)
                                  0.000000    0.000000   clock source latency
     1    0.027657    0.129514    0.090739    0.090739 ^ clk (in)
                                                         clk (net)
                      0.129618    0.000000    0.090739 ^ clkbuf_0_clk/A (sky130_fd_sc_hd__clkbuf_16)
    16    0.122912    0.136331    0.228671    0.319410 ^ clkbuf_0_clk/X (sky130_fd_sc_hd__clkbuf_16)
                                                         clknet_0_clk (net)
                      0.137091    0.008157    0.327568 ^ clkbuf_4_10_0_clk/A (sky130_fd_sc_hd__clkbuf_8)
    10    0.054057    0.104280    0.205777    0.533344 ^ clkbuf_4_10_0_clk/X (sky130_fd_sc_hd__clkbuf_8)
                                                         clknet_4_10_0_clk (net)
                      0.104320    0.001951    0.535295 ^ _3027_/CLK (sky130_fd_sc_hd__dfrtp_1)
                                  0.500000    1.035295   clock uncertainty
                                  0.000000    1.035295   clock reconvergence pessimism
                                 -0.026325    1.008970   library hold time
                                              1.008970   data required time
---------------------------------------------------------------------------------------------
                                              1.008970   data required time
                                             -1.650329   data arrival time
---------------------------------------------------------------------------------------------
                                              0.641359   slack (MET)


Startpoint: _3076_ (rising edge-triggered flip-flop clocked by clk)
Endpoint: _3076_ (rising edge-triggered flip-flop clocked by clk)
Path Group: clk
Path Type: min

Fanout         Cap        Slew       Delay        Time   Description
---------------------------------------------------------------------------------------------
                                  0.000000    0.000000   clock clk (rise edge)
                                  0.000000    0.000000   clock source latency
     1    0.027657    0.129514    0.090739    0.090739 ^ clk (in)
                                                         clk (net)
                      0.129618    0.000000    0.090739 ^ clkbuf_0_clk/A (sky130_fd_sc_hd__clkbuf_16)
    16    0.122912    0.136331    0.228671    0.319410 ^ clkbuf_0_clk/X (sky130_fd_sc_hd__clkbuf_16)
                                                         clknet_0_clk (net)
                      0.137076    0.008079    0.327489 ^ clkbuf_4_11_0_clk/A (sky130_fd_sc_hd__clkbuf_8)
    13    0.059228    0.112479    0.212100    0.539589 ^ clkbuf_4_11_0_clk/X (sky130_fd_sc_hd__clkbuf_8)
                                                         clknet_4_11_0_clk (net)
                      0.112544    0.002495    0.542085 ^ _3076_/CLK (sky130_fd_sc_hd__dfrtp_2)
     6    0.025155    0.133298    0.442140    0.984224 ^ _3076_/Q (sky130_fd_sc_hd__dfrtp_2)
                                                         my_sum_sub.cm_exp[6] (net)
                      0.133308    0.001278    0.985502 ^ _2165_/A0 (sky130_fd_sc_hd__mux2_1)
     1    0.002281    0.037437    0.139517    1.125019 ^ _2165_/X (sky130_fd_sc_hd__mux2_1)
                                                         _0335_ (net)
                      0.037437    0.000151    1.125170 ^ hold115/A (sky130_fd_sc_hd__dlygate4sd3_1)
     1    0.002950    0.054165    0.533741    1.658911 ^ hold115/X (sky130_fd_sc_hd__dlygate4sd3_1)
                                                         net120 (net)
                      0.054165    0.000194    1.659105 ^ _3076_/D (sky130_fd_sc_hd__dfrtp_2)
                                              1.659105   data arrival time

                                  0.000000    0.000000   clock clk (rise edge)
                                  0.000000    0.000000   clock source latency
     1    0.027657    0.129514    0.090739    0.090739 ^ clk (in)
                                                         clk (net)
                      0.129618    0.000000    0.090739 ^ clkbuf_0_clk/A (sky130_fd_sc_hd__clkbuf_16)
    16    0.122912    0.136331    0.228671    0.319410 ^ clkbuf_0_clk/X (sky130_fd_sc_hd__clkbuf_16)
                                                         clknet_0_clk (net)
                      0.137076    0.008079    0.327489 ^ clkbuf_4_11_0_clk/A (sky130_fd_sc_hd__clkbuf_8)
    13    0.059228    0.112479    0.212100    0.539589 ^ clkbuf_4_11_0_clk/X (sky130_fd_sc_hd__clkbuf_8)
                                                         clknet_4_11_0_clk (net)
                      0.112544    0.002495    0.542085 ^ _3076_/CLK (sky130_fd_sc_hd__dfrtp_2)
                                  0.500000    1.042084   clock uncertainty
                                  0.000000    1.042084   clock reconvergence pessimism
                                 -0.027330    1.014754   library hold time
                                              1.014754   data required time
---------------------------------------------------------------------------------------------
                                              1.014754   data required time
                                             -1.659105   data arrival time
---------------------------------------------------------------------------------------------
                                              0.644350   slack (MET)


Startpoint: _3162_ (rising edge-triggered flip-flop clocked by clk)
Endpoint: _3158_ (rising edge-triggered flip-flop clocked by clk)
Path Group: clk
Path Type: min

Fanout         Cap        Slew       Delay        Time   Description
---------------------------------------------------------------------------------------------
                                  0.000000    0.000000   clock clk (rise edge)
                                  0.000000    0.000000   clock source latency
     1    0.027657    0.129514    0.090739    0.090739 ^ clk (in)
                                                         clk (net)
                      0.129618    0.000000    0.090739 ^ clkbuf_0_clk/A (sky130_fd_sc_hd__clkbuf_16)
    16    0.122912    0.136331    0.228671    0.319410 ^ clkbuf_0_clk/X (sky130_fd_sc_hd__clkbuf_16)
                                                         clknet_0_clk (net)
                      0.137207    0.008737    0.328148 ^ clkbuf_4_2_0_clk/A (sky130_fd_sc_hd__clkbuf_8)
    18    0.073380    0.135996    0.226742    0.554890 ^ clkbuf_4_2_0_clk/X (sky130_fd_sc_hd__clkbuf_8)
                                                         clknet_4_2_0_clk (net)
                      0.136323    0.005492    0.560382 ^ _3162_/CLK (sky130_fd_sc_hd__dfrtp_1)
     2    0.009197    0.067627    0.420828    0.981210 v _3162_/Q (sky130_fd_sc_hd__dfrtp_1)
                                                         my_sum_sub.start (net)
                      0.067627    0.000653    0.981863 v _1506_/A (sky130_fd_sc_hd__inv_2)
     1    0.003271    0.028433    0.050112    1.031975 ^ _1506_/Y (sky130_fd_sc_hd__inv_2)
                                                         _1061_ (net)
                      0.028440    0.000230    1.032205 ^ _2801_/A2 (sky130_fd_sc_hd__a21o_1)
     1    0.002388    0.034473    0.094698    1.126903 ^ _2801_/X (sky130_fd_sc_hd__a21o_1)
                                                         _0006_ (net)
                      0.034478    0.000172    1.127075 ^ hold155/A (sky130_fd_sc_hd__dlygate4sd3_1)
     1    0.003010    0.054683    0.533330    1.660405 ^ hold155/X (sky130_fd_sc_hd__dlygate4sd3_1)
                                                         net160 (net)
                      0.054683    0.000211    1.660615 ^ _3158_/D (sky130_fd_sc_hd__dfstp_1)
                                              1.660615   data arrival time

                                  0.000000    0.000000   clock clk (rise edge)
                                  0.000000    0.000000   clock source latency
     1    0.027657    0.129514    0.090739    0.090739 ^ clk (in)
                                                         clk (net)
                      0.129618    0.000000    0.090739 ^ clkbuf_0_clk/A (sky130_fd_sc_hd__clkbuf_16)
    16    0.122912    0.136331    0.228671    0.319410 ^ clkbuf_0_clk/X (sky130_fd_sc_hd__clkbuf_16)
                                                         clknet_0_clk (net)
                      0.137109    0.008249    0.327659 ^ clkbuf_4_3_0_clk/A (sky130_fd_sc_hd__clkbuf_8)
    11    0.060066    0.113828    0.212789    0.540448 ^ clkbuf_4_3_0_clk/X (sky130_fd_sc_hd__clkbuf_8)
                                                         clknet_4_3_0_clk (net)
                      0.113909    0.002770    0.543217 ^ _3158_/CLK (sky130_fd_sc_hd__dfstp_1)
                                  0.500000    1.043217   clock uncertainty
                                  0.000000    1.043217   clock reconvergence pessimism
                                 -0.028234    1.014984   library hold time
                                              1.014984   data required time
---------------------------------------------------------------------------------------------
                                              1.014984   data required time
                                             -1.660615   data arrival time
---------------------------------------------------------------------------------------------
                                              0.645631   slack (MET)


Startpoint: _3025_ (rising edge-triggered flip-flop clocked by clk)
Endpoint: _3025_ (rising edge-triggered flip-flop clocked by clk)
Path Group: clk
Path Type: min

Fanout         Cap        Slew       Delay        Time   Description
---------------------------------------------------------------------------------------------
                                  0.000000    0.000000   clock clk (rise edge)
                                  0.000000    0.000000   clock source latency
     1    0.027657    0.129514    0.090739    0.090739 ^ clk (in)
                                                         clk (net)
                      0.129618    0.000000    0.090739 ^ clkbuf_0_clk/A (sky130_fd_sc_hd__clkbuf_16)
    16    0.122912    0.136331    0.228671    0.319410 ^ clkbuf_0_clk/X (sky130_fd_sc_hd__clkbuf_16)
                                                         clknet_0_clk (net)
                      0.136901    0.007097    0.326508 ^ clkbuf_4_9_0_clk/A (sky130_fd_sc_hd__clkbuf_8)
     7    0.060185    0.114583    0.212457    0.538964 ^ clkbuf_4_9_0_clk/X (sky130_fd_sc_hd__clkbuf_8)
                                                         clknet_4_9_0_clk (net)
                      0.114607    0.001681    0.540645 ^ _3025_/CLK (sky130_fd_sc_hd__dfrtp_1)
     1    0.003062    0.047148    0.342057    0.882702 ^ _3025_/Q (sky130_fd_sc_hd__dfrtp_1)
                                                         my_sum_sub.result[8] (net)
                      0.047148    0.000125    0.882827 ^ hold165/A (sky130_fd_sc_hd__dlygate4sd3_1)
     2    0.014737    0.159649    0.622854    1.505681 ^ hold165/X (sky130_fd_sc_hd__dlygate4sd3_1)
                                                         net170 (net)
                      0.159652    0.000988    1.506670 ^ _2667_/A2 (sky130_fd_sc_hd__a22o_1)
     1    0.002589    0.041849    0.157243    1.663913 ^ _2667_/X (sky130_fd_sc_hd__a22o_1)
                                                         _0284_ (net)
                      0.041849    0.000181    1.664094 ^ _3025_/D (sky130_fd_sc_hd__dfrtp_1)
                                              1.664094   data arrival time

                                  0.000000    0.000000   clock clk (rise edge)
                                  0.000000    0.000000   clock source latency
     1    0.027657    0.129514    0.090739    0.090739 ^ clk (in)
                                                         clk (net)
                      0.129618    0.000000    0.090739 ^ clkbuf_0_clk/A (sky130_fd_sc_hd__clkbuf_16)
    16    0.122912    0.136331    0.228671    0.319410 ^ clkbuf_0_clk/X (sky130_fd_sc_hd__clkbuf_16)
                                                         clknet_0_clk (net)
                      0.136901    0.007097    0.326508 ^ clkbuf_4_9_0_clk/A (sky130_fd_sc_hd__clkbuf_8)
     7    0.060185    0.114583    0.212457    0.538964 ^ clkbuf_4_9_0_clk/X (sky130_fd_sc_hd__clkbuf_8)
                                                         clknet_4_9_0_clk (net)
                      0.114607    0.001681    0.540645 ^ _3025_/CLK (sky130_fd_sc_hd__dfrtp_1)
                                  0.500000    1.040645   clock uncertainty
                                  0.000000    1.040645   clock reconvergence pessimism
                                 -0.024598    1.016047   library hold time
                                              1.016047   data required time
---------------------------------------------------------------------------------------------
                                              1.016047   data required time
                                             -1.664094   data arrival time
---------------------------------------------------------------------------------------------
                                              0.648046   slack (MET)


Startpoint: _3024_ (rising edge-triggered flip-flop clocked by clk)
Endpoint: _3024_ (rising edge-triggered flip-flop clocked by clk)
Path Group: clk
Path Type: min

Fanout         Cap        Slew       Delay        Time   Description
---------------------------------------------------------------------------------------------
                                  0.000000    0.000000   clock clk (rise edge)
                                  0.000000    0.000000   clock source latency
     1    0.027657    0.129514    0.090739    0.090739 ^ clk (in)
                                                         clk (net)
                      0.129618    0.000000    0.090739 ^ clkbuf_0_clk/A (sky130_fd_sc_hd__clkbuf_16)
    16    0.122912    0.136331    0.228671    0.319410 ^ clkbuf_0_clk/X (sky130_fd_sc_hd__clkbuf_16)
                                                         clknet_0_clk (net)
                      0.137091    0.008157    0.327568 ^ clkbuf_4_10_0_clk/A (sky130_fd_sc_hd__clkbuf_8)
    10    0.054057    0.104280    0.205777    0.533344 ^ clkbuf_4_10_0_clk/X (sky130_fd_sc_hd__clkbuf_8)
                                                         clknet_4_10_0_clk (net)
                      0.104342    0.002354    0.535698 ^ _3024_/CLK (sky130_fd_sc_hd__dfrtp_1)
     1    0.002718    0.044516    0.335341    0.871040 ^ _3024_/Q (sky130_fd_sc_hd__dfrtp_1)
                                                         my_sum_sub.result[7] (net)
                      0.044516    0.000191    0.871230 ^ hold188/A (sky130_fd_sc_hd__dlygate4sd3_1)
     2    0.015181    0.163707    0.625198    1.496428 ^ hold188/X (sky130_fd_sc_hd__dlygate4sd3_1)
                                                         net193 (net)
                      0.163707    0.000430    1.496858 ^ _2668_/A2 (sky130_fd_sc_hd__a22o_1)
     1    0.003183    0.046769    0.162779    1.659637 ^ _2668_/X (sky130_fd_sc_hd__a22o_1)
                                                         _0283_ (net)
                      0.046775    0.000208    1.659845 ^ _3024_/D (sky130_fd_sc_hd__dfrtp_1)
                                              1.659845   data arrival time

                                  0.000000    0.000000   clock clk (rise edge)
                                  0.000000    0.000000   clock source latency
     1    0.027657    0.129514    0.090739    0.090739 ^ clk (in)
                                                         clk (net)
                      0.129618    0.000000    0.090739 ^ clkbuf_0_clk/A (sky130_fd_sc_hd__clkbuf_16)
    16    0.122912    0.136331    0.228671    0.319410 ^ clkbuf_0_clk/X (sky130_fd_sc_hd__clkbuf_16)
                                                         clknet_0_clk (net)
                      0.137091    0.008157    0.327568 ^ clkbuf_4_10_0_clk/A (sky130_fd_sc_hd__clkbuf_8)
    10    0.054057    0.104280    0.205777    0.533344 ^ clkbuf_4_10_0_clk/X (sky130_fd_sc_hd__clkbuf_8)
                                                         clknet_4_10_0_clk (net)
                      0.104342    0.002354    0.535698 ^ _3024_/CLK (sky130_fd_sc_hd__dfrtp_1)
                                  0.500000    1.035698   clock uncertainty
                                  0.000000    1.035698   clock reconvergence pessimism
                                 -0.027025    1.008674   library hold time
                                              1.008674   data required time
---------------------------------------------------------------------------------------------
                                              1.008674   data required time
                                             -1.659845   data arrival time
---------------------------------------------------------------------------------------------
                                              0.651171   slack (MET)


Startpoint: _3071_ (rising edge-triggered flip-flop clocked by clk)
Endpoint: _3071_ (rising edge-triggered flip-flop clocked by clk)
Path Group: clk
Path Type: min

Fanout         Cap        Slew       Delay        Time   Description
---------------------------------------------------------------------------------------------
                                  0.000000    0.000000   clock clk (rise edge)
                                  0.000000    0.000000   clock source latency
     1    0.027657    0.129514    0.090739    0.090739 ^ clk (in)
                                                         clk (net)
                      0.129618    0.000000    0.090739 ^ clkbuf_0_clk/A (sky130_fd_sc_hd__clkbuf_16)
    16    0.122912    0.136331    0.228671    0.319410 ^ clkbuf_0_clk/X (sky130_fd_sc_hd__clkbuf_16)
                                                         clknet_0_clk (net)
                      0.137219    0.008798    0.328209 ^ clkbuf_4_14_0_clk/A (sky130_fd_sc_hd__clkbuf_8)
    11    0.071062    0.131314    0.226348    0.554557 ^ clkbuf_4_14_0_clk/X (sky130_fd_sc_hd__clkbuf_8)
                                                         clknet_4_14_0_clk (net)
                      0.131347    0.002024    0.556581 ^ _3071_/CLK (sky130_fd_sc_hd__dfrtp_2)
     8    0.023882    0.127738    0.444288    1.000869 ^ _3071_/Q (sky130_fd_sc_hd__dfrtp_2)
                                                         my_sum_sub.cm_exp[1] (net)
                      0.127743    0.001034    1.001904 ^ _2170_/A0 (sky130_fd_sc_hd__mux2_1)
     1    0.004184    0.051917    0.152457    1.154361 ^ _2170_/X (sky130_fd_sc_hd__mux2_1)
                                                         _0330_ (net)
                      0.051917    0.000251    1.154612 ^ hold109/A (sky130_fd_sc_hd__dlygate4sd3_1)
     1    0.002282    0.048651    0.532198    1.686810 ^ hold109/X (sky130_fd_sc_hd__dlygate4sd3_1)
                                                         net114 (net)
                      0.048651    0.000104    1.686914 ^ _3071_/D (sky130_fd_sc_hd__dfrtp_2)
                                              1.686914   data arrival time

                                  0.000000    0.000000   clock clk (rise edge)
                                  0.000000    0.000000   clock source latency
     1    0.027657    0.129514    0.090739    0.090739 ^ clk (in)
                                                         clk (net)
                      0.129618    0.000000    0.090739 ^ clkbuf_0_clk/A (sky130_fd_sc_hd__clkbuf_16)
    16    0.122912    0.136331    0.228671    0.319410 ^ clkbuf_0_clk/X (sky130_fd_sc_hd__clkbuf_16)
                                                         clknet_0_clk (net)
                      0.137219    0.008798    0.328209 ^ clkbuf_4_14_0_clk/A (sky130_fd_sc_hd__clkbuf_8)
    11    0.071062    0.131314    0.226348    0.554557 ^ clkbuf_4_14_0_clk/X (sky130_fd_sc_hd__clkbuf_8)
                                                         clknet_4_14_0_clk (net)
                      0.131347    0.002024    0.556581 ^ _3071_/CLK (sky130_fd_sc_hd__dfrtp_2)
                                  0.500000    1.056581   clock uncertainty
                                  0.000000    1.056581   clock reconvergence pessimism
                                 -0.023626    1.032955   library hold time
                                              1.032955   data required time
---------------------------------------------------------------------------------------------
                                              1.032955   data required time
                                             -1.686914   data arrival time
---------------------------------------------------------------------------------------------
                                              0.653959   slack (MET)


Startpoint: _3032_ (rising edge-triggered flip-flop clocked by clk)
Endpoint: _3032_ (rising edge-triggered flip-flop clocked by clk)
Path Group: clk
Path Type: min

Fanout         Cap        Slew       Delay        Time   Description
---------------------------------------------------------------------------------------------
                                  0.000000    0.000000   clock clk (rise edge)
                                  0.000000    0.000000   clock source latency
     1    0.027657    0.129514    0.090739    0.090739 ^ clk (in)
                                                         clk (net)
                      0.129618    0.000000    0.090739 ^ clkbuf_0_clk/A (sky130_fd_sc_hd__clkbuf_16)
    16    0.122912    0.136331    0.228671    0.319410 ^ clkbuf_0_clk/X (sky130_fd_sc_hd__clkbuf_16)
                                                         clknet_0_clk (net)
                      0.137076    0.008079    0.327489 ^ clkbuf_4_11_0_clk/A (sky130_fd_sc_hd__clkbuf_8)
    13    0.059228    0.112479    0.212100    0.539589 ^ clkbuf_4_11_0_clk/X (sky130_fd_sc_hd__clkbuf_8)
                                                         clknet_4_11_0_clk (net)
                      0.112570    0.002887    0.542477 ^ _3032_/CLK (sky130_fd_sc_hd__dfrtp_1)
     2    0.016163    0.150916    0.425210    0.967687 ^ _3032_/Q (sky130_fd_sc_hd__dfrtp_1)
                                                         my_sum_sub.result[15] (net)
                      0.150918    0.000822    0.968508 ^ _2660_/A1 (sky130_fd_sc_hd__a22o_1)
     1    0.003907    0.052528    0.164500    1.133008 ^ _2660_/X (sky130_fd_sc_hd__a22o_1)
                                                         _0291_ (net)
                      0.052529    0.000287    1.133294 ^ hold144/A (sky130_fd_sc_hd__dlygate4sd3_1)
     1    0.003172    0.056118    0.540753    1.674047 ^ hold144/X (sky130_fd_sc_hd__dlygate4sd3_1)
                                                         net149 (net)
                      0.056118    0.000239    1.674286 ^ _3032_/D (sky130_fd_sc_hd__dfrtp_1)
                                              1.674286   data arrival time

                                  0.000000    0.000000   clock clk (rise edge)
                                  0.000000    0.000000   clock source latency
     1    0.027657    0.129514    0.090739    0.090739 ^ clk (in)
                                                         clk (net)
                      0.129618    0.000000    0.090739 ^ clkbuf_0_clk/A (sky130_fd_sc_hd__clkbuf_16)
    16    0.122912    0.136331    0.228671    0.319410 ^ clkbuf_0_clk/X (sky130_fd_sc_hd__clkbuf_16)
                                                         clknet_0_clk (net)
                      0.137076    0.008079    0.327489 ^ clkbuf_4_11_0_clk/A (sky130_fd_sc_hd__clkbuf_8)
    13    0.059228    0.112479    0.212100    0.539589 ^ clkbuf_4_11_0_clk/X (sky130_fd_sc_hd__clkbuf_8)
                                                         clknet_4_11_0_clk (net)
                      0.112570    0.002887    0.542477 ^ _3032_/CLK (sky130_fd_sc_hd__dfrtp_1)
                                  0.500000    1.042477   clock uncertainty
                                  0.000000    1.042477   clock reconvergence pessimism
                                 -0.027843    1.014634   library hold time
                                              1.014634   data required time
---------------------------------------------------------------------------------------------
                                              1.014634   data required time
                                             -1.674286   data arrival time
---------------------------------------------------------------------------------------------
                                              0.659652   slack (MET)


Startpoint: _3133_ (rising edge-triggered flip-flop clocked by clk)
Endpoint: _3132_ (rising edge-triggered flip-flop clocked by clk)
Path Group: clk
Path Type: min

Fanout         Cap        Slew       Delay        Time   Description
---------------------------------------------------------------------------------------------
                                  0.000000    0.000000   clock clk (rise edge)
                                  0.000000    0.000000   clock source latency
     1    0.027657    0.129514    0.090739    0.090739 ^ clk (in)
                                                         clk (net)
                      0.129618    0.000000    0.090739 ^ clkbuf_0_clk/A (sky130_fd_sc_hd__clkbuf_16)
    16    0.122912    0.136331    0.228671    0.319410 ^ clkbuf_0_clk/X (sky130_fd_sc_hd__clkbuf_16)
                                                         clknet_0_clk (net)
                      0.136766    0.006233    0.325643 ^ clkbuf_4_6_0_clk/A (sky130_fd_sc_hd__clkbuf_8)
    12    0.059333    0.113222    0.211382    0.537026 ^ clkbuf_4_6_0_clk/X (sky130_fd_sc_hd__clkbuf_8)
                                                         clknet_4_6_0_clk (net)
                      0.113401    0.003132    0.540158 ^ _3133_/CLK (sky130_fd_sc_hd__dfrtp_1)
     2    0.007499    0.081415    0.372103    0.912261 ^ _3133_/Q (sky130_fd_sc_hd__dfrtp_1)
                                                         shift_out[6] (net)
                      0.081415    0.000323    0.912584 ^ _2072_/A1 (sky130_fd_sc_hd__a221o_1)
     1    0.003256    0.048277    0.145641    1.058225 ^ _2072_/X (sky130_fd_sc_hd__a221o_1)
                                                         _0472_ (net)
                      0.048278    0.000222    1.058448 ^ _2073_/B2 (sky130_fd_sc_hd__o22a_1)
     1    0.002255    0.036922    0.104948    1.163396 ^ _2073_/X (sky130_fd_sc_hd__o22a_1)
                                                         _0228_ (net)
                      0.036922    0.000160    1.163556 ^ hold56/A (sky130_fd_sc_hd__dlygate4sd3_1)
     1    0.002775    0.052653    0.531919    1.695475 ^ hold56/X (sky130_fd_sc_hd__dlygate4sd3_1)
                                                         net61 (net)
                      0.052653    0.000204    1.695679 ^ _3132_/D (sky130_fd_sc_hd__dfrtp_1)
                                              1.695679   data arrival time

                                  0.000000    0.000000   clock clk (rise edge)
                                  0.000000    0.000000   clock source latency
     1    0.027657    0.129514    0.090739    0.090739 ^ clk (in)
                                                         clk (net)
                      0.129618    0.000000    0.090739 ^ clkbuf_0_clk/A (sky130_fd_sc_hd__clkbuf_16)
    16    0.122912    0.136331    0.228671    0.319410 ^ clkbuf_0_clk/X (sky130_fd_sc_hd__clkbuf_16)
                                                         clknet_0_clk (net)
                      0.136864    0.006872    0.326283 ^ clkbuf_4_7_0_clk/A (sky130_fd_sc_hd__clkbuf_8)
    17    0.070425    0.131162    0.223806    0.550088 ^ clkbuf_4_7_0_clk/X (sky130_fd_sc_hd__clkbuf_8)
                                                         clknet_4_7_0_clk (net)
                      0.131432    0.004888    0.554976 ^ _3132_/CLK (sky130_fd_sc_hd__dfrtp_1)
                                  0.500000    1.054976   clock uncertainty
                                  0.000000    1.054976   clock reconvergence pessimism
                                 -0.024541    1.030435   library hold time
                                              1.030435   data required time
---------------------------------------------------------------------------------------------
                                              1.030435   data required time
                                             -1.695679   data arrival time
---------------------------------------------------------------------------------------------
                                              0.665244   slack (MET)


Startpoint: _3153_ (rising edge-triggered flip-flop clocked by clk)
Endpoint: _3162_ (rising edge-triggered flip-flop clocked by clk)
Path Group: clk
Path Type: min

Fanout         Cap        Slew       Delay        Time   Description
---------------------------------------------------------------------------------------------
                                  0.000000    0.000000   clock clk (rise edge)
                                  0.000000    0.000000   clock source latency
     1    0.027657    0.129514    0.090739    0.090739 ^ clk (in)
                                                         clk (net)
                      0.129618    0.000000    0.090739 ^ clkbuf_0_clk/A (sky130_fd_sc_hd__clkbuf_16)
    16    0.122912    0.136331    0.228671    0.319410 ^ clkbuf_0_clk/X (sky130_fd_sc_hd__clkbuf_16)
                                                         clknet_0_clk (net)
                      0.137286    0.009113    0.328524 ^ clkbuf_4_0_0_clk/A (sky130_fd_sc_hd__clkbuf_8)
    24    0.077983    0.141740    0.232054    0.560578 ^ clkbuf_4_0_0_clk/X (sky130_fd_sc_hd__clkbuf_8)
                                                         clknet_4_0_0_clk (net)
                      0.142004    0.005017    0.565595 ^ _3153_/CLK (sky130_fd_sc_hd__dfrtp_1)
     1    0.002106    0.039709    0.343110    0.908705 ^ _3153_/Q (sky130_fd_sc_hd__dfrtp_1)
                                                         state[1] (net)
                      0.039709    0.000096    0.908802 ^ hold177/A (sky130_fd_sc_hd__dlygate4sd3_1)
     4    0.013220    0.145485    0.610363    1.519165 ^ hold177/X (sky130_fd_sc_hd__dlygate4sd3_1)
                                                         net182 (net)
                      0.145485    0.000593    1.519758 ^ _2804_/C (sky130_fd_sc_hd__and3b_1)
     1    0.003890    0.058890    0.180940    1.700698 ^ _2804_/X (sky130_fd_sc_hd__and3b_1)
                                                         _0002_ (net)
                      0.058890    0.000231    1.700929 ^ _3162_/D (sky130_fd_sc_hd__dfrtp_1)
                                              1.700929   data arrival time

                                  0.000000    0.000000   clock clk (rise edge)
                                  0.000000    0.000000   clock source latency
     1    0.027657    0.129514    0.090739    0.090739 ^ clk (in)
                                                         clk (net)
                      0.129618    0.000000    0.090739 ^ clkbuf_0_clk/A (sky130_fd_sc_hd__clkbuf_16)
    16    0.122912    0.136331    0.228671    0.319410 ^ clkbuf_0_clk/X (sky130_fd_sc_hd__clkbuf_16)
                                                         clknet_0_clk (net)
                      0.137207    0.008737    0.328148 ^ clkbuf_4_2_0_clk/A (sky130_fd_sc_hd__clkbuf_8)
    18    0.073380    0.135996    0.226742    0.554890 ^ clkbuf_4_2_0_clk/X (sky130_fd_sc_hd__clkbuf_8)
                                                         clknet_4_2_0_clk (net)
                      0.136323    0.005492    0.560382 ^ _3162_/CLK (sky130_fd_sc_hd__dfrtp_1)
                                  0.500000    1.060382   clock uncertainty
                                  0.000000    1.060382   clock reconvergence pessimism
                                 -0.025165    1.035217   library hold time
                                              1.035217   data required time
---------------------------------------------------------------------------------------------
                                              1.035217   data required time
                                             -1.700929   data arrival time
---------------------------------------------------------------------------------------------
                                              0.665712   slack (MET)


Startpoint: _3138_ (rising edge-triggered flip-flop clocked by clk)
Endpoint: _3137_ (rising edge-triggered flip-flop clocked by clk)
Path Group: clk
Path Type: min

Fanout         Cap        Slew       Delay        Time   Description
---------------------------------------------------------------------------------------------
                                  0.000000    0.000000   clock clk (rise edge)
                                  0.000000    0.000000   clock source latency
     1    0.027657    0.129514    0.090739    0.090739 ^ clk (in)
                                                         clk (net)
                      0.129618    0.000000    0.090739 ^ clkbuf_0_clk/A (sky130_fd_sc_hd__clkbuf_16)
    16    0.122912    0.136331    0.228671    0.319410 ^ clkbuf_0_clk/X (sky130_fd_sc_hd__clkbuf_16)
                                                         clknet_0_clk (net)
                      0.136872    0.006922    0.326332 ^ clkbuf_4_4_0_clk/A (sky130_fd_sc_hd__clkbuf_8)
    11    0.059675    0.113746    0.211995    0.538327 ^ clkbuf_4_4_0_clk/X (sky130_fd_sc_hd__clkbuf_8)
                                                         clknet_4_4_0_clk (net)
                      0.113821    0.002706    0.541033 ^ _3138_/CLK (sky130_fd_sc_hd__dfrtp_1)
     2    0.007712    0.083120    0.373696    0.914729 ^ _3138_/Q (sky130_fd_sc_hd__dfrtp_1)
                                                         shift_out[11] (net)
                      0.083120    0.000374    0.915103 ^ _2035_/A1 (sky130_fd_sc_hd__a221o_1)
     1    0.002975    0.046119    0.143865    1.058967 ^ _2035_/X (sky130_fd_sc_hd__a221o_1)
                                                         _0440_ (net)
                      0.046120    0.000211    1.059178 ^ _2036_/B2 (sky130_fd_sc_hd__o22a_1)
     1    0.002136    0.035985    0.103312    1.162490 ^ _2036_/X (sky130_fd_sc_hd__o22a_1)
                                                         _0233_ (net)
                      0.035985    0.000148    1.162638 ^ hold52/A (sky130_fd_sc_hd__dlygate4sd3_1)
     1    0.002879    0.053547    0.532600    1.695237 ^ hold52/X (sky130_fd_sc_hd__dlygate4sd3_1)
                                                         net57 (net)
                      0.053547    0.000187    1.695424 ^ _3137_/D (sky130_fd_sc_hd__dfrtp_1)
                                              1.695424   data arrival time

                                  0.000000    0.000000   clock clk (rise edge)
                                  0.000000    0.000000   clock source latency
     1    0.027657    0.129514    0.090739    0.090739 ^ clk (in)
                                                         clk (net)
                      0.129618    0.000000    0.090739 ^ clkbuf_0_clk/A (sky130_fd_sc_hd__clkbuf_16)
    16    0.122912    0.136331    0.228671    0.319410 ^ clkbuf_0_clk/X (sky130_fd_sc_hd__clkbuf_16)
                                                         clknet_0_clk (net)
                      0.136864    0.006872    0.326283 ^ clkbuf_4_7_0_clk/A (sky130_fd_sc_hd__clkbuf_8)
    17    0.070425    0.131162    0.223806    0.550088 ^ clkbuf_4_7_0_clk/X (sky130_fd_sc_hd__clkbuf_8)
                                                         clknet_4_7_0_clk (net)
                      0.131198    0.001827    0.551916 ^ _3137_/CLK (sky130_fd_sc_hd__dfrtp_1)
                                  0.500000    1.051916   clock uncertainty
                                  0.000000    1.051916   clock reconvergence pessimism
                                 -0.024758    1.027157   library hold time
                                              1.027157   data required time
---------------------------------------------------------------------------------------------
                                              1.027157   data required time
                                             -1.695424   data arrival time
---------------------------------------------------------------------------------------------
                                              0.668267   slack (MET)


Startpoint: _3070_ (rising edge-triggered flip-flop clocked by clk)
Endpoint: _3070_ (rising edge-triggered flip-flop clocked by clk)
Path Group: clk
Path Type: min

Fanout         Cap        Slew       Delay        Time   Description
---------------------------------------------------------------------------------------------
                                  0.000000    0.000000   clock clk (rise edge)
                                  0.000000    0.000000   clock source latency
     1    0.027657    0.129514    0.090739    0.090739 ^ clk (in)
                                                         clk (net)
                      0.129618    0.000000    0.090739 ^ clkbuf_0_clk/A (sky130_fd_sc_hd__clkbuf_16)
    16    0.122912    0.136331    0.228671    0.319410 ^ clkbuf_0_clk/X (sky130_fd_sc_hd__clkbuf_16)
                                                         clknet_0_clk (net)
                      0.137219    0.008798    0.328209 ^ clkbuf_4_14_0_clk/A (sky130_fd_sc_hd__clkbuf_8)
    11    0.071062    0.131314    0.226348    0.554557 ^ clkbuf_4_14_0_clk/X (sky130_fd_sc_hd__clkbuf_8)
                                                         clknet_4_14_0_clk (net)
                      0.131350    0.002120    0.556677 ^ _3070_/CLK (sky130_fd_sc_hd__dfrtp_4)
     8    0.023957    0.099047    0.473832    1.030509 ^ _3070_/Q (sky130_fd_sc_hd__dfrtp_4)
                                                         my_sum_sub.cm_exp[0] (net)
                      0.099116    0.001395    1.031904 ^ _2171_/A0 (sky130_fd_sc_hd__mux2_1)
     1    0.003830    0.049178    0.140786    1.172691 ^ _2171_/X (sky130_fd_sc_hd__mux2_1)
                                                         _0329_ (net)
                      0.049178    0.000228    1.172919 ^ hold102/A (sky130_fd_sc_hd__dlygate4sd3_1)
     1    0.002294    0.048731    0.531415    1.704335 ^ hold102/X (sky130_fd_sc_hd__dlygate4sd3_1)
                                                         net107 (net)
                      0.048731    0.000106    1.704440 ^ _3070_/D (sky130_fd_sc_hd__dfrtp_4)
                                              1.704440   data arrival time

                                  0.000000    0.000000   clock clk (rise edge)
                                  0.000000    0.000000   clock source latency
     1    0.027657    0.129514    0.090739    0.090739 ^ clk (in)
                                                         clk (net)
                      0.129618    0.000000    0.090739 ^ clkbuf_0_clk/A (sky130_fd_sc_hd__clkbuf_16)
    16    0.122912    0.136331    0.228671    0.319410 ^ clkbuf_0_clk/X (sky130_fd_sc_hd__clkbuf_16)
                                                         clknet_0_clk (net)
                      0.137219    0.008798    0.328209 ^ clkbuf_4_14_0_clk/A (sky130_fd_sc_hd__clkbuf_8)
    11    0.071062    0.131314    0.226348    0.554557 ^ clkbuf_4_14_0_clk/X (sky130_fd_sc_hd__clkbuf_8)
                                                         clknet_4_14_0_clk (net)
                      0.131350    0.002120    0.556677 ^ _3070_/CLK (sky130_fd_sc_hd__dfrtp_4)
                                  0.500000    1.056677   clock uncertainty
                                  0.000000    1.056677   clock reconvergence pessimism
                                 -0.023739    1.032938   library hold time
                                              1.032938   data required time
---------------------------------------------------------------------------------------------
                                              1.032938   data required time
                                             -1.704440   data arrival time
---------------------------------------------------------------------------------------------
                                              0.671502   slack (MET)


Startpoint: _3143_ (rising edge-triggered flip-flop clocked by clk)
Endpoint: _3144_ (rising edge-triggered flip-flop clocked by clk)
Path Group: clk
Path Type: min

Fanout         Cap        Slew       Delay        Time   Description
---------------------------------------------------------------------------------------------
                                  0.000000    0.000000   clock clk (rise edge)
                                  0.000000    0.000000   clock source latency
     1    0.027657    0.129514    0.090739    0.090739 ^ clk (in)
                                                         clk (net)
                      0.129618    0.000000    0.090739 ^ clkbuf_0_clk/A (sky130_fd_sc_hd__clkbuf_16)
    16    0.122912    0.136331    0.228671    0.319410 ^ clkbuf_0_clk/X (sky130_fd_sc_hd__clkbuf_16)
                                                         clknet_0_clk (net)
                      0.137286    0.009113    0.328524 ^ clkbuf_4_0_0_clk/A (sky130_fd_sc_hd__clkbuf_8)
    24    0.077983    0.141740    0.232054    0.560578 ^ clkbuf_4_0_0_clk/X (sky130_fd_sc_hd__clkbuf_8)
                                                         clknet_4_0_0_clk (net)
                      0.142683    0.009281    0.569859 ^ _3143_/CLK (sky130_fd_sc_hd__dfrtp_1)
     4    0.012808    0.123300    0.415037    0.984896 ^ _3143_/Q (sky130_fd_sc_hd__dfrtp_1)
                                                         bit_count[0] (net)
                      0.123302    0.000724    0.985619 ^ _1536_/A2 (sky130_fd_sc_hd__a21o_1)
     1    0.004658    0.049412    0.138052    1.123671 ^ _1536_/X (sky130_fd_sc_hd__a21o_1)
                                                         _1083_ (net)
                      0.049413    0.000325    1.123996 ^ _1537_/A2 (sky130_fd_sc_hd__a21oi_1)
     1    0.001704    0.025474    0.053453    1.177449 v _1537_/Y (sky130_fd_sc_hd__a21oi_1)
                                                         _0240_ (net)
                      0.025474    0.000078    1.177527 v hold184/A (sky130_fd_sc_hd__dlygate4sd3_1)
     1    0.002428    0.050967    0.537160    1.714687 v hold184/X (sky130_fd_sc_hd__dlygate4sd3_1)
                                                         net189 (net)
                      0.050967    0.000168    1.714855 v _3144_/D (sky130_fd_sc_hd__dfrtp_1)
                                              1.714855   data arrival time

                                  0.000000    0.000000   clock clk (rise edge)
                                  0.000000    0.000000   clock source latency
     1    0.027657    0.129514    0.090739    0.090739 ^ clk (in)
                                                         clk (net)
                      0.129618    0.000000    0.090739 ^ clkbuf_0_clk/A (sky130_fd_sc_hd__clkbuf_16)
    16    0.122912    0.136331    0.228671    0.319410 ^ clkbuf_0_clk/X (sky130_fd_sc_hd__clkbuf_16)
                                                         clknet_0_clk (net)
                      0.137286    0.009113    0.328524 ^ clkbuf_4_0_0_clk/A (sky130_fd_sc_hd__clkbuf_8)
    24    0.077983    0.141740    0.232054    0.560578 ^ clkbuf_4_0_0_clk/X (sky130_fd_sc_hd__clkbuf_8)
                                                         clknet_4_0_0_clk (net)
                      0.142550    0.008621    0.569199 ^ _3144_/CLK (sky130_fd_sc_hd__dfrtp_1)
                                  0.500000    1.069199   clock uncertainty
                                  0.000000    1.069199   clock reconvergence pessimism
                                 -0.025950    1.043249   library hold time
                                              1.043249   data required time
---------------------------------------------------------------------------------------------
                                              1.043249   data required time
                                             -1.714855   data arrival time
---------------------------------------------------------------------------------------------
                                              0.671606   slack (MET)


Startpoint: _3127_ (rising edge-triggered flip-flop clocked by clk)
Endpoint: _3078_ (rising edge-triggered flip-flop clocked by clk)
Path Group: clk
Path Type: min

Fanout         Cap        Slew       Delay        Time   Description
---------------------------------------------------------------------------------------------
                                  0.000000    0.000000   clock clk (rise edge)
                                  0.000000    0.000000   clock source latency
     1    0.027657    0.129514    0.090739    0.090739 ^ clk (in)
                                                         clk (net)
                      0.129618    0.000000    0.090739 ^ clkbuf_0_clk/A (sky130_fd_sc_hd__clkbuf_16)
    16    0.122912    0.136331    0.228671    0.319410 ^ clkbuf_0_clk/X (sky130_fd_sc_hd__clkbuf_16)
                                                         clknet_0_clk (net)
                      0.136766    0.006233    0.325643 ^ clkbuf_4_6_0_clk/A (sky130_fd_sc_hd__clkbuf_8)
    12    0.059333    0.113222    0.211382    0.537026 ^ clkbuf_4_6_0_clk/X (sky130_fd_sc_hd__clkbuf_8)
                                                         clknet_4_6_0_clk (net)
                      0.113451    0.003666    0.540692 ^ _3127_/CLK (sky130_fd_sc_hd__dfrtp_1)
     2    0.021574    0.195559    0.458189    0.998881 ^ _3127_/Q (sky130_fd_sc_hd__dfrtp_1)
                                                         shift_out[0] (net)
                      0.195567    0.001424    1.000305 ^ _2163_/A1 (sky130_fd_sc_hd__a32o_1)
     1    0.002606    0.046882    0.183460    1.183765 ^ _2163_/X (sky130_fd_sc_hd__a32o_1)
                                                         _0337_ (net)
                      0.046885    0.000163    1.183928 ^ hold200/A (sky130_fd_sc_hd__dlygate4sd3_1)
     1    0.002432    0.049767    0.531949    1.715877 ^ hold200/X (sky130_fd_sc_hd__dlygate4sd3_1)
                                                         net205 (net)
                      0.049767    0.000169    1.716045 ^ _3078_/D (sky130_fd_sc_hd__dfrtp_1)
                                              1.716045   data arrival time

                                  0.000000    0.000000   clock clk (rise edge)
                                  0.000000    0.000000   clock source latency
     1    0.027657    0.129514    0.090739    0.090739 ^ clk (in)
                                                         clk (net)
                      0.129618    0.000000    0.090739 ^ clkbuf_0_clk/A (sky130_fd_sc_hd__clkbuf_16)
    16    0.122912    0.136331    0.228671    0.319410 ^ clkbuf_0_clk/X (sky130_fd_sc_hd__clkbuf_16)
                                                         clknet_0_clk (net)
                      0.137286    0.009113    0.328524 ^ clkbuf_4_0_0_clk/A (sky130_fd_sc_hd__clkbuf_8)
    24    0.077983    0.141740    0.232054    0.560578 ^ clkbuf_4_0_0_clk/X (sky130_fd_sc_hd__clkbuf_8)
                                                         clknet_4_0_0_clk (net)
                      0.142086    0.005721    0.566299 ^ _3078_/CLK (sky130_fd_sc_hd__dfrtp_1)
                                  0.500000    1.066298   clock uncertainty
                                  0.000000    1.066298   clock reconvergence pessimism
                                 -0.022485    1.043813   library hold time
                                              1.043813   data required time
---------------------------------------------------------------------------------------------
                                              1.043813   data required time
                                             -1.716045   data arrival time
---------------------------------------------------------------------------------------------
                                              0.672232   slack (MET)


Startpoint: _3042_ (rising edge-triggered flip-flop clocked by clk)
Endpoint: _3042_ (rising edge-triggered flip-flop clocked by clk)
Path Group: clk
Path Type: min

Fanout         Cap        Slew       Delay        Time   Description
---------------------------------------------------------------------------------------------
                                  0.000000    0.000000   clock clk (rise edge)
                                  0.000000    0.000000   clock source latency
     1    0.027657    0.129514    0.090739    0.090739 ^ clk (in)
                                                         clk (net)
                      0.129618    0.000000    0.090739 ^ clkbuf_0_clk/A (sky130_fd_sc_hd__clkbuf_16)
    16    0.122912    0.136331    0.228671    0.319410 ^ clkbuf_0_clk/X (sky130_fd_sc_hd__clkbuf_16)
                                                         clknet_0_clk (net)
                      0.137077    0.008081    0.327492 ^ clkbuf_4_12_0_clk/A (sky130_fd_sc_hd__clkbuf_8)
     8    0.059104    0.112861    0.211188    0.538679 ^ clkbuf_4_12_0_clk/X (sky130_fd_sc_hd__clkbuf_8)
                                                         clknet_4_12_0_clk (net)
                      0.112923    0.002495    0.541174 ^ _3042_/CLK (sky130_fd_sc_hd__dfrtp_1)
     3    0.009837    0.099017    0.387211    0.928386 ^ _3042_/Q (sky130_fd_sc_hd__dfrtp_1)
                                                         my_sum_sub.al_ma[1] (net)
                      0.099017    0.000498    0.928884 ^ hold211/A (sky130_fd_sc_hd__dlygate4sd3_1)
     2    0.010591    0.121261    0.609793    1.538678 ^ hold211/X (sky130_fd_sc_hd__dlygate4sd3_1)
                                                         net216 (net)
                      0.121263    0.000758    1.539435 ^ _2380_/A2 (sky130_fd_sc_hd__a221o_1)
     1    0.002415    0.038078    0.152750    1.692185 ^ _2380_/X (sky130_fd_sc_hd__a221o_1)
                                                         _0301_ (net)
                      0.038078    0.000113    1.692298 ^ _3042_/D (sky130_fd_sc_hd__dfrtp_1)
                                              1.692298   data arrival time

                                  0.000000    0.000000   clock clk (rise edge)
                                  0.000000    0.000000   clock source latency
     1    0.027657    0.129514    0.090739    0.090739 ^ clk (in)
                                                         clk (net)
                      0.129618    0.000000    0.090739 ^ clkbuf_0_clk/A (sky130_fd_sc_hd__clkbuf_16)
    16    0.122912    0.136331    0.228671    0.319410 ^ clkbuf_0_clk/X (sky130_fd_sc_hd__clkbuf_16)
                                                         clknet_0_clk (net)
                      0.137077    0.008081    0.327492 ^ clkbuf_4_12_0_clk/A (sky130_fd_sc_hd__clkbuf_8)
     8    0.059104    0.112861    0.211188    0.538679 ^ clkbuf_4_12_0_clk/X (sky130_fd_sc_hd__clkbuf_8)
                                                         clknet_4_12_0_clk (net)
                      0.112923    0.002495    0.541174 ^ _3042_/CLK (sky130_fd_sc_hd__dfrtp_1)
                                  0.500000    1.041174   clock uncertainty
                                  0.000000    1.041174   clock reconvergence pessimism
                                 -0.024044    1.017130   library hold time
                                              1.017130   data required time
---------------------------------------------------------------------------------------------
                                              1.017130   data required time
                                             -1.692298   data arrival time
---------------------------------------------------------------------------------------------
                                              0.675168   slack (MET)


Startpoint: _3142_ (rising edge-triggered flip-flop clocked by clk)
Endpoint: _3141_ (rising edge-triggered flip-flop clocked by clk)
Path Group: clk
Path Type: min

Fanout         Cap        Slew       Delay        Time   Description
---------------------------------------------------------------------------------------------
                                  0.000000    0.000000   clock clk (rise edge)
                                  0.000000    0.000000   clock source latency
     1    0.027657    0.129514    0.090739    0.090739 ^ clk (in)
                                                         clk (net)
                      0.129618    0.000000    0.090739 ^ clkbuf_0_clk/A (sky130_fd_sc_hd__clkbuf_16)
    16    0.122912    0.136331    0.228671    0.319410 ^ clkbuf_0_clk/X (sky130_fd_sc_hd__clkbuf_16)
                                                         clknet_0_clk (net)
                      0.137109    0.008249    0.327659 ^ clkbuf_4_3_0_clk/A (sky130_fd_sc_hd__clkbuf_8)
    11    0.060066    0.113828    0.212789    0.540448 ^ clkbuf_4_3_0_clk/X (sky130_fd_sc_hd__clkbuf_8)
                                                         clknet_4_3_0_clk (net)
                      0.113890    0.002470    0.542918 ^ _3142_/CLK (sky130_fd_sc_hd__dfrtp_1)
     2    0.006671    0.074825    0.366758    0.909676 ^ _3142_/Q (sky130_fd_sc_hd__dfrtp_1)
                                                         shift_out[15] (net)
                      0.074825    0.000271    0.909948 ^ _2004_/A1 (sky130_fd_sc_hd__a221o_1)
     1    0.003708    0.051860    0.146694    1.056642 ^ _2004_/X (sky130_fd_sc_hd__a221o_1)
                                                         _0413_ (net)
                      0.051861    0.000247    1.056889 ^ _2005_/B2 (sky130_fd_sc_hd__o22a_1)
     1    0.002398    0.038063    0.107262    1.164151 ^ _2005_/X (sky130_fd_sc_hd__o22a_1)
                                                         _0237_ (net)
                      0.038063    0.000112    1.164263 ^ hold34/A (sky130_fd_sc_hd__dlygate4sd3_1)
     1    0.002360    0.049185    0.528404    1.692667 ^ hold34/X (sky130_fd_sc_hd__dlygate4sd3_1)
                                                         net39 (net)
                      0.049185    0.000167    1.692834 ^ _3141_/D (sky130_fd_sc_hd__dfrtp_1)
                                              1.692834   data arrival time

                                  0.000000    0.000000   clock clk (rise edge)
                                  0.000000    0.000000   clock source latency
     1    0.027657    0.129514    0.090739    0.090739 ^ clk (in)
                                                         clk (net)
                      0.129618    0.000000    0.090739 ^ clkbuf_0_clk/A (sky130_fd_sc_hd__clkbuf_16)
    16    0.122912    0.136331    0.228671    0.319410 ^ clkbuf_0_clk/X (sky130_fd_sc_hd__clkbuf_16)
                                                         clknet_0_clk (net)
                      0.137109    0.008249    0.327659 ^ clkbuf_4_3_0_clk/A (sky130_fd_sc_hd__clkbuf_8)
    11    0.060066    0.113828    0.212789    0.540448 ^ clkbuf_4_3_0_clk/X (sky130_fd_sc_hd__clkbuf_8)
                                                         clknet_4_3_0_clk (net)
                      0.113907    0.002751    0.543198 ^ _3141_/CLK (sky130_fd_sc_hd__dfrtp_1)
                                  0.500000    1.043198   clock uncertainty
                                  0.000000    1.043198   clock reconvergence pessimism
                                 -0.026218    1.016980   library hold time
                                              1.016980   data required time
---------------------------------------------------------------------------------------------
                                              1.016980   data required time
                                             -1.692834   data arrival time
---------------------------------------------------------------------------------------------
                                              0.675854   slack (MET)


Startpoint: _3107_ (rising edge-triggered flip-flop clocked by clk)
Endpoint: _3107_ (rising edge-triggered flip-flop clocked by clk)
Path Group: clk
Path Type: min

Fanout         Cap        Slew       Delay        Time   Description
---------------------------------------------------------------------------------------------
                                  0.000000    0.000000   clock clk (rise edge)
                                  0.000000    0.000000   clock source latency
     1    0.027657    0.129514    0.090739    0.090739 ^ clk (in)
                                                         clk (net)
                      0.129618    0.000000    0.090739 ^ clkbuf_0_clk/A (sky130_fd_sc_hd__clkbuf_16)
    16    0.122912    0.136331    0.228671    0.319410 ^ clkbuf_0_clk/X (sky130_fd_sc_hd__clkbuf_16)
                                                         clknet_0_clk (net)
                      0.136872    0.006922    0.326332 ^ clkbuf_4_4_0_clk/A (sky130_fd_sc_hd__clkbuf_8)
    11    0.059675    0.113746    0.211995    0.538327 ^ clkbuf_4_4_0_clk/X (sky130_fd_sc_hd__clkbuf_8)
                                                         clknet_4_4_0_clk (net)
                      0.113811    0.002540    0.540867 ^ _3107_/CLK (sky130_fd_sc_hd__dfrtp_2)
     6    0.030541    0.157540    0.460751    1.001618 ^ _3107_/Q (sky130_fd_sc_hd__dfrtp_2)
                                                         my_mul.x2[12] (net)
                      0.157549    0.001351    1.002968 ^ _2127_/A1 (sky130_fd_sc_hd__mux2_1)
     1    0.003409    0.045966    0.157098    1.160066 ^ _2127_/X (sky130_fd_sc_hd__mux2_1)
                                                         _0203_ (net)
                      0.045966    0.000199    1.160265 ^ hold81/A (sky130_fd_sc_hd__dlygate4sd3_1)
     1    0.002426    0.049741    0.531619    1.691884 ^ hold81/X (sky130_fd_sc_hd__dlygate4sd3_1)
                                                         net86 (net)
                      0.049741    0.000111    1.691995 ^ _3107_/D (sky130_fd_sc_hd__dfrtp_2)
                                              1.691995   data arrival time

                                  0.000000    0.000000   clock clk (rise edge)
                                  0.000000    0.000000   clock source latency
     1    0.027657    0.129514    0.090739    0.090739 ^ clk (in)
                                                         clk (net)
                      0.129618    0.000000    0.090739 ^ clkbuf_0_clk/A (sky130_fd_sc_hd__clkbuf_16)
    16    0.122912    0.136331    0.228671    0.319410 ^ clkbuf_0_clk/X (sky130_fd_sc_hd__clkbuf_16)
                                                         clknet_0_clk (net)
                      0.136872    0.006922    0.326332 ^ clkbuf_4_4_0_clk/A (sky130_fd_sc_hd__clkbuf_8)
    11    0.059675    0.113746    0.211995    0.538327 ^ clkbuf_4_4_0_clk/X (sky130_fd_sc_hd__clkbuf_8)
                                                         clknet_4_4_0_clk (net)
                      0.113811    0.002540    0.540867 ^ _3107_/CLK (sky130_fd_sc_hd__dfrtp_2)
                                  0.500000    1.040867   clock uncertainty
                                  0.000000    1.040867   clock reconvergence pessimism
                                 -0.026248    1.014619   library hold time
                                              1.014619   data required time
---------------------------------------------------------------------------------------------
                                              1.014619   data required time
                                             -1.691995   data arrival time
---------------------------------------------------------------------------------------------
                                              0.677376   slack (MET)


Startpoint: _3153_ (rising edge-triggered flip-flop clocked by clk)
Endpoint: _3164_ (rising edge-triggered flip-flop clocked by clk)
Path Group: clk
Path Type: min

Fanout         Cap        Slew       Delay        Time   Description
---------------------------------------------------------------------------------------------
                                  0.000000    0.000000   clock clk (rise edge)
                                  0.000000    0.000000   clock source latency
     1    0.027657    0.129514    0.090739    0.090739 ^ clk (in)
                                                         clk (net)
                      0.129618    0.000000    0.090739 ^ clkbuf_0_clk/A (sky130_fd_sc_hd__clkbuf_16)
    16    0.122912    0.136331    0.228671    0.319410 ^ clkbuf_0_clk/X (sky130_fd_sc_hd__clkbuf_16)
                                                         clknet_0_clk (net)
                      0.137286    0.009113    0.328524 ^ clkbuf_4_0_0_clk/A (sky130_fd_sc_hd__clkbuf_8)
    24    0.077983    0.141740    0.232054    0.560578 ^ clkbuf_4_0_0_clk/X (sky130_fd_sc_hd__clkbuf_8)
                                                         clknet_4_0_0_clk (net)
                      0.142004    0.005017    0.565595 ^ _3153_/CLK (sky130_fd_sc_hd__dfrtp_1)
     1    0.002106    0.039709    0.343110    0.908705 ^ _3153_/Q (sky130_fd_sc_hd__dfrtp_1)
                                                         state[1] (net)
                      0.039709    0.000096    0.908802 ^ hold177/A (sky130_fd_sc_hd__dlygate4sd3_1)
     4    0.013220    0.145485    0.610363    1.519165 ^ hold177/X (sky130_fd_sc_hd__dlygate4sd3_1)
                                                         net182 (net)
                      0.145486    0.000803    1.519968 ^ _2802_/B (sky130_fd_sc_hd__and3_1)
     1    0.006359    0.079822    0.195467    1.715435 ^ _2802_/X (sky130_fd_sc_hd__and3_1)
                                                         _0000_ (net)
                      0.079823    0.000483    1.715919 ^ _3164_/D (sky130_fd_sc_hd__dfrtp_1)
                                              1.715919   data arrival time

                                  0.000000    0.000000   clock clk (rise edge)
                                  0.000000    0.000000   clock source latency
     1    0.027657    0.129514    0.090739    0.090739 ^ clk (in)
                                                         clk (net)
                      0.129618    0.000000    0.090739 ^ clkbuf_0_clk/A (sky130_fd_sc_hd__clkbuf_16)
    16    0.122912    0.136331    0.228671    0.319410 ^ clkbuf_0_clk/X (sky130_fd_sc_hd__clkbuf_16)
                                                         clknet_0_clk (net)
                      0.137286    0.009113    0.328524 ^ clkbuf_4_0_0_clk/A (sky130_fd_sc_hd__clkbuf_8)
    24    0.077983    0.141740    0.232054    0.560578 ^ clkbuf_4_0_0_clk/X (sky130_fd_sc_hd__clkbuf_8)
                                                         clknet_4_0_0_clk (net)
                      0.142014    0.005111    0.565688 ^ _3164_/CLK (sky130_fd_sc_hd__dfrtp_1)
                                  0.500000    1.065688   clock uncertainty
                                  0.000000    1.065688   clock reconvergence pessimism
                                 -0.028721    1.036967   library hold time
                                              1.036967   data required time
---------------------------------------------------------------------------------------------
                                              1.036967   data required time
                                             -1.715919   data arrival time
---------------------------------------------------------------------------------------------
                                              0.678951   slack (MET)


Startpoint: _3079_ (rising edge-triggered flip-flop clocked by clk)
Endpoint: _3041_ (rising edge-triggered flip-flop clocked by clk)
Path Group: clk
Path Type: min

Fanout         Cap        Slew       Delay        Time   Description
---------------------------------------------------------------------------------------------
                                  0.000000    0.000000   clock clk (rise edge)
                                  0.000000    0.000000   clock source latency
     1    0.027657    0.129514    0.090739    0.090739 ^ clk (in)
                                                         clk (net)
                      0.129618    0.000000    0.090739 ^ clkbuf_0_clk/A (sky130_fd_sc_hd__clkbuf_16)
    16    0.122912    0.136331    0.228671    0.319410 ^ clkbuf_0_clk/X (sky130_fd_sc_hd__clkbuf_16)
                                                         clknet_0_clk (net)
                      0.136766    0.006233    0.325643 ^ clkbuf_4_6_0_clk/A (sky130_fd_sc_hd__clkbuf_8)
    12    0.059333    0.113222    0.211382    0.537026 ^ clkbuf_4_6_0_clk/X (sky130_fd_sc_hd__clkbuf_8)
                                                         clknet_4_6_0_clk (net)
                      0.113458    0.003742    0.540767 ^ _3079_/CLK (sky130_fd_sc_hd__dfrtp_4)
    17    0.077677    0.233883    0.573945    1.114712 ^ _3079_/Q (sky130_fd_sc_hd__dfrtp_4)
                                                         acc_reg[0] (net)
                      0.234266    0.007808    1.122521 ^ _2360_/A (sky130_fd_sc_hd__and2_1)
     3    0.024372    0.241925    0.306112    1.428632 ^ _2360_/X (sky130_fd_sc_hd__and2_1)
                                                         _0676_ (net)
                      0.241929    0.001394    1.430027 ^ _2381_/B (sky130_fd_sc_hd__and2_1)
     1    0.003449    0.053993    0.166951    1.596977 ^ _2381_/X (sky130_fd_sc_hd__and2_1)
                                                         _0689_ (net)
                      0.053993    0.000234    1.597211 ^ _2382_/C1 (sky130_fd_sc_hd__a221o_1)
     1    0.004013    0.051477    0.107678    1.704889 ^ _2382_/X (sky130_fd_sc_hd__a221o_1)
                                                         _0300_ (net)
                      0.051478    0.000243    1.705132 ^ _3041_/D (sky130_fd_sc_hd__dfrtp_2)
                                              1.705132   data arrival time

                                  0.000000    0.000000   clock clk (rise edge)
                                  0.000000    0.000000   clock source latency
     1    0.027657    0.129514    0.090739    0.090739 ^ clk (in)
                                                         clk (net)
                      0.129618    0.000000    0.090739 ^ clkbuf_0_clk/A (sky130_fd_sc_hd__clkbuf_16)
    16    0.122912    0.136331    0.228671    0.319410 ^ clkbuf_0_clk/X (sky130_fd_sc_hd__clkbuf_16)
                                                         clknet_0_clk (net)
                      0.137236    0.008877    0.328287 ^ clkbuf_4_15_0_clk/A (sky130_fd_sc_hd__clkbuf_8)
    13    0.066123    0.124153    0.219272    0.547559 ^ clkbuf_4_15_0_clk/X (sky130_fd_sc_hd__clkbuf_8)
                                                         clknet_4_15_0_clk (net)
                      0.124329    0.003188    0.550748 ^ _3041_/CLK (sky130_fd_sc_hd__dfrtp_2)
                                  0.500000    1.050748   clock uncertainty
                                  0.000000    1.050748   clock reconvergence pessimism
                                 -0.025166    1.025582   library hold time
                                              1.025582   data required time
---------------------------------------------------------------------------------------------
                                              1.025582   data required time
                                             -1.705132   data arrival time
---------------------------------------------------------------------------------------------
                                              0.679550   slack (MET)


Startpoint: _3058_ (rising edge-triggered flip-flop clocked by clk)
Endpoint: _3058_ (rising edge-triggered flip-flop clocked by clk)
Path Group: clk
Path Type: min

Fanout         Cap        Slew       Delay        Time   Description
---------------------------------------------------------------------------------------------
                                  0.000000    0.000000   clock clk (rise edge)
                                  0.000000    0.000000   clock source latency
     1    0.027657    0.129514    0.090739    0.090739 ^ clk (in)
                                                         clk (net)
                      0.129618    0.000000    0.090739 ^ clkbuf_0_clk/A (sky130_fd_sc_hd__clkbuf_16)
    16    0.122912    0.136331    0.228671    0.319410 ^ clkbuf_0_clk/X (sky130_fd_sc_hd__clkbuf_16)
                                                         clknet_0_clk (net)
                      0.137077    0.008081    0.327492 ^ clkbuf_4_12_0_clk/A (sky130_fd_sc_hd__clkbuf_8)
     8    0.059104    0.112861    0.211188    0.538679 ^ clkbuf_4_12_0_clk/X (sky130_fd_sc_hd__clkbuf_8)
                                                         clknet_4_12_0_clk (net)
                      0.113085    0.003614    0.542293 ^ _3058_/CLK (sky130_fd_sc_hd__dfrtp_4)
     2    0.021293    0.092587    0.462230    1.004523 ^ _3058_/Q (sky130_fd_sc_hd__dfrtp_4)
                                                         my_sum_sub.al_sb_eff (net)
                      0.092587    0.001029    1.005551 ^ hold169/A (sky130_fd_sc_hd__dlygate4sd3_1)
     2    0.004851    0.070786    0.565540    1.571091 ^ hold169/X (sky130_fd_sc_hd__dlygate4sd3_1)
                                                         net174 (net)
                      0.070786    0.000266    1.571357 ^ _2284_/A0 (sky130_fd_sc_hd__mux2_1)
     1    0.003234    0.044646    0.126705    1.698062 ^ _2284_/X (sky130_fd_sc_hd__mux2_1)
                                                         _0317_ (net)
                      0.044646    0.000202    1.698264 ^ _3058_/D (sky130_fd_sc_hd__dfrtp_4)
                                              1.698264   data arrival time

                                  0.000000    0.000000   clock clk (rise edge)
                                  0.000000    0.000000   clock source latency
     1    0.027657    0.129514    0.090739    0.090739 ^ clk (in)
                                                         clk (net)
                      0.129618    0.000000    0.090739 ^ clkbuf_0_clk/A (sky130_fd_sc_hd__clkbuf_16)
    16    0.122912    0.136331    0.228671    0.319410 ^ clkbuf_0_clk/X (sky130_fd_sc_hd__clkbuf_16)
                                                         clknet_0_clk (net)
                      0.137077    0.008081    0.327492 ^ clkbuf_4_12_0_clk/A (sky130_fd_sc_hd__clkbuf_8)
     8    0.059104    0.112861    0.211188    0.538679 ^ clkbuf_4_12_0_clk/X (sky130_fd_sc_hd__clkbuf_8)
                                                         clknet_4_12_0_clk (net)
                      0.113085    0.003614    0.542293 ^ _3058_/CLK (sky130_fd_sc_hd__dfrtp_4)
                                  0.500000    1.042293   clock uncertainty
                                  0.000000    1.042293   clock reconvergence pessimism
                                 -0.025387    1.016905   library hold time
                                              1.016905   data required time
---------------------------------------------------------------------------------------------
                                              1.016905   data required time
                                             -1.698264   data arrival time
---------------------------------------------------------------------------------------------
                                              0.681358   slack (MET)


Startpoint: _3049_ (rising edge-triggered flip-flop clocked by clk)
Endpoint: _3060_ (rising edge-triggered flip-flop clocked by clk)
Path Group: clk
Path Type: min

Fanout         Cap        Slew       Delay        Time   Description
---------------------------------------------------------------------------------------------
                                  0.000000    0.000000   clock clk (rise edge)
                                  0.000000    0.000000   clock source latency
     1    0.027657    0.129514    0.090739    0.090739 ^ clk (in)
                                                         clk (net)
                      0.129618    0.000000    0.090739 ^ clkbuf_0_clk/A (sky130_fd_sc_hd__clkbuf_16)
    16    0.122912    0.136331    0.228671    0.319410 ^ clkbuf_0_clk/X (sky130_fd_sc_hd__clkbuf_16)
                                                         clknet_0_clk (net)
                      0.137236    0.008877    0.328287 ^ clkbuf_4_15_0_clk/A (sky130_fd_sc_hd__clkbuf_8)
    13    0.066123    0.124153    0.219272    0.547559 ^ clkbuf_4_15_0_clk/X (sky130_fd_sc_hd__clkbuf_8)
                                                         clknet_4_15_0_clk (net)
                      0.124330    0.003195    0.550754 ^ _3049_/CLK (sky130_fd_sc_hd__dfrtp_2)
     3    0.015341    0.090647    0.413358    0.964112 ^ _3049_/Q (sky130_fd_sc_hd__dfrtp_2)
                                                         my_sum_sub.al_mb[0] (net)
                      0.090659    0.001084    0.965196 ^ _2266_/A (sky130_fd_sc_hd__xnor2_1)
     2    0.005850    0.079626    0.141879    1.107075 ^ _2266_/Y (sky130_fd_sc_hd__xnor2_1)
                                                         _0594_ (net)
                      0.079626    0.000298    1.107373 ^ _2274_/A2 (sky130_fd_sc_hd__a21oi_1)
     1    0.002360    0.038063    0.065945    1.173317 v _2274_/Y (sky130_fd_sc_hd__a21oi_1)
                                                         _0319_ (net)
                      0.038063    0.000112    1.173429 v hold194/A (sky130_fd_sc_hd__dlygate4sd3_1)
     1    0.002511    0.051328    0.542802    1.716232 v hold194/X (sky130_fd_sc_hd__dlygate4sd3_1)
                                                         net199 (net)
                      0.051328    0.000180    1.716412 v _3060_/D (sky130_fd_sc_hd__dfrtp_1)
                                              1.716412   data arrival time

                                  0.000000    0.000000   clock clk (rise edge)
                                  0.000000    0.000000   clock source latency
     1    0.027657    0.129514    0.090739    0.090739 ^ clk (in)
                                                         clk (net)
                      0.129618    0.000000    0.090739 ^ clkbuf_0_clk/A (sky130_fd_sc_hd__clkbuf_16)
    16    0.122912    0.136331    0.228671    0.319410 ^ clkbuf_0_clk/X (sky130_fd_sc_hd__clkbuf_16)
                                                         clknet_0_clk (net)
                      0.137219    0.008798    0.328209 ^ clkbuf_4_14_0_clk/A (sky130_fd_sc_hd__clkbuf_8)
    11    0.071062    0.131314    0.226348    0.554557 ^ clkbuf_4_14_0_clk/X (sky130_fd_sc_hd__clkbuf_8)
                                                         clknet_4_14_0_clk (net)
                      0.131340    0.001833    0.556390 ^ _3060_/CLK (sky130_fd_sc_hd__dfrtp_1)
                                  0.500000    1.056390   clock uncertainty
                                  0.000000    1.056390   clock reconvergence pessimism
                                 -0.028654    1.027736   library hold time
                                              1.027736   data required time
---------------------------------------------------------------------------------------------
                                              1.027736   data required time
                                             -1.716412   data arrival time
---------------------------------------------------------------------------------------------
                                              0.688676   slack (MET)


Startpoint: _3132_ (rising edge-triggered flip-flop clocked by clk)
Endpoint: _3131_ (rising edge-triggered flip-flop clocked by clk)
Path Group: clk
Path Type: min

Fanout         Cap        Slew       Delay        Time   Description
---------------------------------------------------------------------------------------------
                                  0.000000    0.000000   clock clk (rise edge)
                                  0.000000    0.000000   clock source latency
     1    0.027657    0.129514    0.090739    0.090739 ^ clk (in)
                                                         clk (net)
                      0.129618    0.000000    0.090739 ^ clkbuf_0_clk/A (sky130_fd_sc_hd__clkbuf_16)
    16    0.122912    0.136331    0.228671    0.319410 ^ clkbuf_0_clk/X (sky130_fd_sc_hd__clkbuf_16)
                                                         clknet_0_clk (net)
                      0.136864    0.006872    0.326283 ^ clkbuf_4_7_0_clk/A (sky130_fd_sc_hd__clkbuf_8)
    17    0.070425    0.131162    0.223806    0.550088 ^ clkbuf_4_7_0_clk/X (sky130_fd_sc_hd__clkbuf_8)
                                                         clknet_4_7_0_clk (net)
                      0.131432    0.004888    0.554976 ^ _3132_/CLK (sky130_fd_sc_hd__dfrtp_1)
     2    0.005380    0.064693    0.363981    0.918957 ^ _3132_/Q (sky130_fd_sc_hd__dfrtp_1)
                                                         shift_out[5] (net)
                      0.064693    0.000359    0.919316 ^ _2078_/A1 (sky130_fd_sc_hd__a221o_1)
     1    0.004616    0.059399    0.149459    1.068775 ^ _2078_/X (sky130_fd_sc_hd__a221o_1)
                                                         _0477_ (net)
                      0.059400    0.000369    1.069144 ^ _2079_/B2 (sky130_fd_sc_hd__o22a_1)
     1    0.003263    0.045214    0.116344    1.185488 ^ _2079_/X (sky130_fd_sc_hd__o22a_1)
                                                         _0227_ (net)
                      0.045214    0.000199    1.185688 ^ hold40/A (sky130_fd_sc_hd__dlygate4sd3_1)
     1    0.003014    0.054727    0.536886    1.722573 ^ hold40/X (sky130_fd_sc_hd__dlygate4sd3_1)
                                                         net45 (net)
                      0.054727    0.000203    1.722776 ^ _3131_/D (sky130_fd_sc_hd__dfrtp_1)
                                              1.722776   data arrival time

                                  0.000000    0.000000   clock clk (rise edge)
                                  0.000000    0.000000   clock source latency
     1    0.027657    0.129514    0.090739    0.090739 ^ clk (in)
                                                         clk (net)
                      0.129618    0.000000    0.090739 ^ clkbuf_0_clk/A (sky130_fd_sc_hd__clkbuf_16)
    16    0.122912    0.136331    0.228671    0.319410 ^ clkbuf_0_clk/X (sky130_fd_sc_hd__clkbuf_16)
                                                         clknet_0_clk (net)
                      0.136864    0.006872    0.326283 ^ clkbuf_4_7_0_clk/A (sky130_fd_sc_hd__clkbuf_8)
    17    0.070425    0.131162    0.223806    0.550088 ^ clkbuf_4_7_0_clk/X (sky130_fd_sc_hd__clkbuf_8)
                                                         clknet_4_7_0_clk (net)
                      0.131541    0.005755    0.555843 ^ _3131_/CLK (sky130_fd_sc_hd__dfrtp_1)
                                  0.500000    1.055843   clock uncertainty
                                  0.000000    1.055843   clock reconvergence pessimism
                                 -0.024956    1.030887   library hold time
                                              1.030887   data required time
---------------------------------------------------------------------------------------------
                                              1.030887   data required time
                                             -1.722776   data arrival time
---------------------------------------------------------------------------------------------
                                              0.691889   slack (MET)


Startpoint: _3130_ (rising edge-triggered flip-flop clocked by clk)
Endpoint: _3129_ (rising edge-triggered flip-flop clocked by clk)
Path Group: clk
Path Type: min

Fanout         Cap        Slew       Delay        Time   Description
---------------------------------------------------------------------------------------------
                                  0.000000    0.000000   clock clk (rise edge)
                                  0.000000    0.000000   clock source latency
     1    0.027657    0.129514    0.090739    0.090739 ^ clk (in)
                                                         clk (net)
                      0.129618    0.000000    0.090739 ^ clkbuf_0_clk/A (sky130_fd_sc_hd__clkbuf_16)
    16    0.122912    0.136331    0.228671    0.319410 ^ clkbuf_0_clk/X (sky130_fd_sc_hd__clkbuf_16)
                                                         clknet_0_clk (net)
                      0.136864    0.006872    0.326283 ^ clkbuf_4_7_0_clk/A (sky130_fd_sc_hd__clkbuf_8)
    17    0.070425    0.131162    0.223806    0.550088 ^ clkbuf_4_7_0_clk/X (sky130_fd_sc_hd__clkbuf_8)
                                                         clknet_4_7_0_clk (net)
                      0.131609    0.006235    0.556323 ^ _3130_/CLK (sky130_fd_sc_hd__dfrtp_1)
     2    0.006373    0.072484    0.370752    0.927075 ^ _3130_/Q (sky130_fd_sc_hd__dfrtp_1)
                                                         shift_out[3] (net)
                      0.072484    0.000337    0.927412 ^ _2090_/A1 (sky130_fd_sc_hd__a221o_1)
     1    0.003007    0.046375    0.140278    1.067690 ^ _2090_/X (sky130_fd_sc_hd__a221o_1)
                                                         _0487_ (net)
                      0.046375    0.000144    1.067834 ^ _2091_/B2 (sky130_fd_sc_hd__o22a_1)
     1    0.002720    0.040687    0.107873    1.175707 ^ _2091_/X (sky130_fd_sc_hd__o22a_1)
                                                         _0225_ (net)
                      0.040687    0.000182    1.175889 ^ hold42/A (sky130_fd_sc_hd__dlygate4sd3_1)
     1    0.002817    0.053017    0.533547    1.709436 ^ hold42/X (sky130_fd_sc_hd__dlygate4sd3_1)
                                                         net47 (net)
                      0.053017    0.000192    1.709628 ^ _3129_/D (sky130_fd_sc_hd__dfrtp_1)
                                              1.709628   data arrival time

                                  0.000000    0.000000   clock clk (rise edge)
                                  0.000000    0.000000   clock source latency
     1    0.027657    0.129514    0.090739    0.090739 ^ clk (in)
                                                         clk (net)
                      0.129618    0.000000    0.090739 ^ clkbuf_0_clk/A (sky130_fd_sc_hd__clkbuf_16)
    16    0.122912    0.136331    0.228671    0.319410 ^ clkbuf_0_clk/X (sky130_fd_sc_hd__clkbuf_16)
                                                         clknet_0_clk (net)
                      0.136766    0.006233    0.325643 ^ clkbuf_4_6_0_clk/A (sky130_fd_sc_hd__clkbuf_8)
    12    0.059333    0.113222    0.211382    0.537026 ^ clkbuf_4_6_0_clk/X (sky130_fd_sc_hd__clkbuf_8)
                                                         clknet_4_6_0_clk (net)
                      0.113465    0.003803    0.540829 ^ _3129_/CLK (sky130_fd_sc_hd__dfrtp_1)
                                  0.500000    1.040829   clock uncertainty
                                  0.000000    1.040829   clock reconvergence pessimism
                                 -0.027075    1.013754   library hold time
                                              1.013754   data required time
---------------------------------------------------------------------------------------------
                                              1.013754   data required time
                                             -1.709628   data arrival time
---------------------------------------------------------------------------------------------
                                              0.695874   slack (MET)


Startpoint: _3168_ (rising edge-triggered flip-flop clocked by clk)
Endpoint: _3155_ (rising edge-triggered flip-flop clocked by clk)
Path Group: clk
Path Type: min

Fanout         Cap        Slew       Delay        Time   Description
---------------------------------------------------------------------------------------------
                                  0.000000    0.000000   clock clk (rise edge)
                                  0.000000    0.000000   clock source latency
     1    0.027657    0.129514    0.090739    0.090739 ^ clk (in)
                                                         clk (net)
                      0.129618    0.000000    0.090739 ^ clkbuf_0_clk/A (sky130_fd_sc_hd__clkbuf_16)
    16    0.122912    0.136331    0.228671    0.319410 ^ clkbuf_0_clk/X (sky130_fd_sc_hd__clkbuf_16)
                                                         clknet_0_clk (net)
                      0.137286    0.009113    0.328524 ^ clkbuf_4_0_0_clk/A (sky130_fd_sc_hd__clkbuf_8)
    24    0.077983    0.141740    0.232054    0.560578 ^ clkbuf_4_0_0_clk/X (sky130_fd_sc_hd__clkbuf_8)
                                                         clknet_4_0_0_clk (net)
                      0.142715    0.009435    0.570012 ^ _3168_/CLK (sky130_fd_sc_hd__dfstp_4)
    11    0.037618    0.077483    0.536530    1.106543 v _3168_/Q (sky130_fd_sc_hd__dfstp_4)
                                                         ss_s1 (net)
                      0.077488    0.001687    1.108230 v _2799_/A (sky130_fd_sc_hd__nor2_1)
     1    0.001880    0.061298    0.096864    1.205093 ^ _2799_/Y (sky130_fd_sc_hd__nor2_1)
                                                         _0008_ (net)
                      0.061298    0.000087    1.205180 ^ hold181/A (sky130_fd_sc_hd__dlygate4sd3_1)
     1    0.003021    0.054805    0.541899    1.747079 ^ hold181/X (sky130_fd_sc_hd__dlygate4sd3_1)
                                                         net186 (net)
                      0.054805    0.000197    1.747276 ^ _3155_/D (sky130_fd_sc_hd__dfrtp_1)
                                              1.747276   data arrival time

                                  0.000000    0.000000   clock clk (rise edge)
                                  0.000000    0.000000   clock source latency
     1    0.027657    0.129514    0.090739    0.090739 ^ clk (in)
                                                         clk (net)
                      0.129618    0.000000    0.090739 ^ clkbuf_0_clk/A (sky130_fd_sc_hd__clkbuf_16)
    16    0.122912    0.136331    0.228671    0.319410 ^ clkbuf_0_clk/X (sky130_fd_sc_hd__clkbuf_16)
                                                         clknet_0_clk (net)
                      0.137286    0.009113    0.328524 ^ clkbuf_4_0_0_clk/A (sky130_fd_sc_hd__clkbuf_8)
    24    0.077983    0.141740    0.232054    0.560578 ^ clkbuf_4_0_0_clk/X (sky130_fd_sc_hd__clkbuf_8)
                                                         clknet_4_0_0_clk (net)
                      0.142730    0.009502    0.570080 ^ _3155_/CLK (sky130_fd_sc_hd__dfrtp_1)
                                  0.500000    1.070080   clock uncertainty
                                  0.000000    1.070080   clock reconvergence pessimism
                                 -0.023441    1.046639   library hold time
                                              1.046639   data required time
---------------------------------------------------------------------------------------------
                                              1.046639   data required time
                                             -1.747276   data arrival time
---------------------------------------------------------------------------------------------
                                              0.700638   slack (MET)


Startpoint: _3104_ (rising edge-triggered flip-flop clocked by clk)
Endpoint: _3104_ (rising edge-triggered flip-flop clocked by clk)
Path Group: clk
Path Type: min

Fanout         Cap        Slew       Delay        Time   Description
---------------------------------------------------------------------------------------------
                                  0.000000    0.000000   clock clk (rise edge)
                                  0.000000    0.000000   clock source latency
     1    0.027657    0.129514    0.090739    0.090739 ^ clk (in)
                                                         clk (net)
                      0.129618    0.000000    0.090739 ^ clkbuf_0_clk/A (sky130_fd_sc_hd__clkbuf_16)
    16    0.122912    0.136331    0.228671    0.319410 ^ clkbuf_0_clk/X (sky130_fd_sc_hd__clkbuf_16)
                                                         clknet_0_clk (net)
                      0.136820    0.006591    0.326001 ^ clkbuf_4_5_0_clk/A (sky130_fd_sc_hd__clkbuf_8)
    10    0.064582    0.121004    0.218024    0.544025 ^ clkbuf_4_5_0_clk/X (sky130_fd_sc_hd__clkbuf_8)
                                                         clknet_4_5_0_clk (net)
                      0.121032    0.001848    0.545874 ^ _3104_/CLK (sky130_fd_sc_hd__dfrtp_2)
     6    0.033803    0.171432    0.474127    1.020001 ^ _3104_/Q (sky130_fd_sc_hd__dfrtp_2)
                                                         my_mul.x2[9] (net)
                      0.171433    0.000910    1.020911 ^ _2130_/A1 (sky130_fd_sc_hd__mux2_1)
     1    0.004476    0.054261    0.167849    1.188759 ^ _2130_/X (sky130_fd_sc_hd__mux2_1)
                                                         _0200_ (net)
                      0.054261    0.000235    1.188995 ^ hold77/A (sky130_fd_sc_hd__dlygate4sd3_1)
     1    0.002320    0.048922    0.533270    1.722265 ^ hold77/X (sky130_fd_sc_hd__dlygate4sd3_1)
                                                         net82 (net)
                      0.048922    0.000105    1.722370 ^ _3104_/D (sky130_fd_sc_hd__dfrtp_2)
                                              1.722370   data arrival time

                                  0.000000    0.000000   clock clk (rise edge)
                                  0.000000    0.000000   clock source latency
     1    0.027657    0.129514    0.090739    0.090739 ^ clk (in)
                                                         clk (net)
                      0.129618    0.000000    0.090739 ^ clkbuf_0_clk/A (sky130_fd_sc_hd__clkbuf_16)
    16    0.122912    0.136331    0.228671    0.319410 ^ clkbuf_0_clk/X (sky130_fd_sc_hd__clkbuf_16)
                                                         clknet_0_clk (net)
                      0.136820    0.006591    0.326001 ^ clkbuf_4_5_0_clk/A (sky130_fd_sc_hd__clkbuf_8)
    10    0.064582    0.121004    0.218024    0.544025 ^ clkbuf_4_5_0_clk/X (sky130_fd_sc_hd__clkbuf_8)
                                                         clknet_4_5_0_clk (net)
                      0.121032    0.001848    0.545874 ^ _3104_/CLK (sky130_fd_sc_hd__dfrtp_2)
                                  0.500000    1.045874   clock uncertainty
                                  0.000000    1.045874   clock reconvergence pessimism
                                 -0.025093    1.020781   library hold time
                                              1.020781   data required time
---------------------------------------------------------------------------------------------
                                              1.020781   data required time
                                             -1.722370   data arrival time
---------------------------------------------------------------------------------------------
                                              0.701589   slack (MET)


Startpoint: _3139_ (rising edge-triggered flip-flop clocked by clk)
Endpoint: _3138_ (rising edge-triggered flip-flop clocked by clk)
Path Group: clk
Path Type: min

Fanout         Cap        Slew       Delay        Time   Description
---------------------------------------------------------------------------------------------
                                  0.000000    0.000000   clock clk (rise edge)
                                  0.000000    0.000000   clock source latency
     1    0.027657    0.129514    0.090739    0.090739 ^ clk (in)
                                                         clk (net)
                      0.129618    0.000000    0.090739 ^ clkbuf_0_clk/A (sky130_fd_sc_hd__clkbuf_16)
    16    0.122912    0.136331    0.228671    0.319410 ^ clkbuf_0_clk/X (sky130_fd_sc_hd__clkbuf_16)
                                                         clknet_0_clk (net)
                      0.137305    0.009201    0.328612 ^ clkbuf_4_1_0_clk/A (sky130_fd_sc_hd__clkbuf_8)
    16    0.071217    0.132356    0.225099    0.553711 ^ clkbuf_4_1_0_clk/X (sky130_fd_sc_hd__clkbuf_8)
                                                         clknet_4_1_0_clk (net)
                      0.132949    0.006786    0.560497 ^ _3139_/CLK (sky130_fd_sc_hd__dfrtp_1)
     2    0.006567    0.074027    0.372441    0.932938 ^ _3139_/Q (sky130_fd_sc_hd__dfrtp_1)
                                                         shift_out[12] (net)
                      0.074028    0.000384    0.933322 ^ _2028_/A1 (sky130_fd_sc_hd__a221o_1)
     1    0.003082    0.046934    0.141461    1.074783 ^ _2028_/X (sky130_fd_sc_hd__a221o_1)
                                                         _0434_ (net)
                      0.046934    0.000213    1.074997 ^ _2029_/B2 (sky130_fd_sc_hd__o22a_1)
     1    0.002767    0.041076    0.108426    1.183423 ^ _2029_/X (sky130_fd_sc_hd__o22a_1)
                                                         _0234_ (net)
                      0.041076    0.000176    1.183599 ^ hold54/A (sky130_fd_sc_hd__dlygate4sd3_1)
     1    0.003257    0.056865    0.537806    1.721405 ^ hold54/X (sky130_fd_sc_hd__dlygate4sd3_1)
                                                         net59 (net)
                      0.056865    0.000233    1.721638 ^ _3138_/D (sky130_fd_sc_hd__dfrtp_1)
                                              1.721638   data arrival time

                                  0.000000    0.000000   clock clk (rise edge)
                                  0.000000    0.000000   clock source latency
     1    0.027657    0.129514    0.090739    0.090739 ^ clk (in)
                                                         clk (net)
                      0.129618    0.000000    0.090739 ^ clkbuf_0_clk/A (sky130_fd_sc_hd__clkbuf_16)
    16    0.122912    0.136331    0.228671    0.319410 ^ clkbuf_0_clk/X (sky130_fd_sc_hd__clkbuf_16)
                                                         clknet_0_clk (net)
                      0.136872    0.006922    0.326332 ^ clkbuf_4_4_0_clk/A (sky130_fd_sc_hd__clkbuf_8)
    11    0.059675    0.113746    0.211995    0.538327 ^ clkbuf_4_4_0_clk/X (sky130_fd_sc_hd__clkbuf_8)
                                                         clknet_4_4_0_clk (net)
                      0.113821    0.002706    0.541033 ^ _3138_/CLK (sky130_fd_sc_hd__dfrtp_1)
                                  0.500000    1.041033   clock uncertainty
                                  0.000000    1.041033   clock reconvergence pessimism
                                 -0.027826    1.013206   library hold time
                                              1.013206   data required time
---------------------------------------------------------------------------------------------
                                              1.013206   data required time
                                             -1.721638   data arrival time
---------------------------------------------------------------------------------------------
                                              0.708431   slack (MET)


Startpoint: _3136_ (rising edge-triggered flip-flop clocked by clk)
Endpoint: _3135_ (rising edge-triggered flip-flop clocked by clk)
Path Group: clk
Path Type: min

Fanout         Cap        Slew       Delay        Time   Description
---------------------------------------------------------------------------------------------
                                  0.000000    0.000000   clock clk (rise edge)
                                  0.000000    0.000000   clock source latency
     1    0.027657    0.129514    0.090739    0.090739 ^ clk (in)
                                                         clk (net)
                      0.129618    0.000000    0.090739 ^ clkbuf_0_clk/A (sky130_fd_sc_hd__clkbuf_16)
    16    0.122912    0.136331    0.228671    0.319410 ^ clkbuf_0_clk/X (sky130_fd_sc_hd__clkbuf_16)
                                                         clknet_0_clk (net)
                      0.136820    0.006591    0.326001 ^ clkbuf_4_5_0_clk/A (sky130_fd_sc_hd__clkbuf_8)
    10    0.064582    0.121004    0.218024    0.544025 ^ clkbuf_4_5_0_clk/X (sky130_fd_sc_hd__clkbuf_8)
                                                         clknet_4_5_0_clk (net)
                      0.121022    0.001546    0.545571 ^ _3136_/CLK (sky130_fd_sc_hd__dfrtp_1)
     2    0.005308    0.064138    0.360193    0.905764 ^ _3136_/Q (sky130_fd_sc_hd__dfrtp_1)
                                                         shift_out[9] (net)
                      0.064138    0.000362    0.906126 ^ _2049_/A1 (sky130_fd_sc_hd__a221o_1)
     1    0.005370    0.065834    0.154676    1.060802 ^ _2049_/X (sky130_fd_sc_hd__a221o_1)
                                                         _0452_ (net)
                      0.065835    0.000384    1.061186 ^ _2050_/B2 (sky130_fd_sc_hd__o22a_1)
     1    0.004140    0.052665    0.124572    1.185758 ^ _2050_/X (sky130_fd_sc_hd__o22a_1)
                                                         _0231_ (net)
                      0.052665    0.000173    1.185930 ^ hold38/A (sky130_fd_sc_hd__dlygate4sd3_1)
     1    0.002581    0.051025    0.535242    1.721173 ^ hold38/X (sky130_fd_sc_hd__dlygate4sd3_1)
                                                         net43 (net)
                      0.051025    0.000175    1.721348 ^ _3135_/D (sky130_fd_sc_hd__dfrtp_1)
                                              1.721348   data arrival time

                                  0.000000    0.000000   clock clk (rise edge)
                                  0.000000    0.000000   clock source latency
     1    0.027657    0.129514    0.090739    0.090739 ^ clk (in)
                                                         clk (net)
                      0.129618    0.000000    0.090739 ^ clkbuf_0_clk/A (sky130_fd_sc_hd__clkbuf_16)
    16    0.122912    0.136331    0.228671    0.319410 ^ clkbuf_0_clk/X (sky130_fd_sc_hd__clkbuf_16)
                                                         clknet_0_clk (net)
                      0.136766    0.006233    0.325643 ^ clkbuf_4_6_0_clk/A (sky130_fd_sc_hd__clkbuf_8)
    12    0.059333    0.113222    0.211382    0.537026 ^ clkbuf_4_6_0_clk/X (sky130_fd_sc_hd__clkbuf_8)
                                                         clknet_4_6_0_clk (net)
                      0.113282    0.002449    0.539475 ^ _3135_/CLK (sky130_fd_sc_hd__dfrtp_1)
                                  0.500000    1.039475   clock uncertainty
                                  0.000000    1.039475   clock reconvergence pessimism
                                 -0.026686    1.012789   library hold time
                                              1.012789   data required time
---------------------------------------------------------------------------------------------
                                              1.012789   data required time
                                             -1.721348   data arrival time
---------------------------------------------------------------------------------------------
                                              0.708559   slack (MET)


Startpoint: _3118_ (rising edge-triggered flip-flop clocked by clk)
Endpoint: _3102_ (rising edge-triggered flip-flop clocked by clk)
Path Group: clk
Path Type: min

Fanout         Cap        Slew       Delay        Time   Description
---------------------------------------------------------------------------------------------
                                  0.000000    0.000000   clock clk (rise edge)
                                  0.000000    0.000000   clock source latency
     1    0.027657    0.129514    0.090739    0.090739 ^ clk (in)
                                                         clk (net)
                      0.129618    0.000000    0.090739 ^ clkbuf_0_clk/A (sky130_fd_sc_hd__clkbuf_16)
    16    0.122912    0.136331    0.228671    0.319410 ^ clkbuf_0_clk/X (sky130_fd_sc_hd__clkbuf_16)
                                                         clknet_0_clk (net)
                      0.136820    0.006591    0.326001 ^ clkbuf_4_5_0_clk/A (sky130_fd_sc_hd__clkbuf_8)
    10    0.064582    0.121004    0.218024    0.544025 ^ clkbuf_4_5_0_clk/X (sky130_fd_sc_hd__clkbuf_8)
                                                         clknet_4_5_0_clk (net)
                      0.121346    0.004789    0.548815 ^ _3118_/CLK (sky130_fd_sc_hd__dfrtp_1)
     1    0.002150    0.039976    0.337004    0.885819 ^ _3118_/Q (sky130_fd_sc_hd__dfrtp_1)
                                                         shift_in[7] (net)
                      0.039976    0.000146    0.885965 ^ hold87/A (sky130_fd_sc_hd__dlygate4sd3_1)
     5    0.025030    0.254115    0.690494    1.576459 ^ hold87/X (sky130_fd_sc_hd__dlygate4sd3_1)
                                                         net92 (net)
                      0.254117    0.001236    1.577695 ^ _2132_/A0 (sky130_fd_sc_hd__mux2_1)
     1    0.002373    0.038129    0.169612    1.747307 ^ _2132_/X (sky130_fd_sc_hd__mux2_1)
                                                         _0198_ (net)
                      0.038129    0.000167    1.747474 ^ _3102_/D (sky130_fd_sc_hd__dfrtp_4)
                                              1.747474   data arrival time

                                  0.000000    0.000000   clock clk (rise edge)
                                  0.000000    0.000000   clock source latency
     1    0.027657    0.129514    0.090739    0.090739 ^ clk (in)
                                                         clk (net)
                      0.129618    0.000000    0.090739 ^ clkbuf_0_clk/A (sky130_fd_sc_hd__clkbuf_16)
    16    0.122912    0.136331    0.228671    0.319410 ^ clkbuf_0_clk/X (sky130_fd_sc_hd__clkbuf_16)
                                                         clknet_0_clk (net)
                      0.136864    0.006872    0.326283 ^ clkbuf_4_7_0_clk/A (sky130_fd_sc_hd__clkbuf_8)
    17    0.070425    0.131162    0.223806    0.550088 ^ clkbuf_4_7_0_clk/X (sky130_fd_sc_hd__clkbuf_8)
                                                         clknet_4_7_0_clk (net)
                      0.131266    0.003077    0.553165 ^ _3102_/CLK (sky130_fd_sc_hd__dfrtp_4)
                                  0.500000    1.053165   clock uncertainty
                                  0.000000    1.053165   clock reconvergence pessimism
                                 -0.021551    1.031614   library hold time
                                              1.031614   data required time
---------------------------------------------------------------------------------------------
                                              1.031614   data required time
                                             -1.747474   data arrival time
---------------------------------------------------------------------------------------------
                                              0.715860   slack (MET)


Startpoint: _2998_ (rising edge-triggered flip-flop clocked by clk)
Endpoint: _3173_ (rising edge-triggered flip-flop clocked by clk)
Path Group: clk
Path Type: min

Fanout         Cap        Slew       Delay        Time   Description
---------------------------------------------------------------------------------------------
                                  0.000000    0.000000   clock clk (rise edge)
                                  0.000000    0.000000   clock source latency
     1    0.027657    0.129514    0.090739    0.090739 ^ clk (in)
                                                         clk (net)
                      0.129618    0.000000    0.090739 ^ clkbuf_0_clk/A (sky130_fd_sc_hd__clkbuf_16)
    16    0.122912    0.136331    0.228671    0.319410 ^ clkbuf_0_clk/X (sky130_fd_sc_hd__clkbuf_16)
                                                         clknet_0_clk (net)
                      0.137286    0.009113    0.328524 ^ clkbuf_4_0_0_clk/A (sky130_fd_sc_hd__clkbuf_8)
    24    0.077983    0.141740    0.232054    0.560578 ^ clkbuf_4_0_0_clk/X (sky130_fd_sc_hd__clkbuf_8)
                                                         clknet_4_0_0_clk (net)
                      0.142020    0.005162    0.565740 ^ _2998_/CLK (sky130_fd_sc_hd__dfrtp_1)
     2    0.007235    0.079328    0.379721    0.945461 ^ _2998_/Q (sky130_fd_sc_hd__dfrtp_1)
                                                         my_divider.counter[1] (net)
                      0.079329    0.000422    0.945883 ^ _1548_/B (sky130_fd_sc_hd__or4b_1)
     3    0.017179    0.162586    0.201218    1.147101 ^ _1548_/X (sky130_fd_sc_hd__or4b_1)
                                                         _1093_ (net)
                      0.162591    0.001133    1.148233 ^ _2689_/B (sky130_fd_sc_hd__and2_4)
    17    0.085361    0.249281    0.321964    1.470198 ^ _2689_/X (sky130_fd_sc_hd__and2_4)
                                                         _0972_ (net)
                      0.250204    0.012370    1.482568 ^ _2691_/A (sky130_fd_sc_hd__nor2_4)
    16    0.068949    0.123268    0.154357    1.636925 v _2691_/Y (sky130_fd_sc_hd__nor2_4)
                                                         _0974_ (net)
                      0.123542    0.004764    1.641688 v _2692_/A (sky130_fd_sc_hd__inv_2)
     2    0.013536    0.072920    0.109746    1.751434 ^ _2692_/Y (sky130_fd_sc_hd__inv_2)
                                                         my_divider.en_r (net)
                      0.072923    0.000612    1.752045 ^ _3173_/D (sky130_fd_sc_hd__dfrtp_1)
                                              1.752045   data arrival time

                                  0.000000    0.000000   clock clk (rise edge)
                                  0.000000    0.000000   clock source latency
     1    0.027657    0.129514    0.090739    0.090739 ^ clk (in)
                                                         clk (net)
                      0.129618    0.000000    0.090739 ^ clkbuf_0_clk/A (sky130_fd_sc_hd__clkbuf_16)
    16    0.122912    0.136331    0.228671    0.319410 ^ clkbuf_0_clk/X (sky130_fd_sc_hd__clkbuf_16)
                                                         clknet_0_clk (net)
                      0.137207    0.008737    0.328148 ^ clkbuf_4_2_0_clk/A (sky130_fd_sc_hd__clkbuf_8)
    18    0.073380    0.135996    0.226742    0.554890 ^ clkbuf_4_2_0_clk/X (sky130_fd_sc_hd__clkbuf_8)
                                                         clknet_4_2_0_clk (net)
                      0.136423    0.006240    0.561130 ^ _3173_/CLK (sky130_fd_sc_hd__dfrtp_1)
                                  0.500000    1.061130   clock uncertainty
                                  0.000000    1.061130   clock reconvergence pessimism
                                 -0.028060    1.033071   library hold time
                                              1.033071   data required time
---------------------------------------------------------------------------------------------
                                              1.033071   data required time
                                             -1.752045   data arrival time
---------------------------------------------------------------------------------------------
                                              0.718975   slack (MET)


Startpoint: _3103_ (rising edge-triggered flip-flop clocked by clk)
Endpoint: _3103_ (rising edge-triggered flip-flop clocked by clk)
Path Group: clk
Path Type: min

Fanout         Cap        Slew       Delay        Time   Description
---------------------------------------------------------------------------------------------
                                  0.000000    0.000000   clock clk (rise edge)
                                  0.000000    0.000000   clock source latency
     1    0.027657    0.129514    0.090739    0.090739 ^ clk (in)
                                                         clk (net)
                      0.129618    0.000000    0.090739 ^ clkbuf_0_clk/A (sky130_fd_sc_hd__clkbuf_16)
    16    0.122912    0.136331    0.228671    0.319410 ^ clkbuf_0_clk/X (sky130_fd_sc_hd__clkbuf_16)
                                                         clknet_0_clk (net)
                      0.136864    0.006872    0.326283 ^ clkbuf_4_7_0_clk/A (sky130_fd_sc_hd__clkbuf_8)
    17    0.070425    0.131162    0.223806    0.550088 ^ clkbuf_4_7_0_clk/X (sky130_fd_sc_hd__clkbuf_8)
                                                         clknet_4_7_0_clk (net)
                      0.131267    0.003086    0.553174 ^ _3103_/CLK (sky130_fd_sc_hd__dfrtp_4)
     7    0.039070    0.137170    0.507211    1.060385 ^ _3103_/Q (sky130_fd_sc_hd__dfrtp_4)
                                                         my_mul.x2[8] (net)
                      0.137177    0.001245    1.061630 ^ _2131_/A1 (sky130_fd_sc_hd__mux2_1)
     1    0.003811    0.049038    0.154826    1.216456 ^ _2131_/X (sky130_fd_sc_hd__mux2_1)
                                                         _0199_ (net)
                      0.049038    0.000220    1.216676 ^ hold64/A (sky130_fd_sc_hd__dlygate4sd3_1)
     1    0.002371    0.049297    0.532098    1.748775 ^ hold64/X (sky130_fd_sc_hd__dlygate4sd3_1)
                                                         net69 (net)
                      0.049297    0.000109    1.748884 ^ _3103_/D (sky130_fd_sc_hd__dfrtp_4)
                                              1.748884   data arrival time

                                  0.000000    0.000000   clock clk (rise edge)
                                  0.000000    0.000000   clock source latency
     1    0.027657    0.129514    0.090739    0.090739 ^ clk (in)
                                                         clk (net)
                      0.129618    0.000000    0.090739 ^ clkbuf_0_clk/A (sky130_fd_sc_hd__clkbuf_16)
    16    0.122912    0.136331    0.228671    0.319410 ^ clkbuf_0_clk/X (sky130_fd_sc_hd__clkbuf_16)
                                                         clknet_0_clk (net)
                      0.136864    0.006872    0.326283 ^ clkbuf_4_7_0_clk/A (sky130_fd_sc_hd__clkbuf_8)
    17    0.070425    0.131162    0.223806    0.550088 ^ clkbuf_4_7_0_clk/X (sky130_fd_sc_hd__clkbuf_8)
                                                         clknet_4_7_0_clk (net)
                      0.131267    0.003086    0.553174 ^ _3103_/CLK (sky130_fd_sc_hd__dfrtp_4)
                                  0.500000    1.053174   clock uncertainty
                                  0.000000    1.053174   clock reconvergence pessimism
                                 -0.023868    1.029307   library hold time
                                              1.029307   data required time
---------------------------------------------------------------------------------------------
                                              1.029307   data required time
                                             -1.748884   data arrival time
---------------------------------------------------------------------------------------------
                                              0.719578   slack (MET)


Startpoint: _3091_ (rising edge-triggered flip-flop clocked by clk)
Endpoint: _3038_ (rising edge-triggered flip-flop clocked by clk)
Path Group: clk
Path Type: min

Fanout         Cap        Slew       Delay        Time   Description
---------------------------------------------------------------------------------------------
                                  0.000000    0.000000   clock clk (rise edge)
                                  0.000000    0.000000   clock source latency
     1    0.027657    0.129514    0.090739    0.090739 ^ clk (in)
                                                         clk (net)
                      0.129618    0.000000    0.090739 ^ clkbuf_0_clk/A (sky130_fd_sc_hd__clkbuf_16)
    16    0.122912    0.136331    0.228671    0.319410 ^ clkbuf_0_clk/X (sky130_fd_sc_hd__clkbuf_16)
                                                         clknet_0_clk (net)
                      0.136901    0.007097    0.326508 ^ clkbuf_4_9_0_clk/A (sky130_fd_sc_hd__clkbuf_8)
     7    0.060185    0.114583    0.212457    0.538964 ^ clkbuf_4_9_0_clk/X (sky130_fd_sc_hd__clkbuf_8)
                                                         clknet_4_9_0_clk (net)
                      0.114810    0.003656    0.542620 ^ _3091_/CLK (sky130_fd_sc_hd__dfrtp_2)
     8    0.026681    0.140399    0.448307    0.990928 ^ _3091_/Q (sky130_fd_sc_hd__dfrtp_2)
                                                         acc_reg[12] (net)
                      0.140426    0.001925    0.992853 ^ _2386_/B2 (sky130_fd_sc_hd__a22o_1)
     1    0.003003    0.045741    0.142696    1.135548 ^ _2386_/X (sky130_fd_sc_hd__a22o_1)
                                                         _0691_ (net)
                      0.045745    0.000216    1.135764 ^ _2387_/B1 (sky130_fd_sc_hd__a21o_1)
     1    0.002688    0.033955    0.075019    1.210783 ^ _2387_/X (sky130_fd_sc_hd__a21o_1)
                                                         _0297_ (net)
                      0.033955    0.000166    1.210949 ^ hold245/A (sky130_fd_sc_hd__dlygate4sd3_1)
     1    0.002377    0.049306    0.527228    1.738177 ^ hold245/X (sky130_fd_sc_hd__dlygate4sd3_1)
                                                         net250 (net)
                      0.049306    0.000166    1.738344 ^ _3038_/D (sky130_fd_sc_hd__dfrtp_1)
                                              1.738344   data arrival time

                                  0.000000    0.000000   clock clk (rise edge)
                                  0.000000    0.000000   clock source latency
     1    0.027657    0.129514    0.090739    0.090739 ^ clk (in)
                                                         clk (net)
                      0.129618    0.000000    0.090739 ^ clkbuf_0_clk/A (sky130_fd_sc_hd__clkbuf_16)
    16    0.122912    0.136331    0.228671    0.319410 ^ clkbuf_0_clk/X (sky130_fd_sc_hd__clkbuf_16)
                                                         clknet_0_clk (net)
                      0.137076    0.008079    0.327489 ^ clkbuf_4_11_0_clk/A (sky130_fd_sc_hd__clkbuf_8)
    13    0.059228    0.112479    0.212100    0.539589 ^ clkbuf_4_11_0_clk/X (sky130_fd_sc_hd__clkbuf_8)
                                                         clknet_4_11_0_clk (net)
                      0.112583    0.003063    0.542652 ^ _3038_/CLK (sky130_fd_sc_hd__dfrtp_1)
                                  0.500000    1.042652   clock uncertainty
                                  0.000000    1.042652   clock reconvergence pessimism
                                 -0.026425    1.016228   library hold time
                                              1.016228   data required time
---------------------------------------------------------------------------------------------
                                              1.016228   data required time
                                             -1.738344   data arrival time
---------------------------------------------------------------------------------------------
                                              0.722116   slack (MET)


Startpoint: _3148_ (rising edge-triggered flip-flop clocked by clk)
Endpoint: _3148_ (rising edge-triggered flip-flop clocked by clk)
Path Group: clk
Path Type: min

Fanout         Cap        Slew       Delay        Time   Description
---------------------------------------------------------------------------------------------
                                  0.000000    0.000000   clock clk (rise edge)
                                  0.000000    0.000000   clock source latency
     1    0.027657    0.129514    0.090739    0.090739 ^ clk (in)
                                                         clk (net)
                      0.129618    0.000000    0.090739 ^ clkbuf_0_clk/A (sky130_fd_sc_hd__clkbuf_16)
    16    0.122912    0.136331    0.228671    0.319410 ^ clkbuf_0_clk/X (sky130_fd_sc_hd__clkbuf_16)
                                                         clknet_0_clk (net)
                      0.137305    0.009201    0.328612 ^ clkbuf_4_1_0_clk/A (sky130_fd_sc_hd__clkbuf_8)
    16    0.071217    0.132356    0.225099    0.553711 ^ clkbuf_4_1_0_clk/X (sky130_fd_sc_hd__clkbuf_8)
                                                         clknet_4_1_0_clk (net)
                      0.132659    0.004614    0.558325 ^ _3148_/CLK (sky130_fd_sc_hd__dfrtp_2)
     4    0.014095    0.085317    0.411807    0.970132 ^ _3148_/Q (sky130_fd_sc_hd__dfrtp_2)
                                                         op_reg[0] (net)
                      0.085321    0.000717    0.970849 ^ hold226/A (sky130_fd_sc_hd__dlygate4sd3_1)
     2    0.014731    0.159510    0.634211    1.605060 ^ hold226/X (sky130_fd_sc_hd__dlygate4sd3_1)
                                                         net231 (net)
                      0.159510    0.000441    1.605501 ^ _1512_/A0 (sky130_fd_sc_hd__mux2_1)
     1    0.003135    0.043841    0.152826    1.758327 ^ _1512_/X (sky130_fd_sc_hd__mux2_1)
                                                         _0244_ (net)
                      0.043841    0.000130    1.758457 ^ _3148_/D (sky130_fd_sc_hd__dfrtp_2)
                                              1.758457   data arrival time

                                  0.000000    0.000000   clock clk (rise edge)
                                  0.000000    0.000000   clock source latency
     1    0.027657    0.129514    0.090739    0.090739 ^ clk (in)
                                                         clk (net)
                      0.129618    0.000000    0.090739 ^ clkbuf_0_clk/A (sky130_fd_sc_hd__clkbuf_16)
    16    0.122912    0.136331    0.228671    0.319410 ^ clkbuf_0_clk/X (sky130_fd_sc_hd__clkbuf_16)
                                                         clknet_0_clk (net)
                      0.137305    0.009201    0.328612 ^ clkbuf_4_1_0_clk/A (sky130_fd_sc_hd__clkbuf_8)
    16    0.071217    0.132356    0.225099    0.553711 ^ clkbuf_4_1_0_clk/X (sky130_fd_sc_hd__clkbuf_8)
                                                         clknet_4_1_0_clk (net)
                      0.132659    0.004614    0.558325 ^ _3148_/CLK (sky130_fd_sc_hd__dfrtp_2)
                                  0.500000    1.058325   clock uncertainty
                                  0.000000    1.058325   clock reconvergence pessimism
                                 -0.022462    1.035864   library hold time
                                              1.035864   data required time
---------------------------------------------------------------------------------------------
                                              1.035864   data required time
                                             -1.758457   data arrival time
---------------------------------------------------------------------------------------------
                                              0.722593   slack (MET)


Startpoint: _3094_ (rising edge-triggered flip-flop clocked by clk)
Endpoint: _3142_ (rising edge-triggered flip-flop clocked by clk)
Path Group: clk
Path Type: min

Fanout         Cap        Slew       Delay        Time   Description
---------------------------------------------------------------------------------------------
                                  0.000000    0.000000   clock clk (rise edge)
                                  0.000000    0.000000   clock source latency
     1    0.027657    0.129514    0.090739    0.090739 ^ clk (in)
                                                         clk (net)
                      0.129618    0.000000    0.090739 ^ clkbuf_0_clk/A (sky130_fd_sc_hd__clkbuf_16)
    16    0.122912    0.136331    0.228671    0.319410 ^ clkbuf_0_clk/X (sky130_fd_sc_hd__clkbuf_16)
                                                         clknet_0_clk (net)
                      0.137305    0.009201    0.328612 ^ clkbuf_4_1_0_clk/A (sky130_fd_sc_hd__clkbuf_8)
    16    0.071217    0.132356    0.225099    0.553711 ^ clkbuf_4_1_0_clk/X (sky130_fd_sc_hd__clkbuf_8)
                                                         clknet_4_1_0_clk (net)
                      0.132942    0.006743    0.560455 ^ _3094_/CLK (sky130_fd_sc_hd__dfrtp_2)
     3    0.015575    0.091781    0.416976    0.977430 ^ _3094_/Q (sky130_fd_sc_hd__dfrtp_2)
                                                         acc_reg[15] (net)
                      0.091783    0.000592    0.978022 ^ _1559_/A1 (sky130_fd_sc_hd__a211o_1)
     1    0.003093    0.038705    0.124957    1.102979 ^ _1559_/X (sky130_fd_sc_hd__a211o_1)
                                                         _1104_ (net)
                      0.038705    0.000213    1.103192 ^ _1560_/B1 (sky130_fd_sc_hd__o21a_1)
     1    0.002141    0.035627    0.099044    1.202236 ^ _1560_/X (sky130_fd_sc_hd__o21a_1)
                                                         _0238_ (net)
                      0.035627    0.000147    1.202383 ^ hold36/A (sky130_fd_sc_hd__dlygate4sd3_1)
     1    0.003210    0.056450    0.535599    1.737982 ^ hold36/X (sky130_fd_sc_hd__dlygate4sd3_1)
                                                         net41 (net)
                      0.056450    0.000202    1.738184 ^ _3142_/D (sky130_fd_sc_hd__dfrtp_1)
                                              1.738184   data arrival time

                                  0.000000    0.000000   clock clk (rise edge)
                                  0.000000    0.000000   clock source latency
     1    0.027657    0.129514    0.090739    0.090739 ^ clk (in)
                                                         clk (net)
                      0.129618    0.000000    0.090739 ^ clkbuf_0_clk/A (sky130_fd_sc_hd__clkbuf_16)
    16    0.122912    0.136331    0.228671    0.319410 ^ clkbuf_0_clk/X (sky130_fd_sc_hd__clkbuf_16)
                                                         clknet_0_clk (net)
                      0.137109    0.008249    0.327659 ^ clkbuf_4_3_0_clk/A (sky130_fd_sc_hd__clkbuf_8)
    11    0.060066    0.113828    0.212789    0.540448 ^ clkbuf_4_3_0_clk/X (sky130_fd_sc_hd__clkbuf_8)
                                                         clknet_4_3_0_clk (net)
                      0.113890    0.002470    0.542918 ^ _3142_/CLK (sky130_fd_sc_hd__dfrtp_1)
                                  0.500000    1.042918   clock uncertainty
                                  0.000000    1.042918   clock reconvergence pessimism
                                 -0.027731    1.015187   library hold time
                                              1.015187   data required time
---------------------------------------------------------------------------------------------
                                              1.015187   data required time
                                             -1.738184   data arrival time
---------------------------------------------------------------------------------------------
                                              0.722997   slack (MET)


Startpoint: _3151_ (rising edge-triggered flip-flop clocked by clk)
Endpoint: _3151_ (rising edge-triggered flip-flop clocked by clk)
Path Group: clk
Path Type: min

Fanout         Cap        Slew       Delay        Time   Description
---------------------------------------------------------------------------------------------
                                  0.000000    0.000000   clock clk (rise edge)
                                  0.000000    0.000000   clock source latency
     1    0.027657    0.129514    0.090739    0.090739 ^ clk (in)
                                                         clk (net)
                      0.129618    0.000000    0.090739 ^ clkbuf_0_clk/A (sky130_fd_sc_hd__clkbuf_16)
    16    0.122912    0.136331    0.228671    0.319410 ^ clkbuf_0_clk/X (sky130_fd_sc_hd__clkbuf_16)
                                                         clknet_0_clk (net)
                      0.137305    0.009201    0.328612 ^ clkbuf_4_1_0_clk/A (sky130_fd_sc_hd__clkbuf_8)
    16    0.071217    0.132356    0.225099    0.553711 ^ clkbuf_4_1_0_clk/X (sky130_fd_sc_hd__clkbuf_8)
                                                         clknet_4_1_0_clk (net)
                      0.132620    0.004231    0.557942 ^ _3151_/CLK (sky130_fd_sc_hd__dfrtp_2)
     4    0.019610    0.109258    0.430681    0.988623 ^ _3151_/Q (sky130_fd_sc_hd__dfrtp_2)
                                                         my_sum_sub.operation (net)
                      0.109260    0.000686    0.989309 ^ hold274/A (sky130_fd_sc_hd__dlygate4sd3_1)
     2    0.011568    0.130195    0.619553    1.608862 ^ hold274/X (sky130_fd_sc_hd__dlygate4sd3_1)
                                                         net279 (net)
                      0.130195    0.000431    1.609293 ^ _1509_/A0 (sky130_fd_sc_hd__mux2_1)
     1    0.003519    0.046773    0.148656    1.757949 ^ _1509_/X (sky130_fd_sc_hd__mux2_1)
                                                         _0247_ (net)
                      0.046773    0.000214    1.758163 ^ _3151_/D (sky130_fd_sc_hd__dfrtp_2)
                                              1.758163   data arrival time

                                  0.000000    0.000000   clock clk (rise edge)
                                  0.000000    0.000000   clock source latency
     1    0.027657    0.129514    0.090739    0.090739 ^ clk (in)
                                                         clk (net)
                      0.129618    0.000000    0.090739 ^ clkbuf_0_clk/A (sky130_fd_sc_hd__clkbuf_16)
    16    0.122912    0.136331    0.228671    0.319410 ^ clkbuf_0_clk/X (sky130_fd_sc_hd__clkbuf_16)
                                                         clknet_0_clk (net)
                      0.137305    0.009201    0.328612 ^ clkbuf_4_1_0_clk/A (sky130_fd_sc_hd__clkbuf_8)
    16    0.071217    0.132356    0.225099    0.553711 ^ clkbuf_4_1_0_clk/X (sky130_fd_sc_hd__clkbuf_8)
                                                         clknet_4_1_0_clk (net)
                      0.132620    0.004231    0.557942 ^ _3151_/CLK (sky130_fd_sc_hd__dfrtp_2)
                                  0.500000    1.057942   clock uncertainty
                                  0.000000    1.057942   clock reconvergence pessimism
                                 -0.023068    1.034874   library hold time
                                              1.034874   data required time
---------------------------------------------------------------------------------------------
                                              1.034874   data required time
                                             -1.758163   data arrival time
---------------------------------------------------------------------------------------------
                                              0.723289   slack (MET)


Startpoint: _3003_ (rising edge-triggered flip-flop clocked by clk)
Endpoint: _3004_ (rising edge-triggered flip-flop clocked by clk)
Path Group: clk
Path Type: min

Fanout         Cap        Slew       Delay        Time   Description
---------------------------------------------------------------------------------------------
                                  0.000000    0.000000   clock clk (rise edge)
                                  0.000000    0.000000   clock source latency
     1    0.027657    0.129514    0.090739    0.090739 ^ clk (in)
                                                         clk (net)
                      0.129618    0.000000    0.090739 ^ clkbuf_0_clk/A (sky130_fd_sc_hd__clkbuf_16)
    16    0.122912    0.136331    0.228671    0.319410 ^ clkbuf_0_clk/X (sky130_fd_sc_hd__clkbuf_16)
                                                         clknet_0_clk (net)
                      0.137091    0.008157    0.327568 ^ clkbuf_4_10_0_clk/A (sky130_fd_sc_hd__clkbuf_8)
    10    0.054057    0.104280    0.205777    0.533344 ^ clkbuf_4_10_0_clk/X (sky130_fd_sc_hd__clkbuf_8)
                                                         clknet_4_10_0_clk (net)
                      0.104334    0.002226    0.535571 ^ _3003_/CLK (sky130_fd_sc_hd__dfrtp_1)
     4    0.011125    0.109501    0.391940    0.927511 ^ _3003_/Q (sky130_fd_sc_hd__dfrtp_1)
                                                         my_divider.remainder_reg[2] (net)
                      0.109501    0.000406    0.927916 ^ _2754_/A0 (sky130_fd_sc_hd__mux2_1)
     1    0.003535    0.046878    0.142356    1.070272 ^ _2754_/X (sky130_fd_sc_hd__mux2_1)
                                                         _1024_ (net)
                      0.046878    0.000270    1.070542 ^ _2756_/B1 (sky130_fd_sc_hd__a221o_1)
     1    0.003184    0.044653    0.127725    1.198267 ^ _2756_/X (sky130_fd_sc_hd__a221o_1)
                                                         _0263_ (net)
                      0.044654    0.000218    1.198485 ^ hold190/A (sky130_fd_sc_hd__dlygate4sd3_1)
     1    0.002691    0.051950    0.533669    1.732154 ^ hold190/X (sky130_fd_sc_hd__dlygate4sd3_1)
                                                         net195 (net)
                      0.051950    0.000180    1.732334 ^ _3004_/D (sky130_fd_sc_hd__dfrtp_1)
                                              1.732334   data arrival time

                                  0.000000    0.000000   clock clk (rise edge)
                                  0.000000    0.000000   clock source latency
     1    0.027657    0.129514    0.090739    0.090739 ^ clk (in)
                                                         clk (net)
                      0.129618    0.000000    0.090739 ^ clkbuf_0_clk/A (sky130_fd_sc_hd__clkbuf_16)
    16    0.122912    0.136331    0.228671    0.319410 ^ clkbuf_0_clk/X (sky130_fd_sc_hd__clkbuf_16)
                                                         clknet_0_clk (net)
                      0.137091    0.008157    0.327568 ^ clkbuf_4_10_0_clk/A (sky130_fd_sc_hd__clkbuf_8)
    10    0.054057    0.104280    0.205777    0.533344 ^ clkbuf_4_10_0_clk/X (sky130_fd_sc_hd__clkbuf_8)
                                                         clknet_4_10_0_clk (net)
                      0.104335    0.002229    0.535574 ^ _3004_/CLK (sky130_fd_sc_hd__dfrtp_1)
                                  0.500000    1.035574   clock uncertainty
                                  0.000000    1.035574   clock reconvergence pessimism
                                 -0.028103    1.007471   library hold time
                                              1.007471   data required time
---------------------------------------------------------------------------------------------
                                              1.007471   data required time
                                             -1.732334   data arrival time
---------------------------------------------------------------------------------------------
                                              0.724863   slack (MET)


Startpoint: _3007_ (rising edge-triggered flip-flop clocked by clk)
Endpoint: _3008_ (rising edge-triggered flip-flop clocked by clk)
Path Group: clk
Path Type: min

Fanout         Cap        Slew       Delay        Time   Description
---------------------------------------------------------------------------------------------
                                  0.000000    0.000000   clock clk (rise edge)
                                  0.000000    0.000000   clock source latency
     1    0.027657    0.129514    0.090739    0.090739 ^ clk (in)
                                                         clk (net)
                      0.129618    0.000000    0.090739 ^ clkbuf_0_clk/A (sky130_fd_sc_hd__clkbuf_16)
    16    0.122912    0.136331    0.228671    0.319410 ^ clkbuf_0_clk/X (sky130_fd_sc_hd__clkbuf_16)
                                                         clknet_0_clk (net)
                      0.137207    0.008737    0.328148 ^ clkbuf_4_2_0_clk/A (sky130_fd_sc_hd__clkbuf_8)
    18    0.073380    0.135996    0.226742    0.554890 ^ clkbuf_4_2_0_clk/X (sky130_fd_sc_hd__clkbuf_8)
                                                         clknet_4_2_0_clk (net)
                      0.136670    0.007771    0.562661 ^ _3007_/CLK (sky130_fd_sc_hd__dfrtp_1)
     4    0.014053    0.133540    0.420619    0.983280 ^ _3007_/Q (sky130_fd_sc_hd__dfrtp_1)
                                                         my_divider.remainder_reg[6] (net)
                      0.133541    0.000671    0.983950 ^ _2734_/A0 (sky130_fd_sc_hd__mux2_1)
     1    0.003115    0.043681    0.146232    1.130183 ^ _2734_/X (sky130_fd_sc_hd__mux2_1)
                                                         _1008_ (net)
                      0.043681    0.000214    1.130397 ^ _2736_/A2 (sky130_fd_sc_hd__a21o_1)
     1    0.002923    0.035849    0.103135    1.233532 ^ _2736_/X (sky130_fd_sc_hd__a21o_1)
                                                         _0267_ (net)
                      0.035850    0.000217    1.233749 ^ hold282/A (sky130_fd_sc_hd__dlygate4sd3_1)
     1    0.002512    0.050423    0.529101    1.762850 ^ hold282/X (sky130_fd_sc_hd__dlygate4sd3_1)
                                                         net287 (net)
                      0.050423    0.000184    1.763034 ^ _3008_/D (sky130_fd_sc_hd__dfrtp_1)
                                              1.763034   data arrival time

                                  0.000000    0.000000   clock clk (rise edge)
                                  0.000000    0.000000   clock source latency
     1    0.027657    0.129514    0.090739    0.090739 ^ clk (in)
                                                         clk (net)
                      0.129618    0.000000    0.090739 ^ clkbuf_0_clk/A (sky130_fd_sc_hd__clkbuf_16)
    16    0.122912    0.136331    0.228671    0.319410 ^ clkbuf_0_clk/X (sky130_fd_sc_hd__clkbuf_16)
                                                         clknet_0_clk (net)
                      0.137207    0.008737    0.328148 ^ clkbuf_4_2_0_clk/A (sky130_fd_sc_hd__clkbuf_8)
    18    0.073380    0.135996    0.226742    0.554890 ^ clkbuf_4_2_0_clk/X (sky130_fd_sc_hd__clkbuf_8)
                                                         clknet_4_2_0_clk (net)
                      0.136441    0.006363    0.561253 ^ _3008_/CLK (sky130_fd_sc_hd__dfrtp_1)
                                  0.500000    1.061253   clock uncertainty
                                  0.000000    1.061253   clock reconvergence pessimism
                                 -0.023394    1.037860   library hold time
                                              1.037860   data required time
---------------------------------------------------------------------------------------------
                                              1.037860   data required time
                                             -1.763034   data arrival time
---------------------------------------------------------------------------------------------
                                              0.725174   slack (MET)


Startpoint: _2997_ (rising edge-triggered flip-flop clocked by clk)
Endpoint: _2998_ (rising edge-triggered flip-flop clocked by clk)
Path Group: clk
Path Type: min

Fanout         Cap        Slew       Delay        Time   Description
---------------------------------------------------------------------------------------------
                                  0.000000    0.000000   clock clk (rise edge)
                                  0.000000    0.000000   clock source latency
     1    0.027657    0.129514    0.090739    0.090739 ^ clk (in)
                                                         clk (net)
                      0.129618    0.000000    0.090739 ^ clkbuf_0_clk/A (sky130_fd_sc_hd__clkbuf_16)
    16    0.122912    0.136331    0.228671    0.319410 ^ clkbuf_0_clk/X (sky130_fd_sc_hd__clkbuf_16)
                                                         clknet_0_clk (net)
                      0.137286    0.009113    0.328524 ^ clkbuf_4_0_0_clk/A (sky130_fd_sc_hd__clkbuf_8)
    24    0.077983    0.141740    0.232054    0.560578 ^ clkbuf_4_0_0_clk/X (sky130_fd_sc_hd__clkbuf_8)
                                                         clknet_4_0_0_clk (net)
                      0.142022    0.005182    0.565760 ^ _2997_/CLK (sky130_fd_sc_hd__dfrtp_1)
     4    0.011952    0.116275    0.409669    0.975429 ^ _2997_/Q (sky130_fd_sc_hd__dfrtp_1)
                                                         my_divider.counter[0] (net)
                      0.116276    0.000576    0.976005 ^ _2774_/A2 (sky130_fd_sc_hd__o21ba_1)
     1    0.002758    0.042156    0.125542    1.101546 ^ _2774_/X (sky130_fd_sc_hd__o21ba_1)
                                                         _1038_ (net)
                      0.042156    0.000199    1.101746 ^ _2775_/C1 (sky130_fd_sc_hd__o211a_1)
     1    0.002682    0.040268    0.125305    1.227050 ^ _2775_/X (sky130_fd_sc_hd__o211a_1)
                                                         _0257_ (net)
                      0.040268    0.000110    1.227161 ^ hold215/A (sky130_fd_sc_hd__dlygate4sd3_1)
     1    0.003505    0.058921    0.539672    1.766832 ^ hold215/X (sky130_fd_sc_hd__dlygate4sd3_1)
                                                         net220 (net)
                      0.058921    0.000256    1.767088 ^ _2998_/D (sky130_fd_sc_hd__dfrtp_1)
                                              1.767088   data arrival time

                                  0.000000    0.000000   clock clk (rise edge)
                                  0.000000    0.000000   clock source latency
     1    0.027657    0.129514    0.090739    0.090739 ^ clk (in)
                                                         clk (net)
                      0.129618    0.000000    0.090739 ^ clkbuf_0_clk/A (sky130_fd_sc_hd__clkbuf_16)
    16    0.122912    0.136331    0.228671    0.319410 ^ clkbuf_0_clk/X (sky130_fd_sc_hd__clkbuf_16)
                                                         clknet_0_clk (net)
                      0.137286    0.009113    0.328524 ^ clkbuf_4_0_0_clk/A (sky130_fd_sc_hd__clkbuf_8)
    24    0.077983    0.141740    0.232054    0.560578 ^ clkbuf_4_0_0_clk/X (sky130_fd_sc_hd__clkbuf_8)
                                                         clknet_4_0_0_clk (net)
                      0.142020    0.005162    0.565740 ^ _2998_/CLK (sky130_fd_sc_hd__dfrtp_1)
                                  0.500000    1.065740   clock uncertainty
                                  0.000000    1.065740   clock reconvergence pessimism
                                 -0.024391    1.041349   library hold time
                                              1.041349   data required time
---------------------------------------------------------------------------------------------
                                              1.041349   data required time
                                             -1.767088   data arrival time
---------------------------------------------------------------------------------------------
                                              0.725739   slack (MET)


Startpoint: _3005_ (rising edge-triggered flip-flop clocked by clk)
Endpoint: _3006_ (rising edge-triggered flip-flop clocked by clk)
Path Group: clk
Path Type: min

Fanout         Cap        Slew       Delay        Time   Description
---------------------------------------------------------------------------------------------
                                  0.000000    0.000000   clock clk (rise edge)
                                  0.000000    0.000000   clock source latency
     1    0.027657    0.129514    0.090739    0.090739 ^ clk (in)
                                                         clk (net)
                      0.129618    0.000000    0.090739 ^ clkbuf_0_clk/A (sky130_fd_sc_hd__clkbuf_16)
    16    0.122912    0.136331    0.228671    0.319410 ^ clkbuf_0_clk/X (sky130_fd_sc_hd__clkbuf_16)
                                                         clknet_0_clk (net)
                      0.137207    0.008737    0.328148 ^ clkbuf_4_2_0_clk/A (sky130_fd_sc_hd__clkbuf_8)
    18    0.073380    0.135996    0.226742    0.554890 ^ clkbuf_4_2_0_clk/X (sky130_fd_sc_hd__clkbuf_8)
                                                         clknet_4_2_0_clk (net)
                      0.136672    0.007783    0.562673 ^ _3005_/CLK (sky130_fd_sc_hd__dfrtp_1)
     4    0.011569    0.113170    0.405589    0.968262 ^ _3005_/Q (sky130_fd_sc_hd__dfrtp_1)
                                                         my_divider.remainder_reg[4] (net)
                      0.113174    0.000856    0.969117 ^ _2744_/A0 (sky130_fd_sc_hd__mux2_1)
     1    0.004083    0.051122    0.147269    1.116387 ^ _2744_/X (sky130_fd_sc_hd__mux2_1)
                                                         _1016_ (net)
                      0.051123    0.000259    1.116645 ^ _2746_/B1 (sky130_fd_sc_hd__a221o_1)
     1    0.002578    0.040015    0.124125    1.240770 ^ _2746_/X (sky130_fd_sc_hd__a221o_1)
                                                         _0265_ (net)
                      0.040015    0.000162    1.240932 ^ hold196/A (sky130_fd_sc_hd__dlygate4sd3_1)
     1    0.002367    0.049236    0.529103    1.770035 ^ hold196/X (sky130_fd_sc_hd__dlygate4sd3_1)
                                                         net201 (net)
                      0.049236    0.000167    1.770201 ^ _3006_/D (sky130_fd_sc_hd__dfrtp_1)
                                              1.770201   data arrival time

                                  0.000000    0.000000   clock clk (rise edge)
                                  0.000000    0.000000   clock source latency
     1    0.027657    0.129514    0.090739    0.090739 ^ clk (in)
                                                         clk (net)
                      0.129618    0.000000    0.090739 ^ clkbuf_0_clk/A (sky130_fd_sc_hd__clkbuf_16)
    16    0.122912    0.136331    0.228671    0.319410 ^ clkbuf_0_clk/X (sky130_fd_sc_hd__clkbuf_16)
                                                         clknet_0_clk (net)
                      0.137207    0.008737    0.328148 ^ clkbuf_4_2_0_clk/A (sky130_fd_sc_hd__clkbuf_8)
    18    0.073380    0.135996    0.226742    0.554890 ^ clkbuf_4_2_0_clk/X (sky130_fd_sc_hd__clkbuf_8)
                                                         clknet_4_2_0_clk (net)
                      0.136739    0.008145    0.563035 ^ _3006_/CLK (sky130_fd_sc_hd__dfrtp_1)
                                  0.500000    1.063035   clock uncertainty
                                  0.000000    1.063035   clock reconvergence pessimism
                                 -0.023107    1.039929   library hold time
                                              1.039929   data required time
---------------------------------------------------------------------------------------------
                                              1.039929   data required time
                                             -1.770201   data arrival time
---------------------------------------------------------------------------------------------
                                              0.730273   slack (MET)


Startpoint: _3154_ (rising edge-triggered flip-flop clocked by clk)
Endpoint: _3152_ (rising edge-triggered flip-flop clocked by clk)
Path Group: clk
Path Type: min

Fanout         Cap        Slew       Delay        Time   Description
---------------------------------------------------------------------------------------------
                                  0.000000    0.000000   clock clk (rise edge)
                                  0.000000    0.000000   clock source latency
     1    0.027657    0.129514    0.090739    0.090739 ^ clk (in)
                                                         clk (net)
                      0.129618    0.000000    0.090739 ^ clkbuf_0_clk/A (sky130_fd_sc_hd__clkbuf_16)
    16    0.122912    0.136331    0.228671    0.319410 ^ clkbuf_0_clk/X (sky130_fd_sc_hd__clkbuf_16)
                                                         clknet_0_clk (net)
                      0.137286    0.009113    0.328524 ^ clkbuf_4_0_0_clk/A (sky130_fd_sc_hd__clkbuf_8)
    24    0.077983    0.141740    0.232054    0.560578 ^ clkbuf_4_0_0_clk/X (sky130_fd_sc_hd__clkbuf_8)
                                                         clknet_4_0_0_clk (net)
                      0.142141    0.006143    0.566720 ^ _3154_/CLK (sky130_fd_sc_hd__dfrtp_1)
     4    0.016691    0.155286    0.438091    1.004811 ^ _3154_/Q (sky130_fd_sc_hd__dfrtp_1)
                                                         state[2] (net)
                      0.155290    0.001077    1.005888 ^ hold249/A (sky130_fd_sc_hd__dlygate4sd3_1)
     2    0.010723    0.122433    0.624432    1.630320 ^ hold249/X (sky130_fd_sc_hd__dlygate4sd3_1)
                                                         net254 (net)
                      0.122436    0.000770    1.631090 ^ _2800_/A1 (sky130_fd_sc_hd__a211o_1)
     1    0.004320    0.048108    0.143494    1.774584 ^ _2800_/X (sky130_fd_sc_hd__a211o_1)
                                                         _0007_ (net)
                      0.048111    0.000382    1.774965 ^ _3152_/D (sky130_fd_sc_hd__dfstp_1)
                                              1.774965   data arrival time

                                  0.000000    0.000000   clock clk (rise edge)
                                  0.000000    0.000000   clock source latency
     1    0.027657    0.129514    0.090739    0.090739 ^ clk (in)
                                                         clk (net)
                      0.129618    0.000000    0.090739 ^ clkbuf_0_clk/A (sky130_fd_sc_hd__clkbuf_16)
    16    0.122912    0.136331    0.228671    0.319410 ^ clkbuf_0_clk/X (sky130_fd_sc_hd__clkbuf_16)
                                                         clknet_0_clk (net)
                      0.137286    0.009113    0.328524 ^ clkbuf_4_0_0_clk/A (sky130_fd_sc_hd__clkbuf_8)
    24    0.077983    0.141740    0.232054    0.560578 ^ clkbuf_4_0_0_clk/X (sky130_fd_sc_hd__clkbuf_8)
                                                         clknet_4_0_0_clk (net)
                      0.142038    0.005327    0.565905 ^ _3152_/CLK (sky130_fd_sc_hd__dfstp_1)
                                  0.500000    1.065905   clock uncertainty
                                  0.000000    1.065905   clock reconvergence pessimism
                                 -0.023439    1.042465   library hold time
                                              1.042465   data required time
---------------------------------------------------------------------------------------------
                                              1.042465   data required time
                                             -1.774965   data arrival time
---------------------------------------------------------------------------------------------
                                              0.732500   slack (MET)


Startpoint: _3008_ (rising edge-triggered flip-flop clocked by clk)
Endpoint: _3009_ (rising edge-triggered flip-flop clocked by clk)
Path Group: clk
Path Type: min

Fanout         Cap        Slew       Delay        Time   Description
---------------------------------------------------------------------------------------------
                                  0.000000    0.000000   clock clk (rise edge)
                                  0.000000    0.000000   clock source latency
     1    0.027657    0.129514    0.090739    0.090739 ^ clk (in)
                                                         clk (net)
                      0.129618    0.000000    0.090739 ^ clkbuf_0_clk/A (sky130_fd_sc_hd__clkbuf_16)
    16    0.122912    0.136331    0.228671    0.319410 ^ clkbuf_0_clk/X (sky130_fd_sc_hd__clkbuf_16)
                                                         clknet_0_clk (net)
                      0.137207    0.008737    0.328148 ^ clkbuf_4_2_0_clk/A (sky130_fd_sc_hd__clkbuf_8)
    18    0.073380    0.135996    0.226742    0.554890 ^ clkbuf_4_2_0_clk/X (sky130_fd_sc_hd__clkbuf_8)
                                                         clknet_4_2_0_clk (net)
                      0.136441    0.006363    0.561253 ^ _3008_/CLK (sky130_fd_sc_hd__dfrtp_1)
     4    0.010734    0.106330    0.400530    0.961783 ^ _3008_/Q (sky130_fd_sc_hd__dfrtp_1)
                                                         my_divider.remainder_reg[7] (net)
                      0.106332    0.000701    0.962484 ^ _2730_/A (sky130_fd_sc_hd__or2_1)
     1    0.004183    0.051608    0.120030    1.082514 ^ _2730_/X (sky130_fd_sc_hd__or2_1)
                                                         _1005_ (net)
                      0.051609    0.000272    1.082786 ^ _2731_/A3 (sky130_fd_sc_hd__a32o_1)
     1    0.002125    0.046262    0.149829    1.232615 ^ _2731_/X (sky130_fd_sc_hd__a32o_1)
                                                         _0268_ (net)
                      0.046262    0.000152    1.232767 ^ hold241/A (sky130_fd_sc_hd__dlygate4sd3_1)
     1    0.003114    0.055604    0.538173    1.770940 ^ hold241/X (sky130_fd_sc_hd__dlygate4sd3_1)
                                                         net246 (net)
                      0.055604    0.000198    1.771138 ^ _3009_/D (sky130_fd_sc_hd__dfrtp_2)
                                              1.771138   data arrival time

                                  0.000000    0.000000   clock clk (rise edge)
                                  0.000000    0.000000   clock source latency
     1    0.027657    0.129514    0.090739    0.090739 ^ clk (in)
                                                         clk (net)
                      0.129618    0.000000    0.090739 ^ clkbuf_0_clk/A (sky130_fd_sc_hd__clkbuf_16)
    16    0.122912    0.136331    0.228671    0.319410 ^ clkbuf_0_clk/X (sky130_fd_sc_hd__clkbuf_16)
                                                         clknet_0_clk (net)
                      0.137207    0.008737    0.328148 ^ clkbuf_4_2_0_clk/A (sky130_fd_sc_hd__clkbuf_8)
    18    0.073380    0.135996    0.226742    0.554890 ^ clkbuf_4_2_0_clk/X (sky130_fd_sc_hd__clkbuf_8)
                                                         clknet_4_2_0_clk (net)
                      0.136450    0.006427    0.561317 ^ _3009_/CLK (sky130_fd_sc_hd__dfrtp_2)
                                  0.500000    1.061317   clock uncertainty
                                  0.000000    1.061317   clock reconvergence pessimism
                                 -0.024353    1.036965   library hold time
                                              1.036965   data required time
---------------------------------------------------------------------------------------------
                                              1.036965   data required time
                                             -1.771138   data arrival time
---------------------------------------------------------------------------------------------
                                              0.734173   slack (MET)


Startpoint: _3159_ (rising edge-triggered flip-flop clocked by clk)
Endpoint: _3072_ (rising edge-triggered flip-flop clocked by clk)
Path Group: clk
Path Type: min

Fanout         Cap        Slew       Delay        Time   Description
---------------------------------------------------------------------------------------------
                                  0.000000    0.000000   clock clk (rise edge)
                                  0.000000    0.000000   clock source latency
     1    0.027657    0.129514    0.090739    0.090739 ^ clk (in)
                                                         clk (net)
                      0.129618    0.000000    0.090739 ^ clkbuf_0_clk/A (sky130_fd_sc_hd__clkbuf_16)
    16    0.122912    0.136331    0.228671    0.319410 ^ clkbuf_0_clk/X (sky130_fd_sc_hd__clkbuf_16)
                                                         clknet_0_clk (net)
                      0.137219    0.008798    0.328209 ^ clkbuf_4_14_0_clk/A (sky130_fd_sc_hd__clkbuf_8)
    11    0.071062    0.131314    0.226348    0.554557 ^ clkbuf_4_14_0_clk/X (sky130_fd_sc_hd__clkbuf_8)
                                                         clknet_4_14_0_clk (net)
                      0.131336    0.001721    0.556278 ^ _3159_/CLK (sky130_fd_sc_hd__dfrtp_4)
     7    0.036345    0.130292    0.500712    1.056990 ^ _3159_/Q (sky130_fd_sc_hd__dfrtp_4)
                                                         my_sum_sub.state[1] (net)
                      0.130466    0.004228    1.061218 ^ _2169_/S (sky130_fd_sc_hd__mux2_1)
     1    0.003869    0.049469    0.155271    1.216490 ^ _2169_/X (sky130_fd_sc_hd__mux2_1)
                                                         _0331_ (net)
                      0.049470    0.000305    1.216795 ^ hold99/A (sky130_fd_sc_hd__dlygate4sd3_1)
     1    0.004020    0.063775    0.546633    1.763428 ^ hold99/X (sky130_fd_sc_hd__dlygate4sd3_1)
                                                         net104 (net)
                      0.063775    0.000291    1.763719 ^ _3072_/D (sky130_fd_sc_hd__dfrtp_1)
                                              1.763719   data arrival time

                                  0.000000    0.000000   clock clk (rise edge)
                                  0.000000    0.000000   clock source latency
     1    0.027657    0.129514    0.090739    0.090739 ^ clk (in)
                                                         clk (net)
                      0.129618    0.000000    0.090739 ^ clkbuf_0_clk/A (sky130_fd_sc_hd__clkbuf_16)
    16    0.122912    0.136331    0.228671    0.319410 ^ clkbuf_0_clk/X (sky130_fd_sc_hd__clkbuf_16)
                                                         clknet_0_clk (net)
                      0.137076    0.008079    0.327489 ^ clkbuf_4_11_0_clk/A (sky130_fd_sc_hd__clkbuf_8)
    13    0.059228    0.112479    0.212100    0.539589 ^ clkbuf_4_11_0_clk/X (sky130_fd_sc_hd__clkbuf_8)
                                                         clknet_4_11_0_clk (net)
                      0.112561    0.002763    0.542353 ^ _3072_/CLK (sky130_fd_sc_hd__dfrtp_1)
                                  0.500000    1.042353   clock uncertainty
                                  0.000000    1.042353   clock reconvergence pessimism
                                 -0.029435    1.012917   library hold time
                                              1.012917   data required time
---------------------------------------------------------------------------------------------
                                              1.012917   data required time
                                             -1.763719   data arrival time
---------------------------------------------------------------------------------------------
                                              0.750802   slack (MET)


Startpoint: _3089_ (rising edge-triggered flip-flop clocked by clk)
Endpoint: _3036_ (rising edge-triggered flip-flop clocked by clk)
Path Group: clk
Path Type: min

Fanout         Cap        Slew       Delay        Time   Description
---------------------------------------------------------------------------------------------
                                  0.000000    0.000000   clock clk (rise edge)
                                  0.000000    0.000000   clock source latency
     1    0.027657    0.129514    0.090739    0.090739 ^ clk (in)
                                                         clk (net)
                      0.129618    0.000000    0.090739 ^ clkbuf_0_clk/A (sky130_fd_sc_hd__clkbuf_16)
    16    0.122912    0.136331    0.228671    0.319410 ^ clkbuf_0_clk/X (sky130_fd_sc_hd__clkbuf_16)
                                                         clknet_0_clk (net)
                      0.136872    0.006922    0.326332 ^ clkbuf_4_4_0_clk/A (sky130_fd_sc_hd__clkbuf_8)
    11    0.059675    0.113746    0.211995    0.538327 ^ clkbuf_4_4_0_clk/X (sky130_fd_sc_hd__clkbuf_8)
                                                         clknet_4_4_0_clk (net)
                      0.113823    0.002733    0.541060 ^ _3089_/CLK (sky130_fd_sc_hd__dfrtp_2)
     8    0.031102    0.159510    0.462177    1.003236 ^ _3089_/Q (sky130_fd_sc_hd__dfrtp_2)
                                                         acc_reg[10] (net)
                      0.159613    0.003713    1.006950 ^ _2390_/A (sky130_fd_sc_hd__and2_1)
     1    0.002700    0.046586    0.143867    1.150817 ^ _2390_/X (sky130_fd_sc_hd__and2_1)
                                                         _0693_ (net)
                      0.046586    0.000126    1.150943 ^ _2391_/C1 (sky130_fd_sc_hd__a221o_1)
     1    0.002630    0.039802    0.094857    1.245801 ^ _2391_/X (sky130_fd_sc_hd__a221o_1)
                                                         _0295_ (net)
                      0.039802    0.000110    1.245911 ^ hold94/A (sky130_fd_sc_hd__dlygate4sd3_1)
     1    0.002223    0.048191    0.527683    1.773594 ^ hold94/X (sky130_fd_sc_hd__dlygate4sd3_1)
                                                         net99 (net)
                      0.048191    0.000162    1.773756 ^ _3036_/D (sky130_fd_sc_hd__dfrtp_1)
                                              1.773756   data arrival time

                                  0.000000    0.000000   clock clk (rise edge)
                                  0.000000    0.000000   clock source latency
     1    0.027657    0.129514    0.090739    0.090739 ^ clk (in)
                                                         clk (net)
                      0.129618    0.000000    0.090739 ^ clkbuf_0_clk/A (sky130_fd_sc_hd__clkbuf_16)
    16    0.122912    0.136331    0.228671    0.319410 ^ clkbuf_0_clk/X (sky130_fd_sc_hd__clkbuf_16)
                                                         clknet_0_clk (net)
                      0.137077    0.008081    0.327492 ^ clkbuf_4_12_0_clk/A (sky130_fd_sc_hd__clkbuf_8)
     8    0.059104    0.112861    0.211188    0.538679 ^ clkbuf_4_12_0_clk/X (sky130_fd_sc_hd__clkbuf_8)
                                                         clknet_4_12_0_clk (net)
                      0.113082    0.003579    0.542258 ^ _3036_/CLK (sky130_fd_sc_hd__dfrtp_1)
                                  0.500000    1.042258   clock uncertainty
                                  0.000000    1.042258   clock reconvergence pessimism
                                 -0.026125    1.016134   library hold time
                                              1.016134   data required time
---------------------------------------------------------------------------------------------
                                              1.016134   data required time
                                             -1.773756   data arrival time
---------------------------------------------------------------------------------------------
                                              0.757622   slack (MET)


Startpoint: _3164_ (rising edge-triggered flip-flop clocked by clk)
Endpoint: _2997_ (rising edge-triggered flip-flop clocked by clk)
Path Group: clk
Path Type: min

Fanout         Cap        Slew       Delay        Time   Description
---------------------------------------------------------------------------------------------
                                  0.000000    0.000000   clock clk (rise edge)
                                  0.000000    0.000000   clock source latency
     1    0.027657    0.129514    0.090739    0.090739 ^ clk (in)
                                                         clk (net)
                      0.129618    0.000000    0.090739 ^ clkbuf_0_clk/A (sky130_fd_sc_hd__clkbuf_16)
    16    0.122912    0.136331    0.228671    0.319410 ^ clkbuf_0_clk/X (sky130_fd_sc_hd__clkbuf_16)
                                                         clknet_0_clk (net)
                      0.137286    0.009113    0.328524 ^ clkbuf_4_0_0_clk/A (sky130_fd_sc_hd__clkbuf_8)
    24    0.077983    0.141740    0.232054    0.560578 ^ clkbuf_4_0_0_clk/X (sky130_fd_sc_hd__clkbuf_8)
                                                         clknet_4_0_0_clk (net)
                      0.142014    0.005111    0.565688 ^ _3164_/CLK (sky130_fd_sc_hd__dfrtp_1)
     2    0.006023    0.053840    0.405634    0.971323 v _3164_/Q (sky130_fd_sc_hd__dfrtp_1)
                                                         div_start (net)
                      0.053840    0.000308    0.971630 v _2770_/B (sky130_fd_sc_hd__nor2_1)
     2    0.007708    0.155707    0.144968    1.116599 ^ _2770_/Y (sky130_fd_sc_hd__nor2_1)
                                                         _1036_ (net)
                      0.155709    0.000466    1.117065 ^ _2776_/A1 (sky130_fd_sc_hd__mux2_1)
     1    0.003254    0.044740    0.155382    1.272447 ^ _2776_/X (sky130_fd_sc_hd__mux2_1)
                                                         _0256_ (net)
                      0.044762    0.000198    1.272645 ^ hold221/A (sky130_fd_sc_hd__dlygate4sd3_1)
     1    0.002569    0.050915    0.532546    1.805191 ^ hold221/X (sky130_fd_sc_hd__dlygate4sd3_1)
                                                         net226 (net)
                      0.050915    0.000187    1.805378 ^ _2997_/D (sky130_fd_sc_hd__dfrtp_1)
                                              1.805378   data arrival time

                                  0.000000    0.000000   clock clk (rise edge)
                                  0.000000    0.000000   clock source latency
     1    0.027657    0.129514    0.090739    0.090739 ^ clk (in)
                                                         clk (net)
                      0.129618    0.000000    0.090739 ^ clkbuf_0_clk/A (sky130_fd_sc_hd__clkbuf_16)
    16    0.122912    0.136331    0.228671    0.319410 ^ clkbuf_0_clk/X (sky130_fd_sc_hd__clkbuf_16)
                                                         clknet_0_clk (net)
                      0.137286    0.009113    0.328524 ^ clkbuf_4_0_0_clk/A (sky130_fd_sc_hd__clkbuf_8)
    24    0.077983    0.141740    0.232054    0.560578 ^ clkbuf_4_0_0_clk/X (sky130_fd_sc_hd__clkbuf_8)
                                                         clknet_4_0_0_clk (net)
                      0.142022    0.005182    0.565760 ^ _2997_/CLK (sky130_fd_sc_hd__dfrtp_1)
                                  0.500000    1.065760   clock uncertainty
                                  0.000000    1.065760   clock reconvergence pessimism
                                 -0.022732    1.043028   library hold time
                                              1.043028   data required time
---------------------------------------------------------------------------------------------
                                              1.043028   data required time
                                             -1.805378   data arrival time
---------------------------------------------------------------------------------------------
                                              0.762351   slack (MET)


Startpoint: _3115_ (rising edge-triggered flip-flop clocked by clk)
Endpoint: _3099_ (rising edge-triggered flip-flop clocked by clk)
Path Group: clk
Path Type: min

Fanout         Cap        Slew       Delay        Time   Description
---------------------------------------------------------------------------------------------
                                  0.000000    0.000000   clock clk (rise edge)
                                  0.000000    0.000000   clock source latency
     1    0.027657    0.129514    0.090739    0.090739 ^ clk (in)
                                                         clk (net)
                      0.129618    0.000000    0.090739 ^ clkbuf_0_clk/A (sky130_fd_sc_hd__clkbuf_16)
    16    0.122912    0.136331    0.228671    0.319410 ^ clkbuf_0_clk/X (sky130_fd_sc_hd__clkbuf_16)
                                                         clknet_0_clk (net)
                      0.136864    0.006872    0.326283 ^ clkbuf_4_7_0_clk/A (sky130_fd_sc_hd__clkbuf_8)
    17    0.070425    0.131162    0.223806    0.550088 ^ clkbuf_4_7_0_clk/X (sky130_fd_sc_hd__clkbuf_8)
                                                         clknet_4_7_0_clk (net)
                      0.131676    0.006669    0.556758 ^ _3115_/CLK (sky130_fd_sc_hd__dfrtp_2)
     1    0.002685    0.037403    0.361401    0.918159 ^ _3115_/Q (sky130_fd_sc_hd__dfrtp_2)
                                                         shift_in[4] (net)
                      0.037403    0.000170    0.918329 ^ hold185/A (sky130_fd_sc_hd__dlygate4sd3_1)
     6    0.027473    0.277175    0.705598    1.623927 ^ hold185/X (sky130_fd_sc_hd__dlygate4sd3_1)
                                                         net190 (net)
                      0.277175    0.000827    1.624754 ^ _2135_/A0 (sky130_fd_sc_hd__mux2_1)
     1    0.002574    0.039611    0.176938    1.801692 ^ _2135_/X (sky130_fd_sc_hd__mux2_1)
                                                         _0358_ (net)
                      0.039611    0.000173    1.801865 ^ _3099_/D (sky130_fd_sc_hd__dfrtp_4)
                                              1.801865   data arrival time

                                  0.000000    0.000000   clock clk (rise edge)
                                  0.000000    0.000000   clock source latency
     1    0.027657    0.129514    0.090739    0.090739 ^ clk (in)
                                                         clk (net)
                      0.129618    0.000000    0.090739 ^ clkbuf_0_clk/A (sky130_fd_sc_hd__clkbuf_16)
    16    0.122912    0.136331    0.228671    0.319410 ^ clkbuf_0_clk/X (sky130_fd_sc_hd__clkbuf_16)
                                                         clknet_0_clk (net)
                      0.136864    0.006872    0.326283 ^ clkbuf_4_7_0_clk/A (sky130_fd_sc_hd__clkbuf_8)
    17    0.070425    0.131162    0.223806    0.550088 ^ clkbuf_4_7_0_clk/X (sky130_fd_sc_hd__clkbuf_8)
                                                         clknet_4_7_0_clk (net)
                      0.131648    0.006487    0.556575 ^ _3099_/CLK (sky130_fd_sc_hd__dfrtp_4)
                                  0.500000    1.056576   clock uncertainty
                                  0.000000    1.056576   clock reconvergence pessimism
                                 -0.021807    1.034769   library hold time
                                              1.034769   data required time
---------------------------------------------------------------------------------------------
                                              1.034769   data required time
                                             -1.801865   data arrival time
---------------------------------------------------------------------------------------------
                                              0.767096   slack (MET)


Startpoint: _3168_ (rising edge-triggered flip-flop clocked by clk)
Endpoint: _3100_ (rising edge-triggered flip-flop clocked by clk)
Path Group: clk
Path Type: min

Fanout         Cap        Slew       Delay        Time   Description
---------------------------------------------------------------------------------------------
                                  0.000000    0.000000   clock clk (rise edge)
                                  0.000000    0.000000   clock source latency
     1    0.027657    0.129514    0.090739    0.090739 ^ clk (in)
                                                         clk (net)
                      0.129618    0.000000    0.090739 ^ clkbuf_0_clk/A (sky130_fd_sc_hd__clkbuf_16)
    16    0.122912    0.136331    0.228671    0.319410 ^ clkbuf_0_clk/X (sky130_fd_sc_hd__clkbuf_16)
                                                         clknet_0_clk (net)
                      0.137286    0.009113    0.328524 ^ clkbuf_4_0_0_clk/A (sky130_fd_sc_hd__clkbuf_8)
    24    0.077983    0.141740    0.232054    0.560578 ^ clkbuf_4_0_0_clk/X (sky130_fd_sc_hd__clkbuf_8)
                                                         clknet_4_0_0_clk (net)
                      0.142715    0.009435    0.570012 ^ _3168_/CLK (sky130_fd_sc_hd__dfstp_4)
    11    0.040408    0.121041    0.705638    1.275650 ^ _3168_/Q (sky130_fd_sc_hd__dfstp_4)
                                                         ss_s1 (net)
                      0.121243    0.003122    1.278772 ^ _2122_/B (sky130_fd_sc_hd__or3b_4)
    17    0.091321    0.300759    0.325565    1.604337 ^ _2122_/X (sky130_fd_sc_hd__or3b_4)
                                                         _0500_ (net)
                      0.301887    0.015020    1.619357 ^ _2134_/S (sky130_fd_sc_hd__mux2_1)
     1    0.002438    0.038600    0.183457    1.802814 ^ _2134_/X (sky130_fd_sc_hd__mux2_1)
                                                         _0196_ (net)
                      0.038600    0.000178    1.802992 ^ _3100_/D (sky130_fd_sc_hd__dfrtp_4)
                                              1.802992   data arrival time

                                  0.000000    0.000000   clock clk (rise edge)
                                  0.000000    0.000000   clock source latency
     1    0.027657    0.129514    0.090739    0.090739 ^ clk (in)
                                                         clk (net)
                      0.129618    0.000000    0.090739 ^ clkbuf_0_clk/A (sky130_fd_sc_hd__clkbuf_16)
    16    0.122912    0.136331    0.228671    0.319410 ^ clkbuf_0_clk/X (sky130_fd_sc_hd__clkbuf_16)
                                                         clknet_0_clk (net)
                      0.136864    0.006872    0.326283 ^ clkbuf_4_7_0_clk/A (sky130_fd_sc_hd__clkbuf_8)
    17    0.070425    0.131162    0.223806    0.550088 ^ clkbuf_4_7_0_clk/X (sky130_fd_sc_hd__clkbuf_8)
                                                         clknet_4_7_0_clk (net)
                      0.131684    0.006718    0.556806 ^ _3100_/CLK (sky130_fd_sc_hd__dfrtp_4)
                                  0.500000    1.056806   clock uncertainty
                                  0.000000    1.056806   clock reconvergence pessimism
                                 -0.021592    1.035215   library hold time
                                              1.035215   data required time
---------------------------------------------------------------------------------------------
                                              1.035215   data required time
                                             -1.802992   data arrival time
---------------------------------------------------------------------------------------------
                                              0.767777   slack (MET)


Startpoint: _3115_ (rising edge-triggered flip-flop clocked by clk)
Endpoint: _3115_ (rising edge-triggered flip-flop clocked by clk)
Path Group: clk
Path Type: min

Fanout         Cap        Slew       Delay        Time   Description
---------------------------------------------------------------------------------------------
                                  0.000000    0.000000   clock clk (rise edge)
                                  0.000000    0.000000   clock source latency
     1    0.027657    0.129514    0.090739    0.090739 ^ clk (in)
                                                         clk (net)
                      0.129618    0.000000    0.090739 ^ clkbuf_0_clk/A (sky130_fd_sc_hd__clkbuf_16)
    16    0.122912    0.136331    0.228671    0.319410 ^ clkbuf_0_clk/X (sky130_fd_sc_hd__clkbuf_16)
                                                         clknet_0_clk (net)
                      0.136864    0.006872    0.326283 ^ clkbuf_4_7_0_clk/A (sky130_fd_sc_hd__clkbuf_8)
    17    0.070425    0.131162    0.223806    0.550088 ^ clkbuf_4_7_0_clk/X (sky130_fd_sc_hd__clkbuf_8)
                                                         clknet_4_7_0_clk (net)
                      0.131676    0.006669    0.556758 ^ _3115_/CLK (sky130_fd_sc_hd__dfrtp_2)
     1    0.002685    0.037403    0.361401    0.918159 ^ _3115_/Q (sky130_fd_sc_hd__dfrtp_2)
                                                         shift_in[4] (net)
                      0.037403    0.000170    0.918329 ^ hold185/A (sky130_fd_sc_hd__dlygate4sd3_1)
     6    0.027473    0.277175    0.705598    1.623927 ^ hold185/X (sky130_fd_sc_hd__dlygate4sd3_1)
                                                         net190 (net)
                      0.277177    0.001337    1.625264 ^ _2116_/A1 (sky130_fd_sc_hd__mux2_1)
     1    0.002555    0.039592    0.179640    1.804904 ^ _2116_/X (sky130_fd_sc_hd__mux2_1)
                                                         _0211_ (net)
                      0.039592    0.000174    1.805078 ^ _3115_/D (sky130_fd_sc_hd__dfrtp_2)
                                              1.805078   data arrival time

                                  0.000000    0.000000   clock clk (rise edge)
                                  0.000000    0.000000   clock source latency
     1    0.027657    0.129514    0.090739    0.090739 ^ clk (in)
                                                         clk (net)
                      0.129618    0.000000    0.090739 ^ clkbuf_0_clk/A (sky130_fd_sc_hd__clkbuf_16)
    16    0.122912    0.136331    0.228671    0.319410 ^ clkbuf_0_clk/X (sky130_fd_sc_hd__clkbuf_16)
                                                         clknet_0_clk (net)
                      0.136864    0.006872    0.326283 ^ clkbuf_4_7_0_clk/A (sky130_fd_sc_hd__clkbuf_8)
    17    0.070425    0.131162    0.223806    0.550088 ^ clkbuf_4_7_0_clk/X (sky130_fd_sc_hd__clkbuf_8)
                                                         clknet_4_7_0_clk (net)
                      0.131676    0.006669    0.556758 ^ _3115_/CLK (sky130_fd_sc_hd__dfrtp_2)
                                  0.500000    1.056758   clock uncertainty
                                  0.000000    1.056758   clock reconvergence pessimism
                                 -0.021725    1.035033   library hold time
                                              1.035033   data required time
---------------------------------------------------------------------------------------------
                                              1.035033   data required time
                                             -1.805078   data arrival time
---------------------------------------------------------------------------------------------
                                              0.770045   slack (MET)


Startpoint: _3091_ (rising edge-triggered flip-flop clocked by clk)
Endpoint: _3139_ (rising edge-triggered flip-flop clocked by clk)
Path Group: clk
Path Type: min

Fanout         Cap        Slew       Delay        Time   Description
---------------------------------------------------------------------------------------------
                                  0.000000    0.000000   clock clk (rise edge)
                                  0.000000    0.000000   clock source latency
     1    0.027657    0.129514    0.090739    0.090739 ^ clk (in)
                                                         clk (net)
                      0.129618    0.000000    0.090739 ^ clkbuf_0_clk/A (sky130_fd_sc_hd__clkbuf_16)
    16    0.122912    0.136331    0.228671    0.319410 ^ clkbuf_0_clk/X (sky130_fd_sc_hd__clkbuf_16)
                                                         clknet_0_clk (net)
                      0.136901    0.007097    0.326508 ^ clkbuf_4_9_0_clk/A (sky130_fd_sc_hd__clkbuf_8)
     7    0.060185    0.114583    0.212457    0.538964 ^ clkbuf_4_9_0_clk/X (sky130_fd_sc_hd__clkbuf_8)
                                                         clknet_4_9_0_clk (net)
                      0.114810    0.003656    0.542620 ^ _3091_/CLK (sky130_fd_sc_hd__dfrtp_2)
     8    0.026681    0.140399    0.448307    0.990928 ^ _3091_/Q (sky130_fd_sc_hd__dfrtp_2)
                                                         acc_reg[12] (net)
                      0.140418    0.001679    0.992606 ^ _2020_/B2 (sky130_fd_sc_hd__a221o_1)
     1    0.003544    0.050522    0.160472    1.153078 ^ _2020_/X (sky130_fd_sc_hd__a221o_1)
                                                         _0427_ (net)
                      0.050523    0.000240    1.153318 ^ _2021_/B2 (sky130_fd_sc_hd__o22a_1)
     1    0.002677    0.040344    0.108945    1.262263 ^ _2021_/X (sky130_fd_sc_hd__o22a_1)
                                                         _0235_ (net)
                      0.040345    0.000171    1.262434 ^ hold72/A (sky130_fd_sc_hd__dlygate4sd3_1)
     1    0.003972    0.063369    0.543294    1.805729 ^ hold72/X (sky130_fd_sc_hd__dlygate4sd3_1)
                                                         net77 (net)
                      0.063369    0.000253    1.805982 ^ _3139_/D (sky130_fd_sc_hd__dfrtp_1)
                                              1.805982   data arrival time

                                  0.000000    0.000000   clock clk (rise edge)
                                  0.000000    0.000000   clock source latency
     1    0.027657    0.129514    0.090739    0.090739 ^ clk (in)
                                                         clk (net)
                      0.129618    0.000000    0.090739 ^ clkbuf_0_clk/A (sky130_fd_sc_hd__clkbuf_16)
    16    0.122912    0.136331    0.228671    0.319410 ^ clkbuf_0_clk/X (sky130_fd_sc_hd__clkbuf_16)
                                                         clknet_0_clk (net)
                      0.137305    0.009201    0.328612 ^ clkbuf_4_1_0_clk/A (sky130_fd_sc_hd__clkbuf_8)
    16    0.071217    0.132356    0.225099    0.553711 ^ clkbuf_4_1_0_clk/X (sky130_fd_sc_hd__clkbuf_8)
                                                         clknet_4_1_0_clk (net)
                      0.132949    0.006786    0.560497 ^ _3139_/CLK (sky130_fd_sc_hd__dfrtp_1)
                                  0.500000    1.060497   clock uncertainty
                                  0.000000    1.060497   clock reconvergence pessimism
                                 -0.026556    1.033942   library hold time
                                              1.033942   data required time
---------------------------------------------------------------------------------------------
                                              1.033942   data required time
                                             -1.805982   data arrival time
---------------------------------------------------------------------------------------------
                                              0.772040   slack (MET)


Startpoint: _3032_ (rising edge-triggered flip-flop clocked by clk)
Endpoint: _3094_ (rising edge-triggered flip-flop clocked by clk)
Path Group: clk
Path Type: min

Fanout         Cap        Slew       Delay        Time   Description
---------------------------------------------------------------------------------------------
                                  0.000000    0.000000   clock clk (rise edge)
                                  0.000000    0.000000   clock source latency
     1    0.027657    0.129514    0.090739    0.090739 ^ clk (in)
                                                         clk (net)
                      0.129618    0.000000    0.090739 ^ clkbuf_0_clk/A (sky130_fd_sc_hd__clkbuf_16)
    16    0.122912    0.136331    0.228671    0.319410 ^ clkbuf_0_clk/X (sky130_fd_sc_hd__clkbuf_16)
                                                         clknet_0_clk (net)
                      0.137076    0.008079    0.327489 ^ clkbuf_4_11_0_clk/A (sky130_fd_sc_hd__clkbuf_8)
    13    0.059228    0.112479    0.212100    0.539589 ^ clkbuf_4_11_0_clk/X (sky130_fd_sc_hd__clkbuf_8)
                                                         clknet_4_11_0_clk (net)
                      0.112570    0.002887    0.542477 ^ _3032_/CLK (sky130_fd_sc_hd__dfrtp_1)
     2    0.016163    0.150916    0.425210    0.967687 ^ _3032_/Q (sky130_fd_sc_hd__dfrtp_1)
                                                         my_sum_sub.result[15] (net)
                      0.150921    0.001073    0.968759 ^ _1558_/A1 (sky130_fd_sc_hd__o211a_1)
     2    0.005945    0.063914    0.191642    1.160402 ^ _1558_/X (sky130_fd_sc_hd__o211a_1)
                                                         _1103_ (net)
                      0.063914    0.000198    1.160600 ^ _2144_/A1 (sky130_fd_sc_hd__mux2_1)
     1    0.002655    0.040189    0.122438    1.283038 ^ _2144_/X (sky130_fd_sc_hd__mux2_1)
                                                         _0353_ (net)
                      0.040189    0.000169    1.283207 ^ hold243/A (sky130_fd_sc_hd__dlygate4sd3_1)
     1    0.002456    0.049961    0.529994    1.813201 ^ hold243/X (sky130_fd_sc_hd__dlygate4sd3_1)
                                                         net248 (net)
                      0.049961    0.000170    1.813371 ^ _3094_/D (sky130_fd_sc_hd__dfrtp_2)
                                              1.813371   data arrival time

                                  0.000000    0.000000   clock clk (rise edge)
                                  0.000000    0.000000   clock source latency
     1    0.027657    0.129514    0.090739    0.090739 ^ clk (in)
                                                         clk (net)
                      0.129618    0.000000    0.090739 ^ clkbuf_0_clk/A (sky130_fd_sc_hd__clkbuf_16)
    16    0.122912    0.136331    0.228671    0.319410 ^ clkbuf_0_clk/X (sky130_fd_sc_hd__clkbuf_16)
                                                         clknet_0_clk (net)
                      0.137305    0.009201    0.328612 ^ clkbuf_4_1_0_clk/A (sky130_fd_sc_hd__clkbuf_8)
    16    0.071217    0.132356    0.225099    0.553711 ^ clkbuf_4_1_0_clk/X (sky130_fd_sc_hd__clkbuf_8)
                                                         clknet_4_1_0_clk (net)
                      0.132942    0.006743    0.560455 ^ _3094_/CLK (sky130_fd_sc_hd__dfrtp_2)
                                  0.500000    1.060454   clock uncertainty
                                  0.000000    1.060454   clock reconvergence pessimism
                                 -0.023677    1.036778   library hold time
                                              1.036778   data required time
---------------------------------------------------------------------------------------------
                                              1.036778   data required time
                                             -1.813371   data arrival time
---------------------------------------------------------------------------------------------
                                              0.776594   slack (MET)


Startpoint: _3164_ (rising edge-triggered flip-flop clocked by clk)
Endpoint: _2999_ (rising edge-triggered flip-flop clocked by clk)
Path Group: clk
Path Type: min

Fanout         Cap        Slew       Delay        Time   Description
---------------------------------------------------------------------------------------------
                                  0.000000    0.000000   clock clk (rise edge)
                                  0.000000    0.000000   clock source latency
     1    0.027657    0.129514    0.090739    0.090739 ^ clk (in)
                                                         clk (net)
                      0.129618    0.000000    0.090739 ^ clkbuf_0_clk/A (sky130_fd_sc_hd__clkbuf_16)
    16    0.122912    0.136331    0.228671    0.319410 ^ clkbuf_0_clk/X (sky130_fd_sc_hd__clkbuf_16)
                                                         clknet_0_clk (net)
                      0.137286    0.009113    0.328524 ^ clkbuf_4_0_0_clk/A (sky130_fd_sc_hd__clkbuf_8)
    24    0.077983    0.141740    0.232054    0.560578 ^ clkbuf_4_0_0_clk/X (sky130_fd_sc_hd__clkbuf_8)
                                                         clknet_4_0_0_clk (net)
                      0.142014    0.005111    0.565688 ^ _3164_/CLK (sky130_fd_sc_hd__dfrtp_1)
     2    0.006483    0.073344    0.374731    0.940420 ^ _3164_/Q (sky130_fd_sc_hd__dfrtp_1)
                                                         div_start (net)
                      0.073345    0.000339    0.940759 ^ _2770_/B (sky130_fd_sc_hd__nor2_1)
     2    0.007229    0.041828    0.060358    1.001117 v _2770_/Y (sky130_fd_sc_hd__nor2_1)
                                                         _1036_ (net)
                      0.041860    0.000623    1.001740 v _2771_/A2 (sky130_fd_sc_hd__o21ba_1)
     2    0.005280    0.041988    0.174565    1.176304 v _2771_/X (sky130_fd_sc_hd__o21ba_1)
                                                         _1037_ (net)
                      0.041989    0.000310    1.176614 v _2773_/B1 (sky130_fd_sc_hd__o21a_1)
     1    0.003757    0.034186    0.101723    1.278337 v _2773_/X (sky130_fd_sc_hd__o21a_1)
                                                         _0258_ (net)
                      0.034187    0.000142    1.278479 v hold104/A (sky130_fd_sc_hd__dlygate4sd3_1)
     1    0.002548    0.051578    0.541632    1.820111 v hold104/X (sky130_fd_sc_hd__dlygate4sd3_1)
                                                         net109 (net)
                      0.051578    0.000184    1.820295 v _2999_/D (sky130_fd_sc_hd__dfrtp_1)
                                              1.820295   data arrival time

                                  0.000000    0.000000   clock clk (rise edge)
                                  0.000000    0.000000   clock source latency
     1    0.027657    0.129514    0.090739    0.090739 ^ clk (in)
                                                         clk (net)
                      0.129618    0.000000    0.090739 ^ clkbuf_0_clk/A (sky130_fd_sc_hd__clkbuf_16)
    16    0.122912    0.136331    0.228671    0.319410 ^ clkbuf_0_clk/X (sky130_fd_sc_hd__clkbuf_16)
                                                         clknet_0_clk (net)
                      0.137286    0.009113    0.328524 ^ clkbuf_4_0_0_clk/A (sky130_fd_sc_hd__clkbuf_8)
    24    0.077983    0.141740    0.232054    0.560578 ^ clkbuf_4_0_0_clk/X (sky130_fd_sc_hd__clkbuf_8)
                                                         clknet_4_0_0_clk (net)
                      0.142444    0.008053    0.568631 ^ _2999_/CLK (sky130_fd_sc_hd__dfrtp_1)
                                  0.500000    1.068631   clock uncertainty
                                  0.000000    1.068631   clock reconvergence pessimism
                                 -0.026222    1.042408   library hold time
                                              1.042408   data required time
---------------------------------------------------------------------------------------------
                                              1.042408   data required time
                                             -1.820295   data arrival time
---------------------------------------------------------------------------------------------
                                              0.777887   slack (MET)


Startpoint: _3087_ (rising edge-triggered flip-flop clocked by clk)
Endpoint: _3034_ (rising edge-triggered flip-flop clocked by clk)
Path Group: clk
Path Type: min

Fanout         Cap        Slew       Delay        Time   Description
---------------------------------------------------------------------------------------------
                                  0.000000    0.000000   clock clk (rise edge)
                                  0.000000    0.000000   clock source latency
     1    0.027657    0.129514    0.090739    0.090739 ^ clk (in)
                                                         clk (net)
                      0.129618    0.000000    0.090739 ^ clkbuf_0_clk/A (sky130_fd_sc_hd__clkbuf_16)
    16    0.122912    0.136331    0.228671    0.319410 ^ clkbuf_0_clk/X (sky130_fd_sc_hd__clkbuf_16)
                                                         clknet_0_clk (net)
                      0.137219    0.008798    0.328209 ^ clkbuf_4_14_0_clk/A (sky130_fd_sc_hd__clkbuf_8)
    11    0.071062    0.131314    0.226348    0.554557 ^ clkbuf_4_14_0_clk/X (sky130_fd_sc_hd__clkbuf_8)
                                                         clknet_4_14_0_clk (net)
                      0.131529    0.003835    0.558391 ^ _3087_/CLK (sky130_fd_sc_hd__dfrtp_4)
     8    0.034821    0.126373    0.497296    1.055688 ^ _3087_/Q (sky130_fd_sc_hd__dfrtp_4)
                                                         acc_reg[8] (net)
                      0.126692    0.005556    1.061244 ^ _2394_/B2 (sky130_fd_sc_hd__a22o_1)
     1    0.003774    0.052131    0.145585    1.206829 ^ _2394_/X (sky130_fd_sc_hd__a22o_1)
                                                         _0695_ (net)
                      0.052132    0.000270    1.207100 ^ _2395_/B1 (sky130_fd_sc_hd__a21o_1)
     1    0.002996    0.036299    0.079162    1.286261 ^ _2395_/X (sky130_fd_sc_hd__a21o_1)
                                                         _0293_ (net)
                      0.036300    0.000215    1.286477 ^ hold258/A (sky130_fd_sc_hd__dlygate4sd3_1)
     1    0.002344    0.049069    0.527684    1.814160 ^ hold258/X (sky130_fd_sc_hd__dlygate4sd3_1)
                                                         net263 (net)
                      0.049069    0.000167    1.814327 ^ _3034_/D (sky130_fd_sc_hd__dfrtp_1)
                                              1.814327   data arrival time

                                  0.000000    0.000000   clock clk (rise edge)
                                  0.000000    0.000000   clock source latency
     1    0.027657    0.129514    0.090739    0.090739 ^ clk (in)
                                                         clk (net)
                      0.129618    0.000000    0.090739 ^ clkbuf_0_clk/A (sky130_fd_sc_hd__clkbuf_16)
    16    0.122912    0.136331    0.228671    0.319410 ^ clkbuf_0_clk/X (sky130_fd_sc_hd__clkbuf_16)
                                                         clknet_0_clk (net)
                      0.137219    0.008798    0.328209 ^ clkbuf_4_14_0_clk/A (sky130_fd_sc_hd__clkbuf_8)
    11    0.071062    0.131314    0.226348    0.554557 ^ clkbuf_4_14_0_clk/X (sky130_fd_sc_hd__clkbuf_8)
                                                         clknet_4_14_0_clk (net)
                      0.131408    0.003193    0.557750 ^ _3034_/CLK (sky130_fd_sc_hd__dfrtp_1)
                                  0.500000    1.057750   clock uncertainty
                                  0.000000    1.057750   clock reconvergence pessimism
                                 -0.023801    1.033949   library hold time
                                              1.033949   data required time
---------------------------------------------------------------------------------------------
                                              1.033949   data required time
                                             -1.814327   data arrival time
---------------------------------------------------------------------------------------------
                                              0.780379   slack (MET)


Startpoint: _3088_ (rising edge-triggered flip-flop clocked by clk)
Endpoint: _3035_ (rising edge-triggered flip-flop clocked by clk)
Path Group: clk
Path Type: min

Fanout         Cap        Slew       Delay        Time   Description
---------------------------------------------------------------------------------------------
                                  0.000000    0.000000   clock clk (rise edge)
                                  0.000000    0.000000   clock source latency
     1    0.027657    0.129514    0.090739    0.090739 ^ clk (in)
                                                         clk (net)
                      0.129618    0.000000    0.090739 ^ clkbuf_0_clk/A (sky130_fd_sc_hd__clkbuf_16)
    16    0.122912    0.136331    0.228671    0.319410 ^ clkbuf_0_clk/X (sky130_fd_sc_hd__clkbuf_16)
                                                         clknet_0_clk (net)
                      0.136820    0.006591    0.326001 ^ clkbuf_4_5_0_clk/A (sky130_fd_sc_hd__clkbuf_8)
    10    0.064582    0.121004    0.218024    0.544025 ^ clkbuf_4_5_0_clk/X (sky130_fd_sc_hd__clkbuf_8)
                                                         clknet_4_5_0_clk (net)
                      0.121031    0.001823    0.545848 ^ _3088_/CLK (sky130_fd_sc_hd__dfrtp_4)
     8    0.036921    0.132526    0.497866    1.043714 ^ _3088_/Q (sky130_fd_sc_hd__dfrtp_4)
                                                         acc_reg[9] (net)
                      0.132974    0.006643    1.050357 ^ _2392_/B2 (sky130_fd_sc_hd__a22o_1)
     1    0.003640    0.051021    0.146075    1.196433 ^ _2392_/X (sky130_fd_sc_hd__a22o_1)
                                                         _0694_ (net)
                      0.051021    0.000159    1.196591 ^ _2393_/B1 (sky130_fd_sc_hd__a21o_1)
     1    0.001960    0.028590    0.072323    1.268915 ^ _2393_/X (sky130_fd_sc_hd__a21o_1)
                                                         _0294_ (net)
                      0.028590    0.000091    1.269006 ^ hold248/A (sky130_fd_sc_hd__dlygate4sd3_1)
     1    0.002699    0.052000    0.528499    1.797505 ^ hold248/X (sky130_fd_sc_hd__dlygate4sd3_1)
                                                         net253 (net)
                      0.052000    0.000184    1.797688 ^ _3035_/D (sky130_fd_sc_hd__dfrtp_1)
                                              1.797688   data arrival time

                                  0.000000    0.000000   clock clk (rise edge)
                                  0.000000    0.000000   clock source latency
     1    0.027657    0.129514    0.090739    0.090739 ^ clk (in)
                                                         clk (net)
                      0.129618    0.000000    0.090739 ^ clkbuf_0_clk/A (sky130_fd_sc_hd__clkbuf_16)
    16    0.122912    0.136331    0.228671    0.319410 ^ clkbuf_0_clk/X (sky130_fd_sc_hd__clkbuf_16)
                                                         clknet_0_clk (net)
                      0.137077    0.008081    0.327492 ^ clkbuf_4_12_0_clk/A (sky130_fd_sc_hd__clkbuf_8)
     8    0.059104    0.112861    0.211188    0.538679 ^ clkbuf_4_12_0_clk/X (sky130_fd_sc_hd__clkbuf_8)
                                                         clknet_4_12_0_clk (net)
                      0.113066    0.003411    0.542090 ^ _3035_/CLK (sky130_fd_sc_hd__dfrtp_1)
                                  0.500000    1.042090   clock uncertainty
                                  0.000000    1.042090   clock reconvergence pessimism
                                 -0.026919    1.015172   library hold time
                                              1.015172   data required time
---------------------------------------------------------------------------------------------
                                              1.015172   data required time
                                             -1.797688   data arrival time
---------------------------------------------------------------------------------------------
                                              0.782517   slack (MET)


Startpoint: _3161_ (rising edge-triggered flip-flop clocked by clk)
Endpoint: _3171_ (rising edge-triggered flip-flop clocked by clk)
Path Group: clk
Path Type: min

Fanout         Cap        Slew       Delay        Time   Description
---------------------------------------------------------------------------------------------
                                  0.000000    0.000000   clock clk (rise edge)
                                  0.000000    0.000000   clock source latency
     1    0.027657    0.129514    0.090739    0.090739 ^ clk (in)
                                                         clk (net)
                      0.129618    0.000000    0.090739 ^ clkbuf_0_clk/A (sky130_fd_sc_hd__clkbuf_16)
    16    0.122912    0.136331    0.228671    0.319410 ^ clkbuf_0_clk/X (sky130_fd_sc_hd__clkbuf_16)
                                                         clknet_0_clk (net)
                      0.137219    0.008798    0.328209 ^ clkbuf_4_14_0_clk/A (sky130_fd_sc_hd__clkbuf_8)
    11    0.071062    0.131314    0.226348    0.554557 ^ clkbuf_4_14_0_clk/X (sky130_fd_sc_hd__clkbuf_8)
                                                         clknet_4_14_0_clk (net)
                      0.131344    0.001949    0.556505 ^ _3161_/CLK (sky130_fd_sc_hd__dfrtp_4)
     3    0.014934    0.077848    0.452995    1.009500 ^ _3161_/Q (sky130_fd_sc_hd__dfrtp_4)
                                                         my_sum_sub.state[3] (net)
                      0.077936    0.000971    1.010472 ^ hold128/A (sky130_fd_sc_hd__dlygate4sd3_1)
     3    0.030053    0.301640    0.734732    1.745204 ^ hold128/X (sky130_fd_sc_hd__dlygate4sd3_1)
                                                         net133 (net)
                      0.301657    0.002549    1.747753 ^ _3171_/D (sky130_fd_sc_hd__dfrtp_1)
                                              1.747753   data arrival time

                                  0.000000    0.000000   clock clk (rise edge)
                                  0.000000    0.000000   clock source latency
     1    0.027657    0.129514    0.090739    0.090739 ^ clk (in)
                                                         clk (net)
                      0.129618    0.000000    0.090739 ^ clkbuf_0_clk/A (sky130_fd_sc_hd__clkbuf_16)
    16    0.122912    0.136331    0.228671    0.319410 ^ clkbuf_0_clk/X (sky130_fd_sc_hd__clkbuf_16)
                                                         clknet_0_clk (net)
                      0.137109    0.008249    0.327659 ^ clkbuf_4_3_0_clk/A (sky130_fd_sc_hd__clkbuf_8)
    11    0.060066    0.113828    0.212789    0.540448 ^ clkbuf_4_3_0_clk/X (sky130_fd_sc_hd__clkbuf_8)
                                                         clknet_4_3_0_clk (net)
                      0.113908    0.002765    0.543212 ^ _3171_/CLK (sky130_fd_sc_hd__dfrtp_1)
                                  0.500000    1.043212   clock uncertainty
                                  0.000000    1.043212   clock reconvergence pessimism
                                 -0.078695    0.964517   library hold time
                                              0.964517   data required time
---------------------------------------------------------------------------------------------
                                              0.964517   data required time
                                             -1.747753   data arrival time
---------------------------------------------------------------------------------------------
                                              0.783236   slack (MET)


Startpoint: _3092_ (rising edge-triggered flip-flop clocked by clk)
Endpoint: _3140_ (rising edge-triggered flip-flop clocked by clk)
Path Group: clk
Path Type: min

Fanout         Cap        Slew       Delay        Time   Description
---------------------------------------------------------------------------------------------
                                  0.000000    0.000000   clock clk (rise edge)
                                  0.000000    0.000000   clock source latency
     1    0.027657    0.129514    0.090739    0.090739 ^ clk (in)
                                                         clk (net)
                      0.129618    0.000000    0.090739 ^ clkbuf_0_clk/A (sky130_fd_sc_hd__clkbuf_16)
    16    0.122912    0.136331    0.228671    0.319410 ^ clkbuf_0_clk/X (sky130_fd_sc_hd__clkbuf_16)
                                                         clknet_0_clk (net)
                      0.137109    0.008249    0.327659 ^ clkbuf_4_3_0_clk/A (sky130_fd_sc_hd__clkbuf_8)
    11    0.060066    0.113828    0.212789    0.540448 ^ clkbuf_4_3_0_clk/X (sky130_fd_sc_hd__clkbuf_8)
                                                         clknet_4_3_0_clk (net)
                      0.113904    0.002698    0.543145 ^ _3092_/CLK (sky130_fd_sc_hd__dfrtp_2)
     6    0.026377    0.138665    0.446768    0.989913 ^ _3092_/Q (sky130_fd_sc_hd__dfrtp_2)
                                                         acc_reg[13] (net)
                      0.138682    0.001597    0.991510 ^ _2011_/B2 (sky130_fd_sc_hd__a221o_1)
     1    0.002913    0.045652    0.154956    1.146466 ^ _2011_/X (sky130_fd_sc_hd__a221o_1)
                                                         _0419_ (net)
                      0.045652    0.000135    1.146601 ^ _2012_/B2 (sky130_fd_sc_hd__o22a_1)
     1    0.004323    0.054155    0.119202    1.265804 ^ _2012_/X (sky130_fd_sc_hd__o22a_1)
                                                         _0236_ (net)
                      0.054155    0.000223    1.266026 ^ hold60/A (sky130_fd_sc_hd__dlygate4sd3_1)
     1    0.002343    0.049091    0.533455    1.799482 ^ hold60/X (sky130_fd_sc_hd__dlygate4sd3_1)
                                                         net65 (net)
                      0.049091    0.000109    1.799591 ^ _3140_/D (sky130_fd_sc_hd__dfrtp_1)
                                              1.799591   data arrival time

                                  0.000000    0.000000   clock clk (rise edge)
                                  0.000000    0.000000   clock source latency
     1    0.027657    0.129514    0.090739    0.090739 ^ clk (in)
                                                         clk (net)
                      0.129618    0.000000    0.090739 ^ clkbuf_0_clk/A (sky130_fd_sc_hd__clkbuf_16)
    16    0.122912    0.136331    0.228671    0.319410 ^ clkbuf_0_clk/X (sky130_fd_sc_hd__clkbuf_16)
                                                         clknet_0_clk (net)
                      0.136901    0.007097    0.326508 ^ clkbuf_4_9_0_clk/A (sky130_fd_sc_hd__clkbuf_8)
     7    0.060185    0.114583    0.212457    0.538964 ^ clkbuf_4_9_0_clk/X (sky130_fd_sc_hd__clkbuf_8)
                                                         clknet_4_9_0_clk (net)
                      0.114783    0.003378    0.542342 ^ _3140_/CLK (sky130_fd_sc_hd__dfrtp_1)
                                  0.500000    1.042342   clock uncertainty
                                  0.000000    1.042342   clock reconvergence pessimism
                                 -0.026079    1.016263   library hold time
                                              1.016263   data required time
---------------------------------------------------------------------------------------------
                                              1.016263   data required time
                                             -1.799591   data arrival time
---------------------------------------------------------------------------------------------
                                              0.783328   slack (MET)


Startpoint: _3160_ (rising edge-triggered flip-flop clocked by clk)
Endpoint: _3056_ (rising edge-triggered flip-flop clocked by clk)
Path Group: clk
Path Type: min

Fanout         Cap        Slew       Delay        Time   Description
---------------------------------------------------------------------------------------------
                                  0.000000    0.000000   clock clk (rise edge)
                                  0.000000    0.000000   clock source latency
     1    0.027657    0.129514    0.090739    0.090739 ^ clk (in)
                                                         clk (net)
                      0.129618    0.000000    0.090739 ^ clkbuf_0_clk/A (sky130_fd_sc_hd__clkbuf_16)
    16    0.122912    0.136331    0.228671    0.319410 ^ clkbuf_0_clk/X (sky130_fd_sc_hd__clkbuf_16)
                                                         clknet_0_clk (net)
                      0.137109    0.008249    0.327659 ^ clkbuf_4_3_0_clk/A (sky130_fd_sc_hd__clkbuf_8)
    11    0.060066    0.113828    0.212789    0.540448 ^ clkbuf_4_3_0_clk/X (sky130_fd_sc_hd__clkbuf_8)
                                                         clknet_4_3_0_clk (net)
                      0.113876    0.002213    0.542661 ^ _3160_/CLK (sky130_fd_sc_hd__dfrtp_4)
    11    0.075055    0.228329    0.565414    1.108075 ^ _3160_/Q (sky130_fd_sc_hd__dfrtp_4)
                                                         my_sum_sub.state[2] (net)
                      0.232386    0.024152    1.132227 ^ _2304_/A1 (sky130_fd_sc_hd__o21a_1)
     1    0.001906    0.032570    0.152475    1.284701 ^ _2304_/X (sky130_fd_sc_hd__o21a_1)
                                                         _0315_ (net)
                      0.032570    0.000087    1.284789 ^ hold130/A (sky130_fd_sc_hd__dlygate4sd3_1)
     1    0.002479    0.050151    0.527735    1.812523 ^ hold130/X (sky130_fd_sc_hd__dlygate4sd3_1)
                                                         net135 (net)
                      0.050151    0.000172    1.812695 ^ _3056_/D (sky130_fd_sc_hd__dfrtp_1)
                                              1.812695   data arrival time

                                  0.000000    0.000000   clock clk (rise edge)
                                  0.000000    0.000000   clock source latency
     1    0.027657    0.129514    0.090739    0.090739 ^ clk (in)
                                                         clk (net)
                      0.129618    0.000000    0.090739 ^ clkbuf_0_clk/A (sky130_fd_sc_hd__clkbuf_16)
    16    0.122912    0.136331    0.228671    0.319410 ^ clkbuf_0_clk/X (sky130_fd_sc_hd__clkbuf_16)
                                                         clknet_0_clk (net)
                      0.137235    0.008873    0.328283 ^ clkbuf_4_13_0_clk/A (sky130_fd_sc_hd__clkbuf_8)
    10    0.065260    0.122759    0.218345    0.546628 ^ clkbuf_4_13_0_clk/X (sky130_fd_sc_hd__clkbuf_8)
                                                         clknet_4_13_0_clk (net)
                      0.123128    0.005063    0.551691 ^ _3056_/CLK (sky130_fd_sc_hd__dfrtp_1)
                                  0.500000    1.051691   clock uncertainty
                                  0.000000    1.051691   clock reconvergence pessimism
                                 -0.025158    1.026533   library hold time
                                              1.026533   data required time
---------------------------------------------------------------------------------------------
                                              1.026533   data required time
                                             -1.812695   data arrival time
---------------------------------------------------------------------------------------------
                                              0.786162   slack (MET)


Startpoint: _3160_ (rising edge-triggered flip-flop clocked by clk)
Endpoint: _3053_ (rising edge-triggered flip-flop clocked by clk)
Path Group: clk
Path Type: min

Fanout         Cap        Slew       Delay        Time   Description
---------------------------------------------------------------------------------------------
                                  0.000000    0.000000   clock clk (rise edge)
                                  0.000000    0.000000   clock source latency
     1    0.027657    0.129514    0.090739    0.090739 ^ clk (in)
                                                         clk (net)
                      0.129618    0.000000    0.090739 ^ clkbuf_0_clk/A (sky130_fd_sc_hd__clkbuf_16)
    16    0.122912    0.136331    0.228671    0.319410 ^ clkbuf_0_clk/X (sky130_fd_sc_hd__clkbuf_16)
                                                         clknet_0_clk (net)
                      0.137109    0.008249    0.327659 ^ clkbuf_4_3_0_clk/A (sky130_fd_sc_hd__clkbuf_8)
    11    0.060066    0.113828    0.212789    0.540448 ^ clkbuf_4_3_0_clk/X (sky130_fd_sc_hd__clkbuf_8)
                                                         clknet_4_3_0_clk (net)
                      0.113876    0.002213    0.542661 ^ _3160_/CLK (sky130_fd_sc_hd__dfrtp_4)
    11    0.075055    0.228329    0.565414    1.108075 ^ _3160_/Q (sky130_fd_sc_hd__dfrtp_4)
                                                         my_sum_sub.state[2] (net)
                      0.232210    0.023630    1.131705 ^ _2330_/A1 (sky130_fd_sc_hd__o21a_1)
     1    0.002290    0.035875    0.155413    1.287117 ^ _2330_/X (sky130_fd_sc_hd__o21a_1)
                                                         _0312_ (net)
                      0.035875    0.000107    1.287225 ^ hold125/A (sky130_fd_sc_hd__dlygate4sd3_1)
     1    0.002187    0.047930    0.526072    1.813296 ^ hold125/X (sky130_fd_sc_hd__dlygate4sd3_1)
                                                         net130 (net)
                      0.047930    0.000160    1.813456 ^ _3053_/D (sky130_fd_sc_hd__dfrtp_1)
                                              1.813456   data arrival time

                                  0.000000    0.000000   clock clk (rise edge)
                                  0.000000    0.000000   clock source latency
     1    0.027657    0.129514    0.090739    0.090739 ^ clk (in)
                                                         clk (net)
                      0.129618    0.000000    0.090739 ^ clkbuf_0_clk/A (sky130_fd_sc_hd__clkbuf_16)
    16    0.122912    0.136331    0.228671    0.319410 ^ clkbuf_0_clk/X (sky130_fd_sc_hd__clkbuf_16)
                                                         clknet_0_clk (net)
                      0.137236    0.008877    0.328287 ^ clkbuf_4_15_0_clk/A (sky130_fd_sc_hd__clkbuf_8)
    13    0.066123    0.124153    0.219272    0.547559 ^ clkbuf_4_15_0_clk/X (sky130_fd_sc_hd__clkbuf_8)
                                                         clknet_4_15_0_clk (net)
                      0.124412    0.004114    0.551673 ^ _3053_/CLK (sky130_fd_sc_hd__dfrtp_1)
                                  0.500000    1.051673   clock uncertainty
                                  0.000000    1.051673   clock reconvergence pessimism
                                 -0.024521    1.027152   library hold time
                                              1.027152   data required time
---------------------------------------------------------------------------------------------
                                              1.027152   data required time
                                             -1.813456   data arrival time
---------------------------------------------------------------------------------------------
                                              0.786304   slack (MET)


Startpoint: _3160_ (rising edge-triggered flip-flop clocked by clk)
Endpoint: _3052_ (rising edge-triggered flip-flop clocked by clk)
Path Group: clk
Path Type: min

Fanout         Cap        Slew       Delay        Time   Description
---------------------------------------------------------------------------------------------
                                  0.000000    0.000000   clock clk (rise edge)
                                  0.000000    0.000000   clock source latency
     1    0.027657    0.129514    0.090739    0.090739 ^ clk (in)
                                                         clk (net)
                      0.129618    0.000000    0.090739 ^ clkbuf_0_clk/A (sky130_fd_sc_hd__clkbuf_16)
    16    0.122912    0.136331    0.228671    0.319410 ^ clkbuf_0_clk/X (sky130_fd_sc_hd__clkbuf_16)
                                                         clknet_0_clk (net)
                      0.137109    0.008249    0.327659 ^ clkbuf_4_3_0_clk/A (sky130_fd_sc_hd__clkbuf_8)
    11    0.060066    0.113828    0.212789    0.540448 ^ clkbuf_4_3_0_clk/X (sky130_fd_sc_hd__clkbuf_8)
                                                         clknet_4_3_0_clk (net)
                      0.113876    0.002213    0.542661 ^ _3160_/CLK (sky130_fd_sc_hd__dfrtp_4)
    11    0.075055    0.228329    0.565414    1.108075 ^ _3160_/Q (sky130_fd_sc_hd__dfrtp_4)
                                                         my_sum_sub.state[2] (net)
                      0.232003    0.023004    1.131079 ^ _2339_/A1 (sky130_fd_sc_hd__o21a_1)
     1    0.002434    0.036909    0.156483    1.287562 ^ _2339_/X (sky130_fd_sc_hd__o21a_1)
                                                         _0311_ (net)
                      0.036909    0.000118    1.287680 ^ hold150/A (sky130_fd_sc_hd__dlygate4sd3_1)
     1    0.002220    0.048161    0.526710    1.814390 ^ hold150/X (sky130_fd_sc_hd__dlygate4sd3_1)
                                                         net155 (net)
                      0.048161    0.000162    1.814551 ^ _3052_/D (sky130_fd_sc_hd__dfrtp_1)
                                              1.814551   data arrival time

                                  0.000000    0.000000   clock clk (rise edge)
                                  0.000000    0.000000   clock source latency
     1    0.027657    0.129514    0.090739    0.090739 ^ clk (in)
                                                         clk (net)
                      0.129618    0.000000    0.090739 ^ clkbuf_0_clk/A (sky130_fd_sc_hd__clkbuf_16)
    16    0.122912    0.136331    0.228671    0.319410 ^ clkbuf_0_clk/X (sky130_fd_sc_hd__clkbuf_16)
                                                         clknet_0_clk (net)
                      0.137235    0.008873    0.328283 ^ clkbuf_4_13_0_clk/A (sky130_fd_sc_hd__clkbuf_8)
    10    0.065260    0.122759    0.218345    0.546628 ^ clkbuf_4_13_0_clk/X (sky130_fd_sc_hd__clkbuf_8)
                                                         clknet_4_13_0_clk (net)
                      0.123010    0.004036    0.550664 ^ _3052_/CLK (sky130_fd_sc_hd__dfrtp_1)
                                  0.500000    1.050664   clock uncertainty
                                  0.000000    1.050664   clock reconvergence pessimism
                                 -0.024761    1.025903   library hold time
                                              1.025903   data required time
---------------------------------------------------------------------------------------------
                                              1.025903   data required time
                                             -1.814551   data arrival time
---------------------------------------------------------------------------------------------
                                              0.788648   slack (MET)


Startpoint: _3160_ (rising edge-triggered flip-flop clocked by clk)
Endpoint: _3054_ (rising edge-triggered flip-flop clocked by clk)
Path Group: clk
Path Type: min

Fanout         Cap        Slew       Delay        Time   Description
---------------------------------------------------------------------------------------------
                                  0.000000    0.000000   clock clk (rise edge)
                                  0.000000    0.000000   clock source latency
     1    0.027657    0.129514    0.090739    0.090739 ^ clk (in)
                                                         clk (net)
                      0.129618    0.000000    0.090739 ^ clkbuf_0_clk/A (sky130_fd_sc_hd__clkbuf_16)
    16    0.122912    0.136331    0.228671    0.319410 ^ clkbuf_0_clk/X (sky130_fd_sc_hd__clkbuf_16)
                                                         clknet_0_clk (net)
                      0.137109    0.008249    0.327659 ^ clkbuf_4_3_0_clk/A (sky130_fd_sc_hd__clkbuf_8)
    11    0.060066    0.113828    0.212789    0.540448 ^ clkbuf_4_3_0_clk/X (sky130_fd_sc_hd__clkbuf_8)
                                                         clknet_4_3_0_clk (net)
                      0.113876    0.002213    0.542661 ^ _3160_/CLK (sky130_fd_sc_hd__dfrtp_4)
    11    0.075055    0.228329    0.565414    1.108075 ^ _3160_/Q (sky130_fd_sc_hd__dfrtp_4)
                                                         my_sum_sub.state[2] (net)
                      0.232284    0.023851    1.131926 ^ _2322_/A1 (sky130_fd_sc_hd__o21a_1)
     1    0.001863    0.032111    0.152122    1.284048 ^ _2322_/X (sky130_fd_sc_hd__o21a_1)
                                                         _0313_ (net)
                      0.032111    0.000086    1.284135 ^ hold127/A (sky130_fd_sc_hd__dlygate4sd3_1)
     1    0.003023    0.054793    0.532687    1.816821 ^ hold127/X (sky130_fd_sc_hd__dlygate4sd3_1)
                                                         net132 (net)
                      0.054793    0.000193    1.817014 ^ _3054_/D (sky130_fd_sc_hd__dfrtp_1)
                                              1.817014   data arrival time

                                  0.000000    0.000000   clock clk (rise edge)
                                  0.000000    0.000000   clock source latency
     1    0.027657    0.129514    0.090739    0.090739 ^ clk (in)
                                                         clk (net)
                      0.129618    0.000000    0.090739 ^ clkbuf_0_clk/A (sky130_fd_sc_hd__clkbuf_16)
    16    0.122912    0.136331    0.228671    0.319410 ^ clkbuf_0_clk/X (sky130_fd_sc_hd__clkbuf_16)
                                                         clknet_0_clk (net)
                      0.137235    0.008873    0.328283 ^ clkbuf_4_13_0_clk/A (sky130_fd_sc_hd__clkbuf_8)
    10    0.065260    0.122759    0.218345    0.546628 ^ clkbuf_4_13_0_clk/X (sky130_fd_sc_hd__clkbuf_8)
                                                         clknet_4_13_0_clk (net)
                      0.123114    0.004954    0.551582 ^ _3054_/CLK (sky130_fd_sc_hd__dfrtp_1)
                                  0.500000    1.051582   clock uncertainty
                                  0.000000    1.051582   clock reconvergence pessimism
                                 -0.026124    1.025458   library hold time
                                              1.025458   data required time
---------------------------------------------------------------------------------------------
                                              1.025458   data required time
                                             -1.817014   data arrival time
---------------------------------------------------------------------------------------------
                                              0.791556   slack (MET)


Startpoint: _3092_ (rising edge-triggered flip-flop clocked by clk)
Endpoint: _3039_ (rising edge-triggered flip-flop clocked by clk)
Path Group: clk
Path Type: min

Fanout         Cap        Slew       Delay        Time   Description
---------------------------------------------------------------------------------------------
                                  0.000000    0.000000   clock clk (rise edge)
                                  0.000000    0.000000   clock source latency
     1    0.027657    0.129514    0.090739    0.090739 ^ clk (in)
                                                         clk (net)
                      0.129618    0.000000    0.090739 ^ clkbuf_0_clk/A (sky130_fd_sc_hd__clkbuf_16)
    16    0.122912    0.136331    0.228671    0.319410 ^ clkbuf_0_clk/X (sky130_fd_sc_hd__clkbuf_16)
                                                         clknet_0_clk (net)
                      0.137109    0.008249    0.327659 ^ clkbuf_4_3_0_clk/A (sky130_fd_sc_hd__clkbuf_8)
    11    0.060066    0.113828    0.212789    0.540448 ^ clkbuf_4_3_0_clk/X (sky130_fd_sc_hd__clkbuf_8)
                                                         clknet_4_3_0_clk (net)
                      0.113904    0.002698    0.543145 ^ _3092_/CLK (sky130_fd_sc_hd__dfrtp_2)
     6    0.026377    0.138665    0.446768    0.989913 ^ _3092_/Q (sky130_fd_sc_hd__dfrtp_2)
                                                         acc_reg[13] (net)
                      0.138730    0.002795    0.992708 ^ _2384_/A (sky130_fd_sc_hd__and2_1)
     1    0.003619    0.053711    0.145969    1.138677 ^ _2384_/X (sky130_fd_sc_hd__and2_1)
                                                         _0690_ (net)
                      0.053712    0.000275    1.138952 ^ _2385_/C1 (sky130_fd_sc_hd__a221o_1)
     1    0.005263    0.062472    0.116078    1.255030 ^ _2385_/X (sky130_fd_sc_hd__a221o_1)
                                                         _0298_ (net)
                      0.062473    0.000386    1.255416 ^ hold119/A (sky130_fd_sc_hd__dlygate4sd3_1)
     1    0.003990    0.063538    0.550290    1.805707 ^ hold119/X (sky130_fd_sc_hd__dlygate4sd3_1)
                                                         net124 (net)
                      0.063538    0.000291    1.805997 ^ _3039_/D (sky130_fd_sc_hd__dfrtp_1)
                                              1.805997   data arrival time

                                  0.000000    0.000000   clock clk (rise edge)
                                  0.000000    0.000000   clock source latency
     1    0.027657    0.129514    0.090739    0.090739 ^ clk (in)
                                                         clk (net)
                      0.129618    0.000000    0.090739 ^ clkbuf_0_clk/A (sky130_fd_sc_hd__clkbuf_16)
    16    0.122912    0.136331    0.228671    0.319410 ^ clkbuf_0_clk/X (sky130_fd_sc_hd__clkbuf_16)
                                                         clknet_0_clk (net)
                      0.137076    0.008079    0.327489 ^ clkbuf_4_11_0_clk/A (sky130_fd_sc_hd__clkbuf_8)
    13    0.059228    0.112479    0.212100    0.539589 ^ clkbuf_4_11_0_clk/X (sky130_fd_sc_hd__clkbuf_8)
                                                         clknet_4_11_0_clk (net)
                      0.112585    0.003097    0.542687 ^ _3039_/CLK (sky130_fd_sc_hd__dfrtp_1)
                                  0.500000    1.042687   clock uncertainty
                                  0.000000    1.042687   clock reconvergence pessimism
                                 -0.029383    1.013304   library hold time
                                              1.013304   data required time
---------------------------------------------------------------------------------------------
                                              1.013304   data required time
                                             -1.805997   data arrival time
---------------------------------------------------------------------------------------------
                                              0.792693   slack (MET)


Startpoint: _3096_ (rising edge-triggered flip-flop clocked by clk)
Endpoint: _3096_ (rising edge-triggered flip-flop clocked by clk)
Path Group: clk
Path Type: min

Fanout         Cap        Slew       Delay        Time   Description
---------------------------------------------------------------------------------------------
                                  0.000000    0.000000   clock clk (rise edge)
                                  0.000000    0.000000   clock source latency
     1    0.027657    0.129514    0.090739    0.090739 ^ clk (in)
                                                         clk (net)
                      0.129618    0.000000    0.090739 ^ clkbuf_0_clk/A (sky130_fd_sc_hd__clkbuf_16)
    16    0.122912    0.136331    0.228671    0.319410 ^ clkbuf_0_clk/X (sky130_fd_sc_hd__clkbuf_16)
                                                         clknet_0_clk (net)
                      0.136864    0.006872    0.326283 ^ clkbuf_4_7_0_clk/A (sky130_fd_sc_hd__clkbuf_8)
    17    0.070425    0.131162    0.223806    0.550088 ^ clkbuf_4_7_0_clk/X (sky130_fd_sc_hd__clkbuf_8)
                                                         clknet_4_7_0_clk (net)
                      0.131698    0.006802    0.556891 ^ _3096_/CLK (sky130_fd_sc_hd__dfrtp_4)
    18    0.070889    0.215966    0.567177    1.124068 ^ _3096_/Q (sky130_fd_sc_hd__dfrtp_4)
                                                         my_mul.x2[1] (net)
                      0.216260    0.004195    1.128263 ^ _2138_/A1 (sky130_fd_sc_hd__mux2_1)
     1    0.002874    0.041888    0.167297    1.295560 ^ _2138_/X (sky130_fd_sc_hd__mux2_1)
                                                         _0355_ (net)
                      0.041888    0.000181    1.295741 ^ hold148/A (sky130_fd_sc_hd__dlygate4sd3_1)
     1    0.002562    0.050849    0.531538    1.827279 ^ hold148/X (sky130_fd_sc_hd__dlygate4sd3_1)
                                                         net153 (net)
                      0.050849    0.000188    1.827467 ^ _3096_/D (sky130_fd_sc_hd__dfrtp_4)
                                              1.827467   data arrival time

                                  0.000000    0.000000   clock clk (rise edge)
                                  0.000000    0.000000   clock source latency
     1    0.027657    0.129514    0.090739    0.090739 ^ clk (in)
                                                         clk (net)
                      0.129618    0.000000    0.090739 ^ clkbuf_0_clk/A (sky130_fd_sc_hd__clkbuf_16)
    16    0.122912    0.136331    0.228671    0.319410 ^ clkbuf_0_clk/X (sky130_fd_sc_hd__clkbuf_16)
                                                         clknet_0_clk (net)
                      0.136864    0.006872    0.326283 ^ clkbuf_4_7_0_clk/A (sky130_fd_sc_hd__clkbuf_8)
    17    0.070425    0.131162    0.223806    0.550088 ^ clkbuf_4_7_0_clk/X (sky130_fd_sc_hd__clkbuf_8)
                                                         clknet_4_7_0_clk (net)
                      0.131698    0.006802    0.556891 ^ _3096_/CLK (sky130_fd_sc_hd__dfrtp_4)
                                  0.500000    1.056891   clock uncertainty
                                  0.000000    1.056891   clock reconvergence pessimism
                                 -0.024131    1.032760   library hold time
                                              1.032760   data required time
---------------------------------------------------------------------------------------------
                                              1.032760   data required time
                                             -1.827467   data arrival time
---------------------------------------------------------------------------------------------
                                              0.794707   slack (MET)


Startpoint: _3160_ (rising edge-triggered flip-flop clocked by clk)
Endpoint: _3050_ (rising edge-triggered flip-flop clocked by clk)
Path Group: clk
Path Type: min

Fanout         Cap        Slew       Delay        Time   Description
---------------------------------------------------------------------------------------------
                                  0.000000    0.000000   clock clk (rise edge)
                                  0.000000    0.000000   clock source latency
     1    0.027657    0.129514    0.090739    0.090739 ^ clk (in)
                                                         clk (net)
                      0.129618    0.000000    0.090739 ^ clkbuf_0_clk/A (sky130_fd_sc_hd__clkbuf_16)
    16    0.122912    0.136331    0.228671    0.319410 ^ clkbuf_0_clk/X (sky130_fd_sc_hd__clkbuf_16)
                                                         clknet_0_clk (net)
                      0.137109    0.008249    0.327659 ^ clkbuf_4_3_0_clk/A (sky130_fd_sc_hd__clkbuf_8)
    11    0.060066    0.113828    0.212789    0.540448 ^ clkbuf_4_3_0_clk/X (sky130_fd_sc_hd__clkbuf_8)
                                                         clknet_4_3_0_clk (net)
                      0.113876    0.002213    0.542661 ^ _3160_/CLK (sky130_fd_sc_hd__dfrtp_4)
    11    0.075055    0.228329    0.565414    1.108075 ^ _3160_/Q (sky130_fd_sc_hd__dfrtp_4)
                                                         my_sum_sub.state[2] (net)
                      0.231386    0.021030    1.129105 ^ _2358_/A1 (sky130_fd_sc_hd__o21a_1)
     1    0.001808    0.031756    0.151498    1.280603 ^ _2358_/X (sky130_fd_sc_hd__o21a_1)
                                                         _0309_ (net)
                      0.031763    0.000084    1.280687 ^ hold138/A (sky130_fd_sc_hd__dlygate4sd3_1)
     1    0.002844    0.053240    0.530891    1.811578 ^ hold138/X (sky130_fd_sc_hd__dlygate4sd3_1)
                                                         net143 (net)
                      0.053240    0.000185    1.811763 ^ _3050_/D (sky130_fd_sc_hd__dfrtp_1)
                                              1.811763   data arrival time

                                  0.000000    0.000000   clock clk (rise edge)
                                  0.000000    0.000000   clock source latency
     1    0.027657    0.129514    0.090739    0.090739 ^ clk (in)
                                                         clk (net)
                      0.129618    0.000000    0.090739 ^ clkbuf_0_clk/A (sky130_fd_sc_hd__clkbuf_16)
    16    0.122912    0.136331    0.228671    0.319410 ^ clkbuf_0_clk/X (sky130_fd_sc_hd__clkbuf_16)
                                                         clknet_0_clk (net)
                      0.137077    0.008081    0.327492 ^ clkbuf_4_12_0_clk/A (sky130_fd_sc_hd__clkbuf_8)
     8    0.059104    0.112861    0.211188    0.538679 ^ clkbuf_4_12_0_clk/X (sky130_fd_sc_hd__clkbuf_8)
                                                         clknet_4_12_0_clk (net)
                      0.112927    0.002550    0.541229 ^ _3050_/CLK (sky130_fd_sc_hd__dfrtp_1)
                                  0.500000    1.041229   clock uncertainty
                                  0.000000    1.041229   clock reconvergence pessimism
                                 -0.027195    1.014034   library hold time
                                              1.014034   data required time
---------------------------------------------------------------------------------------------
                                              1.014034   data required time
                                             -1.811763   data arrival time
---------------------------------------------------------------------------------------------
                                              0.797729   slack (MET)


Startpoint: _3160_ (rising edge-triggered flip-flop clocked by clk)
Endpoint: _3049_ (rising edge-triggered flip-flop clocked by clk)
Path Group: clk
Path Type: min

Fanout         Cap        Slew       Delay        Time   Description
---------------------------------------------------------------------------------------------
                                  0.000000    0.000000   clock clk (rise edge)
                                  0.000000    0.000000   clock source latency
     1    0.027657    0.129514    0.090739    0.090739 ^ clk (in)
                                                         clk (net)
                      0.129618    0.000000    0.090739 ^ clkbuf_0_clk/A (sky130_fd_sc_hd__clkbuf_16)
    16    0.122912    0.136331    0.228671    0.319410 ^ clkbuf_0_clk/X (sky130_fd_sc_hd__clkbuf_16)
                                                         clknet_0_clk (net)
                      0.137109    0.008249    0.327659 ^ clkbuf_4_3_0_clk/A (sky130_fd_sc_hd__clkbuf_8)
    11    0.060066    0.113828    0.212789    0.540448 ^ clkbuf_4_3_0_clk/X (sky130_fd_sc_hd__clkbuf_8)
                                                         clknet_4_3_0_clk (net)
                      0.113876    0.002213    0.542661 ^ _3160_/CLK (sky130_fd_sc_hd__dfrtp_4)
    11    0.075055    0.228329    0.565414    1.108075 ^ _3160_/Q (sky130_fd_sc_hd__dfrtp_4)
                                                         my_sum_sub.state[2] (net)
                      0.231172    0.020302    1.128377 ^ _2365_/A1 (sky130_fd_sc_hd__o21a_1)
     1    0.002096    0.034321    0.153674    1.282051 ^ _2365_/X (sky130_fd_sc_hd__o21a_1)
                                                         _0308_ (net)
                      0.034321    0.000146    1.282197 ^ hold213/A (sky130_fd_sc_hd__dlygate4sd3_1)
     1    0.003823    0.062126    0.540146    1.822343 ^ hold213/X (sky130_fd_sc_hd__dlygate4sd3_1)
                                                         net218 (net)
                      0.062127    0.000292    1.822635 ^ _3049_/D (sky130_fd_sc_hd__dfrtp_2)
                                              1.822635   data arrival time

                                  0.000000    0.000000   clock clk (rise edge)
                                  0.000000    0.000000   clock source latency
     1    0.027657    0.129514    0.090739    0.090739 ^ clk (in)
                                                         clk (net)
                      0.129618    0.000000    0.090739 ^ clkbuf_0_clk/A (sky130_fd_sc_hd__clkbuf_16)
    16    0.122912    0.136331    0.228671    0.319410 ^ clkbuf_0_clk/X (sky130_fd_sc_hd__clkbuf_16)
                                                         clknet_0_clk (net)
                      0.137236    0.008877    0.328287 ^ clkbuf_4_15_0_clk/A (sky130_fd_sc_hd__clkbuf_8)
    13    0.066123    0.124153    0.219272    0.547559 ^ clkbuf_4_15_0_clk/X (sky130_fd_sc_hd__clkbuf_8)
                                                         clknet_4_15_0_clk (net)
                      0.124330    0.003195    0.550754 ^ _3049_/CLK (sky130_fd_sc_hd__dfrtp_2)
                                  0.500000    1.050754   clock uncertainty
                                  0.000000    1.050754   clock reconvergence pessimism
                                 -0.027350    1.023404   library hold time
                                              1.023404   data required time
---------------------------------------------------------------------------------------------
                                              1.023404   data required time
                                             -1.822635   data arrival time
---------------------------------------------------------------------------------------------
                                              0.799231   slack (MET)


Startpoint: _3160_ (rising edge-triggered flip-flop clocked by clk)
Endpoint: _3051_ (rising edge-triggered flip-flop clocked by clk)
Path Group: clk
Path Type: min

Fanout         Cap        Slew       Delay        Time   Description
---------------------------------------------------------------------------------------------
                                  0.000000    0.000000   clock clk (rise edge)
                                  0.000000    0.000000   clock source latency
     1    0.027657    0.129514    0.090739    0.090739 ^ clk (in)
                                                         clk (net)
                      0.129618    0.000000    0.090739 ^ clkbuf_0_clk/A (sky130_fd_sc_hd__clkbuf_16)
    16    0.122912    0.136331    0.228671    0.319410 ^ clkbuf_0_clk/X (sky130_fd_sc_hd__clkbuf_16)
                                                         clknet_0_clk (net)
                      0.137109    0.008249    0.327659 ^ clkbuf_4_3_0_clk/A (sky130_fd_sc_hd__clkbuf_8)
    11    0.060066    0.113828    0.212789    0.540448 ^ clkbuf_4_3_0_clk/X (sky130_fd_sc_hd__clkbuf_8)
                                                         clknet_4_3_0_clk (net)
                      0.113876    0.002213    0.542661 ^ _3160_/CLK (sky130_fd_sc_hd__dfrtp_4)
    11    0.075055    0.228329    0.565414    1.108075 ^ _3160_/Q (sky130_fd_sc_hd__dfrtp_4)
                                                         my_sum_sub.state[2] (net)
                      0.231718    0.022114    1.130189 ^ _2349_/A1 (sky130_fd_sc_hd__o21a_1)
     1    0.002764    0.039198    0.158978    1.289167 ^ _2349_/X (sky130_fd_sc_hd__o21a_1)
                                                         _0310_ (net)
                      0.039198    0.000172    1.289339 ^ hold136/A (sky130_fd_sc_hd__dlygate4sd3_1)
     1    0.003037    0.054924    0.535133    1.824473 ^ hold136/X (sky130_fd_sc_hd__dlygate4sd3_1)
                                                         net141 (net)
                      0.054924    0.000208    1.824680 ^ _3051_/D (sky130_fd_sc_hd__dfrtp_1)
                                              1.824680   data arrival time

                                  0.000000    0.000000   clock clk (rise edge)
                                  0.000000    0.000000   clock source latency
     1    0.027657    0.129514    0.090739    0.090739 ^ clk (in)
                                                         clk (net)
                      0.129618    0.000000    0.090739 ^ clkbuf_0_clk/A (sky130_fd_sc_hd__clkbuf_16)
    16    0.122912    0.136331    0.228671    0.319410 ^ clkbuf_0_clk/X (sky130_fd_sc_hd__clkbuf_16)
                                                         clknet_0_clk (net)
                      0.137235    0.008873    0.328283 ^ clkbuf_4_13_0_clk/A (sky130_fd_sc_hd__clkbuf_8)
    10    0.065260    0.122759    0.218345    0.546628 ^ clkbuf_4_13_0_clk/X (sky130_fd_sc_hd__clkbuf_8)
                                                         clknet_4_13_0_clk (net)
                      0.122953    0.003419    0.550047 ^ _3051_/CLK (sky130_fd_sc_hd__dfrtp_1)
                                  0.500000    1.050047   clock uncertainty
                                  0.000000    1.050047   clock reconvergence pessimism
                                 -0.026173    1.023874   library hold time
                                              1.023874   data required time
---------------------------------------------------------------------------------------------
                                              1.023874   data required time
                                             -1.824680   data arrival time
---------------------------------------------------------------------------------------------
                                              0.800807   slack (MET)


Startpoint: _3160_ (rising edge-triggered flip-flop clocked by clk)
Endpoint: _3040_ (rising edge-triggered flip-flop clocked by clk)
Path Group: clk
Path Type: min

Fanout         Cap        Slew       Delay        Time   Description
---------------------------------------------------------------------------------------------
                                  0.000000    0.000000   clock clk (rise edge)
                                  0.000000    0.000000   clock source latency
     1    0.027657    0.129514    0.090739    0.090739 ^ clk (in)
                                                         clk (net)
                      0.129618    0.000000    0.090739 ^ clkbuf_0_clk/A (sky130_fd_sc_hd__clkbuf_16)
    16    0.122912    0.136331    0.228671    0.319410 ^ clkbuf_0_clk/X (sky130_fd_sc_hd__clkbuf_16)
                                                         clknet_0_clk (net)
                      0.137109    0.008249    0.327659 ^ clkbuf_4_3_0_clk/A (sky130_fd_sc_hd__clkbuf_8)
    11    0.060066    0.113828    0.212789    0.540448 ^ clkbuf_4_3_0_clk/X (sky130_fd_sc_hd__clkbuf_8)
                                                         clknet_4_3_0_clk (net)
                      0.113876    0.002213    0.542661 ^ _3160_/CLK (sky130_fd_sc_hd__dfrtp_4)
    11    0.075055    0.228329    0.565414    1.108075 ^ _3160_/Q (sky130_fd_sc_hd__dfrtp_4)
                                                         my_sum_sub.state[2] (net)
                      0.228541    0.005869    1.113944 ^ _2383_/S (sky130_fd_sc_hd__mux2_1)
     1    0.002619    0.039928    0.169494    1.283438 ^ _2383_/X (sky130_fd_sc_hd__mux2_1)
                                                         _0299_ (net)
                      0.039928    0.000190    1.283628 ^ hold172/A (sky130_fd_sc_hd__dlygate4sd3_1)
     1    0.002944    0.054113    0.534496    1.818124 ^ hold172/X (sky130_fd_sc_hd__dlygate4sd3_1)
                                                         net177 (net)
                      0.054113    0.000199    1.818323 ^ _3040_/D (sky130_fd_sc_hd__dfrtp_1)
                                              1.818323   data arrival time

                                  0.000000    0.000000   clock clk (rise edge)
                                  0.000000    0.000000   clock source latency
     1    0.027657    0.129514    0.090739    0.090739 ^ clk (in)
                                                         clk (net)
                      0.129618    0.000000    0.090739 ^ clkbuf_0_clk/A (sky130_fd_sc_hd__clkbuf_16)
    16    0.122912    0.136331    0.228671    0.319410 ^ clkbuf_0_clk/X (sky130_fd_sc_hd__clkbuf_16)
                                                         clknet_0_clk (net)
                      0.137109    0.008249    0.327659 ^ clkbuf_4_3_0_clk/A (sky130_fd_sc_hd__clkbuf_8)
    11    0.060066    0.113828    0.212789    0.540448 ^ clkbuf_4_3_0_clk/X (sky130_fd_sc_hd__clkbuf_8)
                                                         clknet_4_3_0_clk (net)
                      0.113863    0.001944    0.542392 ^ _3040_/CLK (sky130_fd_sc_hd__dfrtp_1)
                                  0.500000    1.042392   clock uncertainty
                                  0.000000    1.042392   clock reconvergence pessimism
                                 -0.027249    1.015143   library hold time
                                              1.015143   data required time
---------------------------------------------------------------------------------------------
                                              1.015143   data required time
                                             -1.818323   data arrival time
---------------------------------------------------------------------------------------------
                                              0.803180   slack (MET)


Startpoint: _3160_ (rising edge-triggered flip-flop clocked by clk)
Endpoint: _3055_ (rising edge-triggered flip-flop clocked by clk)
Path Group: clk
Path Type: min

Fanout         Cap        Slew       Delay        Time   Description
---------------------------------------------------------------------------------------------
                                  0.000000    0.000000   clock clk (rise edge)
                                  0.000000    0.000000   clock source latency
     1    0.027657    0.129514    0.090739    0.090739 ^ clk (in)
                                                         clk (net)
                      0.129618    0.000000    0.090739 ^ clkbuf_0_clk/A (sky130_fd_sc_hd__clkbuf_16)
    16    0.122912    0.136331    0.228671    0.319410 ^ clkbuf_0_clk/X (sky130_fd_sc_hd__clkbuf_16)
                                                         clknet_0_clk (net)
                      0.137109    0.008249    0.327659 ^ clkbuf_4_3_0_clk/A (sky130_fd_sc_hd__clkbuf_8)
    11    0.060066    0.113828    0.212789    0.540448 ^ clkbuf_4_3_0_clk/X (sky130_fd_sc_hd__clkbuf_8)
                                                         clknet_4_3_0_clk (net)
                      0.113876    0.002213    0.542661 ^ _3160_/CLK (sky130_fd_sc_hd__dfrtp_4)
    11    0.075055    0.228329    0.565414    1.108075 ^ _3160_/Q (sky130_fd_sc_hd__dfrtp_4)
                                                         my_sum_sub.state[2] (net)
                      0.232408    0.024217    1.132292 ^ _2314_/S (sky130_fd_sc_hd__mux2_1)
     1    0.002791    0.041238    0.171760    1.304052 ^ _2314_/X (sky130_fd_sc_hd__mux2_1)
                                                         _0314_ (net)
                      0.041238    0.000171    1.304224 ^ hold233/A (sky130_fd_sc_hd__dlygate4sd3_1)
     1    0.002223    0.048194    0.528153    1.832377 ^ hold233/X (sky130_fd_sc_hd__dlygate4sd3_1)
                                                         net238 (net)
                      0.048194    0.000161    1.832537 ^ _3055_/D (sky130_fd_sc_hd__dfrtp_1)
                                              1.832537   data arrival time

                                  0.000000    0.000000   clock clk (rise edge)
                                  0.000000    0.000000   clock source latency
     1    0.027657    0.129514    0.090739    0.090739 ^ clk (in)
                                                         clk (net)
                      0.129618    0.000000    0.090739 ^ clkbuf_0_clk/A (sky130_fd_sc_hd__clkbuf_16)
    16    0.122912    0.136331    0.228671    0.319410 ^ clkbuf_0_clk/X (sky130_fd_sc_hd__clkbuf_16)
                                                         clknet_0_clk (net)
                      0.137235    0.008873    0.328283 ^ clkbuf_4_13_0_clk/A (sky130_fd_sc_hd__clkbuf_8)
    10    0.065260    0.122759    0.218345    0.546628 ^ clkbuf_4_13_0_clk/X (sky130_fd_sc_hd__clkbuf_8)
                                                         clknet_4_13_0_clk (net)
                      0.123155    0.005274    0.551902 ^ _3055_/CLK (sky130_fd_sc_hd__dfrtp_1)
                                  0.500000    1.051902   clock uncertainty
                                  0.000000    1.051902   clock reconvergence pessimism
                                 -0.024748    1.027154   library hold time
                                              1.027154   data required time
---------------------------------------------------------------------------------------------
                                              1.027154   data required time
                                             -1.832537   data arrival time
---------------------------------------------------------------------------------------------
                                              0.805383   slack (MET)


Startpoint: _3076_ (rising edge-triggered flip-flop clocked by clk)
Endpoint: _3030_ (rising edge-triggered flip-flop clocked by clk)
Path Group: clk
Path Type: min

Fanout         Cap        Slew       Delay        Time   Description
---------------------------------------------------------------------------------------------
                                  0.000000    0.000000   clock clk (rise edge)
                                  0.000000    0.000000   clock source latency
     1    0.027657    0.129514    0.090739    0.090739 ^ clk (in)
                                                         clk (net)
                      0.129618    0.000000    0.090739 ^ clkbuf_0_clk/A (sky130_fd_sc_hd__clkbuf_16)
    16    0.122912    0.136331    0.228671    0.319410 ^ clkbuf_0_clk/X (sky130_fd_sc_hd__clkbuf_16)
                                                         clknet_0_clk (net)
                      0.137076    0.008079    0.327489 ^ clkbuf_4_11_0_clk/A (sky130_fd_sc_hd__clkbuf_8)
    13    0.059228    0.112479    0.212100    0.539589 ^ clkbuf_4_11_0_clk/X (sky130_fd_sc_hd__clkbuf_8)
                                                         clknet_4_11_0_clk (net)
                      0.112544    0.002495    0.542085 ^ _3076_/CLK (sky130_fd_sc_hd__dfrtp_2)
     6    0.025155    0.133298    0.442140    0.984224 ^ _3076_/Q (sky130_fd_sc_hd__dfrtp_2)
                                                         my_sum_sub.cm_exp[6] (net)
                      0.133317    0.001621    0.985845 ^ _2637_/B2 (sky130_fd_sc_hd__o32a_1)
     2    0.006717    0.082591    0.175653    1.161498 ^ _2637_/X (sky130_fd_sc_hd__o32a_1)
                                                         _0936_ (net)
                      0.082591    0.000359    1.161857 ^ _2662_/B1 (sky130_fd_sc_hd__a22o_1)
     1    0.003732    0.051424    0.130563    1.292420 ^ _2662_/X (sky130_fd_sc_hd__a22o_1)
                                                         _0289_ (net)
                      0.051424    0.000249    1.292669 ^ hold187/A (sky130_fd_sc_hd__dlygate4sd3_1)
     1    0.002523    0.050551    0.534302    1.826971 ^ hold187/X (sky130_fd_sc_hd__dlygate4sd3_1)
                                                         net192 (net)
                      0.050551    0.000118    1.827089 ^ _3030_/D (sky130_fd_sc_hd__dfrtp_1)
                                              1.827089   data arrival time

                                  0.000000    0.000000   clock clk (rise edge)
                                  0.000000    0.000000   clock source latency
     1    0.027657    0.129514    0.090739    0.090739 ^ clk (in)
                                                         clk (net)
                      0.129618    0.000000    0.090739 ^ clkbuf_0_clk/A (sky130_fd_sc_hd__clkbuf_16)
    16    0.122912    0.136331    0.228671    0.319410 ^ clkbuf_0_clk/X (sky130_fd_sc_hd__clkbuf_16)
                                                         clknet_0_clk (net)
                      0.137076    0.008079    0.327489 ^ clkbuf_4_11_0_clk/A (sky130_fd_sc_hd__clkbuf_8)
    13    0.059228    0.112479    0.212100    0.539589 ^ clkbuf_4_11_0_clk/X (sky130_fd_sc_hd__clkbuf_8)
                                                         clknet_4_11_0_clk (net)
                      0.112532    0.002278    0.541868 ^ _3030_/CLK (sky130_fd_sc_hd__dfrtp_1)
                                  0.500000    1.041868   clock uncertainty
                                  0.000000    1.041868   clock reconvergence pessimism
                                 -0.026690    1.015178   library hold time
                                              1.015178   data required time
---------------------------------------------------------------------------------------------
                                              1.015178   data required time
                                             -1.827089   data arrival time
---------------------------------------------------------------------------------------------
                                              0.811911   slack (MET)


Startpoint: _3160_ (rising edge-triggered flip-flop clocked by clk)
Endpoint: _3057_ (rising edge-triggered flip-flop clocked by clk)
Path Group: clk
Path Type: min

Fanout         Cap        Slew       Delay        Time   Description
---------------------------------------------------------------------------------------------
                                  0.000000    0.000000   clock clk (rise edge)
                                  0.000000    0.000000   clock source latency
     1    0.027657    0.129514    0.090739    0.090739 ^ clk (in)
                                                         clk (net)
                      0.129618    0.000000    0.090739 ^ clkbuf_0_clk/A (sky130_fd_sc_hd__clkbuf_16)
    16    0.122912    0.136331    0.228671    0.319410 ^ clkbuf_0_clk/X (sky130_fd_sc_hd__clkbuf_16)
                                                         clknet_0_clk (net)
                      0.137109    0.008249    0.327659 ^ clkbuf_4_3_0_clk/A (sky130_fd_sc_hd__clkbuf_8)
    11    0.060066    0.113828    0.212789    0.540448 ^ clkbuf_4_3_0_clk/X (sky130_fd_sc_hd__clkbuf_8)
                                                         clknet_4_3_0_clk (net)
                      0.113876    0.002213    0.542661 ^ _3160_/CLK (sky130_fd_sc_hd__dfrtp_4)
    11    0.075055    0.228329    0.565414    1.108075 ^ _3160_/Q (sky130_fd_sc_hd__dfrtp_4)
                                                         my_sum_sub.state[2] (net)
                      0.228901    0.009462    1.117537 ^ _2285_/S (sky130_fd_sc_hd__mux2_1)
     1    0.002841    0.041614    0.171312    1.288849 ^ _2285_/X (sky130_fd_sc_hd__mux2_1)
                                                         _0316_ (net)
                      0.041614    0.000179    1.289028 ^ hold265/A (sky130_fd_sc_hd__dlygate4sd3_1)
     1    0.003358    0.057772    0.538937    1.827965 ^ hold265/X (sky130_fd_sc_hd__dlygate4sd3_1)
                                                         net270 (net)
                      0.057772    0.000232    1.828197 ^ _3057_/D (sky130_fd_sc_hd__dfrtp_4)
                                              1.828197   data arrival time

                                  0.000000    0.000000   clock clk (rise edge)
                                  0.000000    0.000000   clock source latency
     1    0.027657    0.129514    0.090739    0.090739 ^ clk (in)
                                                         clk (net)
                      0.129618    0.000000    0.090739 ^ clkbuf_0_clk/A (sky130_fd_sc_hd__clkbuf_16)
    16    0.122912    0.136331    0.228671    0.319410 ^ clkbuf_0_clk/X (sky130_fd_sc_hd__clkbuf_16)
                                                         clknet_0_clk (net)
                      0.136901    0.007097    0.326508 ^ clkbuf_4_9_0_clk/A (sky130_fd_sc_hd__clkbuf_8)
     7    0.060185    0.114583    0.212457    0.538964 ^ clkbuf_4_9_0_clk/X (sky130_fd_sc_hd__clkbuf_8)
                                                         clknet_4_9_0_clk (net)
                      0.114817    0.003731    0.542696 ^ _3057_/CLK (sky130_fd_sc_hd__dfrtp_4)
                                  0.500000    1.042696   clock uncertainty
                                  0.000000    1.042696   clock reconvergence pessimism
                                 -0.027879    1.014817   library hold time
                                              1.014817   data required time
---------------------------------------------------------------------------------------------
                                              1.014817   data required time
                                             -1.828197   data arrival time
---------------------------------------------------------------------------------------------
                                              0.813380   slack (MET)


Startpoint: _3098_ (rising edge-triggered flip-flop clocked by clk)
Endpoint: _3098_ (rising edge-triggered flip-flop clocked by clk)
Path Group: clk
Path Type: min

Fanout         Cap        Slew       Delay        Time   Description
---------------------------------------------------------------------------------------------
                                  0.000000    0.000000   clock clk (rise edge)
                                  0.000000    0.000000   clock source latency
     1    0.027657    0.129514    0.090739    0.090739 ^ clk (in)
                                                         clk (net)
                      0.129618    0.000000    0.090739 ^ clkbuf_0_clk/A (sky130_fd_sc_hd__clkbuf_16)
    16    0.122912    0.136331    0.228671    0.319410 ^ clkbuf_0_clk/X (sky130_fd_sc_hd__clkbuf_16)
                                                         clknet_0_clk (net)
                      0.136864    0.006872    0.326283 ^ clkbuf_4_7_0_clk/A (sky130_fd_sc_hd__clkbuf_8)
    17    0.070425    0.131162    0.223806    0.550088 ^ clkbuf_4_7_0_clk/X (sky130_fd_sc_hd__clkbuf_8)
                                                         clknet_4_7_0_clk (net)
                      0.131712    0.006890    0.556979 ^ _3098_/CLK (sky130_fd_sc_hd__dfrtp_4)
    20    0.089218    0.264146    0.603492    1.160470 ^ _3098_/Q (sky130_fd_sc_hd__dfrtp_4)
                                                         my_mul.x2[3] (net)
                      0.264172    0.002230    1.162700 ^ _2136_/A1 (sky130_fd_sc_hd__mux2_1)
     1    0.002523    0.039230    0.176174    1.338874 ^ _2136_/X (sky130_fd_sc_hd__mux2_1)
                                                         _0357_ (net)
                      0.039230    0.000162    1.339035 ^ hold167/A (sky130_fd_sc_hd__dlygate4sd3_1)
     1    0.002605    0.051215    0.531081    1.870116 ^ hold167/X (sky130_fd_sc_hd__dlygate4sd3_1)
                                                         net172 (net)
                      0.051215    0.000190    1.870306 ^ _3098_/D (sky130_fd_sc_hd__dfrtp_4)
                                              1.870306   data arrival time

                                  0.000000    0.000000   clock clk (rise edge)
                                  0.000000    0.000000   clock source latency
     1    0.027657    0.129514    0.090739    0.090739 ^ clk (in)
                                                         clk (net)
                      0.129618    0.000000    0.090739 ^ clkbuf_0_clk/A (sky130_fd_sc_hd__clkbuf_16)
    16    0.122912    0.136331    0.228671    0.319410 ^ clkbuf_0_clk/X (sky130_fd_sc_hd__clkbuf_16)
                                                         clknet_0_clk (net)
                      0.136864    0.006872    0.326283 ^ clkbuf_4_7_0_clk/A (sky130_fd_sc_hd__clkbuf_8)
    17    0.070425    0.131162    0.223806    0.550088 ^ clkbuf_4_7_0_clk/X (sky130_fd_sc_hd__clkbuf_8)
                                                         clknet_4_7_0_clk (net)
                      0.131712    0.006890    0.556979 ^ _3098_/CLK (sky130_fd_sc_hd__dfrtp_4)
                                  0.500000    1.056979   clock uncertainty
                                  0.000000    1.056979   clock reconvergence pessimism
                                 -0.024204    1.032774   library hold time
                                              1.032774   data required time
---------------------------------------------------------------------------------------------
                                              1.032774   data required time
                                             -1.870306   data arrival time
---------------------------------------------------------------------------------------------
                                              0.837532   slack (MET)


Startpoint: _3086_ (rising edge-triggered flip-flop clocked by clk)
Endpoint: _3033_ (rising edge-triggered flip-flop clocked by clk)
Path Group: clk
Path Type: min

Fanout         Cap        Slew       Delay        Time   Description
---------------------------------------------------------------------------------------------
                                  0.000000    0.000000   clock clk (rise edge)
                                  0.000000    0.000000   clock source latency
     1    0.027657    0.129514    0.090739    0.090739 ^ clk (in)
                                                         clk (net)
                      0.129618    0.000000    0.090739 ^ clkbuf_0_clk/A (sky130_fd_sc_hd__clkbuf_16)
    16    0.122912    0.136331    0.228671    0.319410 ^ clkbuf_0_clk/X (sky130_fd_sc_hd__clkbuf_16)
                                                         clknet_0_clk (net)
                      0.136766    0.006233    0.325643 ^ clkbuf_4_6_0_clk/A (sky130_fd_sc_hd__clkbuf_8)
    12    0.059333    0.113222    0.211382    0.537026 ^ clkbuf_4_6_0_clk/X (sky130_fd_sc_hd__clkbuf_8)
                                                         clknet_4_6_0_clk (net)
                      0.113412    0.003254    0.540279 ^ _3086_/CLK (sky130_fd_sc_hd__dfrtp_4)
     9    0.054187    0.172499    0.532472    1.072751 ^ _3086_/Q (sky130_fd_sc_hd__dfrtp_4)
                                                         acc_reg[7] (net)
                      0.173442    0.009181    1.081932 ^ _2396_/A (sky130_fd_sc_hd__and2_1)
     1    0.003335    0.052086    0.151929    1.233861 ^ _2396_/X (sky130_fd_sc_hd__and2_1)
                                                         _0696_ (net)
                      0.052086    0.000231    1.234092 ^ _2397_/C1 (sky130_fd_sc_hd__a221o_1)
     1    0.003789    0.049493    0.105462    1.339554 ^ _2397_/X (sky130_fd_sc_hd__a221o_1)
                                                         _0292_ (net)
                      0.049493    0.000243    1.339797 ^ hold106/A (sky130_fd_sc_hd__dlygate4sd3_1)
     1    0.002539    0.050666    0.533804    1.873601 ^ hold106/X (sky130_fd_sc_hd__dlygate4sd3_1)
                                                         net111 (net)
                      0.050666    0.000186    1.873787 ^ _3033_/D (sky130_fd_sc_hd__dfrtp_1)
                                              1.873787   data arrival time

                                  0.000000    0.000000   clock clk (rise edge)
                                  0.000000    0.000000   clock source latency
     1    0.027657    0.129514    0.090739    0.090739 ^ clk (in)
                                                         clk (net)
                      0.129618    0.000000    0.090739 ^ clkbuf_0_clk/A (sky130_fd_sc_hd__clkbuf_16)
    16    0.122912    0.136331    0.228671    0.319410 ^ clkbuf_0_clk/X (sky130_fd_sc_hd__clkbuf_16)
                                                         clknet_0_clk (net)
                      0.137219    0.008798    0.328209 ^ clkbuf_4_14_0_clk/A (sky130_fd_sc_hd__clkbuf_8)
    11    0.071062    0.131314    0.226348    0.554557 ^ clkbuf_4_14_0_clk/X (sky130_fd_sc_hd__clkbuf_8)
                                                         clknet_4_14_0_clk (net)
                      0.131395    0.002986    0.557542 ^ _3033_/CLK (sky130_fd_sc_hd__dfrtp_1)
                                  0.500000    1.057542   clock uncertainty
                                  0.000000    1.057542   clock reconvergence pessimism
                                 -0.024134    1.033408   library hold time
                                              1.033408   data required time
---------------------------------------------------------------------------------------------
                                              1.033408   data required time
                                             -1.873787   data arrival time
---------------------------------------------------------------------------------------------
                                              0.840379   slack (MET)


Startpoint: _3088_ (rising edge-triggered flip-flop clocked by clk)
Endpoint: _3136_ (rising edge-triggered flip-flop clocked by clk)
Path Group: clk
Path Type: min

Fanout         Cap        Slew       Delay        Time   Description
---------------------------------------------------------------------------------------------
                                  0.000000    0.000000   clock clk (rise edge)
                                  0.000000    0.000000   clock source latency
     1    0.027657    0.129514    0.090739    0.090739 ^ clk (in)
                                                         clk (net)
                      0.129618    0.000000    0.090739 ^ clkbuf_0_clk/A (sky130_fd_sc_hd__clkbuf_16)
    16    0.122912    0.136331    0.228671    0.319410 ^ clkbuf_0_clk/X (sky130_fd_sc_hd__clkbuf_16)
                                                         clknet_0_clk (net)
                      0.136820    0.006591    0.326001 ^ clkbuf_4_5_0_clk/A (sky130_fd_sc_hd__clkbuf_8)
    10    0.064582    0.121004    0.218024    0.544025 ^ clkbuf_4_5_0_clk/X (sky130_fd_sc_hd__clkbuf_8)
                                                         clknet_4_5_0_clk (net)
                      0.121031    0.001823    0.545848 ^ _3088_/CLK (sky130_fd_sc_hd__dfrtp_4)
     8    0.036921    0.132526    0.497866    1.043714 ^ _3088_/Q (sky130_fd_sc_hd__dfrtp_4)
                                                         acc_reg[9] (net)
                      0.132559    0.002235    1.045949 ^ _2042_/B2 (sky130_fd_sc_hd__a221o_1)
     1    0.005106    0.063586    0.169715    1.215665 ^ _2042_/X (sky130_fd_sc_hd__a221o_1)
                                                         _0446_ (net)
                      0.063587    0.000370    1.216035 ^ _2043_/B2 (sky130_fd_sc_hd__o22a_1)
     1    0.002727    0.040828    0.113616    1.329651 ^ _2043_/X (sky130_fd_sc_hd__o22a_1)
                                                         _0232_ (net)
                      0.040828    0.000110    1.329761 ^ hold62/A (sky130_fd_sc_hd__dlygate4sd3_1)
     1    0.002784    0.052738    0.533290    1.863050 ^ hold62/X (sky130_fd_sc_hd__dlygate4sd3_1)
                                                         net67 (net)
                      0.052738    0.000188    1.863238 ^ _3136_/D (sky130_fd_sc_hd__dfrtp_1)
                                              1.863238   data arrival time

                                  0.000000    0.000000   clock clk (rise edge)
                                  0.000000    0.000000   clock source latency
     1    0.027657    0.129514    0.090739    0.090739 ^ clk (in)
                                                         clk (net)
                      0.129618    0.000000    0.090739 ^ clkbuf_0_clk/A (sky130_fd_sc_hd__clkbuf_16)
    16    0.122912    0.136331    0.228671    0.319410 ^ clkbuf_0_clk/X (sky130_fd_sc_hd__clkbuf_16)
                                                         clknet_0_clk (net)
                      0.136820    0.006591    0.326001 ^ clkbuf_4_5_0_clk/A (sky130_fd_sc_hd__clkbuf_8)
    10    0.064582    0.121004    0.218024    0.544025 ^ clkbuf_4_5_0_clk/X (sky130_fd_sc_hd__clkbuf_8)
                                                         clknet_4_5_0_clk (net)
                      0.121022    0.001546    0.545571 ^ _3136_/CLK (sky130_fd_sc_hd__dfrtp_1)
                                  0.500000    1.045571   clock uncertainty
                                  0.000000    1.045571   clock reconvergence pessimism
                                 -0.025983    1.019588   library hold time
                                              1.019588   data required time
---------------------------------------------------------------------------------------------
                                              1.019588   data required time
                                             -1.863238   data arrival time
---------------------------------------------------------------------------------------------
                                              0.843651   slack (MET)


Startpoint: _3001_ (rising edge-triggered flip-flop clocked by clk)
Endpoint: _3002_ (rising edge-triggered flip-flop clocked by clk)
Path Group: clk
Path Type: min

Fanout         Cap        Slew       Delay        Time   Description
---------------------------------------------------------------------------------------------
                                  0.000000    0.000000   clock clk (rise edge)
                                  0.000000    0.000000   clock source latency
     1    0.027657    0.129514    0.090739    0.090739 ^ clk (in)
                                                         clk (net)
                      0.129618    0.000000    0.090739 ^ clkbuf_0_clk/A (sky130_fd_sc_hd__clkbuf_16)
    16    0.122912    0.136331    0.228671    0.319410 ^ clkbuf_0_clk/X (sky130_fd_sc_hd__clkbuf_16)
                                                         clknet_0_clk (net)
                      0.136994    0.007632    0.327042 ^ clkbuf_4_8_0_clk/A (sky130_fd_sc_hd__clkbuf_8)
     9    0.053590    0.104030    0.204712    0.531754 ^ clkbuf_4_8_0_clk/X (sky130_fd_sc_hd__clkbuf_8)
                                                         clknet_4_8_0_clk (net)
                      0.104239    0.003320    0.535074 ^ _3001_/CLK (sky130_fd_sc_hd__dfrtp_1)
     3    0.008276    0.087645    0.373888    0.908962 ^ _3001_/Q (sky130_fd_sc_hd__dfrtp_1)
                                                         my_divider.remainder_reg[0] (net)
                      0.087646    0.000434    0.909396 ^ _2762_/B1 (sky130_fd_sc_hd__a21oi_1)
     1    0.002329    0.034075    0.044394    0.953790 v _2762_/Y (sky130_fd_sc_hd__a21oi_1)
                                                         _1030_ (net)
                      0.034075    0.000167    0.953957 v _2764_/A1_N (sky130_fd_sc_hd__a2bb2o_1)
     1    0.003831    0.051304    0.250045    1.204002 ^ _2764_/X (sky130_fd_sc_hd__a2bb2o_1)
                                                         _1032_ (net)
                      0.051305    0.000274    1.204275 ^ _2765_/A1 (sky130_fd_sc_hd__mux2_1)
     1    0.002880    0.041897    0.119941    1.324217 ^ _2765_/X (sky130_fd_sc_hd__mux2_1)
                                                         _0261_ (net)
                      0.041897    0.000177    1.324393 ^ hold134/A (sky130_fd_sc_hd__dlygate4sd3_1)
     1    0.002490    0.050253    0.530880    1.855273 ^ hold134/X (sky130_fd_sc_hd__dlygate4sd3_1)
                                                         net139 (net)
                      0.050253    0.000171    1.855444 ^ _3002_/D (sky130_fd_sc_hd__dfrtp_1)
                                              1.855444   data arrival time

                                  0.000000    0.000000   clock clk (rise edge)
                                  0.000000    0.000000   clock source latency
     1    0.027657    0.129514    0.090739    0.090739 ^ clk (in)
                                                         clk (net)
                      0.129618    0.000000    0.090739 ^ clkbuf_0_clk/A (sky130_fd_sc_hd__clkbuf_16)
    16    0.122912    0.136331    0.228671    0.319410 ^ clkbuf_0_clk/X (sky130_fd_sc_hd__clkbuf_16)
                                                         clknet_0_clk (net)
                      0.136994    0.007632    0.327042 ^ clkbuf_4_8_0_clk/A (sky130_fd_sc_hd__clkbuf_8)
     9    0.053590    0.104030    0.204712    0.531754 ^ clkbuf_4_8_0_clk/X (sky130_fd_sc_hd__clkbuf_8)
                                                         clknet_4_8_0_clk (net)
                      0.104246    0.003389    0.535143 ^ _3002_/CLK (sky130_fd_sc_hd__dfrtp_1)
                                  0.500000    1.035143   clock uncertainty
                                  0.000000    1.035143   clock reconvergence pessimism
                                 -0.027762    1.007381   library hold time
                                              1.007381   data required time
---------------------------------------------------------------------------------------------
                                              1.007381   data required time
                                             -1.855444   data arrival time
---------------------------------------------------------------------------------------------
                                              0.848063   slack (MET)


Startpoint: _3165_ (rising edge-triggered flip-flop clocked by clk)
Endpoint: _3120_ (rising edge-triggered flip-flop clocked by clk)
Path Group: clk
Path Type: min

Fanout         Cap        Slew       Delay        Time   Description
---------------------------------------------------------------------------------------------
                                  0.000000    0.000000   clock clk (rise edge)
                                  0.000000    0.000000   clock source latency
     1    0.027657    0.129514    0.090739    0.090739 ^ clk (in)
                                                         clk (net)
                      0.129618    0.000000    0.090739 ^ clkbuf_0_clk/A (sky130_fd_sc_hd__clkbuf_16)
    16    0.122912    0.136331    0.228671    0.319410 ^ clkbuf_0_clk/X (sky130_fd_sc_hd__clkbuf_16)
                                                         clknet_0_clk (net)
                      0.137286    0.009113    0.328524 ^ clkbuf_4_0_0_clk/A (sky130_fd_sc_hd__clkbuf_8)
    24    0.077983    0.141740    0.232054    0.560578 ^ clkbuf_4_0_0_clk/X (sky130_fd_sc_hd__clkbuf_8)
                                                         clknet_4_0_0_clk (net)
                      0.142715    0.009431    0.570008 ^ _3165_/CLK (sky130_fd_sc_hd__dfrtp_1)
     2    0.004064    0.044931    0.395285    0.965293 v _3165_/Q (sky130_fd_sc_hd__dfrtp_1)
                                                         sclk_s0 (net)
                      0.044931    0.000255    0.965548 v _2104_/D_N (sky130_fd_sc_hd__or4b_4)
     3    0.019362    0.068317    0.229711    1.195259 ^ _2104_/X (sky130_fd_sc_hd__or4b_4)
                                                         _0498_ (net)
                      0.068367    0.001655    1.196913 ^ _2111_/S (sky130_fd_sc_hd__mux2_1)
     1    0.003529    0.046852    0.135302    1.332215 ^ _2111_/X (sky130_fd_sc_hd__mux2_1)
                                                         _0216_ (net)
                      0.046852    0.000204    1.332419 ^ hold79/A (sky130_fd_sc_hd__dlygate4sd3_1)
     1    0.002784    0.052767    0.535288    1.867707 ^ hold79/X (sky130_fd_sc_hd__dlygate4sd3_1)
                                                         net84 (net)
                      0.052767    0.000118    1.867825 ^ _3120_/D (sky130_fd_sc_hd__dfrtp_1)
                                              1.867825   data arrival time

                                  0.000000    0.000000   clock clk (rise edge)
                                  0.000000    0.000000   clock source latency
     1    0.027657    0.129514    0.090739    0.090739 ^ clk (in)
                                                         clk (net)
                      0.129618    0.000000    0.090739 ^ clkbuf_0_clk/A (sky130_fd_sc_hd__clkbuf_16)
    16    0.122912    0.136331    0.228671    0.319410 ^ clkbuf_0_clk/X (sky130_fd_sc_hd__clkbuf_16)
                                                         clknet_0_clk (net)
                      0.136872    0.006922    0.326332 ^ clkbuf_4_4_0_clk/A (sky130_fd_sc_hd__clkbuf_8)
    11    0.059675    0.113746    0.211995    0.538327 ^ clkbuf_4_4_0_clk/X (sky130_fd_sc_hd__clkbuf_8)
                                                         clknet_4_4_0_clk (net)
                      0.113941    0.003342    0.541669 ^ _3120_/CLK (sky130_fd_sc_hd__dfrtp_1)
                                  0.500000    1.041669   clock uncertainty
                                  0.000000    1.041669   clock reconvergence pessimism
                                 -0.026958    1.014711   library hold time
                                              1.014711   data required time
---------------------------------------------------------------------------------------------
                                              1.014711   data required time
                                             -1.867825   data arrival time
---------------------------------------------------------------------------------------------
                                              0.853114   slack (MET)


Startpoint: _3075_ (rising edge-triggered flip-flop clocked by clk)
Endpoint: _3029_ (rising edge-triggered flip-flop clocked by clk)
Path Group: clk
Path Type: min

Fanout         Cap        Slew       Delay        Time   Description
---------------------------------------------------------------------------------------------
                                  0.000000    0.000000   clock clk (rise edge)
                                  0.000000    0.000000   clock source latency
     1    0.027657    0.129514    0.090739    0.090739 ^ clk (in)
                                                         clk (net)
                      0.129618    0.000000    0.090739 ^ clkbuf_0_clk/A (sky130_fd_sc_hd__clkbuf_16)
    16    0.122912    0.136331    0.228671    0.319410 ^ clkbuf_0_clk/X (sky130_fd_sc_hd__clkbuf_16)
                                                         clknet_0_clk (net)
                      0.137076    0.008079    0.327489 ^ clkbuf_4_11_0_clk/A (sky130_fd_sc_hd__clkbuf_8)
    13    0.059228    0.112479    0.212100    0.539589 ^ clkbuf_4_11_0_clk/X (sky130_fd_sc_hd__clkbuf_8)
                                                         clknet_4_11_0_clk (net)
                      0.112565    0.002817    0.542406 ^ _3075_/CLK (sky130_fd_sc_hd__dfrtp_1)
     4    0.014357    0.136063    0.414311    0.956717 ^ _3075_/Q (sky130_fd_sc_hd__dfrtp_1)
                                                         my_sum_sub.cm_exp[5] (net)
                      0.136067    0.000950    0.957668 ^ _2613_/A1 (sky130_fd_sc_hd__o22a_1)
     3    0.012217    0.124026    0.221116    1.178784 ^ _2613_/X (sky130_fd_sc_hd__o22a_1)
                                                         _0912_ (net)
                      0.124033    0.001072    1.179856 ^ _2663_/B1 (sky130_fd_sc_hd__a22o_1)
     1    0.005111    0.063066    0.153784    1.333640 ^ _2663_/X (sky130_fd_sc_hd__a22o_1)
                                                         _0288_ (net)
                      0.063066    0.000341    1.333981 ^ hold157/A (sky130_fd_sc_hd__dlygate4sd3_1)
     1    0.002723    0.052229    0.539591    1.873572 ^ hold157/X (sky130_fd_sc_hd__dlygate4sd3_1)
                                                         net162 (net)
                      0.052229    0.000188    1.873760 ^ _3029_/D (sky130_fd_sc_hd__dfrtp_1)
                                              1.873760   data arrival time

                                  0.000000    0.000000   clock clk (rise edge)
                                  0.000000    0.000000   clock source latency
     1    0.027657    0.129514    0.090739    0.090739 ^ clk (in)
                                                         clk (net)
                      0.129618    0.000000    0.090739 ^ clkbuf_0_clk/A (sky130_fd_sc_hd__clkbuf_16)
    16    0.122912    0.136331    0.228671    0.319410 ^ clkbuf_0_clk/X (sky130_fd_sc_hd__clkbuf_16)
                                                         clknet_0_clk (net)
                      0.137076    0.008079    0.327489 ^ clkbuf_4_11_0_clk/A (sky130_fd_sc_hd__clkbuf_8)
    13    0.059228    0.112479    0.212100    0.539589 ^ clkbuf_4_11_0_clk/X (sky130_fd_sc_hd__clkbuf_8)
                                                         clknet_4_11_0_clk (net)
                      0.112542    0.002468    0.542057 ^ _3029_/CLK (sky130_fd_sc_hd__dfrtp_1)
                                  0.500000    1.042057   clock uncertainty
                                  0.000000    1.042057   clock reconvergence pessimism
                                 -0.027038    1.015020   library hold time
                                              1.015020   data required time
---------------------------------------------------------------------------------------------
                                              1.015020   data required time
                                             -1.873760   data arrival time
---------------------------------------------------------------------------------------------
                                              0.858741   slack (MET)


Startpoint: _3157_ (rising edge-triggered flip-flop clocked by clk)
Endpoint: _3147_ (rising edge-triggered flip-flop clocked by clk)
Path Group: clk
Path Type: min

Fanout         Cap        Slew       Delay        Time   Description
---------------------------------------------------------------------------------------------
                                  0.000000    0.000000   clock clk (rise edge)
                                  0.000000    0.000000   clock source latency
     1    0.027657    0.129514    0.090739    0.090739 ^ clk (in)
                                                         clk (net)
                      0.129618    0.000000    0.090739 ^ clkbuf_0_clk/A (sky130_fd_sc_hd__clkbuf_16)
    16    0.122912    0.136331    0.228671    0.319410 ^ clkbuf_0_clk/X (sky130_fd_sc_hd__clkbuf_16)
                                                         clknet_0_clk (net)
                      0.137286    0.009113    0.328524 ^ clkbuf_4_0_0_clk/A (sky130_fd_sc_hd__clkbuf_8)
    24    0.077983    0.141740    0.232054    0.560578 ^ clkbuf_4_0_0_clk/X (sky130_fd_sc_hd__clkbuf_8)
                                                         clknet_4_0_0_clk (net)
                      0.142021    0.005170    0.565748 ^ _3157_/CLK (sky130_fd_sc_hd__dfrtp_1)
     4    0.014113    0.088663    0.442558    1.008306 v _3157_/Q (sky130_fd_sc_hd__dfrtp_1)
                                                         state[5] (net)
                      0.088671    0.000930    1.009236 v _1528_/A1_N (sky130_fd_sc_hd__a2bb2o_1)
     1    0.002904    0.043653    0.264372    1.273607 ^ _1528_/X (sky130_fd_sc_hd__a2bb2o_1)
                                                         _1078_ (net)
                      0.043653    0.000216    1.273823 ^ _1529_/B2 (sky130_fd_sc_hd__a22o_1)
     1    0.001939    0.036245    0.106994    1.380816 ^ _1529_/X (sky130_fd_sc_hd__a22o_1)
                                                         _0243_ (net)
                      0.036245    0.000139    1.380955 ^ hold142/A (sky130_fd_sc_hd__dlygate4sd3_1)
     1    0.002596    0.051130    0.530022    1.910977 ^ hold142/X (sky130_fd_sc_hd__dlygate4sd3_1)
                                                         net147 (net)
                      0.051130    0.000183    1.911160 ^ _3147_/D (sky130_fd_sc_hd__dfrtp_1)
                                              1.911160   data arrival time

                                  0.000000    0.000000   clock clk (rise edge)
                                  0.000000    0.000000   clock source latency
     1    0.027657    0.129514    0.090739    0.090739 ^ clk (in)
                                                         clk (net)
                      0.129618    0.000000    0.090739 ^ clkbuf_0_clk/A (sky130_fd_sc_hd__clkbuf_16)
    16    0.122912    0.136331    0.228671    0.319410 ^ clkbuf_0_clk/X (sky130_fd_sc_hd__clkbuf_16)
                                                         clknet_0_clk (net)
                      0.137286    0.009113    0.328524 ^ clkbuf_4_0_0_clk/A (sky130_fd_sc_hd__clkbuf_8)
    24    0.077983    0.141740    0.232054    0.560578 ^ clkbuf_4_0_0_clk/X (sky130_fd_sc_hd__clkbuf_8)
                                                         clknet_4_0_0_clk (net)
                      0.142261    0.006968    0.567546 ^ _3147_/CLK (sky130_fd_sc_hd__dfrtp_1)
                                  0.500000    1.067546   clock uncertainty
                                  0.000000    1.067546   clock reconvergence pessimism
                                 -0.022744    1.044802   library hold time
                                              1.044802   data required time
---------------------------------------------------------------------------------------------
                                              1.044802   data required time
                                             -1.911160   data arrival time
---------------------------------------------------------------------------------------------
                                              0.866358   slack (MET)


Startpoint: _3164_ (rising edge-triggered flip-flop clocked by clk)
Endpoint: _3000_ (rising edge-triggered flip-flop clocked by clk)
Path Group: clk
Path Type: min

Fanout         Cap        Slew       Delay        Time   Description
---------------------------------------------------------------------------------------------
                                  0.000000    0.000000   clock clk (rise edge)
                                  0.000000    0.000000   clock source latency
     1    0.027657    0.129514    0.090739    0.090739 ^ clk (in)
                                                         clk (net)
                      0.129618    0.000000    0.090739 ^ clkbuf_0_clk/A (sky130_fd_sc_hd__clkbuf_16)
    16    0.122912    0.136331    0.228671    0.319410 ^ clkbuf_0_clk/X (sky130_fd_sc_hd__clkbuf_16)
                                                         clknet_0_clk (net)
                      0.137286    0.009113    0.328524 ^ clkbuf_4_0_0_clk/A (sky130_fd_sc_hd__clkbuf_8)
    24    0.077983    0.141740    0.232054    0.560578 ^ clkbuf_4_0_0_clk/X (sky130_fd_sc_hd__clkbuf_8)
                                                         clknet_4_0_0_clk (net)
                      0.142014    0.005111    0.565688 ^ _3164_/CLK (sky130_fd_sc_hd__dfrtp_1)
     2    0.006023    0.053840    0.405634    0.971323 v _3164_/Q (sky130_fd_sc_hd__dfrtp_1)
                                                         div_start (net)
                      0.053840    0.000308    0.971630 v _2770_/B (sky130_fd_sc_hd__nor2_1)
     2    0.007708    0.155707    0.144968    1.116599 ^ _2770_/Y (sky130_fd_sc_hd__nor2_1)
                                                         _1036_ (net)
                      0.155712    0.000672    1.117271 ^ _2771_/A2 (sky130_fd_sc_hd__o21ba_1)
     2    0.005593    0.067667    0.153151    1.270422 ^ _2771_/X (sky130_fd_sc_hd__o21ba_1)
                                                         _1037_ (net)
                      0.067667    0.000322    1.270744 ^ _2772_/A1 (sky130_fd_sc_hd__mux2_1)
     1    0.001842    0.034316    0.117277    1.388020 ^ _2772_/X (sky130_fd_sc_hd__mux2_1)
                                                         _0259_ (net)
                      0.034316    0.000084    1.388104 ^ hold140/A (sky130_fd_sc_hd__dlygate4sd3_1)
     1    0.002593    0.051110    0.529368    1.917473 ^ hold140/X (sky130_fd_sc_hd__dlygate4sd3_1)
                                                         net145 (net)
                      0.051110    0.000188    1.917661 ^ _3000_/D (sky130_fd_sc_hd__dfrtp_1)
                                              1.917661   data arrival time

                                  0.000000    0.000000   clock clk (rise edge)
                                  0.000000    0.000000   clock source latency
     1    0.027657    0.129514    0.090739    0.090739 ^ clk (in)
                                                         clk (net)
                      0.129618    0.000000    0.090739 ^ clkbuf_0_clk/A (sky130_fd_sc_hd__clkbuf_16)
    16    0.122912    0.136331    0.228671    0.319410 ^ clkbuf_0_clk/X (sky130_fd_sc_hd__clkbuf_16)
                                                         clknet_0_clk (net)
                      0.137286    0.009113    0.328524 ^ clkbuf_4_0_0_clk/A (sky130_fd_sc_hd__clkbuf_8)
    24    0.077983    0.141740    0.232054    0.560578 ^ clkbuf_4_0_0_clk/X (sky130_fd_sc_hd__clkbuf_8)
                                                         clknet_4_0_0_clk (net)
                      0.142359    0.007568    0.568146 ^ _3000_/CLK (sky130_fd_sc_hd__dfrtp_1)
                                  0.500000    1.068146   clock uncertainty
                                  0.000000    1.068146   clock reconvergence pessimism
                                 -0.022726    1.045419   library hold time
                                              1.045419   data required time
---------------------------------------------------------------------------------------------
                                              1.045419   data required time
                                             -1.917661   data arrival time
---------------------------------------------------------------------------------------------
                                              0.872242   slack (MET)


Startpoint: _3086_ (rising edge-triggered flip-flop clocked by clk)
Endpoint: _3134_ (rising edge-triggered flip-flop clocked by clk)
Path Group: clk
Path Type: min

Fanout         Cap        Slew       Delay        Time   Description
---------------------------------------------------------------------------------------------
                                  0.000000    0.000000   clock clk (rise edge)
                                  0.000000    0.000000   clock source latency
     1    0.027657    0.129514    0.090739    0.090739 ^ clk (in)
                                                         clk (net)
                      0.129618    0.000000    0.090739 ^ clkbuf_0_clk/A (sky130_fd_sc_hd__clkbuf_16)
    16    0.122912    0.136331    0.228671    0.319410 ^ clkbuf_0_clk/X (sky130_fd_sc_hd__clkbuf_16)
                                                         clknet_0_clk (net)
                      0.136766    0.006233    0.325643 ^ clkbuf_4_6_0_clk/A (sky130_fd_sc_hd__clkbuf_8)
    12    0.059333    0.113222    0.211382    0.537026 ^ clkbuf_4_6_0_clk/X (sky130_fd_sc_hd__clkbuf_8)
                                                         clknet_4_6_0_clk (net)
                      0.113412    0.003254    0.540279 ^ _3086_/CLK (sky130_fd_sc_hd__dfrtp_4)
     9    0.054187    0.172499    0.532472    1.072751 ^ _3086_/Q (sky130_fd_sc_hd__dfrtp_4)
                                                         acc_reg[7] (net)
                      0.172500    0.001603    1.074354 ^ _2055_/B2 (sky130_fd_sc_hd__a221o_1)
     1    0.004160    0.055590    0.172492    1.246845 ^ _2055_/X (sky130_fd_sc_hd__a221o_1)
                                                         _0457_ (net)
                      0.055591    0.000278    1.247123 ^ _2056_/B2 (sky130_fd_sc_hd__o22a_1)
     1    0.002732    0.040812    0.111037    1.358160 ^ _2056_/X (sky130_fd_sc_hd__o22a_1)
                                                         _0230_ (net)
                      0.040812    0.000175    1.358335 ^ hold47/A (sky130_fd_sc_hd__dlygate4sd3_1)
     1    0.003648    0.060060    0.540990    1.899324 ^ hold47/X (sky130_fd_sc_hd__dlygate4sd3_1)
                                                         net52 (net)
                      0.060060    0.000148    1.899472 ^ _3134_/D (sky130_fd_sc_hd__dfrtp_1)
                                              1.899472   data arrival time

                                  0.000000    0.000000   clock clk (rise edge)
                                  0.000000    0.000000   clock source latency
     1    0.027657    0.129514    0.090739    0.090739 ^ clk (in)
                                                         clk (net)
                      0.129618    0.000000    0.090739 ^ clkbuf_0_clk/A (sky130_fd_sc_hd__clkbuf_16)
    16    0.122912    0.136331    0.228671    0.319410 ^ clkbuf_0_clk/X (sky130_fd_sc_hd__clkbuf_16)
                                                         clknet_0_clk (net)
                      0.136766    0.006233    0.325643 ^ clkbuf_4_6_0_clk/A (sky130_fd_sc_hd__clkbuf_8)
    12    0.059333    0.113222    0.211382    0.537026 ^ clkbuf_4_6_0_clk/X (sky130_fd_sc_hd__clkbuf_8)
                                                         clknet_4_6_0_clk (net)
                      0.113441    0.003568    0.540594 ^ _3134_/CLK (sky130_fd_sc_hd__dfrtp_1)
                                  0.500000    1.040594   clock uncertainty
                                  0.000000    1.040594   clock reconvergence pessimism
                                 -0.028543    1.012051   library hold time
                                              1.012051   data required time
---------------------------------------------------------------------------------------------
                                              1.012051   data required time
                                             -1.899472   data arrival time
---------------------------------------------------------------------------------------------
                                              0.887421   slack (MET)


Startpoint: _3149_ (rising edge-triggered flip-flop clocked by clk)
Endpoint: _3163_ (rising edge-triggered flip-flop clocked by clk)
Path Group: clk
Path Type: min

Fanout         Cap        Slew       Delay        Time   Description
---------------------------------------------------------------------------------------------
                                  0.000000    0.000000   clock clk (rise edge)
                                  0.000000    0.000000   clock source latency
     1    0.027657    0.129514    0.090739    0.090739 ^ clk (in)
                                                         clk (net)
                      0.129618    0.000000    0.090739 ^ clkbuf_0_clk/A (sky130_fd_sc_hd__clkbuf_16)
    16    0.122912    0.136331    0.228671    0.319410 ^ clkbuf_0_clk/X (sky130_fd_sc_hd__clkbuf_16)
                                                         clknet_0_clk (net)
                      0.137305    0.009201    0.328612 ^ clkbuf_4_1_0_clk/A (sky130_fd_sc_hd__clkbuf_8)
    16    0.071217    0.132356    0.225099    0.553711 ^ clkbuf_4_1_0_clk/X (sky130_fd_sc_hd__clkbuf_8)
                                                         clknet_4_1_0_clk (net)
                      0.132703    0.005015    0.558726 ^ _3149_/CLK (sky130_fd_sc_hd__dfrtp_1)
     3    0.009337    0.094951    0.391005    0.949731 ^ _3149_/Q (sky130_fd_sc_hd__dfrtp_1)
                                                         op_reg[1] (net)
                      0.094951    0.000339    0.950070 ^ _1539_/C (sky130_fd_sc_hd__or4b_4)
     5    0.032278    0.102841    0.186901    1.136971 ^ _1539_/X (sky130_fd_sc_hd__or4b_4)
                                                         _1084_ (net)
                      0.102856    0.001305    1.138275 ^ _2788_/B (sky130_fd_sc_hd__nor2_1)
     2    0.008472    0.051999    0.074411    1.212686 v _2788_/Y (sky130_fd_sc_hd__nor2_1)
                                                         _1040_ (net)
                      0.052002    0.000466    1.213153 v _2803_/B (sky130_fd_sc_hd__and2_1)
     1    0.003639    0.037356    0.157631    1.370784 v _2803_/X (sky130_fd_sc_hd__and2_1)
                                                         _0001_ (net)
                      0.037356    0.000220    1.371004 v hold178/A (sky130_fd_sc_hd__dlygate4sd3_1)
     1    0.003088    0.054893    0.547772    1.918775 v hold178/X (sky130_fd_sc_hd__dlygate4sd3_1)
                                                         net183 (net)
                      0.054893    0.000200    1.918975 v _3163_/D (sky130_fd_sc_hd__dfrtp_1)
                                              1.918975   data arrival time

                                  0.000000    0.000000   clock clk (rise edge)
                                  0.000000    0.000000   clock source latency
     1    0.027657    0.129514    0.090739    0.090739 ^ clk (in)
                                                         clk (net)
                      0.129618    0.000000    0.090739 ^ clkbuf_0_clk/A (sky130_fd_sc_hd__clkbuf_16)
    16    0.122912    0.136331    0.228671    0.319410 ^ clkbuf_0_clk/X (sky130_fd_sc_hd__clkbuf_16)
                                                         clknet_0_clk (net)
                      0.137305    0.009201    0.328612 ^ clkbuf_4_1_0_clk/A (sky130_fd_sc_hd__clkbuf_8)
    16    0.071217    0.132356    0.225099    0.553711 ^ clkbuf_4_1_0_clk/X (sky130_fd_sc_hd__clkbuf_8)
                                                         clknet_4_1_0_clk (net)
                      0.132530    0.003154    0.556865 ^ _3163_/CLK (sky130_fd_sc_hd__dfrtp_1)
                                  0.500000    1.056865   clock uncertainty
                                  0.000000    1.056865   clock reconvergence pessimism
                                 -0.029832    1.027033   library hold time
                                              1.027033   data required time
---------------------------------------------------------------------------------------------
                                              1.027033   data required time
                                             -1.918975   data arrival time
---------------------------------------------------------------------------------------------
                                              0.891942   slack (MET)


Startpoint: _3083_ (rising edge-triggered flip-flop clocked by clk)
Endpoint: _3005_ (rising edge-triggered flip-flop clocked by clk)
Path Group: clk
Path Type: min

Fanout         Cap        Slew       Delay        Time   Description
---------------------------------------------------------------------------------------------
                                  0.000000    0.000000   clock clk (rise edge)
                                  0.000000    0.000000   clock source latency
     1    0.027657    0.129514    0.090739    0.090739 ^ clk (in)
                                                         clk (net)
                      0.129618    0.000000    0.090739 ^ clkbuf_0_clk/A (sky130_fd_sc_hd__clkbuf_16)
    16    0.122912    0.136331    0.228671    0.319410 ^ clkbuf_0_clk/X (sky130_fd_sc_hd__clkbuf_16)
                                                         clknet_0_clk (net)
                      0.136820    0.006591    0.326001 ^ clkbuf_4_5_0_clk/A (sky130_fd_sc_hd__clkbuf_8)
    10    0.064582    0.121004    0.218024    0.544025 ^ clkbuf_4_5_0_clk/X (sky130_fd_sc_hd__clkbuf_8)
                                                         clknet_4_5_0_clk (net)
                      0.121225    0.003681    0.547706 ^ _3083_/CLK (sky130_fd_sc_hd__dfrtp_4)
    23    0.124981    0.358069    0.667586    1.215292 ^ _3083_/Q (sky130_fd_sc_hd__dfrtp_4)
                                                         acc_reg[4] (net)
                      0.358559    0.008938    1.224230 ^ _2751_/A1 (sky130_fd_sc_hd__a31o_1)
     1    0.002316    0.036283    0.187800    1.412029 ^ _2751_/X (sky130_fd_sc_hd__a31o_1)
                                                         _0264_ (net)
                      0.036283    0.000169    1.412198 ^ hold285/A (sky130_fd_sc_hd__dlygate4sd3_1)
     1    0.002472    0.050094    0.528877    1.941075 ^ hold285/X (sky130_fd_sc_hd__dlygate4sd3_1)
                                                         net290 (net)
                      0.050094    0.000171    1.941246 ^ _3005_/D (sky130_fd_sc_hd__dfrtp_1)
                                              1.941246   data arrival time

                                  0.000000    0.000000   clock clk (rise edge)
                                  0.000000    0.000000   clock source latency
     1    0.027657    0.129514    0.090739    0.090739 ^ clk (in)
                                                         clk (net)
                      0.129618    0.000000    0.090739 ^ clkbuf_0_clk/A (sky130_fd_sc_hd__clkbuf_16)
    16    0.122912    0.136331    0.228671    0.319410 ^ clkbuf_0_clk/X (sky130_fd_sc_hd__clkbuf_16)
                                                         clknet_0_clk (net)
                      0.137207    0.008737    0.328148 ^ clkbuf_4_2_0_clk/A (sky130_fd_sc_hd__clkbuf_8)
    18    0.073380    0.135996    0.226742    0.554890 ^ clkbuf_4_2_0_clk/X (sky130_fd_sc_hd__clkbuf_8)
                                                         clknet_4_2_0_clk (net)
                      0.136672    0.007783    0.562673 ^ _3005_/CLK (sky130_fd_sc_hd__dfrtp_1)
                                  0.500000    1.062673   clock uncertainty
                                  0.000000    1.062673   clock reconvergence pessimism
                                 -0.023294    1.039379   library hold time
                                              1.039379   data required time
---------------------------------------------------------------------------------------------
                                              1.039379   data required time
                                             -1.941246   data arrival time
---------------------------------------------------------------------------------------------
                                              0.901867   slack (MET)


Startpoint: _3101_ (rising edge-triggered flip-flop clocked by clk)
Endpoint: _3101_ (rising edge-triggered flip-flop clocked by clk)
Path Group: clk
Path Type: min

Fanout         Cap        Slew       Delay        Time   Description
---------------------------------------------------------------------------------------------
                                  0.000000    0.000000   clock clk (rise edge)
                                  0.000000    0.000000   clock source latency
     1    0.027657    0.129514    0.090739    0.090739 ^ clk (in)
                                                         clk (net)
                      0.129618    0.000000    0.090739 ^ clkbuf_0_clk/A (sky130_fd_sc_hd__clkbuf_16)
    16    0.122912    0.136331    0.228671    0.319410 ^ clkbuf_0_clk/X (sky130_fd_sc_hd__clkbuf_16)
                                                         clknet_0_clk (net)
                      0.137286    0.009113    0.328524 ^ clkbuf_4_0_0_clk/A (sky130_fd_sc_hd__clkbuf_8)
    24    0.077983    0.141740    0.232054    0.560578 ^ clkbuf_4_0_0_clk/X (sky130_fd_sc_hd__clkbuf_8)
                                                         clknet_4_0_0_clk (net)
                      0.142030    0.005252    0.565830 ^ _3101_/CLK (sky130_fd_sc_hd__dfrtp_4)
    23    0.128853    0.368384    0.679928    1.245758 ^ _3101_/Q (sky130_fd_sc_hd__dfrtp_4)
                                                         my_mul.x2[6] (net)
                      0.368445    0.005020    1.250777 ^ _2133_/A1 (sky130_fd_sc_hd__mux2_1)
     1    0.001842    0.034192    0.185297    1.436074 ^ _2133_/X (sky130_fd_sc_hd__mux2_1)
                                                         _0197_ (net)
                      0.034192    0.000084    1.436158 ^ hold235/A (sky130_fd_sc_hd__dlygate4sd3_1)
     1    0.002520    0.050496    0.528648    1.964806 ^ hold235/X (sky130_fd_sc_hd__dlygate4sd3_1)
                                                         net240 (net)
                      0.050496    0.000178    1.964984 ^ _3101_/D (sky130_fd_sc_hd__dfrtp_4)
                                              1.964984   data arrival time

                                  0.000000    0.000000   clock clk (rise edge)
                                  0.000000    0.000000   clock source latency
     1    0.027657    0.129514    0.090739    0.090739 ^ clk (in)
                                                         clk (net)
                      0.129618    0.000000    0.090739 ^ clkbuf_0_clk/A (sky130_fd_sc_hd__clkbuf_16)
    16    0.122912    0.136331    0.228671    0.319410 ^ clkbuf_0_clk/X (sky130_fd_sc_hd__clkbuf_16)
                                                         clknet_0_clk (net)
                      0.137286    0.009113    0.328524 ^ clkbuf_4_0_0_clk/A (sky130_fd_sc_hd__clkbuf_8)
    24    0.077983    0.141740    0.232054    0.560578 ^ clkbuf_4_0_0_clk/X (sky130_fd_sc_hd__clkbuf_8)
                                                         clknet_4_0_0_clk (net)
                      0.142030    0.005252    0.565830 ^ _3101_/CLK (sky130_fd_sc_hd__dfrtp_4)
                                  0.500000    1.065830   clock uncertainty
                                  0.000000    1.065830   clock reconvergence pessimism
                                 -0.022644    1.043185   library hold time
                                              1.043185   data required time
---------------------------------------------------------------------------------------------
                                              1.043185   data required time
                                             -1.964984   data arrival time
---------------------------------------------------------------------------------------------
                                              0.921799   slack (MET)


Startpoint: _3079_ (rising edge-triggered flip-flop clocked by clk)
Endpoint: _3127_ (rising edge-triggered flip-flop clocked by clk)
Path Group: clk
Path Type: min

Fanout         Cap        Slew       Delay        Time   Description
---------------------------------------------------------------------------------------------
                                  0.000000    0.000000   clock clk (rise edge)
                                  0.000000    0.000000   clock source latency
     1    0.027657    0.129514    0.090739    0.090739 ^ clk (in)
                                                         clk (net)
                      0.129618    0.000000    0.090739 ^ clkbuf_0_clk/A (sky130_fd_sc_hd__clkbuf_16)
    16    0.122912    0.136331    0.228671    0.319410 ^ clkbuf_0_clk/X (sky130_fd_sc_hd__clkbuf_16)
                                                         clknet_0_clk (net)
                      0.136766    0.006233    0.325643 ^ clkbuf_4_6_0_clk/A (sky130_fd_sc_hd__clkbuf_8)
    12    0.059333    0.113222    0.211382    0.537026 ^ clkbuf_4_6_0_clk/X (sky130_fd_sc_hd__clkbuf_8)
                                                         clknet_4_6_0_clk (net)
                      0.113458    0.003742    0.540767 ^ _3079_/CLK (sky130_fd_sc_hd__dfrtp_4)
    17    0.077677    0.233883    0.573945    1.114712 ^ _3079_/Q (sky130_fd_sc_hd__dfrtp_4)
                                                         acc_reg[0] (net)
                      0.233993    0.004253    1.118965 ^ _2102_/B2 (sky130_fd_sc_hd__a221o_1)
     1    0.003357    0.049048    0.181234    1.300199 ^ _2102_/X (sky130_fd_sc_hd__a221o_1)
                                                         _0497_ (net)
                      0.049049    0.000253    1.300453 ^ _2103_/B2 (sky130_fd_sc_hd__o22a_1)
     1    0.001828    0.033582    0.101951    1.402403 ^ _2103_/X (sky130_fd_sc_hd__o22a_1)
                                                         _0223_ (net)
                      0.033582    0.000084    1.402488 ^ hold217/A (sky130_fd_sc_hd__dlygate4sd3_1)
     1    0.003009    0.054674    0.533031    1.935518 ^ hold217/X (sky130_fd_sc_hd__dlygate4sd3_1)
                                                         net222 (net)
                      0.054674    0.000202    1.935721 ^ _3127_/D (sky130_fd_sc_hd__dfrtp_1)
                                              1.935721   data arrival time

                                  0.000000    0.000000   clock clk (rise edge)
                                  0.000000    0.000000   clock source latency
     1    0.027657    0.129514    0.090739    0.090739 ^ clk (in)
                                                         clk (net)
                      0.129618    0.000000    0.090739 ^ clkbuf_0_clk/A (sky130_fd_sc_hd__clkbuf_16)
    16    0.122912    0.136331    0.228671    0.319410 ^ clkbuf_0_clk/X (sky130_fd_sc_hd__clkbuf_16)
                                                         clknet_0_clk (net)
                      0.136766    0.006233    0.325643 ^ clkbuf_4_6_0_clk/A (sky130_fd_sc_hd__clkbuf_8)
    12    0.059333    0.113222    0.211382    0.537026 ^ clkbuf_4_6_0_clk/X (sky130_fd_sc_hd__clkbuf_8)
                                                         clknet_4_6_0_clk (net)
                      0.113451    0.003666    0.540692 ^ _3127_/CLK (sky130_fd_sc_hd__dfrtp_1)
                                  0.500000    1.040692   clock uncertainty
                                  0.000000    1.040692   clock reconvergence pessimism
                                 -0.027422    1.013270   library hold time
                                              1.013270   data required time
---------------------------------------------------------------------------------------------
                                              1.013270   data required time
                                             -1.935721   data arrival time
---------------------------------------------------------------------------------------------
                                              0.922450   slack (MET)


Startpoint: _3101_ (rising edge-triggered flip-flop clocked by clk)
Endpoint: _2995_ (rising edge-triggered flip-flop clocked by clk)
Path Group: clk
Path Type: min

Fanout         Cap        Slew       Delay        Time   Description
---------------------------------------------------------------------------------------------
                                  0.000000    0.000000   clock clk (rise edge)
                                  0.000000    0.000000   clock source latency
     1    0.027657    0.129514    0.090739    0.090739 ^ clk (in)
                                                         clk (net)
                      0.129618    0.000000    0.090739 ^ clkbuf_0_clk/A (sky130_fd_sc_hd__clkbuf_16)
    16    0.122912    0.136331    0.228671    0.319410 ^ clkbuf_0_clk/X (sky130_fd_sc_hd__clkbuf_16)
                                                         clknet_0_clk (net)
                      0.137286    0.009113    0.328524 ^ clkbuf_4_0_0_clk/A (sky130_fd_sc_hd__clkbuf_8)
    24    0.077983    0.141740    0.232054    0.560578 ^ clkbuf_4_0_0_clk/X (sky130_fd_sc_hd__clkbuf_8)
                                                         clknet_4_0_0_clk (net)
                      0.142030    0.005252    0.565830 ^ _3101_/CLK (sky130_fd_sc_hd__dfrtp_4)
    23    0.128853    0.368384    0.679928    1.245758 ^ _3101_/Q (sky130_fd_sc_hd__dfrtp_4)
                                                         my_mul.x2[6] (net)
                      0.368514    0.006800    1.252557 ^ _2779_/A1 (sky130_fd_sc_hd__a31o_1)
     1    0.002354    0.036793    0.189271    1.441828 ^ _2779_/X (sky130_fd_sc_hd__a31o_1)
                                                         _0254_ (net)
                      0.036794    0.000157    1.441985 ^ hold294/A (sky130_fd_sc_hd__dlygate4sd3_1)
     1    0.002372    0.049269    0.528095    1.970081 ^ hold294/X (sky130_fd_sc_hd__dlygate4sd3_1)
                                                         net299 (net)
                      0.049269    0.000174    1.970255 ^ _2995_/D (sky130_fd_sc_hd__dfrtp_1)
                                              1.970255   data arrival time

                                  0.000000    0.000000   clock clk (rise edge)
                                  0.000000    0.000000   clock source latency
     1    0.027657    0.129514    0.090739    0.090739 ^ clk (in)
                                                         clk (net)
                      0.129618    0.000000    0.090739 ^ clkbuf_0_clk/A (sky130_fd_sc_hd__clkbuf_16)
    16    0.122912    0.136331    0.228671    0.319410 ^ clkbuf_0_clk/X (sky130_fd_sc_hd__clkbuf_16)
                                                         clknet_0_clk (net)
                      0.137207    0.008737    0.328148 ^ clkbuf_4_2_0_clk/A (sky130_fd_sc_hd__clkbuf_8)
    18    0.073380    0.135996    0.226742    0.554890 ^ clkbuf_4_2_0_clk/X (sky130_fd_sc_hd__clkbuf_8)
                                                         clknet_4_2_0_clk (net)
                      0.136547    0.007054    0.561944 ^ _2995_/CLK (sky130_fd_sc_hd__dfrtp_1)
                                  0.500000    1.061944   clock uncertainty
                                  0.000000    1.061944   clock reconvergence pessimism
                                 -0.023140    1.038804   library hold time
                                              1.038804   data required time
---------------------------------------------------------------------------------------------
                                              1.038804   data required time
                                             -1.970255   data arrival time
---------------------------------------------------------------------------------------------
                                              0.931451   slack (MET)


Startpoint: _3160_ (rising edge-triggered flip-flop clocked by clk)
Endpoint: _3159_ (rising edge-triggered flip-flop clocked by clk)
Path Group: clk
Path Type: min

Fanout         Cap        Slew       Delay        Time   Description
---------------------------------------------------------------------------------------------
                                  0.000000    0.000000   clock clk (rise edge)
                                  0.000000    0.000000   clock source latency
     1    0.027657    0.129514    0.090739    0.090739 ^ clk (in)
                                                         clk (net)
                      0.129618    0.000000    0.090739 ^ clkbuf_0_clk/A (sky130_fd_sc_hd__clkbuf_16)
    16    0.122912    0.136331    0.228671    0.319410 ^ clkbuf_0_clk/X (sky130_fd_sc_hd__clkbuf_16)
                                                         clknet_0_clk (net)
                      0.137109    0.008249    0.327659 ^ clkbuf_4_3_0_clk/A (sky130_fd_sc_hd__clkbuf_8)
    11    0.060066    0.113828    0.212789    0.540448 ^ clkbuf_4_3_0_clk/X (sky130_fd_sc_hd__clkbuf_8)
                                                         clknet_4_3_0_clk (net)
                      0.113876    0.002213    0.542661 ^ _3160_/CLK (sky130_fd_sc_hd__dfrtp_4)
    11    0.072701    0.144461    0.594629    1.137290 v _3160_/Q (sky130_fd_sc_hd__dfrtp_4)
                                                         my_sum_sub.state[2] (net)
                      0.146918    0.014288    1.151579 v hold277/A (sky130_fd_sc_hd__dlygate4sd3_1)
     3    0.036692    0.200806    0.749117    1.900696 v hold277/X (sky130_fd_sc_hd__dlygate4sd3_1)
                                                         net282 (net)
                      0.200844    0.002744    1.903440 v _3159_/D (sky130_fd_sc_hd__dfrtp_4)
                                              1.903440   data arrival time

                                  0.000000    0.000000   clock clk (rise edge)
                                  0.000000    0.000000   clock source latency
     1    0.027657    0.129514    0.090739    0.090739 ^ clk (in)
                                                         clk (net)
                      0.129618    0.000000    0.090739 ^ clkbuf_0_clk/A (sky130_fd_sc_hd__clkbuf_16)
    16    0.122912    0.136331    0.228671    0.319410 ^ clkbuf_0_clk/X (sky130_fd_sc_hd__clkbuf_16)
                                                         clknet_0_clk (net)
                      0.137219    0.008798    0.328209 ^ clkbuf_4_14_0_clk/A (sky130_fd_sc_hd__clkbuf_8)
    11    0.071062    0.131314    0.226348    0.554557 ^ clkbuf_4_14_0_clk/X (sky130_fd_sc_hd__clkbuf_8)
                                                         clknet_4_14_0_clk (net)
                      0.131336    0.001721    0.556278 ^ _3159_/CLK (sky130_fd_sc_hd__dfrtp_4)
                                  0.500000    1.056278   clock uncertainty
                                  0.000000    1.056278   clock reconvergence pessimism
                                 -0.085441    0.970837   library hold time
                                              0.970837   data required time
---------------------------------------------------------------------------------------------
                                              0.970837   data required time
                                             -1.903440   data arrival time
---------------------------------------------------------------------------------------------
                                              0.932603   slack (MET)


Startpoint: _3163_ (rising edge-triggered flip-flop clocked by clk)
Endpoint: _3172_ (rising edge-triggered flip-flop clocked by clk)
Path Group: clk
Path Type: min

Fanout         Cap        Slew       Delay        Time   Description
---------------------------------------------------------------------------------------------
                                  0.000000    0.000000   clock clk (rise edge)
                                  0.000000    0.000000   clock source latency
     1    0.027657    0.129514    0.090739    0.090739 ^ clk (in)
                                                         clk (net)
                      0.129618    0.000000    0.090739 ^ clkbuf_0_clk/A (sky130_fd_sc_hd__clkbuf_16)
    16    0.122912    0.136331    0.228671    0.319410 ^ clkbuf_0_clk/X (sky130_fd_sc_hd__clkbuf_16)
                                                         clknet_0_clk (net)
                      0.137305    0.009201    0.328612 ^ clkbuf_4_1_0_clk/A (sky130_fd_sc_hd__clkbuf_8)
    16    0.071217    0.132356    0.225099    0.553711 ^ clkbuf_4_1_0_clk/X (sky130_fd_sc_hd__clkbuf_8)
                                                         clknet_4_1_0_clk (net)
                      0.132530    0.003154    0.556865 ^ _3163_/CLK (sky130_fd_sc_hd__dfrtp_1)
     1    0.003505    0.050587    0.351707    0.908572 ^ _3163_/Q (sky130_fd_sc_hd__dfrtp_1)
                                                         my_mul.reg1en.d[0] (net)
                      0.050587    0.000262    0.908834 ^ hold311/A (sky130_fd_sc_hd__dlygate4sd3_1)
     1    0.002525    0.050559    0.534046    1.442880 ^ hold311/X (sky130_fd_sc_hd__dlygate4sd3_1)
                                                         net316 (net)
                      0.050559    0.000165    1.443045 ^ hold22/A (sky130_fd_sc_hd__dlygate4sd3_1)
     1    0.002433    0.049782    0.533156    1.976201 ^ hold22/X (sky130_fd_sc_hd__dlygate4sd3_1)
                                                         net27 (net)
                      0.049782    0.000169    1.976371 ^ _3172_/D (sky130_fd_sc_hd__dfrtp_1)
                                              1.976371   data arrival time

                                  0.000000    0.000000   clock clk (rise edge)
                                  0.000000    0.000000   clock source latency
     1    0.027657    0.129514    0.090739    0.090739 ^ clk (in)
                                                         clk (net)
                      0.129618    0.000000    0.090739 ^ clkbuf_0_clk/A (sky130_fd_sc_hd__clkbuf_16)
    16    0.122912    0.136331    0.228671    0.319410 ^ clkbuf_0_clk/X (sky130_fd_sc_hd__clkbuf_16)
                                                         clknet_0_clk (net)
                      0.137286    0.009113    0.328524 ^ clkbuf_4_0_0_clk/A (sky130_fd_sc_hd__clkbuf_8)
    24    0.077983    0.141740    0.232054    0.560578 ^ clkbuf_4_0_0_clk/X (sky130_fd_sc_hd__clkbuf_8)
                                                         clknet_4_0_0_clk (net)
                      0.141951    0.004505    0.565083 ^ _3172_/CLK (sky130_fd_sc_hd__dfrtp_1)
                                  0.500000    1.065083   clock uncertainty
                                  0.000000    1.065083   clock reconvergence pessimism
                                 -0.022507    1.042576   library hold time
                                              1.042576   data required time
---------------------------------------------------------------------------------------------
                                              1.042576   data required time
                                             -1.976371   data arrival time
---------------------------------------------------------------------------------------------
                                              0.933795   slack (MET)


Startpoint: _3169_ (rising edge-triggered flip-flop clocked by clk)
Endpoint: _3170_ (rising edge-triggered flip-flop clocked by clk)
Path Group: clk
Path Type: min

Fanout         Cap        Slew       Delay        Time   Description
---------------------------------------------------------------------------------------------
                                  0.000000    0.000000   clock clk (rise edge)
                                  0.000000    0.000000   clock source latency
     1    0.027657    0.129514    0.090739    0.090739 ^ clk (in)
                                                         clk (net)
                      0.129618    0.000000    0.090739 ^ clkbuf_0_clk/A (sky130_fd_sc_hd__clkbuf_16)
    16    0.122912    0.136331    0.228671    0.319410 ^ clkbuf_0_clk/X (sky130_fd_sc_hd__clkbuf_16)
                                                         clknet_0_clk (net)
                      0.137305    0.009201    0.328612 ^ clkbuf_4_1_0_clk/A (sky130_fd_sc_hd__clkbuf_8)
    16    0.071217    0.132356    0.225099    0.553711 ^ clkbuf_4_1_0_clk/X (sky130_fd_sc_hd__clkbuf_8)
                                                         clknet_4_1_0_clk (net)
                      0.132946    0.006767    0.560478 ^ _3169_/CLK (sky130_fd_sc_hd__dfrtp_1)
     1    0.002120    0.039785    0.340413    0.900891 ^ _3169_/Q (sky130_fd_sc_hd__dfrtp_1)
                                                         mosi_s0 (net)
                      0.039785    0.000151    0.901042 ^ hold313/A (sky130_fd_sc_hd__dlygate4sd3_1)
     1    0.003466    0.058631    0.539216    1.440258 ^ hold313/X (sky130_fd_sc_hd__dlygate4sd3_1)
                                                         net318 (net)
                      0.058631    0.000254    1.440512 ^ hold23/A (sky130_fd_sc_hd__dlygate4sd3_1)
     1    0.002327    0.048958    0.534581    1.975093 ^ hold23/X (sky130_fd_sc_hd__dlygate4sd3_1)
                                                         net28 (net)
                      0.048958    0.000164    1.975258 ^ _3170_/D (sky130_fd_sc_hd__dfrtp_1)
                                              1.975258   data arrival time

                                  0.000000    0.000000   clock clk (rise edge)
                                  0.000000    0.000000   clock source latency
     1    0.027657    0.129514    0.090739    0.090739 ^ clk (in)
                                                         clk (net)
                      0.129618    0.000000    0.090739 ^ clkbuf_0_clk/A (sky130_fd_sc_hd__clkbuf_16)
    16    0.122912    0.136331    0.228671    0.319410 ^ clkbuf_0_clk/X (sky130_fd_sc_hd__clkbuf_16)
                                                         clknet_0_clk (net)
                      0.137305    0.009201    0.328612 ^ clkbuf_4_1_0_clk/A (sky130_fd_sc_hd__clkbuf_8)
    16    0.071217    0.132356    0.225099    0.553711 ^ clkbuf_4_1_0_clk/X (sky130_fd_sc_hd__clkbuf_8)
                                                         clknet_4_1_0_clk (net)
                      0.132808    0.005838    0.559549 ^ _3170_/CLK (sky130_fd_sc_hd__dfrtp_1)
                                  0.500000    1.059549   clock uncertainty
                                  0.000000    1.059549   clock reconvergence pessimism
                                 -0.023587    1.035963   library hold time
                                              1.035963   data required time
---------------------------------------------------------------------------------------------
                                              1.035963   data required time
                                             -1.975258   data arrival time
---------------------------------------------------------------------------------------------
                                              0.939295   slack (MET)


Startpoint: _3080_ (rising edge-triggered flip-flop clocked by clk)
Endpoint: _3128_ (rising edge-triggered flip-flop clocked by clk)
Path Group: clk
Path Type: min

Fanout         Cap        Slew       Delay        Time   Description
---------------------------------------------------------------------------------------------
                                  0.000000    0.000000   clock clk (rise edge)
                                  0.000000    0.000000   clock source latency
     1    0.027657    0.129514    0.090739    0.090739 ^ clk (in)
                                                         clk (net)
                      0.129618    0.000000    0.090739 ^ clkbuf_0_clk/A (sky130_fd_sc_hd__clkbuf_16)
    16    0.122912    0.136331    0.228671    0.319410 ^ clkbuf_0_clk/X (sky130_fd_sc_hd__clkbuf_16)
                                                         clknet_0_clk (net)
                      0.136766    0.006233    0.325643 ^ clkbuf_4_6_0_clk/A (sky130_fd_sc_hd__clkbuf_8)
    12    0.059333    0.113222    0.211382    0.537026 ^ clkbuf_4_6_0_clk/X (sky130_fd_sc_hd__clkbuf_8)
                                                         clknet_4_6_0_clk (net)
                      0.113515    0.004257    0.541283 ^ _3080_/CLK (sky130_fd_sc_hd__dfrtp_4)
    20    0.090982    0.267339    0.602875    1.144158 ^ _3080_/Q (sky130_fd_sc_hd__dfrtp_4)
                                                         acc_reg[1] (net)
                      0.267365    0.002961    1.147120 ^ _2096_/B2 (sky130_fd_sc_hd__a221o_1)
     1    0.003740    0.052138    0.192027    1.339147 ^ _2096_/X (sky130_fd_sc_hd__a221o_1)
                                                         _0492_ (net)
                      0.052139    0.000248    1.339395 ^ _2097_/B2 (sky130_fd_sc_hd__o22a_1)
     1    0.001850    0.033753    0.103154    1.442549 ^ _2097_/X (sky130_fd_sc_hd__o22a_1)
                                                         _0224_ (net)
                      0.033753    0.000086    1.442635 ^ hold45/A (sky130_fd_sc_hd__dlygate4sd3_1)
     1    0.002803    0.052897    0.531165    1.973799 ^ hold45/X (sky130_fd_sc_hd__dlygate4sd3_1)
                                                         net50 (net)
                      0.052897    0.000183    1.973982 ^ _3128_/D (sky130_fd_sc_hd__dfrtp_1)
                                              1.973982   data arrival time

                                  0.000000    0.000000   clock clk (rise edge)
                                  0.000000    0.000000   clock source latency
     1    0.027657    0.129514    0.090739    0.090739 ^ clk (in)
                                                         clk (net)
                      0.129618    0.000000    0.090739 ^ clkbuf_0_clk/A (sky130_fd_sc_hd__clkbuf_16)
    16    0.122912    0.136331    0.228671    0.319410 ^ clkbuf_0_clk/X (sky130_fd_sc_hd__clkbuf_16)
                                                         clknet_0_clk (net)
                      0.136766    0.006233    0.325643 ^ clkbuf_4_6_0_clk/A (sky130_fd_sc_hd__clkbuf_8)
    12    0.059333    0.113222    0.211382    0.537026 ^ clkbuf_4_6_0_clk/X (sky130_fd_sc_hd__clkbuf_8)
                                                         clknet_4_6_0_clk (net)
                      0.113488    0.004021    0.541047 ^ _3128_/CLK (sky130_fd_sc_hd__dfrtp_1)
                                  0.500000    1.041047   clock uncertainty
                                  0.000000    1.041047   clock reconvergence pessimism
                                 -0.027047    1.013999   library hold time
                                              1.013999   data required time
---------------------------------------------------------------------------------------------
                                              1.013999   data required time
                                             -1.973982   data arrival time
---------------------------------------------------------------------------------------------
                                              0.959983   slack (MET)


Startpoint: _3085_ (rising edge-triggered flip-flop clocked by clk)
Endpoint: _3133_ (rising edge-triggered flip-flop clocked by clk)
Path Group: clk
Path Type: min

Fanout         Cap        Slew       Delay        Time   Description
---------------------------------------------------------------------------------------------
                                  0.000000    0.000000   clock clk (rise edge)
                                  0.000000    0.000000   clock source latency
     1    0.027657    0.129514    0.090739    0.090739 ^ clk (in)
                                                         clk (net)
                      0.129618    0.000000    0.090739 ^ clkbuf_0_clk/A (sky130_fd_sc_hd__clkbuf_16)
    16    0.122912    0.136331    0.228671    0.319410 ^ clkbuf_0_clk/X (sky130_fd_sc_hd__clkbuf_16)
                                                         clknet_0_clk (net)
                      0.136766    0.006233    0.325643 ^ clkbuf_4_6_0_clk/A (sky130_fd_sc_hd__clkbuf_8)
    12    0.059333    0.113222    0.211382    0.537026 ^ clkbuf_4_6_0_clk/X (sky130_fd_sc_hd__clkbuf_8)
                                                         clknet_4_6_0_clk (net)
                      0.113531    0.004394    0.541419 ^ _3085_/CLK (sky130_fd_sc_hd__dfrtp_4)
    20    0.087669    0.258730    0.597241    1.138661 ^ _3085_/Q (sky130_fd_sc_hd__dfrtp_4)
                                                         acc_reg[6] (net)
                      0.258797    0.004101    1.142761 ^ _2066_/B2 (sky130_fd_sc_hd__a221o_1)
     1    0.003364    0.049098    0.187198    1.329960 ^ _2066_/X (sky130_fd_sc_hd__a221o_1)
                                                         _0467_ (net)
                      0.049098    0.000229    1.330189 ^ _2067_/B2 (sky130_fd_sc_hd__o22a_1)
     1    0.002383    0.037942    0.106202    1.436391 ^ _2067_/X (sky130_fd_sc_hd__o22a_1)
                                                         _0229_ (net)
                      0.037942    0.000172    1.436563 ^ hold58/A (sky130_fd_sc_hd__dlygate4sd3_1)
     1    0.003332    0.057535    0.537491    1.974053 ^ hold58/X (sky130_fd_sc_hd__dlygate4sd3_1)
                                                         net63 (net)
                      0.057535    0.000215    1.974269 ^ _3133_/D (sky130_fd_sc_hd__dfrtp_1)
                                              1.974269   data arrival time

                                  0.000000    0.000000   clock clk (rise edge)
                                  0.000000    0.000000   clock source latency
     1    0.027657    0.129514    0.090739    0.090739 ^ clk (in)
                                                         clk (net)
                      0.129618    0.000000    0.090739 ^ clkbuf_0_clk/A (sky130_fd_sc_hd__clkbuf_16)
    16    0.122912    0.136331    0.228671    0.319410 ^ clkbuf_0_clk/X (sky130_fd_sc_hd__clkbuf_16)
                                                         clknet_0_clk (net)
                      0.136766    0.006233    0.325643 ^ clkbuf_4_6_0_clk/A (sky130_fd_sc_hd__clkbuf_8)
    12    0.059333    0.113222    0.211382    0.537026 ^ clkbuf_4_6_0_clk/X (sky130_fd_sc_hd__clkbuf_8)
                                                         clknet_4_6_0_clk (net)
                      0.113401    0.003132    0.540158 ^ _3133_/CLK (sky130_fd_sc_hd__dfrtp_1)
                                  0.500000    1.040158   clock uncertainty
                                  0.000000    1.040158   clock reconvergence pessimism
                                 -0.028023    1.012135   library hold time
                                              1.012135   data required time
---------------------------------------------------------------------------------------------
                                              1.012135   data required time
                                             -1.974269   data arrival time
---------------------------------------------------------------------------------------------
                                              0.962134   slack (MET)


Startpoint: _3047_ (rising edge-triggered flip-flop clocked by clk)
Endpoint: _3066_ (rising edge-triggered flip-flop clocked by clk)
Path Group: clk
Path Type: min

Fanout         Cap        Slew       Delay        Time   Description
---------------------------------------------------------------------------------------------
                                  0.000000    0.000000   clock clk (rise edge)
                                  0.000000    0.000000   clock source latency
     1    0.027657    0.129514    0.090739    0.090739 ^ clk (in)
                                                         clk (net)
                      0.129618    0.000000    0.090739 ^ clkbuf_0_clk/A (sky130_fd_sc_hd__clkbuf_16)
    16    0.122912    0.136331    0.228671    0.319410 ^ clkbuf_0_clk/X (sky130_fd_sc_hd__clkbuf_16)
                                                         clknet_0_clk (net)
                      0.137236    0.008877    0.328287 ^ clkbuf_4_15_0_clk/A (sky130_fd_sc_hd__clkbuf_8)
    13    0.066123    0.124153    0.219272    0.547559 ^ clkbuf_4_15_0_clk/X (sky130_fd_sc_hd__clkbuf_8)
                                                         clknet_4_15_0_clk (net)
                      0.124390    0.003895    0.551454 ^ _3047_/CLK (sky130_fd_sc_hd__dfrtp_1)
     4    0.011116    0.109488    0.398928    0.950382 ^ _3047_/Q (sky130_fd_sc_hd__dfrtp_1)
                                                         my_sum_sub.al_ma[6] (net)
                      0.109498    0.001115    0.951497 ^ _2177_/B (sky130_fd_sc_hd__and2b_1)
     2    0.004932    0.058514    0.144400    1.095897 ^ _2177_/X (sky130_fd_sc_hd__and2b_1)
                                                         _0512_ (net)
                      0.058514    0.000182    1.096079 ^ _2209_/B (sky130_fd_sc_hd__nor2_1)
     3    0.012327    0.059801    0.071917    1.167995 v _2209_/Y (sky130_fd_sc_hd__nor2_1)
                                                         _0544_ (net)
                      0.059832    0.000734    1.168730 v _2242_/A (sky130_fd_sc_hd__xor2_1)
     1    0.003779    0.113623    0.160756    1.329486 ^ _2242_/X (sky130_fd_sc_hd__xor2_1)
                                                         _0575_ (net)
                      0.113623    0.000238    1.329724 ^ _2243_/A1 (sky130_fd_sc_hd__mux2_1)
     1    0.001842    0.034364    0.132879    1.462603 ^ _2243_/X (sky130_fd_sc_hd__mux2_1)
                                                         _0325_ (net)
                      0.034364    0.000084    1.462687 ^ hold239/A (sky130_fd_sc_hd__dlygate4sd3_1)
     1    0.002622    0.051352    0.529663    1.992351 ^ hold239/X (sky130_fd_sc_hd__dlygate4sd3_1)
                                                         net244 (net)
                      0.051352    0.000175    1.992526 ^ _3066_/D (sky130_fd_sc_hd__dfrtp_2)
                                              1.992526   data arrival time

                                  0.000000    0.000000   clock clk (rise edge)
                                  0.000000    0.000000   clock source latency
     1    0.027657    0.129514    0.090739    0.090739 ^ clk (in)
                                                         clk (net)
                      0.129618    0.000000    0.090739 ^ clkbuf_0_clk/A (sky130_fd_sc_hd__clkbuf_16)
    16    0.122912    0.136331    0.228671    0.319410 ^ clkbuf_0_clk/X (sky130_fd_sc_hd__clkbuf_16)
                                                         clknet_0_clk (net)
                      0.137236    0.008877    0.328287 ^ clkbuf_4_15_0_clk/A (sky130_fd_sc_hd__clkbuf_8)
    13    0.066123    0.124153    0.219272    0.547559 ^ clkbuf_4_15_0_clk/X (sky130_fd_sc_hd__clkbuf_8)
                                                         clknet_4_15_0_clk (net)
                      0.124569    0.005432    0.552991 ^ _3066_/CLK (sky130_fd_sc_hd__dfrtp_2)
                                  0.500000    1.052991   clock uncertainty
                                  0.000000    1.052991   clock reconvergence pessimism
                                 -0.025107    1.027884   library hold time
                                              1.027884   data required time
---------------------------------------------------------------------------------------------
                                              1.027884   data required time
                                             -1.992526   data arrival time
---------------------------------------------------------------------------------------------
                                              0.964642   slack (MET)


Startpoint: _3167_ (rising edge-triggered flip-flop clocked by clk)
Endpoint: _3168_ (rising edge-triggered flip-flop clocked by clk)
Path Group: clk
Path Type: min

Fanout         Cap        Slew       Delay        Time   Description
---------------------------------------------------------------------------------------------
                                  0.000000    0.000000   clock clk (rise edge)
                                  0.000000    0.000000   clock source latency
     1    0.027657    0.129514    0.090739    0.090739 ^ clk (in)
                                                         clk (net)
                      0.129618    0.000000    0.090739 ^ clkbuf_0_clk/A (sky130_fd_sc_hd__clkbuf_16)
    16    0.122912    0.136331    0.228671    0.319410 ^ clkbuf_0_clk/X (sky130_fd_sc_hd__clkbuf_16)
                                                         clknet_0_clk (net)
                      0.137286    0.009113    0.328524 ^ clkbuf_4_0_0_clk/A (sky130_fd_sc_hd__clkbuf_8)
    24    0.077983    0.141740    0.232054    0.560578 ^ clkbuf_4_0_0_clk/X (sky130_fd_sc_hd__clkbuf_8)
                                                         clknet_4_0_0_clk (net)
                      0.142717    0.009441    0.570019 ^ _3167_/CLK (sky130_fd_sc_hd__dfstp_1)
     1    0.003679    0.030836    0.385743    0.955762 v _3167_/Q (sky130_fd_sc_hd__dfstp_1)
                                                         ss_s0 (net)
                      0.030836    0.000212    0.955973 v hold310/A (sky130_fd_sc_hd__dlygate4sd3_1)
     1    0.002666    0.052298    0.541399    1.497372 v hold310/X (sky130_fd_sc_hd__dlygate4sd3_1)
                                                         net315 (net)
                      0.052298    0.000194    1.497566 v hold24/A (sky130_fd_sc_hd__dlygate4sd3_1)
     1    0.002605    0.051753    0.549202    2.046768 v hold24/X (sky130_fd_sc_hd__dlygate4sd3_1)
                                                         net29 (net)
                      0.051753    0.000184    2.046952 v _3168_/D (sky130_fd_sc_hd__dfstp_4)
                                              2.046952   data arrival time

                                  0.000000    0.000000   clock clk (rise edge)
                                  0.000000    0.000000   clock source latency
     1    0.027657    0.129514    0.090739    0.090739 ^ clk (in)
                                                         clk (net)
                      0.129618    0.000000    0.090739 ^ clkbuf_0_clk/A (sky130_fd_sc_hd__clkbuf_16)
    16    0.122912    0.136331    0.228671    0.319410 ^ clkbuf_0_clk/X (sky130_fd_sc_hd__clkbuf_16)
                                                         clknet_0_clk (net)
                      0.137286    0.009113    0.328524 ^ clkbuf_4_0_0_clk/A (sky130_fd_sc_hd__clkbuf_8)
    24    0.077983    0.141740    0.232054    0.560578 ^ clkbuf_4_0_0_clk/X (sky130_fd_sc_hd__clkbuf_8)
                                                         clknet_4_0_0_clk (net)
                      0.142715    0.009435    0.570012 ^ _3168_/CLK (sky130_fd_sc_hd__dfstp_4)
                                  0.500000    1.070012   clock uncertainty
                                  0.000000    1.070012   clock reconvergence pessimism
                                  0.009764    1.079776   library hold time
                                              1.079776   data required time
---------------------------------------------------------------------------------------------
                                              1.079776   data required time
                                             -2.046952   data arrival time
---------------------------------------------------------------------------------------------
                                              0.967176   slack (MET)


Startpoint: _3052_ (rising edge-triggered flip-flop clocked by clk)
Endpoint: _3064_ (rising edge-triggered flip-flop clocked by clk)
Path Group: clk
Path Type: min

Fanout         Cap        Slew       Delay        Time   Description
---------------------------------------------------------------------------------------------
                                  0.000000    0.000000   clock clk (rise edge)
                                  0.000000    0.000000   clock source latency
     1    0.027657    0.129514    0.090739    0.090739 ^ clk (in)
                                                         clk (net)
                      0.129618    0.000000    0.090739 ^ clkbuf_0_clk/A (sky130_fd_sc_hd__clkbuf_16)
    16    0.122912    0.136331    0.228671    0.319410 ^ clkbuf_0_clk/X (sky130_fd_sc_hd__clkbuf_16)
                                                         clknet_0_clk (net)
                      0.137235    0.008873    0.328283 ^ clkbuf_4_13_0_clk/A (sky130_fd_sc_hd__clkbuf_8)
    10    0.065260    0.122759    0.218345    0.546628 ^ clkbuf_4_13_0_clk/X (sky130_fd_sc_hd__clkbuf_8)
                                                         clknet_4_13_0_clk (net)
                      0.123010    0.004036    0.550664 ^ _3052_/CLK (sky130_fd_sc_hd__dfrtp_1)
     2    0.004910    0.061070    0.358278    0.908942 ^ _3052_/Q (sky130_fd_sc_hd__dfrtp_1)
                                                         my_sum_sub.al_mb[3] (net)
                      0.061070    0.000268    0.909211 ^ _2223_/A1 (sky130_fd_sc_hd__a21oi_1)
     2    0.006173    0.048625    0.077308    0.986518 v _2223_/Y (sky130_fd_sc_hd__a21oi_1)
                                                         _0558_ (net)
                      0.048627    0.000353    0.986871 v _2252_/A2_N (sky130_fd_sc_hd__a2bb2o_1)
     1    0.004845    0.060252    0.249226    1.236098 ^ _2252_/X (sky130_fd_sc_hd__a2bb2o_1)
                                                         _0583_ (net)
                      0.060252    0.000226    1.236324 ^ _2253_/B (sky130_fd_sc_hd__xnor2_1)
     1    0.002718    0.048337    0.107995    1.344319 ^ _2253_/Y (sky130_fd_sc_hd__xnor2_1)
                                                         _0584_ (net)
                      0.048337    0.000200    1.344519 ^ _2254_/A1 (sky130_fd_sc_hd__mux2_1)
     1    0.002775    0.041263    0.118081    1.462600 ^ _2254_/X (sky130_fd_sc_hd__mux2_1)
                                                         _0323_ (net)
                      0.041263    0.000172    1.462772 ^ hold260/A (sky130_fd_sc_hd__dlygate4sd3_1)
     1    0.002568    0.050902    0.531400    1.994172 ^ hold260/X (sky130_fd_sc_hd__dlygate4sd3_1)
                                                         net265 (net)
                      0.050902    0.000178    1.994350 ^ _3064_/D (sky130_fd_sc_hd__dfrtp_1)
                                              1.994350   data arrival time

                                  0.000000    0.000000   clock clk (rise edge)
                                  0.000000    0.000000   clock source latency
     1    0.027657    0.129514    0.090739    0.090739 ^ clk (in)
                                                         clk (net)
                      0.129618    0.000000    0.090739 ^ clkbuf_0_clk/A (sky130_fd_sc_hd__clkbuf_16)
    16    0.122912    0.136331    0.228671    0.319410 ^ clkbuf_0_clk/X (sky130_fd_sc_hd__clkbuf_16)
                                                         clknet_0_clk (net)
                      0.137235    0.008873    0.328283 ^ clkbuf_4_13_0_clk/A (sky130_fd_sc_hd__clkbuf_8)
    10    0.065260    0.122759    0.218345    0.546628 ^ clkbuf_4_13_0_clk/X (sky130_fd_sc_hd__clkbuf_8)
                                                         clknet_4_13_0_clk (net)
                      0.122999    0.003926    0.550554 ^ _3064_/CLK (sky130_fd_sc_hd__dfrtp_1)
                                  0.500000    1.050554   clock uncertainty
                                  0.000000    1.050554   clock reconvergence pessimism
                                 -0.025332    1.025222   library hold time
                                              1.025222   data required time
---------------------------------------------------------------------------------------------
                                              1.025222   data required time
                                             -1.994350   data arrival time
---------------------------------------------------------------------------------------------
                                              0.969128   slack (MET)


Startpoint: _2998_ (rising edge-triggered flip-flop clocked by clk)
Endpoint: _3156_ (rising edge-triggered flip-flop clocked by clk)
Path Group: clk
Path Type: min

Fanout         Cap        Slew       Delay        Time   Description
---------------------------------------------------------------------------------------------
                                  0.000000    0.000000   clock clk (rise edge)
                                  0.000000    0.000000   clock source latency
     1    0.027657    0.129514    0.090739    0.090739 ^ clk (in)
                                                         clk (net)
                      0.129618    0.000000    0.090739 ^ clkbuf_0_clk/A (sky130_fd_sc_hd__clkbuf_16)
    16    0.122912    0.136331    0.228671    0.319410 ^ clkbuf_0_clk/X (sky130_fd_sc_hd__clkbuf_16)
                                                         clknet_0_clk (net)
                      0.137286    0.009113    0.328524 ^ clkbuf_4_0_0_clk/A (sky130_fd_sc_hd__clkbuf_8)
    24    0.077983    0.141740    0.232054    0.560578 ^ clkbuf_4_0_0_clk/X (sky130_fd_sc_hd__clkbuf_8)
                                                         clknet_4_0_0_clk (net)
                      0.142020    0.005162    0.565740 ^ _2998_/CLK (sky130_fd_sc_hd__dfrtp_1)
     2    0.007235    0.079328    0.379721    0.945461 ^ _2998_/Q (sky130_fd_sc_hd__dfrtp_1)
                                                         my_divider.counter[1] (net)
                      0.079329    0.000422    0.945883 ^ _1548_/B (sky130_fd_sc_hd__or4b_1)
     3    0.017179    0.162586    0.201218    1.147101 ^ _1548_/X (sky130_fd_sc_hd__or4b_1)
                                                         _1093_ (net)
                      0.162604    0.001763    1.148864 ^ _1549_/C (sky130_fd_sc_hd__and3_1)
     2    0.007088    0.086713    0.204551    1.353415 ^ _1549_/X (sky130_fd_sc_hd__and3_1)
                                                         _1094_ (net)
                      0.086713    0.000235    1.353651 ^ _2797_/A3 (sky130_fd_sc_hd__o31a_1)
     1    0.003133    0.047525    0.121384    1.475035 ^ _2797_/X (sky130_fd_sc_hd__o31a_1)
                                                         _0009_ (net)
                      0.047525    0.000129    1.475164 ^ hold198/A (sky130_fd_sc_hd__dlygate4sd3_1)
     1    0.002421    0.049682    0.532057    2.007221 ^ hold198/X (sky130_fd_sc_hd__dlygate4sd3_1)
                                                         net203 (net)
                      0.049682    0.000170    2.007390 ^ _3156_/D (sky130_fd_sc_hd__dfrtp_4)
                                              2.007390   data arrival time

                                  0.000000    0.000000   clock clk (rise edge)
                                  0.000000    0.000000   clock source latency
     1    0.027657    0.129514    0.090739    0.090739 ^ clk (in)
                                                         clk (net)
                      0.129618    0.000000    0.090739 ^ clkbuf_0_clk/A (sky130_fd_sc_hd__clkbuf_16)
    16    0.122912    0.136331    0.228671    0.319410 ^ clkbuf_0_clk/X (sky130_fd_sc_hd__clkbuf_16)
                                                         clknet_0_clk (net)
                      0.137305    0.009201    0.328612 ^ clkbuf_4_1_0_clk/A (sky130_fd_sc_hd__clkbuf_8)
    16    0.071217    0.132356    0.225099    0.553711 ^ clkbuf_4_1_0_clk/X (sky130_fd_sc_hd__clkbuf_8)
                                                         clknet_4_1_0_clk (net)
                      0.132521    0.003031    0.556742 ^ _3156_/CLK (sky130_fd_sc_hd__dfrtp_4)
                                  0.500000    1.056742   clock uncertainty
                                  0.000000    1.056742   clock reconvergence pessimism
                                 -0.023776    1.032966   library hold time
                                              1.032966   data required time
---------------------------------------------------------------------------------------------
                                              1.032966   data required time
                                             -2.007390   data arrival time
---------------------------------------------------------------------------------------------
                                              0.974424   slack (MET)


Startpoint: _3060_ (rising edge-triggered flip-flop clocked by clk)
Endpoint: _3028_ (rising edge-triggered flip-flop clocked by clk)
Path Group: clk
Path Type: min

Fanout         Cap        Slew       Delay        Time   Description
---------------------------------------------------------------------------------------------
                                  0.000000    0.000000   clock clk (rise edge)
                                  0.000000    0.000000   clock source latency
     1    0.027657    0.129514    0.090739    0.090739 ^ clk (in)
                                                         clk (net)
                      0.129618    0.000000    0.090739 ^ clkbuf_0_clk/A (sky130_fd_sc_hd__clkbuf_16)
    16    0.122912    0.136331    0.228671    0.319410 ^ clkbuf_0_clk/X (sky130_fd_sc_hd__clkbuf_16)
                                                         clknet_0_clk (net)
                      0.137219    0.008798    0.328209 ^ clkbuf_4_14_0_clk/A (sky130_fd_sc_hd__clkbuf_8)
    11    0.071062    0.131314    0.226348    0.554557 ^ clkbuf_4_14_0_clk/X (sky130_fd_sc_hd__clkbuf_8)
                                                         clknet_4_14_0_clk (net)
                      0.131340    0.001833    0.556390 ^ _3060_/CLK (sky130_fd_sc_hd__dfrtp_1)
     3    0.010808    0.106927    0.399423    0.955813 ^ _3060_/Q (sky130_fd_sc_hd__dfrtp_1)
                                                         my_sum_sub.cm_mant[0] (net)
                      0.106929    0.000660    0.956472 ^ _2609_/C (sky130_fd_sc_hd__or4_4)
    11    0.043458    0.133853    0.210397    1.166870 ^ _2609_/X (sky130_fd_sc_hd__or4_4)
                                                         _0908_ (net)
                      0.134354    0.006665    1.173535 ^ _2629_/A2 (sky130_fd_sc_hd__o22ai_2)
     3    0.016107    0.085247    0.126583    1.300117 v _2629_/Y (sky130_fd_sc_hd__o22ai_2)
                                                         _0928_ (net)
                      0.085275    0.001211    1.301328 v _2630_/A (sky130_fd_sc_hd__inv_2)
     1    0.008303    0.049964    0.074691    1.376019 ^ _2630_/Y (sky130_fd_sc_hd__inv_2)
                                                         _0929_ (net)
                      0.049967    0.000469    1.376488 ^ _2664_/B1 (sky130_fd_sc_hd__a22o_1)
     1    0.002246    0.038759    0.107936    1.484424 ^ _2664_/X (sky130_fd_sc_hd__a22o_1)
                                                         _0287_ (net)
                      0.038759    0.000149    1.484573 ^ hold146/A (sky130_fd_sc_hd__dlygate4sd3_1)
     1    0.002503    0.050352    0.529967    2.014540 ^ hold146/X (sky130_fd_sc_hd__dlygate4sd3_1)
                                                         net151 (net)
                      0.050352    0.000183    2.014723 ^ _3028_/D (sky130_fd_sc_hd__dfrtp_1)
                                              2.014723   data arrival time

                                  0.000000    0.000000   clock clk (rise edge)
                                  0.000000    0.000000   clock source latency
     1    0.027657    0.129514    0.090739    0.090739 ^ clk (in)
                                                         clk (net)
                      0.129618    0.000000    0.090739 ^ clkbuf_0_clk/A (sky130_fd_sc_hd__clkbuf_16)
    16    0.122912    0.136331    0.228671    0.319410 ^ clkbuf_0_clk/X (sky130_fd_sc_hd__clkbuf_16)
                                                         clknet_0_clk (net)
                      0.136901    0.007097    0.326508 ^ clkbuf_4_9_0_clk/A (sky130_fd_sc_hd__clkbuf_8)
     7    0.060185    0.114583    0.212457    0.538964 ^ clkbuf_4_9_0_clk/X (sky130_fd_sc_hd__clkbuf_8)
                                                         clknet_4_9_0_clk (net)
                      0.114715    0.002496    0.541460 ^ _3028_/CLK (sky130_fd_sc_hd__dfrtp_1)
                                  0.500000    1.041460   clock uncertainty
                                  0.000000    1.041460   clock reconvergence pessimism
                                 -0.026350    1.015110   library hold time
                                              1.015110   data required time
---------------------------------------------------------------------------------------------
                                              1.015110   data required time
                                             -2.014723   data arrival time
---------------------------------------------------------------------------------------------
                                              0.999613   slack (MET)


Startpoint: _3049_ (rising edge-triggered flip-flop clocked by clk)
Endpoint: _3061_ (rising edge-triggered flip-flop clocked by clk)
Path Group: clk
Path Type: min

Fanout         Cap        Slew       Delay        Time   Description
---------------------------------------------------------------------------------------------
                                  0.000000    0.000000   clock clk (rise edge)
                                  0.000000    0.000000   clock source latency
     1    0.027657    0.129514    0.090739    0.090739 ^ clk (in)
                                                         clk (net)
                      0.129618    0.000000    0.090739 ^ clkbuf_0_clk/A (sky130_fd_sc_hd__clkbuf_16)
    16    0.122912    0.136331    0.228671    0.319410 ^ clkbuf_0_clk/X (sky130_fd_sc_hd__clkbuf_16)
                                                         clknet_0_clk (net)
                      0.137236    0.008877    0.328287 ^ clkbuf_4_15_0_clk/A (sky130_fd_sc_hd__clkbuf_8)
    13    0.066123    0.124153    0.219272    0.547559 ^ clkbuf_4_15_0_clk/X (sky130_fd_sc_hd__clkbuf_8)
                                                         clknet_4_15_0_clk (net)
                      0.124330    0.003195    0.550754 ^ _3049_/CLK (sky130_fd_sc_hd__dfrtp_2)
     3    0.015341    0.090647    0.413358    0.964112 ^ _3049_/Q (sky130_fd_sc_hd__dfrtp_2)
                                                         my_sum_sub.al_mb[0] (net)
                      0.090666    0.001283    0.965395 ^ _1501_/A (sky130_fd_sc_hd__inv_2)
     3    0.008239    0.032919    0.048050    1.013445 v _1501_/Y (sky130_fd_sc_hd__inv_2)
                                                         _1056_ (net)
                      0.032922    0.000329    1.013774 v _2219_/A (sky130_fd_sc_hd__nor2_1)
     2    0.006638    0.138075    0.139213    1.152987 ^ _2219_/Y (sky130_fd_sc_hd__nor2_1)
                                                         _0554_ (net)
                      0.138077    0.000354    1.153341 ^ _2271_/A2 (sky130_fd_sc_hd__o31a_1)
     1    0.002838    0.044936    0.145454    1.298795 ^ _2271_/X (sky130_fd_sc_hd__o31a_1)
                                                         _0599_ (net)
                      0.044936    0.000111    1.298906 ^ _2272_/A2_N (sky130_fd_sc_hd__o2bb2a_1)
     1    0.002530    0.037904    0.199639    1.498545 v _2272_/X (sky130_fd_sc_hd__o2bb2a_1)
                                                         _0320_ (net)
                      0.037904    0.000160    1.498705 v hold272/A (sky130_fd_sc_hd__dlygate4sd3_1)
     1    0.002560    0.051615    0.543198    2.041903 v hold272/X (sky130_fd_sc_hd__dlygate4sd3_1)
                                                         net277 (net)
                      0.051615    0.000171    2.042075 v _3061_/D (sky130_fd_sc_hd__dfrtp_1)
                                              2.042075   data arrival time

                                  0.000000    0.000000   clock clk (rise edge)
                                  0.000000    0.000000   clock source latency
     1    0.027657    0.129514    0.090739    0.090739 ^ clk (in)
                                                         clk (net)
                      0.129618    0.000000    0.090739 ^ clkbuf_0_clk/A (sky130_fd_sc_hd__clkbuf_16)
    16    0.122912    0.136331    0.228671    0.319410 ^ clkbuf_0_clk/X (sky130_fd_sc_hd__clkbuf_16)
                                                         clknet_0_clk (net)
                      0.137236    0.008877    0.328287 ^ clkbuf_4_15_0_clk/A (sky130_fd_sc_hd__clkbuf_8)
    13    0.066123    0.124153    0.219272    0.547559 ^ clkbuf_4_15_0_clk/X (sky130_fd_sc_hd__clkbuf_8)
                                                         clknet_4_15_0_clk (net)
                      0.124602    0.005670    0.553229 ^ _3061_/CLK (sky130_fd_sc_hd__dfrtp_1)
                                  0.500000    1.053229   clock uncertainty
                                  0.000000    1.053229   clock reconvergence pessimism
                                 -0.030308    1.022921   library hold time
                                              1.022921   data required time
---------------------------------------------------------------------------------------------
                                              1.022921   data required time
                                             -2.042075   data arrival time
---------------------------------------------------------------------------------------------
                                              1.019154   slack (MET)


Startpoint: _3073_ (rising edge-triggered flip-flop clocked by clk)
Endpoint: _3073_ (rising edge-triggered flip-flop clocked by clk)
Path Group: clk
Path Type: min

Fanout         Cap        Slew       Delay        Time   Description
---------------------------------------------------------------------------------------------
                                  0.000000    0.000000   clock clk (rise edge)
                                  0.000000    0.000000   clock source latency
     1    0.027657    0.129514    0.090739    0.090739 ^ clk (in)
                                                         clk (net)
                      0.129618    0.000000    0.090739 ^ clkbuf_0_clk/A (sky130_fd_sc_hd__clkbuf_16)
    16    0.122912    0.136331    0.228671    0.319410 ^ clkbuf_0_clk/X (sky130_fd_sc_hd__clkbuf_16)
                                                         clknet_0_clk (net)
                      0.137076    0.008079    0.327489 ^ clkbuf_4_11_0_clk/A (sky130_fd_sc_hd__clkbuf_8)
    13    0.059228    0.112479    0.212100    0.539589 ^ clkbuf_4_11_0_clk/X (sky130_fd_sc_hd__clkbuf_8)
                                                         clknet_4_11_0_clk (net)
                      0.112549    0.002581    0.542170 ^ _3073_/CLK (sky130_fd_sc_hd__dfrtp_2)
     3    0.009016    0.064682    0.384465    0.926635 ^ _3073_/Q (sky130_fd_sc_hd__dfrtp_2)
                                                         my_sum_sub.cm_exp[3] (net)
                      0.064752    0.000546    0.927181 ^ rebuffer5/A (sky130_fd_sc_hd__dlygate4sd1_1)
     2    0.009641    0.101268    0.240384    1.167565 ^ rebuffer5/X (sky130_fd_sc_hd__dlygate4sd1_1)
                                                         net10 (net)
                      0.101270    0.000639    1.168204 ^ rebuffer6/A (sky130_fd_sc_hd__dlygate4sd1_1)
     1    0.004064    0.050918    0.213839    1.382043 ^ rebuffer6/X (sky130_fd_sc_hd__dlygate4sd1_1)
                                                         net11 (net)
                      0.050919    0.000278    1.382322 ^ _2168_/A0 (sky130_fd_sc_hd__mux2_1)
     1    0.003287    0.045146    0.120291    1.502613 ^ _2168_/X (sky130_fd_sc_hd__mux2_1)
                                                         _0332_ (net)
                      0.045146    0.000213    1.502826 ^ hold123/A (sky130_fd_sc_hd__dlygate4sd3_1)
     1    0.002490    0.050255    0.531937    2.034764 ^ hold123/X (sky130_fd_sc_hd__dlygate4sd3_1)
                                                         net128 (net)
                      0.050255    0.000171    2.034934 ^ _3073_/D (sky130_fd_sc_hd__dfrtp_2)
                                              2.034934   data arrival time

                                  0.000000    0.000000   clock clk (rise edge)
                                  0.000000    0.000000   clock source latency
     1    0.027657    0.129514    0.090739    0.090739 ^ clk (in)
                                                         clk (net)
                      0.129618    0.000000    0.090739 ^ clkbuf_0_clk/A (sky130_fd_sc_hd__clkbuf_16)
    16    0.122912    0.136331    0.228671    0.319410 ^ clkbuf_0_clk/X (sky130_fd_sc_hd__clkbuf_16)
                                                         clknet_0_clk (net)
                      0.137076    0.008079    0.327489 ^ clkbuf_4_11_0_clk/A (sky130_fd_sc_hd__clkbuf_8)
    13    0.059228    0.112479    0.212100    0.539589 ^ clkbuf_4_11_0_clk/X (sky130_fd_sc_hd__clkbuf_8)
                                                         clknet_4_11_0_clk (net)
                      0.112549    0.002581    0.542170 ^ _3073_/CLK (sky130_fd_sc_hd__dfrtp_2)
                                  0.500000    1.042170   clock uncertainty
                                  0.000000    1.042170   clock reconvergence pessimism
                                 -0.026526    1.015644   library hold time
                                              1.015644   data required time
---------------------------------------------------------------------------------------------
                                              1.015644   data required time
                                             -2.034934   data arrival time
---------------------------------------------------------------------------------------------
                                              1.019290   slack (MET)


Startpoint: _3082_ (rising edge-triggered flip-flop clocked by clk)
Endpoint: _3130_ (rising edge-triggered flip-flop clocked by clk)
Path Group: clk
Path Type: min

Fanout         Cap        Slew       Delay        Time   Description
---------------------------------------------------------------------------------------------
                                  0.000000    0.000000   clock clk (rise edge)
                                  0.000000    0.000000   clock source latency
     1    0.027657    0.129514    0.090739    0.090739 ^ clk (in)
                                                         clk (net)
                      0.129618    0.000000    0.090739 ^ clkbuf_0_clk/A (sky130_fd_sc_hd__clkbuf_16)
    16    0.122912    0.136331    0.228671    0.319410 ^ clkbuf_0_clk/X (sky130_fd_sc_hd__clkbuf_16)
                                                         clknet_0_clk (net)
                      0.136864    0.006872    0.326283 ^ clkbuf_4_7_0_clk/A (sky130_fd_sc_hd__clkbuf_8)
    17    0.070425    0.131162    0.223806    0.550088 ^ clkbuf_4_7_0_clk/X (sky130_fd_sc_hd__clkbuf_8)
                                                         clknet_4_7_0_clk (net)
                      0.131636    0.006414    0.556503 ^ _3082_/CLK (sky130_fd_sc_hd__dfrtp_4)
    22    0.112093    0.322417    0.648331    1.204834 ^ _3082_/Q (sky130_fd_sc_hd__dfrtp_4)
                                                         acc_reg[3] (net)
                      0.322455    0.003860    1.208694 ^ _2084_/B2 (sky130_fd_sc_hd__a221o_1)
     1    0.004018    0.054424    0.203259    1.411953 ^ _2084_/X (sky130_fd_sc_hd__a221o_1)
                                                         _0482_ (net)
                      0.054424    0.000263    1.412215 ^ _2085_/B2 (sky130_fd_sc_hd__o22a_1)
     1    0.002610    0.039803    0.109705    1.521920 ^ _2085_/X (sky130_fd_sc_hd__o22a_1)
                                                         _0226_ (net)
                      0.039804    0.000196    1.522116 ^ hold50/A (sky130_fd_sc_hd__dlygate4sd3_1)
     1    0.003029    0.054861    0.535265    2.057381 ^ hold50/X (sky130_fd_sc_hd__dlygate4sd3_1)
                                                         net55 (net)
                      0.054861    0.000194    2.057575 ^ _3130_/D (sky130_fd_sc_hd__dfrtp_1)
                                              2.057575   data arrival time

                                  0.000000    0.000000   clock clk (rise edge)
                                  0.000000    0.000000   clock source latency
     1    0.027657    0.129514    0.090739    0.090739 ^ clk (in)
                                                         clk (net)
                      0.129618    0.000000    0.090739 ^ clkbuf_0_clk/A (sky130_fd_sc_hd__clkbuf_16)
    16    0.122912    0.136331    0.228671    0.319410 ^ clkbuf_0_clk/X (sky130_fd_sc_hd__clkbuf_16)
                                                         clknet_0_clk (net)
                      0.136864    0.006872    0.326283 ^ clkbuf_4_7_0_clk/A (sky130_fd_sc_hd__clkbuf_8)
    17    0.070425    0.131162    0.223806    0.550088 ^ clkbuf_4_7_0_clk/X (sky130_fd_sc_hd__clkbuf_8)
                                                         clknet_4_7_0_clk (net)
                      0.131609    0.006235    0.556323 ^ _3130_/CLK (sky130_fd_sc_hd__dfrtp_1)
                                  0.500000    1.056323   clock uncertainty
                                  0.000000    1.056323   clock reconvergence pessimism
                                 -0.024975    1.031348   library hold time
                                              1.031348   data required time
---------------------------------------------------------------------------------------------
                                              1.031348   data required time
                                             -2.057575   data arrival time
---------------------------------------------------------------------------------------------
                                              1.026227   slack (MET)


Startpoint: _3156_ (rising edge-triggered flip-flop clocked by clk)
Endpoint: _3091_ (rising edge-triggered flip-flop clocked by clk)
Path Group: clk
Path Type: min

Fanout         Cap        Slew       Delay        Time   Description
---------------------------------------------------------------------------------------------
                                  0.000000    0.000000   clock clk (rise edge)
                                  0.000000    0.000000   clock source latency
     1    0.027657    0.129514    0.090739    0.090739 ^ clk (in)
                                                         clk (net)
                      0.129618    0.000000    0.090739 ^ clkbuf_0_clk/A (sky130_fd_sc_hd__clkbuf_16)
    16    0.122912    0.136331    0.228671    0.319410 ^ clkbuf_0_clk/X (sky130_fd_sc_hd__clkbuf_16)
                                                         clknet_0_clk (net)
                      0.137305    0.009201    0.328612 ^ clkbuf_4_1_0_clk/A (sky130_fd_sc_hd__clkbuf_8)
    16    0.071217    0.132356    0.225099    0.553711 ^ clkbuf_4_1_0_clk/X (sky130_fd_sc_hd__clkbuf_8)
                                                         clknet_4_1_0_clk (net)
                      0.132521    0.003031    0.556742 ^ _3156_/CLK (sky130_fd_sc_hd__dfrtp_4)
    13    0.084724    0.252238    0.597215    1.153957 ^ _3156_/Q (sky130_fd_sc_hd__dfrtp_4)
                                                         state[4] (net)
                      0.252660    0.009069    1.163026 ^ _2019_/C1 (sky130_fd_sc_hd__o211a_1)
     2    0.010130    0.095080    0.232645    1.395670 ^ _2019_/X (sky130_fd_sc_hd__o211a_1)
                                                         _0426_ (net)
                      0.095083    0.000668    1.396338 ^ _2149_/B2 (sky130_fd_sc_hd__o22a_1)
     1    0.002126    0.036200    0.119198    1.515537 ^ _2149_/X (sky130_fd_sc_hd__o22a_1)
                                                         _0350_ (net)
                      0.036201    0.000097    1.515634 ^ hold267/A (sky130_fd_sc_hd__dlygate4sd3_1)
     1    0.002389    0.049402    0.528066    2.043700 ^ hold267/X (sky130_fd_sc_hd__dlygate4sd3_1)
                                                         net272 (net)
                      0.049402    0.000169    2.043869 ^ _3091_/D (sky130_fd_sc_hd__dfrtp_2)
                                              2.043869   data arrival time

                                  0.000000    0.000000   clock clk (rise edge)
                                  0.000000    0.000000   clock source latency
     1    0.027657    0.129514    0.090739    0.090739 ^ clk (in)
                                                         clk (net)
                      0.129618    0.000000    0.090739 ^ clkbuf_0_clk/A (sky130_fd_sc_hd__clkbuf_16)
    16    0.122912    0.136331    0.228671    0.319410 ^ clkbuf_0_clk/X (sky130_fd_sc_hd__clkbuf_16)
                                                         clknet_0_clk (net)
                      0.136901    0.007097    0.326508 ^ clkbuf_4_9_0_clk/A (sky130_fd_sc_hd__clkbuf_8)
     7    0.060185    0.114583    0.212457    0.538964 ^ clkbuf_4_9_0_clk/X (sky130_fd_sc_hd__clkbuf_8)
                                                         clknet_4_9_0_clk (net)
                      0.114810    0.003656    0.542620 ^ _3091_/CLK (sky130_fd_sc_hd__dfrtp_2)
                                  0.500000    1.042620   clock uncertainty
                                  0.000000    1.042620   clock reconvergence pessimism
                                 -0.026042    1.016578   library hold time
                                              1.016578   data required time
---------------------------------------------------------------------------------------------
                                              1.016578   data required time
                                             -2.043869   data arrival time
---------------------------------------------------------------------------------------------
                                              1.027291   slack (MET)


Startpoint: _3014_ (rising edge-triggered flip-flop clocked by clk)
Endpoint: _3083_ (rising edge-triggered flip-flop clocked by clk)
Path Group: clk
Path Type: min

Fanout         Cap        Slew       Delay        Time   Description
---------------------------------------------------------------------------------------------
                                  0.000000    0.000000   clock clk (rise edge)
                                  0.000000    0.000000   clock source latency
     1    0.027657    0.129514    0.090739    0.090739 ^ clk (in)
                                                         clk (net)
                      0.129618    0.000000    0.090739 ^ clkbuf_0_clk/A (sky130_fd_sc_hd__clkbuf_16)
    16    0.122912    0.136331    0.228671    0.319410 ^ clkbuf_0_clk/X (sky130_fd_sc_hd__clkbuf_16)
                                                         clknet_0_clk (net)
                      0.137207    0.008737    0.328148 ^ clkbuf_4_2_0_clk/A (sky130_fd_sc_hd__clkbuf_8)
    18    0.073380    0.135996    0.226742    0.554890 ^ clkbuf_4_2_0_clk/X (sky130_fd_sc_hd__clkbuf_8)
                                                         clknet_4_2_0_clk (net)
                      0.136677    0.007811    0.562701 ^ _3014_/CLK (sky130_fd_sc_hd__dfrtp_1)
     3    0.011863    0.115592    0.407287    0.969988 ^ _3014_/Q (sky130_fd_sc_hd__dfrtp_1)
                                                         div_quotient[4] (net)
                      0.115598    0.000964    0.970951 ^ _2076_/A1 (sky130_fd_sc_hd__a22o_1)
     1    0.014489    0.147758    0.225344    1.196295 ^ _2076_/X (sky130_fd_sc_hd__a22o_1)
                                                         _0475_ (net)
                      0.147770    0.001444    1.197739 ^ _2077_/A2 (sky130_fd_sc_hd__o21a_1)
     2    0.011167    0.113424    0.180491    1.378230 ^ _2077_/X (sky130_fd_sc_hd__o21a_1)
                                                         _0476_ (net)
                      0.113429    0.000932    1.379163 ^ _2157_/A1 (sky130_fd_sc_hd__mux2_1)
     1    0.002559    0.039469    0.138504    1.517666 ^ _2157_/X (sky130_fd_sc_hd__mux2_1)
                                                         _0342_ (net)
                      0.039469    0.000167    1.517833 ^ hold308/A (sky130_fd_sc_hd__dlygate4sd3_1)
     1    0.002769    0.052607    0.532697    2.050530 ^ hold308/X (sky130_fd_sc_hd__dlygate4sd3_1)
                                                         net313 (net)
                      0.052607    0.000203    2.050732 ^ _3083_/D (sky130_fd_sc_hd__dfrtp_4)
                                              2.050732   data arrival time

                                  0.000000    0.000000   clock clk (rise edge)
                                  0.000000    0.000000   clock source latency
     1    0.027657    0.129514    0.090739    0.090739 ^ clk (in)
                                                         clk (net)
                      0.129618    0.000000    0.090739 ^ clkbuf_0_clk/A (sky130_fd_sc_hd__clkbuf_16)
    16    0.122912    0.136331    0.228671    0.319410 ^ clkbuf_0_clk/X (sky130_fd_sc_hd__clkbuf_16)
                                                         clknet_0_clk (net)
                      0.136820    0.006591    0.326001 ^ clkbuf_4_5_0_clk/A (sky130_fd_sc_hd__clkbuf_8)
    10    0.064582    0.121004    0.218024    0.544025 ^ clkbuf_4_5_0_clk/X (sky130_fd_sc_hd__clkbuf_8)
                                                         clknet_4_5_0_clk (net)
                      0.121225    0.003681    0.547706 ^ _3083_/CLK (sky130_fd_sc_hd__dfrtp_4)
                                  0.500000    1.047706   clock uncertainty
                                  0.000000    1.047706   clock reconvergence pessimism
                                 -0.025928    1.021778   library hold time
                                              1.021778   data required time
---------------------------------------------------------------------------------------------
                                              1.021778   data required time
                                             -2.050732   data arrival time
---------------------------------------------------------------------------------------------
                                              1.028955   slack (MET)


Startpoint: _3045_ (rising edge-triggered flip-flop clocked by clk)
Endpoint: _3065_ (rising edge-triggered flip-flop clocked by clk)
Path Group: clk
Path Type: min

Fanout         Cap        Slew       Delay        Time   Description
---------------------------------------------------------------------------------------------
                                  0.000000    0.000000   clock clk (rise edge)
                                  0.000000    0.000000   clock source latency
     1    0.027657    0.129514    0.090739    0.090739 ^ clk (in)
                                                         clk (net)
                      0.129618    0.000000    0.090739 ^ clkbuf_0_clk/A (sky130_fd_sc_hd__clkbuf_16)
    16    0.122912    0.136331    0.228671    0.319410 ^ clkbuf_0_clk/X (sky130_fd_sc_hd__clkbuf_16)
                                                         clknet_0_clk (net)
                      0.137235    0.008873    0.328283 ^ clkbuf_4_13_0_clk/A (sky130_fd_sc_hd__clkbuf_8)
    10    0.065260    0.122759    0.218345    0.546628 ^ clkbuf_4_13_0_clk/X (sky130_fd_sc_hd__clkbuf_8)
                                                         clknet_4_13_0_clk (net)
                      0.123073    0.004621    0.551249 ^ _3045_/CLK (sky130_fd_sc_hd__dfrtp_1)
     3    0.010748    0.106429    0.396549    0.947798 ^ _3045_/Q (sky130_fd_sc_hd__dfrtp_1)
                                                         my_sum_sub.al_ma[4] (net)
                      0.106431    0.000646    0.948444 ^ _2215_/B (sky130_fd_sc_hd__nand2_1)
     1    0.003876    0.042894    0.070072    1.018515 v _2215_/Y (sky130_fd_sc_hd__nand2_1)
                                                         _0550_ (net)
                      0.042896    0.000292    1.018808 v _2224_/B1 (sky130_fd_sc_hd__o21a_1)
     2    0.007612    0.052609    0.119760    1.138568 v _2224_/X (sky130_fd_sc_hd__o21a_1)
                                                         _0559_ (net)
                      0.052612    0.000467    1.139035 v _2247_/A2 (sky130_fd_sc_hd__o21ai_1)
     1    0.005028    0.100202    0.142718    1.281753 ^ _2247_/Y (sky130_fd_sc_hd__o21ai_1)
                                                         _0579_ (net)
                      0.100202    0.000239    1.281993 ^ _2248_/B (sky130_fd_sc_hd__xnor2_1)
     1    0.003184    0.053283    0.123596    1.405589 ^ _2248_/Y (sky130_fd_sc_hd__xnor2_1)
                                                         _0580_ (net)
                      0.053283    0.000226    1.405815 ^ _2249_/A1 (sky130_fd_sc_hd__mux2_1)
     1    0.003195    0.044448    0.123110    1.528925 ^ _2249_/X (sky130_fd_sc_hd__mux2_1)
                                                         _0324_ (net)
                      0.044448    0.000197    1.529122 ^ hold270/A (sky130_fd_sc_hd__dlygate4sd3_1)
     1    0.002181    0.047899    0.528800    2.057922 ^ hold270/X (sky130_fd_sc_hd__dlygate4sd3_1)
                                                         net275 (net)
                      0.047899    0.000159    2.058081 ^ _3065_/D (sky130_fd_sc_hd__dfrtp_2)
                                              2.058081   data arrival time

                                  0.000000    0.000000   clock clk (rise edge)
                                  0.000000    0.000000   clock source latency
     1    0.027657    0.129514    0.090739    0.090739 ^ clk (in)
                                                         clk (net)
                      0.129618    0.000000    0.090739 ^ clkbuf_0_clk/A (sky130_fd_sc_hd__clkbuf_16)
    16    0.122912    0.136331    0.228671    0.319410 ^ clkbuf_0_clk/X (sky130_fd_sc_hd__clkbuf_16)
                                                         clknet_0_clk (net)
                      0.137236    0.008877    0.328287 ^ clkbuf_4_15_0_clk/A (sky130_fd_sc_hd__clkbuf_8)
    13    0.066123    0.124153    0.219272    0.547559 ^ clkbuf_4_15_0_clk/X (sky130_fd_sc_hd__clkbuf_8)
                                                         clknet_4_15_0_clk (net)
                      0.124551    0.005301    0.552860 ^ _3065_/CLK (sky130_fd_sc_hd__dfrtp_2)
                                  0.500000    1.052860   clock uncertainty
                                  0.000000    1.052860   clock reconvergence pessimism
                                 -0.024401    1.028459   library hold time
                                              1.028459   data required time
---------------------------------------------------------------------------------------------
                                              1.028459   data required time
                                             -2.058081   data arrival time
---------------------------------------------------------------------------------------------
                                              1.029622   slack (MET)


Startpoint: _3077_ (rising edge-triggered flip-flop clocked by clk)
Endpoint: _3031_ (rising edge-triggered flip-flop clocked by clk)
Path Group: clk
Path Type: min

Fanout         Cap        Slew       Delay        Time   Description
---------------------------------------------------------------------------------------------
                                  0.000000    0.000000   clock clk (rise edge)
                                  0.000000    0.000000   clock source latency
     1    0.027657    0.129514    0.090739    0.090739 ^ clk (in)
                                                         clk (net)
                      0.129618    0.000000    0.090739 ^ clkbuf_0_clk/A (sky130_fd_sc_hd__clkbuf_16)
    16    0.122912    0.136331    0.228671    0.319410 ^ clkbuf_0_clk/X (sky130_fd_sc_hd__clkbuf_16)
                                                         clknet_0_clk (net)
                      0.137076    0.008079    0.327489 ^ clkbuf_4_11_0_clk/A (sky130_fd_sc_hd__clkbuf_8)
    13    0.059228    0.112479    0.212100    0.539589 ^ clkbuf_4_11_0_clk/X (sky130_fd_sc_hd__clkbuf_8)
                                                         clknet_4_11_0_clk (net)
                      0.112545    0.002513    0.542103 ^ _3077_/CLK (sky130_fd_sc_hd__dfrtp_1)
     4    0.011480    0.112407    0.397136    0.939239 ^ _3077_/Q (sky130_fd_sc_hd__dfrtp_1)
                                                         my_sum_sub.cm_exp[7] (net)
                      0.112408    0.000566    0.939805 ^ _2622_/A1_N (sky130_fd_sc_hd__a2bb2o_1)
     3    0.020551    0.128686    0.382693    1.322499 v _2622_/X (sky130_fd_sc_hd__a2bb2o_1)
                                                         _0921_ (net)
                      0.128750    0.002639    1.325138 v _2623_/A (sky130_fd_sc_hd__inv_2)
     1    0.003907    0.043188    0.073737    1.398875 ^ _2623_/Y (sky130_fd_sc_hd__inv_2)
                                                         _0922_ (net)
                      0.043189    0.000251    1.399126 ^ _2661_/B1 (sky130_fd_sc_hd__a22o_1)
     1    0.002623    0.041734    0.108717    1.507843 ^ _2661_/X (sky130_fd_sc_hd__a22o_1)
                                                         _0290_ (net)
                      0.041735    0.000171    1.508015 ^ hold121/A (sky130_fd_sc_hd__dlygate4sd3_1)
     1    0.003711    0.061236    0.541752    2.049767 ^ hold121/X (sky130_fd_sc_hd__dlygate4sd3_1)
                                                         net126 (net)
                      0.061236    0.000229    2.049996 ^ _3031_/D (sky130_fd_sc_hd__dfrtp_1)
                                              2.049996   data arrival time

                                  0.000000    0.000000   clock clk (rise edge)
                                  0.000000    0.000000   clock source latency
     1    0.027657    0.129514    0.090739    0.090739 ^ clk (in)
                                                         clk (net)
                      0.129618    0.000000    0.090739 ^ clkbuf_0_clk/A (sky130_fd_sc_hd__clkbuf_16)
    16    0.122912    0.136331    0.228671    0.319410 ^ clkbuf_0_clk/X (sky130_fd_sc_hd__clkbuf_16)
                                                         clknet_0_clk (net)
                      0.137109    0.008249    0.327659 ^ clkbuf_4_3_0_clk/A (sky130_fd_sc_hd__clkbuf_8)
    11    0.060066    0.113828    0.212789    0.540448 ^ clkbuf_4_3_0_clk/X (sky130_fd_sc_hd__clkbuf_8)
                                                         clknet_4_3_0_clk (net)
                      0.113909    0.002774    0.543222 ^ _3031_/CLK (sky130_fd_sc_hd__dfrtp_1)
                                  0.500000    1.043222   clock uncertainty
                                  0.000000    1.043222   clock reconvergence pessimism
                                 -0.028723    1.014499   library hold time
                                              1.014499   data required time
---------------------------------------------------------------------------------------------
                                              1.014499   data required time
                                             -2.049996   data arrival time
---------------------------------------------------------------------------------------------
                                              1.035497   slack (MET)


Startpoint: _3084_ (rising edge-triggered flip-flop clocked by clk)
Endpoint: _3046_ (rising edge-triggered flip-flop clocked by clk)
Path Group: clk
Path Type: min

Fanout         Cap        Slew       Delay        Time   Description
---------------------------------------------------------------------------------------------
                                  0.000000    0.000000   clock clk (rise edge)
                                  0.000000    0.000000   clock source latency
     1    0.027657    0.129514    0.090739    0.090739 ^ clk (in)
                                                         clk (net)
                      0.129618    0.000000    0.090739 ^ clkbuf_0_clk/A (sky130_fd_sc_hd__clkbuf_16)
    16    0.122912    0.136331    0.228671    0.319410 ^ clkbuf_0_clk/X (sky130_fd_sc_hd__clkbuf_16)
                                                         clknet_0_clk (net)
                      0.136864    0.006872    0.326283 ^ clkbuf_4_7_0_clk/A (sky130_fd_sc_hd__clkbuf_8)
    17    0.070425    0.131162    0.223806    0.550088 ^ clkbuf_4_7_0_clk/X (sky130_fd_sc_hd__clkbuf_8)
                                                         clknet_4_7_0_clk (net)
                      0.131342    0.004016    0.554104 ^ _3084_/CLK (sky130_fd_sc_hd__dfrtp_4)
    23    0.110881    0.321118    0.643136    1.197240 ^ _3084_/Q (sky130_fd_sc_hd__dfrtp_4)
                                                         acc_reg[5] (net)
                      0.323412    0.021859    1.219100 ^ _2371_/A (sky130_fd_sc_hd__and3_1)
     1    0.004002    0.061722    0.217051    1.436151 ^ _2371_/X (sky130_fd_sc_hd__and3_1)
                                                         _0684_ (net)
                      0.061722    0.000175    1.436326 ^ _2372_/C1 (sky130_fd_sc_hd__a221o_1)
     1    0.002530    0.039126    0.099396    1.535722 ^ _2372_/X (sky130_fd_sc_hd__a221o_1)
                                                         _0305_ (net)
                      0.039126    0.000163    1.535885 ^ hold207/A (sky130_fd_sc_hd__dlygate4sd3_1)
     1    0.002497    0.050307    0.530034    2.065919 ^ hold207/X (sky130_fd_sc_hd__dlygate4sd3_1)
                                                         net212 (net)
                      0.050307    0.000182    2.066101 ^ _3046_/D (sky130_fd_sc_hd__dfrtp_1)
                                              2.066101   data arrival time

                                  0.000000    0.000000   clock clk (rise edge)
                                  0.000000    0.000000   clock source latency
     1    0.027657    0.129514    0.090739    0.090739 ^ clk (in)
                                                         clk (net)
                      0.129618    0.000000    0.090739 ^ clkbuf_0_clk/A (sky130_fd_sc_hd__clkbuf_16)
    16    0.122912    0.136331    0.228671    0.319410 ^ clkbuf_0_clk/X (sky130_fd_sc_hd__clkbuf_16)
                                                         clknet_0_clk (net)
                      0.137236    0.008877    0.328287 ^ clkbuf_4_15_0_clk/A (sky130_fd_sc_hd__clkbuf_8)
    13    0.066123    0.124153    0.219272    0.547559 ^ clkbuf_4_15_0_clk/X (sky130_fd_sc_hd__clkbuf_8)
                                                         clknet_4_15_0_clk (net)
                      0.124382    0.003804    0.551363 ^ _3046_/CLK (sky130_fd_sc_hd__dfrtp_1)
                                  0.500000    1.051363   clock uncertainty
                                  0.000000    1.051363   clock reconvergence pessimism
                                 -0.025019    1.026344   library hold time
                                              1.026344   data required time
---------------------------------------------------------------------------------------------
                                              1.026344   data required time
                                             -2.066101   data arrival time
---------------------------------------------------------------------------------------------
                                              1.039757   slack (MET)


Startpoint: _3159_ (rising edge-triggered flip-flop clocked by clk)
Endpoint: _3161_ (rising edge-triggered flip-flop clocked by clk)
Path Group: clk
Path Type: min

Fanout         Cap        Slew       Delay        Time   Description
---------------------------------------------------------------------------------------------
                                  0.000000    0.000000   clock clk (rise edge)
                                  0.000000    0.000000   clock source latency
     1    0.027657    0.129514    0.090739    0.090739 ^ clk (in)
                                                         clk (net)
                      0.129618    0.000000    0.090739 ^ clkbuf_0_clk/A (sky130_fd_sc_hd__clkbuf_16)
    16    0.122912    0.136331    0.228671    0.319410 ^ clkbuf_0_clk/X (sky130_fd_sc_hd__clkbuf_16)
                                                         clknet_0_clk (net)
                      0.137219    0.008798    0.328209 ^ clkbuf_4_14_0_clk/A (sky130_fd_sc_hd__clkbuf_8)
    11    0.071062    0.131314    0.226348    0.554557 ^ clkbuf_4_14_0_clk/X (sky130_fd_sc_hd__clkbuf_8)
                                                         clknet_4_14_0_clk (net)
                      0.131336    0.001721    0.556278 ^ _3159_/CLK (sky130_fd_sc_hd__dfrtp_4)
     7    0.034770    0.099575    0.553540    1.109818 v _3159_/Q (sky130_fd_sc_hd__dfrtp_4)
                                                         my_sum_sub.state[1] (net)
                      0.099715    0.002436    1.112254 v hold122/A (sky130_fd_sc_hd__dlygate4sd3_1)
    15    0.071596    0.346549    0.851296    1.963550 v hold122/X (sky130_fd_sc_hd__dlygate4sd3_1)
                                                         net127 (net)
                      0.346575    0.003253    1.966803 v _3161_/D (sky130_fd_sc_hd__dfrtp_4)
                                              1.966803   data arrival time

                                  0.000000    0.000000   clock clk (rise edge)
                                  0.000000    0.000000   clock source latency
     1    0.027657    0.129514    0.090739    0.090739 ^ clk (in)
                                                         clk (net)
                      0.129618    0.000000    0.090739 ^ clkbuf_0_clk/A (sky130_fd_sc_hd__clkbuf_16)
    16    0.122912    0.136331    0.228671    0.319410 ^ clkbuf_0_clk/X (sky130_fd_sc_hd__clkbuf_16)
                                                         clknet_0_clk (net)
                      0.137219    0.008798    0.328209 ^ clkbuf_4_14_0_clk/A (sky130_fd_sc_hd__clkbuf_8)
    11    0.071062    0.131314    0.226348    0.554557 ^ clkbuf_4_14_0_clk/X (sky130_fd_sc_hd__clkbuf_8)
                                                         clknet_4_14_0_clk (net)
                      0.131344    0.001949    0.556505 ^ _3161_/CLK (sky130_fd_sc_hd__dfrtp_4)
                                  0.500000    1.056505   clock uncertainty
                                  0.000000    1.056505   clock reconvergence pessimism
                                 -0.144432    0.912073   library hold time
                                              0.912073   data required time
---------------------------------------------------------------------------------------------
                                              0.912073   data required time
                                             -1.966803   data arrival time
---------------------------------------------------------------------------------------------
                                              1.054730   slack (MET)


Startpoint: _3091_ (rising edge-triggered flip-flop clocked by clk)
Endpoint: _3048_ (rising edge-triggered flip-flop clocked by clk)
Path Group: clk
Path Type: min

Fanout         Cap        Slew       Delay        Time   Description
---------------------------------------------------------------------------------------------
                                  0.000000    0.000000   clock clk (rise edge)
                                  0.000000    0.000000   clock source latency
     1    0.027657    0.129514    0.090739    0.090739 ^ clk (in)
                                                         clk (net)
                      0.129618    0.000000    0.090739 ^ clkbuf_0_clk/A (sky130_fd_sc_hd__clkbuf_16)
    16    0.122912    0.136331    0.228671    0.319410 ^ clkbuf_0_clk/X (sky130_fd_sc_hd__clkbuf_16)
                                                         clknet_0_clk (net)
                      0.136901    0.007097    0.326508 ^ clkbuf_4_9_0_clk/A (sky130_fd_sc_hd__clkbuf_8)
     7    0.060185    0.114583    0.212457    0.538964 ^ clkbuf_4_9_0_clk/X (sky130_fd_sc_hd__clkbuf_8)
                                                         clknet_4_9_0_clk (net)
                      0.114810    0.003656    0.542620 ^ _3091_/CLK (sky130_fd_sc_hd__dfrtp_2)
     8    0.026681    0.140399    0.448307    0.990928 ^ _3091_/Q (sky130_fd_sc_hd__dfrtp_2)
                                                         acc_reg[12] (net)
                      0.140417    0.001642    0.992569 ^ _1954_/C (sky130_fd_sc_hd__or4_1)
     1    0.003013    0.040269    0.128288    1.120857 ^ _1954_/X (sky130_fd_sc_hd__or4_1)
                                                         _0363_ (net)
                      0.040269    0.000214    1.121070 ^ _1955_/B (sky130_fd_sc_hd__or2_4)
    16    0.081857    0.249260    0.257334    1.378405 ^ _1955_/X (sky130_fd_sc_hd__or2_4)
                                                         _0364_ (net)
                      0.250085    0.011687    1.390092 ^ _2366_/B1 (sky130_fd_sc_hd__a22o_1)
     1    0.002580    0.041392    0.163814    1.553906 ^ _2366_/X (sky130_fd_sc_hd__a22o_1)
                                                         _0307_ (net)
                      0.041392    0.000163    1.554070 ^ hold203/A (sky130_fd_sc_hd__dlygate4sd3_1)
     1    0.002471    0.050087    0.530530    2.084600 ^ hold203/X (sky130_fd_sc_hd__dlygate4sd3_1)
                                                         net208 (net)
                      0.050087    0.000169    2.084769 ^ _3048_/D (sky130_fd_sc_hd__dfrtp_1)
                                              2.084769   data arrival time

                                  0.000000    0.000000   clock clk (rise edge)
                                  0.000000    0.000000   clock source latency
     1    0.027657    0.129514    0.090739    0.090739 ^ clk (in)
                                                         clk (net)
                      0.129618    0.000000    0.090739 ^ clkbuf_0_clk/A (sky130_fd_sc_hd__clkbuf_16)
    16    0.122912    0.136331    0.228671    0.319410 ^ clkbuf_0_clk/X (sky130_fd_sc_hd__clkbuf_16)
                                                         clknet_0_clk (net)
                      0.137235    0.008873    0.328283 ^ clkbuf_4_13_0_clk/A (sky130_fd_sc_hd__clkbuf_8)
    10    0.065260    0.122759    0.218345    0.546628 ^ clkbuf_4_13_0_clk/X (sky130_fd_sc_hd__clkbuf_8)
                                                         clknet_4_13_0_clk (net)
                      0.123144    0.005189    0.551817 ^ _3048_/CLK (sky130_fd_sc_hd__dfrtp_1)
                                  0.500000    1.051817   clock uncertainty
                                  0.000000    1.051817   clock reconvergence pessimism
                                 -0.025142    1.026675   library hold time
                                              1.026675   data required time
---------------------------------------------------------------------------------------------
                                              1.026675   data required time
                                             -2.084769   data arrival time
---------------------------------------------------------------------------------------------
                                              1.058095   slack (MET)


Startpoint: _3156_ (rising edge-triggered flip-flop clocked by clk)
Endpoint: _3092_ (rising edge-triggered flip-flop clocked by clk)
Path Group: clk
Path Type: min

Fanout         Cap        Slew       Delay        Time   Description
---------------------------------------------------------------------------------------------
                                  0.000000    0.000000   clock clk (rise edge)
                                  0.000000    0.000000   clock source latency
     1    0.027657    0.129514    0.090739    0.090739 ^ clk (in)
                                                         clk (net)
                      0.129618    0.000000    0.090739 ^ clkbuf_0_clk/A (sky130_fd_sc_hd__clkbuf_16)
    16    0.122912    0.136331    0.228671    0.319410 ^ clkbuf_0_clk/X (sky130_fd_sc_hd__clkbuf_16)
                                                         clknet_0_clk (net)
                      0.137305    0.009201    0.328612 ^ clkbuf_4_1_0_clk/A (sky130_fd_sc_hd__clkbuf_8)
    16    0.071217    0.132356    0.225099    0.553711 ^ clkbuf_4_1_0_clk/X (sky130_fd_sc_hd__clkbuf_8)
                                                         clknet_4_1_0_clk (net)
                      0.132521    0.003031    0.556742 ^ _3156_/CLK (sky130_fd_sc_hd__dfrtp_4)
    13    0.081372    0.152525    0.615734    1.172476 v _3156_/Q (sky130_fd_sc_hd__dfrtp_4)
                                                         state[4] (net)
                      0.153106    0.008061    1.180537 v _2010_/C1 (sky130_fd_sc_hd__o221a_1)
     2    0.009244    0.064798    0.192231    1.372769 v _2010_/X (sky130_fd_sc_hd__o221a_1)
                                                         _0418_ (net)
                      0.064798    0.000286    1.373055 v _2148_/B2 (sky130_fd_sc_hd__o22a_1)
     1    0.003382    0.039596    0.163419    1.536474 v _2148_/X (sky130_fd_sc_hd__o22a_1)
                                                         _0351_ (net)
                      0.039596    0.000261    1.536735 v hold254/A (sky130_fd_sc_hd__dlygate4sd3_1)
     1    0.002374    0.050560    0.542166    2.078901 v hold254/X (sky130_fd_sc_hd__dlygate4sd3_1)
                                                         net259 (net)
                      0.050560    0.000171    2.079072 v _3092_/D (sky130_fd_sc_hd__dfrtp_2)
                                              2.079072   data arrival time

                                  0.000000    0.000000   clock clk (rise edge)
                                  0.000000    0.000000   clock source latency
     1    0.027657    0.129514    0.090739    0.090739 ^ clk (in)
                                                         clk (net)
                      0.129618    0.000000    0.090739 ^ clkbuf_0_clk/A (sky130_fd_sc_hd__clkbuf_16)
    16    0.122912    0.136331    0.228671    0.319410 ^ clkbuf_0_clk/X (sky130_fd_sc_hd__clkbuf_16)
                                                         clknet_0_clk (net)
                      0.137109    0.008249    0.327659 ^ clkbuf_4_3_0_clk/A (sky130_fd_sc_hd__clkbuf_8)
    11    0.060066    0.113828    0.212789    0.540448 ^ clkbuf_4_3_0_clk/X (sky130_fd_sc_hd__clkbuf_8)
                                                         clknet_4_3_0_clk (net)
                      0.113904    0.002698    0.543145 ^ _3092_/CLK (sky130_fd_sc_hd__dfrtp_2)
                                  0.500000    1.043145   clock uncertainty
                                  0.000000    1.043145   clock reconvergence pessimism
                                 -0.028658    1.014488   library hold time
                                              1.014488   data required time
---------------------------------------------------------------------------------------------
                                              1.014488   data required time
                                             -2.079072   data arrival time
---------------------------------------------------------------------------------------------
                                              1.064584   slack (MET)


Startpoint: _2992_ (rising edge-triggered flip-flop clocked by clk)
Endpoint: _2992_ (rising edge-triggered flip-flop clocked by clk)
Path Group: clk
Path Type: min

Fanout         Cap        Slew       Delay        Time   Description
---------------------------------------------------------------------------------------------
                                  0.000000    0.000000   clock clk (rise edge)
                                  0.000000    0.000000   clock source latency
     1    0.027657    0.129514    0.090739    0.090739 ^ clk (in)
                                                         clk (net)
                      0.129618    0.000000    0.090739 ^ clkbuf_0_clk/A (sky130_fd_sc_hd__clkbuf_16)
    16    0.122912    0.136331    0.228671    0.319410 ^ clkbuf_0_clk/X (sky130_fd_sc_hd__clkbuf_16)
                                                         clknet_0_clk (net)
                      0.137207    0.008737    0.328148 ^ clkbuf_4_2_0_clk/A (sky130_fd_sc_hd__clkbuf_8)
    18    0.073380    0.135996    0.226742    0.554890 ^ clkbuf_4_2_0_clk/X (sky130_fd_sc_hd__clkbuf_8)
                                                         clknet_4_2_0_clk (net)
                      0.136711    0.007998    0.562888 ^ _2992_/CLK (sky130_fd_sc_hd__dfrtp_1)
     3    0.006438    0.073002    0.372770    0.935658 ^ _2992_/Q (sky130_fd_sc_hd__dfrtp_1)
                                                         my_divider.divisor_reg[3] (net)
                      0.073002    0.000203    0.935861 ^ hold69/A (sky130_fd_sc_hd__dlygate4sd3_1)
     1    0.001869    0.045773    0.534431    1.470292 ^ hold69/X (sky130_fd_sc_hd__dlygate4sd3_1)
                                                         net74 (net)
                      0.045773    0.000131    1.470423 ^ _2782_/A0 (sky130_fd_sc_hd__mux2_1)
     1    0.001957    0.035108    0.107898    1.578321 ^ _2782_/X (sky130_fd_sc_hd__mux2_1)
                                                         _0251_ (net)
                      0.035108    0.000091    1.578413 ^ hold70/A (sky130_fd_sc_hd__dlygate4sd3_1)
     1    0.002483    0.050185    0.528600    2.107013 ^ hold70/X (sky130_fd_sc_hd__dlygate4sd3_1)
                                                         net75 (net)
                      0.050185    0.000170    2.107183 ^ _2992_/D (sky130_fd_sc_hd__dfrtp_1)
                                              2.107183   data arrival time

                                  0.000000    0.000000   clock clk (rise edge)
                                  0.000000    0.000000   clock source latency
     1    0.027657    0.129514    0.090739    0.090739 ^ clk (in)
                                                         clk (net)
                      0.129618    0.000000    0.090739 ^ clkbuf_0_clk/A (sky130_fd_sc_hd__clkbuf_16)
    16    0.122912    0.136331    0.228671    0.319410 ^ clkbuf_0_clk/X (sky130_fd_sc_hd__clkbuf_16)
                                                         clknet_0_clk (net)
                      0.137207    0.008737    0.328148 ^ clkbuf_4_2_0_clk/A (sky130_fd_sc_hd__clkbuf_8)
    18    0.073380    0.135996    0.226742    0.554890 ^ clkbuf_4_2_0_clk/X (sky130_fd_sc_hd__clkbuf_8)
                                                         clknet_4_2_0_clk (net)
                      0.136711    0.007998    0.562888 ^ _2992_/CLK (sky130_fd_sc_hd__dfrtp_1)
                                  0.500000    1.062888   clock uncertainty
                                  0.000000    1.062888   clock reconvergence pessimism
                                 -0.023307    1.039581   library hold time
                                              1.039581   data required time
---------------------------------------------------------------------------------------------
                                              1.039581   data required time
                                             -2.107183   data arrival time
---------------------------------------------------------------------------------------------
                                              1.067602   slack (MET)


Startpoint: _3083_ (rising edge-triggered flip-flop clocked by clk)
Endpoint: _3045_ (rising edge-triggered flip-flop clocked by clk)
Path Group: clk
Path Type: min

Fanout         Cap        Slew       Delay        Time   Description
---------------------------------------------------------------------------------------------
                                  0.000000    0.000000   clock clk (rise edge)
                                  0.000000    0.000000   clock source latency
     1    0.027657    0.129514    0.090739    0.090739 ^ clk (in)
                                                         clk (net)
                      0.129618    0.000000    0.090739 ^ clkbuf_0_clk/A (sky130_fd_sc_hd__clkbuf_16)
    16    0.122912    0.136331    0.228671    0.319410 ^ clkbuf_0_clk/X (sky130_fd_sc_hd__clkbuf_16)
                                                         clknet_0_clk (net)
                      0.136820    0.006591    0.326001 ^ clkbuf_4_5_0_clk/A (sky130_fd_sc_hd__clkbuf_8)
    10    0.064582    0.121004    0.218024    0.544025 ^ clkbuf_4_5_0_clk/X (sky130_fd_sc_hd__clkbuf_8)
                                                         clknet_4_5_0_clk (net)
                      0.121225    0.003681    0.547706 ^ _3083_/CLK (sky130_fd_sc_hd__dfrtp_4)
    23    0.124981    0.358069    0.667586    1.215292 ^ _3083_/Q (sky130_fd_sc_hd__dfrtp_4)
                                                         acc_reg[4] (net)
                      0.359592    0.017931    1.233223 ^ _2373_/A (sky130_fd_sc_hd__and3_1)
     1    0.005233    0.071966    0.231695    1.464917 ^ _2373_/X (sky130_fd_sc_hd__and3_1)
                                                         _0685_ (net)
                      0.071966    0.000358    1.465275 ^ _2374_/C1 (sky130_fd_sc_hd__a221o_1)
     1    0.002388    0.038130    0.101753    1.567028 ^ _2374_/X (sky130_fd_sc_hd__a221o_1)
                                                         _0304_ (net)
                      0.038130    0.000166    1.567194 ^ hold205/A (sky130_fd_sc_hd__dlygate4sd3_1)
     1    0.002696    0.051984    0.531578    2.098771 ^ hold205/X (sky130_fd_sc_hd__dlygate4sd3_1)
                                                         net210 (net)
                      0.051984    0.000195    2.098966 ^ _3045_/D (sky130_fd_sc_hd__dfrtp_1)
                                              2.098966   data arrival time

                                  0.000000    0.000000   clock clk (rise edge)
                                  0.000000    0.000000   clock source latency
     1    0.027657    0.129514    0.090739    0.090739 ^ clk (in)
                                                         clk (net)
                      0.129618    0.000000    0.090739 ^ clkbuf_0_clk/A (sky130_fd_sc_hd__clkbuf_16)
    16    0.122912    0.136331    0.228671    0.319410 ^ clkbuf_0_clk/X (sky130_fd_sc_hd__clkbuf_16)
                                                         clknet_0_clk (net)
                      0.137235    0.008873    0.328283 ^ clkbuf_4_13_0_clk/A (sky130_fd_sc_hd__clkbuf_8)
    10    0.065260    0.122759    0.218345    0.546628 ^ clkbuf_4_13_0_clk/X (sky130_fd_sc_hd__clkbuf_8)
                                                         clknet_4_13_0_clk (net)
                      0.123073    0.004621    0.551249 ^ _3045_/CLK (sky130_fd_sc_hd__dfrtp_1)
                                  0.500000    1.051249   clock uncertainty
                                  0.000000    1.051249   clock reconvergence pessimism
                                 -0.025546    1.025703   library hold time
                                              1.025703   data required time
---------------------------------------------------------------------------------------------
                                              1.025703   data required time
                                             -2.098966   data arrival time
---------------------------------------------------------------------------------------------
                                              1.073264   slack (MET)


Startpoint: _3156_ (rising edge-triggered flip-flop clocked by clk)
Endpoint: _3086_ (rising edge-triggered flip-flop clocked by clk)
Path Group: clk
Path Type: min

Fanout         Cap        Slew       Delay        Time   Description
---------------------------------------------------------------------------------------------
                                  0.000000    0.000000   clock clk (rise edge)
                                  0.000000    0.000000   clock source latency
     1    0.027657    0.129514    0.090739    0.090739 ^ clk (in)
                                                         clk (net)
                      0.129618    0.000000    0.090739 ^ clkbuf_0_clk/A (sky130_fd_sc_hd__clkbuf_16)
    16    0.122912    0.136331    0.228671    0.319410 ^ clkbuf_0_clk/X (sky130_fd_sc_hd__clkbuf_16)
                                                         clknet_0_clk (net)
                      0.137305    0.009201    0.328612 ^ clkbuf_4_1_0_clk/A (sky130_fd_sc_hd__clkbuf_8)
    16    0.071217    0.132356    0.225099    0.553711 ^ clkbuf_4_1_0_clk/X (sky130_fd_sc_hd__clkbuf_8)
                                                         clknet_4_1_0_clk (net)
                      0.132521    0.003031    0.556742 ^ _3156_/CLK (sky130_fd_sc_hd__dfrtp_4)
    13    0.081372    0.152525    0.615734    1.172476 v _3156_/Q (sky130_fd_sc_hd__dfrtp_4)
                                                         state[4] (net)
                      0.153318    0.009287    1.181763 v _2054_/C1 (sky130_fd_sc_hd__o221a_1)
     2    0.012850    0.079464    0.206370    1.388133 v _2054_/X (sky130_fd_sc_hd__o221a_1)
                                                         _0456_ (net)
                      0.079470    0.000789    1.388922 v _2154_/B2 (sky130_fd_sc_hd__o22a_1)
     1    0.001942    0.032712    0.157820    1.546741 v _2154_/X (sky130_fd_sc_hd__o22a_1)
                                                         _0345_ (net)
                      0.032712    0.000134    1.546876 v hold299/A (sky130_fd_sc_hd__dlygate4sd3_1)
     1    0.002272    0.050229    0.538566    2.085442 v hold299/X (sky130_fd_sc_hd__dlygate4sd3_1)
                                                         net304 (net)
                      0.050229    0.000162    2.085603 v _3086_/D (sky130_fd_sc_hd__dfrtp_4)
                                              2.085603   data arrival time

                                  0.000000    0.000000   clock clk (rise edge)
                                  0.000000    0.000000   clock source latency
     1    0.027657    0.129514    0.090739    0.090739 ^ clk (in)
                                                         clk (net)
                      0.129618    0.000000    0.090739 ^ clkbuf_0_clk/A (sky130_fd_sc_hd__clkbuf_16)
    16    0.122912    0.136331    0.228671    0.319410 ^ clkbuf_0_clk/X (sky130_fd_sc_hd__clkbuf_16)
                                                         clknet_0_clk (net)
                      0.136766    0.006233    0.325643 ^ clkbuf_4_6_0_clk/A (sky130_fd_sc_hd__clkbuf_8)
    12    0.059333    0.113222    0.211382    0.537026 ^ clkbuf_4_6_0_clk/X (sky130_fd_sc_hd__clkbuf_8)
                                                         clknet_4_6_0_clk (net)
                      0.113412    0.003254    0.540279 ^ _3086_/CLK (sky130_fd_sc_hd__dfrtp_4)
                                  0.500000    1.040279   clock uncertainty
                                  0.000000    1.040279   clock reconvergence pessimism
                                 -0.028556    1.011723   library hold time
                                              1.011723   data required time
---------------------------------------------------------------------------------------------
                                              1.011723   data required time
                                             -2.085603   data arrival time
---------------------------------------------------------------------------------------------
                                              1.073880   slack (MET)


Startpoint: _2991_ (rising edge-triggered flip-flop clocked by clk)
Endpoint: _2991_ (rising edge-triggered flip-flop clocked by clk)
Path Group: clk
Path Type: min

Fanout         Cap        Slew       Delay        Time   Description
---------------------------------------------------------------------------------------------
                                  0.000000    0.000000   clock clk (rise edge)
                                  0.000000    0.000000   clock source latency
     1    0.027657    0.129514    0.090739    0.090739 ^ clk (in)
                                                         clk (net)
                      0.129618    0.000000    0.090739 ^ clkbuf_0_clk/A (sky130_fd_sc_hd__clkbuf_16)
    16    0.122912    0.136331    0.228671    0.319410 ^ clkbuf_0_clk/X (sky130_fd_sc_hd__clkbuf_16)
                                                         clknet_0_clk (net)
                      0.137091    0.008157    0.327568 ^ clkbuf_4_10_0_clk/A (sky130_fd_sc_hd__clkbuf_8)
    10    0.054057    0.104280    0.205777    0.533344 ^ clkbuf_4_10_0_clk/X (sky130_fd_sc_hd__clkbuf_8)
                                                         clknet_4_10_0_clk (net)
                      0.104335    0.002242    0.535586 ^ _2991_/CLK (sky130_fd_sc_hd__dfrtp_1)
     3    0.006709    0.075133    0.363429    0.899015 ^ _2991_/Q (sky130_fd_sc_hd__dfrtp_1)
                                                         my_divider.divisor_reg[2] (net)
                      0.075133    0.000319    0.899334 ^ hold65/A (sky130_fd_sc_hd__dlygate4sd3_1)
     1    0.001959    0.046379    0.535901    1.435235 ^ hold65/X (sky130_fd_sc_hd__dlygate4sd3_1)
                                                         net70 (net)
                      0.046379    0.000088    1.435324 ^ _2783_/A0 (sky130_fd_sc_hd__mux2_1)
     1    0.002780    0.041131    0.114682    1.550005 ^ _2783_/X (sky130_fd_sc_hd__mux2_1)
                                                         _0250_ (net)
                      0.041131    0.000171    1.550176 ^ hold66/A (sky130_fd_sc_hd__dlygate4sd3_1)
     1    0.003006    0.054646    0.535455    2.085632 ^ hold66/X (sky130_fd_sc_hd__dlygate4sd3_1)
                                                         net71 (net)
                      0.054646    0.000224    2.085855 ^ _2991_/D (sky130_fd_sc_hd__dfrtp_1)
                                              2.085855   data arrival time

                                  0.000000    0.000000   clock clk (rise edge)
                                  0.000000    0.000000   clock source latency
     1    0.027657    0.129514    0.090739    0.090739 ^ clk (in)
                                                         clk (net)
                      0.129618    0.000000    0.090739 ^ clkbuf_0_clk/A (sky130_fd_sc_hd__clkbuf_16)
    16    0.122912    0.136331    0.228671    0.319410 ^ clkbuf_0_clk/X (sky130_fd_sc_hd__clkbuf_16)
                                                         clknet_0_clk (net)
                      0.137091    0.008157    0.327568 ^ clkbuf_4_10_0_clk/A (sky130_fd_sc_hd__clkbuf_8)
    10    0.054057    0.104280    0.205777    0.533344 ^ clkbuf_4_10_0_clk/X (sky130_fd_sc_hd__clkbuf_8)
                                                         clknet_4_10_0_clk (net)
                      0.104335    0.002242    0.535586 ^ _2991_/CLK (sky130_fd_sc_hd__dfrtp_1)
                                  0.500000    1.035586   clock uncertainty
                                  0.000000    1.035586   clock reconvergence pessimism
                                 -0.028664    1.006922   library hold time
                                              1.006922   data required time
---------------------------------------------------------------------------------------------
                                              1.006922   data required time
                                             -2.085855   data arrival time
---------------------------------------------------------------------------------------------
                                              1.078933   slack (MET)


Startpoint: _3156_ (rising edge-triggered flip-flop clocked by clk)
Endpoint: _3093_ (rising edge-triggered flip-flop clocked by clk)
Path Group: clk
Path Type: min

Fanout         Cap        Slew       Delay        Time   Description
---------------------------------------------------------------------------------------------
                                  0.000000    0.000000   clock clk (rise edge)
                                  0.000000    0.000000   clock source latency
     1    0.027657    0.129514    0.090739    0.090739 ^ clk (in)
                                                         clk (net)
                      0.129618    0.000000    0.090739 ^ clkbuf_0_clk/A (sky130_fd_sc_hd__clkbuf_16)
    16    0.122912    0.136331    0.228671    0.319410 ^ clkbuf_0_clk/X (sky130_fd_sc_hd__clkbuf_16)
                                                         clknet_0_clk (net)
                      0.137305    0.009201    0.328612 ^ clkbuf_4_1_0_clk/A (sky130_fd_sc_hd__clkbuf_8)
    16    0.071217    0.132356    0.225099    0.553711 ^ clkbuf_4_1_0_clk/X (sky130_fd_sc_hd__clkbuf_8)
                                                         clknet_4_1_0_clk (net)
                      0.132521    0.003031    0.556742 ^ _3156_/CLK (sky130_fd_sc_hd__dfrtp_4)
    13    0.084724    0.252238    0.597215    1.153957 ^ _3156_/Q (sky130_fd_sc_hd__dfrtp_4)
                                                         state[4] (net)
                      0.252586    0.008321    1.162278 ^ _2003_/C1 (sky130_fd_sc_hd__o221a_1)
     2    0.009653    0.112552    0.270078    1.432356 ^ _2003_/X (sky130_fd_sc_hd__o221a_1)
                                                         _0412_ (net)
                      0.112552    0.000474    1.432830 ^ _2145_/A1 (sky130_fd_sc_hd__mux2_1)
     1    0.002549    0.039389    0.138117    1.570947 ^ _2145_/X (sky130_fd_sc_hd__mux2_1)
                                                         _0352_ (net)
                      0.039389    0.000171    1.571118 ^ hold291/A (sky130_fd_sc_hd__dlygate4sd3_1)
     1    0.002748    0.052425    0.532471    2.103589 ^ hold291/X (sky130_fd_sc_hd__dlygate4sd3_1)
                                                         net296 (net)
                      0.052425    0.000202    2.103792 ^ _3093_/D (sky130_fd_sc_hd__dfrtp_4)
                                              2.103792   data arrival time

                                  0.000000    0.000000   clock clk (rise edge)
                                  0.000000    0.000000   clock source latency
     1    0.027657    0.129514    0.090739    0.090739 ^ clk (in)
                                                         clk (net)
                      0.129618    0.000000    0.090739 ^ clkbuf_0_clk/A (sky130_fd_sc_hd__clkbuf_16)
    16    0.122912    0.136331    0.228671    0.319410 ^ clkbuf_0_clk/X (sky130_fd_sc_hd__clkbuf_16)
                                                         clknet_0_clk (net)
                      0.137109    0.008249    0.327659 ^ clkbuf_4_3_0_clk/A (sky130_fd_sc_hd__clkbuf_8)
    11    0.060066    0.113828    0.212789    0.540448 ^ clkbuf_4_3_0_clk/X (sky130_fd_sc_hd__clkbuf_8)
                                                         clknet_4_3_0_clk (net)
                      0.113886    0.002401    0.542849 ^ _3093_/CLK (sky130_fd_sc_hd__dfrtp_4)
                                  0.500000    1.042849   clock uncertainty
                                  0.000000    1.042849   clock reconvergence pessimism
                                 -0.026895    1.015954   library hold time
                                              1.015954   data required time
---------------------------------------------------------------------------------------------
                                              1.015954   data required time
                                             -2.103792   data arrival time
---------------------------------------------------------------------------------------------
                                              1.087838   slack (MET)


Startpoint: _3156_ (rising edge-triggered flip-flop clocked by clk)
Endpoint: _3089_ (rising edge-triggered flip-flop clocked by clk)
Path Group: clk
Path Type: min

Fanout         Cap        Slew       Delay        Time   Description
---------------------------------------------------------------------------------------------
                                  0.000000    0.000000   clock clk (rise edge)
                                  0.000000    0.000000   clock source latency
     1    0.027657    0.129514    0.090739    0.090739 ^ clk (in)
                                                         clk (net)
                      0.129618    0.000000    0.090739 ^ clkbuf_0_clk/A (sky130_fd_sc_hd__clkbuf_16)
    16    0.122912    0.136331    0.228671    0.319410 ^ clkbuf_0_clk/X (sky130_fd_sc_hd__clkbuf_16)
                                                         clknet_0_clk (net)
                      0.137305    0.009201    0.328612 ^ clkbuf_4_1_0_clk/A (sky130_fd_sc_hd__clkbuf_8)
    16    0.071217    0.132356    0.225099    0.553711 ^ clkbuf_4_1_0_clk/X (sky130_fd_sc_hd__clkbuf_8)
                                                         clknet_4_1_0_clk (net)
                      0.132521    0.003031    0.556742 ^ _3156_/CLK (sky130_fd_sc_hd__dfrtp_4)
    13    0.081372    0.152525    0.615734    1.172476 v _3156_/Q (sky130_fd_sc_hd__dfrtp_4)
                                                         state[4] (net)
                      0.153259    0.008963    1.181439 v _2034_/C1 (sky130_fd_sc_hd__o211a_1)
     2    0.015939    0.087825    0.205784    1.387223 v _2034_/X (sky130_fd_sc_hd__o211a_1)
                                                         _0439_ (net)
                      0.087856    0.001583    1.388806 v _2151_/B2 (sky130_fd_sc_hd__o22a_1)
     1    0.003153    0.038424    0.170939    1.559745 v _2151_/X (sky130_fd_sc_hd__o22a_1)
                                                         _0348_ (net)
                      0.038424    0.000184    1.559929 v hold262/A (sky130_fd_sc_hd__dlygate4sd3_1)
     1    0.003100    0.054959    0.548292    2.108221 v hold262/X (sky130_fd_sc_hd__dlygate4sd3_1)
                                                         net267 (net)
                      0.054959    0.000198    2.108419 v _3089_/D (sky130_fd_sc_hd__dfrtp_2)
                                              2.108419   data arrival time

                                  0.000000    0.000000   clock clk (rise edge)
                                  0.000000    0.000000   clock source latency
     1    0.027657    0.129514    0.090739    0.090739 ^ clk (in)
                                                         clk (net)
                      0.129618    0.000000    0.090739 ^ clkbuf_0_clk/A (sky130_fd_sc_hd__clkbuf_16)
    16    0.122912    0.136331    0.228671    0.319410 ^ clkbuf_0_clk/X (sky130_fd_sc_hd__clkbuf_16)
                                                         clknet_0_clk (net)
                      0.136872    0.006922    0.326332 ^ clkbuf_4_4_0_clk/A (sky130_fd_sc_hd__clkbuf_8)
    11    0.059675    0.113746    0.211995    0.538327 ^ clkbuf_4_4_0_clk/X (sky130_fd_sc_hd__clkbuf_8)
                                                         clknet_4_4_0_clk (net)
                      0.113823    0.002733    0.541060 ^ _3089_/CLK (sky130_fd_sc_hd__dfrtp_2)
                                  0.500000    1.041059   clock uncertainty
                                  0.000000    1.041059   clock reconvergence pessimism
                                 -0.030465    1.010594   library hold time
                                              1.010594   data required time
---------------------------------------------------------------------------------------------
                                              1.010594   data required time
                                             -2.108419   data arrival time
---------------------------------------------------------------------------------------------
                                              1.097825   slack (MET)


Startpoint: _2990_ (rising edge-triggered flip-flop clocked by clk)
Endpoint: _2990_ (rising edge-triggered flip-flop clocked by clk)
Path Group: clk
Path Type: min

Fanout         Cap        Slew       Delay        Time   Description
---------------------------------------------------------------------------------------------
                                  0.000000    0.000000   clock clk (rise edge)
                                  0.000000    0.000000   clock source latency
     1    0.027657    0.129514    0.090739    0.090739 ^ clk (in)
                                                         clk (net)
                      0.129618    0.000000    0.090739 ^ clkbuf_0_clk/A (sky130_fd_sc_hd__clkbuf_16)
    16    0.122912    0.136331    0.228671    0.319410 ^ clkbuf_0_clk/X (sky130_fd_sc_hd__clkbuf_16)
                                                         clknet_0_clk (net)
                      0.137091    0.008157    0.327568 ^ clkbuf_4_10_0_clk/A (sky130_fd_sc_hd__clkbuf_8)
    10    0.054057    0.104280    0.205777    0.533344 ^ clkbuf_4_10_0_clk/X (sky130_fd_sc_hd__clkbuf_8)
                                                         clknet_4_10_0_clk (net)
                      0.104328    0.002109    0.535453 ^ _2990_/CLK (sky130_fd_sc_hd__dfrtp_1)
     2    0.006104    0.070374    0.359363    0.894816 ^ _2990_/Q (sky130_fd_sc_hd__dfrtp_1)
                                                         my_divider.divisor_reg[1] (net)
                      0.070374    0.000248    0.895065 ^ hold74/A (sky130_fd_sc_hd__dlygate4sd3_1)
     2    0.005707    0.078248    0.565751    1.460816 ^ hold74/X (sky130_fd_sc_hd__dlygate4sd3_1)
                                                         net79 (net)
                      0.078248    0.000180    1.460997 ^ _2784_/A0 (sky130_fd_sc_hd__mux2_1)
     1    0.001878    0.034545    0.118457    1.579454 ^ _2784_/X (sky130_fd_sc_hd__mux2_1)
                                                         _0249_ (net)
                      0.034545    0.000087    1.579541 ^ hold75/A (sky130_fd_sc_hd__dlygate4sd3_1)
     1    0.002697    0.051993    0.530427    2.109968 ^ hold75/X (sky130_fd_sc_hd__dlygate4sd3_1)
                                                         net80 (net)
                      0.051993    0.000181    2.110149 ^ _2990_/D (sky130_fd_sc_hd__dfrtp_1)
                                              2.110149   data arrival time

                                  0.000000    0.000000   clock clk (rise edge)
                                  0.000000    0.000000   clock source latency
     1    0.027657    0.129514    0.090739    0.090739 ^ clk (in)
                                                         clk (net)
                      0.129618    0.000000    0.090739 ^ clkbuf_0_clk/A (sky130_fd_sc_hd__clkbuf_16)
    16    0.122912    0.136331    0.228671    0.319410 ^ clkbuf_0_clk/X (sky130_fd_sc_hd__clkbuf_16)
                                                         clknet_0_clk (net)
                      0.137091    0.008157    0.327568 ^ clkbuf_4_10_0_clk/A (sky130_fd_sc_hd__clkbuf_8)
    10    0.054057    0.104280    0.205777    0.533344 ^ clkbuf_4_10_0_clk/X (sky130_fd_sc_hd__clkbuf_8)
                                                         clknet_4_10_0_clk (net)
                      0.104328    0.002109    0.535453 ^ _2990_/CLK (sky130_fd_sc_hd__dfrtp_1)
                                  0.500000    1.035453   clock uncertainty
                                  0.000000    1.035453   clock reconvergence pessimism
                                 -0.028113    1.007341   library hold time
                                              1.007341   data required time
---------------------------------------------------------------------------------------------
                                              1.007341   data required time
                                             -2.110149   data arrival time
---------------------------------------------------------------------------------------------
                                              1.102808   slack (MET)


Startpoint: _3106_ (rising edge-triggered flip-flop clocked by clk)
Endpoint: _2996_ (rising edge-triggered flip-flop clocked by clk)
Path Group: clk
Path Type: min

Fanout         Cap        Slew       Delay        Time   Description
---------------------------------------------------------------------------------------------
                                  0.000000    0.000000   clock clk (rise edge)
                                  0.000000    0.000000   clock source latency
     1    0.027657    0.129514    0.090739    0.090739 ^ clk (in)
                                                         clk (net)
                      0.129618    0.000000    0.090739 ^ clkbuf_0_clk/A (sky130_fd_sc_hd__clkbuf_16)
    16    0.122912    0.136331    0.228671    0.319410 ^ clkbuf_0_clk/X (sky130_fd_sc_hd__clkbuf_16)
                                                         clknet_0_clk (net)
                      0.136872    0.006922    0.326332 ^ clkbuf_4_4_0_clk/A (sky130_fd_sc_hd__clkbuf_8)
    11    0.059675    0.113746    0.211995    0.538327 ^ clkbuf_4_4_0_clk/X (sky130_fd_sc_hd__clkbuf_8)
                                                         clknet_4_4_0_clk (net)
                      0.113941    0.003340    0.541667 ^ _3106_/CLK (sky130_fd_sc_hd__dfrtp_4)
     8    0.049869    0.166726    0.522598    1.064265 ^ _3106_/Q (sky130_fd_sc_hd__dfrtp_4)
                                                         my_mul.x2[11] (net)
                      0.166801    0.003480    1.067745 ^ _1948_/B (sky130_fd_sc_hd__or2_1)
     2    0.009196    0.095407    0.163657    1.231402 ^ _1948_/X (sky130_fd_sc_hd__or2_1)
                                                         _1492_ (net)
                      0.095409    0.000606    1.232008 ^ _2300_/C (sky130_fd_sc_hd__or4_4)
    10    0.058501    0.174197    0.236750    1.468758 ^ _2300_/X (sky130_fd_sc_hd__or4_4)
                                                         _0623_ (net)
                      0.174343    0.004162    1.472920 ^ _2777_/A1 (sky130_fd_sc_hd__mux2_1)
     1    0.001901    0.034712    0.149000    1.621919 ^ _2777_/X (sky130_fd_sc_hd__mux2_1)
                                                         _0255_ (net)
                      0.034712    0.000087    1.622006 ^ hold97/A (sky130_fd_sc_hd__dlygate4sd3_1)
     1    0.002398    0.049478    0.527668    2.149675 ^ hold97/X (sky130_fd_sc_hd__dlygate4sd3_1)
                                                         net102 (net)
                      0.049478    0.000173    2.149848 ^ _2996_/D (sky130_fd_sc_hd__dfrtp_1)
                                              2.149848   data arrival time

                                  0.000000    0.000000   clock clk (rise edge)
                                  0.000000    0.000000   clock source latency
     1    0.027657    0.129514    0.090739    0.090739 ^ clk (in)
                                                         clk (net)
                      0.129618    0.000000    0.090739 ^ clkbuf_0_clk/A (sky130_fd_sc_hd__clkbuf_16)
    16    0.122912    0.136331    0.228671    0.319410 ^ clkbuf_0_clk/X (sky130_fd_sc_hd__clkbuf_16)
                                                         clknet_0_clk (net)
                      0.137207    0.008737    0.328148 ^ clkbuf_4_2_0_clk/A (sky130_fd_sc_hd__clkbuf_8)
    18    0.073380    0.135996    0.226742    0.554890 ^ clkbuf_4_2_0_clk/X (sky130_fd_sc_hd__clkbuf_8)
                                                         clknet_4_2_0_clk (net)
                      0.136479    0.006619    0.561508 ^ _2996_/CLK (sky130_fd_sc_hd__dfrtp_1)
                                  0.500000    1.061508   clock uncertainty
                                  0.000000    1.061508   clock reconvergence pessimism
                                 -0.023193    1.038316   library hold time
                                              1.038316   data required time
---------------------------------------------------------------------------------------------
                                              1.038316   data required time
                                             -2.149848   data arrival time
---------------------------------------------------------------------------------------------
                                              1.111532   slack (MET)


Startpoint: _3005_ (rising edge-triggered flip-flop clocked by clk)
Endpoint: _3007_ (rising edge-triggered flip-flop clocked by clk)
Path Group: clk
Path Type: min

Fanout         Cap        Slew       Delay        Time   Description
---------------------------------------------------------------------------------------------
                                  0.000000    0.000000   clock clk (rise edge)
                                  0.000000    0.000000   clock source latency
     1    0.027657    0.129514    0.090739    0.090739 ^ clk (in)
                                                         clk (net)
                      0.129618    0.000000    0.090739 ^ clkbuf_0_clk/A (sky130_fd_sc_hd__clkbuf_16)
    16    0.122912    0.136331    0.228671    0.319410 ^ clkbuf_0_clk/X (sky130_fd_sc_hd__clkbuf_16)
                                                         clknet_0_clk (net)
                      0.137207    0.008737    0.328148 ^ clkbuf_4_2_0_clk/A (sky130_fd_sc_hd__clkbuf_8)
    18    0.073380    0.135996    0.226742    0.554890 ^ clkbuf_4_2_0_clk/X (sky130_fd_sc_hd__clkbuf_8)
                                                         clknet_4_2_0_clk (net)
                      0.136672    0.007783    0.562673 ^ _3005_/CLK (sky130_fd_sc_hd__dfrtp_1)
     4    0.011569    0.113170    0.405589    0.968262 ^ _3005_/Q (sky130_fd_sc_hd__dfrtp_1)
                                                         my_divider.remainder_reg[4] (net)
                      0.113172    0.000715    0.968977 ^ _2704_/B (sky130_fd_sc_hd__and2b_1)
     3    0.010460    0.104089    0.180729    1.149706 ^ _2704_/X (sky130_fd_sc_hd__and2b_1)
                                                         _0980_ (net)
                      0.104089    0.000483    1.150189 ^ _2737_/B (sky130_fd_sc_hd__nor3_1)
     1    0.002732    0.035936    0.060387    1.210576 v _2737_/Y (sky130_fd_sc_hd__nor3_1)
                                                         _1010_ (net)
                      0.035937    0.000188    1.210764 v _2738_/B (sky130_fd_sc_hd__nor2_1)
     1    0.002611    0.072783    0.075830    1.286593 ^ _2738_/Y (sky130_fd_sc_hd__nor2_1)
                                                         _1011_ (net)
                      0.072783    0.000121    1.286715 ^ _2739_/A1 (sky130_fd_sc_hd__mux2_1)
     1    0.003387    0.045757    0.131250    1.417965 ^ _2739_/X (sky130_fd_sc_hd__mux2_1)
                                                         _1012_ (net)
                      0.045757    0.000229    1.418194 ^ _2740_/B1 (sky130_fd_sc_hd__a22o_1)
     1    0.003477    0.049572    0.116516    1.534710 ^ _2740_/X (sky130_fd_sc_hd__a22o_1)
                                                         _1013_ (net)
                      0.049572    0.000236    1.534946 ^ _2741_/B1 (sky130_fd_sc_hd__a21o_1)
     1    0.003037    0.036610    0.078557    1.613503 ^ _2741_/X (sky130_fd_sc_hd__a21o_1)
                                                         _0266_ (net)
                      0.036610    0.000127    1.613630 ^ hold296/A (sky130_fd_sc_hd__dlygate4sd3_1)
     1    0.003586    0.059579    0.539134    2.152764 ^ hold296/X (sky130_fd_sc_hd__dlygate4sd3_1)
                                                         net301 (net)
                      0.059579    0.000150    2.152914 ^ _3007_/D (sky130_fd_sc_hd__dfrtp_1)
                                              2.152914   data arrival time

                                  0.000000    0.000000   clock clk (rise edge)
                                  0.000000    0.000000   clock source latency
     1    0.027657    0.129514    0.090739    0.090739 ^ clk (in)
                                                         clk (net)
                      0.129618    0.000000    0.090739 ^ clkbuf_0_clk/A (sky130_fd_sc_hd__clkbuf_16)
    16    0.122912    0.136331    0.228671    0.319410 ^ clkbuf_0_clk/X (sky130_fd_sc_hd__clkbuf_16)
                                                         clknet_0_clk (net)
                      0.137207    0.008737    0.328148 ^ clkbuf_4_2_0_clk/A (sky130_fd_sc_hd__clkbuf_8)
    18    0.073380    0.135996    0.226742    0.554890 ^ clkbuf_4_2_0_clk/X (sky130_fd_sc_hd__clkbuf_8)
                                                         clknet_4_2_0_clk (net)
                      0.136670    0.007771    0.562661 ^ _3007_/CLK (sky130_fd_sc_hd__dfrtp_1)
                                  0.500000    1.062661   clock uncertainty
                                  0.000000    1.062661   clock reconvergence pessimism
                                 -0.025260    1.037401   library hold time
                                              1.037401   data required time
---------------------------------------------------------------------------------------------
                                              1.037401   data required time
                                             -2.152914   data arrival time
---------------------------------------------------------------------------------------------
                                              1.115513   slack (MET)


Startpoint: _2994_ (rising edge-triggered flip-flop clocked by clk)
Endpoint: _2994_ (rising edge-triggered flip-flop clocked by clk)
Path Group: clk
Path Type: min

Fanout         Cap        Slew       Delay        Time   Description
---------------------------------------------------------------------------------------------
                                  0.000000    0.000000   clock clk (rise edge)
                                  0.000000    0.000000   clock source latency
     1    0.027657    0.129514    0.090739    0.090739 ^ clk (in)
                                                         clk (net)
                      0.129618    0.000000    0.090739 ^ clkbuf_0_clk/A (sky130_fd_sc_hd__clkbuf_16)
    16    0.122912    0.136331    0.228671    0.319410 ^ clkbuf_0_clk/X (sky130_fd_sc_hd__clkbuf_16)
                                                         clknet_0_clk (net)
                      0.137207    0.008737    0.328148 ^ clkbuf_4_2_0_clk/A (sky130_fd_sc_hd__clkbuf_8)
    18    0.073380    0.135996    0.226742    0.554890 ^ clkbuf_4_2_0_clk/X (sky130_fd_sc_hd__clkbuf_8)
                                                         clknet_4_2_0_clk (net)
                      0.136613    0.007450    0.562340 ^ _2994_/CLK (sky130_fd_sc_hd__dfrtp_1)
     3    0.009936    0.099819    0.395756    0.958096 ^ _2994_/Q (sky130_fd_sc_hd__dfrtp_1)
                                                         my_divider.divisor_reg[5] (net)
                      0.099819    0.000472    0.958568 ^ hold131/A (sky130_fd_sc_hd__dlygate4sd3_1)
     1    0.002330    0.048980    0.546499    1.505068 ^ hold131/X (sky130_fd_sc_hd__dlygate4sd3_1)
                                                         net136 (net)
                      0.048980    0.000167    1.505234 ^ _2780_/A0 (sky130_fd_sc_hd__mux2_1)
     1    0.003187    0.044231    0.118811    1.624046 ^ _2780_/X (sky130_fd_sc_hd__mux2_1)
                                                         _0253_ (net)
                      0.044231    0.000224    1.624269 ^ hold132/A (sky130_fd_sc_hd__dlygate4sd3_1)
     1    0.002479    0.050164    0.531532    2.155802 ^ hold132/X (sky130_fd_sc_hd__dlygate4sd3_1)
                                                         net137 (net)
                      0.050164    0.000172    2.155973 ^ _2994_/D (sky130_fd_sc_hd__dfrtp_1)
                                              2.155973   data arrival time

                                  0.000000    0.000000   clock clk (rise edge)
                                  0.000000    0.000000   clock source latency
     1    0.027657    0.129514    0.090739    0.090739 ^ clk (in)
                                                         clk (net)
                      0.129618    0.000000    0.090739 ^ clkbuf_0_clk/A (sky130_fd_sc_hd__clkbuf_16)
    16    0.122912    0.136331    0.228671    0.319410 ^ clkbuf_0_clk/X (sky130_fd_sc_hd__clkbuf_16)
                                                         clknet_0_clk (net)
                      0.137207    0.008737    0.328148 ^ clkbuf_4_2_0_clk/A (sky130_fd_sc_hd__clkbuf_8)
    18    0.073380    0.135996    0.226742    0.554890 ^ clkbuf_4_2_0_clk/X (sky130_fd_sc_hd__clkbuf_8)
                                                         clknet_4_2_0_clk (net)
                      0.136613    0.007450    0.562340 ^ _2994_/CLK (sky130_fd_sc_hd__dfrtp_1)
                                  0.500000    1.062340   clock uncertainty
                                  0.000000    1.062340   clock reconvergence pessimism
                                 -0.023316    1.039024   library hold time
                                              1.039024   data required time
---------------------------------------------------------------------------------------------
                                              1.039024   data required time
                                             -2.155973   data arrival time
---------------------------------------------------------------------------------------------
                                              1.116950   slack (MET)


Startpoint: _2993_ (rising edge-triggered flip-flop clocked by clk)
Endpoint: _2993_ (rising edge-triggered flip-flop clocked by clk)
Path Group: clk
Path Type: min

Fanout         Cap        Slew       Delay        Time   Description
---------------------------------------------------------------------------------------------
                                  0.000000    0.000000   clock clk (rise edge)
                                  0.000000    0.000000   clock source latency
     1    0.027657    0.129514    0.090739    0.090739 ^ clk (in)
                                                         clk (net)
                      0.129618    0.000000    0.090739 ^ clkbuf_0_clk/A (sky130_fd_sc_hd__clkbuf_16)
    16    0.122912    0.136331    0.228671    0.319410 ^ clkbuf_0_clk/X (sky130_fd_sc_hd__clkbuf_16)
                                                         clknet_0_clk (net)
                      0.136994    0.007632    0.327042 ^ clkbuf_4_8_0_clk/A (sky130_fd_sc_hd__clkbuf_8)
     9    0.053590    0.104030    0.204712    0.531754 ^ clkbuf_4_8_0_clk/X (sky130_fd_sc_hd__clkbuf_8)
                                                         clknet_4_8_0_clk (net)
                      0.104240    0.003334    0.535088 ^ _2993_/CLK (sky130_fd_sc_hd__dfrtp_1)
     3    0.011240    0.110453    0.392588    0.927675 ^ _2993_/Q (sky130_fd_sc_hd__dfrtp_1)
                                                         my_divider.divisor_reg[4] (net)
                      0.110453    0.000390    0.928066 ^ hold88/A (sky130_fd_sc_hd__dlygate4sd3_1)
     1    0.002972    0.054390    0.555574    1.483640 ^ hold88/X (sky130_fd_sc_hd__dlygate4sd3_1)
                                                         net93 (net)
                      0.054390    0.000179    1.483819 ^ _2781_/A0 (sky130_fd_sc_hd__mux2_1)
     1    0.002394    0.038237    0.114356    1.598175 ^ _2781_/X (sky130_fd_sc_hd__mux2_1)
                                                         _0252_ (net)
                      0.038237    0.000154    1.598330 ^ hold89/A (sky130_fd_sc_hd__dlygate4sd3_1)
     1    0.002290    0.048691    0.527824    2.126153 ^ hold89/X (sky130_fd_sc_hd__dlygate4sd3_1)
                                                         net94 (net)
                      0.048691    0.000106    2.126260 ^ _2993_/D (sky130_fd_sc_hd__dfrtp_1)
                                              2.126260   data arrival time

                                  0.000000    0.000000   clock clk (rise edge)
                                  0.000000    0.000000   clock source latency
     1    0.027657    0.129514    0.090739    0.090739 ^ clk (in)
                                                         clk (net)
                      0.129618    0.000000    0.090739 ^ clkbuf_0_clk/A (sky130_fd_sc_hd__clkbuf_16)
    16    0.122912    0.136331    0.228671    0.319410 ^ clkbuf_0_clk/X (sky130_fd_sc_hd__clkbuf_16)
                                                         clknet_0_clk (net)
                      0.136994    0.007632    0.327042 ^ clkbuf_4_8_0_clk/A (sky130_fd_sc_hd__clkbuf_8)
     9    0.053590    0.104030    0.204712    0.531754 ^ clkbuf_4_8_0_clk/X (sky130_fd_sc_hd__clkbuf_8)
                                                         clknet_4_8_0_clk (net)
                      0.104240    0.003334    0.535088 ^ _2993_/CLK (sky130_fd_sc_hd__dfrtp_1)
                                  0.500000    1.035088   clock uncertainty
                                  0.000000    1.035088   clock reconvergence pessimism
                                 -0.027438    1.007650   library hold time
                                              1.007650   data required time
---------------------------------------------------------------------------------------------
                                              1.007650   data required time
                                             -2.126260   data arrival time
---------------------------------------------------------------------------------------------
                                              1.118609   slack (MET)


Startpoint: _3079_ (rising edge-triggered flip-flop clocked by clk)
Endpoint: _3001_ (rising edge-triggered flip-flop clocked by clk)
Path Group: clk
Path Type: min

Fanout         Cap        Slew       Delay        Time   Description
---------------------------------------------------------------------------------------------
                                  0.000000    0.000000   clock clk (rise edge)
                                  0.000000    0.000000   clock source latency
     1    0.027657    0.129514    0.090739    0.090739 ^ clk (in)
                                                         clk (net)
                      0.129618    0.000000    0.090739 ^ clkbuf_0_clk/A (sky130_fd_sc_hd__clkbuf_16)
    16    0.122912    0.136331    0.228671    0.319410 ^ clkbuf_0_clk/X (sky130_fd_sc_hd__clkbuf_16)
                                                         clknet_0_clk (net)
                      0.136766    0.006233    0.325643 ^ clkbuf_4_6_0_clk/A (sky130_fd_sc_hd__clkbuf_8)
    12    0.059333    0.113222    0.211382    0.537026 ^ clkbuf_4_6_0_clk/X (sky130_fd_sc_hd__clkbuf_8)
                                                         clknet_4_6_0_clk (net)
                      0.113458    0.003742    0.540767 ^ _3079_/CLK (sky130_fd_sc_hd__dfrtp_4)
    17    0.077677    0.233883    0.573945    1.114712 ^ _3079_/Q (sky130_fd_sc_hd__dfrtp_4)
                                                         acc_reg[0] (net)
                      0.234266    0.007808    1.122521 ^ _2360_/A (sky130_fd_sc_hd__and2_1)
     3    0.024372    0.241925    0.306112    1.428632 ^ _2360_/X (sky130_fd_sc_hd__and2_1)
                                                         _0676_ (net)
                      0.242040    0.002549    1.431181 ^ _2766_/A1 (sky130_fd_sc_hd__a22o_1)
     1    0.001970    0.037865    0.173330    1.604511 ^ _2766_/X (sky130_fd_sc_hd__a22o_1)
                                                         _0260_ (net)
                      0.037874    0.000090    1.604602 ^ hold210/A (sky130_fd_sc_hd__dlygate4sd3_1)
     1    0.002825    0.053085    0.532708    2.137310 ^ hold210/X (sky130_fd_sc_hd__dlygate4sd3_1)
                                                         net215 (net)
                      0.053085    0.000197    2.137507 ^ _3001_/D (sky130_fd_sc_hd__dfrtp_1)
                                              2.137507   data arrival time

                                  0.000000    0.000000   clock clk (rise edge)
                                  0.000000    0.000000   clock source latency
     1    0.027657    0.129514    0.090739    0.090739 ^ clk (in)
                                                         clk (net)
                      0.129618    0.000000    0.090739 ^ clkbuf_0_clk/A (sky130_fd_sc_hd__clkbuf_16)
    16    0.122912    0.136331    0.228671    0.319410 ^ clkbuf_0_clk/X (sky130_fd_sc_hd__clkbuf_16)
                                                         clknet_0_clk (net)
                      0.136994    0.007632    0.327042 ^ clkbuf_4_8_0_clk/A (sky130_fd_sc_hd__clkbuf_8)
     9    0.053590    0.104030    0.204712    0.531754 ^ clkbuf_4_8_0_clk/X (sky130_fd_sc_hd__clkbuf_8)
                                                         clknet_4_8_0_clk (net)
                      0.104239    0.003320    0.535074 ^ _3001_/CLK (sky130_fd_sc_hd__dfrtp_1)
                                  0.500000    1.035074   clock uncertainty
                                  0.000000    1.035074   clock reconvergence pessimism
                                 -0.028352    1.006722   library hold time
                                              1.006722   data required time
---------------------------------------------------------------------------------------------
                                              1.006722   data required time
                                             -2.137507   data arrival time
---------------------------------------------------------------------------------------------
                                              1.130785   slack (MET)


Startpoint: _3013_ (rising edge-triggered flip-flop clocked by clk)
Endpoint: _3013_ (rising edge-triggered flip-flop clocked by clk)
Path Group: clk
Path Type: min

Fanout         Cap        Slew       Delay        Time   Description
---------------------------------------------------------------------------------------------
                                  0.000000    0.000000   clock clk (rise edge)
                                  0.000000    0.000000   clock source latency
     1    0.027657    0.129514    0.090739    0.090739 ^ clk (in)
                                                         clk (net)
                      0.129618    0.000000    0.090739 ^ clkbuf_0_clk/A (sky130_fd_sc_hd__clkbuf_16)
    16    0.122912    0.136331    0.228671    0.319410 ^ clkbuf_0_clk/X (sky130_fd_sc_hd__clkbuf_16)
                                                         clknet_0_clk (net)
                      0.137109    0.008249    0.327659 ^ clkbuf_4_3_0_clk/A (sky130_fd_sc_hd__clkbuf_8)
    11    0.060066    0.113828    0.212789    0.540448 ^ clkbuf_4_3_0_clk/X (sky130_fd_sc_hd__clkbuf_8)
                                                         clknet_4_3_0_clk (net)
                      0.113884    0.002360    0.542808 ^ _3013_/CLK (sky130_fd_sc_hd__dfrtp_1)
     1    0.002353    0.041811    0.335899    0.878707 ^ _3013_/Q (sky130_fd_sc_hd__dfrtp_1)
                                                         div_quotient[3] (net)
                      0.041811    0.000163    0.878870 ^ hold84/A (sky130_fd_sc_hd__dlygate4sd3_1)
     3    0.009873    0.114679    0.588141    1.467010 ^ hold84/X (sky130_fd_sc_hd__dlygate4sd3_1)
                                                         net89 (net)
                      0.114680    0.000539    1.467550 ^ _2696_/B2 (sky130_fd_sc_hd__a22o_1)
     1    0.004344    0.057226    0.146400    1.613949 ^ _2696_/X (sky130_fd_sc_hd__a22o_1)
                                                         _0272_ (net)
                      0.057227    0.000311    1.614260 ^ hold111/A (sky130_fd_sc_hd__dlygate4sd3_1)
     1    0.002371    0.049298    0.534606    2.148866 ^ hold111/X (sky130_fd_sc_hd__dlygate4sd3_1)
                                                         net116 (net)
                      0.049298    0.000112    2.148978 ^ _3013_/D (sky130_fd_sc_hd__dfrtp_1)
                                              2.148978   data arrival time

                                  0.000000    0.000000   clock clk (rise edge)
                                  0.000000    0.000000   clock source latency
     1    0.027657    0.129514    0.090739    0.090739 ^ clk (in)
                                                         clk (net)
                      0.129618    0.000000    0.090739 ^ clkbuf_0_clk/A (sky130_fd_sc_hd__clkbuf_16)
    16    0.122912    0.136331    0.228671    0.319410 ^ clkbuf_0_clk/X (sky130_fd_sc_hd__clkbuf_16)
                                                         clknet_0_clk (net)
                      0.137109    0.008249    0.327659 ^ clkbuf_4_3_0_clk/A (sky130_fd_sc_hd__clkbuf_8)
    11    0.060066    0.113828    0.212789    0.540448 ^ clkbuf_4_3_0_clk/X (sky130_fd_sc_hd__clkbuf_8)
                                                         clknet_4_3_0_clk (net)
                      0.113884    0.002360    0.542808 ^ _3013_/CLK (sky130_fd_sc_hd__dfrtp_1)
                                  0.500000    1.042808   clock uncertainty
                                  0.000000    1.042808   clock reconvergence pessimism
                                 -0.026245    1.016563   library hold time
                                              1.016563   data required time
---------------------------------------------------------------------------------------------
                                              1.016563   data required time
                                             -2.148978   data arrival time
---------------------------------------------------------------------------------------------
                                              1.132415   slack (MET)


Startpoint: _3008_ (rising edge-triggered flip-flop clocked by clk)
Endpoint: _3010_ (rising edge-triggered flip-flop clocked by clk)
Path Group: clk
Path Type: min

Fanout         Cap        Slew       Delay        Time   Description
---------------------------------------------------------------------------------------------
                                  0.000000    0.000000   clock clk (rise edge)
                                  0.000000    0.000000   clock source latency
     1    0.027657    0.129514    0.090739    0.090739 ^ clk (in)
                                                         clk (net)
                      0.129618    0.000000    0.090739 ^ clkbuf_0_clk/A (sky130_fd_sc_hd__clkbuf_16)
    16    0.122912    0.136331    0.228671    0.319410 ^ clkbuf_0_clk/X (sky130_fd_sc_hd__clkbuf_16)
                                                         clknet_0_clk (net)
                      0.137207    0.008737    0.328148 ^ clkbuf_4_2_0_clk/A (sky130_fd_sc_hd__clkbuf_8)
    18    0.073380    0.135996    0.226742    0.554890 ^ clkbuf_4_2_0_clk/X (sky130_fd_sc_hd__clkbuf_8)
                                                         clknet_4_2_0_clk (net)
                      0.136441    0.006363    0.561253 ^ _3008_/CLK (sky130_fd_sc_hd__dfrtp_1)
     4    0.010734    0.106330    0.400530    0.961783 ^ _3008_/Q (sky130_fd_sc_hd__dfrtp_1)
                                                         my_divider.remainder_reg[7] (net)
                      0.106331    0.000582    0.962365 ^ _2699_/B (sky130_fd_sc_hd__and2b_1)
     2    0.005926    0.066652    0.149918    1.112284 ^ _2699_/X (sky130_fd_sc_hd__and2b_1)
                                                         _0975_ (net)
                      0.066653    0.000375    1.112659 ^ _2725_/B1 (sky130_fd_sc_hd__a21o_1)
     1    0.017089    0.152215    0.165607    1.278266 ^ _2725_/X (sky130_fd_sc_hd__a21o_1)
                                                         _1001_ (net)
                      0.152233    0.001351    1.279617 ^ _2726_/B (sky130_fd_sc_hd__xor2_4)
    12    0.049411    0.087172    0.160956    1.440573 v _2726_/X (sky130_fd_sc_hd__xor2_4)
                                                         _1002_ (net)
                      0.087238    0.002327    1.442900 v _2727_/B1 (sky130_fd_sc_hd__a22o_1)
     1    0.003046    0.039802    0.190438    1.633338 v _2727_/X (sky130_fd_sc_hd__a22o_1)
                                                         _0269_ (net)
                      0.039802    0.000183    1.633521 v hold192/A (sky130_fd_sc_hd__dlygate4sd3_1)
     1    0.002172    0.049804    0.540416    2.173937 v hold192/X (sky130_fd_sc_hd__dlygate4sd3_1)
                                                         net197 (net)
                      0.049804    0.000157    2.174094 v _3010_/D (sky130_fd_sc_hd__dfrtp_1)
                                              2.174094   data arrival time

                                  0.000000    0.000000   clock clk (rise edge)
                                  0.000000    0.000000   clock source latency
     1    0.027657    0.129514    0.090739    0.090739 ^ clk (in)
                                                         clk (net)
                      0.129618    0.000000    0.090739 ^ clkbuf_0_clk/A (sky130_fd_sc_hd__clkbuf_16)
    16    0.122912    0.136331    0.228671    0.319410 ^ clkbuf_0_clk/X (sky130_fd_sc_hd__clkbuf_16)
                                                         clknet_0_clk (net)
                      0.137207    0.008737    0.328148 ^ clkbuf_4_2_0_clk/A (sky130_fd_sc_hd__clkbuf_8)
    18    0.073380    0.135996    0.226742    0.554890 ^ clkbuf_4_2_0_clk/X (sky130_fd_sc_hd__clkbuf_8)
                                                         clknet_4_2_0_clk (net)
                      0.136644    0.007625    0.562515 ^ _3010_/CLK (sky130_fd_sc_hd__dfrtp_1)
                                  0.500000    1.062515   clock uncertainty
                                  0.000000    1.062515   clock reconvergence pessimism
                                 -0.026824    1.035690   library hold time
                                              1.035690   data required time
---------------------------------------------------------------------------------------------
                                              1.035690   data required time
                                             -2.174094   data arrival time
---------------------------------------------------------------------------------------------
                                              1.138404   slack (MET)


Startpoint: _3155_ (rising edge-triggered flip-flop clocked by clk)
Endpoint: _3154_ (rising edge-triggered flip-flop clocked by clk)
Path Group: clk
Path Type: min

Fanout         Cap        Slew       Delay        Time   Description
---------------------------------------------------------------------------------------------
                                  0.000000    0.000000   clock clk (rise edge)
                                  0.000000    0.000000   clock source latency
     1    0.027657    0.129514    0.090739    0.090739 ^ clk (in)
                                                         clk (net)
                      0.129618    0.000000    0.090739 ^ clkbuf_0_clk/A (sky130_fd_sc_hd__clkbuf_16)
    16    0.122912    0.136331    0.228671    0.319410 ^ clkbuf_0_clk/X (sky130_fd_sc_hd__clkbuf_16)
                                                         clknet_0_clk (net)
                      0.137286    0.009113    0.328524 ^ clkbuf_4_0_0_clk/A (sky130_fd_sc_hd__clkbuf_8)
    24    0.077983    0.141740    0.232054    0.560578 ^ clkbuf_4_0_0_clk/X (sky130_fd_sc_hd__clkbuf_8)
                                                         clknet_4_0_0_clk (net)
                      0.142730    0.009502    0.570080 ^ _3155_/CLK (sky130_fd_sc_hd__dfrtp_1)
     4    0.013002    0.124885    0.416221    0.986301 ^ _3155_/Q (sky130_fd_sc_hd__dfrtp_1)
                                                         state[3] (net)
                      0.124885    0.000386    0.986686 ^ hold222/A (sky130_fd_sc_hd__dlygate4sd3_1)
     1    0.002744    0.052426    0.557414    1.544101 ^ hold222/X (sky130_fd_sc_hd__dlygate4sd3_1)
                                                         net227 (net)
                      0.052426    0.000168    1.544269 ^ _2786_/A (sky130_fd_sc_hd__and3_1)
     1    0.003073    0.051669    0.138203    1.682471 ^ _2786_/X (sky130_fd_sc_hd__and3_1)
                                                         _0005_ (net)
                      0.051669    0.000125    1.682597 ^ hold223/A (sky130_fd_sc_hd__dlygate4sd3_1)
     1    0.002270    0.048541    0.531977    2.214573 ^ hold223/X (sky130_fd_sc_hd__dlygate4sd3_1)
                                                         net228 (net)
                      0.048541    0.000163    2.214737 ^ _3154_/D (sky130_fd_sc_hd__dfrtp_1)
                                              2.214737   data arrival time

                                  0.000000    0.000000   clock clk (rise edge)
                                  0.000000    0.000000   clock source latency
     1    0.027657    0.129514    0.090739    0.090739 ^ clk (in)
                                                         clk (net)
                      0.129618    0.000000    0.090739 ^ clkbuf_0_clk/A (sky130_fd_sc_hd__clkbuf_16)
    16    0.122912    0.136331    0.228671    0.319410 ^ clkbuf_0_clk/X (sky130_fd_sc_hd__clkbuf_16)
                                                         clknet_0_clk (net)
                      0.137286    0.009113    0.328524 ^ clkbuf_4_0_0_clk/A (sky130_fd_sc_hd__clkbuf_8)
    24    0.077983    0.141740    0.232054    0.560578 ^ clkbuf_4_0_0_clk/X (sky130_fd_sc_hd__clkbuf_8)
                                                         clknet_4_0_0_clk (net)
                      0.142141    0.006143    0.566720 ^ _3154_/CLK (sky130_fd_sc_hd__dfrtp_1)
                                  0.500000    1.066720   clock uncertainty
                                  0.000000    1.066720   clock reconvergence pessimism
                                 -0.022224    1.044497   library hold time
                                              1.044497   data required time
---------------------------------------------------------------------------------------------
                                              1.044497   data required time
                                             -2.214737   data arrival time
---------------------------------------------------------------------------------------------
                                              1.170240   slack (MET)


Startpoint: _3117_ (rising edge-triggered flip-flop clocked by clk)
Endpoint: _3150_ (rising edge-triggered flip-flop clocked by clk)
Path Group: clk
Path Type: min

Fanout         Cap        Slew       Delay        Time   Description
---------------------------------------------------------------------------------------------
                                  0.000000    0.000000   clock clk (rise edge)
                                  0.000000    0.000000   clock source latency
     1    0.027657    0.129514    0.090739    0.090739 ^ clk (in)
                                                         clk (net)
                      0.129618    0.000000    0.090739 ^ clkbuf_0_clk/A (sky130_fd_sc_hd__clkbuf_16)
    16    0.122912    0.136331    0.228671    0.319410 ^ clkbuf_0_clk/X (sky130_fd_sc_hd__clkbuf_16)
                                                         clknet_0_clk (net)
                      0.137286    0.009113    0.328524 ^ clkbuf_4_0_0_clk/A (sky130_fd_sc_hd__clkbuf_8)
    24    0.077983    0.141740    0.232054    0.560578 ^ clkbuf_4_0_0_clk/X (sky130_fd_sc_hd__clkbuf_8)
                                                         clknet_4_0_0_clk (net)
                      0.142039    0.005330    0.565908 ^ _3117_/CLK (sky130_fd_sc_hd__dfrtp_1)
     1    0.002118    0.039771    0.343208    0.909116 ^ _3117_/Q (sky130_fd_sc_hd__dfrtp_1)
                                                         shift_in[6] (net)
                      0.039771    0.000144    0.909260 ^ hold234/A (sky130_fd_sc_hd__dlygate4sd3_1)
     5    0.014138    0.153957    0.616720    1.525980 ^ hold234/X (sky130_fd_sc_hd__dlygate4sd3_1)
                                                         net239 (net)
                      0.153957    0.000454    1.526435 ^ _1510_/A1 (sky130_fd_sc_hd__mux2_1)
     1    0.003178    0.044166    0.154326    1.680761 ^ _1510_/X (sky130_fd_sc_hd__mux2_1)
                                                         _0246_ (net)
                      0.044166    0.000206    1.680967 ^ hold237/A (sky130_fd_sc_hd__dlygate4sd3_1)
     1    0.003069    0.055203    0.537045    2.218012 ^ hold237/X (sky130_fd_sc_hd__dlygate4sd3_1)
                                                         net242 (net)
                      0.055203    0.000224    2.218236 ^ _3150_/D (sky130_fd_sc_hd__dfrtp_2)
                                              2.218236   data arrival time

                                  0.000000    0.000000   clock clk (rise edge)
                                  0.000000    0.000000   clock source latency
     1    0.027657    0.129514    0.090739    0.090739 ^ clk (in)
                                                         clk (net)
                      0.129618    0.000000    0.090739 ^ clkbuf_0_clk/A (sky130_fd_sc_hd__clkbuf_16)
    16    0.122912    0.136331    0.228671    0.319410 ^ clkbuf_0_clk/X (sky130_fd_sc_hd__clkbuf_16)
                                                         clknet_0_clk (net)
                      0.137286    0.009113    0.328524 ^ clkbuf_4_0_0_clk/A (sky130_fd_sc_hd__clkbuf_8)
    24    0.077983    0.141740    0.232054    0.560578 ^ clkbuf_4_0_0_clk/X (sky130_fd_sc_hd__clkbuf_8)
                                                         clknet_4_0_0_clk (net)
                      0.142051    0.005437    0.566015 ^ _3150_/CLK (sky130_fd_sc_hd__dfrtp_2)
                                  0.500000    1.066015   clock uncertainty
                                  0.000000    1.066015   clock reconvergence pessimism
                                 -0.023503    1.042511   library hold time
                                              1.042511   data required time
---------------------------------------------------------------------------------------------
                                              1.042511   data required time
                                             -2.218236   data arrival time
---------------------------------------------------------------------------------------------
                                              1.175725   slack (MET)


Startpoint: _2989_ (rising edge-triggered flip-flop clocked by clk)
Endpoint: _2989_ (rising edge-triggered flip-flop clocked by clk)
Path Group: clk
Path Type: min

Fanout         Cap        Slew       Delay        Time   Description
---------------------------------------------------------------------------------------------
                                  0.000000    0.000000   clock clk (rise edge)
                                  0.000000    0.000000   clock source latency
     1    0.027657    0.129514    0.090739    0.090739 ^ clk (in)
                                                         clk (net)
                      0.129618    0.000000    0.090739 ^ clkbuf_0_clk/A (sky130_fd_sc_hd__clkbuf_16)
    16    0.122912    0.136331    0.228671    0.319410 ^ clkbuf_0_clk/X (sky130_fd_sc_hd__clkbuf_16)
                                                         clknet_0_clk (net)
                      0.137091    0.008157    0.327568 ^ clkbuf_4_10_0_clk/A (sky130_fd_sc_hd__clkbuf_8)
    10    0.054057    0.104280    0.205777    0.533344 ^ clkbuf_4_10_0_clk/X (sky130_fd_sc_hd__clkbuf_8)
                                                         clknet_4_10_0_clk (net)
                      0.104322    0.002004    0.535349 ^ _2989_/CLK (sky130_fd_sc_hd__dfrtp_1)
     3    0.009724    0.098081    0.383438    0.918787 ^ _2989_/Q (sky130_fd_sc_hd__dfrtp_1)
                                                         my_divider.divisor_reg[0] (net)
                      0.098081    0.000278    0.919064 ^ hold224/A (sky130_fd_sc_hd__dlygate4sd3_1)
     3    0.009910    0.114990    0.604971    1.524035 ^ hold224/X (sky130_fd_sc_hd__dlygate4sd3_1)
                                                         net229 (net)
                      0.114990    0.000499    1.524534 ^ _2785_/A0 (sky130_fd_sc_hd__mux2_1)
     1    0.003314    0.045209    0.142543    1.667077 ^ _2785_/X (sky130_fd_sc_hd__mux2_1)
                                                         _0248_ (net)
                      0.045209    0.000205    1.667282 ^ hold225/A (sky130_fd_sc_hd__dlygate4sd3_1)
     1    0.002437    0.049807    0.531447    2.198729 ^ hold225/X (sky130_fd_sc_hd__dlygate4sd3_1)
                                                         net230 (net)
                      0.049807    0.000173    2.198902 ^ _2989_/D (sky130_fd_sc_hd__dfrtp_1)
                                              2.198902   data arrival time

                                  0.000000    0.000000   clock clk (rise edge)
                                  0.000000    0.000000   clock source latency
     1    0.027657    0.129514    0.090739    0.090739 ^ clk (in)
                                                         clk (net)
                      0.129618    0.000000    0.090739 ^ clkbuf_0_clk/A (sky130_fd_sc_hd__clkbuf_16)
    16    0.122912    0.136331    0.228671    0.319410 ^ clkbuf_0_clk/X (sky130_fd_sc_hd__clkbuf_16)
                                                         clknet_0_clk (net)
                      0.137091    0.008157    0.327568 ^ clkbuf_4_10_0_clk/A (sky130_fd_sc_hd__clkbuf_8)
    10    0.054057    0.104280    0.205777    0.533344 ^ clkbuf_4_10_0_clk/X (sky130_fd_sc_hd__clkbuf_8)
                                                         clknet_4_10_0_clk (net)
                      0.104322    0.002004    0.535349 ^ _2989_/CLK (sky130_fd_sc_hd__dfrtp_1)
                                  0.500000    1.035349   clock uncertainty
                                  0.000000    1.035349   clock reconvergence pessimism
                                 -0.027659    1.007690   library hold time
                                              1.007690   data required time
---------------------------------------------------------------------------------------------
                                              1.007690   data required time
                                             -2.198902   data arrival time
---------------------------------------------------------------------------------------------
                                              1.191212   slack (MET)


Startpoint: _3149_ (rising edge-triggered flip-flop clocked by clk)
Endpoint: _3149_ (rising edge-triggered flip-flop clocked by clk)
Path Group: clk
Path Type: min

Fanout         Cap        Slew       Delay        Time   Description
---------------------------------------------------------------------------------------------
                                  0.000000    0.000000   clock clk (rise edge)
                                  0.000000    0.000000   clock source latency
     1    0.027657    0.129514    0.090739    0.090739 ^ clk (in)
                                                         clk (net)
                      0.129618    0.000000    0.090739 ^ clkbuf_0_clk/A (sky130_fd_sc_hd__clkbuf_16)
    16    0.122912    0.136331    0.228671    0.319410 ^ clkbuf_0_clk/X (sky130_fd_sc_hd__clkbuf_16)
                                                         clknet_0_clk (net)
                      0.137305    0.009201    0.328612 ^ clkbuf_4_1_0_clk/A (sky130_fd_sc_hd__clkbuf_8)
    16    0.071217    0.132356    0.225099    0.553711 ^ clkbuf_4_1_0_clk/X (sky130_fd_sc_hd__clkbuf_8)
                                                         clknet_4_1_0_clk (net)
                      0.132703    0.005015    0.558726 ^ _3149_/CLK (sky130_fd_sc_hd__dfrtp_1)
     3    0.009337    0.094951    0.391005    0.949731 ^ _3149_/Q (sky130_fd_sc_hd__dfrtp_1)
                                                         op_reg[1] (net)
                      0.094951    0.000455    0.950185 ^ hold218/A (sky130_fd_sc_hd__dlygate4sd3_1)
     3    0.010321    0.118766    0.606925    1.557110 ^ hold218/X (sky130_fd_sc_hd__dlygate4sd3_1)
                                                         net223 (net)
                      0.118767    0.000591    1.557701 ^ _1511_/A0 (sky130_fd_sc_hd__mux2_1)
     1    0.002554    0.039424    0.137773    1.695474 ^ _1511_/X (sky130_fd_sc_hd__mux2_1)
                                                         _0245_ (net)
                      0.039424    0.000183    1.695657 ^ hold231/A (sky130_fd_sc_hd__dlygate4sd3_1)
     1    0.003624    0.059843    0.540325    2.235982 ^ hold231/X (sky130_fd_sc_hd__dlygate4sd3_1)
                                                         net236 (net)
                      0.060525    0.000224    2.236207 ^ _3149_/D (sky130_fd_sc_hd__dfrtp_1)
                                              2.236207   data arrival time

                                  0.000000    0.000000   clock clk (rise edge)
                                  0.000000    0.000000   clock source latency
     1    0.027657    0.129514    0.090739    0.090739 ^ clk (in)
                                                         clk (net)
                      0.129618    0.000000    0.090739 ^ clkbuf_0_clk/A (sky130_fd_sc_hd__clkbuf_16)
    16    0.122912    0.136331    0.228671    0.319410 ^ clkbuf_0_clk/X (sky130_fd_sc_hd__clkbuf_16)
                                                         clknet_0_clk (net)
                      0.137305    0.009201    0.328612 ^ clkbuf_4_1_0_clk/A (sky130_fd_sc_hd__clkbuf_8)
    16    0.071217    0.132356    0.225099    0.553711 ^ clkbuf_4_1_0_clk/X (sky130_fd_sc_hd__clkbuf_8)
                                                         clknet_4_1_0_clk (net)
                      0.132703    0.005015    0.558726 ^ _3149_/CLK (sky130_fd_sc_hd__dfrtp_1)
                                  0.500000    1.058726   clock uncertainty
                                  0.000000    1.058726   clock reconvergence pessimism
                                 -0.026000    1.032726   library hold time
                                              1.032726   data required time
---------------------------------------------------------------------------------------------
                                              1.032726   data required time
                                             -2.236207   data arrival time
---------------------------------------------------------------------------------------------
                                              1.203481   slack (MET)



